{
"type": "FeatureCollection",
"name": "CARIU",
"crs": { "type": "name", "properties": { "name": "urn:ogc:def:crs:OGC:1.3:CRS84" } },
"features": [
{ "type": "Feature", "properties": { "PROVNO": "32", "KABKOTNO": "01", "KECNO": "160", "DESANO": "011", "PROVINSI": "JAWA BARAT", "KABKOT": "BOGOR", "KECAMATAN": "CARIU", "ID2013": "3201160011", "DESA": "KARYA MEKAR", "DESA_1": "KARYA MEKAR", "ID2012": "3201160011", "IDKAB2": "3201", "IDKEC_2": "3201160", "WILAYAH": "TIMUR" }, "geometry": { "type": "MultiPolygon", "coordinates": [ [ [ [ 107.122330000129608, -6.526340000090816, 0.0 ], [ 107.122547088377615, -6.526504987015382, 0.0 ], [ 107.122579999967158, -6.526529999859445, 0.0 ], [ 107.122760000173983, -6.526750000112216, 0.0 ], [ 107.122989999988732, -6.526970000365075, 0.0 ], [ 107.123190000218528, -6.527109999626681, 0.0 ], [ 107.123520000148048, -6.527240000225678, 0.0 ], [ 107.123839999616479, -6.527260000248649, 0.0 ], [ 107.123449999617961, -6.527550000132223, 0.0 ], [ 107.12327999987231, -6.527730000339051, 0.0 ], [ 107.123170000195472, -6.528129999899459, 0.0 ], [ 107.123110000126559, -6.528900000334605, 0.0 ], [ 107.123030000034674, -6.529150000172237, 0.0 ], [ 107.122949999942705, -6.529700000354612, 0.0 ], [ 107.122929999919734, -6.53026999966059, 0.0 ], [ 107.123070000080617, -6.530790000258193, 0.0 ], [ 107.123139999711412, -6.53114999977257, 0.0 ], [ 107.123159999734384, -6.531350000002369, 0.0 ], [ 107.1232100002415, -6.531650000347113, 0.0 ], [ 107.123219999803297, -6.532190000068319, 0.0 ], [ 107.123110000126559, -6.532680000181692, 0.0 ], [ 107.123010000011703, -6.532990000088237, 0.0 ], [ 107.122749999712909, -6.533329999579642, 0.0 ], [ 107.123259999849239, -6.534039999945875, 0.0 ], [ 107.124341925639541, -6.535353767362331, 0.0 ], [ 107.124380000236968, -6.535399999710059, 0.0 ], [ 107.12342999959499, -6.535980000376576, 0.0 ], [ 107.123190000218528, -6.536139999661064, 0.0 ], [ 107.123050000057646, -6.536330000329063, 0.0 ], [ 107.122720000128041, -6.536780000396583, 0.0 ], [ 107.122129999899727, -6.537540000370559, 0.0 ], [ 107.121710000316426, -6.538060000068793, 0.0 ], [ 107.121550000132572, -6.538369999975338, 0.0 ], [ 107.12151000008663, -6.5388600000888, 0.0 ], [ 107.121571717860633, -6.539015529742755, 0.0 ], [ 107.121584421683878, -6.539047544708279, 0.0 ], [ 107.121759999924265, -6.53949000036306, 0.0 ], [ 107.122479999852303, -6.539820000292575, 0.0 ], [ 107.122539999921216, -6.539909999946349, 0.0 ], [ 107.122609999552012, -6.540110000176149, 0.0 ], [ 107.122640000036156, -6.540259999898925, 0.0 ], [ 107.12270000010507, -6.54056999980547, 0.0 ], [ 107.122771944070081, -6.54088295668295, 0.0 ], [ 107.122900000334965, -6.541440000355561, 0.0 ], [ 107.122900000334965, -6.541650142240076, 0.0 ], [ 107.122900000334965, -6.542459999729058, 0.0 ], [ 107.122829999804793, -6.54337999988698, 0.0 ], [ 107.122775119576247, -6.543975841211971, 0.0 ], [ 107.122760000173983, -6.544139999860956, 0.0 ], [ 107.122720000128041, -6.544959999903934, 0.0 ], [ 107.122672017699614, -6.545127936604835, 0.0 ], [ 107.122660000059128, -6.545169999695624, 0.0 ], [ 107.122720000128041, -6.545329999879392, 0.0 ], [ 107.122570000405346, -6.546350000152259, 0.0 ], [ 107.12237000017555, -6.547460000078811, 0.0 ], [ 107.122239999576465, -6.548610000051305, 0.0 ], [ 107.122049999807842, -6.549410000071312, 0.0 ], [ 107.121989999738844, -6.549920000207656, 0.0 ], [ 107.121929999669931, -6.550970000065295, 0.0 ], [ 107.121889999623889, -6.55195999985402, 0.0 ], [ 107.121880000062092, -6.553120000287596, 0.0 ], [ 107.122000000200003, -6.553920000307603, 0.0 ], [ 107.122180000406843, -6.554740000350581, 0.0 ], [ 107.12217341557087, -6.555306192826418, 0.0 ], [ 107.122169999945669, -6.555600000439501, 0.0 ], [ 107.122040000245946, -6.556490000113193, 0.0 ], [ 107.122008198419792, -6.556982934714508, 0.0 ], [ 107.122000000200003, -6.557109999926372, 0.0 ], [ 107.122069999830813, -6.558179999806981, 0.0 ], [ 107.122071123084027, -6.558210323147797, 0.0 ], [ 107.122100000314958, -6.558990000288158, 0.0 ], [ 107.121750000362368, -6.559389999848477, 0.0 ], [ 107.121149999672895, -6.559690000193221, 0.0 ], [ 107.120329999630002, -6.559759999824024, 0.0 ], [ 107.119700000254937, -6.559719999777993, 0.0 ], [ 107.118969999865811, -6.559599999640078, 0.0 ], [ 107.118550101006491, -6.559627384895741, 0.0 ], [ 107.118510000236498, -6.559630000124219, 0.0 ], [ 107.117850000377373, -6.559830000354019, 0.0 ], [ 107.117010000311424, -6.560049999707598, 0.0 ], [ 107.116170000245475, -6.560399999660085, 0.0 ], [ 107.115620000063103, -6.56070999956663, 0.0 ], [ 107.115499999925277, -6.560820000142744, 0.0 ], [ 107.115359999764294, -6.560849999727605, 0.0 ], [ 107.115190000018728, -6.560820000142744, 0.0 ], [ 107.114860000089124, -6.560590000328084, 0.0 ], [ 107.114380000436825, -6.560149999822542, 0.0 ], [ 107.114197762716714, -6.560022433688175, 0.0 ], [ 107.114180000207028, -6.560009999661567, 0.0 ], [ 107.114029999584972, -6.559969999615625, 0.0 ], [ 107.113870000300395, -6.559989999638596, 0.0 ], [ 107.113739999701409, -6.560069999730569, 0.0 ], [ 107.113659999609425, -6.560439999706027, 0.0 ], [ 107.113639999586454, -6.560579999866913, 0.0 ], [ 107.113580000416817, -6.560659999958887, 0.0 ], [ 107.113380000187021, -6.5607200000278, 0.0 ], [ 107.112890000073563, -6.560729999589601, 0.0 ], [ 107.112668390034358, -6.560693065332526, 0.0 ], [ 107.112649999797824, -6.560690000443028, 0.0 ], [ 107.111889999823845, -6.560370000075313, 0.0 ], [ 107.111599999940182, -6.560260000398568, 0.0 ], [ 107.111299999595445, -6.560229999914426, 0.0 ], [ 107.110859999989174, -6.560310000006311, 0.0 ], [ 107.110280000222033, -6.560619999912856, 0.0 ], [ 107.110019999923225, -6.560749999612661, 0.0 ], [ 107.108709999766873, -6.5609200002576, 0.0 ], [ 107.108470000390327, -6.560929999819489, 0.0 ], [ 107.10798999983885, -6.560769999635632, 0.0 ], [ 107.107789999608954, -6.560659999958887, 0.0 ], [ 107.107579999817261, -6.560470000190168, 0.0 ], [ 107.107379999587465, -6.560240000375508, 0.0 ], [ 107.107120000188033, -6.560020000122737, 0.0 ], [ 107.106910000396425, -6.559929999569682, 0.0 ], [ 107.106360000213968, -6.559890000423021, 0.0 ], [ 107.106090000353362, -6.55987000040005, 0.0 ], [ 107.105629999824856, -6.559690000193221, 0.0 ], [ 107.105577711442336, -6.5596716279431, 0.0 ], [ 107.105259999849309, -6.559559999594136, 0.0 ], [ 107.104559999944243, -6.559539999571165, 0.0 ], [ 107.104330000129579, -6.559520000447474, 0.0 ], [ 107.104080000291958, -6.559409999871448, 0.0 ], [ 107.10377000038541, -6.559260000148761, 0.0 ], [ 107.103530000109572, -6.559180000056788, 0.0 ], [ 107.103249999787806, -6.559169999595706, 0.0 ], [ 107.102919999858287, -6.559240000125701, 0.0 ], [ 107.102380000137089, -6.559469999940362, 0.0 ], [ 107.101480000002226, -6.559839999915908, 0.0 ], [ 107.101150000072607, -6.559929999569682, 0.0 ], [ 107.101072348110591, -6.559963278981975, 0.0 ], [ 107.100659999959149, -6.560140000260652, 0.0 ], [ 107.100379999637468, -6.560249999937398, 0.0 ], [ 107.100149999822804, -6.56028999998334, 0.0 ], [ 107.099920000008154, -6.560269999960369, 0.0 ], [ 107.099099999965176, -6.559599999640078, 0.0 ], [ 107.09891000019654, -6.55944000035559, 0.0 ], [ 107.098709999966644, -6.559369999825506, 0.0 ], [ 107.098529999759904, -6.559380000286676, 0.0 ], [ 107.098349999552994, -6.559469999940362, 0.0 ], [ 107.098170000245446, -6.55963999968602, 0.0 ], [ 107.097940000430867, -6.560180000306595, 0.0 ], [ 107.097809999831782, -6.560470000190168, 0.0 ], [ 107.097669999670899, -6.560630000374026, 0.0 ], [ 107.097310000156526, -6.560840000165715, 0.0 ], [ 107.09707465926833, -6.560941980587778, 0.0 ], [ 107.097009999811775, -6.560969999865431, 0.0 ], [ 107.096820000043152, -6.561000000349573, 0.0 ], [ 107.096710187425401, -6.560933697831697, 0.0 ], [ 107.096289999883751, -6.560679999981858, 0.0 ], [ 107.095799999770378, -6.560479999752058, 0.0 ], [ 107.095610000001656, -6.560439999706027, 0.0 ], [ 107.095440000255991, -6.560470000190168, 0.0 ], [ 107.095380000187077, -6.560490000213139, 0.0 ], [ 107.095309999656905, -6.560510000236111, 0.0 ], [ 107.094939999681372, -6.560749999612661, 0.0 ], [ 107.094769999935707, -6.560840000165715, 0.0 ], [ 107.094379999937274, -6.561080000441546, 0.0 ], [ 107.093599999940238, -6.561549999632668, 0.0 ], [ 107.093240000425865, -6.561870000000383, 0.0 ], [ 107.093172875927635, -6.561933055965632, 0.0 ], [ 107.092249999737859, -6.562799999720017, 0.0 ], [ 107.091669999970719, -6.563439999556167, 0.0 ], [ 107.09105999971942, -6.564080000291597, 0.0 ], [ 107.090359999814353, -6.564680000081715, 0.0 ], [ 107.089989999838821, -6.564929999919435, 0.0 ], [ 107.089889999723866, -6.564969999965378, 0.0 ], [ 107.089650000347405, -6.564969999965378, 0.0 ], [ 107.088879999912265, -6.565250000287151, 0.0 ], [ 107.087950000192535, -6.565549999732525, 0.0 ], [ 107.086889999873819, -6.565839999616099, 0.0 ], [ 107.085840000016177, -6.566099999914901, 0.0 ], [ 107.083990000138527, -6.566389999798474, 0.0 ], [ 107.083219999703388, -6.56650999993639, 0.0 ], [ 107.082510000236525, -6.566529999959361, 0.0 ], [ 107.081639999686345, -6.566529999959361, 0.0 ], [ 107.080720000427874, -6.566540000420531, 0.0 ], [ 107.079740000201042, -6.566529999959361, 0.0 ], [ 107.079000000250034, -6.566469999890447, 0.0 ], [ 107.079069999880758, -6.566039999845898, 0.0 ], [ 107.079129999949757, -6.565299999894894, 0.0 ], [ 107.079199999580467, -6.564840000265662, 0.0 ], [ 107.079199999580467, -6.564599999989831, 0.0 ], [ 107.078940000181035, -6.563579999717053, 0.0 ], [ 107.078800000020152, -6.563060000018819, 0.0 ], [ 107.078779999997181, -6.562320000067814, 0.0 ], [ 107.078730000389356, -6.561749999862467, 0.0 ], [ 107.078719999928268, -6.561470000439975, 0.0 ], [ 107.07867999988224, -6.560800000119773, 0.0 ], [ 107.078639999836298, -6.560450000167197, 0.0 ], [ 107.078659999859269, -6.560269999960369, 0.0 ], [ 107.078849999627977, -6.55963999968602, 0.0 ], [ 107.078929999719861, -6.559280000171732, 0.0 ], [ 107.078929999719861, -6.559070000380043, 0.0 ], [ 107.078849999627977, -6.558779999597188, 0.0 ], [ 107.078470000090547, -6.558219999852923, 0.0 ], [ 107.078369999975692, -6.558059999669066, 0.0 ], [ 107.078360000413895, -6.557949999992321, 0.0 ], [ 107.078369999975692, -6.557880000361607, 0.0 ], [ 107.078519999698386, -6.557889999923407, 0.0 ], [ 107.079040000295976, -6.557749999762521, 0.0 ], [ 107.079539999971161, -6.557530000409031, 0.0 ], [ 107.080019999623445, -6.557100000364571, 0.0 ], [ 107.080589999828788, -6.556590000228137, 0.0 ], [ 107.080799999620481, -6.556399999560227, 0.0 ], [ 107.081300000195029, -6.555890000323075, 0.0 ], [ 107.081480000401854, -6.555630000024362, 0.0 ], [ 107.081579999617432, -6.555429999794473, 0.0 ], [ 107.081550000032664, -6.554870000050297, 0.0 ], [ 107.081550000032664, -6.554809999981295, 0.0 ], [ 107.081550000032664, -6.554689999843468, 0.0 ], [ 107.081515494844353, -6.554113271809872, 0.0 ], [ 107.081480000401854, -6.553519999847914, 0.0 ], [ 107.081480000401854, -6.553339999641086, 0.0 ], [ 107.081980000077124, -6.55279000035808, 0.0 ], [ 107.082200000329891, -6.552449999967305, 0.0 ], [ 107.082800000120102, -6.55173999960116, 0.0 ], [ 107.083179999657446, -6.551340000040753, 0.0 ], [ 107.083319999818244, -6.551139999810953, 0.0 ], [ 107.083399999910213, -6.550930000019353, 0.0 ], [ 107.083399999910213, -6.550589999628667, 0.0 ], [ 107.083399999910213, -6.550450000367061, 0.0 ], [ 107.083549999632993, -6.55023000011429, 0.0 ], [ 107.083809999931702, -6.550020000322601, 0.0 ], [ 107.083950000092585, -6.549920000207656, 0.0 ], [ 107.084039999746366, -6.549730000439027, 0.0 ], [ 107.084059999769337, -6.549510000186256, 0.0 ], [ 107.083999999700424, -6.549240000325565, 0.0 ], [ 107.083930000069614, -6.548980000026763, 0.0 ], [ 107.083930000069614, -6.548759999773992, 0.0 ], [ 107.083935863649373, -6.548738218194075, 0.0 ], [ 107.084070000230511, -6.548240000075758, 0.0 ], [ 107.084150000322481, -6.547990000238126, 0.0 ], [ 107.084156637319126, -6.547952387892266, 0.0 ], [ 107.084239999976162, -6.547480000101782, 0.0 ], [ 107.084309999606972, -6.547130000149295, 0.0 ], [ 107.084830000204576, -6.546189999968401, 0.0 ], [ 107.085160000134096, -6.545329999879392, 0.0 ], [ 107.085510000086657, -6.544480000251642, 0.0 ], [ 107.085770000385381, -6.543930000069267, 0.0 ], [ 107.085929999669958, -6.543529999609667, 0.0 ], [ 107.086089999853812, -6.543290000233206, 0.0 ], [ 107.086270000060637, -6.543099999565207, 0.0 ], [ 107.086700000105097, -6.542869999750547, 0.0 ], [ 107.087190000218555, -6.542639999935886, 0.0 ], [ 107.087549999732857, -6.542419999683116, 0.0 ], [ 107.087680000331943, -6.54230000044457, 0.0 ], [ 107.087876636197933, -6.541590706945346, 0.0 ], [ 107.087959999754332, -6.541289999733504, 0.0 ], [ 107.087990000238477, -6.540509999736557, 0.0 ], [ 107.087959999754332, -6.53994999999238, 0.0 ], [ 107.087899999685419, -6.539740000200691, 0.0 ], [ 107.087720000377885, -6.539430000294058, 0.0 ], [ 107.087489999663944, -6.539160000433544, 0.0 ], [ 107.087079999642441, -6.538869999650601, 0.0 ], [ 107.086969999965703, -6.538809999581687, 0.0 ], [ 107.086900000334907, -6.538759999973855, 0.0 ], [ 107.086809999781849, -6.538659999859, 0.0 ], [ 107.08682999980482, -6.538289999883453, 0.0 ], [ 107.086900000334907, -6.537979999976908, 0.0 ], [ 107.086969999965703, -6.53779000020819, 0.0 ], [ 107.086969999965703, -6.537710000116217, 0.0 ], [ 107.086849999827791, -6.537580000416501, 0.0 ], [ 107.086439999806302, -6.537190000418072, 0.0 ], [ 107.086060000268958, -6.536760000373523, 0.0 ], [ 107.085829999555017, -6.536419999982837, 0.0 ], [ 107.085619999763409, -6.535989999938376, 0.0 ], [ 107.085530000109628, -6.53566000000886, 0.0 ], [ 107.085510000086657, -6.535490000263202, 0.0 ], [ 107.085559999694411, -6.535390000148258, 0.0 ], [ 107.085779999947178, -6.535279999572143, 0.0 ], [ 107.085989999738871, -6.5352299999644, 0.0 ], [ 107.086160000383899, -6.535249999987371, 0.0 ], [ 107.086379999737389, -6.535370000125198, 0.0 ], [ 107.086640000036098, -6.535559999893916, 0.0 ], [ 107.086869999850762, -6.535650000446971, 0.0 ], [ 107.087050000057587, -6.535669999570661, 0.0 ], [ 107.087179999757396, -6.535639999985889, 0.0 ], [ 107.08725999984928, -6.535559999893916, 0.0 ], [ 107.087310000356382, -6.535410000171229, 0.0 ], [ 107.087250000287469, -6.534940000080738, 0.0 ], [ 107.087090000103615, -6.533910000246159, 0.0 ], [ 107.087079999642441, -6.533560000293583, 0.0 ], [ 107.087179999757396, -6.533389999648556, 0.0 ], [ 107.087306103593917, -6.533282812151899, 0.0 ], [ 107.087379999987192, -6.533219999902897, 0.0 ], [ 107.087500000125104, -6.533159999833984, 0.0 ], [ 107.087669999870769, -6.533179999856955, 0.0 ], [ 107.087830000054623, -6.533279999971811, 0.0 ], [ 107.087979999777403, -6.533449999717558, 0.0 ], [ 107.088139999961172, -6.533710000016271, 0.0 ], [ 107.08824999963791, -6.533810000131304, 0.0 ], [ 107.088409999821778, -6.533870000200217, 0.0 ], [ 107.088610000051659, -6.533859999739047, 0.0 ], [ 107.089029999634946, -6.533739999601131, 0.0 ], [ 107.089240000325916, -6.533629999924386, 0.0 ], [ 107.089410000071581, -6.533460000178728, 0.0 ], [ 107.089530000209493, -6.53350000022467, 0.0 ], [ 107.089650000347405, -6.533509999786471, 0.0 ], [ 107.089929999769808, -6.533360000063784, 0.0 ], [ 107.090150000022675, -6.533230000364068, 0.0 ], [ 107.090370000275442, -6.533170000295154, 0.0 ], [ 107.090560000044164, -6.533179999856955, 0.0 ], [ 107.09119000031842, -6.533469999740529, 0.0 ], [ 107.091460000179026, -6.533580000316555, 0.0 ], [ 107.091819999693399, -6.533620000362586, 0.0 ], [ 107.092209999691917, -6.533629999924386, 0.0 ], [ 107.092469999990627, -6.533680000431499, 0.0 ], [ 107.092610000151609, -6.533750000062302, 0.0 ], [ 107.092759999874289, -6.53393999983102, 0.0 ], [ 107.092839999966174, -6.534180000106762, 0.0 ], [ 107.092859999989145, -6.534590000128251, 0.0 ], [ 107.092819999943202, -6.534940000080738, 0.0 ], [ 107.092699999805376, -6.535370000125198, 0.0 ], [ 107.092269999760831, -6.536130000099263, 0.0 ], [ 107.092100000015165, -6.536449999567608, 0.0 ], [ 107.092030000384369, -6.536700000304609, 0.0 ], [ 107.091999999900224, -6.536970000165212, 0.0 ], [ 107.09205000040734, -6.537269999610675, 0.0 ], [ 107.092249999737859, -6.537619999563162, 0.0 ], [ 107.092659999759348, -6.538140000160677, 0.0 ], [ 107.092900000035172, -6.538380000436508, 0.0 ], [ 107.093270000010634, -6.538630000274139, 0.0 ], [ 107.093639999986181, -6.538759999973855, 0.0 ], [ 107.094199999730364, -6.538849999627629, 0.0 ], [ 107.094720000327968, -6.538880000111771, 0.0 ], [ 107.095280000072137, -6.538829999604658, 0.0 ], [ 107.095870000300465, -6.538710000366024, 0.0 ], [ 107.09620000022997, -6.538579999767027, 0.0 ], [ 107.09634999995275, -6.538450000067311, 0.0 ], [ 107.09641999958346, -6.538340000390477, 0.0 ], [ 107.09641999958346, -6.537320000117788, 0.0 ], [ 107.096479999652473, -6.537059999818986, 0.0 ], [ 107.096619999813271, -6.536839999566126, 0.0 ], [ 107.096759999974239, -6.53672000032758, 0.0 ], [ 107.096785116240284, -6.536710171637008, 0.0 ], [ 107.096989999788804, -6.536629999774526, 0.0 ], [ 107.097299999695352, -6.536580000166694, 0.0 ], [ 107.097780000247013, -6.536480000051839, 0.0 ], [ 107.098729999989715, -6.536029999984319, 0.0 ], [ 107.099480000401883, -6.535700000054803, 0.0 ], [ 107.100530000259525, -6.534949999642627, 0.0 ], [ 107.101170000095578, -6.534019999922904, 0.0 ], [ 107.10125999974936, -6.533660000408528, 0.0 ], [ 107.10125999974936, -6.533290000432981, 0.0 ], [ 107.101299999795302, -6.533039999696069, 0.0 ], [ 107.10142263584612, -6.532856046069515, 0.0 ], [ 107.101439999956185, -6.532829999904468, 0.0 ], [ 107.101740000300936, -6.532709999766464, 0.0 ], [ 107.102030000184499, -6.532729999789524, 0.0 ], [ 107.102369999675915, -6.53284000036555, 0.0 ], [ 107.102859999789374, -6.533050000157239, 0.0 ], [ 107.10331467902941, -6.533300857048765, 0.0 ], [ 107.103439999556514, -6.533369999625585, 0.0 ], [ 107.10392000010809, -6.533629999924386, 0.0 ], [ 107.104089647319569, -6.533745505250668, 0.0 ], [ 107.104390000198492, -6.533950000292101, 0.0 ], [ 107.104989999988703, -6.534409999921422, 0.0 ], [ 107.105600000239988, -6.534929999619656, 0.0 ], [ 107.105704276631243, -6.535039126953937, 0.0 ], [ 107.106030000284449, -6.535379999687088, 0.0 ], [ 107.106249999637939, -6.535720000077774, 0.0 ], [ 107.106389999798836, -6.53607999959215, 0.0 ], [ 107.106540000420893, -6.53672000032758, 0.0 ], [ 107.106759999774368, -6.537229999564644, 0.0 ], [ 107.107000000050206, -6.537710000116217, 0.0 ], [ 107.107180000256946, -6.537959999953937, 0.0 ], [ 107.107550000232493, -6.538229999814451, 0.0 ], [ 107.107829999654896, -6.538280000321564, 0.0 ], [ 107.108020000322895, -6.53822000025265, 0.0 ], [ 107.108299999745384, -6.53800999956168, 0.0 ], [ 107.108669999720846, -6.537819999792962, 0.0 ], [ 107.108840000365873, -6.537670000070275, 0.0 ], [ 107.109010000111624, -6.537500000324616, 0.0 ], [ 107.109629999924707, -6.537199999979872, 0.0 ], [ 107.109719999578488, -6.537110000326098, 0.0 ], [ 107.109890000223515, -6.536890000073328, 0.0 ], [ 107.110240000175992, -6.536580000166694, 0.0 ], [ 107.110530000059569, -6.536359999913923, 0.0 ], [ 107.110889999574042, -6.536009999961347, 0.0 ], [ 107.11112999984978, -6.535689999593632, 0.0 ], [ 107.111220000402838, -6.535479999801943, 0.0 ], [ 107.111260000448866, -6.53498999968857, 0.0 ], [ 107.111359999664444, -6.53457000010528, 0.0 ], [ 107.111619999963153, -6.534079999991818, 0.0 ], [ 107.111700000055123, -6.533970000315072, 0.0 ], [ 107.112170000145525, -6.533830000154275, 0.0 ], [ 107.112689999843766, -6.533640000385557, 0.0 ], [ 107.112970000165532, -6.533460000178728, 0.0 ], [ 107.113240000026138, -6.533150000272183, 0.0 ], [ 107.113460000278991, -6.532990000088237, 0.0 ], [ 107.113580000416817, -6.532849999927439, 0.0 ], [ 107.113730000139597, -6.53262999967458, 0.0 ], [ 107.113839999816349, -6.532529999559724, 0.0 ], [ 107.113950000392379, -6.532529999559724, 0.0 ], [ 107.114140000161086, -6.532589999628637, 0.0 ], [ 107.114599999790329, -6.53241999988289, 0.0 ], [ 107.114670000320402, -6.532370000275147, 0.0 ], [ 107.11469999990527, -6.53221000009129, 0.0 ], [ 107.114679999882213, -6.531949999792488, 0.0 ], [ 107.114750000412386, -6.531719999977827, 0.0 ], [ 107.11498000022695, -6.531390000048312, 0.0 ], [ 107.115259999649439, -6.531080000141767, 0.0 ], [ 107.11543980740133, -6.530879039435913, 0.0 ], [ 107.115600000040132, -6.53069999970505, 0.0 ], [ 107.115880000361898, -6.530389999798505, 0.0 ], [ 107.116070000130534, -6.530249999637618, 0.0 ], [ 107.116239999876285, -6.530170000445015, 0.0 ], [ 107.116330000429329, -6.530099999914931, 0.0 ], [ 107.116389999598965, -6.529979999777016, 0.0 ], [ 107.116380000037168, -6.529879999662072, 0.0 ], [ 107.116199999830343, -6.529720000377583, 0.0 ], [ 107.116079999692417, -6.529560000193637, 0.0 ], [ 107.116059999669361, -6.529480000101753, 0.0 ], [ 107.116030000084592, -6.529350000402037, 0.0 ], [ 107.116039999646389, -6.52919999977998, 0.0 ], [ 107.116090000153591, -6.529139999711067, 0.0 ], [ 107.116219999853314, -6.529139999711067, 0.0 ], [ 107.116489999713906, -6.529330000379066, 0.0 ], [ 107.116620000312906, -6.52942000003284, 0.0 ], [ 107.116779999597483, -6.529290000333123, 0.0 ], [ 107.116810000081628, -6.529139999711067, 0.0 ], [ 107.116839999666396, -6.528880000311634, 0.0 ], [ 107.116799999620454, -6.528570000405001, 0.0 ], [ 107.116810000081628, -6.528399999760062, 0.0 ], [ 107.116859999689368, -6.528299999645117, 0.0 ], [ 107.117119999988176, -6.528259999599086, 0.0 ], [ 107.117349999802826, -6.528230000014315, 0.0 ], [ 107.117489999963709, -6.528169999945401, 0.0 ], [ 107.117540915081349, -6.527923061400056, 0.0 ], [ 107.117690000193519, -6.527200000179647, 0.0 ], [ 107.117770000285489, -6.52685000022716, 0.0 ], [ 107.117870000400345, -6.52664000043556, 0.0 ], [ 107.118200000329949, -6.526150000322097, 0.0 ], [ 107.118300000444805, -6.525999999700041, 0.0 ], [ 107.118410000121543, -6.525930000069327, 0.0 ], [ 107.118490000213527, -6.525950000092298, 0.0 ], [ 107.118539999821351, -6.52619000036804, 0.0 ], [ 107.118599999890264, -6.526280000021814, 0.0 ], [ 107.118929999819784, -6.526690000043303, 0.0 ], [ 107.119040000395898, -6.526739999651134, 0.0 ], [ 107.119319999818302, -6.526670000020331, 0.0 ], [ 107.119470000440359, -6.526560000343586, 0.0 ], [ 107.119589999678908, -6.526340000090816, 0.0 ], [ 107.119720000277908, -6.526179999906869, 0.0 ], [ 107.119919999608413, -6.526090000253095, 0.0 ], [ 107.120199999930193, -6.526019999723101, 0.0 ], [ 107.120520000298001, -6.526019999723101, 0.0 ], [ 107.120950000342461, -6.526079999792014, 0.0 ], [ 107.121129999649924, -6.526210000391011, 0.0 ], [ 107.121180000157025, -6.526329999629645, 0.0 ], [ 107.121300000294951, -6.526779999697077, 0.0 ], [ 107.121380000386836, -6.526819999743019, 0.0 ], [ 107.121479999602485, -6.526810000181218, 0.0 ], [ 107.121610000201571, -6.526699999605103, 0.0 ], [ 107.122029999784871, -6.526329999629645, 0.0 ], [ 107.122219999553494, -6.526280000021814, 0.0 ], [ 107.122330000129608, -6.526340000090816, 0.0 ] ] ] ] } },
{ "type": "Feature", "properties": { "PROVNO": "32", "KABKOTNO": "01", "KECNO": "160", "DESANO": "012", "PROVINSI": "JAWA BARAT", "KABKOT": "BOGOR", "KECAMATAN": "CARIU", "ID2013": "3201160012", "DESA": "BANTAR KUNING", "DESA_1": "BANTAR KUNING", "ID2012": "3201160012", "IDKAB2": "3201", "IDKEC_2": "3201160", "WILAYAH": "TIMUR" }, "geometry": { "type": "MultiPolygon", "coordinates": [ [ [ [ 107.153022844428904, -6.554427339350113, 0.0 ], [ 107.153416458802695, -6.556298610892011, 0.0 ], [ 107.153510617820885, -6.558112152253806, 0.0 ], [ 107.153566874911519, -6.558273558977437, 0.0 ], [ 107.153587275132764, -6.558332087755527, 0.0 ], [ 107.153632538910728, -6.55846195795279, 0.0 ], [ 107.154472579446178, -6.56087212304989, 0.0 ], [ 107.156122184291519, -6.562851726925469, 0.0 ], [ 107.156973130905399, -6.563695425003715, 0.0 ], [ 107.158551013018993, -6.565259853259455, 0.0 ], [ 107.159794281680973, -6.565564996827025, 0.0 ], [ 107.16477650962841, -6.566787781630659, 0.0 ], [ 107.165292414713377, -6.567100016352558, 0.0 ], [ 107.166335316222089, -6.567731193839368, 0.0 ], [ 107.167355193287733, -6.567937614329225, 0.0 ], [ 107.168842348196023, -6.568238604827528, 0.0 ], [ 107.168898376858792, -6.568316334131321, 0.0 ], [ 107.169107810077563, -6.568606882601404, 0.0 ], [ 107.169060000318922, -6.568769999835435, 0.0 ], [ 107.169029999834777, -6.569019999673067, 0.0 ], [ 107.168969999765864, -6.569389999648614, 0.0 ], [ 107.168960000204066, -6.569609999901385, 0.0 ], [ 107.168989999788835, -6.570089999553677, 0.0 ], [ 107.169040000295951, -6.570479999552195, 0.0 ], [ 107.169069999880804, -6.57081000038108, 0.0 ], [ 107.169089999903775, -6.570989999688539, 0.0 ], [ 107.169101396112737, -6.571121048897091, 0.0 ], [ 107.169109999926746, -6.571220000402569, 0.0 ], [ 107.169029999834777, -6.571610000401087, 0.0 ], [ 107.168840000066069, -6.571880000261601, 0.0 ], [ 107.168530000159521, -6.572170000145174, 0.0 ], [ 107.16808000009209, -6.572529999659551, 0.0 ], [ 107.167730000139599, -6.572800000419523, 0.0 ], [ 107.167309999656936, -6.573050000257155, 0.0 ], [ 107.166640000236015, -6.573349999702529, 0.0 ], [ 107.166150000122556, -6.573540000370528, 0.0 ], [ 107.165630000424329, -6.573750000162217, 0.0 ], [ 107.165390000148491, -6.573830000254102, 0.0 ], [ 107.164770000335409, -6.573970000415077, 0.0 ], [ 107.164169999645907, -6.574029999584621, 0.0 ], [ 107.163560000293998, -6.574080000091822, 0.0 ], [ 107.163070000180539, -6.574089999653623, 0.0 ], [ 107.162506777266088, -6.574018606073686, 0.0 ], [ 107.162359999814299, -6.573999999999849, 0.0 ], [ 107.162250000137561, -6.573910000346075, 0.0 ], [ 107.162000000299926, -6.57379000020816, 0.0 ], [ 107.161699999955175, -6.573739999701047, 0.0 ], [ 107.161029999634977, -6.573679999632134, 0.0 ], [ 107.160919999958224, -6.573659999609074, 0.0 ], [ 107.160841031388685, -6.573639218974616, 0.0 ], [ 107.160349999752796, -6.573509999886387, 0.0 ], [ 107.160200000030201, -6.573469999840444, 0.0 ], [ 107.159740000400873, -6.573340000140728, 0.0 ], [ 107.159400000010194, -6.573220000002813, 0.0 ], [ 107.159119999688414, -6.573179999956871, 0.0 ], [ 107.158769999735838, -6.573199999979842, 0.0 ], [ 107.158439999806319, -6.573210000441012, 0.0 ], [ 107.158109999876814, -6.573210000441012, 0.0 ], [ 107.158000000200062, -6.573210000441012, 0.0 ], [ 107.15788000006215, -6.573220000002813, 0.0 ], [ 107.157479999602458, -6.573229999564703, 0.0 ], [ 107.157100000065114, -6.573110000326068, 0.0 ], [ 107.156710000066596, -6.57272999988944, 0.0 ], [ 107.156389999698888, -6.572560000143692, 0.0 ], [ 107.155820000392822, -6.572350000352092, 0.0 ], [ 107.15545000041736, -6.572219999753006, 0.0 ], [ 107.155339999841331, -6.572119999638151, 0.0 ], [ 107.155139999611535, -6.571829999754488, 0.0 ], [ 107.154940000281016, -6.571490000263172, 0.0 ], [ 107.15459000032844, -6.57102000017268, 0.0 ], [ 107.15439000009863, -6.570929999619626, 0.0 ], [ 107.154180000306951, -6.570909999596655, 0.0 ], [ 107.153579999617463, -6.570819999942881, 0.0 ], [ 107.153329999779828, -6.570699999804965, 0.0 ], [ 107.153110000426338, -6.570570000105249, 0.0 ], [ 107.152600000289993, -6.570289999783476, 0.0 ], [ 107.152440000106054, -6.570209999691592, 0.0 ], [ 107.152119999738332, -6.570019999922962, 0.0 ], [ 107.151609999601988, -6.569629999924445, 0.0 ], [ 107.151490000363438, -6.569449999717527, 0.0 ], [ 107.151259999649412, -6.56909000020315, 0.0 ], [ 107.151009999811862, -6.568900000434521, 0.0 ], [ 107.150820000043154, -6.568700000204633, 0.0 ], [ 107.150249999837797, -6.568069999930373, 0.0 ], [ 107.149870000300453, -6.567699999954826, 0.0 ], [ 107.149569999955716, -6.567900000184714, 0.0 ], [ 107.149279804919175, -6.567945819743617, 0.0 ], [ 107.149190000418372, -6.567960000253628, 0.0 ], [ 107.148669999820854, -6.567989999838488, 0.0 ], [ 107.148020000422804, -6.567949999792546, 0.0 ], [ 107.147519999848271, -6.567929999769486, 0.0 ], [ 107.146969999665984, -6.567809999631571, 0.0 ], [ 107.146380000336947, -6.56780000006977, 0.0 ], [ 107.145890000223488, -6.5677899996086, 0.0 ], [ 107.145110000226538, -6.567679999931855, 0.0 ], [ 107.14421000009159, -6.567610000301141, 0.0 ], [ 107.143780000047116, -6.567610000301141, 0.0 ], [ 107.143439999656437, -6.567630000324112, 0.0 ], [ 107.14300000005008, -6.567559999794028, 0.0 ], [ 107.142409999821865, -6.567419999633142, 0.0 ], [ 107.141950000192537, -6.567300000394507, 0.0 ], [ 107.141390000448354, -6.567260000348565, 0.0 ], [ 107.141376723756963, -6.567284338701054, 0.0 ], [ 107.141270000310442, -6.567479999702055, 0.0 ], [ 107.14114770240478, -6.567680919039045, 0.0 ], [ 107.141130000149559, -6.567710000415996, 0.0 ], [ 107.140869999850764, -6.567900000184714, 0.0 ], [ 107.140270000060639, -6.567730000438967, 0.0 ], [ 107.14014000036093, -6.567670000370054, 0.0 ], [ 107.140086559047589, -6.567586869738076, 0.0 ], [ 107.140049999807871, -6.567530000209167, 0.0 ], [ 107.139980000177061, -6.567329999979368, 0.0 ], [ 107.139931363941486, -6.567265889109333, 0.0 ], [ 107.139759999924294, -6.567040000095705, 0.0 ], [ 107.139599999740341, -6.566910000396078, 0.0 ], [ 107.139249999787779, -6.566859999888965, 0.0 ], [ 107.138939999881231, -6.566850000327076, 0.0 ], [ 107.138779930449658, -6.566782091620063, 0.0 ], [ 107.138666113150776, -6.566733806120109, 0.0 ], [ 107.138609999951711, -6.566710000166189, 0.0 ], [ 107.138281749203529, -6.566565890103551, 0.0 ], [ 107.138199999930222, -6.566529999959361, 0.0 ], [ 107.137919999608442, -6.566440000305587, 0.0 ], [ 107.13764999974785, -6.566409999821445, 0.0 ], [ 107.137060000418813, -6.566480000351618, 0.0 ], [ 107.136670000420381, -6.566570000005392, 0.0 ], [ 107.136249999937718, -6.566659999659166, 0.0 ], [ 107.136109999776835, -6.566699999705108, 0.0 ], [ 107.13581000033146, -6.566770000235191, 0.0 ], [ 107.135750000262462, -6.566770000235191, 0.0 ], [ 107.135360000263944, -6.566810000281134, 0.0 ], [ 107.135130000449365, -6.56673999975105, 0.0 ], [ 107.134951108207275, -6.566653637854927, 0.0 ], [ 107.134839999666426, -6.566599999590164, 0.0 ], [ 107.134508895369379, -6.566426922364457, 0.0 ], [ 107.134400000060083, -6.566369999775503, 0.0 ], [ 107.133849999877782, -6.566010000261127, 0.0 ], [ 107.133129999949659, -6.565680000331611, 0.0 ], [ 107.132510000136577, -6.565460000078751, 0.0 ], [ 107.13237920723482, -6.565416401845283, 0.0 ], [ 107.132120000138059, -6.565330000379035, 0.0 ], [ 107.131659999609454, -6.565179999757067, 0.0 ], [ 107.130930000119534, -6.564969999965378, 0.0 ], [ 107.13052000009813, -6.564869999850433, 0.0 ], [ 107.130179999707451, -6.564769999735489, 0.0 ], [ 107.129929999869816, -6.56457999996686, 0.0 ], [ 107.129769999685863, -6.564359999714, 0.0 ], [ 107.129519999848327, -6.564060000268626, 0.0 ], [ 107.129310000056634, -6.563829999554684, 0.0 ], [ 107.128839999966232, -6.563349999902393, 0.0 ], [ 107.128695166848644, -6.563191649974467, 0.0 ], [ 107.128089999553964, -6.562529999859503, 0.0 ], [ 107.128039999946225, -6.562489999813472, 0.0 ], [ 107.127759999624459, -6.562289999583673, 0.0 ], [ 107.127299999995131, -6.56203000018424, 0.0 ], [ 107.126959999604452, -6.561959999654068, 0.0 ], [ 107.12670000020502, -6.561979999677039, 0.0 ], [ 107.1263700002755, -6.562059999769012, 0.0 ], [ 107.125730000439347, -6.562239999975841, 0.0 ], [ 107.125229999864715, -6.562259999998812, 0.0 ], [ 107.125089999703917, -6.562239999975841, 0.0 ], [ 107.12500000005015, -6.56221999995287, 0.0 ], [ 107.124919999958166, -6.56221999995287, 0.0 ], [ 107.124670000120631, -6.562079999791983, 0.0 ], [ 107.124189999568969, -6.56180000036958, 0.0 ], [ 107.123400000010221, -6.561470000439975, 0.0 ], [ 107.123230000264471, -6.561470000439975, 0.0 ], [ 107.12298000042685, -6.561549999632668, 0.0 ], [ 107.122430000244464, -6.561740000300667, 0.0 ], [ 107.122279999622407, -6.561720000277607, 0.0 ], [ 107.12227000006061, -6.561439999955923, 0.0 ], [ 107.122189999968725, -6.560659999958887, 0.0 ], [ 107.122154063059725, -6.560327586248906, 0.0 ], [ 107.122109999876756, -6.559920000007793, 0.0 ], [ 107.122108418868635, -6.559772978839753, 0.0 ], [ 107.122100000314958, -6.558990000288158, 0.0 ], [ 107.122071123084027, -6.558210323147797, 0.0 ], [ 107.122069999830813, -6.558179999806981, 0.0 ], [ 107.122000000200003, -6.557109999926372, 0.0 ], [ 107.122008198419792, -6.556982934714508, 0.0 ], [ 107.122040000245946, -6.556490000113193, 0.0 ], [ 107.122169999945669, -6.555600000439501, 0.0 ], [ 107.12217341557087, -6.555306192826418, 0.0 ], [ 107.122180000406843, -6.554740000350581, 0.0 ], [ 107.122539451334788, -6.554866865013622, 0.0 ], [ 107.122917646832107, -6.554617911087615, 0.0 ], [ 107.123578180888543, -6.554648138200871, 0.0 ], [ 107.124127018247478, -6.554293573289574, 0.0 ], [ 107.124731118946187, -6.553993811265215, 0.0 ], [ 107.125181036275976, -6.553672686744996, 0.0 ], [ 107.12579712134027, -6.553604031600671, 0.0 ], [ 107.126839987775355, -6.552950167815865, 0.0 ], [ 107.127609882989873, -6.552814813552601, 0.0 ], [ 107.127904699642286, -6.552699578022949, 0.0 ], [ 107.128236225721409, -6.55256999291062, 0.0 ], [ 107.128972540250672, -6.552302689217573, 0.0 ], [ 107.129232366081027, -6.552175686958197, 0.0 ], [ 107.12997207285305, -6.551814118126877, 0.0 ], [ 107.130137519331257, -6.551835173954004, 0.0 ], [ 107.130520853554728, -6.551448541017137, 0.0 ], [ 107.130861353069179, -6.551281982976978, 0.0 ], [ 107.131190191074623, -6.550961369271615, 0.0 ], [ 107.131519262004502, -6.550695792276819, 0.0 ], [ 107.13196926297131, -6.550396678663652, 0.0 ], [ 107.132496962664845, -6.550251340127069, 0.0 ], [ 107.132981431947684, -6.550293310587687, 0.0 ], [ 107.133521400192635, -6.550445122444284, 0.0 ], [ 107.134084035849725, -6.550750938704688, 0.0 ], [ 107.134480501074464, -6.550804290985059, 0.0 ], [ 107.1349613631766, -6.550769069936493, 0.0 ], [ 107.135329999779884, -6.550259999699062, 0.0 ], [ 107.135819999893258, -6.549789999608571, 0.0 ], [ 107.136100000215038, -6.549630000324083, 0.0 ], [ 107.136212346223004, -6.549592550755481, 0.0 ], [ 107.136280000421863, -6.549570000255169, 0.0 ], [ 107.136610000351467, -6.549550000232198, 0.0 ], [ 107.136769999635959, -6.54957999981697, 0.0 ], [ 107.137130000049609, -6.549710000416056, 0.0 ], [ 107.13723000016455, -6.549829999654602, 0.0 ], [ 107.137470000440302, -6.549909999746575, 0.0 ], [ 107.137971030738612, -6.550046645436183, 0.0 ], [ 107.138087455172084, -6.550051440621321, 0.0 ], [ 107.138406592190677, -6.55003907404387, 0.0 ], [ 107.138857243367312, -6.549894056565311, 0.0 ], [ 107.138977703958062, -6.549750447424998, 0.0 ], [ 107.139273890277977, -6.549518029333381, 0.0 ], [ 107.139680702202838, -6.549417227922518, 0.0 ], [ 107.140050739050579, -6.549367651895501, 0.0 ], [ 107.140274716105438, -6.549337644216759, 0.0 ], [ 107.14090902143441, -6.549284841422178, 0.0 ], [ 107.141110914737112, -6.549268033992419, 0.0 ], [ 107.141435897348956, -6.549278987734866, 0.0 ], [ 107.14198055375968, -6.549297347394525, 0.0 ], [ 107.142586418028927, -6.549415842966635, 0.0 ], [ 107.14322591244607, -6.549677292073266, 0.0 ], [ 107.143523457641578, -6.549764081147238, 0.0 ], [ 107.143861116197712, -6.549857080040091, 0.0 ], [ 107.144051865101687, -6.549909615735974, 0.0 ], [ 107.144074431789761, -6.549915831849997, 0.0 ], [ 107.144468703568009, -6.550187165405177, 0.0 ], [ 107.144471834108089, -6.550189319281543, 0.0 ], [ 107.144957617300349, -6.550539481112008, 0.0 ], [ 107.145574393943349, -6.55063591091837, 0.0 ], [ 107.146015728143553, -6.550887194987922, 0.0 ], [ 107.146123351811397, -6.55092343406908, 0.0 ], [ 107.146467645565536, -6.551039365674018, 0.0 ], [ 107.146864673765805, -6.551224793289414, 0.0 ], [ 107.147107425067787, -6.551366851099107, 0.0 ], [ 107.14737209464667, -6.551486799975716, 0.0 ], [ 107.148033998370494, -6.552034850427848, 0.0 ], [ 107.148239999776393, -6.552039999945904, 0.0 ], [ 107.148760000373898, -6.552079999991847, 0.0 ], [ 107.149179999957198, -6.55216000008382, 0.0 ], [ 107.149589999978687, -6.552229999714534, 0.0 ], [ 107.149690000093628, -6.552269999760565, 0.0 ], [ 107.14981000023154, -6.552320000267589, 0.0 ], [ 107.150439999606434, -6.553260000448482, 0.0 ], [ 107.150599999790387, -6.553399999710088, 0.0 ], [ 107.150969999765834, -6.553499999824943, 0.0 ], [ 107.151129999949688, -6.553559999893945, 0.0 ], [ 107.151230000064643, -6.553720000077803, 0.0 ], [ 107.151379999787324, -6.554119999638122, 0.0 ], [ 107.151450000317411, -6.554219999752977, 0.0 ], [ 107.151669999670901, -6.554219999752977, 0.0 ], [ 107.151909999946724, -6.554210000191176, 0.0 ], [ 107.152179999807331, -6.554210000191176, 0.0 ], [ 107.152310000406331, -6.554210000191176, 0.0 ], [ 107.152560000243966, -6.554440000005837, 0.0 ], [ 107.152680000381878, -6.554520000097721, 0.0 ], [ 107.153022844428904, -6.554427339350113, 0.0 ] ] ] ] } },
{ "type": "Feature", "properties": { "PROVNO": "32", "KABKOTNO": "01", "KECNO": "160", "DESANO": "013", "PROVINSI": "JAWA BARAT", "KABKOT": "BOGOR", "KECAMATAN": "CARIU", "ID2013": "3201160013", "DESA": "CIKUTAMAHI", "DESA_1": "CIKUTAMAHI", "ID2012": "3201160013", "IDKAB2": "3201", "IDKEC_2": "3201160", "WILAYAH": "TIMUR" }, "geometry": { "type": "MultiPolygon", "coordinates": [ [ [ [ 107.190552546263135, -6.567896356131744, 0.0 ], [ 107.190864718032458, -6.568294653275455, 0.0 ], [ 107.190971519720037, -6.56863846409367, 0.0 ], [ 107.191063087791477, -6.56883920356627, 0.0 ], [ 107.191208021633116, -6.568945546599494, 0.0 ], [ 107.190872335290209, -6.569247866295793, 0.0 ], [ 107.190811281215801, -6.569486761304812, 0.0 ], [ 107.190765532703352, -6.570004109801655, 0.0 ], [ 107.190727377166937, -6.570271150892761, 0.0 ], [ 107.19084943585294, -6.570817129306974, 0.0 ], [ 107.190803663958121, -6.571231012601011, 0.0 ], [ 107.190773149061741, -6.571698333611078, 0.0 ], [ 107.19084943585294, -6.571941510292358, 0.0 ], [ 107.191139374582676, -6.572234784607502, 0.0 ], [ 107.191482679082526, -6.57255806839995, 0.0 ], [ 107.19171156373784, -6.572825085209324, 0.0 ], [ 107.191932807753034, -6.573289068835333, 0.0 ], [ 107.192077765876405, -6.573603767699545, 0.0 ], [ 107.192268519276951, -6.574055323594177, 0.0 ], [ 107.192375320964445, -6.574443480881733, 0.0 ], [ 107.192451607755729, -6.574952247148271, 0.0 ], [ 107.192512661830051, -6.575364244564099, 0.0 ], [ 107.192566075264352, -6.575811981037951, 0.0 ], [ 107.19263472141543, -6.576487199224648, 0.0 ], [ 107.192787294997828, -6.577151440286535, 0.0 ], [ 107.192932252221823, -6.577608242825974, 0.0 ], [ 107.192978049297736, -6.577826151255675, 0.0 ], [ 107.193107748623945, -6.57828583072634, 0.0 ], [ 107.192409999721818, -6.577699999754962, 0.0 ], [ 107.191789999908735, -6.577180000056817, 0.0 ], [ 107.191170000095639, -6.576739999551187, 0.0 ], [ 107.190720000028122, -6.576509999736526, 0.0 ], [ 107.190169999845835, -6.576210000291063, 0.0 ], [ 107.189440000355916, -6.575840000315605, 0.0 ], [ 107.188919999758397, -6.575569999555722, 0.0 ], [ 107.188259999899188, -6.575219999603146, 0.0 ], [ 107.187550000432324, -6.574820000042827, 0.0 ], [ 107.186900000135097, -6.57445000006728, 0.0 ], [ 107.186149999722915, -6.574120000137764, 0.0 ], [ 107.185610000001617, -6.573919999907876, 0.0 ], [ 107.18509000030339, -6.573779999747078, 0.0 ], [ 107.184640000236044, -6.573679999632134, 0.0 ], [ 107.184371358351669, -6.573647105129634, 0.0 ], [ 107.184150000122585, -6.573619999563132, 0.0 ], [ 107.18347000024049, -6.573610000001331, 0.0 ], [ 107.183140000310885, -6.573619999563132, 0.0 ], [ 107.182790000358409, -6.573560000393588, 0.0 ], [ 107.18246000042889, -6.573480000301615, 0.0 ], [ 107.182169999645936, -6.573409999771531, 0.0 ], [ 107.181870000200576, -6.573289999633616, 0.0 ], [ 107.181649999947709, -6.573079999842015, 0.0 ], [ 107.181520000247986, -6.572870000050326, 0.0 ], [ 107.181290000433336, -6.572569999705493, 0.0 ], [ 107.180970000065614, -6.572230000214176, 0.0 ], [ 107.18080999988176, -6.57207999959212, 0.0 ], [ 107.180580000067096, -6.57188999982349, 0.0 ], [ 107.180440982865264, -6.571780472290847, 0.0 ], [ 107.18025000013759, -6.571630000424058, 0.0 ], [ 107.180179999607418, -6.571590000378116, 0.0 ], [ 107.179860000139058, -6.571450000217141, 0.0 ], [ 107.179450000117583, -6.571359999664086, 0.0 ], [ 107.179080000142022, -6.571270000010312, 0.0 ], [ 107.178850000327458, -6.57122999996437, 0.0 ], [ 107.178639999636488, -6.571200000379598, 0.0 ], [ 107.178570000005692, -6.571169999895368, 0.0 ], [ 107.178360000213999, -6.571180000356538, 0.0 ], [ 107.17830379168683, -6.571190809308227, 0.0 ], [ 107.178269343155776, -6.571197433714406, 0.0 ], [ 107.177839999616481, -6.571279999572113, 0.0 ], [ 107.17731999991824, -6.571370000125256, 0.0 ], [ 107.17680999978181, -6.571310000056343, 0.0 ], [ 107.176490000313464, -6.571209999941399, 0.0 ], [ 107.176129999899729, -6.57102999973457, 0.0 ], [ 107.175499999625458, -6.570599999690021, 0.0 ], [ 107.175030000434333, -6.570260000198704, 0.0 ], [ 107.174879999812376, -6.57016000008376, 0.0 ], [ 107.174699999605451, -6.570249999737534, 0.0 ], [ 107.174589999928713, -6.570200000129702, 0.0 ], [ 107.174409999721888, -6.570059999968905, 0.0 ], [ 107.174059999769298, -6.569799999670103, 0.0 ], [ 107.173879999562558, -6.569750000062271, 0.0 ], [ 107.17272999958999, -6.5697300000393, 0.0 ], [ 107.172479999752355, -6.569609999901385, 0.0 ], [ 107.171770000285491, -6.569309999556641, 0.0 ], [ 107.171160000034106, -6.569179999856924, 0.0 ], [ 107.170319999968157, -6.56909000020315, 0.0 ], [ 107.169720000178046, -6.568970000065324, 0.0 ], [ 107.169060000318922, -6.568769999835435, 0.0 ], [ 107.169107810077563, -6.568606882601404, 0.0 ], [ 107.168898376858792, -6.568316334131321, 0.0 ], [ 107.168842348196023, -6.568238604827528, 0.0 ], [ 107.167355193287733, -6.567937614329225, 0.0 ], [ 107.166335316222089, -6.567731193839368, 0.0 ], [ 107.165292414713377, -6.567100016352558, 0.0 ], [ 107.16477650962841, -6.566787781630659, 0.0 ], [ 107.159794281680973, -6.565564996827025, 0.0 ], [ 107.158551013018993, -6.565259853259455, 0.0 ], [ 107.156973130905399, -6.563695425003715, 0.0 ], [ 107.156122184291519, -6.562851726925469, 0.0 ], [ 107.154472579446178, -6.56087212304989, 0.0 ], [ 107.153632538910728, -6.55846195795279, 0.0 ], [ 107.153587275132764, -6.558332087755527, 0.0 ], [ 107.153566874911519, -6.558273558977437, 0.0 ], [ 107.153510617820885, -6.558112152253806, 0.0 ], [ 107.153416458802695, -6.556298610892011, 0.0 ], [ 107.153022844428904, -6.554427339350113, 0.0 ], [ 107.153050000357425, -6.554419999982866, 0.0 ], [ 107.153113555446438, -6.554389735997326, 0.0 ], [ 107.153260000149118, -6.554319999867921, 0.0 ], [ 107.153380000286944, -6.554210000191176, 0.0 ], [ 107.154020000123097, -6.554079999592179, 0.0 ], [ 107.154189999868748, -6.55407000003029, 0.0 ], [ 107.154269999960718, -6.554130000099292, 0.0 ], [ 107.15445999972944, -6.554259999799008, 0.0 ], [ 107.154679999982207, -6.554509999636551, 0.0 ], [ 107.154769999635988, -6.554620000212665, 0.0 ], [ 107.155049999957754, -6.554680000281579, 0.0 ], [ 107.155210000141523, -6.55470000030455, 0.0 ], [ 107.155840000415878, -6.554509999636551, 0.0 ], [ 107.156039999746397, -6.554469999590609, 0.0 ], [ 107.156239999976194, -6.55448999961358, 0.0 ], [ 107.156600000389858, -6.554620000212665, 0.0 ], [ 107.157260000248968, -6.554859999589127, 0.0 ], [ 107.157590000178487, -6.5549399996811, 0.0 ], [ 107.157730000339456, -6.55495000014227, 0.0 ], [ 107.157799999970266, -6.554830000004355, 0.0 ], [ 107.157900000085121, -6.554310000306121, 0.0 ], [ 107.157989999738803, -6.55407000003029, 0.0 ], [ 107.158120000337888, -6.553720000077803, 0.0 ], [ 107.15816000038383, -6.553639999985919, 0.0 ], [ 107.157889999623947, -6.553419999733059, 0.0 ], [ 107.157510000086603, -6.553140000310567, 0.0 ], [ 107.157200000179969, -6.552920000057796, 0.0 ], [ 107.156759999674421, -6.552739999850967, 0.0 ], [ 107.156449999767887, -6.552650000197193, 0.0 ], [ 107.155970000115587, -6.552559999644139, 0.0 ], [ 107.155370000325476, -6.552389999898391, 0.0 ], [ 107.154909999796786, -6.552189999668592, 0.0 ], [ 107.154499999775382, -6.551979999876991, 0.0 ], [ 107.154129999799835, -6.551770000085302, 0.0 ], [ 107.153819999893201, -6.551569999855502, 0.0 ], [ 107.153440000355857, -6.55127999997184, 0.0 ], [ 107.153082944322577, -6.550976503062991, 0.0 ], [ 107.153039999896251, -6.550939999581153, 0.0 ], [ 107.152810000081587, -6.550729999789464, 0.0 ], [ 107.152669999920789, -6.550499999974893, 0.0 ], [ 107.152600000289993, -6.550239999676091, 0.0 ], [ 107.152560000243966, -6.55000999986143, 0.0 ], [ 107.152580000267022, -6.549670000370025, 0.0 ], [ 107.152660000358907, -6.549289999933396, 0.0 ], [ 107.152799999620512, -6.54891999995785, 0.0 ], [ 107.153010000311482, -6.548409999821505, 0.0 ], [ 107.15322000010309, -6.547990000238126, 0.0 ], [ 107.153409999871798, -6.547700000354553, 0.0 ], [ 107.153599999640434, -6.54723000026415, 0.0 ], [ 107.153750000262491, -6.546720000127717, 0.0 ], [ 107.153779999847259, -6.546379999737031, 0.0 ], [ 107.153779999847259, -6.546069999830486, 0.0 ], [ 107.153790000308433, -6.545869999600686, 0.0 ], [ 107.153779999847259, -6.54571000031611, 0.0 ], [ 107.153779999847259, -6.545389999948394, 0.0 ], [ 107.153790000308433, -6.544540000320556, 0.0 ], [ 107.153938991891152, -6.54453058981467, 0.0 ], [ 107.15474000005112, -6.544480000251642, 0.0 ], [ 107.154880000212017, -6.545140000110763, 0.0 ], [ 107.155849999977676, -6.545019999972848, 0.0 ], [ 107.155820000392822, -6.544939999880874, 0.0 ], [ 107.155809999931734, -6.544819999743048, 0.0 ], [ 107.155829999954705, -6.544349999652557, 0.0 ], [ 107.155840000415878, -6.543990000138269, 0.0 ], [ 107.155729999839849, -6.543649999747494, 0.0 ], [ 107.1555000000251, -6.543350000302119, 0.0 ], [ 107.155090000003696, -6.542900000234688, 0.0 ], [ 107.154840000166075, -6.542780000096773, 0.0 ], [ 107.154610000351411, -6.542709999566689, 0.0 ], [ 107.154350000052688, -6.54272999958966, 0.0 ], [ 107.154129999799835, -6.542709999566689, 0.0 ], [ 107.154060000169039, -6.542630000374086, 0.0 ], [ 107.154029999684894, -6.542499999775, 0.0 ], [ 107.153989999638952, -6.542189999868455, 0.0 ], [ 107.15393487929137, -6.542145307159988, 0.0 ], [ 107.153619999663405, -6.541890000422992, 0.0 ], [ 107.153010000311482, -6.541659999709051, 0.0 ], [ 107.152620000312965, -6.541409999871419, 0.0 ], [ 107.152310000406331, -6.541249999687562, 0.0 ], [ 107.152250000337418, -6.541130000449016, 0.0 ], [ 107.152210000291475, -6.540899999734986, 0.0 ], [ 107.152179999807331, -6.540709999966356, 0.0 ], [ 107.15203000008465, -6.540440000105754, 0.0 ], [ 107.151929999969695, -6.540170000245151, 0.0 ], [ 107.151929999969695, -6.53994999999238, 0.0 ], [ 107.151990000038708, -6.53972000017772, 0.0 ], [ 107.152099999715361, -6.539539999970891, 0.0 ], [ 107.152199999830302, -6.539310000156231, 0.0 ], [ 107.152259999899215, -6.539020000272657, 0.0 ], [ 107.152259999899215, -6.538679999881971, 0.0 ], [ 107.152050000107621, -6.53779000020819, 0.0 ], [ 107.152099999715361, -6.537469999840475, 0.0 ], [ 107.152099999715361, -6.537400000209672, 0.0 ], [ 107.152090000153564, -6.537329999679589, 0.0 ], [ 107.152070000130593, -6.537240000025815, 0.0 ], [ 107.152050000107621, -6.537110000326098, 0.0 ], [ 107.151949999992667, -6.53713000034907, 0.0 ], [ 107.151912887669852, -6.537108350969447, 0.0 ], [ 107.151829999854755, -6.537059999818986, 0.0 ], [ 107.151807955672808, -6.537046893099543, 0.0 ], [ 107.151600416426305, -6.536923490826254, 0.0 ], [ 107.151459999879208, -6.536839999566126, 0.0 ], [ 107.151080000341864, -6.536740000350552, 0.0 ], [ 107.151009999811862, -6.536620000212636, 0.0 ], [ 107.151009999811862, -6.536449999567608, 0.0 ], [ 107.151049999857804, -6.536230000214207, 0.0 ], [ 107.151169999995631, -6.535980000376576, 0.0 ], [ 107.151230000064643, -6.535729999639575, 0.0 ], [ 107.151190000018701, -6.535619999962918, 0.0 ], [ 107.151089999903746, -6.535559999893916, 0.0 ], [ 107.150960000204037, -6.535590000378058, 0.0 ], [ 107.150739999951185, -6.535689999593632, 0.0 ], [ 107.150610000251461, -6.53584999977749, 0.0 ], [ 107.150269999860768, -6.536239999776008, 0.0 ], [ 107.150040000046118, -6.536399999959865, 0.0 ], [ 107.149910000346395, -6.536390000398065, 0.0 ], [ 107.149739999701367, -6.536250000237178, 0.0 ], [ 107.149409999771848, -6.536070000030261, 0.0 ], [ 107.149079999842257, -6.535900000284602, 0.0 ], [ 107.148899999635418, -6.535650000446971, 0.0 ], [ 107.148919999658389, -6.535539999870945, 0.0 ], [ 107.149030000234504, -6.535370000125198, 0.0 ], [ 107.149119999888285, -6.535149999872427, 0.0 ], [ 107.149139999911256, -6.534949999642627, 0.0 ], [ 107.149090000303417, -6.53477999989688, 0.0 ], [ 107.148970000165505, -6.534479999552136, 0.0 ], [ 107.14882000044291, -6.534340000290619, 0.0 ], [ 107.148059999569469, -6.533680000431499, 0.0 ], [ 107.148090000053614, -6.533569999855473, 0.0 ], [ 107.148170000145583, -6.533420000132786, 0.0 ], [ 107.148350000352423, -6.533219999902897, 0.0 ], [ 107.14882000044291, -6.532720000227634, 0.0 ], [ 107.14880000041984, -6.532549999582695, 0.0 ], [ 107.148709999866796, -6.532250000137232, 0.0 ], [ 107.148600000190044, -6.532120000437516, 0.0 ], [ 107.14880000041984, -6.531840000115743, 0.0 ], [ 107.148720000327955, -6.531740000000887, 0.0 ], [ 107.149130000349459, -6.531590000278111, 0.0 ], [ 107.149340375158403, -6.531576571601363, 0.0 ], [ 107.149600000439847, -6.53155999979397, 0.0 ], [ 107.149770000185512, -6.531459999679115, 0.0 ], [ 107.149939999931263, -6.531260000348595, 0.0 ], [ 107.150129999699885, -6.530890000373049, 0.0 ], [ 107.150229999814826, -6.530730000189191, 0.0 ], [ 107.150690000343346, -6.53026999966059, 0.0 ], [ 107.150450000067607, -6.530090000353042, 0.0 ], [ 107.150369999975723, -6.530090000353042, 0.0 ], [ 107.150779999997127, -6.529919999708014, 0.0 ], [ 107.150929999719892, -6.529760000423526, 0.0 ], [ 107.151069999880775, -6.529500000124724, 0.0 ], [ 107.151419999833266, -6.529170000195208, 0.0 ], [ 107.15156999955596, -6.529019999573151, 0.0 ], [ 107.15174999976287, -6.528310000106288, 0.0 ], [ 107.151800000269986, -6.527929999669571, 0.0 ], [ 107.151729999739899, -6.526699999605103, 0.0 ], [ 107.151740000200988, -6.526620000412588, 0.0 ], [ 107.151849999877726, -6.526449999767561, 0.0 ], [ 107.152259999899215, -6.526090000253095, 0.0 ], [ 107.152660000358907, -6.525760000323579, 0.0 ], [ 107.15297000026554, -6.525629999724583, 0.0 ], [ 107.153269999710915, -6.525589999678552, 0.0 ], [ 107.153739999801317, -6.525689999793496, 0.0 ], [ 107.154000000100126, -6.52578999990844, 0.0 ], [ 107.154209999891719, -6.525720000277637, 0.0 ], [ 107.154800000120034, -6.525339999841009, 0.0 ], [ 107.155172403084151, -6.525230848224908, 0.0 ], [ 107.155379999887273, -6.525170000095262, 0.0 ], [ 107.155870000000647, -6.525509999586667, 0.0 ], [ 107.155999999700356, -6.524900000234659, 0.0 ], [ 107.156219999953223, -6.524479999752, 0.0 ], [ 107.156560000343916, -6.524679999981888, 0.0 ], [ 107.156640000435885, -6.525150000072291, 0.0 ], [ 107.156790000158566, -6.525879999562125, 0.0 ], [ 107.157269999810779, -6.525740000300608, 0.0 ], [ 107.157240000225997, -6.525179999657063, 0.0 ], [ 107.157261254803217, -6.52509655606103, 0.0 ], [ 107.157510000086603, -6.524120000237623, 0.0 ], [ 107.157542170634784, -6.524135080069762, 0.0 ], [ 107.157829999555034, -6.524269999960399, 0.0 ], [ 107.158100000314917, -6.524399999660115, 0.0 ], [ 107.158800000219983, -6.524410000121197, 0.0 ], [ 107.159219999803355, -6.524249999937428, 0.0 ], [ 107.159629999824759, -6.524080000191681, 0.0 ], [ 107.159879999662479, -6.523879999961881, 0.0 ], [ 107.160099999915246, -6.523599999640108, 0.0 ], [ 107.16022999961497, -6.523429999894361, 0.0 ], [ 107.160340000190999, -6.523369999825448, 0.0 ], [ 107.161160000234062, -6.523389999848419, 0.0 ], [ 107.162139999561532, -6.523269999710593, 0.0 ], [ 107.162829999904787, -6.52320999964159, 0.0 ], [ 107.163309999556986, -6.523110000426016, 0.0 ], [ 107.163360000064102, -6.523079999941874, 0.0 ], [ 107.163890000223518, -6.523010000311071, 0.0 ], [ 107.164249999737891, -6.522959999803959, 0.0 ], [ 107.164380000336877, -6.522669999920385, 0.0 ], [ 107.164710000266496, -6.521999999600183, 0.0 ], [ 107.16479000035838, -6.521849999877407, 0.0 ], [ 107.164900000035203, -6.521640000085807, 0.0 ], [ 107.165080000241943, -6.521129999949373, 0.0 ], [ 107.165240000425896, -6.52063000027411, 0.0 ], [ 107.165570000355416, -6.519670000070246, 0.0 ], [ 107.165619999963241, -6.519369999725502, 0.0 ], [ 107.165570000355416, -6.519010000211125, 0.0 ], [ 107.165499999825329, -6.518150000122294, 0.0 ], [ 107.165579999917213, -6.517619999962889, 0.0 ], [ 107.165680000032154, -6.517390000148229, 0.0 ], [ 107.165889999823847, -6.517089999803485, 0.0 ], [ 107.166500000075132, -6.516269999760507, 0.0 ], [ 107.166500894900508, -6.516268800064875, 0.0 ], [ 107.166748193174712, -6.516397127924947, 0.0 ], [ 107.167160167208095, -6.516523974601576, 0.0 ], [ 107.167602680419492, -6.51660026229214, 0.0 ], [ 107.167938366762399, -6.516629349964411, 0.0 ], [ 107.16815963505924, -6.516689920203458, 0.0 ], [ 107.168350365077416, -6.516832967267518, 0.0 ], [ 107.168541119377323, -6.517237324942418, 0.0 ], [ 107.168546341740495, -6.517291540572003, 0.0 ], [ 107.168602123989004, -6.517870567272723, 0.0 ], [ 107.168579249732744, -6.518597748287238, 0.0 ], [ 107.168548734836435, -6.519617696399429, 0.0 ], [ 107.168693692959721, -6.520033490752866, 0.0 ], [ 107.169036995661003, -6.520842689038755, 0.0 ], [ 107.169143821630229, -6.521580822896524, 0.0 ], [ 107.169395604823464, -6.521737700634258, 0.0 ], [ 107.169593976381037, -6.521853087249987, 0.0 ], [ 107.169708394427104, -6.521998067856352, 0.0 ], [ 107.169738932705769, -6.522084365900618, 0.0 ], [ 107.169555795663612, -6.522264142176262, 0.0 ], [ 107.16932693529003, -6.522438162790802, 0.0 ], [ 107.169243006959434, -6.522556910173041, 0.0 ], [ 107.16923536721859, -6.522680420364981, 0.0 ], [ 107.169288804035247, -6.522823951264147, 0.0 ], [ 107.169937279082333, -6.52295556075039, 0.0 ], [ 107.170829921863543, -6.523100035038478, 0.0 ], [ 107.170888834652146, -6.52310967307276, 0.0 ], [ 107.171188483361988, -6.523158695117495, 0.0 ], [ 107.171249535637756, -6.523172041955974, 0.0 ], [ 107.171287667791802, -6.523224971554988, 0.0 ], [ 107.171432625015811, -6.523505819038213, 0.0 ], [ 107.172012454811096, -6.524703173712378, 0.0 ], [ 107.172218466109513, -6.525149482962114, 0.0 ], [ 107.172485482019525, -6.52582279188815, 0.0 ], [ 107.172477865661136, -6.526115559885017, 0.0 ], [ 107.172447350764841, -6.526621954639324, 0.0 ], [ 107.172500764199043, -6.526754992248964, 0.0 ], [ 107.172660954139914, -6.526881838925593, 0.0 ], [ 107.172836451441228, -6.526965283420907, 0.0 ], [ 107.173177180282806, -6.527059123179804, 0.0 ], [ 107.173736709681535, -6.527213222012431, 0.0 ], [ 107.173935080339845, -6.527394909347475, 0.0 ], [ 107.17401136713103, -6.52758087475739, 0.0 ], [ 107.174026624129539, -6.527815006956885, 0.0 ], [ 107.174064803947687, -6.528080597441424, 0.0 ], [ 107.17420973778934, -6.528272269949156, 0.0 ], [ 107.17467938984214, -6.528825799071249, 0.0 ], [ 107.174904009013048, -6.529090535199913, 0.0 ], [ 107.175163410363311, -6.529457221173587, 0.0 ], [ 107.175155793105546, -6.529541632440186, 0.0 ], [ 107.175018453139302, -6.530040386554461, 0.0 ], [ 107.174988808786651, -6.530182214137739, 0.0 ], [ 107.174949780907852, -6.530368941273448, 0.0 ], [ 107.174919291192481, -6.530782824567574, 0.0 ], [ 107.175018453139302, -6.53112900599865, 0.0 ], [ 107.175224462638994, -6.531471391391488, 0.0 ], [ 107.175369419862989, -6.531753665199371, 0.0 ], [ 107.175316007328064, -6.531849029309136, 0.0 ], [ 107.175148151566148, -6.532000684683705, 0.0 ], [ 107.174919291192481, -6.53211130669126, 0.0 ], [ 107.17454544841388, -6.53231777664395, 0.0 ], [ 107.17441574818838, -6.532536168009564, 0.0 ], [ 107.174514935316225, -6.532745492410399, 0.0 ], [ 107.174705639254029, -6.53295150280945, 0.0 ], [ 107.174881112273695, -6.533046844436132, 0.0 ], [ 107.175163410363311, -6.533112176585512, 0.0 ], [ 107.175476221550582, -6.533116457358492, 0.0 ], [ 107.175758497157105, -6.533060699391626, 0.0 ], [ 107.176452791763097, -6.532891901140161, 0.0 ], [ 107.176544337351444, -6.532977713550494, 0.0 ], [ 107.176513821555773, -6.533129829377984, 0.0 ], [ 107.176529080352935, -6.533328199136914, 0.0 ], [ 107.176529078554296, -6.533538949862496, 0.0 ], [ 107.176437511382218, -6.533883245415275, 0.0 ], [ 107.176400594212197, -6.534065061353314, 0.0 ], [ 107.176368865231055, -6.534221324854119, 0.0 ], [ 107.17625442290344, -6.535150188730068, 0.0 ], [ 107.176216289850018, -6.535498738975534, 0.0 ], [ 107.176147620316584, -6.535960330404791, 0.0 ], [ 107.175979766353322, -6.536247392203212, 0.0 ], [ 107.175941633299885, -6.536392808081484, 0.0 ], [ 107.175964507556159, -6.536622661306648, 0.0 ], [ 107.17610182503941, -6.537054195594507, 0.0 ], [ 107.176147621215947, -6.53724540944788, 0.0 ], [ 107.176155236675058, -6.537430916203704, 0.0 ], [ 107.176162853033446, -6.538216732116311, 0.0 ], [ 107.176284937799835, -6.538370732922818, 0.0 ], [ 107.176437512281595, -6.538456111859894, 0.0 ], [ 107.176597750785746, -6.538480896276191, 0.0 ], [ 107.176872407335878, -6.538541926068877, 0.0 ], [ 107.177032623357036, -6.538652572358163, 0.0 ], [ 107.177215735218169, -6.53887190621333, 0.0 ], [ 107.177398823696947, -6.539204739906648, 0.0 ], [ 107.177734510039755, -6.539679678174384, 0.0 ], [ 107.177955779235972, -6.539977208980865, 0.0 ], [ 107.178115992559199, -6.540351051759465, 0.0 ], [ 107.178131252255639, -6.540579937314064, 0.0 ], [ 107.178077837922061, -6.540911827618547, 0.0 ], [ 107.177871851804653, -6.541592269067777, 0.0 ], [ 107.177658223248571, -6.54205954241375, 0.0 ], [ 107.177581937356734, -6.542248384754981, 0.0 ], [ 107.177360669059809, -6.54281486771179, 0.0 ], [ 107.177368308800567, -6.543160104854753, 0.0 ], [ 107.177551421560992, -6.543894419291831, 0.0 ], [ 107.177696379684363, -6.544159066387625, 0.0 ], [ 107.177795565013469, -6.54419291776879, 0.0 ], [ 107.17808545517974, -6.544335964832761, 0.0 ], [ 107.178161767152034, -6.544487620207331, 0.0 ], [ 107.178283824938745, -6.544990194641667, 0.0 ], [ 107.178230435786105, -6.54518331865507, 0.0 ], [ 107.178039706667292, -6.545501837839343, 0.0 ], [ 107.177879469062418, -6.545681614115075, 0.0 ], [ 107.177795565013469, -6.546028279381435, 0.0 ], [ 107.177803182271219, -6.54633918130795, 0.0 ], [ 107.177909983059436, -6.546566132420963, 0.0 ], [ 107.178260951581848, -6.547070642196253, 0.0 ], [ 107.17864207976838, -6.547529259567533, 0.0 ], [ 107.178863679015777, -6.547795913050738, 0.0 ], [ 107.178878936913563, -6.548121105204743, 0.0 ], [ 107.178863387635431, -6.548141717665992, 0.0 ], [ 107.178772110944337, -6.548262725943879, 0.0 ], [ 107.178444065241564, -6.548606536762094, 0.0 ], [ 107.178199921789172, -6.548815377327646, 0.0 ], [ 107.178123610716241, -6.548991356665592, 0.0 ], [ 107.178077838821338, -6.549269811052785, 0.0 ], [ 107.178131252255639, -6.549385194970583, 0.0 ], [ 107.178177024150543, -6.549443855949058, 0.0 ], [ 107.178665309256843, -6.55000127104163, 0.0 ], [ 107.178741620329674, -6.550290726835453, 0.0 ], [ 107.178787367942846, -6.550633570882471, 0.0 ], [ 107.178680566255352, -6.550881992409909, 0.0 ], [ 107.178566123927652, -6.551181458557345, 0.0 ], [ 107.178581380926161, -6.551711212302482, 0.0 ], [ 107.17868818261374, -6.551972522014129, 0.0 ], [ 107.178978122242668, -6.552387373878013, 0.0 ], [ 107.179191749899559, -6.552559024778972, 0.0 ], [ 107.179695292004283, -6.552821302161185, 0.0 ], [ 107.180038619886503, -6.552893309978138, 0.0 ], [ 107.180664220677414, -6.552942877911363, 0.0 ], [ 107.181114351146576, -6.553073061972139, 0.0 ], [ 107.181274566268371, -6.553191807555727, 0.0 ], [ 107.181335595161769, -6.553349628682295, 0.0 ], [ 107.181366110058065, -6.553538473721368, 0.0 ], [ 107.181305081164751, -6.553677215730804, 0.0 ], [ 107.181274566268371, -6.5538650930994, 0.0 ], [ 107.181266949010606, -6.554230351849046, 0.0 ], [ 107.181327955420926, -6.554370545364243, 0.0 ], [ 107.181526325179945, -6.554532186810871, 0.0 ], [ 107.181785724731569, -6.554578443440242, 0.0 ], [ 107.182502895392474, -6.554641383392958, 0.0 ], [ 107.182708882409159, -6.554699074902217, 0.0 ], [ 107.183004008428426, -6.554809626762683, 0.0 ], [ 107.183853283202581, -6.555127758339232, 0.0 ], [ 107.184150839190067, -6.555336598005415, 0.0 ], [ 107.18433392766876, -6.555554045982284, 0.0 ], [ 107.184356826206752, -6.55565896179148, 0.0 ], [ 107.184410238741691, -6.556093834362766, 0.0 ], [ 107.184478909174487, -6.556265026609545, 0.0 ], [ 107.184616250040108, -6.556493404946497, 0.0 ], [ 107.184669639192663, -6.556551120737488, 0.0 ], [ 107.185295265164498, -6.557362229183319, 0.0 ], [ 107.185432580849096, -6.557704105559861, 0.0 ], [ 107.185539406818322, -6.558367379850552, 0.0 ], [ 107.185516509179692, -6.558523315998102, 0.0 ], [ 107.185432580849096, -6.558614884069449, 0.0 ], [ 107.185058738969786, -6.559026858102825, 0.0 ], [ 107.185058738969786, -6.559240001924351, 0.0 ], [ 107.185173181297486, -6.559648662855313, 0.0 ], [ 107.185409683210466, -6.559980071123253, 0.0 ], [ 107.185470737284888, -6.56019986363269, 0.0 ], [ 107.185531766178286, -6.560355823162514, 0.0 ], [ 107.185722496196476, -6.56061423076201, 0.0 ], [ 107.185966637850214, -6.560838837342278, 0.0 ], [ 107.187141578721111, -6.561601778998707, 0.0 ], [ 107.187645097443479, -6.5617357590979, 0.0 ], [ 107.187835826562292, -6.561679010078105, 0.0 ], [ 107.188110484011787, -6.561509727991357, 0.0 ], [ 107.188331752308713, -6.561404351729241, 0.0 ], [ 107.18878952341791, -6.561308503784282, 0.0 ], [ 107.189148108298724, -6.561371927572193, 0.0 ], [ 107.189438022746728, -6.561482573861568, 0.0 ], [ 107.189590596329111, -6.561612249805329, 0.0 ], [ 107.189689781658302, -6.561798240396346, 0.0 ], [ 107.189834738882311, -6.562329419566861, 0.0 ], [ 107.189880510777115, -6.562900205779734, 0.0 ], [ 107.189926282672019, -6.563076161735317, 0.0 ], [ 107.190162808866731, -6.563450464067468, 0.0 ], [ 107.190200941020791, -6.563567301289766, 0.0 ], [ 107.190506113366581, -6.564357421357716, 0.0 ], [ 107.190620579976013, -6.56512749733599, 0.0 ], [ 107.190605297796409, -6.565252916788502, 0.0 ], [ 107.19042982567602, -6.566039700371764, 0.0 ], [ 107.190330641246277, -6.566419733184006, 0.0 ], [ 107.190414592959243, -6.567542686945274, 0.0 ], [ 107.19055190864384, -6.567895542245274, 0.0 ], [ 107.190552546263135, -6.567896356131744, 0.0 ] ] ] ] } },
{ "type": "Feature", "properties": { "PROVNO": "32", "KABKOTNO": "01", "KECNO": "160", "DESANO": "014", "PROVINSI": "JAWA BARAT", "KABKOT": "BOGOR", "KECAMATAN": "CARIU", "ID2013": "3201160014", "DESA": "CIBATU TIGA", "DESA_1": "CIBATU TIGA", "ID2012": "3201160014", "IDKAB2": "3201", "IDKEC_2": "3201160", "WILAYAH": "TIMUR" }, "geometry": { "type": "MultiPolygon", "coordinates": [ [ [ [ 107.150369999975723, -6.530090000353042, 0.0 ], [ 107.150450000067607, -6.530090000353042, 0.0 ], [ 107.150690000343346, -6.53026999966059, 0.0 ], [ 107.150229999814826, -6.530730000189191, 0.0 ], [ 107.150129999699885, -6.530890000373049, 0.0 ], [ 107.149939999931263, -6.531260000348595, 0.0 ], [ 107.149770000185512, -6.531459999679115, 0.0 ], [ 107.149600000439847, -6.53155999979397, 0.0 ], [ 107.149340375158403, -6.531576571601363, 0.0 ], [ 107.149130000349459, -6.531590000278111, 0.0 ], [ 107.148720000327955, -6.531740000000887, 0.0 ], [ 107.14880000041984, -6.531840000115743, 0.0 ], [ 107.148600000190044, -6.532120000437516, 0.0 ], [ 107.148709999866796, -6.532250000137232, 0.0 ], [ 107.14880000041984, -6.532549999582695, 0.0 ], [ 107.14882000044291, -6.532720000227634, 0.0 ], [ 107.148350000352423, -6.533219999902897, 0.0 ], [ 107.148170000145583, -6.533420000132786, 0.0 ], [ 107.148090000053614, -6.533569999855473, 0.0 ], [ 107.148059999569469, -6.533680000431499, 0.0 ], [ 107.14882000044291, -6.534340000290619, 0.0 ], [ 107.148970000165505, -6.534479999552136, 0.0 ], [ 107.149090000303417, -6.53477999989688, 0.0 ], [ 107.149139999911256, -6.534949999642627, 0.0 ], [ 107.149119999888285, -6.535149999872427, 0.0 ], [ 107.149030000234504, -6.535370000125198, 0.0 ], [ 107.148919999658389, -6.535539999870945, 0.0 ], [ 107.148899999635418, -6.535650000446971, 0.0 ], [ 107.149079999842257, -6.535900000284602, 0.0 ], [ 107.149409999771848, -6.536070000030261, 0.0 ], [ 107.149739999701367, -6.536250000237178, 0.0 ], [ 107.149910000346395, -6.536390000398065, 0.0 ], [ 107.150040000046118, -6.536399999959865, 0.0 ], [ 107.150269999860768, -6.536239999776008, 0.0 ], [ 107.150610000251461, -6.53584999977749, 0.0 ], [ 107.150739999951185, -6.535689999593632, 0.0 ], [ 107.150960000204037, -6.535590000378058, 0.0 ], [ 107.151089999903746, -6.535559999893916, 0.0 ], [ 107.151190000018701, -6.535619999962918, 0.0 ], [ 107.151230000064643, -6.535729999639575, 0.0 ], [ 107.151169999995631, -6.535980000376576, 0.0 ], [ 107.151049999857804, -6.536230000214207, 0.0 ], [ 107.151009999811862, -6.536449999567608, 0.0 ], [ 107.151009999811862, -6.536620000212636, 0.0 ], [ 107.151080000341864, -6.536740000350552, 0.0 ], [ 107.151459999879208, -6.536839999566126, 0.0 ], [ 107.151600416426305, -6.536923490826254, 0.0 ], [ 107.151807955672808, -6.537046893099543, 0.0 ], [ 107.151829999854755, -6.537059999818986, 0.0 ], [ 107.151912887669852, -6.537108350969447, 0.0 ], [ 107.151949999992667, -6.53713000034907, 0.0 ], [ 107.152050000107621, -6.537110000326098, 0.0 ], [ 107.152070000130593, -6.537240000025815, 0.0 ], [ 107.152090000153564, -6.537329999679589, 0.0 ], [ 107.152099999715361, -6.537400000209672, 0.0 ], [ 107.152099999715361, -6.537469999840475, 0.0 ], [ 107.152050000107621, -6.53779000020819, 0.0 ], [ 107.152259999899215, -6.538679999881971, 0.0 ], [ 107.152259999899215, -6.539020000272657, 0.0 ], [ 107.152199999830302, -6.539310000156231, 0.0 ], [ 107.152099999715361, -6.539539999970891, 0.0 ], [ 107.151990000038708, -6.53972000017772, 0.0 ], [ 107.151929999969695, -6.53994999999238, 0.0 ], [ 107.151929999969695, -6.540170000245151, 0.0 ], [ 107.15203000008465, -6.540440000105754, 0.0 ], [ 107.152179999807331, -6.540709999966356, 0.0 ], [ 107.152210000291475, -6.540899999734986, 0.0 ], [ 107.152250000337418, -6.541130000449016, 0.0 ], [ 107.152310000406331, -6.541249999687562, 0.0 ], [ 107.152620000312965, -6.541409999871419, 0.0 ], [ 107.153010000311482, -6.541659999709051, 0.0 ], [ 107.153619999663405, -6.541890000422992, 0.0 ], [ 107.15393487929137, -6.542145307159988, 0.0 ], [ 107.153989999638952, -6.542189999868455, 0.0 ], [ 107.154029999684894, -6.542499999775, 0.0 ], [ 107.154060000169039, -6.542630000374086, 0.0 ], [ 107.154129999799835, -6.542709999566689, 0.0 ], [ 107.154350000052688, -6.54272999958966, 0.0 ], [ 107.154610000351411, -6.542709999566689, 0.0 ], [ 107.154840000166075, -6.542780000096773, 0.0 ], [ 107.155090000003696, -6.542900000234688, 0.0 ], [ 107.1555000000251, -6.543350000302119, 0.0 ], [ 107.155729999839849, -6.543649999747494, 0.0 ], [ 107.155840000415878, -6.543990000138269, 0.0 ], [ 107.155829999954705, -6.544349999652557, 0.0 ], [ 107.155809999931734, -6.544819999743048, 0.0 ], [ 107.155820000392822, -6.544939999880874, 0.0 ], [ 107.155849999977676, -6.545019999972848, 0.0 ], [ 107.154880000212017, -6.545140000110763, 0.0 ], [ 107.15474000005112, -6.544480000251642, 0.0 ], [ 107.153938991891152, -6.54453058981467, 0.0 ], [ 107.153790000308433, -6.544540000320556, 0.0 ], [ 107.153779999847259, -6.545389999948394, 0.0 ], [ 107.153779999847259, -6.54571000031611, 0.0 ], [ 107.153790000308433, -6.545869999600686, 0.0 ], [ 107.153779999847259, -6.546069999830486, 0.0 ], [ 107.153779999847259, -6.546379999737031, 0.0 ], [ 107.153750000262491, -6.546720000127717, 0.0 ], [ 107.153599999640434, -6.54723000026415, 0.0 ], [ 107.153409999871798, -6.547700000354553, 0.0 ], [ 107.15322000010309, -6.547990000238126, 0.0 ], [ 107.153010000311482, -6.548409999821505, 0.0 ], [ 107.152799999620512, -6.54891999995785, 0.0 ], [ 107.152660000358907, -6.549289999933396, 0.0 ], [ 107.152580000267022, -6.549670000370025, 0.0 ], [ 107.152560000243966, -6.55000999986143, 0.0 ], [ 107.152600000289993, -6.550239999676091, 0.0 ], [ 107.152669999920789, -6.550499999974893, 0.0 ], [ 107.152810000081587, -6.550729999789464, 0.0 ], [ 107.153039999896251, -6.550939999581153, 0.0 ], [ 107.153082944322577, -6.550976503062991, 0.0 ], [ 107.153440000355857, -6.55127999997184, 0.0 ], [ 107.153819999893201, -6.551569999855502, 0.0 ], [ 107.154129999799835, -6.551770000085302, 0.0 ], [ 107.154499999775382, -6.551979999876991, 0.0 ], [ 107.154909999796786, -6.552189999668592, 0.0 ], [ 107.155370000325476, -6.552389999898391, 0.0 ], [ 107.155970000115587, -6.552559999644139, 0.0 ], [ 107.156449999767887, -6.552650000197193, 0.0 ], [ 107.156759999674421, -6.552739999850967, 0.0 ], [ 107.157200000179969, -6.552920000057796, 0.0 ], [ 107.157510000086603, -6.553140000310567, 0.0 ], [ 107.157889999623947, -6.553419999733059, 0.0 ], [ 107.15816000038383, -6.553639999985919, 0.0 ], [ 107.158120000337888, -6.553720000077803, 0.0 ], [ 107.157989999738803, -6.55407000003029, 0.0 ], [ 107.157900000085121, -6.554310000306121, 0.0 ], [ 107.157799999970266, -6.554830000004355, 0.0 ], [ 107.157730000339456, -6.55495000014227, 0.0 ], [ 107.157590000178487, -6.5549399996811, 0.0 ], [ 107.157260000248968, -6.554859999589127, 0.0 ], [ 107.156600000389858, -6.554620000212665, 0.0 ], [ 107.156239999976194, -6.55448999961358, 0.0 ], [ 107.156039999746397, -6.554469999590609, 0.0 ], [ 107.155840000415878, -6.554509999636551, 0.0 ], [ 107.155210000141523, -6.55470000030455, 0.0 ], [ 107.155049999957754, -6.554680000281579, 0.0 ], [ 107.154769999635988, -6.554620000212665, 0.0 ], [ 107.154679999982207, -6.554509999636551, 0.0 ], [ 107.15445999972944, -6.554259999799008, 0.0 ], [ 107.154269999960718, -6.554130000099292, 0.0 ], [ 107.154189999868748, -6.55407000003029, 0.0 ], [ 107.154020000123097, -6.554079999592179, 0.0 ], [ 107.153380000286944, -6.554210000191176, 0.0 ], [ 107.153260000149118, -6.554319999867921, 0.0 ], [ 107.153113555446438, -6.554389735997326, 0.0 ], [ 107.153050000357425, -6.554419999982866, 0.0 ], [ 107.153022844428904, -6.554427339350113, 0.0 ], [ 107.152680000381878, -6.554520000097721, 0.0 ], [ 107.152560000243966, -6.554440000005837, 0.0 ], [ 107.152310000406331, -6.554210000191176, 0.0 ], [ 107.152179999807331, -6.554210000191176, 0.0 ], [ 107.151909999946724, -6.554210000191176, 0.0 ], [ 107.151669999670901, -6.554219999752977, 0.0 ], [ 107.151450000317411, -6.554219999752977, 0.0 ], [ 107.151379999787324, -6.554119999638122, 0.0 ], [ 107.151230000064643, -6.553720000077803, 0.0 ], [ 107.151129999949688, -6.553559999893945, 0.0 ], [ 107.150969999765834, -6.553499999824943, 0.0 ], [ 107.150599999790387, -6.553399999710088, 0.0 ], [ 107.150439999606434, -6.553260000448482, 0.0 ], [ 107.14981000023154, -6.552320000267589, 0.0 ], [ 107.149690000093628, -6.552269999760565, 0.0 ], [ 107.149589999978687, -6.552229999714534, 0.0 ], [ 107.149179999957198, -6.55216000008382, 0.0 ], [ 107.148760000373898, -6.552079999991847, 0.0 ], [ 107.148239999776393, -6.552039999945904, 0.0 ], [ 107.148033998370494, -6.552034850427848, 0.0 ], [ 107.14737209464667, -6.551486799975716, 0.0 ], [ 107.147107425067787, -6.551366851099107, 0.0 ], [ 107.146864673765805, -6.551224793289414, 0.0 ], [ 107.146467645565536, -6.551039365674018, 0.0 ], [ 107.146123351811397, -6.55092343406908, 0.0 ], [ 107.146015728143553, -6.550887194987922, 0.0 ], [ 107.145574393943349, -6.55063591091837, 0.0 ], [ 107.144957617300349, -6.550539481112008, 0.0 ], [ 107.144471834108089, -6.550189319281543, 0.0 ], [ 107.144468703568009, -6.550187165405177, 0.0 ], [ 107.144074431789761, -6.549915831849997, 0.0 ], [ 107.144051865101687, -6.549909615735974, 0.0 ], [ 107.143861116197712, -6.549857080040091, 0.0 ], [ 107.143523457641578, -6.549764081147238, 0.0 ], [ 107.14322591244607, -6.549677292073266, 0.0 ], [ 107.142586418028927, -6.549415842966635, 0.0 ], [ 107.14198055375968, -6.549297347394525, 0.0 ], [ 107.141435897348956, -6.549278987734866, 0.0 ], [ 107.141110914737112, -6.549268033992419, 0.0 ], [ 107.14090902143441, -6.549284841422178, 0.0 ], [ 107.140274716105438, -6.549337644216759, 0.0 ], [ 107.140050739050579, -6.549367651895501, 0.0 ], [ 107.139680702202838, -6.549417227922518, 0.0 ], [ 107.139273890277977, -6.549518029333381, 0.0 ], [ 107.138977703958062, -6.549750447424998, 0.0 ], [ 107.138857243367312, -6.549894056565311, 0.0 ], [ 107.138406592190677, -6.55003907404387, 0.0 ], [ 107.138087455172084, -6.550051440621321, 0.0 ], [ 107.137971030738612, -6.550046645436183, 0.0 ], [ 107.137470000440302, -6.549909999746575, 0.0 ], [ 107.13723000016455, -6.549829999654602, 0.0 ], [ 107.137130000049609, -6.549710000416056, 0.0 ], [ 107.136769999635959, -6.54957999981697, 0.0 ], [ 107.136610000351467, -6.549550000232198, 0.0 ], [ 107.136280000421863, -6.549570000255169, 0.0 ], [ 107.136212346223004, -6.549592550755481, 0.0 ], [ 107.136100000215038, -6.549630000324083, 0.0 ], [ 107.135819999893258, -6.549789999608571, 0.0 ], [ 107.135329999779884, -6.550259999699062, 0.0 ], [ 107.1349613631766, -6.550769069936493, 0.0 ], [ 107.134480501074464, -6.550804290985059, 0.0 ], [ 107.134084035849725, -6.550750938704688, 0.0 ], [ 107.133521400192635, -6.550445122444284, 0.0 ], [ 107.132981431947684, -6.550293310587687, 0.0 ], [ 107.132496962664845, -6.550251340127069, 0.0 ], [ 107.13196926297131, -6.550396678663652, 0.0 ], [ 107.131519262004502, -6.550695792276819, 0.0 ], [ 107.131190191074623, -6.550961369271615, 0.0 ], [ 107.130861353069179, -6.551281982976978, 0.0 ], [ 107.130520853554728, -6.551448541017137, 0.0 ], [ 107.130137519331257, -6.551835173954004, 0.0 ], [ 107.12997207285305, -6.551814118126877, 0.0 ], [ 107.129232366081027, -6.552175686958197, 0.0 ], [ 107.128972540250672, -6.552302689217573, 0.0 ], [ 107.128236225721409, -6.55256999291062, 0.0 ], [ 107.127904699642286, -6.552699578022949, 0.0 ], [ 107.127609882989873, -6.552814813552601, 0.0 ], [ 107.126839987775355, -6.552950167815865, 0.0 ], [ 107.12579712134027, -6.553604031600671, 0.0 ], [ 107.125181036275976, -6.553672686744996, 0.0 ], [ 107.124731118946187, -6.553993811265215, 0.0 ], [ 107.124127018247478, -6.554293573289574, 0.0 ], [ 107.123578180888543, -6.554648138200871, 0.0 ], [ 107.122917646832107, -6.554617911087615, 0.0 ], [ 107.122539451334788, -6.554866865013622, 0.0 ], [ 107.122180000406843, -6.554740000350581, 0.0 ], [ 107.122000000200003, -6.553920000307603, 0.0 ], [ 107.121880000062092, -6.553120000287596, 0.0 ], [ 107.121889999623889, -6.55195999985402, 0.0 ], [ 107.121929999669931, -6.550970000065295, 0.0 ], [ 107.121989999738844, -6.549920000207656, 0.0 ], [ 107.122049999807842, -6.549410000071312, 0.0 ], [ 107.122239999576465, -6.548610000051305, 0.0 ], [ 107.12237000017555, -6.547460000078811, 0.0 ], [ 107.122570000405346, -6.546350000152259, 0.0 ], [ 107.122720000128041, -6.545329999879392, 0.0 ], [ 107.122660000059128, -6.545169999695624, 0.0 ], [ 107.122672017699614, -6.545127936604835, 0.0 ], [ 107.122720000128041, -6.544959999903934, 0.0 ], [ 107.122760000173983, -6.544139999860956, 0.0 ], [ 107.122775119576247, -6.543975841211971, 0.0 ], [ 107.122829999804793, -6.54337999988698, 0.0 ], [ 107.122900000334965, -6.542459999729058, 0.0 ], [ 107.122900000334965, -6.541650142240076, 0.0 ], [ 107.122900000334965, -6.541440000355561, 0.0 ], [ 107.122771944070081, -6.54088295668295, 0.0 ], [ 107.12270000010507, -6.54056999980547, 0.0 ], [ 107.122640000036156, -6.540259999898925, 0.0 ], [ 107.122609999552012, -6.540110000176149, 0.0 ], [ 107.122539999921216, -6.539909999946349, 0.0 ], [ 107.122479999852303, -6.539820000292575, 0.0 ], [ 107.121759999924265, -6.53949000036306, 0.0 ], [ 107.121584421683878, -6.539047544708279, 0.0 ], [ 107.121571717860633, -6.539015529742755, 0.0 ], [ 107.12151000008663, -6.5388600000888, 0.0 ], [ 107.121550000132572, -6.538369999975338, 0.0 ], [ 107.121710000316426, -6.538060000068793, 0.0 ], [ 107.122129999899727, -6.537540000370559, 0.0 ], [ 107.122720000128041, -6.536780000396583, 0.0 ], [ 107.123050000057646, -6.536330000329063, 0.0 ], [ 107.123190000218528, -6.536139999661064, 0.0 ], [ 107.12342999959499, -6.535980000376576, 0.0 ], [ 107.124380000236968, -6.535399999710059, 0.0 ], [ 107.124341925639541, -6.535353767362331, 0.0 ], [ 107.123259999849239, -6.534039999945875, 0.0 ], [ 107.122749999712909, -6.533329999579642, 0.0 ], [ 107.123010000011703, -6.532990000088237, 0.0 ], [ 107.123110000126559, -6.532680000181692, 0.0 ], [ 107.123219999803297, -6.532190000068319, 0.0 ], [ 107.1232100002415, -6.531650000347113, 0.0 ], [ 107.123159999734384, -6.531350000002369, 0.0 ], [ 107.123139999711412, -6.53114999977257, 0.0 ], [ 107.123070000080617, -6.530790000258193, 0.0 ], [ 107.122929999919734, -6.53026999966059, 0.0 ], [ 107.122949999942705, -6.529700000354612, 0.0 ], [ 107.123030000034674, -6.529150000172237, 0.0 ], [ 107.123110000126559, -6.528900000334605, 0.0 ], [ 107.123170000195472, -6.528129999899459, 0.0 ], [ 107.12327999987231, -6.527730000339051, 0.0 ], [ 107.123449999617961, -6.527550000132223, 0.0 ], [ 107.123839999616479, -6.527260000248649, 0.0 ], [ 107.124050000307449, -6.527189999718566, 0.0 ], [ 107.124269999660939, -6.52706999958065, 0.0 ], [ 107.124449999867778, -6.527010000411018, 0.0 ], [ 107.124839999866282, -6.526970000365075, 0.0 ], [ 107.12500000005015, -6.526990000388047, 0.0 ], [ 107.125100000165091, -6.526999999949847, 0.0 ], [ 107.125289999933727, -6.527039999995878, 0.0 ], [ 107.126020000322924, -6.526999999949847, 0.0 ], [ 107.126100000414809, -6.526999999949847, 0.0 ], [ 107.126399999860269, -6.526859999788961, 0.0 ], [ 107.126860000388874, -6.526690000043303, 0.0 ], [ 107.126959999604452, -6.52664000043556, 0.0 ], [ 107.127409999671883, -6.526589999928358, 0.0 ], [ 107.127620000362938, -6.526670000020331, 0.0 ], [ 107.127870000200488, -6.526819999743019, 0.0 ], [ 107.128590000128511, -6.527420000432507, 0.0 ], [ 107.128690000243466, -6.527459999579168, 0.0 ], [ 107.128889999573971, -6.527389999948365, 0.0 ], [ 107.12906999978081, -6.527249999787479, 0.0 ], [ 107.129310000056634, -6.527109999626681, 0.0 ], [ 107.1294799998023, -6.52706999958065, 0.0 ], [ 107.129800000170093, -6.527240000225678, 0.0 ], [ 107.13029000028348, -6.52749000006331, 0.0 ], [ 107.131050000257446, -6.527550000132223, 0.0 ], [ 107.131469999840832, -6.52771000031608, 0.0 ], [ 107.131699999655396, -6.527829999554715, 0.0 ], [ 107.131979999977176, -6.527960000153712, 0.0 ], [ 107.132380000436854, -6.528069999830457, 0.0 ], [ 107.132539999721345, -6.528049999807486, 0.0 ], [ 107.132619999813329, -6.528000000199743, 0.0 ], [ 107.132759999974212, -6.527840000015797, 0.0 ], [ 107.132829937551804, -6.527783174553683, 0.0 ], [ 107.132920000158066, -6.52771000031608, 0.0 ], [ 107.133089999903717, -6.527599999740055, 0.0 ], [ 107.133339999741352, -6.527550000132223, 0.0 ], [ 107.133749999762841, -6.527530000109252, 0.0 ], [ 107.13394000043084, -6.527599999740055, 0.0 ], [ 107.134139999761359, -6.527659999808968, 0.0 ], [ 107.134330000429358, -6.527730000339051, 0.0 ], [ 107.134469999690879, -6.527670000270138, 0.0 ], [ 107.134549999782848, -6.527579999716995, 0.0 ], [ 107.134790000058587, -6.52728000027162, 0.0 ], [ 107.134850000127599, -6.527450000017367, 0.0 ], [ 107.135110000426394, -6.527519999648081, 0.0 ], [ 107.135162733073884, -6.527467267000588, 0.0 ], [ 107.135240000126117, -6.527389999948365, 0.0 ], [ 107.135289999733857, -6.527220000202707, 0.0 ], [ 107.135369999825826, -6.526950000342104, 0.0 ], [ 107.135500000424827, -6.526699999605103, 0.0 ], [ 107.135770000285433, -6.526159999883898, 0.0 ], [ 107.135844959677371, -6.526022879352258, 0.0 ], [ 107.136180000306922, -6.525410000371004, 0.0 ], [ 107.136280000421863, -6.525190000118233, 0.0 ], [ 107.136399999660497, -6.52492000025763, 0.0 ], [ 107.136659999959207, -6.52449000021317, 0.0 ], [ 107.136949999842784, -6.524089999753571, 0.0 ], [ 107.137179999657448, -6.523879999961881, 0.0 ], [ 107.137319999818331, -6.523730000239105, 0.0 ], [ 107.13754999963291, -6.523590000078308, 0.0 ], [ 107.13776000032388, -6.523469999940392, 0.0 ], [ 107.138119999838338, -6.523340000240676, 0.0 ], [ 107.138640000435856, -6.523180000056819, 0.0 ], [ 107.139229999764808, -6.522959999803959, 0.0 ], [ 107.140089999853814, -6.522649999897414, 0.0 ], [ 107.14020999999164, -6.523070000380073, 0.0 ], [ 107.140450000267464, -6.523539999571106, 0.0 ], [ 107.140749999712938, -6.523989999638626, 0.0 ], [ 107.141279999872239, -6.524599999889915, 0.0 ], [ 107.141709999916714, -6.524900000234659, 0.0 ], [ 107.14252000039788, -6.525040000395546, 0.0 ], [ 107.14302000007315, -6.525170000095262, 0.0 ], [ 107.14335000000267, -6.52535000030209, 0.0 ], [ 107.144350000252473, -6.525820000392581, 0.0 ], [ 107.144760000273962, -6.526150000322097, 0.0 ], [ 107.145039999696365, -6.526380000136758, 0.0 ], [ 107.145349999602999, -6.526670000020331, 0.0 ], [ 107.145719999578461, -6.527189999718566, 0.0 ], [ 107.146149999622907, -6.527530000109252, 0.0 ], [ 107.146570000105569, -6.527810000431025, 0.0 ], [ 107.147220000402896, -6.528180000406483, 0.0 ], [ 107.147619999963212, -6.528419999783033, 0.0 ], [ 107.148119999638382, -6.528729999689578, 0.0 ], [ 107.148529999659957, -6.528980000426579, 0.0 ], [ 107.14880000041984, -6.529150000172237, 0.0 ], [ 107.14915000037243, -6.529379999986897, 0.0 ], [ 107.149569999955716, -6.52964000028561, 0.0 ], [ 107.149799999770281, -6.529780000446497, 0.0 ], [ 107.150000000000176, -6.529879999662072, 0.0 ], [ 107.150369999975723, -6.530090000353042, 0.0 ] ] ] ] } },
{ "type": "Feature", "properties": { "PROVNO": "32", "KABKOTNO": "01", "KECNO": "160", "DESANO": "015", "PROVINSI": "JAWA BARAT", "KABKOT": "BOGOR", "KECAMATAN": "CARIU", "ID2013": "3201160015", "DESA": "MEKARWANGI", "DESA_1": "MEKARWANGI", "ID2012": "3201160015", "IDKAB2": "3201", "IDKEC_2": "3201160", "WILAYAH": "TIMUR" }, "geometry": { "type": "MultiPolygon", "coordinates": [ [ [ [ 107.114667628808178, -6.510466580168419, 0.0 ], [ 107.114678554671769, -6.51065886331569, 0.0 ], [ 107.114734044640656, -6.510779616186237, 0.0 ], [ 107.114723922770992, -6.51098863211951, 0.0 ], [ 107.114769060643823, -6.511263409178838, 0.0 ], [ 107.1147368073579, -6.511439521616449, 0.0 ], [ 107.114561412579292, -6.511572240866084, 0.0 ], [ 107.114463408959324, -6.511803622938697, 0.0 ], [ 107.114409392979269, -6.512034819750969, 0.0 ], [ 107.114377231424257, -6.51223293140454, 0.0 ], [ 107.114357311440898, -6.51290545881972, 0.0 ], [ 107.114517048123446, -6.512923890425029, 0.0 ], [ 107.114570000205461, -6.51293000041905, 0.0 ], [ 107.115100000364947, -6.51293000041905, 0.0 ], [ 107.115780000247042, -6.512939999980851, 0.0 ], [ 107.115916344663688, -6.512951855743356, 0.0 ], [ 107.116700000404876, -6.513020000072824, 0.0 ], [ 107.117289999733913, -6.513209999841454, 0.0 ], [ 107.117779999847286, -6.513499999725028, 0.0 ], [ 107.118820000143046, -6.513650000347084, 0.0 ], [ 107.119450000417388, -6.513439999656114, 0.0 ], [ 107.11997743840827, -6.513264186692727, 0.0 ], [ 107.120050000207499, -6.513240000325595, 0.0 ], [ 107.121039999996142, -6.51335000000234, 0.0 ], [ 107.121699999855352, -6.513359999564141, 0.0 ], [ 107.122290000083666, -6.513280000371537, 0.0 ], [ 107.122928691406173, -6.513184673133967, 0.0 ], [ 107.122960000403879, -6.513180000256593, 0.0 ], [ 107.12298000042685, -6.514009999861461, 0.0 ], [ 107.123119999688441, -6.514490000413033, 0.0 ], [ 107.123259999849239, -6.515119999788013, 0.0 ], [ 107.12356000019399, -6.515549999832473, 0.0 ], [ 107.123675761827158, -6.515770499209008, 0.0 ], [ 107.123769999985683, -6.515950000292072, 0.0 ], [ 107.123782318899117, -6.516036231786551, 0.0 ], [ 107.123788355148662, -6.516078483734891, 0.0 ], [ 107.123839999616479, -6.516440000405535, 0.0 ], [ 107.123720000377844, -6.516770000335139, 0.0 ], [ 107.123139999711412, -6.517129999849427, 0.0 ], [ 107.122819374314872, -6.517528826693777, 0.0 ], [ 107.122729999689938, -6.51763999998586, 0.0 ], [ 107.122550000382375, -6.518000000399518, 0.0 ], [ 107.122399999760418, -6.518449999567668, 0.0 ], [ 107.122387271655441, -6.518609100429487, 0.0 ], [ 107.122339999691405, -6.519199999979843, 0.0 ], [ 107.122397024803064, -6.519934982613265, 0.0 ], [ 107.122430000244464, -6.520360000413508, 0.0 ], [ 107.122530000359404, -6.521350000202144, 0.0 ], [ 107.122620000013185, -6.522210000291153, 0.0 ], [ 107.122620000013185, -6.522970000265129, 0.0 ], [ 107.122590000428417, -6.523830000354049, 0.0 ], [ 107.12256797693081, -6.524072257028859, 0.0 ], [ 107.122530000359404, -6.52449000021317, 0.0 ], [ 107.122390000198521, -6.525049999957346, 0.0 ], [ 107.122239999576465, -6.525580000116751, 0.0 ], [ 107.12227000006061, -6.525919999608067, 0.0 ], [ 107.122330000129608, -6.526340000090816, 0.0 ], [ 107.122219999553494, -6.526280000021814, 0.0 ], [ 107.122029999784871, -6.526329999629645, 0.0 ], [ 107.121610000201571, -6.526699999605103, 0.0 ], [ 107.121479999602485, -6.526810000181218, 0.0 ], [ 107.121380000386836, -6.526819999743019, 0.0 ], [ 107.121300000294951, -6.526779999697077, 0.0 ], [ 107.121180000157025, -6.526329999629645, 0.0 ], [ 107.121129999649924, -6.526210000391011, 0.0 ], [ 107.120950000342461, -6.526079999792014, 0.0 ], [ 107.120520000298001, -6.526019999723101, 0.0 ], [ 107.120199999930193, -6.526019999723101, 0.0 ], [ 107.119919999608413, -6.526090000253095, 0.0 ], [ 107.119720000277908, -6.526179999906869, 0.0 ], [ 107.119589999678908, -6.526340000090816, 0.0 ], [ 107.119470000440359, -6.526560000343586, 0.0 ], [ 107.119319999818302, -6.526670000020331, 0.0 ], [ 107.119040000395898, -6.526739999651134, 0.0 ], [ 107.118929999819784, -6.526690000043303, 0.0 ], [ 107.118599999890264, -6.526280000021814, 0.0 ], [ 107.118539999821351, -6.52619000036804, 0.0 ], [ 107.118490000213527, -6.525950000092298, 0.0 ], [ 107.118410000121543, -6.525930000069327, 0.0 ], [ 107.118300000444805, -6.525999999700041, 0.0 ], [ 107.118200000329949, -6.526150000322097, 0.0 ], [ 107.117870000400345, -6.52664000043556, 0.0 ], [ 107.117770000285489, -6.52685000022716, 0.0 ], [ 107.117690000193519, -6.527200000179647, 0.0 ], [ 107.117540915081349, -6.527923061400056, 0.0 ], [ 107.117489999963709, -6.528169999945401, 0.0 ], [ 107.117349999802826, -6.528230000014315, 0.0 ], [ 107.117119999988176, -6.528259999599086, 0.0 ], [ 107.116859999689368, -6.528299999645117, 0.0 ], [ 107.116810000081628, -6.528399999760062, 0.0 ], [ 107.116799999620454, -6.528570000405001, 0.0 ], [ 107.116839999666396, -6.528880000311634, 0.0 ], [ 107.116810000081628, -6.529139999711067, 0.0 ], [ 107.116779999597483, -6.529290000333123, 0.0 ], [ 107.116620000312906, -6.52942000003284, 0.0 ], [ 107.116489999713906, -6.529330000379066, 0.0 ], [ 107.116219999853314, -6.529139999711067, 0.0 ], [ 107.116090000153591, -6.529139999711067, 0.0 ], [ 107.116039999646389, -6.52919999977998, 0.0 ], [ 107.116030000084592, -6.529350000402037, 0.0 ], [ 107.116059999669361, -6.529480000101753, 0.0 ], [ 107.116079999692417, -6.529560000193637, 0.0 ], [ 107.116199999830343, -6.529720000377583, 0.0 ], [ 107.116380000037168, -6.529879999662072, 0.0 ], [ 107.116389999598965, -6.529979999777016, 0.0 ], [ 107.116330000429329, -6.530099999914931, 0.0 ], [ 107.116239999876285, -6.530170000445015, 0.0 ], [ 107.116070000130534, -6.530249999637618, 0.0 ], [ 107.115880000361898, -6.530389999798505, 0.0 ], [ 107.115600000040132, -6.53069999970505, 0.0 ], [ 107.11543980740133, -6.530879039435913, 0.0 ], [ 107.115259999649439, -6.531080000141767, 0.0 ], [ 107.11498000022695, -6.531390000048312, 0.0 ], [ 107.114750000412386, -6.531719999977827, 0.0 ], [ 107.114679999882213, -6.531949999792488, 0.0 ], [ 107.11469999990527, -6.53221000009129, 0.0 ], [ 107.114670000320402, -6.532370000275147, 0.0 ], [ 107.114599999790329, -6.53241999988289, 0.0 ], [ 107.114140000161086, -6.532589999628637, 0.0 ], [ 107.113950000392379, -6.532529999559724, 0.0 ], [ 107.113839999816349, -6.532529999559724, 0.0 ], [ 107.113730000139597, -6.53262999967458, 0.0 ], [ 107.113580000416817, -6.532849999927439, 0.0 ], [ 107.113460000278991, -6.532990000088237, 0.0 ], [ 107.113240000026138, -6.533150000272183, 0.0 ], [ 107.112970000165532, -6.533460000178728, 0.0 ], [ 107.112689999843766, -6.533640000385557, 0.0 ], [ 107.112170000145525, -6.533830000154275, 0.0 ], [ 107.111700000055123, -6.533970000315072, 0.0 ], [ 107.111619999963153, -6.534079999991818, 0.0 ], [ 107.111359999664444, -6.53457000010528, 0.0 ], [ 107.111260000448866, -6.53498999968857, 0.0 ], [ 107.111220000402838, -6.535479999801943, 0.0 ], [ 107.11112999984978, -6.535689999593632, 0.0 ], [ 107.110889999574042, -6.536009999961347, 0.0 ], [ 107.110530000059569, -6.536359999913923, 0.0 ], [ 107.110240000175992, -6.536580000166694, 0.0 ], [ 107.109890000223515, -6.536890000073328, 0.0 ], [ 107.109719999578488, -6.537110000326098, 0.0 ], [ 107.109629999924707, -6.537199999979872, 0.0 ], [ 107.109010000111624, -6.537500000324616, 0.0 ], [ 107.108840000365873, -6.537670000070275, 0.0 ], [ 107.108669999720846, -6.537819999792962, 0.0 ], [ 107.108299999745384, -6.53800999956168, 0.0 ], [ 107.108020000322895, -6.53822000025265, 0.0 ], [ 107.107829999654896, -6.538280000321564, 0.0 ], [ 107.107550000232493, -6.538229999814451, 0.0 ], [ 107.107180000256946, -6.537959999953937, 0.0 ], [ 107.107000000050206, -6.537710000116217, 0.0 ], [ 107.106759999774368, -6.537229999564644, 0.0 ], [ 107.106540000420893, -6.53672000032758, 0.0 ], [ 107.106389999798836, -6.53607999959215, 0.0 ], [ 107.106249999637939, -6.535720000077774, 0.0 ], [ 107.106030000284449, -6.535379999687088, 0.0 ], [ 107.105704276631243, -6.535039126953937, 0.0 ], [ 107.105600000239988, -6.534929999619656, 0.0 ], [ 107.104989999988703, -6.534409999921422, 0.0 ], [ 107.104390000198492, -6.533950000292101, 0.0 ], [ 107.104089647319569, -6.533745505250668, 0.0 ], [ 107.10392000010809, -6.533629999924386, 0.0 ], [ 107.103439999556514, -6.533369999625585, 0.0 ], [ 107.10331467902941, -6.533300857048765, 0.0 ], [ 107.102859999789374, -6.533050000157239, 0.0 ], [ 107.102369999675915, -6.53284000036555, 0.0 ], [ 107.102030000184499, -6.532729999789524, 0.0 ], [ 107.101740000300936, -6.532709999766464, 0.0 ], [ 107.101439999956185, -6.532829999904468, 0.0 ], [ 107.10142263584612, -6.532856046069515, 0.0 ], [ 107.101299999795302, -6.533039999696069, 0.0 ], [ 107.10125999974936, -6.533290000432981, 0.0 ], [ 107.10125999974936, -6.533660000408528, 0.0 ], [ 107.101170000095578, -6.534019999922904, 0.0 ], [ 107.100530000259525, -6.534949999642627, 0.0 ], [ 107.099480000401883, -6.535700000054803, 0.0 ], [ 107.098729999989715, -6.536029999984319, 0.0 ], [ 107.097780000247013, -6.536480000051839, 0.0 ], [ 107.097299999695352, -6.536580000166694, 0.0 ], [ 107.096989999788804, -6.536629999774526, 0.0 ], [ 107.096785116240284, -6.536710171637008, 0.0 ], [ 107.096759999974239, -6.53672000032758, 0.0 ], [ 107.096619999813271, -6.536839999566126, 0.0 ], [ 107.096479999652473, -6.537059999818986, 0.0 ], [ 107.09641999958346, -6.537320000117788, 0.0 ], [ 107.09641999958346, -6.538340000390477, 0.0 ], [ 107.09634999995275, -6.538450000067311, 0.0 ], [ 107.09620000022997, -6.538579999767027, 0.0 ], [ 107.095870000300465, -6.538710000366024, 0.0 ], [ 107.095280000072137, -6.538829999604658, 0.0 ], [ 107.094720000327968, -6.538880000111771, 0.0 ], [ 107.094199999730364, -6.538849999627629, 0.0 ], [ 107.093639999986181, -6.538759999973855, 0.0 ], [ 107.093270000010634, -6.538630000274139, 0.0 ], [ 107.092900000035172, -6.538380000436508, 0.0 ], [ 107.092659999759348, -6.538140000160677, 0.0 ], [ 107.092249999737859, -6.537619999563162, 0.0 ], [ 107.09205000040734, -6.537269999610675, 0.0 ], [ 107.091999999900224, -6.536970000165212, 0.0 ], [ 107.092030000384369, -6.536700000304609, 0.0 ], [ 107.092100000015165, -6.536449999567608, 0.0 ], [ 107.092269999760831, -6.536130000099263, 0.0 ], [ 107.092699999805376, -6.535370000125198, 0.0 ], [ 107.092819999943202, -6.534940000080738, 0.0 ], [ 107.092859999989145, -6.534590000128251, 0.0 ], [ 107.092839999966174, -6.534180000106762, 0.0 ], [ 107.092759999874289, -6.53393999983102, 0.0 ], [ 107.092610000151609, -6.533750000062302, 0.0 ], [ 107.092469999990627, -6.533680000431499, 0.0 ], [ 107.092209999691917, -6.533629999924386, 0.0 ], [ 107.091819999693399, -6.533620000362586, 0.0 ], [ 107.091460000179026, -6.533580000316555, 0.0 ], [ 107.09119000031842, -6.533469999740529, 0.0 ], [ 107.090560000044164, -6.533179999856955, 0.0 ], [ 107.090370000275442, -6.533170000295154, 0.0 ], [ 107.090150000022675, -6.533230000364068, 0.0 ], [ 107.089929999769808, -6.533360000063784, 0.0 ], [ 107.089650000347405, -6.533509999786471, 0.0 ], [ 107.089530000209493, -6.53350000022467, 0.0 ], [ 107.089410000071581, -6.533460000178728, 0.0 ], [ 107.089459999679406, -6.533409999671527, 0.0 ], [ 107.089519999748319, -6.533259999948839, 0.0 ], [ 107.08953999977129, -6.53284000036555, 0.0 ], [ 107.08953999977129, -6.532689999743493, 0.0 ], [ 107.08963999988633, -6.532549999582695, 0.0 ], [ 107.089809999631896, -6.53245000036712, 0.0 ], [ 107.089989999838821, -6.532410000321089, 0.0 ], [ 107.090660000159104, -6.532680000181692, 0.0 ], [ 107.090869999950712, -6.532769999835466, 0.0 ], [ 107.091050000157537, -6.532789999858437, 0.0 ], [ 107.091159999834275, -6.532740000250694, 0.0 ], [ 107.09168999999369, -6.532040000345631, 0.0 ], [ 107.091910000246543, -6.531740000000887, 0.0 ], [ 107.092109999577062, -6.53155999979397, 0.0 ], [ 107.092280000222004, -6.531479999702086, 0.0 ], [ 107.092759999874289, -6.531499999725057, 0.0 ], [ 107.092980000127056, -6.531499999725057, 0.0 ], [ 107.093249999987663, -6.531390000048312, 0.0 ], [ 107.093610000401412, -6.531229999864454, 0.0 ], [ 107.093940000330932, -6.53114999977257, 0.0 ], [ 107.094370000375392, -6.531089999703568, 0.0 ], [ 107.094740000350939, -6.531000000049794, 0.0 ], [ 107.095309999656905, -6.530779999797023, 0.0 ], [ 107.095670000070655, -6.530599999590194, 0.0 ], [ 107.096000000000174, -6.530340000190673, 0.0 ], [ 107.096490000113548, -6.529810000031357, 0.0 ], [ 107.096860000089094, -6.529409999571669, 0.0 ], [ 107.097379999787336, -6.528809999781551, 0.0 ], [ 107.097600000040103, -6.528439999806004, 0.0 ], [ 107.09768999969387, -6.528219999553144, 0.0 ], [ 107.097709999716841, -6.528120000337569, 0.0 ], [ 107.097339999741394, -6.527889999623628, 0.0 ], [ 107.097160000433831, -6.527770000384994, 0.0 ], [ 107.097049999857816, -6.527539999671053, 0.0 ], [ 107.096949999742861, -6.527169999695595, 0.0 ], [ 107.096900000135037, -6.526520000297644, 0.0 ], [ 107.096940000181064, -6.5262199999529, 0.0 ], [ 107.096989999788804, -6.526070000230124, 0.0 ], [ 107.097020000272948, -6.526019999723101, 0.0 ], [ 107.09710999992673, -6.525689999793496, 0.0 ], [ 107.097250000087612, -6.525439999955864, 0.0 ], [ 107.097829999854852, -6.524860000188717, 0.0 ], [ 107.098170000245446, -6.524639999935946, 0.0 ], [ 107.098799999620425, -6.524419999683087, 0.0 ], [ 107.098970000265453, -6.524339999591113, 0.0 ], [ 107.099220000103088, -6.524129999799513, 0.0 ], [ 107.099859999939241, -6.523610000101279, 0.0 ], [ 107.100189999868746, -6.523349999802477, 0.0 ], [ 107.100459999729352, -6.523019999872961, 0.0 ], [ 107.100639999936178, -6.522729999989298, 0.0 ], [ 107.101040000395869, -6.521359999764034, 0.0 ], [ 107.10121000014162, -6.520949999742545, 0.0 ], [ 107.101439999956185, -6.520590000228168, 0.0 ], [ 107.101680000232022, -6.520320000367565, 0.0 ], [ 107.102130000299454, -6.51997000041499, 0.0 ], [ 107.102340000091047, -6.519790000208161, 0.0 ], [ 107.103309999856805, -6.518709999866381, 0.0 ], [ 107.103690000293426, -6.51827999982201, 0.0 ], [ 107.104390000198492, -6.516710000266137, 0.0 ], [ 107.104550000382446, -6.516469999990395, 0.0 ], [ 107.104603700700409, -6.516412943402408, 0.0 ], [ 107.104709999666937, -6.516300000244648, 0.0 ], [ 107.104936966068337, -6.516176561998535, 0.0 ], [ 107.10527999987228, -6.515990000338103, 0.0 ], [ 107.105449999617932, -6.515859999739106, 0.0 ], [ 107.105919999708419, -6.515309999556642, 0.0 ], [ 107.106170000445331, -6.514900000434523, 0.0 ], [ 107.106329999729923, -6.514510000436005, 0.0 ], [ 107.106500000374851, -6.514040000345602, 0.0 ], [ 107.106659999659428, -6.513740000000858, 0.0 ], [ 107.106890000373369, -6.513490000163227, 0.0 ], [ 107.107350043170115, -6.513144968065667, 0.0 ], [ 107.10723714407915, -6.513104277340389, 0.0 ], [ 107.107422192180621, -6.512792876290021, 0.0 ], [ 107.107524767054542, -6.512564654435096, 0.0 ], [ 107.107688979662854, -6.512222277136228, 0.0 ], [ 107.10776067001909, -6.512035600362456, 0.0 ], [ 107.107882547941415, -6.511741485181268, 0.0 ], [ 107.107893911774767, -6.511714061254761, 0.0 ], [ 107.108109758059072, -6.511340406434432, 0.0 ], [ 107.108139272009993, -6.51129785860908, 0.0 ], [ 107.10825382765222, -6.511132718799786, 0.0 ], [ 107.108470364615783, -6.510924728992897, 0.0 ], [ 107.108707649838351, -6.510727006745789, 0.0 ], [ 107.10888256078178, -6.510467420135182, 0.0 ], [ 107.108964385598114, -6.510228929821107, 0.0 ], [ 107.108911197893661, -6.50988745993816, 0.0 ], [ 107.10891530599676, -6.509678156221756, 0.0 ], [ 107.108919735157798, -6.509452545098728, 0.0 ], [ 107.108908043071921, -6.509131611234711, 0.0 ], [ 107.109020794674109, -6.508861928834833, 0.0 ], [ 107.109196050957195, -6.508685175180542, 0.0 ], [ 107.109277155416606, -6.508658312431006, 0.0 ], [ 107.109591617759094, -6.508803489988892, 0.0 ], [ 107.10986716733602, -6.508953570650569, 0.0 ], [ 107.110197871434792, -6.509144665793567, 0.0 ], [ 107.110816836128251, -6.509238317594104, 0.0 ], [ 107.111277601979936, -6.509446379346731, 0.0 ], [ 107.111450350953106, -6.509524384742384, 0.0 ], [ 107.11173999110791, -6.509756896363541, 0.0 ], [ 107.111933237429156, -6.509948564374604, 0.0 ], [ 107.112222302917161, -6.510043593936512, 0.0 ], [ 107.112579751954186, -6.51005584719945, 0.0 ], [ 107.112813777134306, -6.51013735815237, 0.0 ], [ 107.11297930635007, -6.510234254706884, 0.0 ], [ 107.113030769154847, -6.510264380196809, 0.0 ], [ 107.113116933200075, -6.510314817774479, 0.0 ], [ 107.113543686691997, -6.510464262615514, 0.0 ], [ 107.113597172971311, -6.5104662222382, 0.0 ], [ 107.114217349051586, -6.51048894001244, 0.0 ], [ 107.114667628808178, -6.510466580168419, 0.0 ] ] ] ] } },
{ "type": "Feature", "properties": { "PROVNO": "32", "KABKOTNO": "01", "KECNO": "160", "DESANO": "016", "PROVINSI": "JAWA BARAT", "KABKOT": "BOGOR", "KECAMATAN": "CARIU", "ID2013": "3201160016", "DESA": "TEGAL PANJANG", "DESA_1": "TEGAL PANJANG", "ID2012": "3201160016", "IDKAB2": "3201", "IDKEC_2": "3201160", "WILAYAH": "TIMUR" }, "geometry": { "type": "MultiPolygon", "coordinates": [ [ [ [ 107.129740000101094, -6.47923999992587, 0.0 ], [ 107.129840000216035, -6.479259999948841, 0.0 ], [ 107.129920000307919, -6.479259999948841, 0.0 ], [ 107.130020000422874, -6.479170000295156, 0.0 ], [ 107.130110000076641, -6.479079999742012, 0.0 ], [ 107.130219999753393, -6.47903999969607, 0.0 ], [ 107.130600000190014, -6.479270000410011, 0.0 ], [ 107.13085000002765, -6.479329999579644, 0.0 ], [ 107.130950000142505, -6.479340000040814, 0.0 ], [ 107.131019999773315, -6.479429999694588, 0.0 ], [ 107.130820000442881, -6.479629999924388, 0.0 ], [ 107.130769999935765, -6.47968999999339, 0.0 ], [ 107.130820000442881, -6.479830000154188, 0.0 ], [ 107.130999999750344, -6.479999999899935, 0.0 ], [ 107.131159999934198, -6.480079999991819, 0.0 ], [ 107.131220000003196, -6.480129999599651, 0.0 ], [ 107.131119999888256, -6.480189999668564, 0.0 ], [ 107.130890000073592, -6.480269999760537, 0.0 ], [ 107.130859999589447, -6.480389999898453, 0.0 ], [ 107.130939999681431, -6.480570000105281, 0.0 ], [ 107.131260000049139, -6.480790000358052, 0.0 ], [ 107.131300000095081, -6.480850000427054, 0.0 ], [ 107.131240000026168, -6.481129999849458, 0.0 ], [ 107.131220000003196, -6.481260000448543, 0.0 ], [ 107.131289999633992, -6.481430000194202, 0.0 ], [ 107.131320000118052, -6.481530000309057, 0.0 ], [ 107.131249999587965, -6.48163000042409, 0.0 ], [ 107.131010000211504, -6.481760000123717, 0.0 ], [ 107.130839999566476, -6.481809999731549, 0.0 ], [ 107.130640000235957, -6.48182999975452, 0.0 ], [ 107.13056999970587, -6.481880000261633, 0.0 ], [ 107.130580000167043, -6.48205000000738, 0.0 ], [ 107.130612507961104, -6.482102013197135, 0.0 ], [ 107.130780000396939, -6.482370000375095, 0.0 ], [ 107.130720000327926, -6.482480000051751, 0.0 ], [ 107.130379999937247, -6.482629999774527, 0.0 ], [ 107.130310000306451, -6.48266999982047, 0.0 ], [ 107.130310000306451, -6.482870000050269, 0.0 ], [ 107.130179999707451, -6.482979999727014, 0.0 ], [ 107.1300099999617, -6.483059999818988, 0.0 ], [ 107.129989999938729, -6.483139999910961, 0.0 ], [ 107.130070000030614, -6.483249999587617, 0.0 ], [ 107.130230000214468, -6.48334000014076, 0.0 ], [ 107.130640000235957, -6.483409999771563, 0.0 ], [ 107.130740000350897, -6.483429999794534, 0.0 ], [ 107.130760000373868, -6.483500000324529, 0.0 ], [ 107.130549999682898, -6.483690000093247, 0.0 ], [ 107.130469999590929, -6.483779999747021, 0.0 ], [ 107.130469999590929, -6.48397000041502, 0.0 ], [ 107.13052000009813, -6.484089999653566, 0.0 ], [ 107.130620000212986, -6.484180000206621, 0.0 ], [ 107.130789999958736, -6.484220000252652, 0.0 ], [ 107.131059999819257, -6.484140000160679, 0.0 ], [ 107.131179999957254, -6.484100000114736, 0.0 ], [ 107.131260000049139, -6.484109999676626, 0.0 ], [ 107.13138000018705, -6.484240000275623, 0.0 ], [ 107.131420000232993, -6.484349999952368, 0.0 ], [ 107.131389999748848, -6.484450000067312, 0.0 ], [ 107.131229999564994, -6.484510000136225, 0.0 ], [ 107.131099999865285, -6.484550000182168, 0.0 ], [ 107.131050000257446, -6.484630000274141, 0.0 ], [ 107.131050000257446, -6.484770000435027, 0.0 ], [ 107.131139999911227, -6.484920000157715, 0.0 ], [ 107.131225352768013, -6.484987062602645, 0.0 ], [ 107.13128000007211, -6.48502999983446, 0.0 ], [ 107.13138000018705, -6.485049999857431, 0.0 ], [ 107.131440000255964, -6.485080000341572, 0.0 ], [ 107.131500000324962, -6.485179999557147, 0.0 ], [ 107.131489999863803, -6.485299999695062, 0.0 ], [ 107.131569999955772, -6.485439999855949, 0.0 ], [ 107.131610000001714, -6.485530000409003, 0.0 ], [ 107.131469999840832, -6.485720000177722, 0.0 ], [ 107.131289999633992, -6.485869999900409, 0.0 ], [ 107.131179999957254, -6.485860000338519, 0.0 ], [ 107.131110000326458, -6.485760000223664, 0.0 ], [ 107.131070000280516, -6.485629999624578, 0.0 ], [ 107.131070000280516, -6.48545999987892, 0.0 ], [ 107.131030000234475, -6.485399999810006, 0.0 ], [ 107.13091999965846, -6.485410000271177, 0.0 ], [ 107.130890000073592, -6.485589999578636, 0.0 ], [ 107.130870000050621, -6.485760000223664, 0.0 ], [ 107.130729999889738, -6.485649999647549, 0.0 ], [ 107.130669999820825, -6.485559999993864, 0.0 ], [ 107.13058999972894, -6.485559999993864, 0.0 ], [ 107.130509999636956, -6.485729999739522, 0.0 ], [ 107.130469999590929, -6.485840000315548, 0.0 ], [ 107.130419999983189, -6.485880000361579, 0.0 ], [ 107.130330000329423, -6.486090000153268, 0.0 ], [ 107.130230000214468, -6.486339999990811, 0.0 ], [ 107.130330000329423, -6.486890000173187, 0.0 ], [ 107.130339715705475, -6.486972583118114, 0.0 ], [ 107.130370000375365, -6.487229999664592, 0.0 ], [ 107.130359999914191, -6.487360000263678, 0.0 ], [ 107.130210000191497, -6.48761000010122, 0.0 ], [ 107.130070000030614, -6.487839999915881, 0.0 ], [ 107.129989999938729, -6.488080000191712, 0.0 ], [ 107.129949999892787, -6.488200000329627, 0.0 ], [ 107.129820000193064, -6.488339999591144, 0.0 ], [ 107.129370000125547, -6.488550000282114, 0.0 ], [ 107.129200000379896, -6.488630000373998, 0.0 ], [ 107.129120000288012, -6.488720000027772, 0.0 ], [ 107.129089999803782, -6.488940000280632, 0.0 ], [ 107.129140000310983, -6.489270000210148, 0.0 ], [ 107.129160000333954, -6.489910000046297, 0.0 ], [ 107.129151180682626, -6.489967324632175, 0.0 ], [ 107.129140000310983, -6.490039999746013, 0.0 ], [ 107.129249999987636, -6.490210000391041, 0.0 ], [ 107.129180000356925, -6.490269999560674, 0.0 ], [ 107.129174826557133, -6.490272068900751, 0.0 ], [ 107.129146193941921, -6.490320259072515, 0.0 ], [ 107.129055962262996, -6.490418274383671, 0.0 ], [ 107.128958581873192, -6.490474475716326, 0.0 ], [ 107.128875087915134, -6.490516671007409, 0.0 ], [ 107.128713193759012, -6.490456723099172, 0.0 ], [ 107.128438889743151, -6.490566443986037, 0.0 ], [ 107.12840834157187, -6.490616268226059, 0.0 ], [ 107.128345881857143, -6.490686270554793, 0.0 ], [ 107.128283393364086, -6.49074929864101, 0.0 ], [ 107.128038558333003, -6.49072904141196, 0.0 ], [ 107.12771000001662, -6.490879999811963, 0.0 ], [ 107.127500000225027, -6.49104999955771, 0.0 ], [ 107.127409999671883, -6.491200000179767, 0.0 ], [ 107.127380000087101, -6.491320000317593, 0.0 ], [ 107.127409999671883, -6.491389999948396, 0.0 ], [ 107.127620000362938, -6.491439999556139, 0.0 ], [ 107.127730000039691, -6.49145999957911, 0.0 ], [ 107.127739999601488, -6.491650000247109, 0.0 ], [ 107.127724562738493, -6.491722042238237, 0.0 ], [ 107.12765299738814, -6.491728308714286, 0.0 ], [ 107.127604335971554, -6.491763384072815, 0.0 ], [ 107.127590624907626, -6.491819233770482, 0.0 ], [ 107.127479386864408, -6.491896415387046, 0.0 ], [ 107.127458879623788, -6.49199413661993, 0.0 ], [ 107.127389505921187, -6.492078117111291, 0.0 ], [ 107.12732698775045, -6.49213417185436, 0.0 ], [ 107.12732728092945, -6.492203910681784, 0.0 ], [ 107.127438899385879, -6.492217389720647, 0.0 ], [ 107.127515714079067, -6.492244962934492, 0.0 ], [ 107.127584440269843, -6.492217131615199, 0.0 ], [ 107.127591581786291, -6.492235496670631, 0.0 ], [ 107.127641161410608, -6.492230488346209, 0.0 ], [ 107.12775998613462, -6.492299728949149, 0.0 ], [ 107.127857924104092, -6.492376031028826, 0.0 ], [ 107.12795574426238, -6.492424437937263, 0.0 ], [ 107.128018819113407, -6.492500888405086, 0.0 ], [ 107.128061328267819, -6.492661110721567, 0.0 ], [ 107.128091776614426, -6.492670108438539, 0.0 ], [ 107.128131140839642, -6.492681740269948, 0.0 ], [ 107.128173181447352, -6.492730381002101, 0.0 ], [ 107.128208540991523, -6.492848791138641, 0.0 ], [ 107.128167527409659, -6.493044235402969, 0.0 ], [ 107.12818885483189, -6.493141782167324, 0.0 ], [ 107.128266226205554, -6.49330185879359, 0.0 ], [ 107.128280787128773, -6.49344825223487, 0.0 ], [ 107.128237795038359, -6.493465662210376, 0.0 ], [ 107.128247051760141, -6.493496652848076, 0.0 ], [ 107.128064725906526, -6.493470082378252, 0.0 ], [ 107.127925216775523, -6.493456720251292, 0.0 ], [ 107.127932834033203, -6.493610115814032, 0.0 ], [ 107.128010001260733, -6.493721376340247, 0.0 ], [ 107.128062531560758, -6.493847467586402, 0.0 ], [ 107.128050835877588, -6.493859164168949, 0.0 ], [ 107.128108524688827, -6.493937156074683, 0.0 ], [ 107.128039122207895, -6.494014162323616, 0.0 ], [ 107.127969806961204, -6.494112090400463, 0.0 ], [ 107.12784424181848, -6.494098668918316, 0.0 ], [ 107.127726278645028, -6.493996303586371, 0.0 ], [ 107.127698467110704, -6.49400801365875, 0.0 ], [ 107.127648278645324, -6.49392514293087, 0.0 ], [ 107.127564373697084, -6.493869703324009, 0.0 ], [ 107.127424747654175, -6.493828446025809, 0.0 ], [ 107.127404122602385, -6.493898272986733, 0.0 ], [ 107.127418477580832, -6.493995849428771, 0.0 ], [ 107.127397706838821, -6.494030806076658, 0.0 ], [ 107.127314124747258, -6.494052078640369, 0.0 ], [ 107.127244194364266, -6.494003554820029, 0.0 ], [ 107.127153610151154, -6.494017883718186, 0.0 ], [ 107.127049081050401, -6.49403227107225, 0.0 ], [ 107.12696546928116, -6.494046570292813, 0.0 ], [ 107.126909892977423, -6.49409562201523, 0.0 ], [ 107.126847140982889, -6.49409588461717, 0.0 ], [ 107.126791564679152, -6.494144937238868, 0.0 ], [ 107.126757054094895, -6.494228770241453, 0.0 ], [ 107.126736400264875, -6.49429162295986, 0.0 ], [ 107.126736780678087, -6.494382283615288, 0.0 ], [ 107.126743899711357, -6.494417124250731, 0.0 ], [ 107.126758108100404, -6.494479830379731, 0.0 ], [ 107.126744251346253, -6.49450081066373, 0.0 ], [ 107.126744388942598, -6.494533619730571, 0.0 ], [ 107.126730021373589, -6.49455996177263, 0.0 ], [ 107.126814679054363, -6.494667891210018, 0.0 ], [ 107.126961630075314, -6.494792806142904, 0.0 ], [ 107.126976073187365, -6.494911302614383, 0.0 ], [ 107.126913612573347, -6.494981305842398, 0.0 ], [ 107.126830088937695, -6.495016526891053, 0.0 ], [ 107.126711497138018, -6.495003076630503, 0.0 ], [ 107.126648539198897, -6.49495452403194, 0.0 ], [ 107.126536773253591, -6.49490617468004, 0.0 ], [ 107.126508795344805, -6.49488537066313, 0.0 ], [ 107.126404061198656, -6.494850940118582, 0.0 ], [ 107.126383114189537, -6.494844054009743, 0.0 ], [ 107.126376140846389, -6.494844083687337, 0.0 ], [ 107.126325471243661, -6.49478441187096, 0.0 ], [ 107.126268879605263, -6.494762645579435, 0.0 ], [ 107.126236134390282, -6.494712165733709, 0.0 ], [ 107.126222013235548, -6.494670381432801, 0.0 ], [ 107.126165793017108, -6.494566007015425, 0.0 ], [ 107.126144729096183, -6.494531224835978, 0.0 ], [ 107.126012396554998, -6.494566650930036, 0.0 ], [ 107.125942846585303, -6.494608786865843, 0.0 ], [ 107.125873415326069, -6.494678818872259, 0.0 ], [ 107.125824636098216, -6.494685998160179, 0.0 ], [ 107.12574108278497, -6.494714244966229, 0.0 ], [ 107.125693731680514, -6.494738174127281, 0.0 ], [ 107.125657587927449, -6.494756439358031, 0.0 ], [ 107.125615782042829, -6.494763588968269, 0.0 ], [ 107.1255600888272, -6.494784744620077, 0.0 ], [ 107.125539551908986, -6.494875493409182, 0.0 ], [ 107.125567822996771, -6.494966037152707, 0.0 ], [ 107.125589003829674, -6.495028713604114, 0.0 ], [ 107.125596356686657, -6.495119346380598, 0.0 ], [ 107.125634614745792, -6.495168120212416, 0.0 ], [ 107.125603648389813, -6.495195646661625, 0.0 ], [ 107.12566104312279, -6.495247396350159, 0.0 ], [ 107.125633597612563, -6.495353516351567, 0.0 ], [ 107.125588596436714, -6.49536271461745, 0.0 ], [ 107.125438530164232, -6.495393389593076, 0.0 ], [ 107.125203948303721, -6.495321844927062, 0.0 ], [ 107.12504223131414, -6.495333681803785, 0.0 ], [ 107.124936131097712, -6.495306231796985, 0.0 ], [ 107.124838848734029, -6.495247713810794, 0.0 ], [ 107.124699999705399, -6.495240000325566, 0.0 ], [ 107.124469999890749, -6.495309999956369, 0.0 ], [ 107.124424164144074, -6.495343831552383, 0.0 ], [ 107.124386108432333, -6.495344967396157, 0.0 ], [ 107.124367638156187, -6.495420201980586, 0.0 ], [ 107.124211663337704, -6.495471070333494, 0.0 ], [ 107.124100241832878, -6.495505013445459, 0.0 ], [ 107.123994164998891, -6.495483141033933, 0.0 ], [ 107.123894135206356, -6.495572828623022, 0.0 ], [ 107.123828597112293, -6.495668367201226, 0.0 ], [ 107.123794338338172, -6.495718306554501, 0.0 ], [ 107.123722267568809, -6.495824615413461, 0.0 ], [ 107.123616261781294, -6.495819480284606, 0.0 ], [ 107.123510700258834, -6.495920349144626, 0.0 ], [ 107.123522182802645, -6.495998410298256, 0.0 ], [ 107.123600720596954, -6.496104086034595, 0.0 ], [ 107.123523165761597, -6.496232733153953, 0.0 ], [ 107.123416948633434, -6.496177387076632, 0.0 ], [ 107.123316824412086, -6.496244757989036, 0.0 ], [ 107.123211238607979, -6.496340046555762, 0.0 ], [ 107.123083622111679, -6.496502379581006, 0.0 ], [ 107.122972318417951, -6.496564218763492, 0.0 ], [ 107.122883442916759, -6.496653858688486, 0.0 ], [ 107.122811302000144, -6.496743429365583, 0.0 ], [ 107.122761637839545, -6.496871959573127, 0.0 ], [ 107.122640028814473, -6.496852212259654, 0.0 ], [ 107.122493684835845, -6.49702219581755, 0.0 ], [ 107.122142124559574, -6.497100659867385, 0.0 ], [ 107.122043664983352, -6.497222057551735, 0.0 ], [ 107.12192321338577, -6.497343547866343, 0.0 ], [ 107.12188648956996, -6.49751489029974, 0.0 ], [ 107.121870544590138, -6.497589289413988, 0.0 ], [ 107.121847714400658, -6.49769581860701, 0.0 ], [ 107.12153117102693, -6.498258074750165, 0.0 ], [ 107.121367470132839, -6.49855572426711, 0.0 ], [ 107.121302274680431, -6.498742973009666, 0.0 ], [ 107.121115474699607, -6.498776752445004, 0.0 ], [ 107.121082117046257, -6.498688903070295, 0.0 ], [ 107.120752364430288, -6.498723282353449, 0.0 ], [ 107.12064253922199, -6.498756738032831, 0.0 ], [ 107.12040071062448, -6.498779748986063, 0.0 ], [ 107.120301512704827, -6.498725170929767, 0.0 ], [ 107.120158882026971, -6.498802759039926, 0.0 ], [ 107.119939646197935, -6.498968656977713, 0.0 ], [ 107.119763656967365, -6.498958395713164, 0.0 ], [ 107.119347314027507, -6.499323095084577, 0.0 ], [ 107.119182461101886, -6.499345783181223, 0.0 ], [ 107.119094995737598, -6.499467134100847, 0.0 ], [ 107.118930372139118, -6.499544813941807, 0.0 ], [ 107.118886939380928, -6.49967697920907, 0.0 ], [ 107.118700368727247, -6.499765748590249, 0.0 ], [ 107.118579453978811, -6.499777255415875, 0.0 ], [ 107.118391593697254, -6.499558069049485, 0.0 ], [ 107.118183951028684, -6.499866899837361, 0.0 ], [ 107.118174489261406, -6.499879919322673, 0.0 ], [ 107.118063681094142, -6.500032383187762, 0.0 ], [ 107.118086916877843, -6.50032924759655, 0.0 ], [ 107.118072262425159, -6.500344027954377, 0.0 ], [ 107.117780305616833, -6.500638493871271, 0.0 ], [ 107.11776673934375, -6.500761800816282, 0.0 ], [ 107.117737932259928, -6.501023623141524, 0.0 ], [ 107.117783069233454, -6.501298400200852, 0.0 ], [ 107.117630499248278, -6.501628997280253, 0.0 ], [ 107.117454969571355, -6.501728720403968, 0.0 ], [ 107.117412180727769, -6.502014863095287, 0.0 ], [ 107.1173021711584, -6.502332909236177, 0.0 ], [ 107.117289289269522, -6.502539186733927, 0.0 ], [ 107.117180187116077, -6.502745868926532, 0.0 ], [ 107.117015700214552, -6.502856543994131, 0.0 ], [ 107.11690625272152, -6.502980735872068, 0.0 ], [ 107.117073042786842, -6.503419982745875, 0.0 ], [ 107.116950136939479, -6.503612973659614, 0.0 ], [ 107.116937082380616, -6.503778008248364, 0.0 ], [ 107.116894657762401, -6.504050515418793, 0.0 ], [ 107.116883539443961, -6.504121938676324, 0.0 ], [ 107.116994137169868, -6.504272707319405, 0.0 ], [ 107.117049637930648, -6.504396209417376, 0.0 ], [ 107.117188361054218, -6.504698091143837, 0.0 ], [ 107.117065283436261, -6.504849837350015, 0.0 ], [ 107.11706597411559, -6.505014814382051, 0.0 ], [ 107.116956469066025, -6.505125259223146, 0.0 ], [ 107.116832584756111, -6.505084533424323, 0.0 ], [ 107.116750455968969, -6.505167366380729, 0.0 ], [ 107.116710773383659, -6.505538736023677, 0.0 ], [ 107.116684664266032, -6.505868805201001, 0.0 ], [ 107.116713767226784, -6.506253634997119, 0.0 ], [ 107.116756039859553, -6.506500926976102, 0.0 ], [ 107.116715954377952, -6.50677606016691, 0.0 ], [ 107.116565960051133, -6.507065402646042, 0.0 ], [ 107.116469970912618, -6.507120798186108, 0.0 ], [ 107.116489859419644, -6.507274694671263, 0.0 ], [ 107.116369541821086, -6.507429180212334, 0.0 ], [ 107.116362482143003, -6.507510639004668, 0.0 ], [ 107.116348562436372, -6.507671238136972, 0.0 ], [ 107.116272322409912, -6.507847535835012, 0.0 ], [ 107.116151773685573, -6.507947027832941, 0.0 ], [ 107.115998005803505, -6.507991666581994, 0.0 ], [ 107.115844282887508, -6.508047304039657, 0.0 ], [ 107.115756724893131, -6.508146658441341, 0.0 ], [ 107.115713106874608, -6.508234829773443, 0.0 ], [ 107.115625502115421, -6.508323186365796, 0.0 ], [ 107.115592649881066, -6.508356319188593, 0.0 ], [ 107.115593893643407, -6.508653277126921, 0.0 ], [ 107.115528005713088, -6.508675550636003, 0.0 ], [ 107.115472931230968, -6.508653784344478, 0.0 ], [ 107.115187892907088, -6.508863952309376, 0.0 ], [ 107.115111561149817, -6.509018251690826, 0.0 ], [ 107.115013052110839, -6.509128650666565, 0.0 ], [ 107.11502455533909, -6.509249587897994, 0.0 ], [ 107.115124398972, -6.509458144277804, 0.0 ], [ 107.115058557806407, -6.509491415596216, 0.0 ], [ 107.114959817641662, -6.509546821928183, 0.0 ], [ 107.11490589429178, -6.509800017056957, 0.0 ], [ 107.114818381263404, -6.509910370167251, 0.0 ], [ 107.114774808211038, -6.510009540207964, 0.0 ], [ 107.114764364384087, -6.510141566979613, 0.0 ], [ 107.114764732206822, -6.510229554849936, 0.0 ], [ 107.114787185580298, -6.510339446608029, 0.0 ], [ 107.114666682721406, -6.510449938213938, 0.0 ], [ 107.114667628808178, -6.510466580168419, 0.0 ], [ 107.114217349051586, -6.51048894001244, 0.0 ], [ 107.113597172971311, -6.5104662222382, 0.0 ], [ 107.113543686691997, -6.510464262615514, 0.0 ], [ 107.113116933200075, -6.510314817774479, 0.0 ], [ 107.113030769154847, -6.510264380196809, 0.0 ], [ 107.11297930635007, -6.510234254706884, 0.0 ], [ 107.112813777134306, -6.51013735815237, 0.0 ], [ 107.112579751954186, -6.51005584719945, 0.0 ], [ 107.112222302917161, -6.510043593936512, 0.0 ], [ 107.111933237429156, -6.509948564374604, 0.0 ], [ 107.11173999110791, -6.509756896363541, 0.0 ], [ 107.111450350953106, -6.509524384742384, 0.0 ], [ 107.111277601979936, -6.509446379346731, 0.0 ], [ 107.110816836128251, -6.509238317594104, 0.0 ], [ 107.110197871434792, -6.509144665793567, 0.0 ], [ 107.10986716733602, -6.508953570650569, 0.0 ], [ 107.109591617759094, -6.508803489988892, 0.0 ], [ 107.109277155416606, -6.508658312431006, 0.0 ], [ 107.109702627374546, -6.508517391364368, 0.0 ], [ 107.110004325639309, -6.508525709193993, 0.0 ], [ 107.110209999691946, -6.508500000274644, 0.0 ], [ 107.110790000358378, -6.508469999790503, 0.0 ], [ 107.111160000333925, -6.50842999974456, 0.0 ], [ 107.111419999733357, -6.508329999629616, 0.0 ], [ 107.111449977734509, -6.508302162914372, 0.0 ], [ 107.11155999989424, -6.5081999999299, 0.0 ], [ 107.111619999963153, -6.508059999769014, 0.0 ], [ 107.111630000424327, -6.507800000369581, 0.0 ], [ 107.111590000378385, -6.50758000011681, 0.0 ], [ 107.111379999687415, -6.507410000371063, 0.0 ], [ 107.111109999826809, -6.507259999749007, 0.0 ], [ 107.110969999665926, -6.507090000003348, 0.0 ], [ 107.110759999874318, -6.506780000096715, 0.0 ], [ 107.110530000059569, -6.506399999660086, 0.0 ], [ 107.110300000245005, -6.506089999753542, 0.0 ], [ 107.109959999854311, -6.505770000285107, 0.0 ], [ 107.109609999901735, -6.505469999940363, 0.0 ], [ 107.10929000043339, -6.505260000148763, 0.0 ], [ 107.1088299999047, -6.505090000403015, 0.0 ], [ 107.108456051006101, -6.505012494131126, 0.0 ], [ 107.108072152008361, -6.504807009835503, 0.0 ], [ 107.107770726238144, -6.504518347243806, 0.0 ], [ 107.107365432368923, -6.504147283370312, 0.0 ], [ 107.10711585521274, -6.5038791109321, 0.0 ], [ 107.106845270792803, -6.503538547565793, 0.0 ], [ 107.106708794175688, -6.5030835265833, 0.0 ], [ 107.106863043195105, -6.502834382001002, 0.0 ], [ 107.106912497813724, -6.502819905613979, 0.0 ], [ 107.107473093808423, -6.502655816212801, 0.0 ], [ 107.108042081377121, -6.502560256050796, 0.0 ], [ 107.108383274268846, -6.502455289879574, 0.0 ], [ 107.108513721830931, -6.502298815937415, 0.0 ], [ 107.108764408750602, -6.501998112322873, 0.0 ], [ 107.109119999788362, -6.501309999656559, 0.0 ], [ 107.109139999811333, -6.500959999704072, 0.0 ], [ 107.109096948365647, -6.500838442839765, 0.0 ], [ 107.108970000065597, -6.50048000005178, 0.0 ], [ 107.108470000390327, -6.500210000191178, 0.0 ], [ 107.107809999631925, -6.500000000399577, 0.0 ], [ 107.107479999702406, -6.499860000238602, 0.0 ], [ 107.106910000396425, -6.499740000100775, 0.0 ], [ 107.106449999867749, -6.499610000401059, 0.0 ], [ 107.106110000376418, -6.499390000148288, 0.0 ], [ 107.105857319659805, -6.499048541057153, 0.0 ], [ 107.105740000400885, -6.498889999573656, 0.0 ], [ 107.105390000448295, -6.498320000267679, 0.0 ], [ 107.105259999849309, -6.497919999807991, 0.0 ], [ 107.105330000379382, -6.497569999855415, 0.0 ], [ 107.105569999755858, -6.497279999971841, 0.0 ], [ 107.105749999962683, -6.497030000134298, 0.0 ], [ 107.105810000031596, -6.496680000181723, 0.0 ], [ 107.105819999593479, -6.496100000414486, 0.0 ], [ 107.105749999962683, -6.49534000044051, 0.0 ], [ 107.105640000285931, -6.495160000233682, 0.0 ], [ 107.105432400784792, -6.494888235903176, 0.0 ], [ 107.105037083095098, -6.494423935715901, 0.0 ], [ 107.104693354115142, -6.493918004112444, 0.0 ], [ 107.104754347935014, -6.49364853844915, 0.0 ], [ 107.105370000425324, -6.493760000423467, 0.0 ], [ 107.105959999754361, -6.493740000400496, 0.0 ], [ 107.106130000399389, -6.493649999847442, 0.0 ], [ 107.106159999984172, -6.493520000147726, 0.0 ], [ 107.106159999984172, -6.493359999963868, 0.0 ], [ 107.105979999777333, -6.493039999596153, 0.0 ], [ 107.105720000377914, -6.492649999597635, 0.0 ], [ 107.10559341090736, -6.492455247811293, 0.0 ], [ 107.105589999778829, -6.492450000267116, 0.0 ], [ 107.105400000010192, -6.492140000360571, 0.0 ], [ 107.105390000448295, -6.491900000084829, 0.0 ], [ 107.105409999571989, -6.491599999740085, 0.0 ], [ 107.105480000102077, -6.491409999971367, 0.0 ], [ 107.105629999824856, -6.491340000340564, 0.0 ], [ 107.105899999685363, -6.491269999810481, 0.0 ], [ 107.106360000213968, -6.491280000271651, 0.0 ], [ 107.106679999682399, -6.491200000179767, 0.0 ], [ 107.107089999703888, -6.490979999926907, 0.0 ], [ 107.107650000347434, -6.490679999582163, 0.0 ], [ 107.108250000137559, -6.490480000251644, 0.0 ], [ 107.108450000367355, -6.490309999606616, 0.0 ], [ 107.108535001589246, -6.49016428335484, 0.0 ], [ 107.108660000159048, -6.489950000092239, 0.0 ], [ 107.108740000251018, -6.489660000208666, 0.0 ], [ 107.108660000159048, -6.489459999978866, 0.0 ], [ 107.108470000390327, -6.489270000210148, 0.0 ], [ 107.107450000117552, -6.488869999750548, 0.0 ], [ 107.106590000028632, -6.488590000328056, 0.0 ], [ 107.106420000282966, -6.48847000019023, 0.0 ], [ 107.106389999798836, -6.488330000029254, 0.0 ], [ 107.106389999798836, -6.488160000283685, 0.0 ], [ 107.106420000282966, -6.487890000422993, 0.0 ], [ 107.106420000282966, -6.487679999732023, 0.0 ], [ 107.106414668202504, -6.487670098196343, 0.0 ], [ 107.106457496616386, -6.487470292220046, 0.0 ], [ 107.106497314099926, -6.487087018251128, 0.0 ], [ 107.106372401865059, -6.486921867649933, 0.0 ], [ 107.106186109101799, -6.486932996760189, 0.0 ], [ 107.105917216306651, -6.486996239784517, 0.0 ], [ 107.105721045390069, -6.487121306702761, 0.0 ], [ 107.105442187207387, -6.487277779745551, 0.0 ], [ 107.105312421331305, -6.487306560748998, 0.0 ], [ 107.105212475175776, -6.487173300107543, 0.0 ], [ 107.105348288093225, -6.487102146646553, 0.0 ], [ 107.105275136338705, -6.486936782006794, 0.0 ], [ 107.105140560888358, -6.486937341385026, 0.0 ], [ 107.104922996898964, -6.486896826926838, 0.0 ], [ 107.10471569957005, -6.486835562411066, 0.0 ], [ 107.104539091605986, -6.486788788671518, 0.0 ], [ 107.104510000336404, -6.4867500000123, 0.0 ], [ 107.104490000313433, -6.4865499997825, 0.0 ], [ 107.104530000359375, -6.486310000406039, 0.0 ], [ 107.104599999990185, -6.486130000199211, 0.0 ], [ 107.10474999971288, -6.486030000084266, 0.0 ], [ 107.104920000357907, -6.485940000430492, 0.0 ], [ 107.105199999780297, -6.485880000361579, 0.0 ], [ 107.105370000425324, -6.485740000200693, 0.0 ], [ 107.105520000148104, -6.485580000016835, 0.0 ], [ 107.105600000239988, -6.485319999718033, 0.0 ], [ 107.105589999778829, -6.48502999983446, 0.0 ], [ 107.105580000217017, -6.484849999627631, 0.0 ], [ 107.105440000056134, -6.484670000320083, 0.0 ], [ 107.10529000033344, -6.484659999858913, 0.0 ], [ 107.105039999596528, -6.484679999881884, 0.0 ], [ 107.104410000221463, -6.484929999719515, 0.0 ], [ 107.104100000314929, -6.485069999880402, 0.0 ], [ 107.103510000086601, -6.485379999787035, 0.0 ], [ 107.103422398025444, -6.485379999787035, 0.0 ], [ 107.103349999902747, -6.485379999787035, 0.0 ], [ 107.103220000203038, -6.485339999741004, 0.0 ], [ 107.103140000111054, -6.48525999964912, 0.0 ], [ 107.10304999955801, -6.485129999949404, 0.0 ], [ 107.103030000434316, -6.485000000249688, 0.0 ], [ 107.103039999996113, -6.484809999581689, 0.0 ], [ 107.103149999672866, -6.48461000025117, 0.0 ], [ 107.103340000340864, -6.484320000367596, 0.0 ], [ 107.103650000247484, -6.484089999653566, 0.0 ], [ 107.103810000431352, -6.483999999999881, 0.0 ], [ 107.104025699226796, -6.483999999999881, 0.0 ], [ 107.104069999830784, -6.483999999999881, 0.0 ], [ 107.104270000060666, -6.484060000068794, 0.0 ], [ 107.104499999875244, -6.484229999814453, 0.0 ], [ 107.104740000151068, -6.484340000390567, 0.0 ], [ 107.104949999942761, -6.484329999929397, 0.0 ], [ 107.105139999711383, -6.484249999837424, 0.0 ], [ 107.105230000264527, -6.484149999722568, 0.0 ], [ 107.105219999803268, -6.483999999999881, 0.0 ], [ 107.105119999688412, -6.48375999972405, 0.0 ], [ 107.105119999688412, -6.483685427940014, 0.0 ], [ 107.105119999688412, -6.483589999978303, 0.0 ], [ 107.105170000195528, -6.483199999979874, 0.0 ], [ 107.105230000264527, -6.482589999728496, 0.0 ], [ 107.10527999987228, -6.482210000191149, 0.0 ], [ 107.105330000379382, -6.482110000076293, 0.0 ], [ 107.105480000102077, -6.48204000044549, 0.0 ], [ 107.105600000239988, -6.482029999984409, 0.0 ], [ 107.105740000400885, -6.482059999569181, 0.0 ], [ 107.10583999961645, -6.482219999753038, 0.0 ], [ 107.105930000169593, -6.482720000327582, 0.0 ], [ 107.106019999823374, -6.483010000211156, 0.0 ], [ 107.106130000399389, -6.483130000349071, 0.0 ], [ 107.10622138500905, -6.483138308286165, 0.0 ], [ 107.106470877629036, -6.483214619359003, 0.0 ], [ 107.10682219688708, -6.483057845043341, 0.0 ], [ 107.107048992417262, -6.482829107876888, 0.0 ], [ 107.107161186439782, -6.482424823946289, 0.0 ], [ 107.107035329017336, -6.482031883164687, 0.0 ], [ 107.106878632942738, -6.481690842258416, 0.0 ], [ 107.106808739431926, -6.481441468348894, 0.0 ], [ 107.10681552481681, -6.4814430646455, 0.0 ], [ 107.10680477881769, -6.481300897118594, 0.0 ], [ 107.106804536000723, -6.481297687438161, 0.0 ], [ 107.107176300446085, -6.481078701620593, 0.0 ], [ 107.10754930955315, -6.481159986843767, 0.0 ], [ 107.107693223563643, -6.481255089250784, 0.0 ], [ 107.107740000001215, -6.481240000425572, 0.0 ], [ 107.10798999983885, -6.481260000448543, 0.0 ], [ 107.108129999999647, -6.481350000102317, 0.0 ], [ 107.108250000137559, -6.481499999825004, 0.0 ], [ 107.108399999860325, -6.481909999846405, 0.0 ], [ 107.108540000021122, -6.482330000329153, 0.0 ], [ 107.108609999651932, -6.482480000051751, 0.0 ], [ 107.108729999789844, -6.482569999705525, 0.0 ], [ 107.108869999950642, -6.482609999751467, 0.0 ], [ 107.109050000157566, -6.482600000189667, 0.0 ], [ 107.109190000318449, -6.48246999959067, 0.0 ], [ 107.109460000179055, -6.482219999753038, 0.0 ], [ 107.109660000408851, -6.482059999569181, 0.0 ], [ 107.109899999785313, -6.481929999869465, 0.0 ], [ 107.110120000038165, -6.481820000192631, 0.0 ], [ 107.110289999783831, -6.48180000016966, 0.0 ], [ 107.110440000405887, -6.481869999800463, 0.0 ], [ 107.110499999575524, -6.481929999869465, 0.0 ], [ 107.110519999598495, -6.482020000422519, 0.0 ], [ 107.110499999575524, -6.482159999684125, 0.0 ], [ 107.110440000405887, -6.482319999867894, 0.0 ], [ 107.110280000222033, -6.482569999705525, 0.0 ], [ 107.110160000084107, -6.482769999935414, 0.0 ], [ 107.110120000038165, -6.482910000096211, 0.0 ], [ 107.110140000061136, -6.483030000234216, 0.0 ], [ 107.110229999714917, -6.4831100003261, 0.0 ], [ 107.110389999898771, -6.483139999910961, 0.0 ], [ 107.11065000019758, -6.4831100003261, 0.0 ], [ 107.110909999597013, -6.483030000234216, 0.0 ], [ 107.111089999803838, -6.482939999681072, 0.0 ], [ 107.111299999595445, -6.482910000096211, 0.0 ], [ 107.111470000240473, -6.482919999658101, 0.0 ], [ 107.11155999989424, -6.482939999681072, 0.0 ], [ 107.111570000355414, -6.483019999773045, 0.0 ], [ 107.111579999917211, -6.483179999956903, 0.0 ], [ 107.111490000263444, -6.483509999886419, 0.0 ], [ 107.111499999825327, -6.483650000047305, 0.0 ], [ 107.111550000332443, -6.483719999678108, 0.0 ], [ 107.111650000447383, -6.483719999678108, 0.0 ], [ 107.111860000238977, -6.483690000093247, 0.0 ], [ 107.112009999961671, -6.483589999978303, 0.0 ], [ 107.11213999966148, -6.483420000232645, 0.0 ], [ 107.112239999776335, -6.483240000025816, 0.0 ], [ 107.112330000329479, -6.482970000165214, 0.0 ], [ 107.112379999937218, -6.482780000396495, 0.0 ], [ 107.112430000444334, -6.482689999843441, 0.0 ], [ 107.11250000007513, -6.482640000235698, 0.0 ], [ 107.112640000236013, -6.482620000212727, 0.0 ], [ 107.11291999965843, -6.482629999774527, 0.0 ], [ 107.113269999610992, -6.48268000028164, 0.0 ], [ 107.113449999817831, -6.482749999912443, 0.0 ], [ 107.113540000370875, -6.482850000027298, 0.0 ], [ 107.113540000370875, -6.482950000142242, 0.0 ], [ 107.113489999863774, -6.483139999910961, 0.0 ], [ 107.113380000187021, -6.483489999863448, 0.0 ], [ 107.113329999679905, -6.483659999609106, 0.0 ], [ 107.113369999725847, -6.483779999747021, 0.0 ], [ 107.113460000278991, -6.483859999838995, 0.0 ], [ 107.113930000369407, -6.483899999884937, 0.0 ], [ 107.114510000136548, -6.483930000369078, 0.0 ], [ 107.115047478158814, -6.483952710049348, 0.0 ], [ 107.115219999603497, -6.48395999995385, 0.0 ], [ 107.115569999555987, -6.483890000323047, 0.0 ], [ 107.115780000247042, -6.483850000277105, 0.0 ], [ 107.115909999946766, -6.483750000162249, 0.0 ], [ 107.11592000040784, -6.483589999978303, 0.0 ], [ 107.115909999946766, -6.483409999771563, 0.0 ], [ 107.115909999946766, -6.483079999841959, 0.0 ], [ 107.115909999946766, -6.482649999797498, 0.0 ], [ 107.115909999946766, -6.482379999936896, 0.0 ], [ 107.11578999980884, -6.482110000076293, 0.0 ], [ 107.115809999831811, -6.481909999846405, 0.0 ], [ 107.115889999923795, -6.48180000016966, 0.0 ], [ 107.116130000199533, -6.481700000054804, 0.0 ], [ 107.116380000037168, -6.481729999639576, 0.0 ], [ 107.116600000289935, -6.481849999777491, 0.0 ], [ 107.116700000404876, -6.482009999961349, 0.0 ], [ 107.116689999943702, -6.482159999684125, 0.0 ], [ 107.116589999828847, -6.48246000002878, 0.0 ], [ 107.116429999644907, -6.482769999935414, 0.0 ], [ 107.116389999598965, -6.482950000142242, 0.0 ], [ 107.116389999598965, -6.483079999841959, 0.0 ], [ 107.116449999667879, -6.483139999910961, 0.0 ], [ 107.116609999851818, -6.483220000002845, 0.0 ], [ 107.116779999597483, -6.483229999564646, 0.0 ], [ 107.116979999827279, -6.483079999841959, 0.0 ], [ 107.117289999733913, -6.482850000027298, 0.0 ], [ 107.117480000401912, -6.48268000028164, 0.0 ], [ 107.117539999571463, -6.482500000074722, 0.0 ], [ 107.117619999663432, -6.482119999638094, 0.0 ], [ 107.117690000193519, -6.481940000330635, 0.0 ], [ 107.117770000285489, -6.481849999777491, 0.0 ], [ 107.117949999593037, -6.481769999685607, 0.0 ], [ 107.118209999891747, -6.481700000054804, 0.0 ], [ 107.11835978737443, -6.481681277069153, 0.0 ], [ 107.118690000443323, -6.481639999985891, 0.0 ], [ 107.119049999957696, -6.481639999985891, 0.0 ], [ 107.119259999749389, -6.481650000447061, 0.0 ], [ 107.119439999956214, -6.481660000008862, 0.0 ], [ 107.119660000208995, -6.481709999616605, 0.0 ], [ 107.119760000323936, -6.481709999616605, 0.0 ], [ 107.119950000092643, -6.481619999962831, 0.0 ], [ 107.120250000437395, -6.481510000286086, 0.0 ], [ 107.12071999962852, -6.481299999595116, 0.0 ], [ 107.12089999983526, -6.481260000448543, 0.0 ], [ 107.121080000042085, -6.481229999964313, 0.0 ], [ 107.121169999695866, -6.481260000448543, 0.0 ], [ 107.121260000249009, -6.481359999664118, 0.0 ], [ 107.121389999948718, -6.48161000040103, 0.0 ], [ 107.121530000109601, -6.481720000077775, 0.0 ], [ 107.121639999786353, -6.481700000054804, 0.0 ], [ 107.121719999878323, -6.48163000042409, 0.0 ], [ 107.121770000385339, -6.481350000102317, 0.0 ], [ 107.121819999993178, -6.481200000379541, 0.0 ], [ 107.121909999646959, -6.481160000333599, 0.0 ], [ 107.122040000245946, -6.4811699998954, 0.0 ], [ 107.122140000360901, -6.481220000402512, 0.0 ], [ 107.122299999645463, -6.481459999779062, 0.0 ], [ 107.122570000405346, -6.481929999869465, 0.0 ], [ 107.122780000197039, -6.482170000145207, 0.0 ], [ 107.123059999619443, -6.482410000421037, 0.0 ], [ 107.123292585884272, -6.482535983748541, 0.0 ], [ 107.123299999895281, -6.482540000120753, 0.0 ], [ 107.123600000240017, -6.482580000166696, 0.0 ], [ 107.123769999985683, -6.482569999705525, 0.0 ], [ 107.123830000054596, -6.482489999613641, 0.0 ], [ 107.12385999963945, -6.482319999867894, 0.0 ], [ 107.123850000077567, -6.482139999661154, 0.0 ], [ 107.123769999985683, -6.481849999777491, 0.0 ], [ 107.123669999870827, -6.481559999893918, 0.0 ], [ 107.12370999991677, -6.481450000217173, 0.0 ], [ 107.123830000054596, -6.481260000448543, 0.0 ], [ 107.123970000215564, -6.481049999757573, 0.0 ], [ 107.12413999996123, -6.480880000011826, 0.0 ], [ 107.124260000099142, -6.480810000381023, 0.0 ], [ 107.124429999844807, -6.480790000358052, 0.0 ], [ 107.124520000397851, -6.480850000427054, 0.0 ], [ 107.124619999613429, -6.48098000012677, 0.0 ], [ 107.124699999705399, -6.481160000333599, 0.0 ], [ 107.124659999659457, -6.481499999825004, 0.0 ], [ 107.124619999613429, -6.481700000054804, 0.0 ], [ 107.124619999613429, -6.481869999800463, 0.0 ], [ 107.124670000120631, -6.482110000076293, 0.0 ], [ 107.124730000189544, -6.482239999776009, 0.0 ], [ 107.124980000027179, -6.482370000375095, 0.0 ], [ 107.125089999703917, -6.482399999959867, 0.0 ], [ 107.125249999887785, -6.482399999959867, 0.0 ], [ 107.125470000140552, -6.482399999959867, 0.0 ], [ 107.12557999981729, -6.482410000421037, 0.0 ], [ 107.125668762903246, -6.48243219119248, 0.0 ], [ 107.125825487756245, -6.482346932764607, 0.0 ], [ 107.126154193561405, -6.482328833908415, 0.0 ], [ 107.126259999699386, -6.482279999821952, 0.0 ], [ 107.126459999929267, -6.482210000191149, 0.0 ], [ 107.126740000251047, -6.482029999984409, 0.0 ], [ 107.126840000365902, -6.481880000261633, 0.0 ], [ 107.126959999604452, -6.481680000031833, 0.0 ], [ 107.127030000134624, -6.481459999779062, 0.0 ], [ 107.127090000203538, -6.481209999941342, 0.0 ], [ 107.127139999811362, -6.480880000011826, 0.0 ], [ 107.127179999857304, -6.480679999782026, 0.0 ], [ 107.127179999857304, -6.480499999575198, 0.0 ], [ 107.127150000272451, -6.480389999898453, 0.0 ], [ 107.127119999788306, -6.480309999806479, 0.0 ], [ 107.127030000134624, -6.480289999783508, 0.0 ], [ 107.126959999604452, -6.480300000244679, 0.0 ], [ 107.126840000365902, -6.480369999875482, 0.0 ], [ 107.126640000136106, -6.480499999575198, 0.0 ], [ 107.126569999606019, -6.480570000105281, 0.0 ], [ 107.126479999952238, -6.480570000105281, 0.0 ], [ 107.126390000298471, -6.48055000008231, 0.0 ], [ 107.126299999745328, -6.480469999990337, 0.0 ], [ 107.126250000137588, -6.480389999898453, 0.0 ], [ 107.126259999699386, -6.480300000244679, 0.0 ], [ 107.126339999791355, -6.480209999691535, 0.0 ], [ 107.126620000113036, -6.480019999922906, 0.0 ], [ 107.127059999719393, -6.479839999716077, 0.0 ], [ 107.12756000029394, -6.479629999924388, 0.0 ], [ 107.127790000108604, -6.479560000293674, 0.0 ], [ 107.128189999668919, -6.479500000224672, 0.0 ], [ 107.128329999829802, -6.479480000201701, 0.0 ], [ 107.128400000359889, -6.479429999694588, 0.0 ], [ 107.128429999944743, -6.479320000017843, 0.0 ], [ 107.128400000359889, -6.479130000249125, 0.0 ], [ 107.128349999852773, -6.478950000042296, 0.0 ], [ 107.128360000313947, -6.478860000388522, 0.0 ], [ 107.128469999990685, -6.47880999988141, 0.0 ], [ 107.128690000243466, -6.478950000042296, 0.0 ], [ 107.128909999597042, -6.479210000341098, 0.0 ], [ 107.129109999826838, -6.479409999671617, 0.0 ], [ 107.129220000402867, -6.479500000224672, 0.0 ], [ 107.129319999618446, -6.479500000224672, 0.0 ], [ 107.129470000240502, -6.479489999763501, 0.0 ], [ 107.12957999991724, -6.479449999717559, 0.0 ], [ 107.129660000009125, -6.479369999625675, 0.0 ], [ 107.129740000101094, -6.47923999992587, 0.0 ] ] ] ] } },
{ "type": "Feature", "properties": { "PROVNO": "32", "KABKOTNO": "01", "KECNO": "160", "DESANO": "017", "PROVINSI": "JAWA BARAT", "KABKOT": "BOGOR", "KECAMATAN": "CARIU", "ID2013": "3201160017", "DESA": "CARIU", "DESA_1": "CARIU", "ID2012": "3201160017", "IDKAB2": "3201", "IDKEC_2": "3201160", "WILAYAH": "TIMUR" }, "geometry": { "type": "MultiPolygon", "coordinates": [ [ [ [ 107.140499999875303, -6.500000000399577, 0.0 ], [ 107.140319999668378, -6.50048000005178, 0.0 ], [ 107.140129999899756, -6.50111999988793, 0.0 ], [ 107.139900000085092, -6.501879999861995, 0.0 ], [ 107.13979000040834, -6.502209999791511, 0.0 ], [ 107.139679999832325, -6.502710000366054, 0.0 ], [ 107.139559999694399, -6.502929999719544, 0.0 ], [ 107.139510414674049, -6.503051707670018, 0.0 ], [ 107.139450000017661, -6.503199999580147, 0.0 ], [ 107.139289999833807, -6.503539999970922, 0.0 ], [ 107.13918819477955, -6.503817651263457, 0.0 ], [ 107.139180000157054, -6.503840000315577, 0.0 ], [ 107.139080000042114, -6.50413000019924, 0.0 ], [ 107.139060000019143, -6.504400000059753, 0.0 ], [ 107.138990000388432, -6.504899999735017, 0.0 ], [ 107.138966650390756, -6.504990805181379, 0.0 ], [ 107.138899999835289, -6.505249999687592, 0.0 ], [ 107.138870000250506, -6.505469999940363, 0.0 ], [ 107.138879999812318, -6.505790000308078, 0.0 ], [ 107.138899999835289, -6.506100000214712, 0.0 ], [ 107.138904265319781, -6.506115459560604, 0.0 ], [ 107.13901583970943, -6.506519918859013, 0.0 ], [ 107.139060000019143, -6.506679999981859, 0.0 ], [ 107.13919131182972, -6.507048924368188, 0.0 ], [ 107.139269999810836, -6.507270000210177, 0.0 ], [ 107.139365297370801, -6.507446475074588, 0.0 ], [ 107.139539999671427, -6.50776999988544, 0.0 ], [ 107.139670000270513, -6.508179999906929, 0.0 ], [ 107.139719999878267, -6.508389999698618, 0.0 ], [ 107.139779924404138, -6.508681058084189, 0.0 ], [ 107.13979000040834, -6.508730000089216, 0.0 ], [ 107.139864205269006, -6.509036096038781, 0.0 ], [ 107.139869999600947, -6.50906000001882, 0.0 ], [ 107.139921753786069, -6.509219242074185, 0.0 ], [ 107.140000000200033, -6.509459999579139, 0.0 ], [ 107.140100000314888, -6.509770000385053, 0.0 ], [ 107.14010414529028, -6.509789897885323, 0.0 ], [ 107.140149999922727, -6.510009999761515, 0.0 ], [ 107.140160000383901, -6.510270000060316, 0.0 ], [ 107.140164475410373, -6.510417665142967, 0.0 ], [ 107.140169999945698, -6.510599999989832, 0.0 ], [ 107.140100000314888, -6.510860000288634, 0.0 ], [ 107.140095554966095, -6.510869294781987, 0.0 ], [ 107.139989999738873, -6.511090000103295, 0.0 ], [ 107.139987499623643, -6.511091805941973, 0.0 ], [ 107.139630000224486, -6.511350000402008, 0.0 ], [ 107.13934999990272, -6.511549999732527, 0.0 ], [ 107.139209999741837, -6.511660000308641, 0.0 ], [ 107.139030000434374, -6.511810000031328, 0.0 ], [ 107.138839999766375, -6.511950000192215, 0.0 ], [ 107.13858999992874, -6.512130000399043, 0.0 ], [ 107.138560322301188, -6.512137810111742, 0.0 ], [ 107.138400000160019, -6.512180000006786, 0.0 ], [ 107.138199999930222, -6.512150000422015, 0.0 ], [ 107.13758000011714, -6.512010000261128, 0.0 ], [ 107.136880000211988, -6.511859999639071, 0.0 ], [ 107.136249999937718, -6.511870000100242, 0.0 ], [ 107.136002489423504, -6.511883750734384, 0.0 ], [ 107.13571000021652, -6.511899999685014, 0.0 ], [ 107.135309999756913, -6.511950000192215, 0.0 ], [ 107.135030000334424, -6.512130000399043, 0.0 ], [ 107.134799999620483, -6.512329999729563, 0.0 ], [ 107.134529999759877, -6.512590000028275, 0.0 ], [ 107.134493625780408, -6.512617887105634, 0.0 ], [ 107.134230000314417, -6.512819999842936, 0.0 ], [ 107.133780000246986, -6.513229999864425, 0.0 ], [ 107.133500089857449, -6.513527776185715, 0.0 ], [ 107.133310000156584, -6.513730000438969, 0.0 ], [ 107.132989999788862, -6.51419000006829, 0.0 ], [ 107.132800000020154, -6.514569999605637, 0.0 ], [ 107.13275171362082, -6.514710030343487, 0.0 ], [ 107.132699999905213, -6.514860000388492, 0.0 ], [ 107.1326399998363, -6.515230000364038, 0.0 ], [ 107.1326399998363, -6.515241092602189, 0.0 ], [ 107.1326399998363, -6.515790000108304, 0.0 ], [ 107.132670000320431, -6.516420000382563, 0.0 ], [ 107.132719999928185, -6.516810000381081, 0.0 ], [ 107.132800000020154, -6.517120000287626, 0.0 ], [ 107.132916152858343, -6.517264030310557, 0.0 ], [ 107.133049999857775, -6.517430000194171, 0.0 ], [ 107.133339999741352, -6.517590000378028, 0.0 ], [ 107.133700000155017, -6.517729999639545, 0.0 ], [ 107.133741358177261, -6.51773413562168, 0.0 ], [ 107.133999999600476, -6.517760000123776, 0.0 ], [ 107.13470000040482, -6.517789999708548, 0.0 ], [ 107.135090000403338, -6.517760000123776, 0.0 ], [ 107.135590000078594, -6.517610000401, 0.0 ], [ 107.135989999638923, -6.517379999687059, 0.0 ], [ 107.136319999568528, -6.517279999572203, 0.0 ], [ 107.136599999890294, -6.517169999895458, 0.0 ], [ 107.137049999957725, -6.516989999688541, 0.0 ], [ 107.137359999864273, -6.516819999942882, 0.0 ], [ 107.137540000071098, -6.516739999850909, 0.0 ], [ 107.137809999931704, -6.516409999921393, 0.0 ], [ 107.138039999746368, -6.516189999668622, 0.0 ], [ 107.138329999629946, -6.516059999968906, 0.0 ], [ 107.138640000435856, -6.515959999853962, 0.0 ], [ 107.138870000250506, -6.515899999785049, 0.0 ], [ 107.1390199999732, -6.515970000315132, 0.0 ], [ 107.139189999718866, -6.516160000083762, 0.0 ], [ 107.139209999741837, -6.516440000405535, 0.0 ], [ 107.139120000088056, -6.516770000335139, 0.0 ], [ 107.139010000411403, -6.517089999803485, 0.0 ], [ 107.138799999720433, -6.51739999971003, 0.0 ], [ 107.138549999882713, -6.517709999616574, 0.0 ], [ 107.138210000391396, -6.518199999730037, 0.0 ], [ 107.137870000000618, -6.518560000143694, 0.0 ], [ 107.137789999908733, -6.51872000032764, 0.0 ], [ 107.137781513006615, -6.518785772245419, 0.0 ], [ 107.138412394616509, -6.519385343958319, 0.0 ], [ 107.138515813953774, -6.519990126343114, 0.0 ], [ 107.138430624773619, -6.520027833117883, 0.0 ], [ 107.138315674329078, -6.520360832286389, 0.0 ], [ 107.138577245743477, -6.520792684934253, 0.0 ], [ 107.13862037543015, -6.520863889656638, 0.0 ], [ 107.139226925882141, -6.521197550726257, 0.0 ], [ 107.139981138718682, -6.521168335350271, 0.0 ], [ 107.140020000223004, -6.521199999580176, 0.0 ], [ 107.140259999599465, -6.521430000294117, 0.0 ], [ 107.140370003772802, -6.521624621678725, 0.0 ], [ 107.140390000198551, -6.521660000108778, 0.0 ], [ 107.140499999875303, -6.521979999577212, 0.0 ], [ 107.140490000313406, -6.522179999807012, 0.0 ], [ 107.140430000244493, -6.522389999598701, 0.0 ], [ 107.140279999622436, -6.52256999980553, 0.0 ], [ 107.140089999853814, -6.522649999897414, 0.0 ], [ 107.139229999764808, -6.522959999803959, 0.0 ], [ 107.138640000435856, -6.523180000056819, 0.0 ], [ 107.138119999838338, -6.523340000240676, 0.0 ], [ 107.13776000032388, -6.523469999940392, 0.0 ], [ 107.13754999963291, -6.523590000078308, 0.0 ], [ 107.137319999818331, -6.523730000239105, 0.0 ], [ 107.137179999657448, -6.523879999961881, 0.0 ], [ 107.136949999842784, -6.524089999753571, 0.0 ], [ 107.136659999959207, -6.52449000021317, 0.0 ], [ 107.136399999660497, -6.52492000025763, 0.0 ], [ 107.136280000421863, -6.525190000118233, 0.0 ], [ 107.136180000306922, -6.525410000371004, 0.0 ], [ 107.135844959677371, -6.526022879352258, 0.0 ], [ 107.135770000285433, -6.526159999883898, 0.0 ], [ 107.135500000424827, -6.526699999605103, 0.0 ], [ 107.135369999825826, -6.526950000342104, 0.0 ], [ 107.135289999733857, -6.527220000202707, 0.0 ], [ 107.135240000126117, -6.527389999948365, 0.0 ], [ 107.135162733073884, -6.527467267000588, 0.0 ], [ 107.135110000426394, -6.527519999648081, 0.0 ], [ 107.134850000127599, -6.527450000017367, 0.0 ], [ 107.134790000058587, -6.52728000027162, 0.0 ], [ 107.134549999782848, -6.527579999716995, 0.0 ], [ 107.134469999690879, -6.527670000270138, 0.0 ], [ 107.134330000429358, -6.527730000339051, 0.0 ], [ 107.134139999761359, -6.527659999808968, 0.0 ], [ 107.13394000043084, -6.527599999740055, 0.0 ], [ 107.133749999762841, -6.527530000109252, 0.0 ], [ 107.133339999741352, -6.527550000132223, 0.0 ], [ 107.133089999903717, -6.527599999740055, 0.0 ], [ 107.132920000158066, -6.52771000031608, 0.0 ], [ 107.132829937551804, -6.527783174553683, 0.0 ], [ 107.132759999974212, -6.527840000015797, 0.0 ], [ 107.132619999813329, -6.528000000199743, 0.0 ], [ 107.132539999721345, -6.528049999807486, 0.0 ], [ 107.132380000436854, -6.528069999830457, 0.0 ], [ 107.131979999977176, -6.527960000153712, 0.0 ], [ 107.131699999655396, -6.527829999554715, 0.0 ], [ 107.131469999840832, -6.52771000031608, 0.0 ], [ 107.131050000257446, -6.527550000132223, 0.0 ], [ 107.13029000028348, -6.52749000006331, 0.0 ], [ 107.129800000170093, -6.527240000225678, 0.0 ], [ 107.1294799998023, -6.52706999958065, 0.0 ], [ 107.129310000056634, -6.527109999626681, 0.0 ], [ 107.12906999978081, -6.527249999787479, 0.0 ], [ 107.128889999573971, -6.527389999948365, 0.0 ], [ 107.128690000243466, -6.527459999579168, 0.0 ], [ 107.128590000128511, -6.527420000432507, 0.0 ], [ 107.127870000200488, -6.526819999743019, 0.0 ], [ 107.127620000362938, -6.526670000020331, 0.0 ], [ 107.127409999671883, -6.526589999928358, 0.0 ], [ 107.126959999604452, -6.52664000043556, 0.0 ], [ 107.126860000388874, -6.526690000043303, 0.0 ], [ 107.126399999860269, -6.526859999788961, 0.0 ], [ 107.126100000414809, -6.526999999949847, 0.0 ], [ 107.126020000322924, -6.526999999949847, 0.0 ], [ 107.125289999933727, -6.527039999995878, 0.0 ], [ 107.125100000165091, -6.526999999949847, 0.0 ], [ 107.12500000005015, -6.526990000388047, 0.0 ], [ 107.124839999866282, -6.526970000365075, 0.0 ], [ 107.124449999867778, -6.527010000411018, 0.0 ], [ 107.124269999660939, -6.52706999958065, 0.0 ], [ 107.124050000307449, -6.527189999718566, 0.0 ], [ 107.123839999616479, -6.527260000248649, 0.0 ], [ 107.123520000148048, -6.527240000225678, 0.0 ], [ 107.123190000218528, -6.527109999626681, 0.0 ], [ 107.122989999988732, -6.526970000365075, 0.0 ], [ 107.122760000173983, -6.526750000112216, 0.0 ], [ 107.122579999967158, -6.526529999859445, 0.0 ], [ 107.122547088377615, -6.526504987015382, 0.0 ], [ 107.122330000129608, -6.526340000090816, 0.0 ], [ 107.12227000006061, -6.525919999608067, 0.0 ], [ 107.122239999576465, -6.525580000116751, 0.0 ], [ 107.122390000198521, -6.525049999957346, 0.0 ], [ 107.122530000359404, -6.52449000021317, 0.0 ], [ 107.12256797693081, -6.524072257028859, 0.0 ], [ 107.122590000428417, -6.523830000354049, 0.0 ], [ 107.122620000013185, -6.522970000265129, 0.0 ], [ 107.122620000013185, -6.522210000291153, 0.0 ], [ 107.122530000359404, -6.521350000202144, 0.0 ], [ 107.122430000244464, -6.520360000413508, 0.0 ], [ 107.122397024803064, -6.519934982613265, 0.0 ], [ 107.122339999691405, -6.519199999979843, 0.0 ], [ 107.122387271655441, -6.518609100429487, 0.0 ], [ 107.122399999760418, -6.518449999567668, 0.0 ], [ 107.122550000382375, -6.518000000399518, 0.0 ], [ 107.122729999689938, -6.51763999998586, 0.0 ], [ 107.122819374314872, -6.517528826693777, 0.0 ], [ 107.123139999711412, -6.517129999849427, 0.0 ], [ 107.123720000377844, -6.516770000335139, 0.0 ], [ 107.123839999616479, -6.516440000405535, 0.0 ], [ 107.123788355148662, -6.516078483734891, 0.0 ], [ 107.123782318899117, -6.516036231786551, 0.0 ], [ 107.123769999985683, -6.515950000292072, 0.0 ], [ 107.123675761827158, -6.515770499209008, 0.0 ], [ 107.12356000019399, -6.515549999832473, 0.0 ], [ 107.123259999849239, -6.515119999788013, 0.0 ], [ 107.123119999688441, -6.514490000413033, 0.0 ], [ 107.12298000042685, -6.514009999861461, 0.0 ], [ 107.122960000403879, -6.513180000256593, 0.0 ], [ 107.122928691406173, -6.513184673133967, 0.0 ], [ 107.122290000083666, -6.513280000371537, 0.0 ], [ 107.121699999855352, -6.513359999564141, 0.0 ], [ 107.121039999996142, -6.51335000000234, 0.0 ], [ 107.120050000207499, -6.513240000325595, 0.0 ], [ 107.11997743840827, -6.513264186692727, 0.0 ], [ 107.119450000417388, -6.513439999656114, 0.0 ], [ 107.118820000143046, -6.513650000347084, 0.0 ], [ 107.117779999847286, -6.513499999725028, 0.0 ], [ 107.117289999733913, -6.513209999841454, 0.0 ], [ 107.116700000404876, -6.513020000072824, 0.0 ], [ 107.115916344663688, -6.512951855743356, 0.0 ], [ 107.115780000247042, -6.512939999980851, 0.0 ], [ 107.115100000364947, -6.51293000041905, 0.0 ], [ 107.114570000205461, -6.51293000041905, 0.0 ], [ 107.114517048123446, -6.512923890425029, 0.0 ], [ 107.114357311440898, -6.51290545881972, 0.0 ], [ 107.114377231424257, -6.51223293140454, 0.0 ], [ 107.114409392979269, -6.512034819750969, 0.0 ], [ 107.114463408959324, -6.511803622938697, 0.0 ], [ 107.114561412579292, -6.511572240866084, 0.0 ], [ 107.1147368073579, -6.511439521616449, 0.0 ], [ 107.114769060643823, -6.511263409178838, 0.0 ], [ 107.114723922770992, -6.51098863211951, 0.0 ], [ 107.114734044640656, -6.510779616186237, 0.0 ], [ 107.114678554671769, -6.51065886331569, 0.0 ], [ 107.114667628808178, -6.510466580168419, 0.0 ], [ 107.114666682721406, -6.510449938213938, 0.0 ], [ 107.114787185580298, -6.510339446608029, 0.0 ], [ 107.114764732206822, -6.510229554849936, 0.0 ], [ 107.114764364384087, -6.510141566979613, 0.0 ], [ 107.114774808211038, -6.510009540207964, 0.0 ], [ 107.114818381263404, -6.509910370167251, 0.0 ], [ 107.11490589429178, -6.509800017056957, 0.0 ], [ 107.114959817641662, -6.509546821928183, 0.0 ], [ 107.115058557806407, -6.509491415596216, 0.0 ], [ 107.115124398972, -6.509458144277804, 0.0 ], [ 107.11502455533909, -6.509249587897994, 0.0 ], [ 107.115013052110839, -6.509128650666565, 0.0 ], [ 107.115111561149817, -6.509018251690826, 0.0 ], [ 107.115187892907088, -6.508863952309376, 0.0 ], [ 107.115472931230968, -6.508653784344478, 0.0 ], [ 107.115528005713088, -6.508675550636003, 0.0 ], [ 107.115593893643407, -6.508653277126921, 0.0 ], [ 107.115592649881066, -6.508356319188593, 0.0 ], [ 107.115625502115421, -6.508323186365796, 0.0 ], [ 107.115713106874608, -6.508234829773443, 0.0 ], [ 107.115756724893131, -6.508146658441341, 0.0 ], [ 107.115844282887508, -6.508047304039657, 0.0 ], [ 107.115998005803505, -6.507991666581994, 0.0 ], [ 107.116151773685573, -6.507947027832941, 0.0 ], [ 107.116272322409912, -6.507847535835012, 0.0 ], [ 107.116348562436372, -6.507671238136972, 0.0 ], [ 107.116362482143003, -6.507510639004668, 0.0 ], [ 107.116369541821086, -6.507429180212334, 0.0 ], [ 107.116489859419644, -6.507274694671263, 0.0 ], [ 107.116469970912618, -6.507120798186108, 0.0 ], [ 107.116565960051133, -6.507065402646042, 0.0 ], [ 107.116715954377952, -6.50677606016691, 0.0 ], [ 107.116756039859553, -6.506500926976102, 0.0 ], [ 107.116713767226784, -6.506253634997119, 0.0 ], [ 107.116684664266032, -6.505868805201001, 0.0 ], [ 107.116710773383659, -6.505538736023677, 0.0 ], [ 107.116750455968969, -6.505167366380729, 0.0 ], [ 107.116832584756111, -6.505084533424323, 0.0 ], [ 107.116956469066025, -6.505125259223146, 0.0 ], [ 107.11706597411559, -6.505014814382051, 0.0 ], [ 107.117065283436261, -6.504849837350015, 0.0 ], [ 107.117188361054218, -6.504698091143837, 0.0 ], [ 107.117049637930648, -6.504396209417376, 0.0 ], [ 107.116994137169868, -6.504272707319405, 0.0 ], [ 107.116883539443961, -6.504121938676324, 0.0 ], [ 107.116894657762401, -6.504050515418793, 0.0 ], [ 107.116937082380616, -6.503778008248364, 0.0 ], [ 107.116950136939479, -6.503612973659614, 0.0 ], [ 107.117073042786842, -6.503419982745875, 0.0 ], [ 107.11690625272152, -6.502980735872068, 0.0 ], [ 107.117015700214552, -6.502856543994131, 0.0 ], [ 107.117180187116077, -6.502745868926532, 0.0 ], [ 107.117289289269522, -6.502539186733927, 0.0 ], [ 107.1173021711584, -6.502332909236177, 0.0 ], [ 107.117412180727769, -6.502014863095287, 0.0 ], [ 107.117454969571355, -6.501728720403968, 0.0 ], [ 107.117630499248278, -6.501628997280253, 0.0 ], [ 107.117783069233454, -6.501298400200852, 0.0 ], [ 107.117737932259928, -6.501023623141524, 0.0 ], [ 107.11776673934375, -6.500761800816282, 0.0 ], [ 107.117780305616833, -6.500638493871271, 0.0 ], [ 107.118072262425159, -6.500344027954377, 0.0 ], [ 107.118086916877843, -6.50032924759655, 0.0 ], [ 107.118063681094142, -6.500032383187762, 0.0 ], [ 107.118174489261406, -6.499879919322673, 0.0 ], [ 107.118183951028684, -6.499866899837361, 0.0 ], [ 107.118391593697254, -6.499558069049485, 0.0 ], [ 107.118579453978811, -6.499777255415875, 0.0 ], [ 107.118700368727247, -6.499765748590249, 0.0 ], [ 107.118886939380928, -6.49967697920907, 0.0 ], [ 107.118930372139118, -6.499544813941807, 0.0 ], [ 107.119094995737598, -6.499467134100847, 0.0 ], [ 107.119182461101886, -6.499345783181223, 0.0 ], [ 107.119347314027507, -6.499323095084577, 0.0 ], [ 107.119763656967365, -6.498958395713164, 0.0 ], [ 107.119939646197935, -6.498968656977713, 0.0 ], [ 107.120158882026971, -6.498802759039926, 0.0 ], [ 107.120301512704827, -6.498725170929767, 0.0 ], [ 107.12040071062448, -6.498779748986063, 0.0 ], [ 107.12064253922199, -6.498756738032831, 0.0 ], [ 107.120752364430288, -6.498723282353449, 0.0 ], [ 107.121082117046257, -6.498688903070295, 0.0 ], [ 107.121115474699607, -6.498776752445004, 0.0 ], [ 107.121302274680431, -6.498742973009666, 0.0 ], [ 107.121367470132839, -6.49855572426711, 0.0 ], [ 107.12153117102693, -6.498258074750165, 0.0 ], [ 107.121847714400658, -6.49769581860701, 0.0 ], [ 107.121870544590138, -6.497589289413988, 0.0 ], [ 107.12188648956996, -6.49751489029974, 0.0 ], [ 107.12192321338577, -6.497343547866343, 0.0 ], [ 107.122043664983352, -6.497222057551735, 0.0 ], [ 107.122142124559574, -6.497100659867385, 0.0 ], [ 107.122493684835845, -6.49702219581755, 0.0 ], [ 107.122640028814473, -6.496852212259654, 0.0 ], [ 107.122761637839545, -6.496871959573127, 0.0 ], [ 107.122811302000144, -6.496743429365583, 0.0 ], [ 107.122883442916759, -6.496653858688486, 0.0 ], [ 107.122972318417951, -6.496564218763492, 0.0 ], [ 107.123083622111679, -6.496502379581006, 0.0 ], [ 107.123211238607979, -6.496340046555762, 0.0 ], [ 107.123316824412086, -6.496244757989036, 0.0 ], [ 107.123416948633434, -6.496177387076632, 0.0 ], [ 107.123523165761597, -6.496232733153953, 0.0 ], [ 107.123600720596954, -6.496104086034595, 0.0 ], [ 107.123522182802645, -6.495998410298256, 0.0 ], [ 107.123510700258834, -6.495920349144626, 0.0 ], [ 107.123616261781294, -6.495819480284606, 0.0 ], [ 107.123722267568809, -6.495824615413461, 0.0 ], [ 107.123794338338172, -6.495718306554501, 0.0 ], [ 107.123828597112293, -6.495668367201226, 0.0 ], [ 107.123894135206356, -6.495572828623022, 0.0 ], [ 107.123994164998891, -6.495483141033933, 0.0 ], [ 107.124100241832878, -6.495505013445459, 0.0 ], [ 107.124211663337704, -6.495471070333494, 0.0 ], [ 107.124367638156187, -6.495420201980586, 0.0 ], [ 107.124386108432333, -6.495344967396157, 0.0 ], [ 107.124424164144074, -6.495343831552383, 0.0 ], [ 107.124469999890749, -6.495309999956369, 0.0 ], [ 107.124699999705399, -6.495240000325566, 0.0 ], [ 107.124838848734029, -6.495247713810794, 0.0 ], [ 107.124936131097712, -6.495306231796985, 0.0 ], [ 107.12504223131414, -6.495333681803785, 0.0 ], [ 107.125203948303721, -6.495321844927062, 0.0 ], [ 107.125438530164232, -6.495393389593076, 0.0 ], [ 107.125588596436714, -6.49536271461745, 0.0 ], [ 107.125633597612563, -6.495353516351567, 0.0 ], [ 107.12566104312279, -6.495247396350159, 0.0 ], [ 107.125603648389813, -6.495195646661625, 0.0 ], [ 107.125634614745792, -6.495168120212416, 0.0 ], [ 107.125596356686657, -6.495119346380598, 0.0 ], [ 107.125589003829674, -6.495028713604114, 0.0 ], [ 107.125567822996771, -6.494966037152707, 0.0 ], [ 107.125539551908986, -6.494875493409182, 0.0 ], [ 107.1255600888272, -6.494784744620077, 0.0 ], [ 107.125615782042829, -6.494763588968269, 0.0 ], [ 107.125657587927449, -6.494756439358031, 0.0 ], [ 107.125693731680514, -6.494738174127281, 0.0 ], [ 107.12574108278497, -6.494714244966229, 0.0 ], [ 107.125824636098216, -6.494685998160179, 0.0 ], [ 107.125873415326069, -6.494678818872259, 0.0 ], [ 107.125942846585303, -6.494608786865843, 0.0 ], [ 107.126012396554998, -6.494566650930036, 0.0 ], [ 107.126144729096183, -6.494531224835978, 0.0 ], [ 107.126165793017108, -6.494566007015425, 0.0 ], [ 107.126222013235548, -6.494670381432801, 0.0 ], [ 107.126236134390282, -6.494712165733709, 0.0 ], [ 107.126268879605263, -6.494762645579435, 0.0 ], [ 107.126325471243661, -6.49478441187096, 0.0 ], [ 107.126376140846389, -6.494844083687337, 0.0 ], [ 107.126383114189537, -6.494844054009743, 0.0 ], [ 107.126404061198656, -6.494850940118582, 0.0 ], [ 107.126508795344805, -6.49488537066313, 0.0 ], [ 107.126536773253591, -6.49490617468004, 0.0 ], [ 107.126648539198897, -6.49495452403194, 0.0 ], [ 107.126711497138018, -6.495003076630503, 0.0 ], [ 107.126830088937695, -6.495016526891053, 0.0 ], [ 107.126913612573347, -6.494981305842398, 0.0 ], [ 107.126976073187365, -6.494911302614383, 0.0 ], [ 107.126961630075314, -6.494792806142904, 0.0 ], [ 107.126814679054363, -6.494667891210018, 0.0 ], [ 107.126730021373589, -6.49455996177263, 0.0 ], [ 107.126744388942598, -6.494533619730571, 0.0 ], [ 107.126744251346253, -6.49450081066373, 0.0 ], [ 107.126758108100404, -6.494479830379731, 0.0 ], [ 107.126743899711357, -6.494417124250731, 0.0 ], [ 107.126736780678087, -6.494382283615288, 0.0 ], [ 107.126736400264875, -6.49429162295986, 0.0 ], [ 107.126757054094895, -6.494228770241453, 0.0 ], [ 107.126791564679152, -6.494144937238868, 0.0 ], [ 107.126847140982889, -6.49409588461717, 0.0 ], [ 107.126909892977423, -6.49409562201523, 0.0 ], [ 107.12696546928116, -6.494046570292813, 0.0 ], [ 107.127049081050401, -6.49403227107225, 0.0 ], [ 107.127153610151154, -6.494017883718186, 0.0 ], [ 107.127244194364266, -6.494003554820029, 0.0 ], [ 107.127314124747258, -6.494052078640369, 0.0 ], [ 107.127397706838821, -6.494030806076658, 0.0 ], [ 107.127418477580832, -6.493995849428771, 0.0 ], [ 107.127404122602385, -6.493898272986733, 0.0 ], [ 107.127424747654175, -6.493828446025809, 0.0 ], [ 107.127564373697084, -6.493869703324009, 0.0 ], [ 107.127648278645324, -6.49392514293087, 0.0 ], [ 107.127698467110704, -6.49400801365875, 0.0 ], [ 107.127726278645028, -6.493996303586371, 0.0 ], [ 107.12784424181848, -6.494098668918316, 0.0 ], [ 107.127969806961204, -6.494112090400463, 0.0 ], [ 107.128039122207895, -6.494014162323616, 0.0 ], [ 107.128108524688827, -6.493937156074683, 0.0 ], [ 107.128050835877588, -6.493859164168949, 0.0 ], [ 107.128062531560758, -6.493847467586402, 0.0 ], [ 107.128010001260733, -6.493721376340247, 0.0 ], [ 107.127932834033203, -6.493610115814032, 0.0 ], [ 107.127925216775523, -6.493456720251292, 0.0 ], [ 107.128064725906526, -6.493470082378252, 0.0 ], [ 107.128247051760141, -6.493496652848076, 0.0 ], [ 107.128237795038359, -6.493465662210376, 0.0 ], [ 107.128280787128773, -6.49344825223487, 0.0 ], [ 107.128266226205554, -6.49330185879359, 0.0 ], [ 107.12818885483189, -6.493141782167324, 0.0 ], [ 107.128167527409659, -6.493044235402969, 0.0 ], [ 107.128208540991523, -6.492848791138641, 0.0 ], [ 107.128173181447352, -6.492730381002101, 0.0 ], [ 107.128131140839642, -6.492681740269948, 0.0 ], [ 107.128091776614426, -6.492670108438539, 0.0 ], [ 107.128061328267819, -6.492661110721567, 0.0 ], [ 107.128018819113407, -6.492500888405086, 0.0 ], [ 107.12795574426238, -6.492424437937263, 0.0 ], [ 107.127857924104092, -6.492376031028826, 0.0 ], [ 107.12775998613462, -6.492299728949149, 0.0 ], [ 107.127641161410608, -6.492230488346209, 0.0 ], [ 107.127591581786291, -6.492235496670631, 0.0 ], [ 107.127584440269843, -6.492217131615199, 0.0 ], [ 107.127515714079067, -6.492244962934492, 0.0 ], [ 107.127438899385879, -6.492217389720647, 0.0 ], [ 107.12732728092945, -6.492203910681784, 0.0 ], [ 107.12732698775045, -6.49213417185436, 0.0 ], [ 107.127389505921187, -6.492078117111291, 0.0 ], [ 107.127458879623788, -6.49199413661993, 0.0 ], [ 107.127479386864408, -6.491896415387046, 0.0 ], [ 107.127590624907626, -6.491819233770482, 0.0 ], [ 107.127604335971554, -6.491763384072815, 0.0 ], [ 107.12765299738814, -6.491728308714286, 0.0 ], [ 107.127724562738493, -6.491722042238237, 0.0 ], [ 107.127739999601488, -6.491650000247109, 0.0 ], [ 107.127730000039691, -6.49145999957911, 0.0 ], [ 107.127620000362938, -6.491439999556139, 0.0 ], [ 107.127409999671883, -6.491389999948396, 0.0 ], [ 107.127380000087101, -6.491320000317593, 0.0 ], [ 107.127409999671883, -6.491200000179767, 0.0 ], [ 107.127500000225027, -6.49104999955771, 0.0 ], [ 107.12771000001662, -6.490879999811963, 0.0 ], [ 107.128038558333003, -6.49072904141196, 0.0 ], [ 107.128283393364086, -6.49074929864101, 0.0 ], [ 107.128345881857143, -6.490686270554793, 0.0 ], [ 107.12840834157187, -6.490616268226059, 0.0 ], [ 107.128438889743151, -6.490566443986037, 0.0 ], [ 107.128713193759012, -6.490456723099172, 0.0 ], [ 107.128875087915134, -6.490516671007409, 0.0 ], [ 107.128958581873192, -6.490474475716326, 0.0 ], [ 107.129055962262996, -6.490418274383671, 0.0 ], [ 107.129146193941921, -6.490320259072515, 0.0 ], [ 107.129174826557133, -6.490272068900751, 0.0 ], [ 107.129180000356925, -6.490269999560674, 0.0 ], [ 107.129249999987636, -6.490210000391041, 0.0 ], [ 107.129490000263473, -6.490460000228673, 0.0 ], [ 107.129599999940211, -6.490549999882447, 0.0 ], [ 107.12994000033089, -6.490469999790474, 0.0 ], [ 107.13005999956944, -6.490460000228673, 0.0 ], [ 107.130150000122583, -6.490500000274615, 0.0 ], [ 107.130179999707451, -6.49060999995136, 0.0 ], [ 107.130139999661424, -6.490799999719989, 0.0 ], [ 107.130179999707451, -6.490979999926907, 0.0 ], [ 107.130259999799335, -6.491080000041762, 0.0 ], [ 107.130489999613985, -6.491120000087793, 0.0 ], [ 107.130600000190014, -6.491140000110764, 0.0 ], [ 107.130689999843796, -6.491220000202738, 0.0 ], [ 107.130689999843796, -6.491320000317593, 0.0 ], [ 107.130489999613985, -6.491539999671083, 0.0 ], [ 107.130440000006161, -6.491639999786027, 0.0 ], [ 107.130529999659927, -6.491810000431055, 0.0 ], [ 107.130540000121101, -6.49188999962357, 0.0 ], [ 107.13052124116254, -6.491924390597994, 0.0 ], [ 107.130480000052188, -6.492000000199685, 0.0 ], [ 107.130469999590929, -6.492129999899401, 0.0 ], [ 107.13056999970587, -6.492330000129201, 0.0 ], [ 107.130629999774882, -6.492410000221174, 0.0 ], [ 107.130600000190014, -6.49253999992089, 0.0 ], [ 107.130469999590929, -6.492720000127719, 0.0 ], [ 107.130390000398421, -6.492820000242663, 0.0 ], [ 107.130399999960218, -6.493039999596153, 0.0 ], [ 107.130469999590929, -6.49315999973398, 0.0 ], [ 107.130729999889738, -6.493319999917926, 0.0 ], [ 107.131030000234475, -6.493600000239699, 0.0 ], [ 107.131449999817761, -6.493979999777046, 0.0 ], [ 107.13177999974738, -6.494220000052788, 0.0 ], [ 107.131870000300424, -6.494320000167733, 0.0 ], [ 107.131910000346366, -6.494639999636078, 0.0 ], [ 107.132019857930288, -6.494841407304932, 0.0 ], [ 107.132149999722827, -6.495080000141709, 0.0 ], [ 107.132659999859271, -6.495539999771029, 0.0 ], [ 107.132750000412415, -6.495630000324084, 0.0 ], [ 107.132770000435386, -6.495710000415968, 0.0 ], [ 107.132719999928185, -6.495860000138745, 0.0 ], [ 107.132360000413883, -6.496259999699063, 0.0 ], [ 107.132240000275971, -6.496379999836979, 0.0 ], [ 107.132169999745884, -6.49660999965155, 0.0 ], [ 107.132169999745884, -6.496800000319549, 0.0 ], [ 107.132320000367855, -6.496999999650068, 0.0 ], [ 107.132565633097656, -6.497076230683287, 0.0 ], [ 107.132900000135095, -6.497179999856897, 0.0 ], [ 107.133680000132046, -6.497349999602644, 0.0 ], [ 107.133996880751653, -6.497440887786556, 0.0 ], [ 107.134640111851866, -6.497625381006369, 0.0 ], [ 107.134970000265511, -6.497719999578191, 0.0 ], [ 107.13504961814553, -6.49774252579677, 0.0 ], [ 107.135314157322682, -6.497930800665799, 0.0 ], [ 107.135754251357838, -6.498124214260983, 0.0 ], [ 107.135839427048083, -6.498144163921928, 0.0 ], [ 107.136123005772319, -6.498210585150179, 0.0 ], [ 107.136368454140964, -6.498268075211335, 0.0 ], [ 107.136773421556299, -6.498398869911739, 0.0 ], [ 107.13693402608456, -6.498453983064714, 0.0 ], [ 107.13725535205306, -6.498592105441183, 0.0 ], [ 107.137590446642022, -6.498688324806192, 0.0 ], [ 107.137884472790347, -6.498966040849954, 0.0 ], [ 107.138059700295116, -6.499181493231134, 0.0 ], [ 107.138283528961921, -6.499347921769019, 0.0 ], [ 107.138549251646836, -6.499528121625389, 0.0 ], [ 107.138946983116995, -6.499596179619829, 0.0 ], [ 107.139400494137647, -6.499664001991992, 0.0 ], [ 107.139567893943308, -6.499677241811099, 0.0 ], [ 107.139812051784901, -6.499704104560635, 0.0 ], [ 107.139930614806161, -6.499710576981368, 0.0 ], [ 107.140118966117512, -6.499749826992698, 0.0 ], [ 107.140499999875303, -6.500000000399577, 0.0 ] ] ] ] } },
{ "type": "Feature", "properties": { "PROVNO": "32", "KABKOTNO": "01", "KECNO": "160", "DESANO": "018", "PROVINSI": "JAWA BARAT", "KABKOT": "BOGOR", "KECAMATAN": "CARIU", "ID2013": "3201160018", "DESA": "KUTA MEKAR", "DESA_1": "KUTA MEKAR", "ID2012": "3201160018", "IDKAB2": "3201", "IDKEC_2": "3201160", "WILAYAH": "TIMUR" }, "geometry": { "type": "MultiPolygon", "coordinates": [ [ [ [ 107.172645731315669, -6.491642623108387, 0.0 ], [ 107.172485483818178, -6.491794734439296, 0.0 ], [ 107.171989606635208, -6.491926802579719, 0.0 ], [ 107.1711656351861, -6.49195161127766, 0.0 ], [ 107.170751382270666, -6.492006211817039, 0.0 ], [ 107.170819182159647, -6.491817206698549, 0.0 ], [ 107.171111529273816, -6.491669433697247, 0.0 ], [ 107.171501638090348, -6.491545661802647, 0.0 ], [ 107.171990032913868, -6.491567988371774, 0.0 ], [ 107.172307526871037, -6.491591046089731, 0.0 ], [ 107.172645731315669, -6.491642623108387, 0.0 ] ] ], [ [ [ 107.167892260319732, -6.496638239263177, 0.0 ], [ 107.167908876193835, -6.496371774637524, 0.0 ], [ 107.168101788866608, -6.495809290965795, 0.0 ], [ 107.168515690147146, -6.495538899000888, 0.0 ], [ 107.169174052340793, -6.495340718099509, 0.0 ], [ 107.169823141624889, -6.495113732812321, 0.0 ], [ 107.169881032783607, -6.495093489073103, 0.0 ], [ 107.170086802164334, -6.495043554216497, 0.0 ], [ 107.170242478407786, -6.495341897110709, 0.0 ], [ 107.170288226021043, -6.49578680341806, 0.0 ], [ 107.170227196228353, -6.496100558893527, 0.0 ], [ 107.170059341365729, -6.496563092812337, 0.0 ], [ 107.169845737091279, -6.496778171075537, 0.0 ], [ 107.169517667106859, -6.496927867726789, 0.0 ], [ 107.169143824328259, -6.496962686778431, 0.0 ], [ 107.168724209654755, -6.49678293388515, 0.0 ], [ 107.168350366876069, -6.496636043118755, 0.0 ], [ 107.167892260319732, -6.496638239263177, 0.0 ] ] ], [ [ [ 107.166180638225995, -6.499511110049507, 0.0 ], [ 107.166130209641565, -6.499729303564319, 0.0 ], [ 107.166015791595683, -6.499977243055213, 0.0 ], [ 107.166008126673916, -6.499999656858471, 0.0 ], [ 107.165374908625353, -6.500275281978531, 0.0 ], [ 107.165079716955574, -6.500331101099235, 0.0 ], [ 107.165077352637852, -6.500331548062324, 0.0 ], [ 107.164772181191339, -6.500675334598807, 0.0 ], [ 107.164604327228076, -6.500945229238777, 0.0 ], [ 107.164474650384946, -6.501274726447317, 0.0 ], [ 107.164337308620048, -6.501574651248934, 0.0 ], [ 107.164238124190234, -6.501979008024641, 0.0 ], [ 107.164253382088106, -6.50223361958572, 0.0 ], [ 107.164360182876322, -6.502457282777243, 0.0 ], [ 107.164688252860742, -6.502814900886769, 0.0 ], [ 107.164797362208702, -6.50290961118948, 0.0 ], [ 107.164815638231261, -6.502925475230317, 0.0 ], [ 107.165031580743047, -6.503112916427725, 0.0 ], [ 107.165138383329918, -6.503321780375728, 0.0 ], [ 107.16513838422928, -6.503471524690987, 0.0 ], [ 107.165108318993916, -6.503628823311338, 0.0 ], [ 107.165092635716746, -6.503710880152838, 0.0 ], [ 107.165005809770491, -6.503962541038302, 0.0 ], [ 107.165007761299293, -6.503965040254247, 0.0 ], [ 107.165071115839481, -6.50417488626184, 0.0 ], [ 107.165099770937871, -6.504376292132044, 0.0 ], [ 107.165142143395414, -6.504535944278214, 0.0 ], [ 107.165066073340796, -6.504619661268176, 0.0 ], [ 107.164906953593203, -6.50478017586428, 0.0 ], [ 107.164831240569441, -6.50494728339023, 0.0 ], [ 107.164811111044102, -6.505114150797322, 0.0 ], [ 107.164825869818216, -6.505315616921994, 0.0 ], [ 107.164849502202884, -6.505367547374288, 0.0 ], [ 107.16488899682993, -6.505454331951679, 0.0 ], [ 107.164840866912627, -6.505572676437712, 0.0 ], [ 107.164765124211272, -6.505732834002877, 0.0 ], [ 107.164766135948554, -6.505969104790168, 0.0 ], [ 107.16475966442718, -6.506080321249677, 0.0 ], [ 107.164662778664479, -6.506171076333924, 0.0 ], [ 107.164602508798936, -6.506699479297353, 0.0 ], [ 107.164667928182539, -6.507373278353992, 0.0 ], [ 107.164835424215667, -6.507546291727841, 0.0 ], [ 107.164808166663718, -6.50767149624242, 0.0 ], [ 107.165018363406929, -6.508080602337731, 0.0 ], [ 107.16515123913851, -6.508281562144216, 0.0 ], [ 107.165042967958755, -6.508270478899316, 0.0 ], [ 107.165100249377204, -6.508363852809431, 0.0 ], [ 107.16526810513912, -6.508632804060479, 0.0 ], [ 107.165283337855982, -6.508826870563436, 0.0 ], [ 107.165191043132296, -6.508974327003472, 0.0 ], [ 107.165161279169894, -6.509021879555945, 0.0 ], [ 107.165001064048099, -6.509381915942516, 0.0 ], [ 107.164871363822513, -6.509920736652521, 0.0 ], [ 107.164779795751173, -6.510460016916078, 0.0 ], [ 107.16474930513651, -6.510863915037515, 0.0 ], [ 107.164810310647468, -6.51113284110755, 0.0 ], [ 107.164871363822513, -6.51131213444728, 0.0 ], [ 107.165039219584514, -6.51149096733409, 0.0 ], [ 107.165191818347921, -6.511565343965255, 0.0 ], [ 107.165443577259424, -6.51163926104287, 0.0 ], [ 107.165702976811119, -6.511667865779227, 0.0 ], [ 107.165924220826327, -6.511652124945435, 0.0 ], [ 107.166389631676353, -6.511515267915104, 0.0 ], [ 107.166816863607522, -6.511388446419488, 0.0 ], [ 107.167236453999379, -6.511326932791608, 0.0 ], [ 107.167503495090386, -6.511312618282563, 0.0 ], [ 107.167534009986781, -6.51131404460731, 0.0 ], [ 107.167579806163317, -6.511335515921193, 0.0 ], [ 107.167625578058136, -6.51147189001561, 0.0 ], [ 107.167556907625325, -6.512370238995171, 0.0 ], [ 107.167534009986781, -6.5129534286576, 0.0 ], [ 107.167534009986781, -6.513319146960885, 0.0 ], [ 107.167541649727525, -6.513696327123633, 0.0 ], [ 107.167541649727525, -6.51388086620889, 0.0 ], [ 107.167678967210776, -6.514167444172116, 0.0 ], [ 107.167778151640519, -6.514358197572658, 0.0 ], [ 107.167808667436276, -6.514503131414209, 0.0 ], [ 107.167732379745715, -6.514706264882122, 0.0 ], [ 107.167663710212281, -6.514776846374239, 0.0 ], [ 107.167427208299202, -6.515041491671383, 0.0 ], [ 107.167320405712331, -6.515137824350994, 0.0 ], [ 107.167213579743105, -6.515281330968516, 0.0 ], [ 107.166740576816323, -6.515553617805061, 0.0 ], [ 107.166473535725316, -6.515717170311, 0.0 ], [ 107.166381966754585, -6.515798219911719, 0.0 ], [ 107.166359093397602, -6.515922213938854, 0.0 ], [ 107.166397248934032, -6.516124840189033, 0.0 ], [ 107.166496434263223, -6.516266485209901, 0.0 ], [ 107.166500894900508, -6.516268800064875, 0.0 ], [ 107.166500000075132, -6.516269999760507, 0.0 ], [ 107.165889999823847, -6.517089999803485, 0.0 ], [ 107.165680000032154, -6.517390000148229, 0.0 ], [ 107.165579999917213, -6.517619999962889, 0.0 ], [ 107.165499999825329, -6.518150000122294, 0.0 ], [ 107.165570000355416, -6.519010000211125, 0.0 ], [ 107.165619999963241, -6.519369999725502, 0.0 ], [ 107.165570000355416, -6.519670000070246, 0.0 ], [ 107.165240000425896, -6.52063000027411, 0.0 ], [ 107.165080000241943, -6.521129999949373, 0.0 ], [ 107.164900000035203, -6.521640000085807, 0.0 ], [ 107.16479000035838, -6.521849999877407, 0.0 ], [ 107.164710000266496, -6.521999999600183, 0.0 ], [ 107.164380000336877, -6.522669999920385, 0.0 ], [ 107.164249999737891, -6.522959999803959, 0.0 ], [ 107.163890000223518, -6.523010000311071, 0.0 ], [ 107.163360000064102, -6.523079999941874, 0.0 ], [ 107.163309999556986, -6.523110000426016, 0.0 ], [ 107.162829999904787, -6.52320999964159, 0.0 ], [ 107.162139999561532, -6.523269999710593, 0.0 ], [ 107.161160000234062, -6.523389999848419, 0.0 ], [ 107.160340000190999, -6.523369999825448, 0.0 ], [ 107.16022999961497, -6.523429999894361, 0.0 ], [ 107.160099999915246, -6.523599999640108, 0.0 ], [ 107.159879999662479, -6.523879999961881, 0.0 ], [ 107.159629999824759, -6.524080000191681, 0.0 ], [ 107.159219999803355, -6.524249999937428, 0.0 ], [ 107.158800000219983, -6.524410000121197, 0.0 ], [ 107.158100000314917, -6.524399999660115, 0.0 ], [ 107.157829999555034, -6.524269999960399, 0.0 ], [ 107.157542170634784, -6.524135080069762, 0.0 ], [ 107.157510000086603, -6.524120000237623, 0.0 ], [ 107.157261254803217, -6.52509655606103, 0.0 ], [ 107.157240000225997, -6.525179999657063, 0.0 ], [ 107.157269999810779, -6.525740000300608, 0.0 ], [ 107.156790000158566, -6.525879999562125, 0.0 ], [ 107.156640000435885, -6.525150000072291, 0.0 ], [ 107.156560000343916, -6.524679999981888, 0.0 ], [ 107.156219999953223, -6.524479999752, 0.0 ], [ 107.155999999700356, -6.524900000234659, 0.0 ], [ 107.155870000000647, -6.525509999586667, 0.0 ], [ 107.155379999887273, -6.525170000095262, 0.0 ], [ 107.155172403084151, -6.525230848224908, 0.0 ], [ 107.154800000120034, -6.525339999841009, 0.0 ], [ 107.154209999891719, -6.525720000277637, 0.0 ], [ 107.154000000100126, -6.52578999990844, 0.0 ], [ 107.153739999801317, -6.525689999793496, 0.0 ], [ 107.153269999710915, -6.525589999678552, 0.0 ], [ 107.15297000026554, -6.525629999724583, 0.0 ], [ 107.152660000358907, -6.525760000323579, 0.0 ], [ 107.152259999899215, -6.526090000253095, 0.0 ], [ 107.151849999877726, -6.526449999767561, 0.0 ], [ 107.151740000200988, -6.526620000412588, 0.0 ], [ 107.151729999739899, -6.526699999605103, 0.0 ], [ 107.151800000269986, -6.527929999669571, 0.0 ], [ 107.15174999976287, -6.528310000106288, 0.0 ], [ 107.15156999955596, -6.529019999573151, 0.0 ], [ 107.151419999833266, -6.529170000195208, 0.0 ], [ 107.151069999880775, -6.529500000124724, 0.0 ], [ 107.150929999719892, -6.529760000423526, 0.0 ], [ 107.150779999997127, -6.529919999708014, 0.0 ], [ 107.150369999975723, -6.530090000353042, 0.0 ], [ 107.150000000000176, -6.529879999662072, 0.0 ], [ 107.149799999770281, -6.529780000446497, 0.0 ], [ 107.149569999955716, -6.52964000028561, 0.0 ], [ 107.14915000037243, -6.529379999986897, 0.0 ], [ 107.14880000041984, -6.529150000172237, 0.0 ], [ 107.148529999659957, -6.528980000426579, 0.0 ], [ 107.148119999638382, -6.528729999689578, 0.0 ], [ 107.147619999963212, -6.528419999783033, 0.0 ], [ 107.147220000402896, -6.528180000406483, 0.0 ], [ 107.146570000105569, -6.527810000431025, 0.0 ], [ 107.146149999622907, -6.527530000109252, 0.0 ], [ 107.145719999578461, -6.527189999718566, 0.0 ], [ 107.145349999602999, -6.526670000020331, 0.0 ], [ 107.145039999696365, -6.526380000136758, 0.0 ], [ 107.144760000273962, -6.526150000322097, 0.0 ], [ 107.144350000252473, -6.525820000392581, 0.0 ], [ 107.14335000000267, -6.52535000030209, 0.0 ], [ 107.14302000007315, -6.525170000095262, 0.0 ], [ 107.14252000039788, -6.525040000395546, 0.0 ], [ 107.141709999916714, -6.524900000234659, 0.0 ], [ 107.141279999872239, -6.524599999889915, 0.0 ], [ 107.140749999712938, -6.523989999638626, 0.0 ], [ 107.140450000267464, -6.523539999571106, 0.0 ], [ 107.14020999999164, -6.523070000380073, 0.0 ], [ 107.140089999853814, -6.522649999897414, 0.0 ], [ 107.140279999622436, -6.52256999980553, 0.0 ], [ 107.140430000244493, -6.522389999598701, 0.0 ], [ 107.140490000313406, -6.522179999807012, 0.0 ], [ 107.140499999875303, -6.521979999577212, 0.0 ], [ 107.140390000198551, -6.521660000108778, 0.0 ], [ 107.140370003772802, -6.521624621678725, 0.0 ], [ 107.140259999599465, -6.521430000294117, 0.0 ], [ 107.140020000223004, -6.521199999580176, 0.0 ], [ 107.139981138718682, -6.521168335350271, 0.0 ], [ 107.139226925882141, -6.521197550726257, 0.0 ], [ 107.13862037543015, -6.520863889656638, 0.0 ], [ 107.138577245743477, -6.520792684934253, 0.0 ], [ 107.138315674329078, -6.520360832286389, 0.0 ], [ 107.138430624773619, -6.520027833117883, 0.0 ], [ 107.138515813953774, -6.519990126343114, 0.0 ], [ 107.138412394616509, -6.519385343958319, 0.0 ], [ 107.137781513006615, -6.518785772245419, 0.0 ], [ 107.137789999908733, -6.51872000032764, 0.0 ], [ 107.137870000000618, -6.518560000143694, 0.0 ], [ 107.138210000391396, -6.518199999730037, 0.0 ], [ 107.138549999882713, -6.517709999616574, 0.0 ], [ 107.138799999720433, -6.51739999971003, 0.0 ], [ 107.139010000411403, -6.517089999803485, 0.0 ], [ 107.139120000088056, -6.516770000335139, 0.0 ], [ 107.139209999741837, -6.516440000405535, 0.0 ], [ 107.139189999718866, -6.516160000083762, 0.0 ], [ 107.1390199999732, -6.515970000315132, 0.0 ], [ 107.138870000250506, -6.515899999785049, 0.0 ], [ 107.138640000435856, -6.515959999853962, 0.0 ], [ 107.138329999629946, -6.516059999968906, 0.0 ], [ 107.138039999746368, -6.516189999668622, 0.0 ], [ 107.137809999931704, -6.516409999921393, 0.0 ], [ 107.137540000071098, -6.516739999850909, 0.0 ], [ 107.137359999864273, -6.516819999942882, 0.0 ], [ 107.137049999957725, -6.516989999688541, 0.0 ], [ 107.136599999890294, -6.517169999895458, 0.0 ], [ 107.136319999568528, -6.517279999572203, 0.0 ], [ 107.135989999638923, -6.517379999687059, 0.0 ], [ 107.135590000078594, -6.517610000401, 0.0 ], [ 107.135090000403338, -6.517760000123776, 0.0 ], [ 107.13470000040482, -6.517789999708548, 0.0 ], [ 107.133999999600476, -6.517760000123776, 0.0 ], [ 107.133741358177261, -6.51773413562168, 0.0 ], [ 107.133700000155017, -6.517729999639545, 0.0 ], [ 107.133339999741352, -6.517590000378028, 0.0 ], [ 107.133049999857775, -6.517430000194171, 0.0 ], [ 107.132916152858343, -6.517264030310557, 0.0 ], [ 107.132800000020154, -6.517120000287626, 0.0 ], [ 107.132719999928185, -6.516810000381081, 0.0 ], [ 107.132670000320431, -6.516420000382563, 0.0 ], [ 107.1326399998363, -6.515790000108304, 0.0 ], [ 107.1326399998363, -6.515241092602189, 0.0 ], [ 107.1326399998363, -6.515230000364038, 0.0 ], [ 107.132699999905213, -6.514860000388492, 0.0 ], [ 107.13275171362082, -6.514710030343487, 0.0 ], [ 107.132800000020154, -6.514569999605637, 0.0 ], [ 107.132989999788862, -6.51419000006829, 0.0 ], [ 107.133310000156584, -6.513730000438969, 0.0 ], [ 107.133500089857449, -6.513527776185715, 0.0 ], [ 107.133780000246986, -6.513229999864425, 0.0 ], [ 107.134230000314417, -6.512819999842936, 0.0 ], [ 107.134493625780408, -6.512617887105634, 0.0 ], [ 107.134529999759877, -6.512590000028275, 0.0 ], [ 107.134799999620483, -6.512329999729563, 0.0 ], [ 107.135030000334424, -6.512130000399043, 0.0 ], [ 107.135309999756913, -6.511950000192215, 0.0 ], [ 107.13571000021652, -6.511899999685014, 0.0 ], [ 107.136002489423504, -6.511883750734384, 0.0 ], [ 107.136249999937718, -6.511870000100242, 0.0 ], [ 107.136880000211988, -6.511859999639071, 0.0 ], [ 107.13758000011714, -6.512010000261128, 0.0 ], [ 107.138199999930222, -6.512150000422015, 0.0 ], [ 107.138400000160019, -6.512180000006786, 0.0 ], [ 107.138560322301188, -6.512137810111742, 0.0 ], [ 107.13858999992874, -6.512130000399043, 0.0 ], [ 107.138839999766375, -6.511950000192215, 0.0 ], [ 107.139030000434374, -6.511810000031328, 0.0 ], [ 107.139209999741837, -6.511660000308641, 0.0 ], [ 107.13934999990272, -6.511549999732527, 0.0 ], [ 107.139630000224486, -6.511350000402008, 0.0 ], [ 107.139987499623643, -6.511091805941973, 0.0 ], [ 107.139989999738873, -6.511090000103295, 0.0 ], [ 107.140095554966095, -6.510869294781987, 0.0 ], [ 107.140100000314888, -6.510860000288634, 0.0 ], [ 107.140169999945698, -6.510599999989832, 0.0 ], [ 107.140164475410373, -6.510417665142967, 0.0 ], [ 107.140160000383901, -6.510270000060316, 0.0 ], [ 107.140149999922727, -6.510009999761515, 0.0 ], [ 107.14010414529028, -6.509789897885323, 0.0 ], [ 107.140100000314888, -6.509770000385053, 0.0 ], [ 107.140000000200033, -6.509459999579139, 0.0 ], [ 107.139921753786069, -6.509219242074185, 0.0 ], [ 107.139869999600947, -6.50906000001882, 0.0 ], [ 107.139864205269006, -6.509036096038781, 0.0 ], [ 107.13979000040834, -6.508730000089216, 0.0 ], [ 107.139779924404138, -6.508681058084189, 0.0 ], [ 107.139719999878267, -6.508389999698618, 0.0 ], [ 107.139670000270513, -6.508179999906929, 0.0 ], [ 107.139539999671427, -6.50776999988544, 0.0 ], [ 107.139365297370801, -6.507446475074588, 0.0 ], [ 107.139269999810836, -6.507270000210177, 0.0 ], [ 107.13919131182972, -6.507048924368188, 0.0 ], [ 107.139060000019143, -6.506679999981859, 0.0 ], [ 107.13901583970943, -6.506519918859013, 0.0 ], [ 107.138904265319781, -6.506115459560604, 0.0 ], [ 107.138899999835289, -6.506100000214712, 0.0 ], [ 107.138879999812318, -6.505790000308078, 0.0 ], [ 107.138870000250506, -6.505469999940363, 0.0 ], [ 107.138899999835289, -6.505249999687592, 0.0 ], [ 107.138966650390756, -6.504990805181379, 0.0 ], [ 107.138990000388432, -6.504899999735017, 0.0 ], [ 107.139060000019143, -6.504400000059753, 0.0 ], [ 107.139080000042114, -6.50413000019924, 0.0 ], [ 107.139180000157054, -6.503840000315577, 0.0 ], [ 107.13918819477955, -6.503817651263457, 0.0 ], [ 107.139289999833807, -6.503539999970922, 0.0 ], [ 107.139450000017661, -6.503199999580147, 0.0 ], [ 107.139510414674049, -6.503051707670018, 0.0 ], [ 107.139559999694399, -6.502929999719544, 0.0 ], [ 107.139679999832325, -6.502710000366054, 0.0 ], [ 107.13979000040834, -6.502209999791511, 0.0 ], [ 107.139900000085092, -6.501879999861995, 0.0 ], [ 107.140129999899756, -6.50111999988793, 0.0 ], [ 107.140319999668378, -6.50048000005178, 0.0 ], [ 107.140499999875303, -6.500000000399577, 0.0 ], [ 107.140640000036186, -6.499880000261662, 0.0 ], [ 107.140989999988676, -6.499339999641087, 0.0 ], [ 107.141359999964223, -6.498799999919882, 0.0 ], [ 107.141760000423815, -6.498539999621169, 0.0 ], [ 107.14215999998423, -6.498420000382534, 0.0 ], [ 107.142579999567516, -6.498400000359563, 0.0 ], [ 107.143160000234033, -6.498539999621169, 0.0 ], [ 107.143699999955231, -6.498810000381052, 0.0 ], [ 107.144330000229502, -6.49941999973306, 0.0 ], [ 107.14501860572426, -6.499990559316728, 0.0 ], [ 107.145030000134568, -6.500000000399577, 0.0 ], [ 107.145083694157307, -6.500001988800577, 0.0 ], [ 107.147448190781574, -6.500089562982794, 0.0 ], [ 107.147729999639949, -6.500099999615152, 0.0 ], [ 107.148319999868278, -6.50025999979901, 0.0 ], [ 107.149130000349459, -6.500589999728525, 0.0 ], [ 107.149580000416876, -6.500820000442467, 0.0 ], [ 107.15030999990681, -6.5011300003491, 0.0 ], [ 107.15103430309081, -6.501430320852499, 0.0 ], [ 107.151129999949688, -6.501469999840506, 0.0 ], [ 107.151577456734387, -6.501708009017229, 0.0 ], [ 107.152101250672303, -6.502248801940471, 0.0 ], [ 107.152184482927694, -6.502488796820352, 0.0 ], [ 107.152199947669629, -6.502514928421057, 0.0 ], [ 107.152364666596299, -6.502793246111285, 0.0 ], [ 107.152476001766189, -6.503444271635619, 0.0 ], [ 107.152424550652682, -6.504109563105711, 0.0 ], [ 107.152277241701512, -6.504571668947214, 0.0 ], [ 107.152269001213583, -6.504732392186021, 0.0 ], [ 107.152252181193361, -6.505060401016518, 0.0 ], [ 107.15235867531274, -6.505494698921002, 0.0 ], [ 107.152688917159949, -6.50564217604547, 0.0 ], [ 107.152988273590168, -6.505830921259861, 0.0 ], [ 107.153355309400183, -6.505978659187619, 0.0 ], [ 107.153790716168771, -6.506248260648508, 0.0 ], [ 107.154293918329785, -6.506504000858762, 0.0 ], [ 107.154341916946066, -6.506509011881203, 0.0 ], [ 107.154918442632194, -6.506569202606407, 0.0 ], [ 107.155732721188329, -6.506579301993067, 0.0 ], [ 107.156206814093352, -6.506373686396341, 0.0 ], [ 107.156666237257213, -6.505910247759541, 0.0 ], [ 107.156880176978717, -6.505162826603019, 0.0 ], [ 107.156984686294408, -6.504212280971835, 0.0 ], [ 107.157153005207164, -6.503786145314141, 0.0 ], [ 107.157610000201544, -6.503199999580147, 0.0 ], [ 107.15794999969286, -6.50284999962766, 0.0 ], [ 107.158200000429872, -6.502650000297141, 0.0 ], [ 107.158613364815068, -6.502405739033481, 0.0 ], [ 107.158640000036129, -6.502389999998339, 0.0 ], [ 107.159010000011676, -6.502209999791511, 0.0 ], [ 107.159469999640905, -6.501959999953879, 0.0 ], [ 107.159709999916743, -6.501790000208221, 0.0 ], [ 107.159950000192481, -6.50154999993239, 0.0 ], [ 107.160026602645743, -6.501366153325119, 0.0 ], [ 107.160179194214635, -6.501230326018561, 0.0 ], [ 107.160420760210116, -6.500823717340456, 0.0 ], [ 107.160472517093154, -6.500282726566411, 0.0 ], [ 107.160335158241139, -6.499769583299511, 0.0 ], [ 107.160105536141756, -6.499579852428141, 0.0 ], [ 107.159596685338926, -6.49936919523201, 0.0 ], [ 107.158985104079505, -6.499154641273499, 0.0 ], [ 107.158428207895682, -6.499034860570188, 0.0 ], [ 107.157763157443895, -6.499010552794662, 0.0 ], [ 107.157016742628699, -6.499000162927029, 0.0 ], [ 107.15643351699336, -6.499070514192731, 0.0 ], [ 107.156149237697349, -6.499234599996608, 0.0 ], [ 107.155784058087946, -6.499521186953086, 0.0 ], [ 107.155514274064643, -6.499902378092095, 0.0 ], [ 107.155284332705989, -6.50007980533859, 0.0 ], [ 107.154755906360194, -6.500272076794769, 0.0 ], [ 107.154267090653889, -6.50020629498437, 0.0 ], [ 107.153955132023924, -6.500029758066752, 0.0 ], [ 107.153924061346515, -6.500026676989403, 0.0 ], [ 107.153741816431904, -6.499873767959876, 0.0 ], [ 107.153602917940432, -6.499501581732439, 0.0 ], [ 107.153602650841819, -6.49950086767074, 0.0 ], [ 107.153519480639716, -6.499014527798099, 0.0 ], [ 107.153529919970012, -6.498976312007034, 0.0 ], [ 107.15355703992563, -6.498877025054508, 0.0 ], [ 107.153652574906616, -6.498527267019618, 0.0 ], [ 107.153947983312975, -6.498066352779777, 0.0 ], [ 107.153980034251319, -6.498037424287553, 0.0 ], [ 107.153986440122267, -6.498031641646786, 0.0 ], [ 107.154459654389683, -6.497604519432834, 0.0 ], [ 107.154674882839771, -6.497360254571962, 0.0 ], [ 107.15491737423757, -6.49716995263109, 0.0 ], [ 107.15529503014173, -6.496979074224765, 0.0 ], [ 107.155567199167081, -6.496923424176551, 0.0 ], [ 107.15556999965591, -6.496919999558184, 0.0 ], [ 107.156199999930251, -6.496390000298149, 0.0 ], [ 107.156850000227479, -6.496159999584208, 0.0 ], [ 107.15781000043134, -6.496009999861432, 0.0 ], [ 107.158430000244522, -6.495929999769459, 0.0 ], [ 107.159010000011676, -6.49576999958569, 0.0 ], [ 107.159720000377902, -6.495619999862914, 0.0 ], [ 107.159912643254046, -6.495671864664612, 0.0 ], [ 107.159928261779982, -6.495669393327699, 0.0 ], [ 107.1601553046238, -6.495633465411945, 0.0 ], [ 107.161102607299654, -6.495899805031815, 0.0 ], [ 107.161294607160556, -6.496547907759567, 0.0 ], [ 107.161729441960375, -6.497086820200462, 0.0 ], [ 107.161893602408, -6.497545772119508, 0.0 ], [ 107.162081031914312, -6.498282244929534, 0.0 ], [ 107.162099402365698, -6.498298342794087, 0.0 ], [ 107.162114369782515, -6.498599327896528, 0.0 ], [ 107.162412887145166, -6.498868435629603, 0.0 ], [ 107.162901675871822, -6.499380077028807, 0.0 ], [ 107.163253683111179, -6.49951376394883, 0.0 ], [ 107.163686557388843, -6.499593028395392, 0.0 ], [ 107.16422733232568, -6.499617751657762, 0.0 ], [ 107.164343129931666, -6.499573754125301, 0.0 ], [ 107.164349999852831, -6.499579999916918, 0.0 ], [ 107.164372896592084, -6.499601857039963, 0.0 ], [ 107.164601824414831, -6.49951168381703, 0.0 ], [ 107.165016251798804, -6.499363391007531, 0.0 ], [ 107.165553695646707, -6.49943435021493, 0.0 ], [ 107.166180638225995, -6.499511110049507, 0.0 ] ] ] ] } },
{ "type": "Feature", "properties": { "PROVNO": "32", "KABKOTNO": "01", "KECNO": "160", "DESANO": "019", "PROVINSI": "JAWA BARAT", "KABKOT": "BOGOR", "KECAMATAN": "CARIU", "ID2013": "3201160019", "DESA": "SUKAJADI", "DESA_1": "SUKAJADI", "ID2012": "3201160019", "IDKAB2": "3201", "IDKEC_2": "3201160", "WILAYAH": "TIMUR" }, "geometry": { "type": "MultiPolygon", "coordinates": [ [ [ [ 107.171675699174301, -6.482019416762554, 0.0 ], [ 107.171769135137623, -6.48207425921953, 0.0 ], [ 107.171832870091023, -6.482111669218007, 0.0 ], [ 107.171856054613414, -6.482120112053416, 0.0 ], [ 107.172325289380723, -6.482367644151257, 0.0 ], [ 107.17296614806942, -6.48272671196807, 0.0 ], [ 107.173263703157545, -6.483087183626459, 0.0 ], [ 107.173294077759664, -6.483147202581154, 0.0 ], [ 107.173500205070624, -6.483554504636526, 0.0 ], [ 107.173774861620743, -6.48441090204134, 0.0 ], [ 107.173935076742538, -6.485189101595648, 0.0 ], [ 107.173950334640409, -6.485828075305236, 0.0 ], [ 107.173950363418726, -6.485830017840879, 0.0 ], [ 107.173951337384523, -6.485897672939114, 0.0 ], [ 107.173957950998812, -6.486357345215179, 0.0 ], [ 107.173858789951424, -6.487742576358659, 0.0 ], [ 107.173858789951424, -6.488240363701649, 0.0 ], [ 107.174011364433099, -6.489018564155238, 0.0 ], [ 107.174232609347584, -6.489666603930502, 0.0 ], [ 107.17436230777443, -6.490185379651372, 0.0 ], [ 107.174385207211699, -6.490553032396331, 0.0 ], [ 107.17432417741901, -6.490689890326031, 0.0 ], [ 107.174323510122036, -6.49069124470504, 0.0 ], [ 107.174263127841272, -6.490813401417164, 0.0 ], [ 107.173721453582402, -6.491140019895827, 0.0 ], [ 107.172851709339113, -6.491447102401739, 0.0 ], [ 107.172645731315669, -6.491642623108387, 0.0 ], [ 107.172307526871037, -6.491591046089731, 0.0 ], [ 107.171990032913868, -6.491567988371774, 0.0 ], [ 107.171501638090348, -6.491545661802647, 0.0 ], [ 107.171111529273816, -6.491669433697247, 0.0 ], [ 107.170819182159647, -6.491817206698549, 0.0 ], [ 107.170751382270666, -6.492006211817039, 0.0 ], [ 107.170691062043005, -6.492014162723283, 0.0 ], [ 107.169975437316765, -6.492108489015394, 0.0 ], [ 107.169723654123544, -6.49232591271053, 0.0 ], [ 107.169502408309697, -6.492694507945043, 0.0 ], [ 107.169395606622118, -6.493192804304329, 0.0 ], [ 107.169380326241239, -6.493539009117768, 0.0 ], [ 107.169387966881359, -6.493745938624009, 0.0 ], [ 107.169540564745404, -6.494025842718312, 0.0 ], [ 107.169792323656978, -6.494420190039598, 0.0 ], [ 107.170036467109455, -6.494947090235872, 0.0 ], [ 107.170086802164334, -6.495043554216497, 0.0 ], [ 107.169881032783607, -6.495093489073103, 0.0 ], [ 107.169823141624889, -6.495113732812321, 0.0 ], [ 107.169174052340793, -6.495340718099509, 0.0 ], [ 107.168515690147146, -6.495538899000888, 0.0 ], [ 107.168101788866608, -6.495809290965795, 0.0 ], [ 107.167908876193835, -6.496371774637524, 0.0 ], [ 107.167892260319732, -6.496638239263177, 0.0 ], [ 107.167755280082275, -6.49663889576825, 0.0 ], [ 107.167305127130106, -6.496706622812223, 0.0 ], [ 107.167015236064472, -6.496889251737361, 0.0 ], [ 107.166603237749371, -6.497204435336226, 0.0 ], [ 107.166420149270678, -6.497518189912412, 0.0 ], [ 107.166275167764937, -6.497848654791429, 0.0 ], [ 107.166244652868642, -6.498079909160328, 0.0 ], [ 107.166191263715987, -6.498393205981525, 0.0 ], [ 107.166229395870133, -6.498838571842427, 0.0 ], [ 107.16622939676941, -6.49930013809076, 0.0 ], [ 107.166180638225995, -6.499511110049507, 0.0 ], [ 107.165553695646707, -6.49943435021493, 0.0 ], [ 107.165016251798804, -6.499363391007531, 0.0 ], [ 107.164601824414831, -6.49951168381703, 0.0 ], [ 107.164372896592084, -6.499601857039963, 0.0 ], [ 107.164349999852831, -6.499579999916918, 0.0 ], [ 107.164343129931666, -6.499573754125301, 0.0 ], [ 107.16422733232568, -6.499617751657762, 0.0 ], [ 107.163686557388843, -6.499593028395392, 0.0 ], [ 107.163253683111179, -6.49951376394883, 0.0 ], [ 107.162901675871822, -6.499380077028807, 0.0 ], [ 107.162412887145166, -6.498868435629603, 0.0 ], [ 107.162114369782515, -6.498599327896528, 0.0 ], [ 107.162099402365698, -6.498298342794087, 0.0 ], [ 107.162081031914312, -6.498282244929534, 0.0 ], [ 107.161893602408, -6.497545772119508, 0.0 ], [ 107.161729441960375, -6.497086820200462, 0.0 ], [ 107.161294607160556, -6.496547907759567, 0.0 ], [ 107.161102607299654, -6.495899805031815, 0.0 ], [ 107.1601553046238, -6.495633465411945, 0.0 ], [ 107.159928261779982, -6.495669393327699, 0.0 ], [ 107.159912643254046, -6.495671864664612, 0.0 ], [ 107.159720000377902, -6.495619999862914, 0.0 ], [ 107.159010000011676, -6.49576999958569, 0.0 ], [ 107.158430000244522, -6.495929999769459, 0.0 ], [ 107.15781000043134, -6.496009999861432, 0.0 ], [ 107.156850000227479, -6.496159999584208, 0.0 ], [ 107.156199999930251, -6.496390000298149, 0.0 ], [ 107.15556999965591, -6.496919999558184, 0.0 ], [ 107.155567199167081, -6.496923424176551, 0.0 ], [ 107.15529503014173, -6.496979074224765, 0.0 ], [ 107.15491737423757, -6.49716995263109, 0.0 ], [ 107.154674882839771, -6.497360254571962, 0.0 ], [ 107.154459654389683, -6.497604519432834, 0.0 ], [ 107.153986440122267, -6.498031641646786, 0.0 ], [ 107.153980034251319, -6.498037424287553, 0.0 ], [ 107.153947983312975, -6.498066352779777, 0.0 ], [ 107.153652574906616, -6.498527267019618, 0.0 ], [ 107.15355703992563, -6.498877025054508, 0.0 ], [ 107.153529919970012, -6.498976312007034, 0.0 ], [ 107.153519480639716, -6.499014527798099, 0.0 ], [ 107.153602650841819, -6.49950086767074, 0.0 ], [ 107.153602917940432, -6.499501581732439, 0.0 ], [ 107.153741816431904, -6.499873767959876, 0.0 ], [ 107.153924061346515, -6.500026676989403, 0.0 ], [ 107.153955132023924, -6.500029758066752, 0.0 ], [ 107.154267090653889, -6.50020629498437, 0.0 ], [ 107.154755906360194, -6.500272076794769, 0.0 ], [ 107.155284332705989, -6.50007980533859, 0.0 ], [ 107.155514274064643, -6.499902378092095, 0.0 ], [ 107.155784058087946, -6.499521186953086, 0.0 ], [ 107.156149237697349, -6.499234599996608, 0.0 ], [ 107.15643351699336, -6.499070514192731, 0.0 ], [ 107.157016742628699, -6.499000162927029, 0.0 ], [ 107.157763157443895, -6.499010552794662, 0.0 ], [ 107.158428207895682, -6.499034860570188, 0.0 ], [ 107.158985104079505, -6.499154641273499, 0.0 ], [ 107.159596685338926, -6.49936919523201, 0.0 ], [ 107.160105536141756, -6.499579852428141, 0.0 ], [ 107.160335158241139, -6.499769583299511, 0.0 ], [ 107.160472517093154, -6.500282726566411, 0.0 ], [ 107.160420760210116, -6.500823717340456, 0.0 ], [ 107.160179194214635, -6.501230326018561, 0.0 ], [ 107.160026602645743, -6.501366153325119, 0.0 ], [ 107.159950000192481, -6.50154999993239, 0.0 ], [ 107.159709999916743, -6.501790000208221, 0.0 ], [ 107.159469999640905, -6.501959999953879, 0.0 ], [ 107.159010000011676, -6.502209999791511, 0.0 ], [ 107.158640000036129, -6.502389999998339, 0.0 ], [ 107.158613364815068, -6.502405739033481, 0.0 ], [ 107.158200000429872, -6.502650000297141, 0.0 ], [ 107.15794999969286, -6.50284999962766, 0.0 ], [ 107.157610000201544, -6.503199999580147, 0.0 ], [ 107.157153005207164, -6.503786145314141, 0.0 ], [ 107.156984686294408, -6.504212280971835, 0.0 ], [ 107.156880176978717, -6.505162826603019, 0.0 ], [ 107.156666237257213, -6.505910247759541, 0.0 ], [ 107.156206814093352, -6.506373686396341, 0.0 ], [ 107.155732721188329, -6.506579301993067, 0.0 ], [ 107.154918442632194, -6.506569202606407, 0.0 ], [ 107.154341916946066, -6.506509011881203, 0.0 ], [ 107.154293918329785, -6.506504000858762, 0.0 ], [ 107.153790716168771, -6.506248260648508, 0.0 ], [ 107.153355309400183, -6.505978659187619, 0.0 ], [ 107.152988273590168, -6.505830921259861, 0.0 ], [ 107.152688917159949, -6.50564217604547, 0.0 ], [ 107.15235867531274, -6.505494698921002, 0.0 ], [ 107.152252181193361, -6.505060401016518, 0.0 ], [ 107.152269001213583, -6.504732392186021, 0.0 ], [ 107.152277241701512, -6.504571668947214, 0.0 ], [ 107.152424550652682, -6.504109563105711, 0.0 ], [ 107.152476001766189, -6.503444271635619, 0.0 ], [ 107.152364666596299, -6.502793246111285, 0.0 ], [ 107.152199947669629, -6.502514928421057, 0.0 ], [ 107.152184482927694, -6.502488796820352, 0.0 ], [ 107.152101250672303, -6.502248801940471, 0.0 ], [ 107.151577456734387, -6.501708009017229, 0.0 ], [ 107.151129999949688, -6.501469999840506, 0.0 ], [ 107.15103430309081, -6.501430320852499, 0.0 ], [ 107.15030999990681, -6.5011300003491, 0.0 ], [ 107.149580000416876, -6.500820000442467, 0.0 ], [ 107.149130000349459, -6.500589999728525, 0.0 ], [ 107.148319999868278, -6.50025999979901, 0.0 ], [ 107.147729999639949, -6.500099999615152, 0.0 ], [ 107.147448190781574, -6.500089562982794, 0.0 ], [ 107.147543214947532, -6.499191892091929, 0.0 ], [ 107.148327937284691, -6.49731215613091, 0.0 ], [ 107.149021885651635, -6.496248384055505, 0.0 ], [ 107.149307623648099, -6.495455792650553, 0.0 ], [ 107.149520000347962, -6.494890000373079, 0.0 ], [ 107.149890000323424, -6.494159999983875, 0.0 ], [ 107.150169999745827, -6.493480000101783, 0.0 ], [ 107.150450000067607, -6.492749999712579, 0.0 ], [ 107.1506599998593, -6.492180000406513, 0.0 ], [ 107.150482681430816, -6.491701953182396, 0.0 ], [ 107.150416908613664, -6.491524633854642, 0.0 ], [ 107.150523328089307, -6.491046920278922, 0.0 ], [ 107.150566221254323, -6.490854373630253, 0.0 ], [ 107.150920000158095, -6.489999999700071, 0.0 ], [ 107.150935788655886, -6.489887506203242, 0.0 ], [ 107.150958002809787, -6.489729227321863, 0.0 ], [ 107.151000000249979, -6.489430000394094, 0.0 ], [ 107.151270000110586, -6.488539999821032, 0.0 ], [ 107.151510000386409, -6.487530000009336, 0.0 ], [ 107.151550000432351, -6.486689999943387, 0.0 ], [ 107.15156999955596, -6.486039999646067, 0.0 ], [ 107.151564347316921, -6.485700850014045, 0.0 ], [ 107.151677221226961, -6.485553494298149, 0.0 ], [ 107.152063150893852, -6.485049661712363, 0.0 ], [ 107.152649081689916, -6.484410926323072, 0.0 ], [ 107.153002169914345, -6.484026018285896, 0.0 ], [ 107.153076501579449, -6.483614795186501, 0.0 ], [ 107.153258438026683, -6.483461834895579, 0.0 ], [ 107.153235749030756, -6.483381459786344, 0.0 ], [ 107.153181199752765, -6.483188225156269, 0.0 ], [ 107.153316198783756, -6.482731088968432, 0.0 ], [ 107.153253205770994, -6.482229136864994, 0.0 ], [ 107.1532679348675, -6.481755770612132, 0.0 ], [ 107.153291710244375, -6.481621744647583, 0.0 ], [ 107.153557843919558, -6.481231015298974, 0.0 ], [ 107.153860699611727, -6.480888827757028, 0.0 ], [ 107.153664188751435, -6.480475711584646, 0.0 ], [ 107.153941808567723, -6.480210336038041, 0.0 ], [ 107.154202782832328, -6.479751447970763, 0.0 ], [ 107.154426128563131, -6.479604398923691, 0.0 ], [ 107.154454681138802, -6.479448437595217, 0.0 ], [ 107.154609986861573, -6.479330898002402, 0.0 ], [ 107.154794754374592, -6.479271674048306, 0.0 ], [ 107.155056719692041, -6.47904654136461, 0.0 ], [ 107.155240328878207, -6.478714600698101, 0.0 ], [ 107.155395800076249, -6.478636020635733, 0.0 ], [ 107.155579988425899, -6.47844043877507, 0.0 ], [ 107.155647571578385, -6.478303792186093, 0.0 ], [ 107.155851110640441, -6.478078906815945, 0.0 ], [ 107.15598619690563, -6.477786133423127, 0.0 ], [ 107.156121738227796, -6.477600498064398, 0.0 ], [ 107.156305842041149, -6.47738543598896, 0.0 ], [ 107.156460403125266, -6.477092578959134, 0.0 ], [ 107.156604316236383, -6.476585488129629, 0.0 ], [ 107.156749634987804, -6.476409551059739, 0.0 ], [ 107.156943346258572, -6.476272692230758, 0.0 ], [ 107.156944430841037, -6.476282742154673, 0.0 ], [ 107.15715803421611, -6.476483481627184, 0.0 ], [ 107.157463205662538, -6.47660793520787, 0.0 ], [ 107.157753145291636, -6.476725231084437, 0.0 ], [ 107.158058316738064, -6.476985115370617, 0.0 ], [ 107.158210891219824, -6.477100984023068, 0.0 ], [ 107.158432136134394, -6.47720732705638, 0.0 ], [ 107.158592373739268, -6.477350832774533, 0.0 ], [ 107.15869155996765, -6.477440975420503, 0.0 ], [ 107.159057084916711, -6.477754530347148, 0.0 ], [ 107.159469758622677, -6.478108528685524, 0.0 ], [ 107.159683362897027, -6.478255879904751, 0.0 ], [ 107.159790188866253, -6.478284025087557, 0.0 ], [ 107.160217444179878, -6.478401804799319, 0.0 ], [ 107.160270833332447, -6.478417061797828, 0.0 ], [ 107.160428840618721, -6.478456298319415, 0.0 ], [ 107.160835405229946, -6.478557256212216, 0.0 ], [ 107.161293175439852, -6.478749412555231, 0.0 ], [ 107.161497290967361, -6.478884270392573, 0.0 ], [ 107.161560192249226, -6.478925828064366, 0.0 ], [ 107.161834848799359, -6.479132298916248, 0.0 ], [ 107.162056117995661, -6.479233394405473, 0.0 ], [ 107.162292644190373, -6.479263424567208, 0.0 ], [ 107.162399445877867, -6.479247708015148, 0.0 ], [ 107.162513863923834, -6.479124681658579, 0.0 ], [ 107.16261304925294, -6.478971625140186, 0.0 ], [ 107.162727491580654, -6.478880056169469, 0.0 ], [ 107.162910605240441, -6.478859067791589, 0.0 ], [ 107.163192903330057, -6.478865765942246, 0.0 ], [ 107.163330219014568, -6.478864822553323, 0.0 ], [ 107.163528589672865, -6.478975905013797, 0.0 ], [ 107.163810864380125, -6.479143276940516, 0.0 ], [ 107.164047388776197, -6.47925771926813, 0.0 ], [ 107.164093161570364, -6.479285865350217, 0.0 ], [ 107.16424576033377, -6.479378375911118, 0.0 ], [ 107.165489345557006, -6.479410318031533, 0.0 ], [ 107.165939476026182, -6.479493278691653, 0.0 ], [ 107.166600019075858, -6.479623799998215, 0.0 ], [ 107.16688550706067, -6.479680211772134, 0.0 ], [ 107.166946561134992, -6.47970308602849, 0.0 ], [ 107.167190702788915, -6.47978749819428, 0.0 ], [ 107.167602676822199, -6.479930061423058, 0.0 ], [ 107.167701862151389, -6.479952959960968, 0.0 ], [ 107.168480061705708, -6.480167531006611, 0.0 ], [ 107.168904290800484, -6.480376989406391, 0.0 ], [ 107.170846330893667, -6.480668292407579, 0.0 ], [ 107.170848093564842, -6.481080459795265, 0.0 ], [ 107.171066079336228, -6.481541562892659, 0.0 ], [ 107.171374115123498, -6.481839000169511, 0.0 ], [ 107.171383099350734, -6.481847675029986, 0.0 ], [ 107.171675699174301, -6.482019416762554, 0.0 ] ] ] ] } },
{ "type": "Feature", "properties": { "PROVNO": "32", "KABKOTNO": "01", "KECNO": "160", "DESANO": "020", "PROVINSI": "JAWA BARAT", "KABKOT": "BOGOR", "KECAMATAN": "CARIU", "ID2013": "3201160020", "DESA": "BABAKAN RADEN", "DESA_1": "BABAKAN RADEN", "ID2012": "3201160020", "IDKAB2": "3201", "IDKEC_2": "3201160", "WILAYAH": "TIMUR" }, "geometry": { "type": "MultiPolygon", "coordinates": [ [ [ [ 107.156424915877366, -6.47551985805487, 0.0 ], [ 107.156498001981376, -6.475599243010457, 0.0 ], [ 107.156623167825103, -6.475706125637029, 0.0 ], [ 107.156715545286346, -6.475811600824546, 0.0 ], [ 107.156906275304522, -6.47592940391867, 0.0 ], [ 107.156943346258572, -6.476272692230758, 0.0 ], [ 107.156749634987804, -6.476409551059739, 0.0 ], [ 107.156604316236383, -6.476585488129629, 0.0 ], [ 107.156460403125266, -6.477092578959134, 0.0 ], [ 107.156305842041149, -6.47738543598896, 0.0 ], [ 107.156121738227796, -6.477600498064398, 0.0 ], [ 107.15598619690563, -6.477786133423127, 0.0 ], [ 107.155851110640441, -6.478078906815945, 0.0 ], [ 107.155647571578385, -6.478303792186093, 0.0 ], [ 107.155579988425899, -6.47844043877507, 0.0 ], [ 107.155395800076249, -6.478636020635733, 0.0 ], [ 107.155240328878207, -6.478714600698101, 0.0 ], [ 107.155056719692041, -6.47904654136461, 0.0 ], [ 107.154794754374592, -6.479271674048306, 0.0 ], [ 107.154609986861573, -6.479330898002402, 0.0 ], [ 107.154454681138802, -6.479448437595217, 0.0 ], [ 107.154426128563131, -6.479604398923691, 0.0 ], [ 107.154202782832328, -6.479751447970763, 0.0 ], [ 107.153941808567723, -6.480210336038041, 0.0 ], [ 107.153664188751435, -6.480475711584646, 0.0 ], [ 107.153860699611727, -6.480888827757028, 0.0 ], [ 107.153557843919558, -6.481231015298974, 0.0 ], [ 107.153291710244375, -6.481621744647583, 0.0 ], [ 107.1532679348675, -6.481755770612132, 0.0 ], [ 107.153253205770994, -6.482229136864994, 0.0 ], [ 107.153316198783756, -6.482731088968432, 0.0 ], [ 107.153181199752765, -6.483188225156269, 0.0 ], [ 107.153235749030756, -6.483381459786344, 0.0 ], [ 107.153258438026683, -6.483461834895579, 0.0 ], [ 107.153076501579449, -6.483614795186501, 0.0 ], [ 107.153002169914345, -6.484026018285896, 0.0 ], [ 107.152649081689916, -6.484410926323072, 0.0 ], [ 107.152063150893852, -6.485049661712363, 0.0 ], [ 107.151677221226961, -6.485553494298149, 0.0 ], [ 107.151564347316921, -6.485700850014045, 0.0 ], [ 107.15156999955596, -6.486039999646067, 0.0 ], [ 107.151550000432351, -6.486689999943387, 0.0 ], [ 107.151510000386409, -6.487530000009336, 0.0 ], [ 107.151270000110586, -6.488539999821032, 0.0 ], [ 107.151000000249979, -6.489430000394094, 0.0 ], [ 107.150958002809787, -6.489729227321863, 0.0 ], [ 107.150935788655886, -6.489887506203242, 0.0 ], [ 107.150920000158095, -6.489999999700071, 0.0 ], [ 107.150566221254323, -6.490854373630253, 0.0 ], [ 107.150523328089307, -6.491046920278922, 0.0 ], [ 107.150416908613664, -6.491524633854642, 0.0 ], [ 107.150482681430816, -6.491701953182396, 0.0 ], [ 107.1506599998593, -6.492180000406513, 0.0 ], [ 107.150450000067607, -6.492749999712579, 0.0 ], [ 107.150169999745827, -6.493480000101783, 0.0 ], [ 107.149890000323424, -6.494159999983875, 0.0 ], [ 107.149520000347962, -6.494890000373079, 0.0 ], [ 107.149307623648099, -6.495455792650553, 0.0 ], [ 107.149021885651635, -6.496248384055505, 0.0 ], [ 107.148327937284691, -6.49731215613091, 0.0 ], [ 107.147543214947532, -6.499191892091929, 0.0 ], [ 107.147448190781574, -6.500089562982794, 0.0 ], [ 107.145083694157307, -6.500001988800577, 0.0 ], [ 107.145030000134568, -6.500000000399577, 0.0 ], [ 107.14501860572426, -6.499990559316728, 0.0 ], [ 107.144330000229502, -6.49941999973306, 0.0 ], [ 107.143699999955231, -6.498810000381052, 0.0 ], [ 107.143160000234033, -6.498539999621169, 0.0 ], [ 107.142579999567516, -6.498400000359563, 0.0 ], [ 107.14215999998423, -6.498420000382534, 0.0 ], [ 107.141760000423815, -6.498539999621169, 0.0 ], [ 107.141359999964223, -6.498799999919882, 0.0 ], [ 107.140989999988676, -6.499339999641087, 0.0 ], [ 107.140640000036186, -6.499880000261662, 0.0 ], [ 107.140499999875303, -6.500000000399577, 0.0 ], [ 107.140118966117512, -6.499749826992698, 0.0 ], [ 107.139930614806161, -6.499710576981368, 0.0 ], [ 107.139812051784901, -6.499704104560635, 0.0 ], [ 107.139567893943308, -6.499677241811099, 0.0 ], [ 107.139400494137647, -6.499664001991992, 0.0 ], [ 107.138946983116995, -6.499596179619829, 0.0 ], [ 107.138549251646836, -6.499528121625389, 0.0 ], [ 107.138283528961921, -6.499347921769019, 0.0 ], [ 107.138059700295116, -6.499181493231134, 0.0 ], [ 107.137884472790347, -6.498966040849954, 0.0 ], [ 107.137590446642022, -6.498688324806192, 0.0 ], [ 107.13725535205306, -6.498592105441183, 0.0 ], [ 107.13693402608456, -6.498453983064714, 0.0 ], [ 107.136773421556299, -6.498398869911739, 0.0 ], [ 107.136368454140964, -6.498268075211335, 0.0 ], [ 107.136123005772319, -6.498210585150179, 0.0 ], [ 107.135839427048083, -6.498144163921928, 0.0 ], [ 107.135754251357838, -6.498124214260983, 0.0 ], [ 107.135314157322682, -6.497930800665799, 0.0 ], [ 107.13504961814553, -6.49774252579677, 0.0 ], [ 107.134970000265511, -6.497719999578191, 0.0 ], [ 107.134640111851866, -6.497625381006369, 0.0 ], [ 107.133996880751653, -6.497440887786556, 0.0 ], [ 107.133680000132046, -6.497349999602644, 0.0 ], [ 107.132900000135095, -6.497179999856897, 0.0 ], [ 107.132565633097656, -6.497076230683287, 0.0 ], [ 107.132320000367855, -6.496999999650068, 0.0 ], [ 107.132169999745884, -6.496800000319549, 0.0 ], [ 107.132169999745884, -6.49660999965155, 0.0 ], [ 107.132240000275971, -6.496379999836979, 0.0 ], [ 107.132360000413883, -6.496259999699063, 0.0 ], [ 107.132719999928185, -6.495860000138745, 0.0 ], [ 107.132770000435386, -6.495710000415968, 0.0 ], [ 107.132750000412415, -6.495630000324084, 0.0 ], [ 107.132659999859271, -6.495539999771029, 0.0 ], [ 107.132149999722827, -6.495080000141709, 0.0 ], [ 107.132019857930288, -6.494841407304932, 0.0 ], [ 107.131910000346366, -6.494639999636078, 0.0 ], [ 107.131870000300424, -6.494320000167733, 0.0 ], [ 107.13177999974738, -6.494220000052788, 0.0 ], [ 107.131449999817761, -6.493979999777046, 0.0 ], [ 107.131030000234475, -6.493600000239699, 0.0 ], [ 107.130729999889738, -6.493319999917926, 0.0 ], [ 107.130469999590929, -6.49315999973398, 0.0 ], [ 107.130399999960218, -6.493039999596153, 0.0 ], [ 107.130390000398421, -6.492820000242663, 0.0 ], [ 107.130469999590929, -6.492720000127719, 0.0 ], [ 107.130600000190014, -6.49253999992089, 0.0 ], [ 107.130629999774882, -6.492410000221174, 0.0 ], [ 107.13056999970587, -6.492330000129201, 0.0 ], [ 107.130469999590929, -6.492129999899401, 0.0 ], [ 107.130480000052188, -6.492000000199685, 0.0 ], [ 107.13052124116254, -6.491924390597994, 0.0 ], [ 107.130540000121101, -6.49188999962357, 0.0 ], [ 107.130529999659927, -6.491810000431055, 0.0 ], [ 107.130440000006161, -6.491639999786027, 0.0 ], [ 107.130489999613985, -6.491539999671083, 0.0 ], [ 107.130689999843796, -6.491320000317593, 0.0 ], [ 107.130689999843796, -6.491220000202738, 0.0 ], [ 107.130600000190014, -6.491140000110764, 0.0 ], [ 107.130489999613985, -6.491120000087793, 0.0 ], [ 107.130259999799335, -6.491080000041762, 0.0 ], [ 107.130179999707451, -6.490979999926907, 0.0 ], [ 107.130139999661424, -6.490799999719989, 0.0 ], [ 107.130179999707451, -6.49060999995136, 0.0 ], [ 107.130150000122583, -6.490500000274615, 0.0 ], [ 107.13005999956944, -6.490460000228673, 0.0 ], [ 107.12994000033089, -6.490469999790474, 0.0 ], [ 107.129599999940211, -6.490549999882447, 0.0 ], [ 107.129490000263473, -6.490460000228673, 0.0 ], [ 107.129249999987636, -6.490210000391041, 0.0 ], [ 107.129140000310983, -6.490039999746013, 0.0 ], [ 107.129151180682626, -6.489967324632175, 0.0 ], [ 107.129160000333954, -6.489910000046297, 0.0 ], [ 107.129140000310983, -6.489270000210148, 0.0 ], [ 107.129089999803782, -6.488940000280632, 0.0 ], [ 107.129120000288012, -6.488720000027772, 0.0 ], [ 107.129200000379896, -6.488630000373998, 0.0 ], [ 107.129370000125547, -6.488550000282114, 0.0 ], [ 107.129820000193064, -6.488339999591144, 0.0 ], [ 107.129949999892787, -6.488200000329627, 0.0 ], [ 107.129989999938729, -6.488080000191712, 0.0 ], [ 107.130070000030614, -6.487839999915881, 0.0 ], [ 107.130210000191497, -6.48761000010122, 0.0 ], [ 107.130359999914191, -6.487360000263678, 0.0 ], [ 107.130370000375365, -6.487229999664592, 0.0 ], [ 107.130339715705475, -6.486972583118114, 0.0 ], [ 107.130330000329423, -6.486890000173187, 0.0 ], [ 107.130230000214468, -6.486339999990811, 0.0 ], [ 107.130330000329423, -6.486090000153268, 0.0 ], [ 107.130419999983189, -6.485880000361579, 0.0 ], [ 107.130469999590929, -6.485840000315548, 0.0 ], [ 107.130509999636956, -6.485729999739522, 0.0 ], [ 107.13058999972894, -6.485559999993864, 0.0 ], [ 107.130669999820825, -6.485559999993864, 0.0 ], [ 107.130729999889738, -6.485649999647549, 0.0 ], [ 107.130870000050621, -6.485760000223664, 0.0 ], [ 107.130890000073592, -6.485589999578636, 0.0 ], [ 107.13091999965846, -6.485410000271177, 0.0 ], [ 107.131030000234475, -6.485399999810006, 0.0 ], [ 107.131070000280516, -6.48545999987892, 0.0 ], [ 107.131070000280516, -6.485629999624578, 0.0 ], [ 107.131110000326458, -6.485760000223664, 0.0 ], [ 107.131179999957254, -6.485860000338519, 0.0 ], [ 107.131289999633992, -6.485869999900409, 0.0 ], [ 107.131469999840832, -6.485720000177722, 0.0 ], [ 107.131610000001714, -6.485530000409003, 0.0 ], [ 107.131569999955772, -6.485439999855949, 0.0 ], [ 107.131489999863803, -6.485299999695062, 0.0 ], [ 107.131500000324962, -6.485179999557147, 0.0 ], [ 107.131440000255964, -6.485080000341572, 0.0 ], [ 107.13138000018705, -6.485049999857431, 0.0 ], [ 107.13128000007211, -6.48502999983446, 0.0 ], [ 107.131225352768013, -6.484987062602645, 0.0 ], [ 107.131139999911227, -6.484920000157715, 0.0 ], [ 107.131050000257446, -6.484770000435027, 0.0 ], [ 107.131050000257446, -6.484630000274141, 0.0 ], [ 107.131099999865285, -6.484550000182168, 0.0 ], [ 107.131229999564994, -6.484510000136225, 0.0 ], [ 107.131389999748848, -6.484450000067312, 0.0 ], [ 107.131420000232993, -6.484349999952368, 0.0 ], [ 107.13138000018705, -6.484240000275623, 0.0 ], [ 107.131260000049139, -6.484109999676626, 0.0 ], [ 107.131179999957254, -6.484100000114736, 0.0 ], [ 107.131059999819257, -6.484140000160679, 0.0 ], [ 107.130789999958736, -6.484220000252652, 0.0 ], [ 107.130620000212986, -6.484180000206621, 0.0 ], [ 107.13052000009813, -6.484089999653566, 0.0 ], [ 107.130469999590929, -6.48397000041502, 0.0 ], [ 107.130469999590929, -6.483779999747021, 0.0 ], [ 107.130549999682898, -6.483690000093247, 0.0 ], [ 107.130760000373868, -6.483500000324529, 0.0 ], [ 107.130740000350897, -6.483429999794534, 0.0 ], [ 107.130640000235957, -6.483409999771563, 0.0 ], [ 107.130230000214468, -6.48334000014076, 0.0 ], [ 107.130070000030614, -6.483249999587617, 0.0 ], [ 107.129989999938729, -6.483139999910961, 0.0 ], [ 107.1300099999617, -6.483059999818988, 0.0 ], [ 107.130179999707451, -6.482979999727014, 0.0 ], [ 107.130310000306451, -6.482870000050269, 0.0 ], [ 107.130310000306451, -6.48266999982047, 0.0 ], [ 107.130379999937247, -6.482629999774527, 0.0 ], [ 107.130720000327926, -6.482480000051751, 0.0 ], [ 107.130780000396939, -6.482370000375095, 0.0 ], [ 107.130612507961104, -6.482102013197135, 0.0 ], [ 107.130580000167043, -6.48205000000738, 0.0 ], [ 107.13056999970587, -6.481880000261633, 0.0 ], [ 107.130640000235957, -6.48182999975452, 0.0 ], [ 107.130839999566476, -6.481809999731549, 0.0 ], [ 107.131010000211504, -6.481760000123717, 0.0 ], [ 107.131249999587965, -6.48163000042409, 0.0 ], [ 107.131320000118052, -6.481530000309057, 0.0 ], [ 107.131289999633992, -6.481430000194202, 0.0 ], [ 107.131220000003196, -6.481260000448543, 0.0 ], [ 107.131240000026168, -6.481129999849458, 0.0 ], [ 107.131300000095081, -6.480850000427054, 0.0 ], [ 107.131260000049139, -6.480790000358052, 0.0 ], [ 107.130939999681431, -6.480570000105281, 0.0 ], [ 107.130859999589447, -6.480389999898453, 0.0 ], [ 107.130890000073592, -6.480269999760537, 0.0 ], [ 107.131119999888256, -6.480189999668564, 0.0 ], [ 107.131220000003196, -6.480129999599651, 0.0 ], [ 107.131159999934198, -6.480079999991819, 0.0 ], [ 107.130999999750344, -6.479999999899935, 0.0 ], [ 107.130820000442881, -6.479830000154188, 0.0 ], [ 107.130769999935765, -6.47968999999339, 0.0 ], [ 107.130820000442881, -6.479629999924388, 0.0 ], [ 107.131019999773315, -6.479429999694588, 0.0 ], [ 107.130950000142505, -6.479340000040814, 0.0 ], [ 107.13085000002765, -6.479329999579644, 0.0 ], [ 107.130600000190014, -6.479270000410011, 0.0 ], [ 107.130219999753393, -6.47903999969607, 0.0 ], [ 107.130110000076641, -6.479079999742012, 0.0 ], [ 107.130020000422874, -6.479170000295156, 0.0 ], [ 107.129920000307919, -6.479259999948841, 0.0 ], [ 107.129840000216035, -6.479259999948841, 0.0 ], [ 107.129740000101094, -6.47923999992587, 0.0 ], [ 107.129780000147036, -6.479079999742012, 0.0 ], [ 107.129780000147036, -6.478849999927352, 0.0 ], [ 107.12975256003277, -6.478657922724764, 0.0 ], [ 107.129749999662891, -6.478640000135751, 0.0 ], [ 107.129630000424356, -6.478529999559637, 0.0 ], [ 107.129519999848327, -6.478399999859921, 0.0 ], [ 107.129410000171589, -6.478270000160204, 0.0 ], [ 107.129379999687359, -6.47817000004526, 0.0 ], [ 107.129359999664388, -6.478060000368515, 0.0 ], [ 107.129379999687359, -6.477949999792489, 0.0 ], [ 107.129419999733386, -6.477889999723576, 0.0 ], [ 107.129539999871298, -6.477860000138715, 0.0 ], [ 107.129760000124065, -6.477849999677545, 0.0 ], [ 107.130480000052188, -6.478129999999318, 0.0 ], [ 107.130809999981707, -6.478259999699034, 0.0 ], [ 107.130999999750344, -6.478299999745065, 0.0 ], [ 107.131110000326458, -6.478270000160204, 0.0 ], [ 107.131199999980225, -6.47817000004526, 0.0 ], [ 107.131220000003196, -6.478069999930405, 0.0 ], [ 107.130760000373868, -6.477639999885945, 0.0 ], [ 107.130529999659927, -6.477419999633085, 0.0 ], [ 107.130310000306451, -6.477060000118708, 0.0 ], [ 107.130210000191497, -6.476810000281166, 0.0 ], [ 107.130199999730422, -6.47667999968208, 0.0 ], [ 107.13027000026041, -6.476489999913362, 0.0 ], [ 107.130529999659927, -6.476150000422045, 0.0 ], [ 107.130620000212986, -6.476070000330072, 0.0 ], [ 107.1300099999617, -6.47603000028413, 0.0 ], [ 107.129780000147036, -6.475999999799988, 0.0 ], [ 107.129559999894269, -6.475910000146214, 0.0 ], [ 107.129419999733386, -6.4757999995701, 0.0 ], [ 107.129350000102576, -6.475680000331554, 0.0 ], [ 107.129359999664388, -6.475569999755528, 0.0 ], [ 107.129450000217531, -6.475469999640584, 0.0 ], [ 107.129680000032096, -6.475400000009781, 0.0 ], [ 107.129740000101094, -6.47539000044798, 0.0 ], [ 107.130040000445845, -6.475469999640584, 0.0 ], [ 107.130419999983189, -6.475569999755528, 0.0 ], [ 107.130769999935765, -6.475660000308583, 0.0 ], [ 107.130939999681431, -6.475669999870473, 0.0 ], [ 107.131079999842314, -6.475620000262641, 0.0 ], [ 107.131170000395372, -6.475540000170756, 0.0 ], [ 107.131179999957254, -6.475420000032841, 0.0 ], [ 107.13113000034943, -6.475319999917897, 0.0 ], [ 107.130500000075159, -6.475039999596124, 0.0 ], [ 107.130430000444363, -6.475000000449462, 0.0 ], [ 107.130350000352394, -6.47496000040352, 0.0 ], [ 107.13027000026041, -6.474869999850466, 0.0 ], [ 107.130279999822307, -6.474599999989863, 0.0 ], [ 107.130469999590929, -6.473940000130742, 0.0 ], [ 107.130580000167043, -6.473559999694114, 0.0 ], [ 107.130600000190014, -6.473220000202708, 0.0 ], [ 107.13058999972894, -6.472990000388048, 0.0 ], [ 107.130549999682898, -6.472890000273104, 0.0 ], [ 107.130480000052188, -6.472850000227162, 0.0 ], [ 107.130370000375365, -6.472910000296075, 0.0 ], [ 107.130190000168525, -6.472999999949849, 0.0 ], [ 107.129989999938729, -6.473129999649565, 0.0 ], [ 107.129820000193064, -6.473180000156766, 0.0 ], [ 107.129680000032096, -6.473160000133795, 0.0 ], [ 107.129570000355358, -6.473060000018851, 0.0 ], [ 107.129550000332387, -6.472440000205673, 0.0 ], [ 107.129570000355358, -6.472250000436954, 0.0 ], [ 107.12969210041031, -6.472119759718922, 0.0 ], [ 107.129869999800817, -6.471930000069239, 0.0 ], [ 107.130000000399903, -6.471820000392583, 0.0 ], [ 107.130050000007643, -6.471709999816468, 0.0 ], [ 107.129969999915758, -6.471450000417036, 0.0 ], [ 107.129860000239006, -6.470980000326634, 0.0 ], [ 107.129860000239006, -6.470860000188718, 0.0 ], [ 107.129856838222679, -6.470855722113669, 0.0 ], [ 107.129689999593978, -6.470630000374058, 0.0 ], [ 107.129484448748485, -6.470317206273837, 0.0 ], [ 107.129459999779328, -6.470280000421482, 0.0 ], [ 107.129359999664388, -6.470260000398511, 0.0 ], [ 107.129279999572503, -6.470169999845456, 0.0 ], [ 107.129279999572503, -6.470009999661599, 0.0 ], [ 107.129339999641417, -6.469870000399993, 0.0 ], [ 107.130149310342532, -6.469266984283752, 0.0 ], [ 107.130169783408974, -6.469255403713738, 0.0 ], [ 107.130208229426458, -6.469223083878042, 0.0 ], [ 107.130359999914191, -6.469110000426017, 0.0 ], [ 107.130620000212986, -6.468870000150186, 0.0 ], [ 107.13082525158427, -6.468654974047663, 0.0 ], [ 107.130830000004678, -6.468649999897416, 0.0 ], [ 107.130990000188532, -6.468560000243642, 0.0 ], [ 107.131059999819257, -6.468540000220671, 0.0 ], [ 107.131109854636236, -6.468527535617099, 0.0 ], [ 107.131139999911227, -6.468520000197699, 0.0 ], [ 107.131336239176235, -6.468216720924804, 0.0 ], [ 107.131360000163994, -6.468179999807013, 0.0 ], [ 107.13142999979479, -6.468079999692069, 0.0 ], [ 107.131500000324962, -6.468059999669098, 0.0 ], [ 107.131580000416847, -6.467979999577125, 0.0 ], [ 107.131780976411108, -6.467827257821526, 0.0 ], [ 107.131830000254482, -6.467789999808495, 0.0 ], [ 107.13200999956203, -6.467720000177692, 0.0 ], [ 107.132043400382813, -6.467676579110684, 0.0 ], [ 107.132109999676885, -6.467589999578607, 0.0 ], [ 107.13294999974292, -6.467290000133232, 0.0 ], [ 107.133225770553025, -6.467194906719378, 0.0 ], [ 107.133239999626497, -6.467190000018288, 0.0 ], [ 107.133339999741352, -6.467109999926404, 0.0 ], [ 107.133379999787294, -6.466960000203716, 0.0 ], [ 107.133339999741352, -6.46682000004283, 0.0 ], [ 107.133029981848395, -6.466771774797433, 0.0 ], [ 107.132889999673921, -6.466750000412027, 0.0 ], [ 107.132619999813329, -6.466710000366085, 0.0 ], [ 107.132619889196647, -6.466709957198571, 0.0 ], [ 107.132439999606405, -6.466639999836001, 0.0 ], [ 107.132029999585001, -6.466120000137678, 0.0 ], [ 107.131979999977176, -6.466049999607684, 0.0 ], [ 107.131978804778214, -6.4660483259693, 0.0 ], [ 107.131981032398969, -6.466048358344914, 0.0 ], [ 107.132995758147899, -6.466233865100648, 0.0 ], [ 107.133873143031309, -6.466194742793032, 0.0 ], [ 107.134506361079886, -6.466107019323299, 0.0 ], [ 107.134811533425676, -6.466070798228643, 0.0 ], [ 107.134821354921741, -6.466077969422592, 0.0 ], [ 107.135292202173602, -6.466421741569963, 0.0 ], [ 107.135345614708527, -6.466557631829097, 0.0 ], [ 107.135337974068406, -6.466755034816831, 0.0 ], [ 107.135429517858114, -6.466939090966086, 0.0 ], [ 107.13556685872372, -6.466986798202026, 0.0 ], [ 107.135818642816233, -6.467086926020684, 0.0 ], [ 107.135887288967396, -6.467212322090834, 0.0 ], [ 107.135994114936622, -6.467360640980626, 0.0 ], [ 107.136161946416891, -6.467449790775017, 0.0 ], [ 107.136413705328479, -6.467620500085882, 0.0 ], [ 107.13657394383263, -6.46773015532224, 0.0 ], [ 107.136795187847824, -6.46773015532224, 0.0 ], [ 107.137344527028461, -6.467686777422657, 0.0 ], [ 107.137565771943031, -6.467671520424148, 0.0 ], [ 107.137626800836344, -6.467836981291466, 0.0 ], [ 107.137725986165449, -6.4680840007758, 0.0 ], [ 107.137832787853029, -6.468164085404062, 0.0 ], [ 107.137962488078529, -6.468171725144813, 0.0 ], [ 107.138168499376945, -6.468189859973918, 0.0 ], [ 107.13837448639363, -6.46820794713884, 0.0 ], [ 107.13843551618632, -6.46830427891917, 0.0 ], [ 107.138450773184829, -6.468436373139888, 0.0 ], [ 107.138458390442594, -6.46850646989753, 0.0 ], [ 107.138542342155546, -6.468911309609062, 0.0 ], [ 107.138702532096417, -6.469395292358673, 0.0 ], [ 107.138862747218212, -6.469682353257813, 0.0 ], [ 107.139053500618743, -6.469866409407157, 0.0 ], [ 107.139267128275549, -6.469982737613069, 0.0 ], [ 107.139465474652127, -6.470120079377963, 0.0 ], [ 107.139625688874631, -6.470307954947998, 0.0 ], [ 107.139755389100131, -6.470581186072746, 0.0 ], [ 107.140007173192629, -6.471037988612096, 0.0 ], [ 107.140213160209328, -6.471249707008244, 0.0 ], [ 107.140358117433323, -6.471327928241113, 0.0 ], [ 107.140426786966856, -6.471361779622278, 0.0 ], [ 107.140617516985031, -6.471442347186454, 0.0 ], [ 107.140648031881327, -6.471489568788371, 0.0 ], [ 107.14070415857023, -6.471558999148321, 0.0 ], [ 107.140724342954258, -6.471583967026309, 0.0 ], [ 107.14083876100014, -6.471644996818995, 0.0 ], [ 107.140970896589806, -6.471643211664748, 0.0 ], [ 107.141014233120529, -6.471642627105414, 0.0 ], [ 107.14221968888765, -6.471589214570397, 0.0 ], [ 107.142562991589017, -6.471594945050487, 0.0 ], [ 107.143181001202464, -6.471623065951562, 0.0 ], [ 107.143444871283975, -6.471710473759131, 0.0 ], [ 107.143867656966975, -6.471850525181413, 0.0 ], [ 107.144523772654182, -6.472332595972343, 0.0 ], [ 107.144943388226963, -6.472764614994855, 0.0 ], [ 107.145126500987473, -6.472996861315963, 0.0 ], [ 107.145318749061204, -6.473140732158935, 0.0 ], [ 107.145431673333263, -6.473225238753635, 0.0 ], [ 107.145508460147511, -6.473257310376415, 0.0 ], [ 107.145599503914156, -6.47329533641047, 0.0 ], [ 107.145706329883382, -6.473283898832651, 0.0 ], [ 107.145854298936939, -6.473220923806391, 0.0 ], [ 107.145866545005177, -6.473215712235216, 0.0 ], [ 107.146141201555395, -6.472750785220374, 0.0 ], [ 107.146293800318801, -6.472480431026852, 0.0 ], [ 107.146537918590269, -6.471605899692392, 0.0 ], [ 107.146582374776898, -6.471607096690004, 0.0 ], [ 107.146644744559495, -6.47160877662353, 0.0 ], [ 107.147018587338096, -6.471793293225705, 0.0 ], [ 107.147941744116395, -6.472249176658043, 0.0 ], [ 107.148758075824759, -6.472715506615181, 0.0 ], [ 107.149795674930601, -6.473306315334018, 0.0 ], [ 107.149879603261283, -6.473351603393631, 0.0 ], [ 107.150238163860365, -6.473567600764021, 0.0 ], [ 107.15054118502789, -6.473716757821926, 0.0 ], [ 107.150543359588511, -6.473717828914474, 0.0 ], [ 107.150573875384183, -6.473733546365903, 0.0 ], [ 107.151092675386877, -6.473929062576058, 0.0 ], [ 107.151657247284376, -6.474144118356175, 0.0 ], [ 107.151870874941096, -6.47422422456815, 0.0 ], [ 107.152862677870473, -6.474485052243253, 0.0 ], [ 107.153366245156221, -6.474675322707792, 0.0 ], [ 107.153419657691231, -6.474695319133463, 0.0 ], [ 107.153754820628635, -6.474718618769106, 0.0 ], [ 107.153758487164595, -6.474718874176535, 0.0 ], [ 107.153762961291804, -6.474719185342028, 0.0 ], [ 107.153915559155934, -6.474712510573735, 0.0 ], [ 107.154327533189303, -6.474693433255165, 0.0 ], [ 107.154586932740926, -6.474589001281252, 0.0 ], [ 107.154800825697777, -6.474511073227287, 0.0 ], [ 107.154945517621726, -6.474458357666926, 0.0 ], [ 107.155349875296722, -6.474467426430444, 0.0 ], [ 107.155616916387743, -6.474539409066296, 0.0 ], [ 107.155937320551033, -6.474615237203309, 0.0 ], [ 107.156135692108691, -6.474626673881758, 0.0 ], [ 107.156158589747321, -6.474655277718746, 0.0 ], [ 107.156161597080199, -6.474658946952641, 0.0 ], [ 107.156173846745745, -6.474673897282415, 0.0 ], [ 107.156265415716547, -6.474899879825404, 0.0 ], [ 107.156288289972821, -6.475213659582515, 0.0 ], [ 107.156311164228995, -6.475423950754546, 0.0 ], [ 107.156366699163954, -6.475512900000204, 0.0 ], [ 107.156369445693542, -6.475509698413742, 0.0 ], [ 107.156424915877366, -6.47551985805487, 0.0 ] ] ] ] } }
]
}
