{
"type": "FeatureCollection",
"name": "CIAWI",
"crs": { "type": "name", "properties": { "name": "urn:ogc:def:crs:OGC:1.3:CRS84" } },
"features": [
{ "type": "Feature", "properties": { "PROVNO": "32", "KABKOTNO": "01", "KECNO": "100", "DESANO": "001", "PROVINSI": "JAWA BARAT", "KABKOT": "BOGOR", "KECAMATAN": "CIAWI", "ID2013": "3201100001", "DESA": "CILEUNGSI", "DESA_1": "CILEUNGSI", "ID2012": "3201100001", "IDKAB2": "3201", "IDKEC_2": "3201100", "WILAYAH": "TENGAH" }, "geometry": { "type": "MultiPolygon", "coordinates": [ [ [ [ 106.89449999957553, -6.718499999675078, 0.0 ], [ 106.894650000197586, -6.718619999812994, 0.0 ], [ 106.89477999989721, -6.718730000389019, 0.0 ], [ 106.895040000196019, -6.718880000111795, 0.0 ], [ 106.895279999572466, -6.719040000295564, 0.0 ], [ 106.895760000124042, -6.719299999695085, 0.0 ], [ 106.895840000216026, -6.719370000225169, 0.0 ], [ 106.896070000030676, -6.719530000409026, 0.0 ], [ 106.896279999822283, -6.719629999624601, 0.0 ], [ 106.896390000398398, -6.719689999693603, 0.0 ], [ 106.896749999912771, -6.719900000384573, 0.0 ], [ 106.896800000419802, -6.719949999992405, 0.0 ], [ 106.896890000073569, -6.720019999623119, 0.0 ], [ 106.89715999993426, -6.720190000268147, 0.0 ], [ 106.897240000026144, -6.72025999989895, 0.0 ], [ 106.897309999656954, -6.720349999552724, 0.0 ], [ 106.897449999817837, -6.720529999759552, 0.0 ], [ 106.897589999978635, -6.720819999643126, 0.0 ], [ 106.8977399997014, -6.721019999872926, 0.0 ], [ 106.897870000300401, -6.721169999595613, 0.0 ], [ 106.89791999990824, -6.721240000125785, 0.0 ], [ 106.898044001129875, -6.721600461891644, 0.0 ], [ 106.898490917422038, -6.722206136403877, 0.0 ], [ 106.899116349140357, -6.722988894621587, 0.0 ], [ 106.899651776708339, -6.723490521170419, 0.0 ], [ 106.9001869191911, -6.723918072361048, 0.0 ], [ 106.900692194289491, -6.7242864796372, 0.0 ], [ 106.901004422716071, -6.724551934324143, 0.0 ], [ 106.901553635991633, -6.724786836343224, 0.0 ], [ 106.901968674914599, -6.724814852023666, 0.0 ], [ 106.902412775429454, -6.724694607270134, 0.0 ], [ 106.9026348818945, -6.724649299425458, 0.0 ], [ 106.902990819171123, -6.724721988928497, 0.0 ], [ 106.90333234121475, -6.724898437712525, 0.0 ], [ 106.903555082601144, -6.725016088821292, 0.0 ], [ 106.904019999723374, -6.725280000271674, 0.0 ], [ 106.904297517016957, -6.725398384327832, 0.0 ], [ 106.904550473825523, -6.72566406474461, 0.0 ], [ 106.904699999605469, -6.725750000362076, 0.0 ], [ 106.904819999743381, -6.725889999623593, 0.0 ], [ 106.905100959641743, -6.726224882871836, 0.0 ], [ 106.905412961439211, -6.726431074034647, 0.0 ], [ 106.906245004303685, -6.726990793190382, 0.0 ], [ 106.906690317104633, -6.727181649113714, 0.0 ], [ 106.907194962677607, -6.727387088443173, 0.0 ], [ 106.907491728160906, -6.72761306199309, 0.0 ], [ 106.908027298721066, -6.728020874863319, 0.0 ], [ 106.90857732768167, -6.728463171338142, 0.0 ], [ 106.908786179039126, -6.728817908919229, 0.0 ], [ 106.909216965091019, -6.72908289236144, 0.0 ], [ 106.909633048126864, -6.729377562424457, 0.0 ], [ 106.910122878268382, -6.729583054813961, 0.0 ], [ 106.910285827329204, -6.729567602662581, 0.0 ], [ 106.910433493311217, -6.729433693609934, 0.0 ], [ 106.910520378612759, -6.728914838748636, 0.0 ], [ 106.910488539914326, -6.728352004341378, 0.0 ], [ 106.910446628809069, -6.727556922713642, 0.0 ], [ 106.910424517177873, -6.72713744743513, 0.0 ], [ 106.910080503112908, -6.726323980966811, 0.0 ], [ 106.90988502467431, -6.725598823426839, 0.0 ], [ 106.909970348752779, -6.724679976199823, 0.0 ], [ 106.910103051814573, -6.724855433031642, 0.0 ], [ 106.910506597401735, -6.725388989110428, 0.0 ], [ 106.911428711865724, -6.726244640977299, 0.0 ], [ 106.911727286785009, -6.726806433070323, 0.0 ], [ 106.912187650639765, -6.727056483269891, 0.0 ], [ 106.912499887160237, -6.727321927165022, 0.0 ], [ 106.912890888104215, -6.72751047183068, 0.0 ], [ 106.913078916558888, -6.727601142378639, 0.0 ], [ 106.913925612077463, -6.728116343294435, 0.0 ], [ 106.914556097985752, -6.728787620651957, 0.0 ], [ 106.915220617837434, -6.729713570724485, 0.0 ], [ 106.915578901445286, -6.729980019162376, 0.0 ], [ 106.915829314071743, -6.730068321795404, 0.0 ], [ 106.916080000092123, -6.730089999953339, 0.0 ], [ 106.916610000251438, -6.730889999973346, 0.0 ], [ 106.917100000364897, -6.731999999899898, 0.0 ], [ 106.917350000202532, -6.732539999621103, 0.0 ], [ 106.917769999785818, -6.733519999847939, 0.0 ], [ 106.917979999577511, -6.734569999705577, 0.0 ], [ 106.918099999715338, -6.735240000025868, 0.0 ], [ 106.918480000152059, -6.736519999698078, 0.0 ], [ 106.918850000127605, -6.737339999741057, 0.0 ], [ 106.91914999957298, -6.738039999646119, 0.0 ], [ 106.919750000262468, -6.738759999574153, 0.0 ], [ 106.920610000351388, -6.739799999869902, 0.0 ], [ 106.921150000072586, -6.740599999889909, 0.0 ], [ 106.9217400003009, -6.741179999657145, 0.0 ], [ 106.92209000025349, -6.741709999816461, 0.0 ], [ 106.922919999858266, -6.742629999974383, 0.0 ], [ 106.923329999879755, -6.743269999810444, 0.0 ], [ 106.924900000334901, -6.745010000011344, 0.0 ], [ 106.925440000056113, -6.745500000124807, 0.0 ], [ 106.92581000003166, -6.745830000054323, 0.0 ], [ 106.926770000235521, -6.746220000052841, 0.0 ], [ 106.927040000096127, -6.746340000190667, 0.0 ], [ 106.927650000347413, -6.746619999613159, 0.0 ], [ 106.927880000162077, -6.746690000143243, 0.0 ], [ 106.928060000368902, -6.746759999773957, 0.0 ], [ 106.926950000442346, -6.746980000026817, 0.0 ], [ 106.925600000239967, -6.74769000039305, 0.0 ], [ 106.924729999689959, -6.748190000068313, 0.0 ], [ 106.922520000297936, -6.749999999899927, 0.0 ], [ 106.922469999790835, -6.749950000292095, 0.0 ], [ 106.921849999977653, -6.749469999740523, 0.0 ], [ 106.921069999980702, -6.748889999973375, 0.0 ], [ 106.920069999730899, -6.748089999953368, 0.0 ], [ 106.919130000449371, -6.747359999564164, 0.0 ], [ 106.918549999782854, -6.746980000026817, 0.0 ], [ 106.918400000060075, -6.746930000418985, 0.0 ], [ 106.918239999876306, -6.7468500003271, 0.0 ], [ 106.918090000153541, -6.746730000189185, 0.0 ], [ 106.917970000015629, -6.746659999659101, 0.0 ], [ 106.917800000269963, -6.746560000443438, 0.0 ], [ 106.917689999693849, -6.746480000351553, 0.0 ], [ 106.917499999925212, -6.746340000190667, 0.0 ], [ 106.917330000179561, -6.746220000052841, 0.0 ], [ 106.917169999995707, -6.746039999845923, 0.0 ], [ 106.917049999857795, -6.745830000054323, 0.0 ], [ 106.917009999811754, -6.74576999998532, 0.0 ], [ 106.916940000181043, -6.745669999870376, 0.0 ], [ 106.91680000002016, -6.745540000170749, 0.0 ], [ 106.916699999905205, -6.745469999640576, 0.0 ], [ 106.916490000113612, -6.745449999617605, 0.0 ], [ 106.916329999929673, -6.745429999594634, 0.0 ], [ 106.916120000138065, -6.745420000032833, 0.0 ], [ 106.915950000392399, -6.745429999594634, 0.0 ], [ 106.915850000277459, -6.745440000055805, 0.0 ], [ 106.915710000116576, -6.745449999617605, 0.0 ], [ 106.915600000439838, -6.745449999617605, 0.0 ], [ 106.915500000324883, -6.745460000078776, 0.0 ], [ 106.91542999979481, -6.745489999663636, 0.0 ], [ 106.915329999679855, -6.745520000147778, 0.0 ], [ 106.915199999980231, -6.745580000216691, 0.0 ], [ 106.915099999865291, -6.745629999824434, 0.0 ], [ 106.91493000011954, -6.745749999962349, 0.0 ], [ 106.914859999589538, -6.745850000077294, 0.0 ], [ 106.914830000004685, -6.745930000169178, 0.0 ], [ 106.914629999774803, -6.745589999778492, 0.0 ], [ 106.914370000375456, -6.745330000379059, 0.0 ], [ 106.913860000238927, -6.744940000380542, 0.0 ], [ 106.913660000009131, -6.744720000127771, 0.0 ], [ 106.913519999848333, -6.744550000382024, 0.0 ], [ 106.913220000402873, -6.744000000199648, 0.0 ], [ 106.913060000219019, -6.743710000316163, 0.0 ], [ 106.913049999757845, -6.743650000247161, 0.0 ], [ 106.91308000024199, -6.742970000365069, 0.0 ], [ 106.91308000024199, -6.742699999605097, 0.0 ], [ 106.913009999711903, -6.742469999790526, 0.0 ], [ 106.91286999955102, -6.742300000044779, 0.0 ], [ 106.912670000220487, -6.74211999983795, 0.0 ], [ 106.912140000061086, -6.741899999585179, 0.0 ], [ 106.911830000154538, -6.741820000392487, 0.0 ], [ 106.911349999602976, -6.741740000300602, 0.0 ], [ 106.911130000249486, -6.741709999816461, 0.0 ], [ 106.91078000029691, -6.741500000024772, 0.0 ], [ 106.910310000206508, -6.741250000187229, 0.0 ], [ 106.91002000032293, -6.741110000026342, 0.0 ], [ 106.909730000439353, -6.740960000303655, 0.0 ], [ 106.909419999633442, -6.740860000188711, 0.0 ], [ 106.909069999680952, -6.740700000004853, 0.0 ], [ 106.908810000281434, -6.740510000236135, 0.0 ], [ 106.908619999613435, -6.740310000006335, 0.0 ], [ 106.908520000397857, -6.740089999753565, 0.0 ], [ 106.908489999913712, -6.73998000007682, 0.0 ], [ 106.908460000328944, -6.73957000005533, 0.0 ], [ 106.908429999844799, -6.739429999894444, 0.0 ], [ 106.908269999660945, -6.739240000125726, 0.0 ], [ 106.908030000284398, -6.739030000334125, 0.0 ], [ 106.907799999570457, -6.738879999712069, 0.0 ], [ 106.907299999895287, -6.738469999690579, 0.0 ], [ 106.907039999596478, -6.73825999989889, 0.0 ], [ 106.906989999988738, -6.738170000245116, 0.0 ], [ 106.906769999735872, -6.737949999992345, 0.0 ], [ 106.906510000336453, -6.737720000177685, 0.0 ], [ 106.903399999910192, -6.737120000387566, 0.0 ], [ 106.903319999818308, -6.737069999880454, 0.0 ], [ 106.903139999611483, -6.736869999650565, 0.0 ], [ 106.903040000395904, -6.73675000041202, 0.0 ], [ 106.902559999844328, -6.736369999975391, 0.0 ], [ 106.902300000444811, -6.736089999653618, 0.0 ], [ 106.90216999984581, -6.7358999998849, 0.0 ], [ 106.90206999973087, -6.735750000162213, 0.0 ], [ 106.901819999893235, -6.73546999984044, 0.0 ], [ 106.901590000078585, -6.73528000007181, 0.0 ], [ 106.901320000217979, -6.73503999979598, 0.0 ], [ 106.9010900004034, -6.734740000350605, 0.0 ], [ 106.90087999971243, -6.734239999775973, 0.0 ], [ 106.900739999551462, -6.733920000307627, 0.0 ], [ 106.900669999920751, -6.73376999968557, 0.0 ], [ 106.900449999667885, -6.733530000309109, 0.0 ], [ 106.899000000250012, -6.733189999918423, 0.0 ], [ 106.898719999928247, -6.733000000149705, 0.0 ], [ 106.898639999836263, -6.732949999642592, 0.0 ], [ 106.898591171145853, -6.732933097784102, 0.0 ], [ 106.898380000436845, -6.732859999988907, 0.0 ], [ 106.898309999906758, -6.732839999965847, 0.0 ], [ 106.898080000092094, -6.732779999896934, 0.0 ], [ 106.897730000139603, -6.732739999850903, 0.0 ], [ 106.897520000347924, -6.732750000312073, 0.0 ], [ 106.897429999794866, -6.732759999873874, 0.0 ], [ 106.897320000118114, -6.732710000266131, 0.0 ], [ 106.897070000280479, -6.732409999921387, 0.0 ], [ 106.896720000327917, -6.732149999622585, 0.0 ], [ 106.89643000044434, -6.731979999876927, 0.0 ], [ 106.896099999615444, -6.731870000200182, 0.0 ], [ 106.895840000216026, -6.731790000108298, 0.0 ], [ 106.89570999961694, -6.731750000062267, 0.0 ], [ 106.895590000378391, -6.731669999970293, 0.0 ], [ 106.895459999779391, -6.731340000040777, 0.0 ], [ 106.895399999710392, -6.73119000031809, 0.0 ], [ 106.895319999618408, -6.731050000157204, 0.0 ], [ 106.895189999918699, -6.730820000342632, 0.0 ], [ 106.894980000127106, -6.73056000004383, 0.0 ], [ 106.894880000012151, -6.730459999928886, 0.0 ], [ 106.894519999598501, -6.73012999999937, 0.0 ], [ 106.894260000199068, -6.729800000069766, 0.0 ], [ 106.894079999992144, -6.729630000324107, 0.0 ], [ 106.893899999785319, -6.72947000014025, 0.0 ], [ 106.893710000016682, -6.729280000371531, 0.0 ], [ 106.893389999648974, -6.728969999565706, 0.0 ], [ 106.892990000088659, -6.728659999659072, 0.0 ], [ 106.892640000136083, -6.728509999936385, 0.0 ], [ 106.892399999860245, -6.72838999979847, 0.0 ], [ 106.892330000229535, -6.728360000213698, 0.0 ], [ 106.89200000029993, -6.728130000399037, 0.0 ], [ 106.891889999723901, -6.728039999845983, 0.0 ], [ 106.891550000232499, -6.727859999639154, 0.0 ], [ 106.891240000325951, -6.727669999870436, 0.0 ], [ 106.890870000350404, -6.72735000040209, 0.0 ], [ 106.890690000143579, -6.727179999757062, 0.0 ], [ 106.890570000005667, -6.727019999573116, 0.0 ], [ 106.890320000168032, -6.726860000288628, 0.0 ], [ 106.890070000330397, -6.726660000058828, 0.0 ], [ 106.889999999800324, -6.726609999551627, 0.0 ], [ 106.88952000014811, -6.726239999576169, 0.0 ], [ 106.889239999826344, -6.726000000199708, 0.0 ], [ 106.888949999942767, -6.725739999900906, 0.0 ], [ 106.888769999735842, -6.725619999762991, 0.0 ], [ 106.888570000405338, -6.725490000063274, 0.0 ], [ 106.888279999622483, -6.725209999741502, 0.0 ], [ 106.888189999968702, -6.725120000087728, 0.0 ], [ 106.887960000154038, -6.72475000011227, 0.0 ], [ 106.887650000247504, -6.724349999652581, 0.0 ], [ 106.887450000017694, -6.724170000345033, 0.0 ], [ 106.887309999856811, -6.724099999815039, 0.0 ], [ 106.886870000250468, -6.723919999608121, 0.0 ], [ 106.886790000158584, -6.723890000023349, 0.0 ], [ 106.886489999813833, -6.723820000392546, 0.0 ], [ 106.886440393209767, -6.723808975603554, 0.0 ], [ 106.885860000438853, -6.72368000023166, 0.0 ], [ 106.885629999724912, -6.723600000139776, 0.0 ], [ 106.885310000256482, -6.723430000394028, 0.0 ], [ 106.885020000372904, -6.723199999680087, 0.0 ], [ 106.88457999986727, -6.722900000234713, 0.0 ], [ 106.884490000213503, -6.722840000165711, 0.0 ], [ 106.883960000054088, -6.722519999797996, 0.0 ], [ 106.883599999640438, -6.722359999614138, 0.0 ], [ 106.883369999825774, -6.722289999983335, 0.0 ], [ 106.883019999873284, -6.722209999891451, 0.0 ], [ 106.882870000150518, -6.72218000030659, 0.0 ], [ 106.882609999851809, -6.72218000030659, 0.0 ], [ 106.882369999575971, -6.722000000099762, 0.0 ], [ 106.882290000383364, -6.721929999569678, 0.0 ], [ 106.881720000178021, -6.721460000378556, 0.0 ], [ 106.881499999925254, -6.72132000021767, 0.0 ], [ 106.881279999672387, -6.72113000044904, 0.0 ], [ 106.881080000341868, -6.720950000242212, 0.0 ], [ 106.880849999627927, -6.720750000012323, 0.0 ], [ 106.880719999928218, -6.72068000038152, 0.0 ], [ 106.880559999744349, -6.720660000358549, 0.0 ], [ 106.880169999745846, -6.720429999644608, 0.0 ], [ 106.879959999954238, -6.72025000033706, 0.0 ], [ 106.879839999816326, -6.720119999737975, 0.0 ], [ 106.879790000208487, -6.719920000407544, 0.0 ], [ 106.879750000162545, -6.719729999739545, 0.0 ], [ 106.879746280566536, -6.719722561446897, 0.0 ], [ 106.879651459647334, -6.719532918709117, 0.0 ], [ 106.879639999586431, -6.719510000386055, 0.0 ], [ 106.879449999817808, -6.719259999649143, 0.0 ], [ 106.879229999564942, -6.719009999811512, 0.0 ], [ 106.878749999912742, -6.717930000369012, 0.0 ], [ 106.878509999636918, -6.717420000232668, 0.0 ], [ 106.878359999914224, -6.717099999864953, 0.0 ], [ 106.878319999868282, -6.716870000050292, 0.0 ], [ 106.878319999868282, -6.716729999889406, 0.0 ], [ 106.878365921949893, -6.716653463086644, 0.0 ], [ 106.878425599162213, -6.716554000766308, 0.0 ], [ 106.878469999590976, -6.716480000051774, 0.0 ], [ 106.878520000098078, -6.716210000191172, 0.0 ], [ 106.878419999983137, -6.716130000099287, 0.0 ], [ 106.878190000168559, -6.715270000010278, 0.0 ], [ 106.87813000009956, -6.71510999982651, 0.0 ], [ 106.877865774785846, -6.714907223389535, 0.0 ], [ 106.87727000001064, -6.714449999967389, 0.0 ], [ 106.877069999780844, -6.714289999783531, 0.0 ], [ 106.876949999642932, -6.714209999691558, 0.0 ], [ 106.876619999713412, -6.714019999922929, 0.0 ], [ 106.876490000013689, -6.713910000246095, 0.0 ], [ 106.876019999923201, -6.713520000247666, 0.0 ], [ 106.87585000017755, -6.713429999694611, 0.0 ], [ 106.875669999970711, -6.71338999964858, 0.0 ], [ 106.87553995080826, -6.713397430746717, 0.0 ], [ 106.875463324972628, -6.71340181044501, 0.0 ], [ 106.875320000018149, -6.713409999671551, 0.0 ], [ 106.874999999650427, -6.713549999832438, 0.0 ], [ 106.874880000411878, -6.71360000033955, 0.0 ], [ 106.87449000041336, -6.713429999694611, 0.0 ], [ 106.873909999746843, -6.713199999879951, 0.0 ], [ 106.873699999955164, -6.713119999787978, 0.0 ], [ 106.873470000140586, -6.712939999581149, 0.0 ], [ 106.873309999956732, -6.712780000296661, 0.0 ], [ 106.873209999841777, -6.712470000390027, 0.0 ], [ 106.873140000211066, -6.712350000252201, 0.0 ], [ 106.872989999589009, -6.712170000045283, 0.0 ], [ 106.8728599998893, -6.712089999953399, 0.0 ], [ 106.872838912585934, -6.712076294285421, 0.0 ], [ 106.872659999659405, -6.711960000253683, 0.0 ], [ 106.872449999867811, -6.711860000138739, 0.0 ], [ 106.872170000445323, -6.711780000046854, 0.0 ], [ 106.871950000192541, -6.711809999631626, 0.0 ], [ 106.871440000056111, -6.711789999608655, 0.0 ], [ 106.871370493253835, -6.711787602915322, 0.0 ], [ 106.871150000172534, -6.711780000046854, 0.0 ], [ 106.870820000243015, -6.711630000324078, 0.0 ], [ 106.870339999691367, -6.711350000002305, 0.0 ], [ 106.869710000316473, -6.710699999705074, 0.0 ], [ 106.869340000340927, -6.710540000420497, 0.0 ], [ 106.869010000411407, -6.710400000259611, 0.0 ], [ 106.868810000181526, -6.710329999729527, 0.0 ], [ 106.868699999605496, -6.710329999729527, 0.0 ], [ 106.868159999884284, -6.710340000190698, 0.0 ], [ 106.868010000161604, -6.710289999683585, 0.0 ], [ 106.867789999908737, -6.710159999983869, 0.0 ], [ 106.86770000025497, -6.710070000330095, 0.0 ], [ 106.867509999586972, -6.709839999616154, 0.0 ], [ 106.867339999841306, -6.709720000377519, 0.0 ], [ 106.867190000118541, -6.709649999847436, 0.0 ], [ 106.867187217616134, -6.709649462052916, 0.0 ], [ 106.866880000211992, -6.709589999778522, 0.0 ], [ 106.866610000351386, -6.709609999801494, 0.0 ], [ 106.866209999891694, -6.709640000285635, 0.0 ], [ 106.866049999707926, -6.709589999778522, 0.0 ], [ 106.86583000035435, -6.709480000101777, 0.0 ], [ 106.865730000239495, -6.709350000402061, 0.0 ], [ 106.865509999986642, -6.709050000057317, 0.0 ], [ 106.865340000240977, -6.708940000380572, 0.0 ], [ 106.865229999664862, -6.708829999804458, 0.0 ], [ 106.865180000057123, -6.708740000150684, 0.0 ], [ 106.86518999961892, -6.708620000012857, 0.0 ], [ 106.865209999641891, -6.708330000129283, 0.0 ], [ 106.865169999595949, -6.708149999922366, 0.0 ], [ 106.864999999850284, -6.707690000293134, 0.0 ], [ 106.86483999966643, -6.707539999671077, 0.0 ], [ 106.86464000033591, -6.707420000432531, 0.0 ], [ 106.864150000222452, -6.707200000179672, 0.0 ], [ 106.863990000038683, -6.707200000179672, 0.0 ], [ 106.863860000338974, -6.70716999969553, 0.0 ], [ 106.863589999578991, -6.707049999557704, 0.0 ], [ 106.86312000038788, -6.706589999928383, 0.0 ], [ 106.863119752175038, -6.706589658186015, 0.0 ], [ 106.863040000295896, -6.706480000251638, 0.0 ], [ 106.862969999765824, -6.706369999675612, 0.0 ], [ 106.862869999650869, -6.706190000368064, 0.0 ], [ 106.862639999836304, -6.70589000002332, 0.0 ], [ 106.862389999998669, -6.70547000044003, 0.0 ], [ 106.86226000029896, -6.70525999974906, 0.0 ], [ 106.862140000161034, -6.705080000441512, 0.0 ], [ 106.862100000115092, -6.704989999888458, 0.0 ], [ 106.861950000392412, -6.704670000420023, 0.0 ], [ 106.861710000116574, -6.704350000052308, 0.0 ], [ 106.861489999863721, -6.704140000260619, 0.0 ], [ 106.860990000188536, -6.703659999709046, 0.0 ], [ 106.860720000327944, -6.703469999940417, 0.0 ], [ 106.860640000235975, -6.70332999977953, 0.0 ], [ 106.860640000235975, -6.703189999618644, 0.0 ], [ 106.860669999820828, -6.702819999643097, 0.0 ], [ 106.860629999774886, -6.70266999992041, 0.0 ], [ 106.860580000167062, -6.702589999828525, 0.0 ], [ 106.860422225805209, -6.701042603832921, 0.0 ], [ 106.86038331663697, -6.700864290754307, 0.0 ], [ 106.860249361718871, -6.700250405431731, 0.0 ], [ 106.860097665874818, -6.700127781971368, 0.0 ], [ 106.859883956379647, -6.699898997140821, 0.0 ], [ 106.859765272849273, -6.699619452775387, 0.0 ], [ 106.859719296808336, -6.699311634624063, 0.0 ], [ 106.859841820443847, -6.699126375181876, 0.0 ], [ 106.86002065063272, -6.699019300100453, 0.0 ], [ 106.860319999868253, -6.698850000027292, 0.0 ], [ 106.860350000352398, -6.698749999912437, 0.0 ], [ 106.860350000352398, -6.698689999843435, 0.0 ], [ 106.860310000306455, -6.698549999682637, 0.0 ], [ 106.860219999753397, -6.698430000444002, 0.0 ], [ 106.859809999731823, -6.698029999984314, 0.0 ], [ 106.859606404911887, -6.697932722117308, 0.0 ], [ 106.859540319130588, -6.697901145121623, 0.0 ], [ 106.859360217300349, -6.697672232587273, 0.0 ], [ 106.859252885012751, -6.697431844703718, 0.0 ], [ 106.858857675241708, -6.696903188131422, 0.0 ], [ 106.858267702892334, -6.696114001559774, 0.0 ], [ 106.858132029369784, -6.695784123038653, 0.0 ], [ 106.858142214192014, -6.695515291397438, 0.0 ], [ 106.85840455003013, -6.695273504168711, 0.0 ], [ 106.858644906437448, -6.695143797647987, 0.0 ], [ 106.858823888611767, -6.695164802213718, 0.0 ], [ 106.85882982413726, -6.695165498288915, 0.0 ], [ 106.859053927996555, -6.69518144866478, 0.0 ], [ 106.858996585424265, -6.695089859009631, 0.0 ], [ 106.858952495261633, -6.695019436697471, 0.0 ], [ 106.858766793353027, -6.694790544847553, 0.0 ], [ 106.858485810971573, -6.694545213390715, 0.0 ], [ 106.858446391887668, -6.694489362793679, 0.0 ], [ 106.85851313777124, -6.694365913755753, 0.0 ], [ 106.858763445177061, -6.693905777429467, 0.0 ], [ 106.859003630713147, -6.693731272979644, 0.0 ], [ 106.859024485991455, -6.693707636997672, 0.0 ], [ 106.85913748310854, -6.693579569941068, 0.0 ], [ 106.859108820815649, -6.693406082624467, 0.0 ], [ 106.858900482971066, -6.693115677146668, 0.0 ], [ 106.858703473886379, -6.692858828072303, 0.0 ], [ 106.8585913482123, -6.692831253059719, 0.0 ], [ 106.858512384139331, -6.69268595499263, 0.0 ], [ 106.857900161663238, -6.692234678787248, 0.0 ], [ 106.857394739975447, -6.691883796599765, 0.0 ], [ 106.857455715808811, -6.691715570317172, 0.0 ], [ 106.857343251989661, -6.691598397647827, 0.0 ], [ 106.856967796726607, -6.691549416971867, 0.0 ], [ 106.856748998867403, -6.691455044814312, 0.0 ], [ 106.856658054925418, -6.691410011262846, 0.0 ], [ 106.856502090899014, -6.691332780183448, 0.0 ], [ 106.856250000137592, -6.691319999917891, 0.0 ], [ 106.8564599999292, -6.691230000264117, 0.0 ], [ 106.856580000067112, -6.691139999711062, 0.0 ], [ 106.856780000296993, -6.691130000149172, 0.0 ], [ 106.857859999739404, -6.691489999663549, 0.0 ], [ 106.857890000223549, -6.691629999824524, 0.0 ], [ 106.857939999831288, -6.691749999962351, 0.0 ], [ 106.857961200449182, -6.691771199680954, 0.0 ], [ 106.857999999900201, -6.691810000031264, 0.0 ], [ 106.858830000404353, -6.692409999821471, 0.0 ], [ 106.859009999711901, -6.6925900000283, 0.0 ], [ 106.859129999849813, -6.692670000120273, 0.0 ], [ 106.859229999964754, -6.692759999774047, 0.0 ], [ 106.859260000448813, -6.692810000281071, 0.0 ], [ 106.859399999710419, -6.69300999961159, 0.0 ], [ 106.859519999848331, -6.693209999841478, 0.0 ], [ 106.859570000355447, -6.693390000048307, 0.0 ], [ 106.859490000263477, -6.693539999770994, 0.0 ], [ 106.859359999664477, -6.693679999931881, 0.0 ], [ 106.859240000425842, -6.693789999608626, 0.0 ], [ 106.859080000241988, -6.694029999884457, 0.0 ], [ 106.858960000104076, -6.694259999699028, 0.0 ], [ 106.858929999620017, -6.694379999836944, 0.0 ], [ 106.858949999642988, -6.694470000389998, 0.0 ], [ 106.859149999872784, -6.694620000112774, 0.0 ], [ 106.85931999961845, -6.69474000025069, 0.0 ], [ 106.859490000263477, -6.694990000088321, 0.0 ], [ 106.859579999917244, -6.695159999833979, 0.0 ], [ 106.85974999966291, -6.695329999579638, 0.0 ], [ 106.860009999961704, -6.695699999555185, 0.0 ], [ 106.860230000214571, -6.696050000407041, 0.0 ], [ 106.860330000329427, -6.696220000152699, 0.0 ], [ 106.860419999983193, -6.696389999898447, 0.0 ], [ 106.860796163012722, -6.696744036008297, 0.0 ], [ 106.860930000119623, -6.696869999550739, 0.0 ], [ 106.861079999842318, -6.697020000172706, 0.0 ], [ 106.861190000418347, -6.697240000425477, 0.0 ], [ 106.861349999702924, -6.697439999755996, 0.0 ], [ 106.861384328624041, -6.697465546797368, 0.0 ], [ 106.861779999747384, -6.6977600001238, 0.0 ], [ 106.862289999883814, -6.698130000099258, 0.0 ], [ 106.862679999882332, -6.698569999705608, 0.0 ], [ 106.862869999650869, -6.698769999935408, 0.0 ], [ 106.863060000318868, -6.698899999635124, 0.0 ], [ 106.863499999925224, -6.699110000326094, 0.0 ], [ 106.863900000384916, -6.699440000255699, 0.0 ], [ 106.864150000222452, -6.699600000439467, 0.0 ], [ 106.864299999945231, -6.699690000093241, 0.0 ], [ 106.864369999576027, -6.699790000208186, 0.0 ], [ 106.86442999964494, -6.699919999907902, 0.0 ], [ 106.864489999713854, -6.699979999976815, 0.0 ], [ 106.86526999971089, -6.700519999698109, 0.0 ], [ 106.865539999571496, -6.70075000041205, 0.0 ], [ 106.865730000239495, -6.701000000249682, 0.0 ], [ 106.865761953151804, -6.701042603832921, 0.0 ], [ 106.865850000377407, -6.701160000433539, 0.0 ], [ 106.866249999937736, -6.701359999763969, 0.0 ], [ 106.866329686166281, -6.701374710874077, 0.0 ], [ 106.866900000234963, -6.701479999901885, 0.0 ], [ 106.867159999634481, -6.701510000386026, 0.0 ], [ 106.867509999586972, -6.701620000062771, 0.0 ], [ 106.867580000117044, -6.701649999647632, 0.0 ], [ 106.867583727806945, -6.701643475965415, 0.0 ], [ 106.867927083568276, -6.701042603832921, 0.0 ], [ 106.867939999631432, -6.701020000272653, 0.0 ], [ 106.868170000345373, -6.701009999811482, 0.0 ], [ 106.868699999605496, -6.701000000249682, 0.0 ], [ 106.868819999743408, -6.700989999788511, 0.0 ], [ 106.868870000250439, -6.700929999719598, 0.0 ], [ 106.868798086862384, -6.700564904646491, 0.0 ], [ 106.868739999651439, -6.700269999860478, 0.0 ], [ 106.868719999628468, -6.699970000415014, 0.0 ], [ 106.868750000112612, -6.699759999724044, 0.0 ], [ 106.868850000227468, -6.699489999863442, 0.0 ], [ 106.868990000388436, -6.699159999933926, 0.0 ], [ 106.869002804935718, -6.69913695030985, 0.0 ], [ 106.869089999604014, -6.698979999727008, 0.0 ], [ 106.869280000271914, -6.69880999998135, 0.0 ], [ 106.869380000386869, -6.698540000120747, 0.0 ], [ 106.869420000432896, -6.698399999959861, 0.0 ], [ 106.869380000386869, -6.698330000329058, 0.0 ], [ 106.869320000317956, -6.698259999798974, 0.0 ], [ 106.869329999879753, -6.698159999684119, 0.0 ], [ 106.869380000386869, -6.698070000030345, 0.0 ], [ 106.869880000062125, -6.698040000445573, 0.0 ], [ 106.870379999737395, -6.698219999753032, 0.0 ], [ 106.870940000380841, -6.698600000189661, 0.0 ], [ 106.871059999619391, -6.698660000258663, 0.0 ], [ 106.871259999849286, -6.698669999820464, 0.0 ], [ 106.871370000425401, -6.698629999774521, 0.0 ], [ 106.871540000171052, -6.698449999567693, 0.0 ], [ 106.871566390776493, -6.698433505101988, 0.0 ], [ 106.87178000044689, -6.698299999844917, 0.0 ], [ 106.871899999685439, -6.698230000214114, 0.0 ], [ 106.871925792241697, -6.698215262124521, 0.0 ], [ 106.871970000215512, -6.698190000168172, 0.0 ], [ 106.872110000376409, -6.698130000099258, 0.0 ], [ 106.872209999591973, -6.698050000007374, 0.0 ], [ 106.872369999775827, -6.698029999984314, 0.0 ], [ 106.872429999844741, -6.698250000237174, 0.0 ], [ 106.872610465900451, -6.698746283014358, 0.0 ], [ 106.872630000074636, -6.698800000419549, 0.0 ], [ 106.872770000235519, -6.699179999956897, 0.0 ], [ 106.872980000027127, -6.699770000185215, 0.0 ], [ 106.873049999657923, -6.699899999884931, 0.0 ], [ 106.873180000257008, -6.70012000013779, 0.0 ], [ 106.873244346749416, -6.700248693122504, 0.0 ], [ 106.873269999910789, -6.70030000034453, 0.0 ], [ 106.873470000140586, -6.700619999812965, 0.0 ], [ 106.873500980885751, -6.700679381148369, 0.0 ], [ 106.873590000278412, -6.700849999627625, 0.0 ], [ 106.873643929024325, -6.701042603832921, 0.0 ], [ 106.873730000439394, -6.701350000202169, 0.0 ], [ 106.873829999654959, -6.701720000177716, 0.0 ], [ 106.873860000139103, -6.701780000246629, 0.0 ], [ 106.87394999979287, -6.701979999577148, 0.0 ], [ 106.87419999963042, -6.70244999966755, 0.0 ], [ 106.874350000252477, -6.702790000058325, 0.0 ], [ 106.874379999837245, -6.702959999803983, 0.0 ], [ 106.87441000032139, -6.703059999918839, 0.0 ], [ 106.874439999906258, -6.703200000079814, 0.0 ], [ 106.87456000004417, -6.70353000000933, 0.0 ], [ 106.874660000159025, -6.703699999754988, 0.0 ], [ 106.874840000365936, -6.70396000005379, 0.0 ], [ 106.874889999973675, -6.704040000145675, 0.0 ], [ 106.874999999650427, -6.704160000283679, 0.0 ], [ 106.875079999742312, -6.704260000398534, 0.0 ], [ 106.875181337149129, -6.704365559222971, 0.0 ], [ 106.875320000018149, -6.704510000236166, 0.0 ], [ 106.875529999809828, -6.704800000119739, 0.0 ], [ 106.875559706215611, -6.704841588368406, 0.0 ], [ 106.875629999924769, -6.704940000280626, 0.0 ], [ 106.875660000408828, -6.705000000349539, 0.0 ], [ 106.875750000062595, -6.705250000187259, 0.0 ], [ 106.875890000223492, -6.705629999724518, 0.0 ], [ 106.876059999969144, -6.706050000207178, 0.0 ], [ 106.876078939691467, -6.706087878752456, 0.0 ], [ 106.876240000176068, -6.706409999721554, 0.0 ], [ 106.876288730840457, -6.7065204571532, 0.0 ], [ 106.876389999898748, -6.70675000011224, 0.0 ], [ 106.876539999621443, -6.706990000388071, 0.0 ], [ 106.876679999782326, -6.707200000179672, 0.0 ], [ 106.87679000035844, -6.707369999925419, 0.0 ], [ 106.877029999734901, -6.707779999946908, 0.0 ], [ 106.8771529919172, -6.708009585174093, 0.0 ], [ 106.877180000356958, -6.708060000268592, 0.0 ], [ 106.877260000448842, -6.708200000429567, 0.0 ], [ 106.877300123701914, -6.708262009583912, 0.0 ], [ 106.87737000012558, -6.708370000175226, 0.0 ], [ 106.877570000355476, -6.708579999966826, 0.0 ], [ 106.877900000284995, -6.708809999781487, 0.0 ], [ 106.878179999707399, -6.709019999573176, 0.0 ], [ 106.878319999868282, -6.709139999711091, 0.0 ], [ 106.878350545341547, -6.709161381092734, 0.0 ], [ 106.878419999983137, -6.709210000241175, 0.0 ], [ 106.878769999935713, -6.709429999594665, 0.0 ], [ 106.878959999704435, -6.709489999663578, 0.0 ], [ 106.879050000257479, -6.70952000014772, 0.0 ], [ 106.879610000001662, -6.709540000170691, 0.0 ], [ 106.879850000277486, -6.70952999970952, 0.0 ], [ 106.880050215445223, -6.709525550763331, 0.0 ], [ 106.880207738896218, -6.709522049702645, 0.0 ], [ 106.880300000344931, -6.70952000014772, 0.0 ], [ 106.880369999975727, -6.70952000014772, 0.0 ], [ 106.881040000295926, -6.709500000124748, 0.0 ], [ 106.881319999718414, -6.70952000014772, 0.0 ], [ 106.881499999925254, -6.709589999778522, 0.0 ], [ 106.881720000178021, -6.709689999893467, 0.0 ], [ 106.881949999992685, -6.709819999593183, 0.0 ], [ 106.882019999623481, -6.709930000169209, 0.0 ], [ 106.882219999853277, -6.710340000190698, 0.0 ], [ 106.882246464203106, -6.710403954578705, 0.0 ], [ 106.882339999991203, -6.710630000074271, 0.0 ], [ 106.882480000152086, -6.710930000419015, 0.0 ], [ 106.882529999759825, -6.71102999963459, 0.0 ], [ 106.882970000265459, -6.711710000416051, 0.0 ], [ 106.883092466344422, -6.711897781557266, 0.0 ], [ 106.883119999988239, -6.711940000230623, 0.0 ], [ 106.883269999710834, -6.712199999630144, 0.0 ], [ 106.883539999571525, -6.712669999720546, 0.0 ], [ 106.883599999640438, -6.712930000019259, 0.0 ], [ 106.883530000009642, -6.713219999902922, 0.0 ], [ 106.883520000447831, -6.71340000010975, 0.0 ], [ 106.883550000032614, -6.713649999947382, 0.0 ], [ 106.883619999663409, -6.713930000269155, 0.0 ], [ 106.883628743771695, -6.713964975802824, 0.0 ], [ 106.883710000216553, -6.714289999783531, 0.0 ], [ 106.883879999962204, -6.714699999804932, 0.0 ], [ 106.883969999615985, -6.714790000358075, 0.0 ], [ 106.884559999844299, -6.714799999919876, 0.0 ], [ 106.884851507890986, -6.714783341777633, 0.0 ], [ 106.88490999979679, -6.714779999896905, 0.0 ], [ 106.885029999934702, -6.714770000335104, 0.0 ], [ 106.885250000187483, -6.714759999873934, 0.0 ], [ 106.88552000004816, -6.714779999896905, 0.0 ], [ 106.885749999862739, -6.714790000358075, 0.0 ], [ 106.886269999561065, -6.714920000057791, 0.0 ], [ 106.886799999720381, -6.71512000028768, 0.0 ], [ 106.886979999927206, -6.715220000402535, 0.0 ], [ 106.887860000039183, -6.715650000446995, 0.0 ], [ 106.887980000177009, -6.715689999593657, 0.0 ], [ 106.888740000151074, -6.716000000399571, 0.0 ], [ 106.889299999895258, -6.716230000214143, 0.0 ], [ 106.889540000171081, -6.716370000375029, 0.0 ], [ 106.889689999893776, -6.716460000028803, 0.0 ], [ 106.889830000054658, -6.716480000051774, 0.0 ], [ 106.889990000238427, -6.716520000097805, 0.0 ], [ 106.890180000007149, -6.716620000212661, 0.0 ], [ 106.890260000099119, -6.716660000258603, 0.0 ], [ 106.890549999982696, -6.716749999912377, 0.0 ], [ 106.890919999958243, -6.716890000073263, 0.0 ], [ 106.891260000348922, -6.717050000257121, 0.0 ], [ 106.891399999610442, -6.717170000395036, 0.0 ], [ 106.891439999656384, -6.717220000002868, 0.0 ], [ 106.891559999794296, -6.717440000255639, 0.0 ], [ 106.891670000370326, -6.717569999955444, 0.0 ], [ 106.891929999769843, -6.717750000162184, 0.0 ], [ 106.892089999953697, -6.717910000346041, 0.0 ], [ 106.892210000091623, -6.717990000438014, 0.0 ], [ 106.8924999999752, -6.718189999768533, 0.0 ], [ 106.892609999651938, -6.718269999860507, 0.0 ], [ 106.892789999858763, -6.718389999998333, 0.0 ], [ 106.893130000249457, -6.718479999652107, 0.0 ], [ 106.893190000318455, -6.718490000113277, 0.0 ], [ 106.893600000339944, -6.718510000136249, 0.0 ], [ 106.893879999762348, -6.718519999698049, 0.0 ], [ 106.894209999691867, -6.71853000015922, 0.0 ], [ 106.894460000428865, -6.718550000182191, 0.0 ], [ 106.89449999957553, -6.718499999675078, 0.0 ] ] ] ] } },
{ "type": "Feature", "properties": { "PROVNO": "32", "KABKOTNO": "01", "KECNO": "100", "DESANO": "002", "PROVINSI": "JAWA BARAT", "KABKOT": "BOGOR", "KECAMATAN": "CIAWI", "ID2013": "3201100002", "DESA": "CITAPEN", "DESA_1": "CITAPEN", "ID2012": "3201100002", "IDKAB2": "3201", "IDKEC_2": "3201100", "WILAYAH": "TENGAH" }, "geometry": { "type": "MultiPolygon", "coordinates": [ [ [ [ 106.864486719886344, -6.689188830599893, 0.0 ], [ 106.864689999943749, -6.689049999557675, 0.0 ], [ 106.864879999712372, -6.689030000433984, 0.0 ], [ 106.865300000195035, -6.688859999788956, 0.0 ], [ 106.865522228068556, -6.688757433008998, 0.0 ], [ 106.865568330014554, -6.688780261399732, 0.0 ], [ 106.865818569071934, -6.688938769608335, 0.0 ], [ 106.865862629556887, -6.688966680068056, 0.0 ], [ 106.866010600409084, -6.689275957819021, 0.0 ], [ 106.866174571999082, -6.689503639181495, 0.0 ], [ 106.866330233853418, -6.689690583053789, 0.0 ], [ 106.866404125749938, -6.689820761718615, 0.0 ], [ 106.866437210908714, -6.689942941813189, 0.0 ], [ 106.866551755759033, -6.69004035098121, 0.0 ], [ 106.866772103150211, -6.690080282678803, 0.0 ], [ 106.866862181944327, -6.690177785376274, 0.0 ], [ 106.867001316957356, -6.690307715828272, 0.0 ], [ 106.867026371170283, -6.69046254131306, 0.0 ], [ 106.867026990803154, -6.690625611782455, 0.0 ], [ 106.86697046121796, -6.690772593380281, 0.0 ], [ 106.866954645740506, -6.690903111988824, 0.0 ], [ 106.866930459373378, -6.690976586600019, 0.0 ], [ 106.866979608222451, -6.69103347591399, 0.0 ], [ 106.867208203296073, -6.691097836795592, 0.0 ], [ 106.867424302289891, -6.691106409133365, 0.0 ], [ 106.867583406749006, -6.69111271967612, 0.0 ], [ 106.8678361576128, -6.691095451793529, 0.0 ], [ 106.867958394364535, -6.691070527083056, 0.0 ], [ 106.868115267605702, -6.691039745987339, 0.0 ], [ 106.868523398836018, -6.691120558167043, 0.0 ], [ 106.868634520866621, -6.691324438971549, 0.0 ], [ 106.868827676356347, -6.691605644384815, 0.0 ], [ 106.868975392700406, -6.69176035295779, 0.0 ], [ 106.869192043877931, -6.691771786938219, 0.0 ], [ 106.86939231570301, -6.691775111731904, 0.0 ], [ 106.869547771612488, -6.691815380675106, 0.0 ], [ 106.869652828615315, -6.691863749812068, 0.0 ], [ 106.869723818399677, -6.691896432973845, 0.0 ], [ 106.86983052655772, -6.69201452295173, 0.0 ], [ 106.869855794809297, -6.692210558070624, 0.0 ], [ 106.869917409161332, -6.692292044741901, 0.0 ], [ 106.869967011268727, -6.692438954394078, 0.0 ], [ 106.870008097695788, -6.692496002888007, 0.0 ], [ 106.871150000172534, -6.693189999818419, 0.0 ], [ 106.871349476996926, -6.693634289190911, 0.0 ], [ 106.871370000425401, -6.693679999931881, 0.0 ], [ 106.871390000448372, -6.69410000041454, 0.0 ], [ 106.871390000448372, -6.69431999976803, 0.0 ], [ 106.871769999985716, -6.694729999789519, 0.0 ], [ 106.872229999614945, -6.694889999973377, 0.0 ], [ 106.872460000328971, -6.694979999627062, 0.0 ], [ 106.872570000005723, -6.695070000180205, 0.0 ], [ 106.872619999613462, -6.695110000226148, 0.0 ], [ 106.872810000281461, -6.695420000132781, 0.0 ], [ 106.87300999961198, -6.695620000362581, 0.0 ], [ 106.873200000279979, -6.695790000108239, 0.0 ], [ 106.873309999956732, -6.695919999807955, 0.0 ], [ 106.873390000048616, -6.696070000430012, 0.0 ], [ 106.873659999909222, -6.696429999944389, 0.0 ], [ 106.873739126759446, -6.696564516039452, 0.0 ], [ 106.873760000024163, -6.696599999690047, 0.0 ], [ 106.873840000116132, -6.696850000426959, 0.0 ], [ 106.873920000208017, -6.697009999711536, 0.0 ], [ 106.874029999884755, -6.697260000448537, 0.0 ], [ 106.874179999607449, -6.697550000332111, 0.0 ], [ 106.874246808443601, -6.69764186068317, 0.0 ], [ 106.874259999699419, -6.697660000008856, 0.0 ], [ 106.874470000390389, -6.697820000192714, 0.0 ], [ 106.874700000204967, -6.697929999869459, 0.0 ], [ 106.874849999927733, -6.697980000376571, 0.0 ], [ 106.874999999650427, -6.698119999638088, 0.0 ], [ 106.875130000249513, -6.698250000237174, 0.0 ], [ 106.875380000087063, -6.698350000352118, 0.0 ], [ 106.875589999878741, -6.698509999636606, 0.0 ], [ 106.87593000026952, -6.698930000119265, 0.0 ], [ 106.876249999737865, -6.699170000395007, 0.0 ], [ 106.876400000359922, -6.699280000071752, 0.0 ], [ 106.876490000013689, -6.699320000117694, 0.0 ], [ 106.87673684143229, -6.699301486674116, 0.0 ], [ 106.876889999574018, -6.699289999633642, 0.0 ], [ 106.876889999574018, -6.699369999725526, 0.0 ], [ 106.876920000058163, -6.699639999586129, 0.0 ], [ 106.876980000127077, -6.699759999724044, 0.0 ], [ 106.877189999918755, -6.70008999965356, 0.0 ], [ 106.877240000425871, -6.700269999860478, 0.0 ], [ 106.877319999618479, -6.700490000113248, 0.0 ], [ 106.877450000217465, -6.700710000366108, 0.0 ], [ 106.877680000032129, -6.700989999788511, 0.0 ], [ 106.877748190226953, -6.701042603832921, 0.0 ], [ 106.878029999984705, -6.701259999649114, 0.0 ], [ 106.87819999973037, -6.701439999855943, 0.0 ], [ 106.878250000237472, -6.701580000016829, 0.0 ], [ 106.878310000306485, -6.701749999762487, 0.0 ], [ 106.878390000398369, -6.702070000130202, 0.0 ], [ 106.878480000052136, -6.702270000360002, 0.0 ], [ 106.87862999977483, -6.70248000015178, 0.0 ], [ 106.878800000419858, -6.702629999874468, 0.0 ], [ 106.878990000188566, -6.702729999989323, 0.0 ], [ 106.879179999957202, -6.702819999643097, 0.0 ], [ 106.879460000278982, -6.703030000334067, 0.0 ], [ 106.879679999632458, -6.703169999595584, 0.0 ], [ 106.879770000185516, -6.703229999664586, 0.0 ], [ 106.87993000036937, -6.703349999802501, 0.0 ], [ 106.880349999952756, -6.703679999732017, 0.0 ], [ 106.880622088938409, -6.703936972912796, 0.0 ], [ 106.880710000366406, -6.704020000122703, 0.0 ], [ 106.881169999995649, -6.704410000121221, 0.0 ], [ 106.881379999787328, -6.70461000035111, 0.0 ], [ 106.881575156268624, -6.70476856521697, 0.0 ], [ 106.88170000015505, -6.704869999750542, 0.0 ], [ 106.881889999923686, -6.7050299999344, 0.0 ], [ 106.882259999899219, -6.70547000044003, 0.0 ], [ 106.882661655111434, -6.706133960913387, 0.0 ], [ 106.882727945038837, -6.706243542405357, 0.0 ], [ 106.882750000012692, -6.706280000021838, 0.0 ], [ 106.882839999666459, -6.706369999675612, 0.0 ], [ 106.883090000403371, -6.706629999974414, 0.0 ], [ 106.883200000080123, -6.706810000181154, 0.0 ], [ 106.883337051363952, -6.707198312152265, 0.0 ], [ 106.883440000355861, -6.707490000063245, 0.0 ], [ 106.883520000447831, -6.707539999671077, 0.0 ], [ 106.883650000147554, -6.707550000132247, 0.0 ], [ 106.883819999893291, -6.707559999694048, 0.0 ], [ 106.883929999570043, -6.707659999808993, 0.0 ], [ 106.883929999570043, -6.707880000061763, 0.0 ], [ 106.883870000400321, -6.708029999784539, 0.0 ], [ 106.883819999893291, -6.708209999991368, 0.0 ], [ 106.883790000308437, -6.708539999920884, 0.0 ], [ 106.883859999939233, -6.708829999804458, 0.0 ], [ 106.883940000031117, -6.708949999942373, 0.0 ], [ 106.884060000169043, -6.709010000011375, 0.0 ], [ 106.884107271233702, -6.709028622272886, 0.0 ], [ 106.884390000098648, -6.709139999711091, 0.0 ], [ 106.884670000420414, -6.709310000356119, 0.0 ], [ 106.884900000234992, -6.709560000193662, 0.0 ], [ 106.885270000210539, -6.710119999937927, 0.0 ], [ 106.885439999956191, -6.710320000167727, 0.0 ], [ 106.885609999701941, -6.710509999936356, 0.0 ], [ 106.885671230942734, -6.710575940926802, 0.0 ], [ 106.885740000300942, -6.710650000097242, 0.0 ], [ 106.885930000069564, -6.710899999934874, 0.0 ], [ 106.886079999792344, -6.710980000026847, 0.0 ], [ 106.886580000366891, -6.71124000032556, 0.0 ], [ 106.886870000250468, -6.711390000048336, 0.0 ], [ 106.886970000365409, -6.711510000186163, 0.0 ], [ 106.887060000019176, -6.71169000039308, 0.0 ], [ 106.887180000157088, -6.711909999746482, 0.0 ], [ 106.887209307263873, -6.711947854010116, 0.0 ], [ 106.88742000043284, -6.712219999653115, 0.0 ], [ 106.887543721066038, -6.712350999398922, 0.0 ], [ 106.887929999669993, -6.71276000027369, 0.0 ], [ 106.88814999992276, -6.712889999973317, 0.0 ], [ 106.888590000428309, -6.713079999742035, 0.0 ], [ 106.888980000426812, -6.713219999902922, 0.0 ], [ 106.889199999780317, -6.713440000155781, 0.0 ], [ 106.8893399999412, -6.713609999901351, 0.0 ], [ 106.889549999732878, -6.713890000223124, 0.0 ], [ 106.889879999662398, -6.714209999691558, 0.0 ], [ 106.890150000422381, -6.714380000336586, 0.0 ], [ 106.890509999936754, -6.71467000022016, 0.0 ], [ 106.890579999567464, -6.714790000358075, 0.0 ], [ 106.89059999959052, -6.714920000057791, 0.0 ], [ 106.890610000051694, -6.715169999895423, 0.0 ], [ 106.890639999636463, -6.715399999709994, 0.0 ], [ 106.890719999728347, -6.715490000263138, 0.0 ], [ 106.890839999866273, -6.715570000355022, 0.0 ], [ 106.891180000256952, -6.715720000077798, 0.0 ], [ 106.891599999840338, -6.715980000376511, 0.0 ], [ 106.891670000370326, -6.716020000422542, 0.0 ], [ 106.891710000416353, -6.716130000099287, 0.0 ], [ 106.891880000162104, -6.716649999797522, 0.0 ], [ 106.891969999815785, -6.716760000373547, 0.0 ], [ 106.892330000229535, -6.717039999795951, 0.0 ], [ 106.892490000413389, -6.717179999956926, 0.0 ], [ 106.892649999697881, -6.717400000209697, 0.0 ], [ 106.892889999973704, -6.717730000139213, 0.0 ], [ 106.892999999650456, -6.717819999792987, 0.0 ], [ 106.893199999880252, -6.717990000438014, 0.0 ], [ 106.893600000339944, -6.718189999768533, 0.0 ], [ 106.894090706421139, -6.718359021051814, 0.0 ], [ 106.89449999957553, -6.718499999675078, 0.0 ], [ 106.894460000428865, -6.718550000182191, 0.0 ], [ 106.894209999691867, -6.71853000015922, 0.0 ], [ 106.893879999762348, -6.718519999698049, 0.0 ], [ 106.893600000339944, -6.718510000136249, 0.0 ], [ 106.893190000318455, -6.718490000113277, 0.0 ], [ 106.893130000249457, -6.718479999652107, 0.0 ], [ 106.892789999858763, -6.718389999998333, 0.0 ], [ 106.892609999651938, -6.718269999860507, 0.0 ], [ 106.8924999999752, -6.718189999768533, 0.0 ], [ 106.892210000091623, -6.717990000438014, 0.0 ], [ 106.892089999953697, -6.717910000346041, 0.0 ], [ 106.891929999769843, -6.717750000162184, 0.0 ], [ 106.891670000370326, -6.717569999955444, 0.0 ], [ 106.891559999794296, -6.717440000255639, 0.0 ], [ 106.891439999656384, -6.717220000002868, 0.0 ], [ 106.891399999610442, -6.717170000395036, 0.0 ], [ 106.891260000348922, -6.717050000257121, 0.0 ], [ 106.890919999958243, -6.716890000073263, 0.0 ], [ 106.890549999982696, -6.716749999912377, 0.0 ], [ 106.890260000099119, -6.716660000258603, 0.0 ], [ 106.890180000007149, -6.716620000212661, 0.0 ], [ 106.889990000238427, -6.716520000097805, 0.0 ], [ 106.889830000054658, -6.716480000051774, 0.0 ], [ 106.889689999893776, -6.716460000028803, 0.0 ], [ 106.889540000171081, -6.716370000375029, 0.0 ], [ 106.889299999895258, -6.716230000214143, 0.0 ], [ 106.888740000151074, -6.716000000399571, 0.0 ], [ 106.887980000177009, -6.715689999593657, 0.0 ], [ 106.887860000039183, -6.715650000446995, 0.0 ], [ 106.886979999927206, -6.715220000402535, 0.0 ], [ 106.886799999720381, -6.71512000028768, 0.0 ], [ 106.886269999561065, -6.714920000057791, 0.0 ], [ 106.885749999862739, -6.714790000358075, 0.0 ], [ 106.88552000004816, -6.714779999896905, 0.0 ], [ 106.885250000187483, -6.714759999873934, 0.0 ], [ 106.885029999934702, -6.714770000335104, 0.0 ], [ 106.88490999979679, -6.714779999896905, 0.0 ], [ 106.884851507890986, -6.714783341777633, 0.0 ], [ 106.884559999844299, -6.714799999919876, 0.0 ], [ 106.883969999615985, -6.714790000358075, 0.0 ], [ 106.883879999962204, -6.714699999804932, 0.0 ], [ 106.883710000216553, -6.714289999783531, 0.0 ], [ 106.883628743771695, -6.713964975802824, 0.0 ], [ 106.883619999663409, -6.713930000269155, 0.0 ], [ 106.883550000032614, -6.713649999947382, 0.0 ], [ 106.883520000447831, -6.71340000010975, 0.0 ], [ 106.883530000009642, -6.713219999902922, 0.0 ], [ 106.883599999640438, -6.712930000019259, 0.0 ], [ 106.883539999571525, -6.712669999720546, 0.0 ], [ 106.883269999710834, -6.712199999630144, 0.0 ], [ 106.883119999988239, -6.711940000230623, 0.0 ], [ 106.883092466344422, -6.711897781557266, 0.0 ], [ 106.882970000265459, -6.711710000416051, 0.0 ], [ 106.882529999759825, -6.71102999963459, 0.0 ], [ 106.882480000152086, -6.710930000419015, 0.0 ], [ 106.882339999991203, -6.710630000074271, 0.0 ], [ 106.882246464203106, -6.710403954578705, 0.0 ], [ 106.882219999853277, -6.710340000190698, 0.0 ], [ 106.882019999623481, -6.709930000169209, 0.0 ], [ 106.881949999992685, -6.709819999593183, 0.0 ], [ 106.881720000178021, -6.709689999893467, 0.0 ], [ 106.881499999925254, -6.709589999778522, 0.0 ], [ 106.881319999718414, -6.70952000014772, 0.0 ], [ 106.881040000295926, -6.709500000124748, 0.0 ], [ 106.880369999975727, -6.70952000014772, 0.0 ], [ 106.880300000344931, -6.70952000014772, 0.0 ], [ 106.880207738896218, -6.709522049702645, 0.0 ], [ 106.880050215445223, -6.709525550763331, 0.0 ], [ 106.879850000277486, -6.70952999970952, 0.0 ], [ 106.879610000001662, -6.709540000170691, 0.0 ], [ 106.879050000257479, -6.70952000014772, 0.0 ], [ 106.878959999704435, -6.709489999663578, 0.0 ], [ 106.878769999935713, -6.709429999594665, 0.0 ], [ 106.878419999983137, -6.709210000241175, 0.0 ], [ 106.878350545341547, -6.709161381092734, 0.0 ], [ 106.878319999868282, -6.709139999711091, 0.0 ], [ 106.878179999707399, -6.709019999573176, 0.0 ], [ 106.877900000284995, -6.708809999781487, 0.0 ], [ 106.877570000355476, -6.708579999966826, 0.0 ], [ 106.87737000012558, -6.708370000175226, 0.0 ], [ 106.877300123701914, -6.708262009583912, 0.0 ], [ 106.877260000448842, -6.708200000429567, 0.0 ], [ 106.877180000356958, -6.708060000268592, 0.0 ], [ 106.8771529919172, -6.708009585174093, 0.0 ], [ 106.877029999734901, -6.707779999946908, 0.0 ], [ 106.87679000035844, -6.707369999925419, 0.0 ], [ 106.876679999782326, -6.707200000179672, 0.0 ], [ 106.876539999621443, -6.706990000388071, 0.0 ], [ 106.876389999898748, -6.70675000011224, 0.0 ], [ 106.876288730840457, -6.7065204571532, 0.0 ], [ 106.876240000176068, -6.706409999721554, 0.0 ], [ 106.876078939691467, -6.706087878752456, 0.0 ], [ 106.876059999969144, -6.706050000207178, 0.0 ], [ 106.875890000223492, -6.705629999724518, 0.0 ], [ 106.875750000062595, -6.705250000187259, 0.0 ], [ 106.875660000408828, -6.705000000349539, 0.0 ], [ 106.875629999924769, -6.704940000280626, 0.0 ], [ 106.875559706215611, -6.704841588368406, 0.0 ], [ 106.875529999809828, -6.704800000119739, 0.0 ], [ 106.875320000018149, -6.704510000236166, 0.0 ], [ 106.875181337149129, -6.704365559222971, 0.0 ], [ 106.875079999742312, -6.704260000398534, 0.0 ], [ 106.874999999650427, -6.704160000283679, 0.0 ], [ 106.874889999973675, -6.704040000145675, 0.0 ], [ 106.874840000365936, -6.70396000005379, 0.0 ], [ 106.874660000159025, -6.703699999754988, 0.0 ], [ 106.87456000004417, -6.70353000000933, 0.0 ], [ 106.874439999906258, -6.703200000079814, 0.0 ], [ 106.87441000032139, -6.703059999918839, 0.0 ], [ 106.874379999837245, -6.702959999803983, 0.0 ], [ 106.874350000252477, -6.702790000058325, 0.0 ], [ 106.87419999963042, -6.70244999966755, 0.0 ], [ 106.87394999979287, -6.701979999577148, 0.0 ], [ 106.873860000139103, -6.701780000246629, 0.0 ], [ 106.873829999654959, -6.701720000177716, 0.0 ], [ 106.873730000439394, -6.701350000202169, 0.0 ], [ 106.873643929024325, -6.701042603832921, 0.0 ], [ 106.873590000278412, -6.700849999627625, 0.0 ], [ 106.873500980885751, -6.700679381148369, 0.0 ], [ 106.873470000140586, -6.700619999812965, 0.0 ], [ 106.873269999910789, -6.70030000034453, 0.0 ], [ 106.873244346749416, -6.700248693122504, 0.0 ], [ 106.873180000257008, -6.70012000013779, 0.0 ], [ 106.873049999657923, -6.699899999884931, 0.0 ], [ 106.872980000027127, -6.699770000185215, 0.0 ], [ 106.872770000235519, -6.699179999956897, 0.0 ], [ 106.872630000074636, -6.698800000419549, 0.0 ], [ 106.872610465900451, -6.698746283014358, 0.0 ], [ 106.872429999844741, -6.698250000237174, 0.0 ], [ 106.872369999775827, -6.698029999984314, 0.0 ], [ 106.872209999591973, -6.698050000007374, 0.0 ], [ 106.872110000376409, -6.698130000099258, 0.0 ], [ 106.871970000215512, -6.698190000168172, 0.0 ], [ 106.871925792241697, -6.698215262124521, 0.0 ], [ 106.871899999685439, -6.698230000214114, 0.0 ], [ 106.87178000044689, -6.698299999844917, 0.0 ], [ 106.871566390776493, -6.698433505101988, 0.0 ], [ 106.871540000171052, -6.698449999567693, 0.0 ], [ 106.871370000425401, -6.698629999774521, 0.0 ], [ 106.871259999849286, -6.698669999820464, 0.0 ], [ 106.871059999619391, -6.698660000258663, 0.0 ], [ 106.870940000380841, -6.698600000189661, 0.0 ], [ 106.870379999737395, -6.698219999753032, 0.0 ], [ 106.869880000062125, -6.698040000445573, 0.0 ], [ 106.869380000386869, -6.698070000030345, 0.0 ], [ 106.869329999879753, -6.698159999684119, 0.0 ], [ 106.869320000317956, -6.698259999798974, 0.0 ], [ 106.869380000386869, -6.698330000329058, 0.0 ], [ 106.869420000432896, -6.698399999959861, 0.0 ], [ 106.869380000386869, -6.698540000120747, 0.0 ], [ 106.869280000271914, -6.69880999998135, 0.0 ], [ 106.869089999604014, -6.698979999727008, 0.0 ], [ 106.869002804935718, -6.69913695030985, 0.0 ], [ 106.868990000388436, -6.699159999933926, 0.0 ], [ 106.868850000227468, -6.699489999863442, 0.0 ], [ 106.868750000112612, -6.699759999724044, 0.0 ], [ 106.868719999628468, -6.699970000415014, 0.0 ], [ 106.868739999651439, -6.700269999860478, 0.0 ], [ 106.868798086862384, -6.700564904646491, 0.0 ], [ 106.868870000250439, -6.700929999719598, 0.0 ], [ 106.868819999743408, -6.700989999788511, 0.0 ], [ 106.868699999605496, -6.701000000249682, 0.0 ], [ 106.868170000345373, -6.701009999811482, 0.0 ], [ 106.867939999631432, -6.701020000272653, 0.0 ], [ 106.867927083568276, -6.701042603832921, 0.0 ], [ 106.867583727806945, -6.701643475965415, 0.0 ], [ 106.867580000117044, -6.701649999647632, 0.0 ], [ 106.867509999586972, -6.701620000062771, 0.0 ], [ 106.867159999634481, -6.701510000386026, 0.0 ], [ 106.866900000234963, -6.701479999901885, 0.0 ], [ 106.866329686166281, -6.701374710874077, 0.0 ], [ 106.866249999937736, -6.701359999763969, 0.0 ], [ 106.865850000377407, -6.701160000433539, 0.0 ], [ 106.865761953151804, -6.701042603832921, 0.0 ], [ 106.865730000239495, -6.701000000249682, 0.0 ], [ 106.865539999571496, -6.70075000041205, 0.0 ], [ 106.86526999971089, -6.700519999698109, 0.0 ], [ 106.864489999713854, -6.699979999976815, 0.0 ], [ 106.86442999964494, -6.699919999907902, 0.0 ], [ 106.864369999576027, -6.699790000208186, 0.0 ], [ 106.864299999945231, -6.699690000093241, 0.0 ], [ 106.864150000222452, -6.699600000439467, 0.0 ], [ 106.863900000384916, -6.699440000255699, 0.0 ], [ 106.863499999925224, -6.699110000326094, 0.0 ], [ 106.863060000318868, -6.698899999635124, 0.0 ], [ 106.862869999650869, -6.698769999935408, 0.0 ], [ 106.862679999882332, -6.698569999705608, 0.0 ], [ 106.862289999883814, -6.698130000099258, 0.0 ], [ 106.861779999747384, -6.6977600001238, 0.0 ], [ 106.861384328624041, -6.697465546797368, 0.0 ], [ 106.861349999702924, -6.697439999755996, 0.0 ], [ 106.861190000418347, -6.697240000425477, 0.0 ], [ 106.861079999842318, -6.697020000172706, 0.0 ], [ 106.860930000119623, -6.696869999550739, 0.0 ], [ 106.860796163012722, -6.696744036008297, 0.0 ], [ 106.860419999983193, -6.696389999898447, 0.0 ], [ 106.860330000329427, -6.696220000152699, 0.0 ], [ 106.860230000214571, -6.696050000407041, 0.0 ], [ 106.860009999961704, -6.695699999555185, 0.0 ], [ 106.85974999966291, -6.695329999579638, 0.0 ], [ 106.859579999917244, -6.695159999833979, 0.0 ], [ 106.859490000263477, -6.694990000088321, 0.0 ], [ 106.85931999961845, -6.69474000025069, 0.0 ], [ 106.859149999872784, -6.694620000112774, 0.0 ], [ 106.858949999642988, -6.694470000389998, 0.0 ], [ 106.858929999620017, -6.694379999836944, 0.0 ], [ 106.858960000104076, -6.694259999699028, 0.0 ], [ 106.859080000241988, -6.694029999884457, 0.0 ], [ 106.859240000425842, -6.693789999608626, 0.0 ], [ 106.859359999664477, -6.693679999931881, 0.0 ], [ 106.859490000263477, -6.693539999770994, 0.0 ], [ 106.859570000355447, -6.693390000048307, 0.0 ], [ 106.859519999848331, -6.693209999841478, 0.0 ], [ 106.859399999710419, -6.69300999961159, 0.0 ], [ 106.859260000448813, -6.692810000281071, 0.0 ], [ 106.859229999964754, -6.692759999774047, 0.0 ], [ 106.859129999849813, -6.692670000120273, 0.0 ], [ 106.859009999711901, -6.6925900000283, 0.0 ], [ 106.858830000404353, -6.692409999821471, 0.0 ], [ 106.857999999900201, -6.691810000031264, 0.0 ], [ 106.857961200449182, -6.691771199680954, 0.0 ], [ 106.857939999831288, -6.691749999962351, 0.0 ], [ 106.857890000223549, -6.691629999824524, 0.0 ], [ 106.857859999739404, -6.691489999663549, 0.0 ], [ 106.856780000296993, -6.691130000149172, 0.0 ], [ 106.856580000067112, -6.691139999711062, 0.0 ], [ 106.8564599999292, -6.691230000264117, 0.0 ], [ 106.856250000137592, -6.691319999917891, 0.0 ], [ 106.856159999584449, -6.691270000310148, 0.0 ], [ 106.856148257136539, -6.691076521963737, 0.0 ], [ 106.856086455725531, -6.691026355981347, 0.0 ], [ 106.855980015565379, -6.691021157900003, 0.0 ], [ 106.855834137435721, -6.690954510042459, 0.0 ], [ 106.855374476850741, -6.690855447021118, 0.0 ], [ 106.855206489787818, -6.69086728119991, 0.0 ], [ 106.855027217132516, -6.690856757333332, 0.0 ], [ 106.854836700253713, -6.690835077376747, 0.0 ], [ 106.854573326597944, -6.690802470657289, 0.0 ], [ 106.854321050576175, -6.690741823076465, 0.0 ], [ 106.854197153675884, -6.690563093611726, 0.0 ], [ 106.854039999846293, -6.690410000221139, 0.0 ], [ 106.853890000123513, -6.690339999691055, 0.0 ], [ 106.853675692579358, -6.690413862809343, 0.0 ], [ 106.853563694608994, -6.690419885569057, 0.0 ], [ 106.853390171319475, -6.69044853886879, 0.0 ], [ 106.853087148353382, -6.690298484287407, 0.0 ], [ 106.852583402102454, -6.690042046203306, 0.0 ], [ 106.852813436990658, -6.689860259942861, 0.0 ], [ 106.853011241975395, -6.689529334610924, 0.0 ], [ 106.85321589799544, -6.689291436950064, 0.0 ], [ 106.853245459610463, -6.689257072955392, 0.0 ], [ 106.853407142425866, -6.688944376881381, 0.0 ], [ 106.853497039556856, -6.688790255565671, 0.0 ], [ 106.85358753383781, -6.688794438312531, 0.0 ], [ 106.853886415425904, -6.688874726187546, 0.0 ], [ 106.854330486263081, -6.689067539934825, 0.0 ], [ 106.854402628978349, -6.689003947074337, 0.0 ], [ 106.854564941319154, -6.688858598645222, 0.0 ], [ 106.854600467237987, -6.688682068022835, 0.0 ], [ 106.854694734174814, -6.688487223606323, 0.0 ], [ 106.854843662804967, -6.688391679632169, 0.0 ], [ 106.855065092080494, -6.688327522896689, 0.0 ], [ 106.855164274711669, -6.688236688672102, 0.0 ], [ 106.855339168567951, -6.687828960338074, 0.0 ], [ 106.855660190565473, -6.687782519347643, 0.0 ], [ 106.855722793272491, -6.687794519900994, 0.0 ], [ 106.8560766917861, -6.687862361158849, 0.0 ], [ 106.856344230202239, -6.688028701563145, 0.0 ], [ 106.856530167733212, -6.688150120831295, 0.0 ], [ 106.856883591404781, -6.688298045817955, 0.0 ], [ 106.857232422238681, -6.688427895330964, 0.0 ], [ 106.857476333666099, -6.688327468937363, 0.0 ], [ 106.857560000293944, -6.688179999906954, 0.0 ], [ 106.857573026973768, -6.688113272909071, 0.0 ], [ 106.857630398324375, -6.688049972328205, 0.0 ], [ 106.857735676560452, -6.687853885048547, 0.0 ], [ 106.857783837953903, -6.687649860352654, 0.0 ], [ 106.85788945613362, -6.687543461561365, 0.0 ], [ 106.858019231002871, -6.687355436703815, 0.0 ], [ 106.858156976563436, -6.687118458150145, 0.0 ], [ 106.858303308850779, -6.686995599966785, 0.0 ], [ 106.858393017124214, -6.686995260922437, 0.0 ], [ 106.858596805298461, -6.686970030442421, 0.0 ], [ 106.858707668324428, -6.686978844697791, 0.0 ], [ 106.8587925931039, -6.686985597706965, 0.0 ], [ 106.858899634011053, -6.686850782137679, 0.0 ], [ 106.858922459703948, -6.686822032610564, 0.0 ], [ 106.859076731206358, -6.686642068376649, 0.0 ], [ 106.859263870231615, -6.686527208763451, 0.0 ], [ 106.859325447711356, -6.686519027630879, 0.0 ], [ 106.859516558142843, -6.686493638870186, 0.0 ], [ 106.859681402075211, -6.686525307596671, 0.0 ], [ 106.859932783271518, -6.686573602989156, 0.0 ], [ 106.86047161387404, -6.686726485938479, 0.0 ], [ 106.860806131997563, -6.686765988659218, 0.0 ], [ 106.861100183326982, -6.686887183096903, 0.0 ], [ 106.861500559703217, -6.68708951077214, 0.0 ], [ 106.861484620119342, -6.687187414567344, 0.0 ], [ 106.861411438687128, -6.687244767931535, 0.0 ], [ 106.86141193331423, -6.687375226285521, 0.0 ], [ 106.861477976827373, -6.687586971661243, 0.0 ], [ 106.861609140249811, -6.687765856708818, 0.0 ], [ 106.861829671102583, -6.687854714223498, 0.0 ], [ 106.862114765184444, -6.687763943850769, 0.0 ], [ 106.862239253838666, -6.687614626713447, 0.0 ], [ 106.862269999860757, -6.687629999724578, 0.0 ], [ 106.862430000044611, -6.687620000162688, 0.0 ], [ 106.862448416361445, -6.6876183004441, 0.0 ], [ 106.862696417905539, -6.687595406402771, 0.0 ], [ 106.862904968889396, -6.687535909954114, 0.0 ], [ 106.862968360301778, -6.68745000041703, 0.0 ], [ 106.86298999978888, -6.68745000041703, 0.0 ], [ 106.863163346811206, -6.687486494006336, 0.0 ], [ 106.863179504031038, -6.687671852373924, 0.0 ], [ 106.863063156039971, -6.687959302679527, 0.0 ], [ 106.862763117923762, -6.687980007770946, 0.0 ], [ 106.862705117047739, -6.688169394202017, 0.0 ], [ 106.862803621590047, -6.68833861783277, 0.0 ], [ 106.862928101251029, -6.688475127724782, 0.0 ], [ 106.862990326242681, -6.688481801593706, 0.0 ], [ 106.863070088913631, -6.688490357743628, 0.0 ], [ 106.863104327902604, -6.688494029675542, 0.0 ], [ 106.863385065668439, -6.688545149838667, 0.0 ], [ 106.863581038734125, -6.688609636625245, 0.0 ], [ 106.863705295363289, -6.688687442371446, 0.0 ], [ 106.863790852366108, -6.688882805696785, 0.0 ], [ 106.863895930952651, -6.689065050611411, 0.0 ], [ 106.864098800019804, -6.689227355757712, 0.0 ], [ 106.864360039584355, -6.689298118013589, 0.0 ], [ 106.864457679878157, -6.689239040649078, 0.0 ], [ 106.864486719886344, -6.689188830599893, 0.0 ] ] ] ] } },
{ "type": "Feature", "properties": { "PROVNO": "32", "KABKOTNO": "01", "KECNO": "100", "DESANO": "003", "PROVINSI": "JAWA BARAT", "KABKOT": "BOGOR", "KECAMATAN": "CIAWI", "ID2013": "3201100003", "DESA": "CIBEDUG", "DESA_1": "CIBEDUG", "ID2012": "3201100003", "IDKAB2": "3201", "IDKEC_2": "3201100", "WILAYAH": "TENGAH" }, "geometry": { "type": "MultiPolygon", "coordinates": [ [ [ [ 106.875389093132299, -6.69351279258116, 0.0 ], [ 106.875470454797806, -6.693473547066411, 0.0 ], [ 106.875540000271002, -6.693439999656139, 0.0 ], [ 106.875680000431799, -6.693399999610108, 0.0 ], [ 106.875983986571882, -6.69341419720725, 0.0 ], [ 106.876127340304677, -6.693420891760606, 0.0 ], [ 106.876502275759634, -6.693457567912233, 0.0 ], [ 106.876612874384818, -6.693473723333501, 0.0 ], [ 106.87662939672947, -6.693476136214507, 0.0 ], [ 106.876851342215815, -6.6933736701586, 0.0 ], [ 106.876887110052238, -6.693372043285031, 0.0 ], [ 106.877001371616188, -6.693366846102879, 0.0 ], [ 106.877109916189866, -6.693361908824915, 0.0 ], [ 106.877308641181003, -6.693352870638272, 0.0 ], [ 106.877471297062826, -6.693317620811392, 0.0 ], [ 106.877567865364895, -6.693296692688069, 0.0 ], [ 106.877606959793567, -6.693288220175067, 0.0 ], [ 106.877638848853934, -6.693292908340922, 0.0 ], [ 106.877702789752107, -6.693302308054907, 0.0 ], [ 106.877721504643887, -6.693305058181789, 0.0 ], [ 106.877901985988061, -6.693331590880049, 0.0 ], [ 106.877943829644238, -6.693337742242846, 0.0 ], [ 106.878007339767095, -6.693424725570498, 0.0 ], [ 106.878075511076133, -6.693518093185293, 0.0 ], [ 106.878077933849767, -6.693521411683658, 0.0 ], [ 106.879576219667044, -6.693625938086392, 0.0 ], [ 106.879946725960778, -6.693976031568507, 0.0 ], [ 106.880315953418716, -6.693992195083567, 0.0 ], [ 106.880615067031883, -6.694061352948868, 0.0 ], [ 106.881037973224082, -6.694323367729051, 0.0 ], [ 106.881407874274146, -6.694515283053661, 0.0 ], [ 106.881232823935918, -6.694709283906111, 0.0 ], [ 106.881550796332334, -6.695112304289221, 0.0 ], [ 106.881762013806068, -6.695181796702379, 0.0 ], [ 106.882044087964488, -6.695391622924909, 0.0 ], [ 106.882634543249779, -6.69517081687955, 0.0 ], [ 106.882974788255993, -6.695021363944633, 0.0 ], [ 106.883418588397348, -6.694827068114542, 0.0 ], [ 106.883952488916435, -6.694943541111389, 0.0 ], [ 106.884294779880349, -6.695327417626054, 0.0 ], [ 106.884401738949336, -6.695446015720865, 0.0 ], [ 106.88454776456787, -6.695607932359984, 0.0 ], [ 106.885215995022392, -6.695975741587059, 0.0 ], [ 106.885439345249779, -6.696256368736311, 0.0 ], [ 106.885525495805169, -6.696511497407567, 0.0 ], [ 106.885604219759102, -6.696744628661513, 0.0 ], [ 106.8857414077399, -6.697106154325407, 0.0 ], [ 106.885783856639847, -6.697218018296738, 0.0 ], [ 106.886200410920438, -6.697646052423281, 0.0 ], [ 106.886912586746661, -6.697880356393195, 0.0 ], [ 106.887062134110394, -6.698235338589811, 0.0 ], [ 106.88734455810507, -6.698468807089633, 0.0 ], [ 106.88759729098237, -6.698677731292104, 0.0 ], [ 106.887998632331147, -6.699002115854782, 0.0 ], [ 106.888338705566937, -6.698808214827103, 0.0 ], [ 106.888590611967388, -6.698807246257257, 0.0 ], [ 106.888931712228938, -6.698880008605315, 0.0 ], [ 106.889095336680612, -6.699042344328578, 0.0 ], [ 106.889037775573087, -6.699487013214913, 0.0 ], [ 106.88946070694621, -6.699947527256391, 0.0 ], [ 106.88964788194437, -6.70015133611507, 0.0 ], [ 106.890923718654875, -6.700531611744367, 0.0 ], [ 106.891062983170258, -6.700603225658188, 0.0 ], [ 106.891409294103795, -6.700781310309125, 0.0 ], [ 106.891695800121198, -6.700928639944639, 0.0 ], [ 106.892359732715605, -6.701409677414496, 0.0 ], [ 106.893626371160309, -6.702327389697107, 0.0 ], [ 106.894449999967691, -6.701510000386026, 0.0 ], [ 106.894969644433729, -6.701349158436756, 0.0 ], [ 106.89529000003364, -6.701250000087313, 0.0 ], [ 106.895729999639997, -6.70139999981, 0.0 ], [ 106.895869999800794, -6.701479999901885, 0.0 ], [ 106.89587419963479, -6.701490920369526, 0.0 ], [ 106.896020000422851, -6.701869999900403, 0.0 ], [ 106.89623000021453, -6.702150000222176, 0.0 ], [ 106.89664999979783, -6.702709999966352, 0.0 ], [ 106.896899999635451, -6.703050000357038, 0.0 ], [ 106.897010000211566, -6.703169999595584, 0.0 ], [ 106.897540000370896, -6.703409999871415, 0.0 ], [ 106.897650000047634, -6.703520000447529, 0.0 ], [ 106.897730000139603, -6.703679999732017, 0.0 ], [ 106.897730000139603, -6.704120000237648, 0.0 ], [ 106.897710000116632, -6.704289999983395, 0.0 ], [ 106.897560000393867, -6.704700000004795, 0.0 ], [ 106.897509999886751, -6.704829999704511, 0.0 ], [ 106.897503987918839, -6.704850041096346, 0.0 ], [ 106.897480000301883, -6.704929999819456, 0.0 ], [ 106.89742000023297, -6.705379999886887, 0.0 ], [ 106.897369999725868, -6.705549999632634, 0.0 ], [ 106.897249999587942, -6.705760000323604, 0.0 ], [ 106.897170000395334, -6.705870000000349, 0.0 ], [ 106.897169957227916, -6.70587146319729, 0.0 ], [ 106.89715999993426, -6.706210000391035, 0.0 ], [ 106.897400000209998, -6.70675000011224, 0.0 ], [ 106.897469999840808, -6.706859999788986, 0.0 ], [ 106.897970000415341, -6.707209999741472, 0.0 ], [ 106.898180000206949, -6.707289999833446, 0.0 ], [ 106.898389999998727, -6.707479999602164, 0.0 ], [ 106.898519999698436, -6.707510000086305, 0.0 ], [ 106.898659999859234, -6.707579999717019, 0.0 ], [ 106.899109999926765, -6.707719999877995, 0.0 ], [ 106.899370000225559, -6.707759999923937, 0.0 ], [ 106.899620000063109, -6.707790000407989, 0.0 ], [ 106.899949999992629, -6.707829999554651, 0.0 ], [ 106.900079999692423, -6.707840000015821, 0.0 ], [ 106.900239999876277, -6.707960000153737, 0.0 ], [ 106.900330000429335, -6.708080000291563, 0.0 ], [ 106.900349999553029, -6.708499999874942, 0.0 ], [ 106.900349999553029, -6.708720000127713, 0.0 ], [ 106.900369999576, -6.708920000357601, 0.0 ], [ 106.900277898206625, -6.709473083415887, 0.0 ], [ 106.900102712969996, -6.709859140786492, 0.0 ], [ 106.900029943427342, -6.710200163706439, 0.0 ], [ 106.900091343740712, -6.710361949943913, 0.0 ], [ 106.900164686151513, -6.710555197164449, 0.0 ], [ 106.90075764694798, -6.710612158424247, 0.0 ], [ 106.901127931109357, -6.710566277711418, 0.0 ], [ 106.901409650934781, -6.7106096304299, 0.0 ], [ 106.901765289636558, -6.710608249970598, 0.0 ], [ 106.902106454649328, -6.710695816058845, 0.0 ], [ 106.902625726796032, -6.710856763228925, 0.0 ], [ 106.90310117677808, -6.711180842921429, 0.0 ], [ 106.903591907141006, -6.71162338221313, 0.0 ], [ 106.903919406055934, -6.712007293801427, 0.0 ], [ 106.90414254404331, -6.712228649332488, 0.0 ], [ 106.904351036571256, -6.712494505117164, 0.0 ], [ 106.904663373815865, -6.712789587069636, 0.0 ], [ 106.904856356635719, -6.712877726026036, 0.0 ], [ 106.905069999581002, -6.712999999650062, 0.0 ], [ 106.905329999879811, -6.71317000029509, 0.0 ], [ 106.905490000063665, -6.713270000410034, 0.0 ], [ 106.905739999901215, -6.71340000010975, 0.0 ], [ 106.905949999692893, -6.713560000293608, 0.0 ], [ 106.906069999830819, -6.713719999578096, 0.0 ], [ 106.9062199995535, -6.713919999807985, 0.0 ], [ 106.906339999691426, -6.7140399999459, 0.0 ], [ 106.90649999987528, -6.714109999576614, 0.0 ], [ 106.906590000428338, -6.714140000060844, 0.0 ], [ 106.906729999689929, -6.714209999691558, 0.0 ], [ 106.906909999896769, -6.714389999898387, 0.0 ], [ 106.90707999964242, -6.714650000197189, 0.0 ], [ 106.907420000033113, -6.715299999595139, 0.0 ], [ 106.90750999968688, -6.715550000332051, 0.0 ], [ 106.907529999709851, -6.715720000077798, 0.0 ], [ 106.907760000423877, -6.716150000122258, 0.0 ], [ 106.907979999777382, -6.716660000258603, 0.0 ], [ 106.908159999984207, -6.716950000142177, 0.0 ], [ 106.908380000236974, -6.717179999956926, 0.0 ], [ 106.908659999659463, -6.717420000232668, 0.0 ], [ 106.909000000050156, -6.717610000001386, 0.0 ], [ 106.909340000440835, -6.717810000231186, 0.0 ], [ 106.909740000001165, -6.718029999584676, 0.0 ], [ 106.909889999723845, -6.718120000137731, 0.0 ], [ 106.909960000254017, -6.718180000206733, 0.0 ], [ 106.910199999630478, -6.718430000044275, 0.0 ], [ 106.910419999883246, -6.718699999904878, 0.0 ], [ 106.910600000090085, -6.718869999650625, 0.0 ], [ 106.91064999969791, -6.719040000295564, 0.0 ], [ 106.910629999674939, -6.719210000041311, 0.0 ], [ 106.910580000067114, -6.719649999647661, 0.0 ], [ 106.910729999789879, -6.719929999969345, 0.0 ], [ 106.910939999581487, -6.720210000291118, 0.0 ], [ 106.910950000042646, -6.720349999552724, 0.0 ], [ 106.910950000042646, -6.720879999712039, 0.0 ], [ 106.910950000042646, -6.721169999595613, 0.0 ], [ 106.910990000088589, -6.721289999733528, 0.0 ], [ 106.91107999974237, -6.721400000309554, 0.0 ], [ 106.911230000364426, -6.721599999640073, 0.0 ], [ 106.911380000087121, -6.722009999661651, 0.0 ], [ 106.911105303067501, -6.723119998688833, 0.0 ], [ 106.911019112941887, -6.723816627035575, 0.0 ], [ 106.911267928372354, -6.724087131415803, 0.0 ], [ 106.911554608858296, -6.724333051029276, 0.0 ], [ 106.91219232981237, -6.724463890695844, 0.0 ], [ 106.912577728879256, -6.724492014294849, 0.0 ], [ 106.912860788694587, -6.724876089559686, 0.0 ], [ 106.912921280692743, -6.725186961808696, 0.0 ], [ 106.913351773565651, -6.725377868993334, 0.0 ], [ 106.913605778084403, -6.725910204692056, 0.0 ], [ 106.914334154297961, -6.726485127786255, 0.0 ], [ 106.914306025303006, -6.726870419833855, 0.0 ], [ 106.914337112168184, -6.727240665324299, 0.0 ], [ 106.913925612077463, -6.728116343294435, 0.0 ], [ 106.913078916558888, -6.727601142378639, 0.0 ], [ 106.912890888104215, -6.72751047183068, 0.0 ], [ 106.912499887160237, -6.727321927165022, 0.0 ], [ 106.912187650639765, -6.727056483269891, 0.0 ], [ 106.911727286785009, -6.726806433070323, 0.0 ], [ 106.911428711865724, -6.726244640977299, 0.0 ], [ 106.910506597401735, -6.725388989110428, 0.0 ], [ 106.910103051814573, -6.724855433031642, 0.0 ], [ 106.909970348752779, -6.724679976199823, 0.0 ], [ 106.90988502467431, -6.725598823426839, 0.0 ], [ 106.910080503112908, -6.726323980966811, 0.0 ], [ 106.910424517177873, -6.72713744743513, 0.0 ], [ 106.910446628809069, -6.727556922713642, 0.0 ], [ 106.910488539914326, -6.728352004341378, 0.0 ], [ 106.910520378612759, -6.728914838748636, 0.0 ], [ 106.910433493311217, -6.729433693609934, 0.0 ], [ 106.910285827329204, -6.729567602662581, 0.0 ], [ 106.910122878268382, -6.729583054813961, 0.0 ], [ 106.909633048126864, -6.729377562424457, 0.0 ], [ 106.909216965091019, -6.72908289236144, 0.0 ], [ 106.908786179039126, -6.728817908919229, 0.0 ], [ 106.90857732768167, -6.728463171338142, 0.0 ], [ 106.908027298721066, -6.728020874863319, 0.0 ], [ 106.907491728160906, -6.72761306199309, 0.0 ], [ 106.907194962677607, -6.727387088443173, 0.0 ], [ 106.906690317104633, -6.727181649113714, 0.0 ], [ 106.906245004303685, -6.726990793190382, 0.0 ], [ 106.905412961439211, -6.726431074034647, 0.0 ], [ 106.905100959641743, -6.726224882871836, 0.0 ], [ 106.904819999743381, -6.725889999623593, 0.0 ], [ 106.904699999605469, -6.725750000362076, 0.0 ], [ 106.904550473825523, -6.72566406474461, 0.0 ], [ 106.904297517016957, -6.725398384327832, 0.0 ], [ 106.904019999723374, -6.725280000271674, 0.0 ], [ 106.903555082601144, -6.725016088821292, 0.0 ], [ 106.90333234121475, -6.724898437712525, 0.0 ], [ 106.902990819171123, -6.724721988928497, 0.0 ], [ 106.9026348818945, -6.724649299425458, 0.0 ], [ 106.902412775429454, -6.724694607270134, 0.0 ], [ 106.901968674914599, -6.724814852023666, 0.0 ], [ 106.901553635991633, -6.724786836343224, 0.0 ], [ 106.901004422716071, -6.724551934324143, 0.0 ], [ 106.900692194289491, -6.7242864796372, 0.0 ], [ 106.9001869191911, -6.723918072361048, 0.0 ], [ 106.899651776708339, -6.723490521170419, 0.0 ], [ 106.899116349140357, -6.722988894621587, 0.0 ], [ 106.898490917422038, -6.722206136403877, 0.0 ], [ 106.898044001129875, -6.721600461891644, 0.0 ], [ 106.89791999990824, -6.721240000125785, 0.0 ], [ 106.897870000300401, -6.721169999595613, 0.0 ], [ 106.8977399997014, -6.721019999872926, 0.0 ], [ 106.897589999978635, -6.720819999643126, 0.0 ], [ 106.897449999817837, -6.720529999759552, 0.0 ], [ 106.897309999656954, -6.720349999552724, 0.0 ], [ 106.897240000026144, -6.72025999989895, 0.0 ], [ 106.89715999993426, -6.720190000268147, 0.0 ], [ 106.896890000073569, -6.720019999623119, 0.0 ], [ 106.896800000419802, -6.719949999992405, 0.0 ], [ 106.896749999912771, -6.719900000384573, 0.0 ], [ 106.896390000398398, -6.719689999693603, 0.0 ], [ 106.896279999822283, -6.719629999624601, 0.0 ], [ 106.896070000030676, -6.719530000409026, 0.0 ], [ 106.895840000216026, -6.719370000225169, 0.0 ], [ 106.895760000124042, -6.719299999695085, 0.0 ], [ 106.895279999572466, -6.719040000295564, 0.0 ], [ 106.895040000196019, -6.718880000111795, 0.0 ], [ 106.89477999989721, -6.718730000389019, 0.0 ], [ 106.894650000197586, -6.718619999812994, 0.0 ], [ 106.89449999957553, -6.718499999675078, 0.0 ], [ 106.894090706421139, -6.718359021051814, 0.0 ], [ 106.893600000339944, -6.718189999768533, 0.0 ], [ 106.893199999880252, -6.717990000438014, 0.0 ], [ 106.892999999650456, -6.717819999792987, 0.0 ], [ 106.892889999973704, -6.717730000139213, 0.0 ], [ 106.892649999697881, -6.717400000209697, 0.0 ], [ 106.892490000413389, -6.717179999956926, 0.0 ], [ 106.892330000229535, -6.717039999795951, 0.0 ], [ 106.891969999815785, -6.716760000373547, 0.0 ], [ 106.891880000162104, -6.716649999797522, 0.0 ], [ 106.891710000416353, -6.716130000099287, 0.0 ], [ 106.891670000370326, -6.716020000422542, 0.0 ], [ 106.891599999840338, -6.715980000376511, 0.0 ], [ 106.891180000256952, -6.715720000077798, 0.0 ], [ 106.890839999866273, -6.715570000355022, 0.0 ], [ 106.890719999728347, -6.715490000263138, 0.0 ], [ 106.890639999636463, -6.715399999709994, 0.0 ], [ 106.890610000051694, -6.715169999895423, 0.0 ], [ 106.89059999959052, -6.714920000057791, 0.0 ], [ 106.890579999567464, -6.714790000358075, 0.0 ], [ 106.890509999936754, -6.71467000022016, 0.0 ], [ 106.890150000422381, -6.714380000336586, 0.0 ], [ 106.889879999662398, -6.714209999691558, 0.0 ], [ 106.889549999732878, -6.713890000223124, 0.0 ], [ 106.8893399999412, -6.713609999901351, 0.0 ], [ 106.889199999780317, -6.713440000155781, 0.0 ], [ 106.888980000426812, -6.713219999902922, 0.0 ], [ 106.888590000428309, -6.713079999742035, 0.0 ], [ 106.88814999992276, -6.712889999973317, 0.0 ], [ 106.887929999669993, -6.71276000027369, 0.0 ], [ 106.887543721066038, -6.712350999398922, 0.0 ], [ 106.88742000043284, -6.712219999653115, 0.0 ], [ 106.887209307263873, -6.711947854010116, 0.0 ], [ 106.887180000157088, -6.711909999746482, 0.0 ], [ 106.887060000019176, -6.71169000039308, 0.0 ], [ 106.886970000365409, -6.711510000186163, 0.0 ], [ 106.886870000250468, -6.711390000048336, 0.0 ], [ 106.886580000366891, -6.71124000032556, 0.0 ], [ 106.886079999792344, -6.710980000026847, 0.0 ], [ 106.885930000069564, -6.710899999934874, 0.0 ], [ 106.885740000300942, -6.710650000097242, 0.0 ], [ 106.885671230942734, -6.710575940926802, 0.0 ], [ 106.885609999701941, -6.710509999936356, 0.0 ], [ 106.885439999956191, -6.710320000167727, 0.0 ], [ 106.885270000210539, -6.710119999937927, 0.0 ], [ 106.884900000234992, -6.709560000193662, 0.0 ], [ 106.884670000420414, -6.709310000356119, 0.0 ], [ 106.884390000098648, -6.709139999711091, 0.0 ], [ 106.884107271233702, -6.709028622272886, 0.0 ], [ 106.884060000169043, -6.709010000011375, 0.0 ], [ 106.883940000031117, -6.708949999942373, 0.0 ], [ 106.883859999939233, -6.708829999804458, 0.0 ], [ 106.883790000308437, -6.708539999920884, 0.0 ], [ 106.883819999893291, -6.708209999991368, 0.0 ], [ 106.883870000400321, -6.708029999784539, 0.0 ], [ 106.883929999570043, -6.707880000061763, 0.0 ], [ 106.883929999570043, -6.707659999808993, 0.0 ], [ 106.883819999893291, -6.707559999694048, 0.0 ], [ 106.883650000147554, -6.707550000132247, 0.0 ], [ 106.883520000447831, -6.707539999671077, 0.0 ], [ 106.883440000355861, -6.707490000063245, 0.0 ], [ 106.883337051363952, -6.707198312152265, 0.0 ], [ 106.883200000080123, -6.706810000181154, 0.0 ], [ 106.883090000403371, -6.706629999974414, 0.0 ], [ 106.882839999666459, -6.706369999675612, 0.0 ], [ 106.882750000012692, -6.706280000021838, 0.0 ], [ 106.882727945038837, -6.706243542405357, 0.0 ], [ 106.882661655111434, -6.706133960913387, 0.0 ], [ 106.882259999899219, -6.70547000044003, 0.0 ], [ 106.881889999923686, -6.7050299999344, 0.0 ], [ 106.88170000015505, -6.704869999750542, 0.0 ], [ 106.881575156268624, -6.70476856521697, 0.0 ], [ 106.881379999787328, -6.70461000035111, 0.0 ], [ 106.881169999995649, -6.704410000121221, 0.0 ], [ 106.880710000366406, -6.704020000122703, 0.0 ], [ 106.880622088938409, -6.703936972912796, 0.0 ], [ 106.880349999952756, -6.703679999732017, 0.0 ], [ 106.87993000036937, -6.703349999802501, 0.0 ], [ 106.879770000185516, -6.703229999664586, 0.0 ], [ 106.879679999632458, -6.703169999595584, 0.0 ], [ 106.879460000278982, -6.703030000334067, 0.0 ], [ 106.879179999957202, -6.702819999643097, 0.0 ], [ 106.878990000188566, -6.702729999989323, 0.0 ], [ 106.878800000419858, -6.702629999874468, 0.0 ], [ 106.87862999977483, -6.70248000015178, 0.0 ], [ 106.878480000052136, -6.702270000360002, 0.0 ], [ 106.878390000398369, -6.702070000130202, 0.0 ], [ 106.878310000306485, -6.701749999762487, 0.0 ], [ 106.878250000237472, -6.701580000016829, 0.0 ], [ 106.87819999973037, -6.701439999855943, 0.0 ], [ 106.878029999984705, -6.701259999649114, 0.0 ], [ 106.877748190226953, -6.701042603832921, 0.0 ], [ 106.877680000032129, -6.700989999788511, 0.0 ], [ 106.877450000217465, -6.700710000366108, 0.0 ], [ 106.877319999618479, -6.700490000113248, 0.0 ], [ 106.877240000425871, -6.700269999860478, 0.0 ], [ 106.877189999918755, -6.70008999965356, 0.0 ], [ 106.876980000127077, -6.699759999724044, 0.0 ], [ 106.876920000058163, -6.699639999586129, 0.0 ], [ 106.876889999574018, -6.699369999725526, 0.0 ], [ 106.876889999574018, -6.699289999633642, 0.0 ], [ 106.87673684143229, -6.699301486674116, 0.0 ], [ 106.876490000013689, -6.699320000117694, 0.0 ], [ 106.876400000359922, -6.699280000071752, 0.0 ], [ 106.876249999737865, -6.699170000395007, 0.0 ], [ 106.87593000026952, -6.698930000119265, 0.0 ], [ 106.875589999878741, -6.698509999636606, 0.0 ], [ 106.875380000087063, -6.698350000352118, 0.0 ], [ 106.875130000249513, -6.698250000237174, 0.0 ], [ 106.874999999650427, -6.698119999638088, 0.0 ], [ 106.874849999927733, -6.697980000376571, 0.0 ], [ 106.874700000204967, -6.697929999869459, 0.0 ], [ 106.874470000390389, -6.697820000192714, 0.0 ], [ 106.874259999699419, -6.697660000008856, 0.0 ], [ 106.874246808443601, -6.69764186068317, 0.0 ], [ 106.874179999607449, -6.697550000332111, 0.0 ], [ 106.874029999884755, -6.697260000448537, 0.0 ], [ 106.873920000208017, -6.697009999711536, 0.0 ], [ 106.873840000116132, -6.696850000426959, 0.0 ], [ 106.873760000024163, -6.696599999690047, 0.0 ], [ 106.873739126759446, -6.696564516039452, 0.0 ], [ 106.873659999909222, -6.696429999944389, 0.0 ], [ 106.873390000048616, -6.696070000430012, 0.0 ], [ 106.873309999956732, -6.695919999807955, 0.0 ], [ 106.873200000279979, -6.695790000108239, 0.0 ], [ 106.87300999961198, -6.695620000362581, 0.0 ], [ 106.872810000281461, -6.695420000132781, 0.0 ], [ 106.872619999613462, -6.695110000226148, 0.0 ], [ 106.872570000005723, -6.695070000180205, 0.0 ], [ 106.872460000328971, -6.694979999627062, 0.0 ], [ 106.872229999614945, -6.694889999973377, 0.0 ], [ 106.871769999985716, -6.694729999789519, 0.0 ], [ 106.871390000448372, -6.69431999976803, 0.0 ], [ 106.871390000448372, -6.69410000041454, 0.0 ], [ 106.871370000425401, -6.693679999931881, 0.0 ], [ 106.871349476996926, -6.693634289190911, 0.0 ], [ 106.871150000172534, -6.693189999818419, 0.0 ], [ 106.870008097695788, -6.692496002888007, 0.0 ], [ 106.869967011268727, -6.692438954394078, 0.0 ], [ 106.869917409161332, -6.692292044741901, 0.0 ], [ 106.869855794809297, -6.692210558070624, 0.0 ], [ 106.86983052655772, -6.69201452295173, 0.0 ], [ 106.869723818399677, -6.691896432973845, 0.0 ], [ 106.869652828615315, -6.691863749812068, 0.0 ], [ 106.869547771612488, -6.691815380675106, 0.0 ], [ 106.86939231570301, -6.691775111731904, 0.0 ], [ 106.869192043877931, -6.691771786938219, 0.0 ], [ 106.868975392700406, -6.69176035295779, 0.0 ], [ 106.868827676356347, -6.691605644384815, 0.0 ], [ 106.868634520866621, -6.691324438971549, 0.0 ], [ 106.868523398836018, -6.691120558167043, 0.0 ], [ 106.868711440780515, -6.691132101864863, 0.0 ], [ 106.868878908934704, -6.691106948726535, 0.0 ], [ 106.868980692405245, -6.691004409825521, 0.0 ], [ 106.869131641812004, -6.690934373322523, 0.0 ], [ 106.86922505169494, -6.691047967589494, 0.0 ], [ 106.869258924659817, -6.691089160136467, 0.0 ], [ 106.869378035368229, -6.691243976628094, 0.0 ], [ 106.869562503407025, -6.691390373666675, 0.0 ], [ 106.86973404189267, -6.691361119619845, 0.0 ], [ 106.869960000154009, -6.691239999826006, 0.0 ], [ 106.87000696005336, -6.691123089758602, 0.0 ], [ 106.870014511660514, -6.690959619090933, 0.0 ], [ 106.870067377407764, -6.690889954007986, 0.0 ], [ 106.870169532298263, -6.690885479880784, 0.0 ], [ 106.870255682853667, -6.69097095864263, 0.0 ], [ 106.870301042859026, -6.691077024684802, 0.0 ], [ 106.870285161730962, -6.691199667030858, 0.0 ], [ 106.870244867606743, -6.691351004045423, 0.0 ], [ 106.870228925324767, -6.691457303012029, 0.0 ], [ 106.870242458322963, -6.691481884181396, 0.0 ], [ 106.870211539631086, -6.691665333288324, 0.0 ], [ 106.870138887899515, -6.691861297360848, 0.0 ], [ 106.870212875124224, -6.692015934887277, 0.0 ], [ 106.870416631822224, -6.691982544858401, 0.0 ], [ 106.870530246773626, -6.691835347423183, 0.0 ], [ 106.870595054618235, -6.691720949162274, 0.0 ], [ 106.870717010781618, -6.691622640672126, 0.0 ], [ 106.870822935630159, -6.69159777711549, 0.0 ], [ 106.870937017329624, -6.69157288208261, 0.0 ], [ 106.87104297275512, -6.691556170880411, 0.0 ], [ 106.871107998235672, -6.691498848093183, 0.0 ], [ 106.871181209345565, -6.691449647982708, 0.0 ], [ 106.871344654832129, -6.69153871593883, 0.0 ], [ 106.871402394005401, -6.691709722925268, 0.0 ], [ 106.871500815810151, -6.691856113668528, 0.0 ], [ 106.871672448724695, -6.691953305200773, 0.0 ], [ 106.871770374103704, -6.691969239388786, 0.0 ], [ 106.871909293279415, -6.692042092568364, 0.0 ], [ 106.872105049608521, -6.69204950118333, 0.0 ], [ 106.872268372787318, -6.692105955225482, 0.0 ], [ 106.872431663590604, -6.692154255114637, 0.0 ], [ 106.872660166933343, -6.692194152637878, 0.0 ], [ 106.87275034105555, -6.69231611419713, 0.0 ], [ 106.872962501918124, -6.692347919620669, 0.0 ], [ 106.87306027171438, -6.692323086640997, 0.0 ], [ 106.873166290092371, -6.692322682845333, 0.0 ], [ 106.87341178702448, -6.692541896191386, 0.0 ], [ 106.873534550779112, -6.692655578591946, 0.0 ], [ 106.873583669051229, -6.69270431375292, 0.0 ], [ 106.87377955128548, -6.692744336281944, 0.0 ], [ 106.87394250124558, -6.692702945884079, 0.0 ], [ 106.874065357630386, -6.692841089844261, 0.0 ], [ 106.874163625650951, -6.692946713419925, 0.0 ], [ 106.874163968292692, -6.693036401008925, 0.0 ], [ 106.874196899667382, -6.693117812137164, 0.0 ], [ 106.87431116662718, -6.693141836626317, 0.0 ], [ 106.87440106106024, -6.693190417103914, 0.0 ], [ 106.874482925446884, -6.693271641173162, 0.0 ], [ 106.8745073321479, -6.693327982799993, 0.0 ], [ 106.874532291931914, -6.693385604162163, 0.0 ], [ 106.874630434946795, -6.693458612025118, 0.0 ], [ 106.874859125348507, -6.693547429969762, 0.0 ], [ 106.874973766426393, -6.693669297100193, 0.0 ], [ 106.875039256856354, -6.693734275816023, 0.0 ], [ 106.875185803182461, -6.693668487710394, 0.0 ], [ 106.875267324027988, -6.693660024190553, 0.0 ], [ 106.875280359701065, -6.693631500393273, 0.0 ], [ 106.875283540603107, -6.693635500577724, 0.0 ], [ 106.875389093132299, -6.69351279258116, 0.0 ] ] ] ] } },
{ "type": "Feature", "properties": { "PROVNO": "32", "KABKOTNO": "01", "KECNO": "100", "DESANO": "004", "PROVINSI": "JAWA BARAT", "KABKOT": "BOGOR", "KECAMATAN": "CIAWI", "ID2013": "3201100004", "DESA": "BOJONG MURNI", "DESA_1": "BOJONG MURNI", "ID2012": "3201100004", "IDKAB2": "3201", "IDKEC_2": "3201100", "WILAYAH": "TENGAH" }, "geometry": { "type": "MultiPolygon", "coordinates": [ [ [ [ 106.893032143218974, -6.696512302300697, 0.0 ], [ 106.893099999765312, -6.696550000082215, 0.0 ], [ 106.89315999983431, -6.696599999690047, 0.0 ], [ 106.893219999903224, -6.69667999978202, 0.0 ], [ 106.893389999648974, -6.696819999942907, 0.0 ], [ 106.893549999832828, -6.696929999619652, 0.0 ], [ 106.893739999601465, -6.697069999780538, 0.0 ], [ 106.893779999647492, -6.697120000287651, 0.0 ], [ 106.893879999762348, -6.697270000010338, 0.0 ], [ 106.894010000361433, -6.697290000033309, 0.0 ], [ 106.894550000082631, -6.697459999779056, 0.0 ], [ 106.894630000174516, -6.697490000263109, 0.0 ], [ 106.895310000056611, -6.697550000332111, 0.0 ], [ 106.895559999894246, -6.697669999570657, 0.0 ], [ 106.895680000032158, -6.697789999708572, 0.0 ], [ 106.895809999731881, -6.697909999846487, 0.0 ], [ 106.895940000330967, -6.698070000030345, 0.0 ], [ 106.896139999661486, -6.698159999684119, 0.0 ], [ 106.896449999568034, -6.698270000260145, 0.0 ], [ 106.896709999866829, -6.698219999753032, 0.0 ], [ 106.896919999658422, -6.698270000260145, 0.0 ], [ 106.896990000188509, -6.698290000283116, 0.0 ], [ 106.897589999978635, -6.698509999636606, 0.0 ], [ 106.897801107735148, -6.698595762584194, 0.0 ], [ 106.897910000346428, -6.698640000235692, 0.0 ], [ 106.898049999607949, -6.698769999935408, 0.0 ], [ 106.89808999965399, -6.698870000050263, 0.0 ], [ 106.898169999745875, -6.69901999977295, 0.0 ], [ 106.898309999906758, -6.699150000372036, 0.0 ], [ 106.898343364754709, -6.699173832406338, 0.0 ], [ 106.898380000436845, -6.699199999979868, 0.0 ], [ 106.898450000067641, -6.6992499995877, 0.0 ], [ 106.898590000228523, -6.699650000047299, 0.0 ], [ 106.898670000320408, -6.699719999678102, 0.0 ], [ 106.898759999974189, -6.699719999678102, 0.0 ], [ 106.898860519897241, -6.699699202855793, 0.0 ], [ 106.899049999857766, -6.6996599996091, 0.0 ], [ 106.899250000087562, -6.699600000439467, 0.0 ], [ 106.899569999555993, -6.699610000001357, 0.0 ], [ 106.899582233933145, -6.699617341167166, 0.0 ], [ 106.89972000017805, -6.699699999655042, 0.0 ], [ 106.899970000015685, -6.699950000392043, 0.0 ], [ 106.900179999807364, -6.700229999814535, 0.0 ], [ 106.90027376402314, -6.700284514018975, 0.0 ], [ 106.900609999851739, -6.700479999652078, 0.0 ], [ 106.900819999643431, -6.700599999789993, 0.0 ], [ 106.901119999988168, -6.700789999558623, 0.0 ], [ 106.901320000217979, -6.700889999673567, 0.0 ], [ 106.901469999940758, -6.70096999976554, 0.0 ], [ 106.901501763995427, -6.701042603832921, 0.0 ], [ 106.901539999571554, -6.701129999949398, 0.0 ], [ 106.901659999709381, -6.701350000202169, 0.0 ], [ 106.901819999893235, -6.701479999901885, 0.0 ], [ 106.902049999707899, -6.701539999970887, 0.0 ], [ 106.902330000029679, -6.701569999555659, 0.0 ], [ 106.902455487830622, -6.701561346278897, 0.0 ], [ 106.902619999913242, -6.701550000431968, 0.0 ], [ 106.902940000280964, -6.701379999786941, 0.0 ], [ 106.903029999934731, -6.701379999786941, 0.0 ], [ 106.903110000026615, -6.701450000317113, 0.0 ], [ 106.903330000279482, -6.701709999716545, 0.0 ], [ 106.903470000440365, -6.70180999983149, 0.0 ], [ 106.903780000346913, -6.70203000008426, 0.0 ], [ 106.903996813402415, -6.70218566013995, 0.0 ], [ 106.904170000345431, -6.702310000406033, 0.0 ], [ 106.904449999767834, -6.702409999621608, 0.0 ], [ 106.904739999651412, -6.702520000197723, 0.0 ], [ 106.90479999972041, -6.702600000289607, 0.0 ], [ 106.904819999743381, -6.702729999989323, 0.0 ], [ 106.904839999766352, -6.70330000019467, 0.0 ], [ 106.904950000342382, -6.703400000309614, 0.0 ], [ 106.905189999718928, -6.703619999663104, 0.0 ], [ 106.905280000271972, -6.703790000308132, 0.0 ], [ 106.905360000363856, -6.704100000214677, 0.0 ], [ 106.905380000386828, -6.704490000213195, 0.0 ], [ 106.905429999994666, -6.704920000257655, 0.0 ], [ 106.905630000224463, -6.705760000323604, 0.0 ], [ 106.905679999832302, -6.705939999631152, 0.0 ], [ 106.905759999924186, -6.706349999652641, 0.0 ], [ 106.905860000039127, -6.706449999767496, 0.0 ], [ 106.906250000037645, -6.70675000011224, 0.0 ], [ 106.906256935609321, -6.706768034217205, 0.0 ], [ 106.906299999645483, -6.706879999811957, 0.0 ], [ 106.906310000106558, -6.707049999557704, 0.0 ], [ 106.906290000083587, -6.707539999671077, 0.0 ], [ 106.906399999760339, -6.707849999577622, 0.0 ], [ 106.90649999987528, -6.70804999980751, 0.0 ], [ 106.906640000036163, -6.708200000429567, 0.0 ], [ 106.906812140168356, -6.708330740271276, 0.0 ], [ 106.907429999594996, -6.708800000219686, 0.0 ], [ 106.907620000262995, -6.708809999781487, 0.0 ], [ 106.907740000400821, -6.70888000031157, 0.0 ], [ 106.907859999639456, -6.709010000011375, 0.0 ], [ 106.90793999973134, -6.709170000195144, 0.0 ], [ 106.908189999568975, -6.709780000446521, 0.0 ], [ 106.908340000191032, -6.710050000307124, 0.0 ], [ 106.908349999752915, -6.710200000029811, 0.0 ], [ 106.908289999683916, -6.710349999752498, 0.0 ], [ 106.908249999637974, -6.710529999959327, 0.0 ], [ 106.908269999660945, -6.710739999751016, 0.0 ], [ 106.90830000014509, -6.710980000026847, 0.0 ], [ 106.908320000168061, -6.711200000279618, 0.0 ], [ 106.908329999729858, -6.711450000117249, 0.0 ], [ 106.908420000282916, -6.71188000016171, 0.0 ], [ 106.908509999936683, -6.712029999884397, 0.0 ], [ 106.908610000051638, -6.712159999584202, 0.0 ], [ 106.908790000258463, -6.712339999790942, 0.0 ], [ 106.909089999703923, -6.712649999697575, 0.0 ], [ 106.909220000302923, -6.712860000388545, 0.0 ], [ 106.909450000117587, -6.713290000433005, 0.0 ], [ 106.909530000209557, -6.713549999832438, 0.0 ], [ 106.909610000301441, -6.713739999601156, 0.0 ], [ 106.909780000047107, -6.713990000338068, 0.0 ], [ 106.910040000345901, -6.714260000198671, 0.0 ], [ 106.910479999952159, -6.714779999896905, 0.0 ], [ 106.912469999990691, -6.714409999921358, 0.0 ], [ 106.912699999805355, -6.714510000036302, 0.0 ], [ 106.913189999918728, -6.714819999942936, 0.0 ], [ 106.91357000035535, -6.715140000310651, 0.0 ], [ 106.91423999977637, -6.716110000076316, 0.0 ], [ 106.914480000052109, -6.716210000191172, 0.0 ], [ 106.914760000373889, -6.716259999799004, 0.0 ], [ 106.915260000049145, -6.716319999867917, 0.0 ], [ 106.916670000320437, -6.715940000330569, 0.0 ], [ 106.917060000318955, -6.715709999616628, 0.0 ], [ 106.918589999828797, -6.715220000402535, 0.0 ], [ 106.918759999574462, -6.714920000057791, 0.0 ], [ 106.918870000150577, -6.714790000358075, 0.0 ], [ 106.919189999618922, -6.714490000013331, 0.0 ], [ 106.919289999733863, -6.714409999921358, 0.0 ], [ 106.919469999940688, -6.714329999829474, 0.0 ], [ 106.91950821932906, -6.714325977161941, 0.0 ], [ 106.91965999970941, -6.714309999806503, 0.0 ], [ 106.919920000008204, -6.714340000290644, 0.0 ], [ 106.92037000007555, -6.714440000405588, 0.0 ], [ 106.920590000328417, -6.714499999575132, 0.0 ], [ 106.920809999681907, -6.714619999713047, 0.0 ], [ 106.921099999565484, -6.714850000426988, 0.0 ], [ 106.921330000279426, -6.71510999982651, 0.0 ], [ 106.921587134438894, -6.715359097644082, 0.0 ], [ 106.921588747822625, -6.715359076959651, 0.0 ], [ 106.921588406979637, -6.715360332413258, 0.0 ], [ 106.921649999747856, -6.715419999733054, 0.0 ], [ 106.921840000415855, -6.715479999801968, 0.0 ], [ 106.922119999838259, -6.715590000377993, 0.0 ], [ 106.922449999767863, -6.715740000100769, 0.0 ], [ 106.922589999928746, -6.715869999800486, 0.0 ], [ 106.92293000031944, -6.716190000168201, 0.0 ], [ 106.923559999694419, -6.716330000329087, 0.0 ], [ 106.923819999993128, -6.716430000444031, 0.0 ], [ 106.924230000014703, -6.716720000327605, 0.0 ], [ 106.924359999714426, -6.716870000050292, 0.0 ], [ 106.924530000359454, -6.717130000349094, 0.0 ], [ 106.924709999666902, -6.717440000255639, 0.0 ], [ 106.925079999642449, -6.717950000391983, 0.0 ], [ 106.925170000195507, -6.718060000068728, 0.0 ], [ 106.925460000079084, -6.718419999583105, 0.0 ], [ 106.925500000125027, -6.718470000090306, 0.0 ], [ 106.926010000261456, -6.719020000272593, 0.0 ], [ 106.926065762724903, -6.719089704026473, 0.0 ], [ 106.926090000353341, -6.719120000387537, 0.0 ], [ 106.926590000028597, -6.719749999762517, 0.0 ], [ 106.92675000021255, -6.719829999854401, 0.0 ], [ 106.927140000210983, -6.719979999577177, 0.0 ], [ 106.927249999887721, -6.720059999669061, 0.0 ], [ 106.927390000048703, -6.720179999806977, 0.0 ], [ 106.927519999748327, -6.720360000013805, 0.0 ], [ 106.927789999609018, -6.720750000012323, 0.0 ], [ 106.928120000437815, -6.720660000358549, 0.0 ], [ 106.928319999768334, -6.720660000358549, 0.0 ], [ 106.928869999950706, -6.720859999689068, 0.0 ], [ 106.929059999719428, -6.720979999826984, 0.0 ], [ 106.92934999960292, -6.721269999710557, 0.0 ], [ 106.929620000362888, -6.721659999709075, 0.0 ], [ 106.929759999624494, -6.721830000354103, 0.0 ], [ 106.929830000154567, -6.72198000007679, 0.0 ], [ 106.930109999576985, -6.722909999796514, 0.0 ], [ 106.930839719377744, -6.723091057606059, 0.0 ], [ 106.931439999756392, -6.723239999726029, 0.0 ], [ 106.932150000122618, -6.723139999611174, 0.0 ], [ 106.935029999834754, -6.722800000119769, 0.0 ], [ 106.935169999995651, -6.722920000257684, 0.0 ], [ 106.935230000064649, -6.722949999842456, 0.0 ], [ 106.93531317836063, -6.723088630335852, 0.0 ], [ 106.935319999718416, -6.723099999565232, 0.0 ], [ 106.935499999925241, -6.7234599999788, 0.0 ], [ 106.935609999601994, -6.723720000277602, 0.0 ], [ 106.935709999716849, -6.723860000438489, 0.0 ], [ 106.935920000407819, -6.724079999791979, 0.0 ], [ 106.93597999957754, -6.724139999860981, 0.0 ], [ 106.936199999830308, -6.724369999675552, 0.0 ], [ 106.936460000129117, -6.724620000412553, 0.0 ], [ 106.936700000404855, -6.724899999834957, 0.0 ], [ 106.936919999758345, -6.725100000064757, 0.0 ], [ 106.937229999664893, -6.725380000386529, 0.0 ], [ 106.93746000037892, -6.725590000178219, 0.0 ], [ 106.937650000147556, -6.725739999900906, 0.0 ], [ 106.937830000354381, -6.725889999623593, 0.0 ], [ 106.938089999753899, -6.726120000337534, 0.0 ], [ 106.938209999891725, -6.726209999991308, 0.0 ], [ 106.938450000167563, -6.726359999714084, 0.0 ], [ 106.938619999913215, -6.726450000267139, 0.0 ], [ 106.938889999773821, -6.726640000035768, 0.0 ], [ 106.939060000418849, -6.726760000173684, 0.0 ], [ 106.939270000210541, -6.726880000311599, 0.0 ], [ 106.939540000071133, -6.727090000103289, 0.0 ], [ 106.93974000030093, -6.727290000333088, 0.0 ], [ 106.939979999677405, -6.727549999732521, 0.0 ], [ 106.940079999792346, -6.727729999939438, 0.0 ], [ 106.940250000437374, -6.727999999799952, 0.0 ], [ 106.940400000160054, -6.728269999660554, 0.0 ], [ 106.940569999905719, -6.728529999959356, 0.0 ], [ 106.940679999582457, -6.728690000143214, 0.0 ], [ 106.940970000365411, -6.729009999611648, 0.0 ], [ 106.944690000143581, -6.731429999694551, 0.0 ], [ 106.946419999883304, -6.733940000330598, 0.0 ], [ 106.946720000228055, -6.734580000166748, 0.0 ], [ 106.946860000388853, -6.734859999589151, 0.0 ], [ 106.946909999996677, -6.734959999704095, 0.0 ], [ 106.947030000134589, -6.735349999702613, 0.0 ], [ 106.947099999765314, -6.735520000347641, 0.0 ], [ 106.947150000272515, -6.735580000416554, 0.0 ], [ 106.947409999671947, -6.735750000162213, 0.0 ], [ 106.947640000385888, -6.735839999815987, 0.0 ], [ 106.947850000177567, -6.735950000392013, 0.0 ], [ 106.947999999900262, -6.736049999607676, 0.0 ], [ 106.948169999645927, -6.736160000183702, 0.0 ], [ 106.948329999829781, -6.736320000367559, 0.0 ], [ 106.948400000359953, -6.736380000436473, 0.0 ], [ 106.948510000036691, -6.736559999744021, 0.0 ], [ 106.948579999667402, -6.736719999927878, 0.0 ], [ 106.948639999736415, -6.736860000088765, 0.0 ], [ 106.948730000289459, -6.737000000249651, 0.0 ], [ 106.948839999966211, -6.737179999557199, 0.0 ], [ 106.948949999642963, -6.737350000202227, 0.0 ], [ 106.949009999711876, -6.737499999924914, 0.0 ], [ 106.949129999849788, -6.737789999808488, 0.0 ], [ 106.949189999918786, -6.738119999738004, 0.0 ], [ 106.9492499999877, -6.738319999967892, 0.0 ], [ 106.949339999641467, -6.738500000174721, 0.0 ], [ 106.94939999971038, -6.738580000266694, 0.0 ], [ 106.949510000286494, -6.738759999574153, 0.0 ], [ 106.949590000378379, -6.738939999780982, 0.0 ], [ 106.949599999940276, -6.739200000079784, 0.0 ], [ 106.949599999940276, -6.739260000148697, 0.0 ], [ 106.94961000040135, -6.73957000005533, 0.0 ], [ 106.949650000447292, -6.739810000331072, 0.0 ], [ 106.949720000078102, -6.740020000122762, 0.0 ], [ 106.94974999966287, -6.740129999799507, 0.0 ], [ 106.949789999708912, -6.740229999914362, 0.0 ], [ 106.949869999800796, -6.740399999660109, 0.0 ], [ 106.949940000330869, -6.740519999798025, 0.0 ], [ 106.950000000399882, -6.740659999958911, 0.0 ], [ 106.950070000030678, -6.740789999658627, 0.0 ], [ 106.950090000053649, -6.741119999588143, 0.0 ], [ 106.951010000211483, -6.743889999623622, 0.0 ], [ 106.951039999796336, -6.744109999876482, 0.0 ], [ 106.951079999842278, -6.744319999668082, 0.0 ], [ 106.951099999865249, -6.744419999783027, 0.0 ], [ 106.95111999988822, -6.744539999920942, 0.0 ], [ 106.951150000372365, -6.74468000008174, 0.0 ], [ 106.951170000395422, -6.744840000265597, 0.0 ], [ 106.951240000026147, -6.745139999711061, 0.0 ], [ 106.951280000072174, -6.745489999663636, 0.0 ], [ 106.951289999633971, -6.745609999801463, 0.0 ], [ 106.951349999702884, -6.745780000446491, 0.0 ], [ 106.951380000187029, -6.745959999754039, 0.0 ], [ 106.951369999725856, -6.74620999959167, 0.0 ], [ 106.951340000141087, -6.746400000259669, 0.0 ], [ 106.951329999679913, -6.746469999890383, 0.0 ], [ 106.951309999656942, -6.746650000097212, 0.0 ], [ 106.951320000118116, -6.746730000189185, 0.0 ], [ 106.951340000141087, -6.746830000304129, 0.0 ], [ 106.951369999725856, -6.747069999680591, 0.0 ], [ 106.95140000021, -6.74726999991039, 0.0 ], [ 106.95148000030197, -6.747499999725051, 0.0 ], [ 106.95146999984081, -6.747679999931879, 0.0 ], [ 106.95140000021, -6.747889999723569, 0.0 ], [ 106.951389999748827, -6.747949999792482, 0.0 ], [ 106.951369999725856, -6.748230000114255, 0.0 ], [ 106.95140000021, -6.748390000298112, 0.0 ], [ 106.951440000255943, -6.748560000043859, 0.0 ], [ 106.951440000255943, -6.748660000158715, 0.0 ], [ 106.951440000255943, -6.748749999812489, 0.0 ], [ 106.951449999817839, -6.748860000388603, 0.0 ], [ 106.951449999817839, -6.748990000088231, 0.0 ], [ 106.951460000278999, -6.749099999764976, 0.0 ], [ 106.951489999863782, -6.749270000410004, 0.0 ], [ 106.951520000347912, -6.749480000201693, 0.0 ], [ 106.95154999993278, -6.749620000362579, 0.0 ], [ 106.951569999955751, -6.749719999578154, 0.0 ], [ 106.951589999978722, -6.74981999969301, 0.0 ], [ 106.951610000001693, -6.749910000246153, 0.0 ], [ 106.951630000024664, -6.749990000338038, 0.0 ], [ 106.951659999609518, -6.750070000430011, 0.0 ], [ 106.951670000070607, -6.750140000060814, 0.0 ], [ 106.95169999965546, -6.750300000244671, 0.0 ], [ 106.951710000116549, -6.750409999921416, 0.0 ], [ 106.95173000013952, -6.750570000105274, 0.0 ], [ 106.951750000162576, -6.750719999827961, 0.0 ], [ 106.951759999724374, -6.750850000427047, 0.0 ], [ 106.95181000023149, -6.751060000218647, 0.0 ], [ 106.951850000277517, -6.751229999964394, 0.0 ], [ 106.951879999862285, -6.751339999641139, 0.0 ], [ 106.951890000323459, -6.751419999733024, 0.0 ], [ 106.951919999908228, -6.751490000263107, 0.0 ], [ 106.951939999931199, -6.751619999962912, 0.0 ], [ 106.951959999954269, -6.7517699996856, 0.0 ], [ 106.951970000415344, -6.751869999800455, 0.0 ], [ 106.951970000415344, -6.751949999892428, 0.0 ], [ 106.951970000415344, -6.752029999984401, 0.0 ], [ 106.951970000415344, -6.752139999661058, 0.0 ], [ 106.951970000415344, -6.75219999973006, 0.0 ], [ 106.951970000415344, -6.752279999821944, 0.0 ], [ 106.951970000415344, -6.752359999913917, 0.0 ], [ 106.951959999954269, -6.752460000028773, 0.0 ], [ 106.951970000415344, -6.752569999705518, 0.0 ], [ 106.951970000415344, -6.752660000258661, 0.0 ], [ 106.951970000415344, -6.752800000419548, 0.0 ], [ 106.952000000000211, -6.753030000234119, 0.0 ], [ 106.951779999747345, -6.753799999769985, 0.0 ], [ 106.951409999771798, -6.754360000413531, 0.0 ], [ 106.950990000188511, -6.754650000297104, 0.0 ], [ 106.950600000189993, -6.755100000364536, 0.0 ], [ 106.950520000098109, -6.755629999624571, 0.0 ], [ 106.950589999728919, -6.755749999762575, 0.0 ], [ 106.950660000258992, -6.755900000384543, 0.0 ], [ 106.950689999843775, -6.756039999646148, 0.0 ], [ 106.950740000350876, -6.756219999852888, 0.0 ], [ 106.950769999935744, -6.75627999992189, 0.0 ], [ 106.950809999981686, -6.756360000013863, 0.0 ], [ 106.950899999635453, -6.756529999759522, 0.0 ], [ 106.950950000142569, -6.756649999897437, 0.0 ], [ 106.950990000188511, -6.756790000058324, 0.0 ], [ 106.951019999773365, -6.75691000019615, 0.0 ], [ 106.951030000234454, -6.756990000288123, 0.0 ], [ 106.951059999819307, -6.757090000403068, 0.0 ], [ 106.951099999865249, -6.757209999641614, 0.0 ], [ 106.951130000349394, -6.757309999756469, 0.0 ], [ 106.951170000395422, -6.757409999871413, 0.0 ], [ 106.951190000418393, -6.757480000401497, 0.0 ], [ 106.951210000441364, -6.7575500000323, 0.0 ], [ 106.951240000026147, -6.757710000216157, 0.0 ], [ 106.951240000026147, -6.757799999869931, 0.0 ], [ 106.951240000026147, -6.75798000007676, 0.0 ], [ 106.951229999564973, -6.758080000191704, 0.0 ], [ 106.951210000441364, -6.75820999989142, 0.0 ], [ 106.951170000395422, -6.758379999637079, 0.0 ], [ 106.951090000303452, -6.758610000351108, 0.0 ], [ 106.951059999819307, -6.758709999566683, 0.0 ], [ 106.951010000211483, -6.758880000211622, 0.0 ], [ 106.950939999681395, -6.759040000395569, 0.0 ], [ 106.950870000050685, -6.759170000095285, 0.0 ], [ 106.950789999958715, -6.759299999795001, 0.0 ], [ 106.950700000304934, -6.759459999978858, 0.0 ], [ 106.950629999774861, -6.759589999678575, 0.0 ], [ 106.95060999975189, -6.759689999793519, 0.0 ], [ 106.950560000144051, -6.759840000415487, 0.0 ], [ 106.950520000098109, -6.760010000161234, 0.0 ], [ 106.950500000075138, -6.760070000230147, 0.0 ], [ 106.949809999731883, -6.760429999744524, 0.0 ], [ 106.949803297984005, -6.760433497207909, 0.0 ], [ 106.948837454884824, -6.760514795021635, 0.0 ], [ 106.94814315937947, -6.76059490213289, 0.0 ], [ 106.947250516598174, -6.760753690030565, 0.0 ], [ 106.946998757686686, -6.760793271891821, 0.0 ], [ 106.946319742562281, -6.761086522824602, 0.0 ], [ 106.945449999218269, -6.761593861867112, 0.0 ], [ 106.944542099438564, -6.76223711365175, 0.0 ], [ 106.943557911968284, -6.763035359094385, 0.0 ], [ 106.942642372447736, -6.763736762841202, 0.0 ], [ 106.941871812634261, -6.764301359020344, 0.0 ], [ 106.941055481825174, -6.764847337434468, 0.0 ], [ 106.939918673108508, -6.76553017197973, 0.0 ], [ 106.93881242695214, -6.766096628856157, 0.0 ], [ 106.938293626949445, -6.766350323108785, 0.0 ], [ 106.937919785070221, -6.766526278164999, 0.0 ], [ 106.937454397602551, -6.766741332146555, 0.0 ], [ 106.937164483154532, -6.766936366320078, 0.0 ], [ 106.936821155272327, -6.76713139869495, 0.0 ], [ 106.936393899958716, -6.767277758861336, 0.0 ], [ 106.936050572076411, -6.767376944190442, 0.0 ], [ 106.935638598043028, -6.767532394704148, 0.0 ], [ 106.935386839131439, -6.767700226184328, 0.0 ], [ 106.935020612711327, -6.768069305254034, 0.0 ], [ 106.934509454248115, -6.768491796858758, 0.0 ], [ 106.934318699948207, -6.768694447390669, 0.0 ], [ 106.934166127265101, -6.768843708769925, 0.0 ], [ 106.933723614053775, -6.769337700074587, 0.0 ], [ 106.933722274963174, -6.76933973973707, 0.0 ], [ 106.933720935872643, -6.769341782097396, 0.0 ], [ 106.933719999678402, -6.76933999964108, 0.0 ], [ 106.933409999771868, -6.768750000312043, 0.0 ], [ 106.933229999565029, -6.76828999978353, 0.0 ], [ 106.933170000395393, -6.767790000108267, 0.0 ], [ 106.933150000372422, -6.767190000318148, 0.0 ], [ 106.93313000034945, -6.766490000412997, 0.0 ], [ 106.933090000303423, -6.765730000439021, 0.0 ], [ 106.933050000257481, -6.765169999795475, 0.0 ], [ 106.932990000188482, -6.764759999773986, 0.0 ], [ 106.932930000119569, -6.764449999867441, 0.0 ], [ 106.932910000096598, -6.764090000353065, 0.0 ], [ 106.93291999965848, -6.763449999617634, 0.0 ], [ 106.93291999965848, -6.762960000403542, 0.0 ], [ 106.932939999681452, -6.762359999714054, 0.0 ], [ 106.93291999965848, -6.761920000107793, 0.0 ], [ 106.932879999612453, -6.761349999902357, 0.0 ], [ 106.932740000350947, -6.760440000205694, 0.0 ], [ 106.932560000144022, -6.759729999839461, 0.0 ], [ 106.932339999891255, -6.758909999796483, 0.0 ], [ 106.932070000030649, -6.758310000006365, 0.0 ], [ 106.931800000170043, -6.757750000262188, 0.0 ], [ 106.931439999756392, -6.757269999710527, 0.0 ], [ 106.931049999757875, -6.756750000012381, 0.0 ], [ 106.930590000128547, -6.756230000314059, 0.0 ], [ 106.930160000084086, -6.755749999762575, 0.0 ], [ 106.929629999924686, -6.755199999580199, 0.0 ], [ 106.928990000088618, -6.754590000228191, 0.0 ], [ 106.928430000344449, -6.754089999653647, 0.0 ], [ 106.927929999769816, -6.753639999586127, 0.0 ], [ 106.927240000325924, -6.753019999773038, 0.0 ], [ 106.926850000327406, -6.752660000258661, 0.0 ], [ 106.926730000189579, -6.752430000444001, 0.0 ], [ 106.926770000235521, -6.752059999569173, 0.0 ], [ 106.926710000166608, -6.7517699996856, 0.0 ], [ 106.926619999613465, -6.751630000423994, 0.0 ], [ 106.926340000191061, -6.75155999989391, 0.0 ], [ 106.925950000192543, -6.751459999778966, 0.0 ], [ 106.925480000102056, -6.751290000033308, 0.0 ], [ 106.92488000031193, -6.751000000149734, 0.0 ], [ 106.923389999948753, -6.750400000359527, 0.0 ], [ 106.922520000297936, -6.749999999899927, 0.0 ], [ 106.924729999689959, -6.748190000068313, 0.0 ], [ 106.925600000239967, -6.74769000039305, 0.0 ], [ 106.926950000442346, -6.746980000026817, 0.0 ], [ 106.928060000368902, -6.746759999773957, 0.0 ], [ 106.927880000162077, -6.746690000143243, 0.0 ], [ 106.927650000347413, -6.746619999613159, 0.0 ], [ 106.927040000096127, -6.746340000190667, 0.0 ], [ 106.926770000235521, -6.746220000052841, 0.0 ], [ 106.92581000003166, -6.745830000054323, 0.0 ], [ 106.925440000056113, -6.745500000124807, 0.0 ], [ 106.924900000334901, -6.745010000011344, 0.0 ], [ 106.923329999879755, -6.743269999810444, 0.0 ], [ 106.922919999858266, -6.742629999974383, 0.0 ], [ 106.92209000025349, -6.741709999816461, 0.0 ], [ 106.9217400003009, -6.741179999657145, 0.0 ], [ 106.921150000072586, -6.740599999889909, 0.0 ], [ 106.920610000351388, -6.739799999869902, 0.0 ], [ 106.919750000262468, -6.738759999574153, 0.0 ], [ 106.91914999957298, -6.738039999646119, 0.0 ], [ 106.918850000127605, -6.737339999741057, 0.0 ], [ 106.918480000152059, -6.736519999698078, 0.0 ], [ 106.918099999715338, -6.735240000025868, 0.0 ], [ 106.917979999577511, -6.734569999705577, 0.0 ], [ 106.917769999785818, -6.733519999847939, 0.0 ], [ 106.917350000202532, -6.732539999621103, 0.0 ], [ 106.917100000364897, -6.731999999899898, 0.0 ], [ 106.916610000251438, -6.730889999973346, 0.0 ], [ 106.916080000092123, -6.730089999953339, 0.0 ], [ 106.915829314071743, -6.730068321795404, 0.0 ], [ 106.915578901445286, -6.729980019162376, 0.0 ], [ 106.915220617837434, -6.729713570724485, 0.0 ], [ 106.914556097985752, -6.728787620651957, 0.0 ], [ 106.913925612077463, -6.728116343294435, 0.0 ], [ 106.914337112168184, -6.727240665324299, 0.0 ], [ 106.914306025303006, -6.726870419833855, 0.0 ], [ 106.914334154297961, -6.726485127786255, 0.0 ], [ 106.913605778084403, -6.725910204692056, 0.0 ], [ 106.913351773565651, -6.725377868993334, 0.0 ], [ 106.912921280692743, -6.725186961808696, 0.0 ], [ 106.912860788694587, -6.724876089559686, 0.0 ], [ 106.912577728879256, -6.724492014294849, 0.0 ], [ 106.91219232981237, -6.724463890695844, 0.0 ], [ 106.911554608858296, -6.724333051029276, 0.0 ], [ 106.911267928372354, -6.724087131415803, 0.0 ], [ 106.911019112941887, -6.723816627035575, 0.0 ], [ 106.911105303067501, -6.723119998688833, 0.0 ], [ 106.911380000087121, -6.722009999661651, 0.0 ], [ 106.911230000364426, -6.721599999640073, 0.0 ], [ 106.91107999974237, -6.721400000309554, 0.0 ], [ 106.910990000088589, -6.721289999733528, 0.0 ], [ 106.910950000042646, -6.721169999595613, 0.0 ], [ 106.910950000042646, -6.720879999712039, 0.0 ], [ 106.910950000042646, -6.720349999552724, 0.0 ], [ 106.910939999581487, -6.720210000291118, 0.0 ], [ 106.910729999789879, -6.719929999969345, 0.0 ], [ 106.910580000067114, -6.719649999647661, 0.0 ], [ 106.910629999674939, -6.719210000041311, 0.0 ], [ 106.91064999969791, -6.719040000295564, 0.0 ], [ 106.910600000090085, -6.718869999650625, 0.0 ], [ 106.910419999883246, -6.718699999904878, 0.0 ], [ 106.910199999630478, -6.718430000044275, 0.0 ], [ 106.909960000254017, -6.718180000206733, 0.0 ], [ 106.909889999723845, -6.718120000137731, 0.0 ], [ 106.909740000001165, -6.718029999584676, 0.0 ], [ 106.909340000440835, -6.717810000231186, 0.0 ], [ 106.909000000050156, -6.717610000001386, 0.0 ], [ 106.908659999659463, -6.717420000232668, 0.0 ], [ 106.908380000236974, -6.717179999956926, 0.0 ], [ 106.908159999984207, -6.716950000142177, 0.0 ], [ 106.907979999777382, -6.716660000258603, 0.0 ], [ 106.907760000423877, -6.716150000122258, 0.0 ], [ 106.907529999709851, -6.715720000077798, 0.0 ], [ 106.90750999968688, -6.715550000332051, 0.0 ], [ 106.907420000033113, -6.715299999595139, 0.0 ], [ 106.90707999964242, -6.714650000197189, 0.0 ], [ 106.906909999896769, -6.714389999898387, 0.0 ], [ 106.906729999689929, -6.714209999691558, 0.0 ], [ 106.906590000428338, -6.714140000060844, 0.0 ], [ 106.90649999987528, -6.714109999576614, 0.0 ], [ 106.906339999691426, -6.7140399999459, 0.0 ], [ 106.9062199995535, -6.713919999807985, 0.0 ], [ 106.906069999830819, -6.713719999578096, 0.0 ], [ 106.905949999692893, -6.713560000293608, 0.0 ], [ 106.905739999901215, -6.71340000010975, 0.0 ], [ 106.905490000063665, -6.713270000410034, 0.0 ], [ 106.905329999879811, -6.71317000029509, 0.0 ], [ 106.905069999581002, -6.712999999650062, 0.0 ], [ 106.904856356635719, -6.712877726026036, 0.0 ], [ 106.904663373815865, -6.712789587069636, 0.0 ], [ 106.904351036571256, -6.712494505117164, 0.0 ], [ 106.90414254404331, -6.712228649332488, 0.0 ], [ 106.903919406055934, -6.712007293801427, 0.0 ], [ 106.903591907141006, -6.71162338221313, 0.0 ], [ 106.90310117677808, -6.711180842921429, 0.0 ], [ 106.902625726796032, -6.710856763228925, 0.0 ], [ 106.902106454649328, -6.710695816058845, 0.0 ], [ 106.901765289636558, -6.710608249970598, 0.0 ], [ 106.901409650934781, -6.7106096304299, 0.0 ], [ 106.901127931109357, -6.710566277711418, 0.0 ], [ 106.90075764694798, -6.710612158424247, 0.0 ], [ 106.900164686151513, -6.710555197164449, 0.0 ], [ 106.900091343740712, -6.710361949943913, 0.0 ], [ 106.900029943427342, -6.710200163706439, 0.0 ], [ 106.900102712969996, -6.709859140786492, 0.0 ], [ 106.900277898206625, -6.709473083415887, 0.0 ], [ 106.900369999576, -6.708920000357601, 0.0 ], [ 106.900349999553029, -6.708720000127713, 0.0 ], [ 106.900349999553029, -6.708499999874942, 0.0 ], [ 106.900330000429335, -6.708080000291563, 0.0 ], [ 106.900239999876277, -6.707960000153737, 0.0 ], [ 106.900079999692423, -6.707840000015821, 0.0 ], [ 106.899949999992629, -6.707829999554651, 0.0 ], [ 106.899620000063109, -6.707790000407989, 0.0 ], [ 106.899370000225559, -6.707759999923937, 0.0 ], [ 106.899109999926765, -6.707719999877995, 0.0 ], [ 106.898659999859234, -6.707579999717019, 0.0 ], [ 106.898519999698436, -6.707510000086305, 0.0 ], [ 106.898389999998727, -6.707479999602164, 0.0 ], [ 106.898180000206949, -6.707289999833446, 0.0 ], [ 106.897970000415341, -6.707209999741472, 0.0 ], [ 106.897469999840808, -6.706859999788986, 0.0 ], [ 106.897400000209998, -6.70675000011224, 0.0 ], [ 106.89715999993426, -6.706210000391035, 0.0 ], [ 106.897169957227916, -6.70587146319729, 0.0 ], [ 106.897170000395334, -6.705870000000349, 0.0 ], [ 106.897249999587942, -6.705760000323604, 0.0 ], [ 106.897369999725868, -6.705549999632634, 0.0 ], [ 106.89742000023297, -6.705379999886887, 0.0 ], [ 106.897480000301883, -6.704929999819456, 0.0 ], [ 106.897503987918839, -6.704850041096346, 0.0 ], [ 106.897509999886751, -6.704829999704511, 0.0 ], [ 106.897560000393867, -6.704700000004795, 0.0 ], [ 106.897710000116632, -6.704289999983395, 0.0 ], [ 106.897730000139603, -6.704120000237648, 0.0 ], [ 106.897730000139603, -6.703679999732017, 0.0 ], [ 106.897650000047634, -6.703520000447529, 0.0 ], [ 106.897540000370896, -6.703409999871415, 0.0 ], [ 106.897010000211566, -6.703169999595584, 0.0 ], [ 106.896899999635451, -6.703050000357038, 0.0 ], [ 106.89664999979783, -6.702709999966352, 0.0 ], [ 106.89623000021453, -6.702150000222176, 0.0 ], [ 106.896020000422851, -6.701869999900403, 0.0 ], [ 106.89587419963479, -6.701490920369526, 0.0 ], [ 106.895869999800794, -6.701479999901885, 0.0 ], [ 106.895729999639997, -6.70139999981, 0.0 ], [ 106.89529000003364, -6.701250000087313, 0.0 ], [ 106.894969644433729, -6.701349158436756, 0.0 ], [ 106.894449999967691, -6.701510000386026, 0.0 ], [ 106.893626371160309, -6.702327389697107, 0.0 ], [ 106.892359732715605, -6.701409677414496, 0.0 ], [ 106.891695800121198, -6.700928639944639, 0.0 ], [ 106.891409294103795, -6.700781310309125, 0.0 ], [ 106.891062983170258, -6.700603225658188, 0.0 ], [ 106.890923718654875, -6.700531611744367, 0.0 ], [ 106.88964788194437, -6.70015133611507, 0.0 ], [ 106.88946070694621, -6.699947527256391, 0.0 ], [ 106.889037775573087, -6.699487013214913, 0.0 ], [ 106.889095336680612, -6.699042344328578, 0.0 ], [ 106.888931712228938, -6.698880008605315, 0.0 ], [ 106.888590611967388, -6.698807246257257, 0.0 ], [ 106.888338705566937, -6.698808214827103, 0.0 ], [ 106.887998632331147, -6.699002115854782, 0.0 ], [ 106.88759729098237, -6.698677731292104, 0.0 ], [ 106.88734455810507, -6.698468807089633, 0.0 ], [ 106.887062134110394, -6.698235338589811, 0.0 ], [ 106.886912586746661, -6.697880356393195, 0.0 ], [ 106.886200410920438, -6.697646052423281, 0.0 ], [ 106.885783856639847, -6.697218018296738, 0.0 ], [ 106.8857414077399, -6.697106154325407, 0.0 ], [ 106.885604219759102, -6.696744628661513, 0.0 ], [ 106.885525495805169, -6.696511497407567, 0.0 ], [ 106.885439345249779, -6.696256368736311, 0.0 ], [ 106.885215995022392, -6.695975741587059, 0.0 ], [ 106.88454776456787, -6.695607932359984, 0.0 ], [ 106.884401738949336, -6.695446015720865, 0.0 ], [ 106.884294779880349, -6.695327417626054, 0.0 ], [ 106.883952488916435, -6.694943541111389, 0.0 ], [ 106.883418588397348, -6.694827068114542, 0.0 ], [ 106.882974788255993, -6.695021363944633, 0.0 ], [ 106.882634543249779, -6.69517081687955, 0.0 ], [ 106.882044087964488, -6.695391622924909, 0.0 ], [ 106.881762013806068, -6.695181796702379, 0.0 ], [ 106.881550796332334, -6.695112304289221, 0.0 ], [ 106.881232823935918, -6.694709283906111, 0.0 ], [ 106.881407874274146, -6.694515283053661, 0.0 ], [ 106.881037973224082, -6.694323367729051, 0.0 ], [ 106.880615067031883, -6.694061352948868, 0.0 ], [ 106.880315953418716, -6.693992195083567, 0.0 ], [ 106.879946725960778, -6.693976031568507, 0.0 ], [ 106.879576219667044, -6.693625938086392, 0.0 ], [ 106.878077933849767, -6.693521411683658, 0.0 ], [ 106.87808054278301, -6.693519479939916, 0.0 ], [ 106.878093309558736, -6.693510028964536, 0.0 ], [ 106.878150417408023, -6.693467751835094, 0.0 ], [ 106.878350000352427, -6.693320000417504, 0.0 ], [ 106.878529999659889, -6.693180000256618, 0.0 ], [ 106.878609999751859, -6.693129999749505, 0.0 ], [ 106.87885999958948, -6.692950000442046, 0.0 ], [ 106.8788643855831, -6.692948977013504, 0.0 ], [ 106.878873230415437, -6.692946913069378, 0.0 ], [ 106.878953155863556, -6.692928263828115, 0.0 ], [ 106.879101633034111, -6.692893619244913, 0.0 ], [ 106.879146575754064, -6.692883132250618, 0.0 ], [ 106.879159999934231, -6.692879999911874, 0.0 ], [ 106.879192630935336, -6.692883158330911, 0.0 ], [ 106.879469999840779, -6.692910000396104, 0.0 ], [ 106.879491099734608, -6.692922527952163, 0.0 ], [ 106.879652733986632, -6.693018498204975, 0.0 ], [ 106.87978230291111, -6.693095429810061, 0.0 ], [ 106.879790000208487, -6.693100000164733, 0.0 ], [ 106.879899999885239, -6.693209999841478, 0.0 ], [ 106.879956274962282, -6.69327353604471, 0.0 ], [ 106.880209999791788, -6.693559999793965, 0.0 ], [ 106.880236089124338, -6.693559999793965, 0.0 ], [ 106.880310162684069, -6.693559999793965, 0.0 ], [ 106.8803299999297, -6.693559999793965, 0.0 ], [ 106.880385041136933, -6.693564233802221, 0.0 ], [ 106.880459999629494, -6.693570000255136, 0.0 ], [ 106.880466079945748, -6.693547706960903, 0.0 ], [ 106.880469816628889, -6.693534003990944, 0.0 ], [ 106.88047485283235, -6.693515539110741, 0.0 ], [ 106.880488223952554, -6.693466512569337, 0.0 ], [ 106.880490000113554, -6.69345999967911, 0.0 ], [ 106.880574244106228, -6.693375755686439, 0.0 ], [ 106.880612572312515, -6.693337428379422, 0.0 ], [ 106.880650000297493, -6.693300000394533, 0.0 ], [ 106.88067579285368, -6.693284953837377, 0.0 ], [ 106.880717516000743, -6.693260616384169, 0.0 ], [ 106.880870851308941, -6.693171169813485, 0.0 ], [ 106.881129999949707, -6.693020000072849, 0.0 ], [ 106.8812021894297, -6.692987915859518, 0.0 ], [ 106.881248794096763, -6.692967202674041, 0.0 ], [ 106.881310000156532, -6.692939999980876, 0.0 ], [ 106.88138565832169, -6.692924867988062, 0.0 ], [ 106.881443589949896, -6.692913282022186, 0.0 ], [ 106.881510000386328, -6.692899999934845, 0.0 ], [ 106.881543188067823, -6.692907658561378, 0.0 ], [ 106.881640000086136, -6.692930000419075, 0.0 ], [ 106.881880000361875, -6.693089999703563, 0.0 ], [ 106.881959999554482, -6.693149999772476, 0.0 ], [ 106.882160129286731, -6.692971312575882, 0.0 ], [ 106.882273857552647, -6.692815755042893, 0.0 ], [ 106.882489872909545, -6.692725857911821, 0.0 ], [ 106.882492219240675, -6.692727409242352, 0.0 ], [ 106.882509999736854, -6.692719999728105, 0.0 ], [ 106.882600000289997, -6.692710000166215, 0.0 ], [ 106.882601812423914, -6.692711359041805, 0.0 ], [ 106.882645252376705, -6.692704998137025, 0.0 ], [ 106.882755111759181, -6.692835779347597, 0.0 ], [ 106.88277815598731, -6.693141829431717, 0.0 ], [ 106.882888518990129, -6.693403810936918, 0.0 ], [ 106.882900812722482, -6.693487555805913, 0.0 ], [ 106.882970000265459, -6.693630000324138, 0.0 ], [ 106.883241740314233, -6.693667055090415, 0.0 ], [ 106.883414629581665, -6.693682101647571, 0.0 ], [ 106.883579999617467, -6.693399999610108, 0.0 ], [ 106.883670000170525, -6.693249999887421, 0.0 ], [ 106.883676331397709, -6.693245647168702, 0.0 ], [ 106.883697005012976, -6.693203909632608, 0.0 ], [ 106.883947583114619, -6.693030255042078, 0.0 ], [ 106.883980000077059, -6.693000000049789, 0.0 ], [ 106.884020000123101, -6.692939999980876, 0.0 ], [ 106.883989257698232, -6.692841625840131, 0.0 ], [ 106.883891666867072, -6.69263462079094, 0.0 ], [ 106.883920000008146, -6.692538866375433, 0.0 ], [ 106.883920000008146, -6.692509999936327, 0.0 ], [ 106.883935356831429, -6.692486963802171, 0.0 ], [ 106.883956443235434, -6.692415703321899, 0.0 ], [ 106.884002009185565, -6.692386986170309, 0.0 ], [ 106.884020000123101, -6.69236000021364, 0.0 ], [ 106.884370000075592, -6.692130000399068, 0.0 ], [ 106.884426881295767, -6.692110497701123, 0.0 ], [ 106.884720000028153, -6.692010000261153, 0.0 ], [ 106.88493154755308, -6.691960639171981, 0.0 ], [ 106.885179138106921, -6.691864339767264, 0.0 ], [ 106.885410000371422, -6.691939999731069, 0.0 ], [ 106.88544214843661, -6.691950103614221, 0.0 ], [ 106.885677734839788, -6.69202414479825, 0.0 ], [ 106.885760000323998, -6.692050000307095, 0.0 ], [ 106.885990131439584, -6.692254560999036, 0.0 ], [ 106.886030000184519, -6.692289999683556, 0.0 ], [ 106.886089171078567, -6.692353115903451, 0.0 ], [ 106.886165528016846, -6.692429097824473, 0.0 ], [ 106.886341253746011, -6.692625227372186, 0.0 ], [ 106.886460460681889, -6.692743497214462, 0.0 ], [ 106.886509999836804, -6.692779999797018, 0.0 ], [ 106.88669999960544, -6.692859999888903, 0.0 ], [ 106.886917538413826, -6.692811164903159, 0.0 ], [ 106.887189999718899, -6.692750000212158, 0.0 ], [ 106.887356490309983, -6.692736126370971, 0.0 ], [ 106.887429999994637, -6.692730000189187, 0.0 ], [ 106.887667066681985, -6.692790343799206, 0.0 ], [ 106.887971956640683, -6.692867952593797, 0.0 ], [ 106.887980000177009, -6.692870000350073, 0.0 ], [ 106.888024256714203, -6.692895290185366, 0.0 ], [ 106.888120000337892, -6.692950000442046, 0.0 ], [ 106.888359999714368, -6.693160000233647, 0.0 ], [ 106.888675507069181, -6.693506541393592, 0.0 ], [ 106.888969999965738, -6.693829999654568, 0.0 ], [ 106.889062166086248, -6.693937527095031, 0.0 ], [ 106.889090000103565, -6.693969999815454, 0.0 ], [ 106.88911958869825, -6.694098217958224, 0.0 ], [ 106.889180533055281, -6.694362311071647, 0.0 ], [ 106.889210000241476, -6.694490000413058, 0.0 ], [ 106.88927000031039, -6.694640000135745, 0.0 ], [ 106.889347979625754, -6.694726645318241, 0.0 ], [ 106.889359999964171, -6.69474000025069, 0.0 ], [ 106.889500000125054, -6.694780000296632, 0.0 ], [ 106.889680000331879, -6.694760000273661, 0.0 ], [ 106.889830000054658, -6.694729999789519, 0.0 ], [ 106.889932092891954, -6.694787426898099, 0.0 ], [ 106.890071832249461, -6.694866030342919, 0.0 ], [ 106.890150000422381, -6.694909999996348, 0.0 ], [ 106.89028000012209, -6.695130000249119, 0.0 ], [ 106.890470422572079, -6.695497714148004, 0.0 ], [ 106.890570000005667, -6.695689999993384, 0.0 ], [ 106.890639999636463, -6.695850000177153, 0.0 ], [ 106.890777892685804, -6.695924250003973, 0.0 ], [ 106.891029999634981, -6.696059999968842, 0.0 ], [ 106.891193705025643, -6.696179631384727, 0.0 ], [ 106.891550000232499, -6.696440000405559, 0.0 ], [ 106.891867827838155, -6.696651885176177, 0.0 ], [ 106.892503589169465, -6.69688745359295, 0.0 ], [ 106.892558814737669, -6.69694224388925, 0.0 ], [ 106.892640000136083, -6.696989999688565, 0.0 ], [ 106.892849999927677, -6.697009999711536, 0.0 ], [ 106.892919999558487, -6.697020000172706, 0.0 ], [ 106.893349999602947, -6.697169999895394, 0.0 ], [ 106.893428508618939, -6.697224614823973, 0.0 ], [ 106.893576805025745, -6.69727692209209, 0.0 ], [ 106.8937116727557, -6.697286031325103, 0.0 ], [ 106.893855682094198, -6.697272315764593, 0.0 ], [ 106.893032143218974, -6.696512302300697, 0.0 ] ] ] ] } },
{ "type": "Feature", "properties": { "PROVNO": "32", "KABKOTNO": "01", "KECNO": "100", "DESANO": "006", "PROVINSI": "JAWA BARAT", "KABKOT": "BOGOR", "KECAMATAN": "CIAWI", "ID2013": "3201100006", "DESA": "BANJAR SARI", "DESA_1": "BANJAR SARI", "ID2012": "3201100006", "IDKAB2": "3201", "IDKEC_2": "3201100", "WILAYAH": "TENGAH" }, "geometry": { "type": "MultiPolygon", "coordinates": [ [ [ [ 106.877252686262608, -6.682984471655864, 0.0 ], [ 106.877556258714577, -6.68320770317278, 0.0 ], [ 106.877797359760464, -6.683472916841495, 0.0 ], [ 106.877913438854279, -6.683801228743604, 0.0 ], [ 106.877916513636393, -6.683838600071148, 0.0 ], [ 106.877935331050864, -6.684067279681063, 0.0 ], [ 106.877800825747698, -6.684380893063615, 0.0 ], [ 106.878126791318593, -6.685000630274676, 0.0 ], [ 106.878524153167263, -6.685181753734817, 0.0 ], [ 106.87870487373111, -6.685267433045485, 0.0 ], [ 106.878895398703889, -6.685357760052426, 0.0 ], [ 106.879115326111545, -6.685544780367128, 0.0 ], [ 106.879319654778413, -6.685747513636677, 0.0 ], [ 106.879412032239657, -6.686702114310918, 0.0 ], [ 106.87955361071073, -6.686873777802429, 0.0 ], [ 106.87973644468137, -6.686914825558556, 0.0 ], [ 106.879706426210731, -6.687254130773326, 0.0 ], [ 106.879545704770663, -6.687536534083662, 0.0 ], [ 106.879453153740172, -6.68790216964922, 0.0 ], [ 106.879238279623095, -6.687841676751773, 0.0 ], [ 106.879123979388311, -6.687809498109711, 0.0 ], [ 106.878694828303864, -6.687642501200255, 0.0 ], [ 106.878632627593859, -6.6876182968468, 0.0 ], [ 106.878131589201658, -6.688617833945756, 0.0 ], [ 106.878041246006859, -6.6887980607817, 0.0 ], [ 106.878037307875616, -6.688808415575789, 0.0 ], [ 106.878036415748184, -6.688807697017509, 0.0 ], [ 106.87802040421839, -6.688839639137925, 0.0 ], [ 106.877656305594172, -6.688563240600889, 0.0 ], [ 106.877168176070697, -6.688192684844321, 0.0 ], [ 106.876828342953843, -6.68804265094737, 0.0 ], [ 106.876798811016513, -6.688022059170553, 0.0 ], [ 106.876687334652985, -6.687944325370179, 0.0 ], [ 106.876678620222307, -6.68793824775177, 0.0 ], [ 106.876493412041512, -6.687809104206579, 0.0 ], [ 106.876268363894013, -6.687648193908871, 0.0 ], [ 106.876103600001358, -6.687480173570961, 0.0 ], [ 106.876019813763577, -6.687416620280686, 0.0 ], [ 106.875909624329921, -6.687198369209248, 0.0 ], [ 106.875844165376108, -6.687052616984559, 0.0 ], [ 106.875804251665016, -6.686982066069316, 0.0 ], [ 106.875793961622236, -6.686970157246765, 0.0 ], [ 106.875612726646153, -6.686805325005576, 0.0 ], [ 106.874861663235308, -6.68635691763745, 0.0 ], [ 106.874593923371066, -6.686110244392154, 0.0 ], [ 106.874491656964523, -6.685945503881765, 0.0 ], [ 106.874389726005205, -6.685805894026622, 0.0 ], [ 106.874327435362972, -6.685737222694534, 0.0 ], [ 106.874249229418581, -6.685673328561084, 0.0 ], [ 106.874153798759025, -6.68563558581349, 0.0 ], [ 106.874040119955765, -6.685607631286974, 0.0 ], [ 106.873924898815133, -6.685579297246615, 0.0 ], [ 106.873772202025705, -6.6855163680858, 0.0 ], [ 106.873716884726605, -6.685450511631643, 0.0 ], [ 106.873628188190452, -6.68541395778778, 0.0 ], [ 106.873477512177629, -6.685179205955407, 0.0 ], [ 106.873474173894195, -6.685174005176044, 0.0 ], [ 106.873427748192242, -6.685082047698145, 0.0 ], [ 106.873421132779228, -6.685073124624843, 0.0 ], [ 106.873418146130703, -6.685063029734852, 0.0 ], [ 106.87329787259894, -6.684824802022806, 0.0 ], [ 106.873274420078573, -6.684409415961614, 0.0 ], [ 106.873185770307231, -6.684103613191041, 0.0 ], [ 106.872971290093105, -6.683897061400081, 0.0 ], [ 106.872798299202344, -6.683736735661707, 0.0 ], [ 106.87245562782519, -6.683419152671579, 0.0 ], [ 106.872234918007223, -6.683845518555689, 0.0 ], [ 106.872214595127573, -6.683943138165152, 0.0 ], [ 106.872201476716953, -6.684107375954476, 0.0 ], [ 106.872290552766955, -6.684500627901482, 0.0 ], [ 106.872269040983582, -6.684504507576818, 0.0 ], [ 106.872269192969014, -6.684505906921903, 0.0 ], [ 106.872148620862319, -6.684538120637598, 0.0 ], [ 106.871921342396234, -6.684576883216433, 0.0 ], [ 106.871985606150986, -6.684829795958116, 0.0 ], [ 106.871976801788151, -6.684845850655332, 0.0 ], [ 106.871978292864043, -6.684849974946285, 0.0 ], [ 106.871877430299335, -6.685053594947323, 0.0 ], [ 106.871795550624299, -6.685238089066416, 0.0 ], [ 106.87178275417098, -6.685268654324741, 0.0 ], [ 106.87172630372612, -6.685403481585208, 0.0 ], [ 106.87156851227715, -6.685670830244508, 0.0 ], [ 106.871474072670438, -6.68589347900074, 0.0 ], [ 106.871468663248379, -6.68614119456036, 0.0 ], [ 106.871522436411539, -6.686187483565345, 0.0 ], [ 106.871902045643054, -6.686514263022705, 0.0 ], [ 106.872192277551704, -6.686687718862974, 0.0 ], [ 106.872298876891804, -6.686687313268749, 0.0 ], [ 106.872386444778797, -6.686708846635749, 0.0 ], [ 106.872518337551412, -6.686883281837854, 0.0 ], [ 106.872546957576247, -6.687014376012481, 0.0 ], [ 106.872518837574461, -6.687014483031852, 0.0 ], [ 106.872537521889257, -6.687112063071101, 0.0 ], [ 106.872578269271884, -6.687267474913874, 0.0 ], [ 106.872575141429806, -6.687308523569371, 0.0 ], [ 106.872568814699207, -6.68739156336974, 0.0 ], [ 106.872566168893769, -6.687426298784462, 0.0 ], [ 106.872516171983946, -6.687642428355236, 0.0 ], [ 106.872468300172102, -6.687801060670253, 0.0 ], [ 106.872429308266135, -6.687930263570632, 0.0 ], [ 106.872353068239661, -6.688182895723873, 0.0 ], [ 106.872195661700573, -6.688551860579786, 0.0 ], [ 106.872183652153964, -6.688570264306062, 0.0 ], [ 106.87203777312493, -6.688793805189821, 0.0 ], [ 106.871971368983637, -6.688902215764472, 0.0 ], [ 106.871977645352217, -6.688904975783796, 0.0 ], [ 106.871948207843701, -6.688940026860593, 0.0 ], [ 106.871905195968125, -6.689010247724561, 0.0 ], [ 106.871816673900582, -6.689118554877229, 0.0 ], [ 106.871677550578653, -6.689284213595439, 0.0 ], [ 106.871690642908987, -6.689385782127957, 0.0 ], [ 106.871767150933437, -6.689579612109267, 0.0 ], [ 106.871784136428928, -6.689622641971162, 0.0 ], [ 106.871793271742234, -6.689645787822709, 0.0 ], [ 106.872035821596043, -6.689949719104096, 0.0 ], [ 106.87228448324251, -6.690190115980901, 0.0 ], [ 106.872397421903685, -6.690290497408338, 0.0 ], [ 106.872406584196654, -6.690298639870154, 0.0 ], [ 106.872590437099163, -6.690462050283266, 0.0 ], [ 106.87272132802704, -6.690616067277535, 0.0 ], [ 106.872864822054098, -6.690784912293637, 0.0 ], [ 106.873062617146218, -6.691012799600884, 0.0 ], [ 106.873065888879864, -6.691018298955189, 0.0 ], [ 106.873143296226345, -6.691148392184445, 0.0 ], [ 106.87316414520933, -6.691183431569883, 0.0 ], [ 106.873209665294013, -6.69125993419847, 0.0 ], [ 106.873452096437262, -6.691532108619782, 0.0 ], [ 106.873675179566035, -6.691728143738676, 0.0 ], [ 106.873921994004974, -6.691948752832513, 0.0 ], [ 106.874382715789864, -6.69236055869268, 0.0 ], [ 106.874593215604605, -6.692588397436463, 0.0 ], [ 106.874727221783999, -6.69274666372738, 0.0 ], [ 106.874873884122621, -6.692892181228984, 0.0 ], [ 106.875113128967897, -6.693180370777299, 0.0 ], [ 106.875389093132299, -6.69351279258116, 0.0 ], [ 106.875283540603107, -6.693635500577724, 0.0 ], [ 106.875280359701065, -6.693631500393273, 0.0 ], [ 106.875267324027988, -6.693660024190553, 0.0 ], [ 106.875185803182461, -6.693668487710394, 0.0 ], [ 106.875039256856354, -6.693734275816023, 0.0 ], [ 106.874973766426393, -6.693669297100193, 0.0 ], [ 106.874859125348507, -6.693547429969762, 0.0 ], [ 106.874630434946795, -6.693458612025118, 0.0 ], [ 106.874532291931914, -6.693385604162163, 0.0 ], [ 106.8745073321479, -6.693327982799993, 0.0 ], [ 106.874482925446884, -6.693271641173162, 0.0 ], [ 106.87440106106024, -6.693190417103914, 0.0 ], [ 106.87431116662718, -6.693141836626317, 0.0 ], [ 106.874196899667382, -6.693117812137164, 0.0 ], [ 106.874163968292692, -6.693036401008925, 0.0 ], [ 106.874163625650951, -6.692946713419925, 0.0 ], [ 106.874065357630386, -6.692841089844261, 0.0 ], [ 106.87394250124558, -6.692702945884079, 0.0 ], [ 106.87377955128548, -6.692744336281944, 0.0 ], [ 106.873583669051229, -6.69270431375292, 0.0 ], [ 106.873534550779112, -6.692655578591946, 0.0 ], [ 106.87341178702448, -6.692541896191386, 0.0 ], [ 106.873166290092371, -6.692322682845333, 0.0 ], [ 106.87306027171438, -6.692323086640997, 0.0 ], [ 106.872962501918124, -6.692347919620669, 0.0 ], [ 106.87275034105555, -6.69231611419713, 0.0 ], [ 106.872660166933343, -6.692194152637878, 0.0 ], [ 106.872431663590604, -6.692154255114637, 0.0 ], [ 106.872268372787318, -6.692105955225482, 0.0 ], [ 106.872105049608521, -6.69204950118333, 0.0 ], [ 106.871909293279415, -6.692042092568364, 0.0 ], [ 106.871770374103704, -6.691969239388786, 0.0 ], [ 106.871672448724695, -6.691953305200773, 0.0 ], [ 106.871500815810151, -6.691856113668528, 0.0 ], [ 106.871402394005401, -6.691709722925268, 0.0 ], [ 106.871344654832129, -6.69153871593883, 0.0 ], [ 106.871181209345565, -6.691449647982708, 0.0 ], [ 106.871107998235672, -6.691498848093183, 0.0 ], [ 106.87104297275512, -6.691556170880411, 0.0 ], [ 106.870937017329624, -6.69157288208261, 0.0 ], [ 106.870822935630159, -6.69159777711549, 0.0 ], [ 106.870717010781618, -6.691622640672126, 0.0 ], [ 106.870595054618235, -6.691720949162274, 0.0 ], [ 106.870530246773626, -6.691835347423183, 0.0 ], [ 106.870416631822224, -6.691982544858401, 0.0 ], [ 106.870212875124224, -6.692015934887277, 0.0 ], [ 106.870138887899515, -6.691861297360848, 0.0 ], [ 106.870211539631086, -6.691665333288324, 0.0 ], [ 106.870242458322963, -6.691481884181396, 0.0 ], [ 106.870228925324767, -6.691457303012029, 0.0 ], [ 106.870244867606743, -6.691351004045423, 0.0 ], [ 106.870285161730962, -6.691199667030858, 0.0 ], [ 106.870301042859026, -6.691077024684802, 0.0 ], [ 106.870255682853667, -6.69097095864263, 0.0 ], [ 106.870169532298263, -6.690885479880784, 0.0 ], [ 106.870067377407764, -6.690889954007986, 0.0 ], [ 106.870014511660514, -6.690959619090933, 0.0 ], [ 106.87000696005336, -6.691123089758602, 0.0 ], [ 106.869960000154009, -6.691239999826006, 0.0 ], [ 106.86973404189267, -6.691361119619845, 0.0 ], [ 106.869562503407025, -6.691390373666675, 0.0 ], [ 106.869378035368229, -6.691243976628094, 0.0 ], [ 106.869258924659817, -6.691089160136467, 0.0 ], [ 106.86922505169494, -6.691047967589494, 0.0 ], [ 106.869131641812004, -6.690934373322523, 0.0 ], [ 106.868980692405245, -6.691004409825521, 0.0 ], [ 106.868878908934704, -6.691106948726535, 0.0 ], [ 106.868711440780515, -6.691132101864863, 0.0 ], [ 106.868523398836018, -6.691120558167043, 0.0 ], [ 106.868115267605702, -6.691039745987339, 0.0 ], [ 106.867958394364535, -6.691070527083056, 0.0 ], [ 106.8678361576128, -6.691095451793529, 0.0 ], [ 106.867583406749006, -6.69111271967612, 0.0 ], [ 106.867424302289891, -6.691106409133365, 0.0 ], [ 106.867208203296073, -6.691097836795592, 0.0 ], [ 106.866979608222451, -6.69103347591399, 0.0 ], [ 106.866930459373378, -6.690976586600019, 0.0 ], [ 106.866954645740506, -6.690903111988824, 0.0 ], [ 106.86697046121796, -6.690772593380281, 0.0 ], [ 106.867026990803154, -6.690625611782455, 0.0 ], [ 106.867026371170283, -6.69046254131306, 0.0 ], [ 106.867001316957356, -6.690307715828272, 0.0 ], [ 106.866862181944327, -6.690177785376274, 0.0 ], [ 106.866772103150211, -6.690080282678803, 0.0 ], [ 106.866551755759033, -6.69004035098121, 0.0 ], [ 106.866437210908714, -6.689942941813189, 0.0 ], [ 106.866404125749938, -6.689820761718615, 0.0 ], [ 106.866330233853418, -6.689690583053789, 0.0 ], [ 106.866174571999082, -6.689503639181495, 0.0 ], [ 106.866010600409084, -6.689275957819021, 0.0 ], [ 106.865862629556887, -6.688966680068056, 0.0 ], [ 106.865818569071934, -6.688938769608335, 0.0 ], [ 106.865568330014554, -6.688780261399732, 0.0 ], [ 106.865522228068556, -6.688757433008998, 0.0 ], [ 106.865300000195035, -6.688859999788956, 0.0 ], [ 106.864879999712372, -6.689030000433984, 0.0 ], [ 106.864689999943749, -6.689049999557675, 0.0 ], [ 106.864486719886344, -6.689188830599893, 0.0 ], [ 106.86450305337334, -6.689160593686285, 0.0 ], [ 106.864487228003355, -6.68916382135313, 0.0 ], [ 106.864372667864558, -6.689187180343961, 0.0 ], [ 106.864281155551097, -6.689141866204054, 0.0 ], [ 106.864163447785074, -6.689070559858337, 0.0 ], [ 106.864110686359268, -6.68892073190607, 0.0 ], [ 106.864025400951647, -6.688797119191516, 0.0 ], [ 106.863953313994443, -6.688712593711035, 0.0 ], [ 106.863855203355087, -6.688647736403777, 0.0 ], [ 106.863776665560863, -6.688582803553391, 0.0 ], [ 106.86389340925362, -6.688399718671914, 0.0 ], [ 106.863860292618597, -6.688269385323711, 0.0 ], [ 106.863866322572903, -6.688138902687992, 0.0 ], [ 106.863755164569298, -6.688074094843479, 0.0 ], [ 106.863532748737597, -6.687918386224414, 0.0 ], [ 106.863532229828678, -6.68778140598695, 0.0 ], [ 106.863492416841723, -6.687605437440816, 0.0 ], [ 106.863511445596913, -6.687461859776835, 0.0 ], [ 106.863517277700424, -6.687279194878784, 0.0 ], [ 106.863557551140303, -6.687124719230244, 0.0 ], [ 106.863581132263576, -6.687139457319926, 0.0 ], [ 106.863667573300035, -6.687083069827651, 0.0 ], [ 106.863656124031039, -6.68707515309567, 0.0 ], [ 106.863947022337371, -6.68670876479748, 0.0 ], [ 106.863286974814244, -6.686074624044505, 0.0 ], [ 106.863155680990076, -6.685861169057574, 0.0 ], [ 106.863020208915628, -6.685790474250854, 0.0 ], [ 106.862831707417484, -6.685763246376588, 0.0 ], [ 106.862622617739831, -6.685680543821917, 0.0 ], [ 106.862386858666767, -6.685446608573944, 0.0 ], [ 106.862605774337155, -6.685367505106079, 0.0 ], [ 106.863007030250358, -6.685198999134325, 0.0 ], [ 106.862838805766415, -6.684881315420235, 0.0 ], [ 106.863000723304907, -6.684912011979662, 0.0 ], [ 106.86313154228705, -6.68500022917712, 0.0 ], [ 106.863277822413721, -6.685036203857599, 0.0 ], [ 106.863392566913575, -6.685014896220345, 0.0 ], [ 106.863533488879582, -6.685014362023036, 0.0 ], [ 106.863546482284519, -6.685013013039978, 0.0 ], [ 106.863690008687101, -6.684998113971599, 0.0 ], [ 106.863656342566372, -6.684867645725081, 0.0 ], [ 106.863731169757827, -6.684841408004374, 0.0 ], [ 106.86378389700937, -6.684982104240547, 0.0 ], [ 106.863882925856544, -6.684945199661065, 0.0 ], [ 106.863997414948969, -6.684856054363255, 0.0 ], [ 106.864028413680458, -6.684772442594014, 0.0 ], [ 106.863887393688429, -6.684746884760742, 0.0 ], [ 106.86373500986295, -6.68467580594351, 0.0 ], [ 106.863646080402447, -6.684634323814844, 0.0 ], [ 106.863761022753195, -6.684455134796465, 0.0 ], [ 106.863784016619292, -6.684469382755633, 0.0 ], [ 106.86388658339925, -6.684532935146716, 0.0 ], [ 106.864101030338475, -6.684652145679806, 0.0 ], [ 106.864304522635805, -6.684635719562628, 0.0 ], [ 106.864398233791619, -6.684572743636998, 0.0 ], [ 106.864528202015094, -6.684436573688703, 0.0 ], [ 106.864763050974219, -6.68443046639279, 0.0 ], [ 106.86498241990293, -6.684471381948622, 0.0 ], [ 106.865039140144404, -6.68428852369626, 0.0 ], [ 106.865362498580609, -6.684224678126185, 0.0 ], [ 106.865487228253158, -6.684083310096547, 0.0 ], [ 106.865632795217508, -6.683931426294123, 0.0 ], [ 106.86564371658443, -6.683918104636657, 0.0 ], [ 106.865830217990307, -6.683690632816344, 0.0 ], [ 106.866050239826876, -6.683903750557487, 0.0 ], [ 106.866093215729535, -6.683808262341309, 0.0 ], [ 106.866205512274746, -6.683558750835541, 0.0 ], [ 106.865970189372874, -6.683439621241352, 0.0 ], [ 106.86589004269149, -6.683398455674041, 0.0 ], [ 106.865828991315098, -6.683367099012241, 0.0 ], [ 106.865750939154722, -6.683430014683225, 0.0 ], [ 106.865621110326146, -6.683602713294459, 0.0 ], [ 106.86542862932798, -6.683770429661386, 0.0 ], [ 106.865308288347066, -6.683692611324812, 0.0 ], [ 106.865322456266526, -6.683594427840447, 0.0 ], [ 106.865328631011693, -6.683551638097498, 0.0 ], [ 106.865223197192947, -6.683275464391016, 0.0 ], [ 106.865265608321323, -6.68325114042764, 0.0 ], [ 106.865488806563349, -6.683123124632342, 0.0 ], [ 106.865618637190579, -6.682950426920478, 0.0 ], [ 106.865830944642553, -6.682506062005036, 0.0 ], [ 106.866231524265629, -6.682160132384087, 0.0 ], [ 106.866151928868589, -6.68181602209156, 0.0 ], [ 106.865973741694958, -6.681623618435086, 0.0 ], [ 106.866014487278932, -6.681357327378592, 0.0 ], [ 106.865977517048947, -6.681242662918443, 0.0 ], [ 106.865992501552896, -6.681065181712622, 0.0 ], [ 106.866438330564648, -6.680265082767214, 0.0 ], [ 106.866652104810953, -6.679652726292176, 0.0 ], [ 106.866742963317265, -6.679392463391345, 0.0 ], [ 106.866710997814494, -6.679382933275537, 0.0 ], [ 106.866068908853208, -6.679191500886841, 0.0 ], [ 106.865405175009045, -6.678959188915226, 0.0 ], [ 106.864563452741336, -6.678586653750909, 0.0 ], [ 106.864209584804698, -6.678417233168634, 0.0 ], [ 106.864102040277103, -6.678365744283479, 0.0 ], [ 106.864087633137984, -6.678358845584089, 0.0 ], [ 106.863700736699798, -6.678182886031205, 0.0 ], [ 106.863608650618914, -6.678144753877149, 0.0 ], [ 106.863475953852358, -6.678089806199452, 0.0 ], [ 106.863183143587349, -6.677950017379288, 0.0 ], [ 106.863015812130214, -6.67786715564457, 0.0 ], [ 106.862722863369669, -6.677690839060837, 0.0 ], [ 106.862414315868165, -6.677530236331144, 0.0 ], [ 106.862173777797807, -6.677411122924806, 0.0 ], [ 106.861938339782768, -6.67726067983633, 0.0 ], [ 106.861760490754207, -6.677156985306478, 0.0 ], [ 106.861540789975663, -6.677027356127443, 0.0 ], [ 106.861657572339254, -6.676784200130594, 0.0 ], [ 106.86178936079061, -6.676509797189247, 0.0 ], [ 106.861962939837923, -6.676350002950162, 0.0 ], [ 106.862091030276986, -6.676232083843416, 0.0 ], [ 106.86226000029896, -6.675860000138769, 0.0 ], [ 106.862605515332433, -6.675264945720496, 0.0 ], [ 106.862619999813333, -6.675240000325591, 0.0 ], [ 106.863069999880764, -6.674509999936387, 0.0 ], [ 106.863091938842075, -6.674463075110673, 0.0 ], [ 106.863171624171258, -6.674532257257706, 0.0 ], [ 106.863383534122974, -6.674665323645659, 0.0 ], [ 106.863420886564825, -6.674665183351394, 0.0 ], [ 106.863912045005051, -6.67466332625132, 0.0 ], [ 106.864172697312341, -6.674641202929035, 0.0 ], [ 106.864687087938975, -6.674632210607836, 0.0 ], [ 106.865025494730986, -6.674673205304007, 0.0 ], [ 106.86508455680702, -6.674716015731388, 0.0 ], [ 106.865153755141904, -6.674766173619808, 0.0 ], [ 106.865124549658361, -6.674778515016246, 0.0 ], [ 106.865273093378704, -6.674925912101006, 0.0 ], [ 106.86547083091429, -6.675037894782889, 0.0 ], [ 106.86563338787073, -6.675164101142208, 0.0 ], [ 106.865775070663148, -6.675360844027569, 0.0 ], [ 106.865808123446328, -6.675393641403318, 0.0 ], [ 106.865874100409599, -6.675459109350204, 0.0 ], [ 106.866072132023461, -6.675648592008745, 0.0 ], [ 106.866234341841576, -6.675683206014984, 0.0 ], [ 106.866509300563948, -6.675717392843197, 0.0 ], [ 106.8667421674173, -6.675801058571853, 0.0 ], [ 106.866820028921381, -6.675892357745941, 0.0 ], [ 106.866881662159102, -6.675938674629958, 0.0 ], [ 106.867053241114405, -6.676067615827677, 0.0 ], [ 106.867243933361024, -6.676179623690572, 0.0 ], [ 106.867554286701122, -6.676255950051893, 0.0 ], [ 106.867731071831656, -6.676417330695052, 0.0 ], [ 106.867816248421349, -6.67657905757725, 0.0 ], [ 106.867964605981982, -6.676677134941613, 0.0 ], [ 106.868098602268844, -6.676704809778968, 0.0 ], [ 106.868116575219972, -6.676738639576421, 0.0 ], [ 106.86816957766402, -6.67683840766621, 0.0 ], [ 106.868177132868567, -6.676972246571768, 0.0 ], [ 106.868275921596691, -6.677007100696954, 0.0 ], [ 106.868480600999106, -6.677090873444893, 0.0 ], [ 106.868530436031023, -6.677224551371843, 0.0 ], [ 106.868693208824666, -6.677407120941705, 0.0 ], [ 106.868841379326312, -6.677455878585761, 0.0 ], [ 106.8690740582214, -6.67749022459402, 0.0 ], [ 106.869271823635927, -6.677609249866769, 0.0 ], [ 106.869625074637625, -6.677847462290423, 0.0 ], [ 106.869851029301756, -6.67796638144317, 0.0 ], [ 106.870087711978499, -6.678100414602319, 0.0 ], [ 106.87009820257019, -6.678106356423044, 0.0 ], [ 106.870197287175245, -6.678218709625607, 0.0 ], [ 106.870268264369059, -6.67835230841213, 0.0 ], [ 106.870486957007628, -6.678414888636066, 0.0 ], [ 106.87072681698919, -6.67848443500846, 0.0 ], [ 106.871009225695389, -6.678624275090019, 0.0 ], [ 106.871313123701896, -6.678855626585758, 0.0 ], [ 106.871433348670266, -6.678967900647894, 0.0 ], [ 106.871540123378196, -6.679249320999183, 0.0 ], [ 106.871787806562196, -6.679523160065628, 0.0 ], [ 106.872041868637481, -6.679620833634416, 0.0 ], [ 106.872246793554879, -6.679745489562574, 0.0 ], [ 106.872247762124715, -6.679761958847177, 0.0 ], [ 106.872345793623637, -6.679859231318321, 0.0 ], [ 106.872579064272571, -6.680048576380528, 0.0 ], [ 106.87269963817792, -6.680252441896553, 0.0 ], [ 106.872834145279739, -6.680413979921109, 0.0 ], [ 106.873003805081765, -6.680554248079975, 0.0 ], [ 106.873159157569262, -6.680638204289515, 0.0 ], [ 106.873343074323614, -6.680820692021108, 0.0 ], [ 106.873469857148308, -6.680946490088271, 0.0 ], [ 106.873569430984588, -6.681045291406953, 0.0 ], [ 106.873836274224885, -6.681098680559518, 0.0 ], [ 106.873914996380179, -6.681114432185122, 0.0 ], [ 106.874270661162242, -6.681060236340688, 0.0 ], [ 106.874411791770953, -6.681110428403372, 0.0 ], [ 106.874446067632135, -6.681228664071472, 0.0 ], [ 106.874570692983241, -6.681386012154569, 0.0 ], [ 106.874734954155002, -6.681588301159049, 0.0 ], [ 106.874859258448183, -6.681661102177952, 0.0 ], [ 106.875028425421675, -6.681671731265251, 0.0 ], [ 106.875236798339799, -6.68161457215465, 0.0 ], [ 106.875383307793612, -6.681597104622519, 0.0 ], [ 106.875541437387568, -6.681669777038426, 0.0 ], [ 106.875766722056795, -6.681612554075969, 0.0 ], [ 106.875941076319819, -6.68150479640909, 0.0 ], [ 106.876070760357464, -6.681509937833177, 0.0 ], [ 106.876223080331073, -6.681537539825424, 0.0 ], [ 106.876291008823145, -6.681610555782349, 0.0 ], [ 106.87643777728178, -6.68166072536204, 0.0 ], [ 106.876691571359089, -6.681687939746475, 0.0 ], [ 106.876849764804987, -6.681777521215473, 0.0 ], [ 106.87701169403465, -6.681823891159446, 0.0 ], [ 106.877076091788368, -6.681842331758006, 0.0 ], [ 106.877212071080365, -6.681914870174968, 0.0 ], [ 106.877337650612304, -6.681997883895043, 0.0 ], [ 106.877359224448796, -6.682180443572463, 0.0 ], [ 106.877318147015075, -6.682358022804316, 0.0 ], [ 106.877250934383341, -6.68252526612795, 0.0 ], [ 106.877157484930109, -6.682656080613505, 0.0 ], [ 106.877089992609214, -6.68275026841, 0.0 ], [ 106.877095590889013, -6.682849395283199, 0.0 ], [ 106.877156364374898, -6.682922678338823, 0.0 ], [ 106.877252686262608, -6.682984471655864, 0.0 ] ] ] ] } },
{ "type": "Feature", "properties": { "PROVNO": "32", "KABKOTNO": "01", "KECNO": "100", "DESANO": "007", "PROVINSI": "JAWA BARAT", "KABKOT": "BOGOR", "KECAMATAN": "CIAWI", "ID2013": "3201100007", "DESA": "BANJAR WANGI", "DESA_1": "BANJAR WANGI", "ID2012": "3201100007", "IDKAB2": "3201", "IDKEC_2": "3201100", "WILAYAH": "TENGAH" }, "geometry": { "type": "MultiPolygon", "coordinates": [ [ [ [ 106.861540789975663, -6.677027356127443, 0.0 ], [ 106.861760490754207, -6.677156985306478, 0.0 ], [ 106.861938339782768, -6.67726067983633, 0.0 ], [ 106.862173777797807, -6.677411122924806, 0.0 ], [ 106.862414315868165, -6.677530236331144, 0.0 ], [ 106.862722863369669, -6.677690839060837, 0.0 ], [ 106.863015812130214, -6.67786715564457, 0.0 ], [ 106.863183143587349, -6.677950017379288, 0.0 ], [ 106.863475953852358, -6.678089806199452, 0.0 ], [ 106.863608650618914, -6.678144753877149, 0.0 ], [ 106.863700736699798, -6.678182886031205, 0.0 ], [ 106.864087633137984, -6.678358845584089, 0.0 ], [ 106.864102040277103, -6.678365744283479, 0.0 ], [ 106.864209584804698, -6.678417233168634, 0.0 ], [ 106.864563452741336, -6.678586653750909, 0.0 ], [ 106.865405175009045, -6.678959188915226, 0.0 ], [ 106.866068908853208, -6.679191500886841, 0.0 ], [ 106.866710997814494, -6.679382933275537, 0.0 ], [ 106.866742963317265, -6.679392463391345, 0.0 ], [ 106.866652104810953, -6.679652726292176, 0.0 ], [ 106.866438330564648, -6.680265082767214, 0.0 ], [ 106.865992501552896, -6.681065181712622, 0.0 ], [ 106.865977517048947, -6.681242662918443, 0.0 ], [ 106.866014487278932, -6.681357327378592, 0.0 ], [ 106.865973741694958, -6.681623618435086, 0.0 ], [ 106.866151928868589, -6.68181602209156, 0.0 ], [ 106.866231524265629, -6.682160132384087, 0.0 ], [ 106.865830944642553, -6.682506062005036, 0.0 ], [ 106.865618637190579, -6.682950426920478, 0.0 ], [ 106.865488806563349, -6.683123124632342, 0.0 ], [ 106.865265608321323, -6.68325114042764, 0.0 ], [ 106.865223197192947, -6.683275464391016, 0.0 ], [ 106.865328631011693, -6.683551638097498, 0.0 ], [ 106.865322456266526, -6.683594427840447, 0.0 ], [ 106.865308288347066, -6.683692611324812, 0.0 ], [ 106.86542862932798, -6.683770429661386, 0.0 ], [ 106.865621110326146, -6.683602713294459, 0.0 ], [ 106.865750939154722, -6.683430014683225, 0.0 ], [ 106.865828991315098, -6.683367099012241, 0.0 ], [ 106.86589004269149, -6.683398455674041, 0.0 ], [ 106.865970189372874, -6.683439621241352, 0.0 ], [ 106.866205512274746, -6.683558750835541, 0.0 ], [ 106.866093215729535, -6.683808262341309, 0.0 ], [ 106.866050239826876, -6.683903750557487, 0.0 ], [ 106.865830217990307, -6.683690632816344, 0.0 ], [ 106.86564371658443, -6.683918104636657, 0.0 ], [ 106.865632795217508, -6.683931426294123, 0.0 ], [ 106.865487228253158, -6.684083310096547, 0.0 ], [ 106.865362498580609, -6.684224678126185, 0.0 ], [ 106.865039140144404, -6.68428852369626, 0.0 ], [ 106.86498241990293, -6.684471381948622, 0.0 ], [ 106.864763050974219, -6.68443046639279, 0.0 ], [ 106.864528202015094, -6.684436573688703, 0.0 ], [ 106.864398233791619, -6.684572743636998, 0.0 ], [ 106.864304522635805, -6.684635719562628, 0.0 ], [ 106.864101030338475, -6.684652145679806, 0.0 ], [ 106.86388658339925, -6.684532935146716, 0.0 ], [ 106.863784016619292, -6.684469382755633, 0.0 ], [ 106.863761022753195, -6.684455134796465, 0.0 ], [ 106.863646080402447, -6.684634323814844, 0.0 ], [ 106.86373500986295, -6.68467580594351, 0.0 ], [ 106.863887393688429, -6.684746884760742, 0.0 ], [ 106.864028413680458, -6.684772442594014, 0.0 ], [ 106.863997414948969, -6.684856054363255, 0.0 ], [ 106.863882925856544, -6.684945199661065, 0.0 ], [ 106.86378389700937, -6.684982104240547, 0.0 ], [ 106.863731169757827, -6.684841408004374, 0.0 ], [ 106.863656342566372, -6.684867645725081, 0.0 ], [ 106.863690008687101, -6.684998113971599, 0.0 ], [ 106.863546482284519, -6.685013013039978, 0.0 ], [ 106.863533488879582, -6.685014362023036, 0.0 ], [ 106.863392566913575, -6.685014896220345, 0.0 ], [ 106.863277822413721, -6.685036203857599, 0.0 ], [ 106.86313154228705, -6.68500022917712, 0.0 ], [ 106.863000723304907, -6.684912011979662, 0.0 ], [ 106.862838805766415, -6.684881315420235, 0.0 ], [ 106.863007030250358, -6.685198999134325, 0.0 ], [ 106.862605774337155, -6.685367505106079, 0.0 ], [ 106.862386858666767, -6.685446608573944, 0.0 ], [ 106.862622617739831, -6.685680543821917, 0.0 ], [ 106.862831707417484, -6.685763246376588, 0.0 ], [ 106.863020208915628, -6.685790474250854, 0.0 ], [ 106.863155680990076, -6.685861169057574, 0.0 ], [ 106.863286974814244, -6.686074624044505, 0.0 ], [ 106.863947022337371, -6.68670876479748, 0.0 ], [ 106.863656124031039, -6.68707515309567, 0.0 ], [ 106.863667573300035, -6.687083069827651, 0.0 ], [ 106.863581132263576, -6.687139457319926, 0.0 ], [ 106.863557551140303, -6.687124719230244, 0.0 ], [ 106.863517277700424, -6.687279194878784, 0.0 ], [ 106.863511445596913, -6.687461859776835, 0.0 ], [ 106.863492416841723, -6.687605437440816, 0.0 ], [ 106.863532229828678, -6.68778140598695, 0.0 ], [ 106.863532748737597, -6.687918386224414, 0.0 ], [ 106.863755164569298, -6.688074094843479, 0.0 ], [ 106.863866322572903, -6.688138902687992, 0.0 ], [ 106.863860292618597, -6.688269385323711, 0.0 ], [ 106.86389340925362, -6.688399718671914, 0.0 ], [ 106.863776665560863, -6.688582803553391, 0.0 ], [ 106.863855203355087, -6.688647736403777, 0.0 ], [ 106.863953313994443, -6.688712593711035, 0.0 ], [ 106.864025400951647, -6.688797119191516, 0.0 ], [ 106.864110686359268, -6.68892073190607, 0.0 ], [ 106.864163447785074, -6.689070559858337, 0.0 ], [ 106.864281155551097, -6.689141866204054, 0.0 ], [ 106.864372667864558, -6.689187180343961, 0.0 ], [ 106.864487228003355, -6.68916382135313, 0.0 ], [ 106.86450305337334, -6.689160593686285, 0.0 ], [ 106.864486719886344, -6.689188830599893, 0.0 ], [ 106.864457679878157, -6.689239040649078, 0.0 ], [ 106.864360039584355, -6.689298118013589, 0.0 ], [ 106.864098800019804, -6.689227355757712, 0.0 ], [ 106.863895930952651, -6.689065050611411, 0.0 ], [ 106.863790852366108, -6.688882805696785, 0.0 ], [ 106.863705295363289, -6.688687442371446, 0.0 ], [ 106.863581038734125, -6.688609636625245, 0.0 ], [ 106.863385065668439, -6.688545149838667, 0.0 ], [ 106.863104327902604, -6.688494029675542, 0.0 ], [ 106.863070088913631, -6.688490357743628, 0.0 ], [ 106.862990326242681, -6.688481801593706, 0.0 ], [ 106.862928101251029, -6.688475127724782, 0.0 ], [ 106.862803621590047, -6.68833861783277, 0.0 ], [ 106.862705117047739, -6.688169394202017, 0.0 ], [ 106.862763117923762, -6.687980007770946, 0.0 ], [ 106.863063156039971, -6.687959302679527, 0.0 ], [ 106.863179504031038, -6.687671852373924, 0.0 ], [ 106.863163346811206, -6.687486494006336, 0.0 ], [ 106.86298999978888, -6.68745000041703, 0.0 ], [ 106.862968360301778, -6.68745000041703, 0.0 ], [ 106.862904968889396, -6.687535909954114, 0.0 ], [ 106.862696417905539, -6.687595406402771, 0.0 ], [ 106.862448416361445, -6.6876183004441, 0.0 ], [ 106.862430000044611, -6.687620000162688, 0.0 ], [ 106.862269999860757, -6.687629999724578, 0.0 ], [ 106.862239253838666, -6.687614626713447, 0.0 ], [ 106.862114765184444, -6.687763943850769, 0.0 ], [ 106.861829671102583, -6.687854714223498, 0.0 ], [ 106.861609140249811, -6.687765856708818, 0.0 ], [ 106.861477976827373, -6.687586971661243, 0.0 ], [ 106.86141193331423, -6.687375226285521, 0.0 ], [ 106.861411438687128, -6.687244767931535, 0.0 ], [ 106.861484620119342, -6.687187414567344, 0.0 ], [ 106.861500559703217, -6.68708951077214, 0.0 ], [ 106.861100183326982, -6.686887183096903, 0.0 ], [ 106.860806131997563, -6.686765988659218, 0.0 ], [ 106.86047161387404, -6.686726485938479, 0.0 ], [ 106.859932783271518, -6.686573602989156, 0.0 ], [ 106.859681402075211, -6.686525307596671, 0.0 ], [ 106.859516558142843, -6.686493638870186, 0.0 ], [ 106.859325447711356, -6.686519027630879, 0.0 ], [ 106.859263870231615, -6.686527208763451, 0.0 ], [ 106.859076731206358, -6.686642068376649, 0.0 ], [ 106.858922459703948, -6.686822032610564, 0.0 ], [ 106.858899634011053, -6.686850782137679, 0.0 ], [ 106.8587925931039, -6.686985597706965, 0.0 ], [ 106.858707668324428, -6.686978844697791, 0.0 ], [ 106.858596805298461, -6.686970030442421, 0.0 ], [ 106.858393017124214, -6.686995260922437, 0.0 ], [ 106.858303308850779, -6.686995599966785, 0.0 ], [ 106.858156976563436, -6.687118458150145, 0.0 ], [ 106.858019231002871, -6.687355436703815, 0.0 ], [ 106.85788945613362, -6.687543461561365, 0.0 ], [ 106.857783837953903, -6.687649860352654, 0.0 ], [ 106.857735676560452, -6.687853885048547, 0.0 ], [ 106.857630398324375, -6.688049972328205, 0.0 ], [ 106.857573026973768, -6.688113272909071, 0.0 ], [ 106.857560000293944, -6.688179999906954, 0.0 ], [ 106.857476333666099, -6.688327468937363, 0.0 ], [ 106.857232422238681, -6.688427895330964, 0.0 ], [ 106.856883591404781, -6.688298045817955, 0.0 ], [ 106.856530167733212, -6.688150120831295, 0.0 ], [ 106.856344230202239, -6.688028701563145, 0.0 ], [ 106.8560766917861, -6.687862361158849, 0.0 ], [ 106.855722793272491, -6.687794519900994, 0.0 ], [ 106.855728282734177, -6.687543466057946, 0.0 ], [ 106.855767798045648, -6.68720901358494, 0.0 ], [ 106.855807835863146, -6.687013173618919, 0.0 ], [ 106.85574197761035, -6.68685034686586, 0.0 ], [ 106.855765829429714, -6.686687182867015, 0.0 ], [ 106.855822207928739, -6.686499434101414, 0.0 ], [ 106.855829779321056, -6.686344485409492, 0.0 ], [ 106.855894497233407, -6.686205627387611, 0.0 ], [ 106.855934780565903, -6.686075015249529, 0.0 ], [ 106.855910222778718, -6.686050647219446, 0.0 ], [ 106.855763397662827, -6.68604304704882, 0.0 ], [ 106.855738471153714, -6.685920834578631, 0.0 ], [ 106.855721914634799, -6.685855667005249, 0.0 ], [ 106.855713328807283, -6.68574154843359, 0.0 ], [ 106.855721176291368, -6.685659980823324, 0.0 ], [ 106.85558226071295, -6.685587121348426, 0.0 ], [ 106.855546732995464, -6.68556952791123, 0.0 ], [ 106.855504933406081, -6.685548828215673, 0.0 ], [ 106.855467872344576, -6.685530475750703, 0.0 ], [ 106.855410632294991, -6.68548992262167, 0.0 ], [ 106.855410262673672, -6.685392079980392, 0.0 ], [ 106.855081870731937, -6.684814403162012, 0.0 ], [ 106.855195767171068, -6.684740590405749, 0.0 ], [ 106.855268855973094, -6.684658777280585, 0.0 ], [ 106.855342068881555, -6.684609578069391, 0.0 ], [ 106.855382414267154, -6.684495274237392, 0.0 ], [ 106.855414574023527, -6.68437284682927, 0.0 ], [ 106.855340961816083, -6.68431604834673, 0.0 ], [ 106.855324405297267, -6.684250879874067, 0.0 ], [ 106.855348471155196, -6.684144791348903, 0.0 ], [ 106.855389092632748, -6.68410386859847, 0.0 ], [ 106.855503019648836, -6.684038209995204, 0.0 ], [ 106.855592420354071, -6.683956335716204, 0.0 ], [ 106.855633011254668, -6.683907259712143, 0.0 ], [ 106.855706130633578, -6.683833600739977, 0.0 ], [ 106.855730442905781, -6.683792740942032, 0.0 ], [ 106.855842793410403, -6.683579301243583, 0.0 ], [ 106.855890986280102, -6.683383428901948, 0.0 ], [ 106.855898741134197, -6.68327740063134, 0.0 ], [ 106.855914713093682, -6.683187650089764, 0.0 ], [ 106.85579213999543, -6.683122881815375, 0.0 ], [ 106.855693907947696, -6.683025407896039, 0.0 ], [ 106.855677352328158, -6.682960240322657, 0.0 ], [ 106.855717882074742, -6.682894857811252, 0.0 ], [ 106.855766690080912, -6.682862058636942, 0.0 ], [ 106.855839964143186, -6.682829167731743, 0.0 ], [ 106.855896834571382, -6.682771877320128, 0.0 ], [ 106.855986326108223, -6.68271446370138, 0.0 ], [ 106.855945182124628, -6.682616773944829, 0.0 ], [ 106.855944719873065, -6.68249446974384, 0.0 ], [ 106.855773338768728, -6.682462500643762, 0.0 ], [ 106.855772960154169, -6.682361951043028, 0.0 ], [ 106.855772938570453, -6.682356503849398, 0.0 ], [ 106.855788911429315, -6.682266752408541, 0.0 ], [ 106.855780295024744, -6.682144478784515, 0.0 ], [ 106.855796419869051, -6.682095496309994, 0.0 ], [ 106.855828734308801, -6.682013836968839, 0.0 ], [ 106.855803960684398, -6.681932392565706, 0.0 ], [ 106.855771185791724, -6.681891746806503, 0.0 ], [ 106.8557219479097, -6.68181039593291, 0.0 ], [ 106.855689050709344, -6.681737136259649, 0.0 ], [ 106.855664247407276, -6.681647538602888, 0.0 ], [ 106.85568015821292, -6.681541479755317, 0.0 ], [ 106.855712379123219, -6.681435359753909, 0.0 ], [ 106.855670987825988, -6.681272441269961, 0.0 ], [ 106.855629996727117, -6.681215519580377, 0.0 ], [ 106.85557266494672, -6.681150505791003, 0.0 ], [ 106.855564447841147, -6.681134228961341, 0.0 ], [ 106.855572142440593, -6.681011894183388, 0.0 ], [ 106.855596115668362, -6.680881344098601, 0.0 ], [ 106.855620304733506, -6.680807868588126, 0.0 ], [ 106.855652710004776, -6.680750670806681, 0.0 ], [ 106.855644248283582, -6.680669166148991, 0.0 ], [ 106.855611442813952, -6.680620367136072, 0.0 ], [ 106.85561092030791, -6.680481754629088, 0.0 ], [ 106.855667760159136, -6.680416310963846, 0.0 ], [ 106.855659266961794, -6.68032665215307, 0.0 ], [ 106.855650896971497, -6.680269607256442, 0.0 ], [ 106.855666838354111, -6.680171702561868, 0.0 ], [ 106.855796643800232, -6.679991830958034, 0.0 ], [ 106.855563465781472, -6.679477318923013, 0.0 ], [ 106.855228785779985, -6.678738837926836, 0.0 ], [ 106.854952880071565, -6.67813004276713, 0.0 ], [ 106.854868404053747, -6.677943643883868, 0.0 ], [ 106.854680652590218, -6.677895427631722, 0.0 ], [ 106.854476037938952, -6.677700508571451, 0.0 ], [ 106.854661452963882, -6.677527558150089, 0.0 ], [ 106.854657933916684, -6.677523626314166, 0.0 ], [ 106.855450944405703, -6.676679364361018, 0.0 ], [ 106.855481968318387, -6.676640623365895, 0.0 ], [ 106.855759151963483, -6.676294497692794, 0.0 ], [ 106.855885531891971, -6.676138411358448, 0.0 ], [ 106.856254475164079, -6.675696146359869, 0.0 ], [ 106.857036469857348, -6.675456741435273, 0.0 ], [ 106.857098833344693, -6.675425566436601, 0.0 ], [ 106.857270000410367, -6.675340000440446, 0.0 ], [ 106.857891428346946, -6.675102907672894, 0.0 ], [ 106.858038002551979, -6.675045280015492, 0.0 ], [ 106.858200519938208, -6.674889745864867, 0.0 ], [ 106.858227544565722, -6.67490513326511, 0.0 ], [ 106.859352871637867, -6.675545850760258, 0.0 ], [ 106.860241355054654, -6.676179058916301, 0.0 ], [ 106.860456789449515, -6.676332594773307, 0.0 ], [ 106.861263999334227, -6.676835651244186, 0.0 ], [ 106.861266080365482, -6.676843222636499, 0.0 ], [ 106.861373224694717, -6.676915039797073, 0.0 ], [ 106.861540789975663, -6.677027356127443, 0.0 ] ] ] ] } },
{ "type": "Feature", "properties": { "PROVNO": "32", "KABKOTNO": "01", "KECNO": "100", "DESANO": "008", "PROVINSI": "JAWA BARAT", "KABKOT": "BOGOR", "KECAMATAN": "CIAWI", "ID2013": "3201100008", "DESA": "BITUNG SARI", "DESA_1": "BITUNG SARI", "ID2012": "3201100008", "IDKAB2": "3201", "IDKEC_2": "3201100", "WILAYAH": "TENGAH" }, "geometry": { "type": "MultiPolygon", "coordinates": [ [ [ [ 106.845171741982497, -6.689749754847121, 0.0 ], [ 106.845103674994803, -6.689740871343943, 0.0 ], [ 106.844937875982339, -6.689703271588545, 0.0 ], [ 106.844721153758428, -6.68967860498352, 0.0 ], [ 106.844517222591989, -6.689666629611093, 0.0 ], [ 106.844274920051731, -6.689616576943305, 0.0 ], [ 106.844133131139216, -6.689587287822931, 0.0 ], [ 106.844032616612111, -6.689566525174797, 0.0 ], [ 106.843815846724112, -6.68952911697497, 0.0 ], [ 106.843611628673912, -6.68944070012806, 0.0 ], [ 106.843496945327985, -6.689441130004017, 0.0 ], [ 106.843306090304026, -6.689518287338938, 0.0 ], [ 106.843089511971598, -6.689531839222909, 0.0 ], [ 106.842974157731391, -6.689353906557329, 0.0 ], [ 106.842667329733715, -6.689087511179572, 0.0 ], [ 106.842348618993782, -6.689050484292238, 0.0 ], [ 106.842183249857271, -6.689127545399778, 0.0 ], [ 106.84201740318079, -6.689077204948859, 0.0 ], [ 106.841774813756857, -6.688950710806498, 0.0 ], [ 106.841621518918174, -6.688849361708495, 0.0 ], [ 106.841556708375549, -6.688556578423146, 0.0 ], [ 106.841390432722477, -6.688391576210098, 0.0 ], [ 106.841122788186254, -6.688379838258776, 0.0 ], [ 106.841033827249504, -6.688443871787122, 0.0 ], [ 106.840881057614865, -6.688482664942832, 0.0 ], [ 106.840766038821812, -6.688393912648785, 0.0 ], [ 106.840714209993024, -6.688164781579289, 0.0 ], [ 106.840630013664352, -6.688099813655271, 0.0 ], [ 106.840448572743668, -6.687959808098523, 0.0 ], [ 106.840369155412375, -6.687898525596339, 0.0 ], [ 106.840177586326718, -6.687784579694469, 0.0 ], [ 106.840024864356181, -6.68783611264633, 0.0 ], [ 106.840012645267592, -6.687976301664857, 0.0 ], [ 106.840051350289713, -6.688103560230942, 0.0 ], [ 106.840013647112329, -6.68824384457757, 0.0 ], [ 106.839873952720907, -6.688371771339998, 0.0 ], [ 106.83968257429153, -6.688308784622556, 0.0 ], [ 106.839553859723026, -6.687965276875865, 0.0 ], [ 106.839591087159178, -6.687697590970956, 0.0 ], [ 106.839615667429257, -6.687455433221459, 0.0 ], [ 106.839436982930593, -6.687379659943229, 0.0 ], [ 106.839079806388128, -6.68727907167165, 0.0 ], [ 106.839040444860842, -6.687279220059796, 0.0 ], [ 106.838761238640387, -6.687280263273312, 0.0 ], [ 106.838353377206772, -6.687256307132685, 0.0 ], [ 106.838193555088665, -6.687112938111497, 0.0 ], [ 106.838162325231295, -6.686939787141313, 0.0 ], [ 106.83813029497729, -6.686552600222164, 0.0 ], [ 106.83801774032662, -6.686440906222693, 0.0 ], [ 106.837772890007045, -6.686390858950766, 0.0 ], [ 106.837740023383589, -6.686413789864289, 0.0 ], [ 106.837640708552016, -6.686483082627994, 0.0 ], [ 106.837427011647407, -6.686585804091418, 0.0 ], [ 106.83724401220158, -6.686718987391185, 0.0 ], [ 106.837020045039168, -6.68680136079395, 0.0 ], [ 106.836703911756246, -6.686771964654294, 0.0 ], [ 106.83649957229764, -6.686650420380449, 0.0 ], [ 106.836437264568275, -6.686344884708486, 0.0 ], [ 106.836344566049007, -6.686090424233573, 0.0 ], [ 106.836174292010142, -6.686010559939195, 0.0 ], [ 106.836150534619691, -6.685999417339108, 0.0 ], [ 106.835762623746305, -6.685858173415795, 0.0 ], [ 106.835670267868778, -6.685695441091557, 0.0 ], [ 106.835679740427878, -6.685501752303882, 0.0 ], [ 106.835607391767923, -6.685237023369819, 0.0 ], [ 106.835433825310986, -6.685166324066429, 0.0 ], [ 106.835056224265529, -6.685055616623217, 0.0 ], [ 106.83468587895031, -6.684930485853116, 0.0 ], [ 106.834668352062991, -6.684924563817365, 0.0 ], [ 106.834484706004545, -6.684884479235134, 0.0 ], [ 106.834666755766392, -6.684496493717997, 0.0 ], [ 106.834635299279824, -6.684262188848802, 0.0 ], [ 106.834561107009705, -6.684229140562294, 0.0 ], [ 106.834509772807934, -6.683544686338063, 0.0 ], [ 106.834276938330191, -6.683079014684647, 0.0 ], [ 106.834171104313171, -6.682719178846899, 0.0 ], [ 106.834340437661226, -6.682253508092764, 0.0 ], [ 106.833938268036874, -6.681936006041624, 0.0 ], [ 106.833705432659755, -6.681936006041624, 0.0 ], [ 106.833641932429444, -6.681809004681707, 0.0 ], [ 106.833006927427974, -6.681237499910555, 0.0 ], [ 106.832604756904146, -6.681301000140873, 0.0 ], [ 106.831885084329372, -6.680856495830447, 0.0 ], [ 106.831398246232254, -6.68106816476385, 0.0 ], [ 106.830932576377478, -6.68075066181343, 0.0 ], [ 106.831101910624824, -6.679967489008245, 0.0 ], [ 106.83033990426334, -6.679438318023792, 0.0 ], [ 106.830187590585055, -6.679103228830776, 0.0 ], [ 106.830444533188867, -6.679191132164899, 0.0 ], [ 106.830864146962995, -6.679173481171077, 0.0 ], [ 106.831321892891182, -6.679123913237852, 0.0 ], [ 106.831553319929952, -6.67904192834218, 0.0 ], [ 106.83164234741659, -6.67901038911797, 0.0 ], [ 106.832008548655779, -6.678816346896745, 0.0 ], [ 106.832260331849014, -6.678439167633279, 0.0 ], [ 106.832382367152746, -6.678254604266378, 0.0 ], [ 106.832504450120467, -6.678065808689961, 0.0 ], [ 106.832667225612141, -6.677973126358552, 0.0 ], [ 106.832817417789769, -6.67788760802658, 0.0 ], [ 106.832993317088096, -6.677834134337637, 0.0 ], [ 106.833067952724079, -6.677802715622629, 0.0 ], [ 106.833204303436048, -6.677745317292452, 0.0 ], [ 106.833281042586279, -6.677724425141953, 0.0 ], [ 106.833348555591598, -6.677706044797951, 0.0 ], [ 106.833416470593846, -6.677697758444658, 0.0 ], [ 106.833551499302416, -6.677681280166805, 0.0 ], [ 106.833655129980485, -6.677708606067103, 0.0 ], [ 106.833746635099345, -6.677732733978328, 0.0 ], [ 106.833841304033115, -6.677732382343429, 0.0 ], [ 106.833982601915665, -6.677731856240001, 0.0 ], [ 106.83406490427214, -6.67770695760991, 0.0 ], [ 106.834218306130111, -6.677660551692934, 0.0 ], [ 106.834346053028071, -6.677701575167418, 0.0 ], [ 106.834461145565612, -6.677738534605506, 0.0 ], [ 106.834510977899427, -6.677754537141958, 0.0 ], [ 106.834681852685577, -6.677840042883556, 0.0 ], [ 106.834853243682431, -6.677925806730425, 0.0 ], [ 106.834900304305833, -6.677964316599763, 0.0 ], [ 106.835158845904175, -6.678175888406415, 0.0 ], [ 106.835338066398805, -6.678424783876515, 0.0 ], [ 106.835410706439092, -6.678483345030219, 0.0 ], [ 106.835528818000697, -6.678578565248419, 0.0 ], [ 106.835787507987277, -6.678640247049596, 0.0 ], [ 106.835921410744703, -6.678672173881619, 0.0 ], [ 106.83632584576138, -6.678753854806398, 0.0 ], [ 106.836777824337275, -6.678835356766157, 0.0 ], [ 106.83710752389328, -6.678875313644674, 0.0 ], [ 106.837158353575347, -6.678881474000633, 0.0 ], [ 106.837250764311477, -6.678863165602458, 0.0 ], [ 106.837445223818207, -6.678824641344008, 0.0 ], [ 106.837619316378564, -6.67874650194932, 0.0 ], [ 106.837624574714553, -6.678744142128359, 0.0 ], [ 106.837835323641485, -6.678736341408822, 0.0 ], [ 106.83819143178934, -6.678705653842734, 0.0 ], [ 106.838355549069462, -6.678707450688162, 0.0 ], [ 106.838572166972114, -6.678709823099762, 0.0 ], [ 106.838644512034762, -6.678724410103278, 0.0 ], [ 106.838825865721319, -6.678760975638323, 0.0 ], [ 106.838973620736198, -6.67879076658048, 0.0 ], [ 106.83919700603721, -6.678817381117099, 0.0 ], [ 106.839403488580373, -6.678841981172337, 0.0 ], [ 106.839549962960547, -6.678880943400625, 0.0 ], [ 106.839606958394612, -6.678896103272383, 0.0 ], [ 106.839615811320826, -6.678934631128222, 0.0 ], [ 106.839633286047473, -6.679010683196331, 0.0 ], [ 106.839691536935049, -6.679264191289249, 0.0 ], [ 106.839734802419315, -6.679408207822348, 0.0 ], [ 106.839787823749219, -6.67958469797524, 0.0 ], [ 106.839913547172614, -6.679584227629878, 0.0 ], [ 106.840061202362833, -6.679583677244718, 0.0 ], [ 106.840277870627403, -6.679548184600872, 0.0 ], [ 106.840358173790904, -6.679535031116615, 0.0 ], [ 106.840487631199338, -6.679512343919427, 0.0 ], [ 106.840773917782229, -6.679462174339736, 0.0 ], [ 106.840827457121677, -6.679450062270433, 0.0 ], [ 106.841097053186616, -6.679389073846522, 0.0 ], [ 106.841170400094086, -6.679372481354786, 0.0 ], [ 106.841226267778168, -6.679359843182056, 0.0 ], [ 106.841593428594052, -6.67929273487168, 0.0 ], [ 106.841685440031199, -6.679268679805563, 0.0 ], [ 106.842021557149337, -6.679180805249842, 0.0 ], [ 106.842521838312308, -6.679055730237629, 0.0 ], [ 106.84256568655735, -6.679009252374914, 0.0 ], [ 106.842601890564964, -6.678970878303261, 0.0 ], [ 106.842689805590268, -6.67893533619667, 0.0 ], [ 106.84285398582297, -6.678893264112631, 0.0 ], [ 106.843115450217994, -6.678841240130975, 0.0 ], [ 106.843163390378365, -6.678831701022006, 0.0 ], [ 106.843307832290833, -6.67880975396681, 0.0 ], [ 106.843367180351265, -6.678800735565318, 0.0 ], [ 106.843424040886916, -6.678767966967971, 0.0 ], [ 106.843471154570267, -6.678740814636743, 0.0 ], [ 106.843578182887057, -6.678679134634216, 0.0 ], [ 106.843575832059173, -6.678635118215972, 0.0 ], [ 106.843758807223352, -6.67851234366962, 0.0 ], [ 106.843902188835088, -6.678452687141636, 0.0 ], [ 106.844015177858381, -6.678405675081702, 0.0 ], [ 106.844246477193352, -6.678336007300736, 0.0 ], [ 106.844291865077736, -6.678322335806932, 0.0 ], [ 106.84459703742354, -6.678228422303647, 0.0 ], [ 106.844661183367023, -6.678184510206844, 0.0 ], [ 106.844739145595256, -6.678131139939971, 0.0 ], [ 106.844782967759997, -6.678056014173563, 0.0 ], [ 106.844889223558994, -6.677873854694507, 0.0 ], [ 106.845114706978308, -6.677586085129619, 0.0 ], [ 106.845175868971381, -6.677451665261938, 0.0 ], [ 106.845242042886085, -6.677306233195992, 0.0 ], [ 106.845331844689056, -6.677086927219769, 0.0 ], [ 106.845595710273997, -6.676965128437775, 0.0 ], [ 106.845819673839017, -6.676950083679269, 0.0 ], [ 106.845863522084059, -6.676947139298886, 0.0 ], [ 106.846191592068479, -6.676832696971271, 0.0 ], [ 106.84662203457944, -6.676764965430628, 0.0 ], [ 106.846790821139649, -6.676695346213037, 0.0 ], [ 106.846931727817164, -6.676637225727191, 0.0 ], [ 106.846991512048774, -6.676612567216047, 0.0 ], [ 106.84758077033645, -6.676400972926402, 0.0 ], [ 106.847582308177152, -6.676402919059257, 0.0 ], [ 106.847635006650378, -6.676399298388738, 0.0 ], [ 106.847850777391656, -6.677208815034632, 0.0 ], [ 106.847884781657541, -6.677478099934167, 0.0 ], [ 106.848305846038159, -6.680812378688152, 0.0 ], [ 106.848360214552471, -6.681242909332621, 0.0 ], [ 106.848372681853974, -6.681341625215644, 0.0 ], [ 106.848398566141128, -6.681490695039329, 0.0 ], [ 106.848664679131787, -6.68302323963065, 0.0 ], [ 106.848769502310816, -6.683626914050702, 0.0 ], [ 106.848753256957394, -6.683795741080392, 0.0 ], [ 106.848750048176427, -6.683861399683657, 0.0 ], [ 106.848745419365756, -6.683956099194468, 0.0 ], [ 106.848653088669252, -6.684091457954224, 0.0 ], [ 106.848543942449183, -6.684243758142774, 0.0 ], [ 106.846887876874206, -6.685657336816444, 0.0 ], [ 106.846230369036419, -6.686218567732585, 0.0 ], [ 106.846037075051157, -6.686438690293208, 0.0 ], [ 106.845928022360553, -6.686616302799955, 0.0 ], [ 106.845861010277559, -6.68675156803026, 0.0 ], [ 106.845640972253221, -6.68772688458791, 0.0 ], [ 106.845628557112406, -6.687781914103876, 0.0 ], [ 106.845171741982497, -6.689749754847121, 0.0 ] ] ] ] } },
{ "type": "Feature", "properties": { "PROVNO": "32", "KABKOTNO": "01", "KECNO": "100", "DESANO": "009", "PROVINSI": "JAWA BARAT", "KABKOT": "BOGOR", "KECAMATAN": "CIAWI", "ID2013": "3201100009", "DESA": "TELUK PINANG", "DESA_1": "TELUK PINANG", "ID2012": "3201100009", "IDKAB2": "3201", "IDKEC_2": "3201100", "WILAYAH": "TENGAH" }, "geometry": { "type": "MultiPolygon", "coordinates": [ [ [ [ 106.855885531891971, -6.676138411358448, 0.0 ], [ 106.855759151963483, -6.676294497692794, 0.0 ], [ 106.855481968318387, -6.676640623365895, 0.0 ], [ 106.855450944405703, -6.676679364361018, 0.0 ], [ 106.854657933916684, -6.677523626314166, 0.0 ], [ 106.854661452963882, -6.677527558150089, 0.0 ], [ 106.854476037938952, -6.677700508571451, 0.0 ], [ 106.854680652590218, -6.677895427631722, 0.0 ], [ 106.854868404053747, -6.677943643883868, 0.0 ], [ 106.854952880071565, -6.67813004276713, 0.0 ], [ 106.855228785779985, -6.678738837926836, 0.0 ], [ 106.855563465781472, -6.679477318923013, 0.0 ], [ 106.855796643800232, -6.679991830958034, 0.0 ], [ 106.855666838354111, -6.680171702561868, 0.0 ], [ 106.855650896971497, -6.680269607256442, 0.0 ], [ 106.855659266961794, -6.68032665215307, 0.0 ], [ 106.855667760159136, -6.680416310963846, 0.0 ], [ 106.85561092030791, -6.680481754629088, 0.0 ], [ 106.855611442813952, -6.680620367136072, 0.0 ], [ 106.855644248283582, -6.680669166148991, 0.0 ], [ 106.855652710004776, -6.680750670806681, 0.0 ], [ 106.855620304733506, -6.680807868588126, 0.0 ], [ 106.855596115668362, -6.680881344098601, 0.0 ], [ 106.855572142440593, -6.681011894183388, 0.0 ], [ 106.855564447841147, -6.681134228961341, 0.0 ], [ 106.85557266494672, -6.681150505791003, 0.0 ], [ 106.855629996727117, -6.681215519580377, 0.0 ], [ 106.855670987825988, -6.681272441269961, 0.0 ], [ 106.855712379123219, -6.681435359753909, 0.0 ], [ 106.85568015821292, -6.681541479755317, 0.0 ], [ 106.855664247407276, -6.681647538602888, 0.0 ], [ 106.855689050709344, -6.681737136259649, 0.0 ], [ 106.8557219479097, -6.68181039593291, 0.0 ], [ 106.855771185791724, -6.681891746806503, 0.0 ], [ 106.855803960684398, -6.681932392565706, 0.0 ], [ 106.855828734308801, -6.682013836968839, 0.0 ], [ 106.855796419869051, -6.682095496309994, 0.0 ], [ 106.855780295024744, -6.682144478784515, 0.0 ], [ 106.855788911429315, -6.682266752408541, 0.0 ], [ 106.855772938570453, -6.682356503849398, 0.0 ], [ 106.855772960154169, -6.682361951043028, 0.0 ], [ 106.855773338768728, -6.682462500643762, 0.0 ], [ 106.855944719873065, -6.68249446974384, 0.0 ], [ 106.855945182124628, -6.682616773944829, 0.0 ], [ 106.855986326108223, -6.68271446370138, 0.0 ], [ 106.855896834571382, -6.682771877320128, 0.0 ], [ 106.855839964143186, -6.682829167731743, 0.0 ], [ 106.855766690080912, -6.682862058636942, 0.0 ], [ 106.855717882074742, -6.682894857811252, 0.0 ], [ 106.855677352328158, -6.682960240322657, 0.0 ], [ 106.855693907947696, -6.683025407896039, 0.0 ], [ 106.85579213999543, -6.683122881815375, 0.0 ], [ 106.855914713093682, -6.683187650089764, 0.0 ], [ 106.855898741134197, -6.68327740063134, 0.0 ], [ 106.855890986280102, -6.683383428901948, 0.0 ], [ 106.855842793410403, -6.683579301243583, 0.0 ], [ 106.855730442905781, -6.683792740942032, 0.0 ], [ 106.855706130633578, -6.683833600739977, 0.0 ], [ 106.855633011254668, -6.683907259712143, 0.0 ], [ 106.855592420354071, -6.683956335716204, 0.0 ], [ 106.855503019648836, -6.684038209995204, 0.0 ], [ 106.855389092632748, -6.68410386859847, 0.0 ], [ 106.855348471155196, -6.684144791348903, 0.0 ], [ 106.855324405297267, -6.684250879874067, 0.0 ], [ 106.855340961816083, -6.68431604834673, 0.0 ], [ 106.855414574023527, -6.68437284682927, 0.0 ], [ 106.855382414267154, -6.684495274237392, 0.0 ], [ 106.855342068881555, -6.684609578069391, 0.0 ], [ 106.855268855973094, -6.684658777280585, 0.0 ], [ 106.855195767171068, -6.684740590405749, 0.0 ], [ 106.855081870731937, -6.684814403162012, 0.0 ], [ 106.855410262673672, -6.685392079980392, 0.0 ], [ 106.855410632294991, -6.68548992262167, 0.0 ], [ 106.855467872344576, -6.685530475750703, 0.0 ], [ 106.855504933406081, -6.685548828215673, 0.0 ], [ 106.855546732995464, -6.68556952791123, 0.0 ], [ 106.85558226071295, -6.685587121348426, 0.0 ], [ 106.855721176291368, -6.685659980823324, 0.0 ], [ 106.855713328807283, -6.68574154843359, 0.0 ], [ 106.855721914634799, -6.685855667005249, 0.0 ], [ 106.855738471153714, -6.685920834578631, 0.0 ], [ 106.855763397662827, -6.68604304704882, 0.0 ], [ 106.855910222778718, -6.686050647219446, 0.0 ], [ 106.855934780565903, -6.686075015249529, 0.0 ], [ 106.855894497233407, -6.686205627387611, 0.0 ], [ 106.855829779321056, -6.686344485409492, 0.0 ], [ 106.855822207928739, -6.686499434101414, 0.0 ], [ 106.855765829429714, -6.686687182867015, 0.0 ], [ 106.85574197761035, -6.68685034686586, 0.0 ], [ 106.855807835863146, -6.687013173618919, 0.0 ], [ 106.855767798045648, -6.68720901358494, 0.0 ], [ 106.855728282734177, -6.687543466057946, 0.0 ], [ 106.855722793272491, -6.687794519900994, 0.0 ], [ 106.855660190565473, -6.687782519347643, 0.0 ], [ 106.855339168567951, -6.687828960338074, 0.0 ], [ 106.855164274711669, -6.688236688672102, 0.0 ], [ 106.855065092080494, -6.688327522896689, 0.0 ], [ 106.854843662804967, -6.688391679632169, 0.0 ], [ 106.854694734174814, -6.688487223606323, 0.0 ], [ 106.854600467237987, -6.688682068022835, 0.0 ], [ 106.854564941319154, -6.688858598645222, 0.0 ], [ 106.854402628978349, -6.689003947074337, 0.0 ], [ 106.854330486263081, -6.689067539934825, 0.0 ], [ 106.853886415425904, -6.688874726187546, 0.0 ], [ 106.85358753383781, -6.688794438312531, 0.0 ], [ 106.853497039556856, -6.688790255565671, 0.0 ], [ 106.853407142425866, -6.688944376881381, 0.0 ], [ 106.853245459610463, -6.689257072955392, 0.0 ], [ 106.85321589799544, -6.689291436950064, 0.0 ], [ 106.853011241975395, -6.689529334610924, 0.0 ], [ 106.852813436990658, -6.689860259942861, 0.0 ], [ 106.852583402102454, -6.690042046203306, 0.0 ], [ 106.852298654259627, -6.69011096394966, 0.0 ], [ 106.852212274377095, -6.689998214146122, 0.0 ], [ 106.851527892098687, -6.689661566427976, 0.0 ], [ 106.851028700014666, -6.68924732880102, 0.0 ], [ 106.850870262852524, -6.689220788008789, 0.0 ], [ 106.850766282338185, -6.689239270875493, 0.0 ], [ 106.85068148616179, -6.689547153777955, 0.0 ], [ 106.85060039699087, -6.689637919654103, 0.0 ], [ 106.850487248787701, -6.689624776062466, 0.0 ], [ 106.850346618202039, -6.689521275786117, 0.0 ], [ 106.850175280265134, -6.68937654698988, 0.0 ], [ 106.849971383272859, -6.68936372715411, 0.0 ], [ 106.849795388646442, -6.689352661895711, 0.0 ], [ 106.849381357863535, -6.689227644440034, 0.0 ], [ 106.849153289792611, -6.689177872360776, 0.0 ], [ 106.848883118161595, -6.689153572679043, 0.0 ], [ 106.84867230987939, -6.689204995014322, 0.0 ], [ 106.848562909151084, -6.689289789392063, 0.0 ], [ 106.848834255296822, -6.689626301312614, 0.0 ], [ 106.848893937905089, -6.689786404019173, 0.0 ], [ 106.848877628699725, -6.689938355270755, 0.0 ], [ 106.848760136771091, -6.690116001052484, 0.0 ], [ 106.848583248218489, -6.690209487377743, 0.0 ], [ 106.848253837344885, -6.69014321903413, 0.0 ], [ 106.847763623192776, -6.689959419191673, 0.0 ], [ 106.847379787147602, -6.689779767921813, 0.0 ], [ 106.847298602648578, -6.689741769766702, 0.0 ], [ 106.84697890894968, -6.689686185368995, 0.0 ], [ 106.846918552749202, -6.689675691180099, 0.0 ], [ 106.846669393777702, -6.68968795163746, 0.0 ], [ 106.846547260447849, -6.689693961806711, 0.0 ], [ 106.846074529116351, -6.68967042205221, 0.0 ], [ 106.845237884421039, -6.689743943428041, 0.0 ], [ 106.845171741982497, -6.689749754847121, 0.0 ], [ 106.845628557112406, -6.687781914103876, 0.0 ], [ 106.845640972253221, -6.68772688458791, 0.0 ], [ 106.845861010277559, -6.68675156803026, 0.0 ], [ 106.845928022360553, -6.686616302799955, 0.0 ], [ 106.846037075051157, -6.686438690293208, 0.0 ], [ 106.846230369036419, -6.686218567732585, 0.0 ], [ 106.846887876874206, -6.685657336816444, 0.0 ], [ 106.848543942449183, -6.684243758142774, 0.0 ], [ 106.848653088669252, -6.684091457954224, 0.0 ], [ 106.848745419365756, -6.683956099194468, 0.0 ], [ 106.848750048176427, -6.683861399683657, 0.0 ], [ 106.848753256957394, -6.683795741080392, 0.0 ], [ 106.848769502310816, -6.683626914050702, 0.0 ], [ 106.848664679131787, -6.68302323963065, 0.0 ], [ 106.848398566141128, -6.681490695039329, 0.0 ], [ 106.848372681853974, -6.681341625215644, 0.0 ], [ 106.848360214552471, -6.681242909332621, 0.0 ], [ 106.848305846038159, -6.680812378688152, 0.0 ], [ 106.847884781657541, -6.677478099934167, 0.0 ], [ 106.847850777391656, -6.677208815034632, 0.0 ], [ 106.847635006650378, -6.676399298388738, 0.0 ], [ 106.847631623400872, -6.676388455262874, 0.0 ], [ 106.847877668020132, -6.676316290963893, 0.0 ], [ 106.848068421420678, -6.67626573197774, 0.0 ], [ 106.848114194214858, -6.676239037401501, 0.0 ], [ 106.847969236091572, -6.675739798552662, 0.0 ], [ 106.847938721195192, -6.675625331943404, 0.0 ], [ 106.847862434403993, -6.675366899162896, 0.0 ], [ 106.847793763971183, -6.675146113801969, 0.0 ], [ 106.847709835640586, -6.6749167695931, 0.0 ], [ 106.847641166107152, -6.674708848134649, 0.0 ], [ 106.847668422759639, -6.674556162137026, 0.0 ], [ 106.847813012160984, -6.673746201226063, 0.0 ], [ 106.847746243794319, -6.673423258276614, 0.0 ], [ 106.847595912221706, -6.672728287380405, 0.0 ], [ 106.847542132763408, -6.672441325406666, 0.0 ], [ 106.847577983337459, -6.672313386053776, 0.0 ], [ 106.847724232887273, -6.672192777974164, 0.0 ], [ 106.847965156766776, -6.671999406647124, 0.0 ], [ 106.84803073533034, -6.67201144587132, 0.0 ], [ 106.848190175236596, -6.671933042975411, 0.0 ], [ 106.848398624597039, -6.671817598802967, 0.0 ], [ 106.848385892894854, -6.671698890091573, 0.0 ], [ 106.848582133059153, -6.671603968448228, 0.0 ], [ 106.84899947874311, -6.671491837378287, 0.0 ], [ 106.849320343359324, -6.671466993606714, 0.0 ], [ 106.849506898724613, -6.671966636251128, 0.0 ], [ 106.849752625883156, -6.672358838689298, 0.0 ], [ 106.849837086612411, -6.672408623359107, 0.0 ], [ 106.849973540746447, -6.672489052427668, 0.0 ], [ 106.850153513973694, -6.672821938281661, 0.0 ], [ 106.850142180717228, -6.672976848302739, 0.0 ], [ 106.850226039800106, -6.673163281360175, 0.0 ], [ 106.850247439168157, -6.67321085459708, 0.0 ], [ 106.85041996331087, -6.673476704985806, 0.0 ], [ 106.850589100606683, -6.673799578687447, 0.0 ], [ 106.85077417658718, -6.674003636658412, 0.0 ], [ 106.850966891409058, -6.674060243585203, 0.0 ], [ 106.85111057879034, -6.674149796275888, 0.0 ], [ 106.851472016320642, -6.674418711554111, 0.0 ], [ 106.851689611786384, -6.674557126210203, 0.0 ], [ 106.851857642916102, -6.674620108431064, 0.0 ], [ 106.851875944119669, -6.674657763045158, 0.0 ], [ 106.851932075305243, -6.674773253083046, 0.0 ], [ 106.852305652783798, -6.674956774135623, 0.0 ], [ 106.852856858957026, -6.67563383233535, 0.0 ], [ 106.852861456291365, -6.675636706568557, 0.0 ], [ 106.853123712089868, -6.675800725822647, 0.0 ], [ 106.85358668128049, -6.675839935364571, 0.0 ], [ 106.854339629670349, -6.675661015243541, 0.0 ], [ 106.854667684366291, -6.675596821635867, 0.0 ], [ 106.854859847004448, -6.675675437671149, 0.0 ], [ 106.855048803559654, -6.675822147673873, 0.0 ], [ 106.855274516306011, -6.675940054189979, 0.0 ], [ 106.855557026635637, -6.675914419914388, 0.0 ], [ 106.855885531891971, -6.676138411358448, 0.0 ] ] ] ] } },
{ "type": "Feature", "properties": { "PROVNO": "32", "KABKOTNO": "01", "KECNO": "100", "DESANO": "010", "PROVINSI": "JAWA BARAT", "KABKOT": "BOGOR", "KECAMATAN": "CIAWI", "ID2013": "3201100010", "DESA": "BANJAR WARU", "DESA_1": "BANJAR WARU", "ID2012": "3201100010", "IDKAB2": "3201", "IDKEC_2": "3201100", "WILAYAH": "TENGAH" }, "geometry": { "type": "MultiPolygon", "coordinates": [ [ [ [ 106.85729927873885, -6.664040000045848, 0.0 ], [ 106.85731207069567, -6.664040000045848, 0.0 ], [ 106.857348399709068, -6.664194743692278, 0.0 ], [ 106.857265472323931, -6.664401067055472, 0.0 ], [ 106.857266054185246, -6.664555572381605, 0.0 ], [ 106.857357528727135, -6.664909309017233, 0.0 ], [ 106.857467544591657, -6.665056965106722, 0.0 ], [ 106.857615926434022, -6.665133661089442, 0.0 ], [ 106.857757967156672, -6.665236131642018, 0.0 ], [ 106.857848520792814, -6.665345233795374, 0.0 ], [ 106.857868274401511, -6.66546104129381, 0.0 ], [ 106.857695978686664, -6.665873711402561, 0.0 ], [ 106.857690072838764, -6.666015365416591, 0.0 ], [ 106.857651852551129, -6.666124952304511, 0.0 ], [ 106.857652241058219, -6.666227956155026, 0.0 ], [ 106.857697869960916, -6.666375854162201, 0.0 ], [ 106.857731295063417, -6.666430296420813, 0.0 ], [ 106.857788570186557, -6.666523583096708, 0.0 ], [ 106.857872589348673, -6.666606959243584, 0.0 ], [ 106.857917902589293, -6.666671166341089, 0.0 ], [ 106.858053213685054, -6.666696407612918, 0.0 ], [ 106.85821435330989, -6.6667408655983, 0.0 ], [ 106.858369027708605, -6.666778911417417, 0.0 ], [ 106.858517678448237, -6.66692642091741, 0.0 ], [ 106.858646962287693, -6.667061127668763, 0.0 ], [ 106.858841241030646, -6.667356536974491, 0.0 ], [ 106.858971327065305, -6.667703688774065, 0.0 ], [ 106.858978445199298, -6.667883921905329, 0.0 ], [ 106.859043512048629, -6.668063935601989, 0.0 ], [ 106.858999169176499, -6.668257237681221, 0.0 ], [ 106.858935484585118, -6.668444175258372, 0.0 ], [ 106.858852362946394, -6.66859899624658, 0.0 ], [ 106.858801338111462, -6.668727944638722, 0.0 ], [ 106.858821090820882, -6.668843751237965, 0.0 ], [ 106.85896291390749, -6.668888281169085, 0.0 ], [ 106.859020547860126, -6.668804372623551, 0.0 ], [ 106.859149007920578, -6.668720196979319, 0.0 ], [ 106.8592891681607, -6.668664379657265, 0.0 ], [ 106.85943658862783, -6.668569724213249, 0.0 ], [ 106.859444608781871, -6.668564574695193, 0.0 ], [ 106.859675991753861, -6.668454259356462, 0.0 ], [ 106.859798329229747, -6.668453798004261, 0.0 ], [ 106.85992999986982, -6.668430000144223, 0.0 ], [ 106.859959317768514, -6.668424416253629, 0.0 ], [ 106.860159362065104, -6.668574755020753, 0.0 ], [ 106.860455861349166, -6.668657328972429, 0.0 ], [ 106.860681583088777, -6.668753044717093, 0.0 ], [ 106.86081079588169, -6.668868437628142, 0.0 ], [ 106.860927204127307, -6.669003193842151, 0.0 ], [ 106.860985517068087, -6.669099540910874, 0.0 ], [ 106.86096709985199, -6.669337809991784, 0.0 ], [ 106.86085495439275, -6.669439491838904, 0.0 ], [ 106.8608387612001, -6.66945417506998, 0.0 ], [ 106.860755566716179, -6.669589683117252, 0.0 ], [ 106.860691568261373, -6.669692928885453, 0.0 ], [ 106.86061466723325, -6.669789786769034, 0.0 ], [ 106.860628151668067, -6.669950681778438, 0.0 ], [ 106.860762733413637, -6.6701050836825, 0.0 ], [ 106.860751927159868, -6.670109654936454, 0.0 ], [ 106.86100677973927, -6.670418704259653, 0.0 ], [ 106.861204807755826, -6.670608189616036, 0.0 ], [ 106.861339440762805, -6.67080496217908, 0.0 ], [ 106.86150944230711, -6.671036828086976, 0.0 ], [ 106.861714861851596, -6.671317879716234, 0.0 ], [ 106.8617689120059, -6.671390520655809, 0.0 ], [ 106.861934430429841, -6.671612969762588, 0.0 ], [ 106.862174872272732, -6.671837524182269, 0.0 ], [ 106.862379308858166, -6.671857889329971, 0.0 ], [ 106.862542050175648, -6.672033417208336, 0.0 ], [ 106.862605684404997, -6.672089542098583, 0.0 ], [ 106.862697852324175, -6.672237153221907, 0.0 ], [ 106.862698330763493, -6.672363973818154, 0.0 ], [ 106.862663921802749, -6.672582519867234, 0.0 ], [ 106.862629593780909, -6.67282220268234, 0.0 ], [ 106.862679640153459, -6.673012248316503, 0.0 ], [ 106.862687512818653, -6.673230635185536, 0.0 ], [ 106.862730566062993, -6.673434796578395, 0.0 ], [ 106.862872567215433, -6.673716088326689, 0.0 ], [ 106.862866986022766, -6.674103622384067, 0.0 ], [ 106.86294537992552, -6.67433583273235, 0.0 ], [ 106.863091938842075, -6.674463075110673, 0.0 ], [ 106.863069999880764, -6.674509999936387, 0.0 ], [ 106.862619999813333, -6.675240000325591, 0.0 ], [ 106.862605515332433, -6.675264945720496, 0.0 ], [ 106.86226000029896, -6.675860000138769, 0.0 ], [ 106.862091030276986, -6.676232083843416, 0.0 ], [ 106.861962939837923, -6.676350002950162, 0.0 ], [ 106.86178936079061, -6.676509797189247, 0.0 ], [ 106.861657572339254, -6.676784200130594, 0.0 ], [ 106.861540789975663, -6.677027356127443, 0.0 ], [ 106.861373224694717, -6.676915039797073, 0.0 ], [ 106.861266080365482, -6.676843222636499, 0.0 ], [ 106.861263999334227, -6.676835651244186, 0.0 ], [ 106.860456789449515, -6.676332594773307, 0.0 ], [ 106.860241355054654, -6.676179058916301, 0.0 ], [ 106.859352871637867, -6.675545850760258, 0.0 ], [ 106.858227544565722, -6.67490513326511, 0.0 ], [ 106.858200519938208, -6.674889745864867, 0.0 ], [ 106.858038002551979, -6.675045280015492, 0.0 ], [ 106.857891428346946, -6.675102907672894, 0.0 ], [ 106.857270000410367, -6.675340000440446, 0.0 ], [ 106.857098833344693, -6.675425566436601, 0.0 ], [ 106.857036469857348, -6.675456741435273, 0.0 ], [ 106.856254475164079, -6.675696146359869, 0.0 ], [ 106.855885531891971, -6.676138411358448, 0.0 ], [ 106.855557026635637, -6.675914419914388, 0.0 ], [ 106.855274516306011, -6.675940054189979, 0.0 ], [ 106.855048803559654, -6.675822147673873, 0.0 ], [ 106.854859847004448, -6.675675437671149, 0.0 ], [ 106.854667684366291, -6.675596821635867, 0.0 ], [ 106.854339629670349, -6.675661015243541, 0.0 ], [ 106.85358668128049, -6.675839935364571, 0.0 ], [ 106.853123712089868, -6.675800725822647, 0.0 ], [ 106.852861456291365, -6.675636706568557, 0.0 ], [ 106.852856858957026, -6.67563383233535, 0.0 ], [ 106.852305652783798, -6.674956774135623, 0.0 ], [ 106.851932075305243, -6.674773253083046, 0.0 ], [ 106.851875944119669, -6.674657763045158, 0.0 ], [ 106.851857642916102, -6.674620108431064, 0.0 ], [ 106.851689611786384, -6.674557126210203, 0.0 ], [ 106.851472016320642, -6.674418711554111, 0.0 ], [ 106.85111057879034, -6.674149796275888, 0.0 ], [ 106.850966891409058, -6.674060243585203, 0.0 ], [ 106.85077417658718, -6.674003636658412, 0.0 ], [ 106.850589100606683, -6.673799578687447, 0.0 ], [ 106.85041996331087, -6.673476704985806, 0.0 ], [ 106.850247439168157, -6.67321085459708, 0.0 ], [ 106.850226039800106, -6.673163281360175, 0.0 ], [ 106.850142180717228, -6.672976848302739, 0.0 ], [ 106.850153513973694, -6.672821938281661, 0.0 ], [ 106.849973540746447, -6.672489052427668, 0.0 ], [ 106.849837086612411, -6.672408623359107, 0.0 ], [ 106.849752625883156, -6.672358838689298, 0.0 ], [ 106.849506898724613, -6.671966636251128, 0.0 ], [ 106.849320343359324, -6.671466993606714, 0.0 ], [ 106.84899947874311, -6.671491837378287, 0.0 ], [ 106.848582133059153, -6.671603968448228, 0.0 ], [ 106.848385892894854, -6.671698890091573, 0.0 ], [ 106.848398624597039, -6.671817598802967, 0.0 ], [ 106.848190175236596, -6.671933042975411, 0.0 ], [ 106.84803073533034, -6.67201144587132, 0.0 ], [ 106.847965156766776, -6.671999406647124, 0.0 ], [ 106.847724232887273, -6.672192777974164, 0.0 ], [ 106.847577983337459, -6.672313386053776, 0.0 ], [ 106.847542132763408, -6.672441325406666, 0.0 ], [ 106.84753376906842, -6.672396699248075, 0.0 ], [ 106.847510330037878, -6.672262006885923, 0.0 ], [ 106.847442394351205, -6.671810890759868, 0.0 ], [ 106.847374860661461, -6.671458077727923, 0.0 ], [ 106.847316024315262, -6.671069925836228, 0.0 ], [ 106.847267043639306, -6.670810920187655, 0.0 ], [ 106.847239231205691, -6.670633173681875, 0.0 ], [ 106.847166854666796, -6.670134859336176, 0.0 ], [ 106.847091441117271, -6.669766615736563, 0.0 ], [ 106.846993096654288, -6.669237083224591, 0.0 ], [ 106.846919325266811, -6.668864748609096, 0.0 ], [ 106.846851861724232, -6.668477242430662, 0.0 ], [ 106.847033182135803, -6.668418011282053, 0.0 ], [ 106.84717179014612, -6.668404075387659, 0.0 ], [ 106.847310330707359, -6.668372251078338, 0.0 ], [ 106.847498122640474, -6.668353659393702, 0.0 ], [ 106.84763210723608, -6.668299491428211, 0.0 ], [ 106.847815460115527, -6.66828985968916, 0.0 ], [ 106.847954436847971, -6.668374311425165, 0.0 ], [ 106.848084467124636, -6.668458794637502, 0.0 ], [ 106.848218970629148, -6.668543262561357, 0.0 ], [ 106.848398336813901, -6.668663340040961, 0.0 ], [ 106.848532607394077, -6.668685197163917, 0.0 ], [ 106.848611358327673, -6.668700639422767, 0.0 ], [ 106.848644510935614, -6.668707138823251, 0.0 ], [ 106.848769885422058, -6.668742447106037, 0.0 ], [ 106.848863798026059, -6.668737622243306, 0.0 ], [ 106.848917153903727, -6.668652451049653, 0.0 ], [ 106.848939082073144, -6.668536092266688, 0.0 ], [ 106.848996691744134, -6.668392766412836, 0.0 ], [ 106.849072345412623, -6.668289623167425, 0.0 ], [ 106.849121327887133, -6.668231301233387, 0.0 ], [ 106.849192725963661, -6.668186310849435, 0.0 ], [ 106.849353881776352, -6.668221485133277, 0.0 ], [ 106.849465770029411, -6.668238953564689, 0.0 ], [ 106.849523832958724, -6.668216375185434, 0.0 ], [ 106.849570121064431, -6.668150286706211, 0.0 ], [ 106.849642454435894, -6.667965142377277, 0.0 ], [ 106.84997249213697, -6.667823027910238, 0.0 ], [ 106.850188667573192, -6.667665085375276, 0.0 ], [ 106.850258507124579, -6.66750227301133, 0.0 ], [ 106.850458893163633, -6.66746901158545, 0.0 ], [ 106.85045743176525, -6.667460620011436, 0.0 ], [ 106.850267203568762, -6.666367902356587, 0.0 ], [ 106.849959778421209, -6.664601952218199, 0.0 ], [ 106.849759896002581, -6.663453748191763, 0.0 ], [ 106.84962411995734, -6.662673798556753, 0.0 ], [ 106.849449146960708, -6.661678221172753, 0.0 ], [ 106.849188846288399, -6.660197123198532, 0.0 ], [ 106.84889921332821, -6.658549122743675, 0.0 ], [ 106.8492852967792, -6.659034523724152, 0.0 ], [ 106.849911865240585, -6.659422644139603, 0.0 ], [ 106.850150080362084, -6.659613045005877, 0.0 ], [ 106.850216644582616, -6.65977110715076, 0.0 ], [ 106.850262850850044, -6.659899659841209, 0.0 ], [ 106.850521202691567, -6.660060205014275, 0.0 ], [ 106.850705153620098, -6.660226154213458, 0.0 ], [ 106.850812467921187, -6.660322966231682, 0.0 ], [ 106.850997436882409, -6.660388236327854, 0.0 ], [ 106.851316278023987, -6.660967516637442, 0.0 ], [ 106.851628448893933, -6.661527034344985, 0.0 ], [ 106.851668755608785, -6.66156660811227, 0.0 ], [ 106.852649999597958, -6.662529999659608, 0.0 ], [ 106.852755135741134, -6.662604550759212, 0.0 ], [ 106.852755285028564, -6.662604656879214, 0.0 ], [ 106.852792622181937, -6.662631132020937, 0.0 ], [ 106.852839260123886, -6.662664201891246, 0.0 ], [ 106.853199999780344, -6.662919999658037, 0.0 ], [ 106.853359254426167, -6.663025313866946, 0.0 ], [ 106.853732396632992, -6.66327206984997, 0.0 ], [ 106.854228296299027, -6.663600003137429, 0.0 ], [ 106.854440000305971, -6.663739999701104, 0.0 ], [ 106.855160000234008, -6.663879999861901, 0.0 ], [ 106.855815055620482, -6.663907294286044, 0.0 ], [ 106.855880000162045, -6.663910000346132, 0.0 ], [ 106.856339999791274, -6.663839999815959, 0.0 ], [ 106.857250000387396, -6.664040000045848, 0.0 ], [ 106.85729927873885, -6.664040000045848, 0.0 ] ] ] ] } },
{ "type": "Feature", "properties": { "PROVNO": "32", "KABKOTNO": "01", "KECNO": "100", "DESANO": "011", "PROVINSI": "JAWA BARAT", "KABKOT": "BOGOR", "KECAMATAN": "CIAWI", "ID2013": "3201100011", "DESA": "CIAWI", "DESA_1": "CIAWI", "ID2012": "3201100011", "IDKAB2": "3201", "IDKEC_2": "3201100", "WILAYAH": "TENGAH" }, "geometry": { "type": "MultiPolygon", "coordinates": [ [ [ [ 106.855912790343197, -6.657093158122542, 0.0 ], [ 106.855804886986107, -6.657155482938961, 0.0 ], [ 106.855691898862261, -6.657326328047422, 0.0 ], [ 106.855783010977362, -6.657633690242406, 0.0 ], [ 106.855850414265376, -6.657931673407838, 0.0 ], [ 106.855846248605644, -6.65808317409903, 0.0 ], [ 106.855837134876055, -6.658177886200392, 0.0 ], [ 106.855780517157285, -6.658230171884796, 0.0 ], [ 106.855714216438145, -6.658225686965693, 0.0 ], [ 106.855590780889955, -6.658136206220746, 0.0 ], [ 106.855557141748889, -6.658003782848123, 0.0 ], [ 106.855466705923931, -6.657876306646084, 0.0 ], [ 106.855384238991618, -6.657759346216743, 0.0 ], [ 106.855305093255609, -6.657706493060047, 0.0 ], [ 106.855224445651814, -6.657664190749681, 0.0 ], [ 106.855134526037745, -6.657673996957172, 0.0 ], [ 106.854926314098321, -6.657703181756283, 0.0 ], [ 106.854737005008943, -6.657722828345705, 0.0 ], [ 106.854571439820276, -6.657761321127911, 0.0 ], [ 106.854382112744474, -6.657776232786752, 0.0 ], [ 106.854164147657428, -6.657729711756613, 0.0 ], [ 106.854080639310169, -6.657690018379494, 0.0 ], [ 106.853926996433884, -6.657616988033368, 0.0 ], [ 106.853775545205437, -6.657631757599383, 0.0 ], [ 106.853647766831159, -6.657646439031808, 0.0 ], [ 106.853538838246962, -6.657637380160821, 0.0 ], [ 106.85341572285752, -6.657633108381091, 0.0 ], [ 106.853278528581399, -6.657662026081503, 0.0 ], [ 106.853174582241337, -6.657719222963667, 0.0 ], [ 106.852514600368721, -6.657910807337721, 0.0 ], [ 106.852464023396152, -6.658015134990283, 0.0 ], [ 106.852417836014496, -6.658108366807571, 0.0 ], [ 106.852362703076466, -6.658179476201767, 0.0 ], [ 106.8523117600798, -6.65818631374723, 0.0 ], [ 106.852234092829292, -6.658157800741762, 0.0 ], [ 106.852139340258532, -6.658153891388832, 0.0 ], [ 106.85202579995088, -6.658177986025073, 0.0 ], [ 106.851935880336811, -6.658187791333283, 0.0 ], [ 106.851884048810007, -6.658254261125087, 0.0 ], [ 106.851884332995752, -6.658330002027792, 0.0 ], [ 106.851879847177372, -6.658396293753768, 0.0 ], [ 106.851861174553747, -6.658467372571, 0.0 ], [ 106.851842427286357, -6.658483113404792, 0.0 ], [ 106.851804537949278, -6.658514924224193, 0.0 ], [ 106.851777019593953, -6.658555638331922, 0.0 ], [ 106.851681688759157, -6.658581659315956, 0.0 ], [ 106.851615477072727, -6.658600842754527, 0.0 ], [ 106.851516246777535, -6.658653287618979, 0.0 ], [ 106.85098123919299, -6.659124108790451, 0.0 ], [ 106.849519643916636, -6.657797719389027, 0.0 ], [ 106.848901334828881, -6.657236602686947, 0.0 ], [ 106.848196179110616, -6.657865984227609, 0.0 ], [ 106.848137831096196, -6.65791806216868, 0.0 ], [ 106.848098098148952, -6.657953526034213, 0.0 ], [ 106.848223809881091, -6.658172179102664, 0.0 ], [ 106.848450260071601, -6.658458454893648, 0.0 ], [ 106.848661838173484, -6.658582993010533, 0.0 ], [ 106.84889921332821, -6.658549122743675, 0.0 ], [ 106.849188846288399, -6.660197123198532, 0.0 ], [ 106.849449146960708, -6.661678221172753, 0.0 ], [ 106.84962411995734, -6.662673798556753, 0.0 ], [ 106.849759896002581, -6.663453748191763, 0.0 ], [ 106.849959778421209, -6.664601952218199, 0.0 ], [ 106.850267203568762, -6.666367902356587, 0.0 ], [ 106.85045743176525, -6.667460620011436, 0.0 ], [ 106.850458893163633, -6.66746901158545, 0.0 ], [ 106.850258507124579, -6.66750227301133, 0.0 ], [ 106.850188667573192, -6.667665085375276, 0.0 ], [ 106.84997249213697, -6.667823027910238, 0.0 ], [ 106.849642454435894, -6.667965142377277, 0.0 ], [ 106.849570121064431, -6.668150286706211, 0.0 ], [ 106.849523832958724, -6.668216375185434, 0.0 ], [ 106.849465770029411, -6.668238953564689, 0.0 ], [ 106.849353881776352, -6.668221485133277, 0.0 ], [ 106.849192725963661, -6.668186310849435, 0.0 ], [ 106.849121327887133, -6.668231301233387, 0.0 ], [ 106.849072345412623, -6.668289623167425, 0.0 ], [ 106.848996691744134, -6.668392766412836, 0.0 ], [ 106.848939082073144, -6.668536092266688, 0.0 ], [ 106.848917153903727, -6.668652451049653, 0.0 ], [ 106.848863798026059, -6.668737622243306, 0.0 ], [ 106.848769885422058, -6.668742447106037, 0.0 ], [ 106.848644510935614, -6.668707138823251, 0.0 ], [ 106.848611358327673, -6.668700639422767, 0.0 ], [ 106.848532607394077, -6.668685197163917, 0.0 ], [ 106.848398336813901, -6.668663340040961, 0.0 ], [ 106.848218970629148, -6.668543262561357, 0.0 ], [ 106.848084467124636, -6.668458794637502, 0.0 ], [ 106.847954436847971, -6.668374311425165, 0.0 ], [ 106.847815460115527, -6.66828985968916, 0.0 ], [ 106.84763210723608, -6.668299491428211, 0.0 ], [ 106.847498122640474, -6.668353659393702, 0.0 ], [ 106.847310330707359, -6.668372251078338, 0.0 ], [ 106.84717179014612, -6.668404075387659, 0.0 ], [ 106.847033182135803, -6.668418011282053, 0.0 ], [ 106.846851861724232, -6.668477242430662, 0.0 ], [ 106.846847148377364, -6.668450165642472, 0.0 ], [ 106.846788614203405, -6.668209414432837, 0.0 ], [ 106.84674851972855, -6.668044509346451, 0.0 ], [ 106.846596279794653, -6.667466933252211, 0.0 ], [ 106.846508246058889, -6.667036908026738, 0.0 ], [ 106.846488604865414, -6.666967778939661, 0.0 ], [ 106.846487967246034, -6.666965535131144, 0.0 ], [ 106.846381122391023, -6.666589486315591, 0.0 ], [ 106.846336334354547, -6.666416390204102, 0.0 ], [ 106.846260194152848, -6.666122124836029, 0.0 ], [ 106.84611689977524, -6.665575408977755, 0.0 ], [ 106.846063191363385, -6.665370674716744, 0.0 ], [ 106.846003068986619, -6.665157366319221, 0.0 ], [ 106.846001432220433, -6.665151556698881, 0.0 ], [ 106.845981810812106, -6.665081941977871, 0.0 ], [ 106.845850337123551, -6.664628286166288, 0.0 ], [ 106.845819109064749, -6.664520532996079, 0.0 ], [ 106.845771222863874, -6.664327445854781, 0.0 ], [ 106.845727552684579, -6.664151360396833, 0.0 ], [ 106.845662465150824, -6.663867090993261, 0.0 ], [ 106.845606396018553, -6.663622212794742, 0.0 ], [ 106.84552564679133, -6.663349424136502, 0.0 ], [ 106.845431333089692, -6.66295983422879, 0.0 ], [ 106.845403308416081, -6.66284406540111, 0.0 ], [ 106.845346384927936, -6.662638412032909, 0.0 ], [ 106.845305627652778, -6.662491162437014, 0.0 ], [ 106.845295801660058, -6.662439828235325, 0.0 ], [ 106.845247514361446, -6.662187536925082, 0.0 ], [ 106.845207347940942, -6.661977684622258, 0.0 ], [ 106.845186408126352, -6.661661052215564, 0.0 ], [ 106.845179558889711, -6.661557488087446, 0.0 ], [ 106.845174656685202, -6.661483360568479, 0.0 ], [ 106.845196024577007, -6.661296390615714, 0.0 ], [ 106.845224152672685, -6.661050274950089, 0.0 ], [ 106.845225928833685, -6.661034740061069, 0.0 ], [ 106.845235626223328, -6.660949889925263, 0.0 ], [ 106.845297203703154, -6.660634247672217, 0.0 ], [ 106.845316769353587, -6.660533963371531, 0.0 ], [ 106.845465275302374, -6.660114141853981, 0.0 ], [ 106.845490233287819, -6.660065253808281, 0.0 ], [ 106.845614259690478, -6.659822305554766, 0.0 ], [ 106.845695759851594, -6.659580315079285, 0.0 ], [ 106.845745225262121, -6.659433443198672, 0.0 ], [ 106.845968205868189, -6.658863290108599, 0.0 ], [ 106.846103335300896, -6.658502328319607, 0.0 ], [ 106.846199831657046, -6.658244558339579, 0.0 ], [ 106.846335712923022, -6.65792779283322, 0.0 ], [ 106.846370489706516, -6.657846720749419, 0.0 ], [ 106.846445773753686, -6.657689423028259, 0.0 ], [ 106.846518067554939, -6.657538373796736, 0.0 ], [ 106.846558817635497, -6.657453231381307, 0.0 ], [ 106.846722251430975, -6.65713912517031, 0.0 ], [ 106.846926944323215, -6.656745722137227, 0.0 ], [ 106.847073699292011, -6.656449489951868, 0.0 ], [ 106.84718103427744, -6.656232827083155, 0.0 ], [ 106.847251095062177, -6.656082510799113, 0.0 ], [ 106.847289059942298, -6.655973949138296, 0.0 ], [ 106.847293008865449, -6.655962658149974, 0.0 ], [ 106.847320535314651, -6.655883944987941, 0.0 ], [ 106.847340282628124, -6.65581769193281, 0.0 ], [ 106.847343873621057, -6.655805646413295, 0.0 ], [ 106.847358967842212, -6.655755009186173, 0.0 ], [ 106.847404063446973, -6.655603719835614, 0.0 ], [ 106.847421512093234, -6.655545182064273, 0.0 ], [ 106.847501979832643, -6.655275219975234, 0.0 ], [ 106.847514689051835, -6.655232584016382, 0.0 ], [ 106.847682787630703, -6.654668632651131, 0.0 ], [ 106.84773937477253, -6.654456582405235, 0.0 ], [ 106.847858656352074, -6.654101730610176, 0.0 ], [ 106.847883715061585, -6.654027184007152, 0.0 ], [ 106.848036300335153, -6.653438503983669, 0.0 ], [ 106.848229294846277, -6.65269392108744, 0.0 ], [ 106.848282767635766, -6.652487619308047, 0.0 ], [ 106.848316967953906, -6.652355669878087, 0.0 ], [ 106.848385978330427, -6.652089425586407, 0.0 ], [ 106.848414577670738, -6.651979085066575, 0.0 ], [ 106.848488415608102, -6.651694214915906, 0.0 ], [ 106.848516969083065, -6.651584057857765, 0.0 ], [ 106.848609227833748, -6.651078152334691, 0.0 ], [ 106.848682225804268, -6.650677867689261, 0.0 ], [ 106.848720922732596, -6.6504656699545, 0.0 ], [ 106.848729417728677, -6.650419086871153, 0.0 ], [ 106.848770370156615, -6.649758336977509, 0.0 ], [ 106.848792497076289, -6.649141381369486, 0.0 ], [ 106.848762694443039, -6.648580366290737, 0.0 ], [ 106.848749057123499, -6.648309075902983, 0.0 ], [ 106.848742869787785, -6.648185981197887, 0.0 ], [ 106.848733927828704, -6.648008071015479, 0.0 ], [ 106.848857065701139, -6.648106759019559, 0.0 ], [ 106.849039903269073, -6.648374843324181, 0.0 ], [ 106.849222858648176, -6.648674546892632, 0.0 ], [ 106.849384957849708, -6.648805245365654, 0.0 ], [ 106.849620725016649, -6.649086854574495, 0.0 ], [ 106.849784287415119, -6.649238354366407, 0.0 ], [ 106.849969662869754, -6.649411500839921, 0.0 ], [ 106.850135431305262, -6.649571683586188, 0.0 ], [ 106.85018770260055, -6.649601910699445, 0.0 ], [ 106.850320132268408, -6.649564473721306, 0.0 ], [ 106.850437357098514, -6.649529267961221, 0.0 ], [ 106.850541477907029, -6.649476725970018, 0.0 ], [ 106.850569486392871, -6.649411430692833, 0.0 ], [ 106.850697707233564, -6.64941095135422, 0.0 ], [ 106.850806329148952, -6.64939968015096, 0.0 ], [ 106.850880267810268, -6.649412440631455, 0.0 ], [ 106.850993618361002, -6.649503282950011, 0.0 ], [ 106.851093803736191, -6.649587388447067, 0.0 ], [ 106.851384677760876, -6.649831574167688, 0.0 ], [ 106.851735362097472, -6.650078119709271, 0.0 ], [ 106.852127062713947, -6.650329904701149, 0.0 ], [ 106.852339654351752, -6.650459387290688, 0.0 ], [ 106.852504116072254, -6.650682968643942, 0.0 ], [ 106.852474485209513, -6.650861833006996, 0.0 ], [ 106.852387329212078, -6.651053030672607, 0.0 ], [ 106.852387929959178, -6.651213602825337, 0.0 ], [ 106.852436537416438, -6.651403679935655, 0.0 ], [ 106.852501711285129, -6.651658544206231, 0.0 ], [ 106.852517690439228, -6.651879653323203, 0.0 ], [ 106.852500281363092, -6.652085738366011, 0.0 ], [ 106.852479185066471, -6.652265902249468, 0.0 ], [ 106.852467984010474, -6.652361563135436, 0.0 ], [ 106.852475371941011, -6.652716011134832, 0.0 ], [ 106.852572584157599, -6.652782300162876, 0.0 ], [ 106.852685104633991, -6.652890948158543, 0.0 ], [ 106.852758087316033, -6.652960357834061, 0.0 ], [ 106.852831251661101, -6.653078241867174, 0.0 ], [ 106.852941014816196, -6.653259612640863, 0.0 ], [ 106.852950229269851, -6.653366307309074, 0.0 ], [ 106.852969524224363, -6.653589743871393, 0.0 ], [ 106.853006316388615, -6.653704734785517, 0.0 ], [ 106.85318846057919, -6.653794943981364, 0.0 ], [ 106.853446527335592, -6.653930312633651, 0.0 ], [ 106.853738264709321, -6.654156447162176, 0.0 ], [ 106.853887340828322, -6.654316462634515, 0.0 ], [ 106.854096381043334, -6.654306588977779, 0.0 ], [ 106.854287593098064, -6.654390704367366, 0.0 ], [ 106.854379109008818, -6.654553964593592, 0.0 ], [ 106.854428011443716, -6.654665879826318, 0.0 ], [ 106.854516155796162, -6.654738262660533, 0.0 ], [ 106.854671165641918, -6.654864928573403, 0.0 ], [ 106.854804341747084, -6.654825042741344, 0.0 ], [ 106.854916635594378, -6.654873097115601, 0.0 ], [ 106.854947095632156, -6.654915397627317, 0.0 ], [ 106.854923377811815, -6.655054852799083, 0.0 ], [ 106.854841999059204, -6.655170287978276, 0.0 ], [ 106.854799863123304, -6.655249437311497, 0.0 ], [ 106.854791146894144, -6.655346200766434, 0.0 ], [ 106.854797729931448, -6.655485542623509, 0.0 ], [ 106.85479801501657, -6.655561284425584, 0.0 ], [ 106.854822585394203, -6.655649053760673, 0.0 ], [ 106.854929239592934, -6.65580922841297, 0.0 ], [ 106.855005389687165, -6.655914980591717, 0.0 ], [ 106.855181202650542, -6.655932500284525, 0.0 ], [ 106.855348130312194, -6.656004586342448, 0.0 ], [ 106.85545755442277, -6.656095066234204, 0.0 ], [ 106.855509189897333, -6.656128199057001, 0.0 ], [ 106.85557901775762, -6.656164293347313, 0.0 ], [ 106.855658130218742, -6.656251857636999, 0.0 ], [ 106.85579155633539, -6.656278624159064, 0.0 ], [ 106.855906595812968, -6.656250925039977, 0.0 ], [ 106.85597323467718, -6.656244615396503, 0.0 ], [ 106.856033916432267, -6.656265594781221, 0.0 ], [ 106.856052539593151, -6.656383682960456, 0.0 ], [ 106.856050463957928, -6.656521075087376, 0.0 ], [ 106.85605011322231, -6.656544266804278, 0.0 ], [ 106.856026418784339, -6.656689780708671, 0.0 ], [ 106.855993874118184, -6.65689895312406, 0.0 ], [ 106.855912790343197, -6.657093158122542, 0.0 ] ] ] ] } },
{ "type": "Feature", "properties": { "PROVNO": "32", "KABKOTNO": "01", "KECNO": "100", "DESANO": "012", "PROVINSI": "JAWA BARAT", "KABKOT": "BOGOR", "KECAMATAN": "CIAWI", "ID2013": "3201100012", "DESA": "BENDUNGAN", "DESA_1": "BENDUNGAN", "ID2012": "3201100012", "IDKAB2": "3201", "IDKEC_2": "3201100", "WILAYAH": "TENGAH" }, "geometry": { "type": "MultiPolygon", "coordinates": [ [ [ [ 106.859370000125551, -6.655609999801495, 0.0 ], [ 106.859279999572507, -6.655760000423552, 0.0 ], [ 106.859314580303845, -6.656098881158314, 0.0 ], [ 106.859267157253655, -6.656104330150594, 0.0 ], [ 106.859174286963963, -6.656186199033733, 0.0 ], [ 106.859257700882409, -6.656686650168666, 0.0 ], [ 106.859450984075778, -6.657224209129744, 0.0 ], [ 106.85957550510561, -6.657570527257874, 0.0 ], [ 106.859726873596514, -6.65755831086722, 0.0 ], [ 106.859808755070205, -6.657651168566439, 0.0 ], [ 106.860042531138035, -6.657871557326391, 0.0 ], [ 106.860089821987856, -6.658057709795298, 0.0 ], [ 106.860113511029866, -6.658162432250272, 0.0 ], [ 106.85999787170455, -6.658384134919739, 0.0 ], [ 106.860010221194955, -6.65857041868966, 0.0 ], [ 106.860010878599311, -6.658745102104593, 0.0 ], [ 106.86002340255817, -6.658977968957949, 0.0 ], [ 106.859989338936998, -6.659211011179114, 0.0 ], [ 106.859911473835609, -6.659341881422467, 0.0 ], [ 106.859885172263134, -6.659386087597721, 0.0 ], [ 106.85990463718943, -6.659609457610163, 0.0 ], [ 106.8599095187095, -6.659665492568259, 0.0 ], [ 106.860154637027051, -6.659804318214526, 0.0 ], [ 106.860341738280837, -6.660001589901334, 0.0 ], [ 106.86056316575764, -6.660035693092627, 0.0 ], [ 106.860729450403952, -6.66008750843158, 0.0 ], [ 106.860721296250958, -6.660118969414732, 0.0 ], [ 106.860947053064194, -6.660188576041772, 0.0 ], [ 106.861060835289521, -6.660462928621094, 0.0 ], [ 106.86138564343284, -6.660637847658393, 0.0 ], [ 106.861660407901709, -6.660622720162248, 0.0 ], [ 106.861745579095356, -6.660784449742376, 0.0 ], [ 106.861732123438955, -6.66095359783009, 0.0 ], [ 106.861775013905955, -6.661115486590266, 0.0 ], [ 106.861937537587394, -6.661234651257999, 0.0 ], [ 106.862170369367206, -6.661311276194262, 0.0 ], [ 106.862178027094458, -6.661473298054101, 0.0 ], [ 106.862121947170294, -6.661551012069324, 0.0 ], [ 106.86204507132318, -6.661720399376705, 0.0 ], [ 106.862151328920831, -6.661867958339442, 0.0 ], [ 106.862377299772731, -6.661993928177115, 0.0 ], [ 106.862638265044083, -6.662056354616954, 0.0 ], [ 106.862828923116439, -6.662161320788176, 0.0 ], [ 106.863005407873459, -6.662245203253327, 0.0 ], [ 106.863006073371793, -6.66242134267069, 0.0 ], [ 106.862893937805183, -6.66258381688948, 0.0 ], [ 106.862901623411375, -6.662752884937486, 0.0 ], [ 106.862958581073869, -6.662907675348819, 0.0 ], [ 106.863128445021928, -6.663104313013459, 0.0 ], [ 106.863262357671786, -6.663110853782719, 0.0 ], [ 106.863502077359186, -6.663145177307896, 0.0 ], [ 106.863702073991675, -6.663182227577593, 0.0 ], [ 106.863742020977668, -6.663189628098678, 0.0 ], [ 106.863749999762859, -6.66319999997981, 0.0 ], [ 106.864050000107596, -6.663429999794559, 0.0 ], [ 106.864299999945231, -6.663580000416527, 0.0 ], [ 106.864480000152057, -6.663690000093272, 0.0 ], [ 106.864629999874751, -6.663839999815959, 0.0 ], [ 106.864830000104547, -6.664020000022877, 0.0 ], [ 106.86502150174104, -6.664195544088916, 0.0 ], [ 106.865111078713468, -6.664277655789022, 0.0 ], [ 106.865339886027101, -6.664487394777243, 0.0 ], [ 106.865431964014107, -6.66476544087228, 0.0 ], [ 106.865701042968865, -6.665109661781301, 0.0 ], [ 106.86573516594531, -6.665173054093056, 0.0 ], [ 106.865814588672464, -6.665320604062455, 0.0 ], [ 106.86602692220491, -6.665566398670233, 0.0 ], [ 106.866189740864002, -6.665763063314536, 0.0 ], [ 106.866303368405951, -6.665833472136864, 0.0 ], [ 106.866415768373244, -6.665903121931329, 0.0 ], [ 106.86665583519877, -6.666029036011025, 0.0 ], [ 106.866719654688467, -6.666134478823018, 0.0 ], [ 106.866875722137024, -6.666408670423642, 0.0 ], [ 106.866798661029577, -6.666528738010715, 0.0 ], [ 106.866818181713853, -6.666559705266053, 0.0 ], [ 106.866905002264247, -6.66669743194074, 0.0 ], [ 106.866920055116623, -6.666951020073366, 0.0 ], [ 106.867075429187835, -6.667042025169181, 0.0 ], [ 106.86714650890444, -6.667203806909985, 0.0 ], [ 106.867294942907478, -6.667323021939744, 0.0 ], [ 106.867380624016704, -6.667618615606443, 0.0 ], [ 106.867426538004523, -6.667749003813341, 0.0 ], [ 106.867477794864527, -6.66777134657023, 0.0 ], [ 106.867490486097211, -6.66793427404734, 0.0 ], [ 106.867636435273425, -6.66812164779568, 0.0 ], [ 106.867714262603329, -6.668369073773608, 0.0 ], [ 106.867817138750141, -6.668462647333175, 0.0 ], [ 106.867834904857119, -6.66864196405518, 0.0 ], [ 106.867886683323974, -6.668778441571668, 0.0 ], [ 106.868015318752143, -6.668906085946915, 0.0 ], [ 106.868178031291322, -6.669007974638177, 0.0 ], [ 106.868289256743992, -6.669050264358081, 0.0 ], [ 106.868443101967756, -6.669066766018297, 0.0 ], [ 106.868563162360232, -6.669185900109067, 0.0 ], [ 106.868674808695602, -6.669339235417251, 0.0 ], [ 106.868666750770075, -6.669467396902675, 0.0 ], [ 106.868709823799492, -6.669561197091447, 0.0 ], [ 106.868778461856678, -6.669637814833109, 0.0 ], [ 106.868838493401924, -6.669697383227504, 0.0 ], [ 106.868906871555026, -6.669705665983585, 0.0 ], [ 106.869018097907059, -6.66974795390475, 0.0 ], [ 106.869103595554691, -6.669764714569695, 0.0 ], [ 106.8692834275883, -6.66987508027054, 0.0 ], [ 106.869335076552701, -6.669977389844508, 0.0 ], [ 106.869446238153515, -6.670002595143512, 0.0 ], [ 106.869608691687958, -6.670036147050364, 0.0 ], [ 106.869668559556573, -6.670053003942868, 0.0 ], [ 106.869745483067788, -6.670061255222617, 0.0 ], [ 106.869899393042687, -6.670094840404364, 0.0 ], [ 106.869933567280526, -6.670094710002719, 0.0 ], [ 106.870036152046978, -6.670111405017156, 0.0 ], [ 106.870079095574027, -6.670171037263408, 0.0 ], [ 106.870096247444081, -6.670188056033801, 0.0 ], [ 106.87019905883966, -6.670264545172468, 0.0 ], [ 106.870233071199436, -6.670221705966775, 0.0 ], [ 106.87030976718215, -6.670170162223013, 0.0 ], [ 106.870403645611901, -6.670144179909823, 0.0 ], [ 106.870463546755403, -6.670169578563048, 0.0 ], [ 106.87050675018655, -6.67029754579497, 0.0 ], [ 106.870558173421202, -6.670340062143989, 0.0 ], [ 106.870617795774834, -6.670409658878498, 0.0 ], [ 106.870704057846183, -6.670510349672689, 0.0 ], [ 106.870764575025277, -6.670698046277703, 0.0 ], [ 106.870867387320217, -6.670774535416371, 0.0 ], [ 106.87099605692265, -6.670910719753778, 0.0 ], [ 106.871081652596402, -6.670953105701152, 0.0 ], [ 106.871278312744124, -6.67099506986645, 0.0 ], [ 106.871423948056915, -6.671099394821081, 0.0 ], [ 106.87143251499873, -6.671105531794677, 0.0 ], [ 106.871535425319806, -6.671207646215773, 0.0 ], [ 106.871680760258997, -6.671232721113043, 0.0 ], [ 106.871851155706437, -6.671290562809098, 0.0 ], [ 106.871954504896706, -6.67132564536205, 0.0 ], [ 106.872074307183738, -6.671376441769219, 0.0 ], [ 106.872305627203133, -6.671546404642683, 0.0 ], [ 106.872425851272155, -6.671708248436783, 0.0 ], [ 106.872528858720059, -6.671835988140131, 0.0 ], [ 106.872623354984029, -6.671972302879361, 0.0 ], [ 106.872777979919988, -6.672193808597218, 0.0 ], [ 106.872803740100736, -6.672227880312267, 0.0 ], [ 106.873035418050279, -6.672491804353111, 0.0 ], [ 106.873183628122135, -6.672698689792558, 0.0 ], [ 106.872977918995957, -6.673098508589117, 0.0 ], [ 106.872791295282227, -6.673449442937276, 0.0 ], [ 106.872834986145861, -6.673705539279098, 0.0 ], [ 106.872775928566412, -6.673902230903064, 0.0 ], [ 106.872836415168635, -6.67408138484781, 0.0 ], [ 106.872870462601952, -6.674254846084118, 0.0 ], [ 106.872854378227146, -6.674311953034042, 0.0 ], [ 106.872983680952288, -6.674373550298931, 0.0 ], [ 106.873761638588917, -6.674744150122294, 0.0 ], [ 106.874260083336338, -6.675511039802497, 0.0 ], [ 106.874679004632483, -6.67587072815147, 0.0 ], [ 106.874642939120491, -6.675931348752542, 0.0 ], [ 106.874362354239466, -6.67568570882823, 0.0 ], [ 106.874278622860302, -6.675612406886913, 0.0 ], [ 106.873883002098992, -6.675485781443538, 0.0 ], [ 106.873190569989035, -6.67617341027448, 0.0 ], [ 106.873137763597072, -6.676097235898606, 0.0 ], [ 106.873031011372234, -6.676108320042786, 0.0 ], [ 106.872787707886602, -6.676135035303545, 0.0 ], [ 106.872582520367189, -6.676120701908719, 0.0 ], [ 106.872411650977085, -6.676121351219191, 0.0 ], [ 106.872240578340225, -6.676068613175836, 0.0 ], [ 106.871962632069952, -6.675994926324638, 0.0 ], [ 106.871748841635892, -6.675942350159172, 0.0 ], [ 106.87151447561277, -6.676013618733325, 0.0 ], [ 106.871428826879054, -6.676039663999092, 0.0 ], [ 106.871204764388551, -6.67609390301104, 0.0 ], [ 106.870937942732041, -6.676137627149572, 0.0 ], [ 106.870873663688798, -6.676084482612623, 0.0 ], [ 106.870873136686086, -6.675945675852137, 0.0 ], [ 106.870851291254226, -6.675817627681226, 0.0 ], [ 106.870776251822761, -6.675743169211703, 0.0 ], [ 106.870743930188411, -6.675668548864291, 0.0 ], [ 106.870647735105052, -6.675647558687761, 0.0 ], [ 106.870562017123532, -6.675573140687732, 0.0 ], [ 106.870465780671395, -6.675541472860527, 0.0 ], [ 106.870177601015698, -6.675585277938048, 0.0 ], [ 106.870017411074826, -6.675585884980464, 0.0 ], [ 106.869888894357203, -6.675490275355713, 0.0 ], [ 106.869760175292015, -6.675341276578486, 0.0 ], [ 106.869727609941435, -6.675202591226395, 0.0 ], [ 106.869609408447587, -6.675010843175713, 0.0 ], [ 106.869598201995558, -6.674872075985352, 0.0 ], [ 106.869586671787658, -6.67464789028779, 0.0 ], [ 106.869500913336651, -6.674562794637087, 0.0 ], [ 106.869457548027611, -6.674392116802643, 0.0 ], [ 106.869329112248892, -6.674317860680592, 0.0 ], [ 106.869232795757142, -6.674264839350688, 0.0 ], [ 106.869051207347496, -6.674254849681418, 0.0 ], [ 106.868837621059555, -6.674255659071306, 0.0 ], [ 106.868602311647507, -6.674160453242131, 0.0 ], [ 106.868484757665584, -6.67413954310522, 0.0 ], [ 106.868409678663895, -6.67405440698511, 0.0 ], [ 106.868238445947711, -6.673958958339057, 0.0 ], [ 106.868205476801535, -6.673713497379854, 0.0 ], [ 106.867948484734981, -6.673532952183816, 0.0 ], [ 106.867724058019107, -6.673491092339869, 0.0 ], [ 106.867499913690224, -6.673523974251818, 0.0 ], [ 106.867312973415153, -6.673533584407245, 0.0 ], [ 106.867254492301157, -6.673578292404105, 0.0 ], [ 106.866976830216714, -6.67357934281231, 0.0 ], [ 106.866826592173638, -6.673387715270653, 0.0 ], [ 106.866644314883402, -6.673196208238288, 0.0 ], [ 106.86647275931054, -6.673015338387014, 0.0 ], [ 106.866456602989999, -6.672985784865961, 0.0 ], [ 106.866332957899914, -6.672759603572711, 0.0 ], [ 106.866267709387458, -6.672450199916593, 0.0 ], [ 106.866192387568816, -6.672300997892613, 0.0 ], [ 106.865999432627888, -6.672109531329653, 0.0 ], [ 106.865624687829239, -6.671854685944858, 0.0 ], [ 106.865410577236517, -6.671716686775522, 0.0 ], [ 106.865132593194772, -6.671632317777068, 0.0 ], [ 106.864896719008541, -6.67138762393952, 0.0 ], [ 106.86479959582492, -6.671121049596564, 0.0 ], [ 106.864646077055042, -6.670872726994617, 0.0 ], [ 106.864595438029184, -6.670790815843333, 0.0 ], [ 106.864477602559447, -6.670695162151876, 0.0 ], [ 106.864220977416352, -6.670610711315152, 0.0 ], [ 106.864049544151342, -6.670461871717883, 0.0 ], [ 106.863867793863818, -6.670409171445915, 0.0 ], [ 106.86386168836637, -6.67040032031835, 0.0 ], [ 106.863728196599141, -6.670206823086247, 0.0 ], [ 106.863674517864879, -6.670132282778454, 0.0 ], [ 106.863481606091383, -6.669951492067518, 0.0 ], [ 106.86339548611295, -6.669770296661639, 0.0 ], [ 106.863405680827711, -6.669642127082334, 0.0 ], [ 106.863468908563476, -6.669417657198942, 0.0 ], [ 106.863489620849492, -6.669246737446812, 0.0 ], [ 106.863318067974561, -6.669065864897519, 0.0 ], [ 106.863039722405475, -6.668885396143978, 0.0 ], [ 106.862836170752871, -6.668715321754561, 0.0 ], [ 106.862792486184475, -6.668459223614089, 0.0 ], [ 106.862812795574285, -6.66818152825476, 0.0 ], [ 106.862587725843071, -6.667968825101003, 0.0 ], [ 106.862405614028035, -6.667820025073947, 0.0 ], [ 106.862159387745734, -6.667660790213095, 0.0 ], [ 106.861976712955141, -6.667362504875509, 0.0 ], [ 106.861889988632228, -6.667021147407883, 0.0 ], [ 106.861654314095546, -6.666845803890578, 0.0 ], [ 106.861590124984446, -6.666798048091263, 0.0 ], [ 106.861310934951845, -6.666393349573276, 0.0 ], [ 106.861085100796913, -6.665977772855793, 0.0 ], [ 106.860847722044966, -6.665546522753676, 0.0 ], [ 106.860827028644636, -6.665508929293509, 0.0 ], [ 106.860831178116513, -6.665499888409023, 0.0 ], [ 106.860788462118052, -6.665406261789411, 0.0 ], [ 106.860775509182616, -6.665249742881176, 0.0 ], [ 106.860758312346476, -6.665060278209136, 0.0 ], [ 106.860701482387697, -6.66500388442163, 0.0 ], [ 106.860659039783059, -6.664961767371516, 0.0 ], [ 106.860592144611971, -6.664945819693671, 0.0 ], [ 106.860522930089331, -6.664929318932735, 0.0 ], [ 106.860308539807448, -6.664901285265969, 0.0 ], [ 106.860098162300559, -6.664844395052629, 0.0 ], [ 106.859916801419402, -6.664832718255145, 0.0 ], [ 106.859755935188488, -6.664792121958687, 0.0 ], [ 106.85961542511194, -6.664685526215877, 0.0 ], [ 106.859392142333633, -6.664484477376522, 0.0 ], [ 106.859247696823942, -6.664427338051073, 0.0 ], [ 106.859086583279392, -6.664320819649951, 0.0 ], [ 106.858892703835423, -6.664267987177688, 0.0 ], [ 106.858732024663411, -6.66427683290939, 0.0 ], [ 106.858616176695392, -6.664153661761887, 0.0 ], [ 106.858512691707517, -6.664030445648397, 0.0 ], [ 106.858413001858708, -6.663820689573043, 0.0 ], [ 106.858367425116768, -6.663754938339608, 0.0 ], [ 106.858284529207793, -6.663627524190687, 0.0 ], [ 106.858102593660007, -6.663463399715965, 0.0 ], [ 106.857941883911025, -6.663464004959643, 0.0 ], [ 106.857859203839354, -6.663394273326908, 0.0 ], [ 106.857792993052357, -6.663320358047944, 0.0 ], [ 106.857704309106751, -6.66326707411601, 0.0 ], [ 106.857656618957947, -6.663217865911655, 0.0 ], [ 106.857631770689878, -6.663184998388818, 0.0 ], [ 106.85754097423677, -6.663148256586595, 0.0 ], [ 106.857507883682032, -6.663115419640722, 0.0 ], [ 106.857503576828748, -6.663065993800412, 0.0 ], [ 106.857466380868928, -6.663037291937304, 0.0 ], [ 106.857433165308493, -6.663026716809419, 0.0 ], [ 106.857338481985536, -6.662996570635062, 0.0 ], [ 106.85730565493219, -6.663033777386786, 0.0 ], [ 106.857252287363337, -6.663087539758052, 0.0 ], [ 106.85724836811788, -6.66314111776817, 0.0 ], [ 106.857281613355909, -6.663215156254267, 0.0 ], [ 106.857298174371408, -6.663235694971217, 0.0 ], [ 106.857232350292946, -6.663264784442138, 0.0 ], [ 106.857162514338768, -6.663322729560175, 0.0 ], [ 106.857146185348341, -6.663363994052887, 0.0 ], [ 106.857187594631995, -6.663417401191953, 0.0 ], [ 106.857179507928066, -6.663458633309141, 0.0 ], [ 106.857101400009796, -6.663508370314943, 0.0 ], [ 106.857118193050354, -6.663590711342096, 0.0 ], [ 106.857167951639866, -6.663672928262923, 0.0 ], [ 106.857176457427769, -6.663742939584818, 0.0 ], [ 106.857119139137126, -6.663842040377723, 0.0 ], [ 106.857160624863084, -6.663916048286858, 0.0 ], [ 106.857243288746915, -6.663981661024678, 0.0 ], [ 106.85729927873885, -6.664040000045848, 0.0 ], [ 106.857250000387396, -6.664040000045848, 0.0 ], [ 106.856339999791274, -6.663839999815959, 0.0 ], [ 106.855880000162045, -6.663910000346132, 0.0 ], [ 106.855815055620482, -6.663907294286044, 0.0 ], [ 106.855160000234008, -6.663879999861901, 0.0 ], [ 106.854440000305971, -6.663739999701104, 0.0 ], [ 106.854228296299027, -6.663600003137429, 0.0 ], [ 106.853732396632992, -6.66327206984997, 0.0 ], [ 106.853359254426167, -6.663025313866946, 0.0 ], [ 106.853199999780344, -6.662919999658037, 0.0 ], [ 106.852839260123886, -6.662664201891246, 0.0 ], [ 106.852792622181937, -6.662631132020937, 0.0 ], [ 106.852755285028564, -6.662604656879214, 0.0 ], [ 106.852755135741134, -6.662604550759212, 0.0 ], [ 106.852649999597958, -6.662529999659608, 0.0 ], [ 106.851668755608785, -6.66156660811227, 0.0 ], [ 106.851628448893933, -6.661527034344985, 0.0 ], [ 106.851316278023987, -6.660967516637442, 0.0 ], [ 106.850997436882409, -6.660388236327854, 0.0 ], [ 106.850812467921187, -6.660322966231682, 0.0 ], [ 106.850705153620098, -6.660226154213458, 0.0 ], [ 106.850521202691567, -6.660060205014275, 0.0 ], [ 106.850262850850044, -6.659899659841209, 0.0 ], [ 106.850216644582616, -6.65977110715076, 0.0 ], [ 106.850150080362084, -6.659613045005877, 0.0 ], [ 106.849911865240585, -6.659422644139603, 0.0 ], [ 106.8492852967792, -6.659034523724152, 0.0 ], [ 106.84889921332821, -6.658549122743675, 0.0 ], [ 106.848661838173484, -6.658582993010533, 0.0 ], [ 106.848450260071601, -6.658458454893648, 0.0 ], [ 106.848223809881091, -6.658172179102664, 0.0 ], [ 106.848098098148952, -6.657953526034213, 0.0 ], [ 106.848137831096196, -6.65791806216868, 0.0 ], [ 106.848196179110616, -6.657865984227609, 0.0 ], [ 106.848901334828881, -6.657236602686947, 0.0 ], [ 106.849519643916636, -6.657797719389027, 0.0 ], [ 106.85098123919299, -6.659124108790451, 0.0 ], [ 106.851516246777535, -6.658653287618979, 0.0 ], [ 106.851615477072727, -6.658600842754527, 0.0 ], [ 106.851681688759157, -6.658581659315956, 0.0 ], [ 106.851777019593953, -6.658555638331922, 0.0 ], [ 106.851804537949278, -6.658514924224193, 0.0 ], [ 106.851842427286357, -6.658483113404792, 0.0 ], [ 106.851861174553747, -6.658467372571, 0.0 ], [ 106.851879847177372, -6.658396293753768, 0.0 ], [ 106.851884332995752, -6.658330002027792, 0.0 ], [ 106.851884048810007, -6.658254261125087, 0.0 ], [ 106.851935880336811, -6.658187791333283, 0.0 ], [ 106.85202579995088, -6.658177986025073, 0.0 ], [ 106.852139340258532, -6.658153891388832, 0.0 ], [ 106.852234092829292, -6.658157800741762, 0.0 ], [ 106.8523117600798, -6.65818631374723, 0.0 ], [ 106.852362703076466, -6.658179476201767, 0.0 ], [ 106.852417836014496, -6.658108366807571, 0.0 ], [ 106.852464023396152, -6.658015134990283, 0.0 ], [ 106.852514600368721, -6.657910807337721, 0.0 ], [ 106.853174582241337, -6.657719222963667, 0.0 ], [ 106.853278528581399, -6.657662026081503, 0.0 ], [ 106.85341572285752, -6.657633108381091, 0.0 ], [ 106.853538838246962, -6.657637380160821, 0.0 ], [ 106.853647766831159, -6.657646439031808, 0.0 ], [ 106.853775545205437, -6.657631757599383, 0.0 ], [ 106.853926996433884, -6.657616988033368, 0.0 ], [ 106.854080639310169, -6.657690018379494, 0.0 ], [ 106.854164147657428, -6.657729711756613, 0.0 ], [ 106.854382112744474, -6.657776232786752, 0.0 ], [ 106.854571439820276, -6.657761321127911, 0.0 ], [ 106.854737005008943, -6.657722828345705, 0.0 ], [ 106.854926314098321, -6.657703181756283, 0.0 ], [ 106.855134526037745, -6.657673996957172, 0.0 ], [ 106.855224445651814, -6.657664190749681, 0.0 ], [ 106.855305093255609, -6.657706493060047, 0.0 ], [ 106.855384238991618, -6.657759346216743, 0.0 ], [ 106.855466705923931, -6.657876306646084, 0.0 ], [ 106.855557141748889, -6.658003782848123, 0.0 ], [ 106.855590780889955, -6.658136206220746, 0.0 ], [ 106.855714216438145, -6.658225686965693, 0.0 ], [ 106.855780517157285, -6.658230171884796, 0.0 ], [ 106.855837134876055, -6.658177886200392, 0.0 ], [ 106.855846248605644, -6.65808317409903, 0.0 ], [ 106.855850414265376, -6.657931673407838, 0.0 ], [ 106.855783010977362, -6.657633690242406, 0.0 ], [ 106.855691898862261, -6.657326328047422, 0.0 ], [ 106.855804886986107, -6.657155482938961, 0.0 ], [ 106.855912790343197, -6.657093158122542, 0.0 ], [ 106.855980000276986, -6.657249999887451, 0.0 ], [ 106.856620000113054, -6.657450000117251, 0.0 ], [ 106.856729999789792, -6.657499999724994, 0.0 ], [ 106.856869999950774, -6.657639999885969, 0.0 ], [ 106.856909999996716, -6.657789999608568, 0.0 ], [ 106.856889999973745, -6.658040000345569, 0.0 ], [ 106.856780000296993, -6.658370000275085, 0.0 ], [ 106.85654000002117, -6.658609999651635, 0.0 ], [ 106.856399999860287, -6.658760000273602, 0.0 ], [ 106.856310000206506, -6.658909999996379, 0.0 ], [ 106.85625999969939, -6.659099999765008, 0.0 ], [ 106.856190000068679, -6.659179999856981, 0.0 ], [ 106.856147277774795, -6.659226008273524, 0.0 ], [ 106.856059565996333, -6.659321591817804, 0.0 ], [ 106.856029999884726, -6.659429999694524, 0.0 ], [ 106.856049999907697, -6.659580000316581, 0.0 ], [ 106.856063168680436, -6.659629382090184, 0.0 ], [ 106.856089999953738, -6.659730000039268, 0.0 ], [ 106.856030999031546, -6.659943880405574, 0.0 ], [ 106.856009999861755, -6.66001999992293, 0.0 ], [ 106.856008363995031, -6.660075617595531, 0.0 ], [ 106.856000000299957, -6.660360000313617, 0.0 ], [ 106.855928355809169, -6.660637621029277, 0.0 ], [ 106.855920000207988, -6.660670000220161, 0.0 ], [ 106.855895025135482, -6.660786548760047, 0.0 ], [ 106.855889999723928, -6.660810000381048, 0.0 ], [ 106.855927345870469, -6.660892160644529, 0.0 ], [ 106.855940000230959, -6.660920000057793, 0.0 ], [ 106.856069999930767, -6.661049999757509, 0.0 ], [ 106.856150000022652, -6.661089999803451, 0.0 ], [ 106.856230000114621, -6.661089999803451, 0.0 ], [ 106.856390000298475, -6.660900000034822, 0.0 ], [ 106.856569301732094, -6.660929883607061, 0.0 ], [ 106.85682500776808, -6.66097250068022, 0.0 ], [ 106.856930000019688, -6.660989999688596, 0.0 ], [ 106.856930000019688, -6.661270000010369, 0.0 ], [ 106.857030000134543, -6.661359999664143, 0.0 ], [ 106.857279999972178, -6.661399999710085, 0.0 ], [ 106.85748000020206, -6.661450000217197, 0.0 ], [ 106.857952682970094, -6.661530116321703, 0.0 ], [ 106.858070000430374, -6.661550000332142, 0.0 ], [ 106.858240000176039, -6.661570000355113, 0.0 ], [ 106.858519999598442, -6.661650000446997, 0.0 ], [ 106.858790000358411, -6.661740000100771, 0.0 ], [ 106.858739295682128, -6.661689296323772, 0.0 ], [ 106.858639999736354, -6.661590000378084, 0.0 ], [ 106.858599999690412, -6.661470000240168, 0.0 ], [ 106.858599999690412, -6.66129000003334, 0.0 ], [ 106.858619999713383, -6.661200000379566, 0.0 ], [ 106.858670000220499, -6.660980000126795, 0.0 ], [ 106.858799999920208, -6.660630000174219, 0.0 ], [ 106.858920000058134, -6.660400000359559, 0.0 ], [ 106.8592000003799, -6.65979000010827, 0.0 ], [ 106.859220000402871, -6.659469999740466, 0.0 ], [ 106.859229999964754, -6.659320000017868, 0.0 ], [ 106.859229999964754, -6.659239999925894, 0.0 ], [ 106.8592000003799, -6.659030000134205, 0.0 ], [ 106.85914265331094, -6.658521044110746, 0.0 ], [ 106.85912000028793, -6.658319999768061, 0.0 ], [ 106.859089999803786, -6.657650000347051, 0.0 ], [ 106.85905605309452, -6.657252341722, 0.0 ], [ 106.85902000017299, -6.656830000304161, 0.0 ], [ 106.858980503747475, -6.656767933593102, 0.0 ], [ 106.858949999642988, -6.656719999728047, 0.0 ], [ 106.858859999989221, -6.656679999682105, 0.0 ], [ 106.858790000358411, -6.656610000051302, 0.0 ], [ 106.858880000012192, -6.656229999614673, 0.0 ], [ 106.858949999642988, -6.655879999662098, 0.0 ], [ 106.859089999803786, -6.655409999571607, 0.0 ], [ 106.859170340738757, -6.655380785094991, 0.0 ], [ 106.8592000003799, -6.655370000425034, 0.0 ], [ 106.859370000125551, -6.655609999801495, 0.0 ] ] ] ] } },
{ "type": "Feature", "properties": { "PROVNO": "32", "KABKOTNO": "01", "KECNO": "100", "DESANO": "013", "PROVINSI": "JAWA BARAT", "KABKOT": "BOGOR", "KECAMATAN": "CIAWI", "ID2013": "3201100013", "DESA": "PANDANSARI", "DESA_1": "PANDANSARI", "ID2012": "3201100013", "IDKAB2": "3201", "IDKEC_2": "3201100", "WILAYAH": "TENGAH" }, "geometry": { "type": "MultiPolygon", "coordinates": [ [ [ [ 106.852909999896767, -6.641950000292098, 0.0 ], [ 106.853010000011707, -6.642369999875388, 0.0 ], [ 106.853059999619546, -6.642889999573622, 0.0 ], [ 106.85311999968846, -6.643279999572052, 0.0 ], [ 106.853170000195576, -6.64372999963966, 0.0 ], [ 106.853239999826371, -6.644059999569176, 0.0 ], [ 106.853379999987254, -6.644299999845007, 0.0 ], [ 106.853609999801918, -6.64458000016678, 0.0 ], [ 106.853799999570555, -6.644839999566123, 0.0 ], [ 106.854070000330438, -6.645010000211151, 0.0 ], [ 106.854329999729956, -6.645090000303036, 0.0 ], [ 106.854483549076704, -6.645134359363016, 0.0 ], [ 106.854779999797387, -6.645220000002752, 0.0 ], [ 106.85502000007321, -6.645329999679497, 0.0 ], [ 106.855229999864818, -6.645509999886414, 0.0 ], [ 106.85541999963354, -6.645679999632161, 0.0 ], [ 106.85553000020947, -6.64587000030016, 0.0 ], [ 106.855610000301539, -6.646140000160674, 0.0 ], [ 106.85562881501798, -6.646252886661177, 0.0 ], [ 106.855679999932249, -6.646559999743964, 0.0 ], [ 106.855740000001163, -6.646779999996824, 0.0 ], [ 106.855820000093132, -6.64690999969654, 0.0 ], [ 106.855949999792941, -6.647029999834366, 0.0 ], [ 106.856190000068764, -6.647210000041284, 0.0 ], [ 106.856510000436401, -6.647370000225141, 0.0 ], [ 106.857090000203542, -6.647589999578631, 0.0 ], [ 106.857138969188327, -6.647607598411778, 0.0 ], [ 106.857730000039695, -6.647820000292572, 0.0 ], [ 106.858149999623066, -6.64797000001526, 0.0 ], [ 106.858550000082673, -6.648210000291002, 0.0 ], [ 106.858663537692294, -6.648257077102162, 0.0 ], [ 106.858960000104076, -6.648380000036838, 0.0 ], [ 106.85931999961845, -6.648489999713583, 0.0 ], [ 106.859680000032199, -6.648520000197635, 0.0 ], [ 106.860119999638542, -6.648469999690612, 0.0 ], [ 106.860273546287445, -6.648444408582446, 0.0 ], [ 106.860419999983293, -6.64842000008278, 0.0 ], [ 106.8606899998438, -6.648330000429006, 0.0 ], [ 106.861030000234578, -6.648290000382975, 0.0 ], [ 106.861349999702924, -6.648290000382975, 0.0 ], [ 106.86149856590626, -6.648310259410763, 0.0 ], [ 106.861569999955776, -6.648319999967747, 0.0 ], [ 106.861870000300527, -6.64844999966764, 0.0 ], [ 106.862289999883814, -6.648689999943294, 0.0 ], [ 106.862789999559084, -6.649019999872987, 0.0 ], [ 106.863120000387966, -6.649360000263673, 0.0 ], [ 106.863489327670493, -6.649700169726849, 0.0 ], [ 106.86349999992531, -6.64971000021616, 0.0 ], [ 106.863880000361945, -6.649960000053703, 0.0 ], [ 106.864059999669578, -6.650069999730448, 0.0 ], [ 106.864239999876318, -6.650129999799539, 0.0 ], [ 106.86442999964494, -6.650180000306563, 0.0 ], [ 106.864759999574545, -6.65014000026062, 0.0 ], [ 106.865050000357485, -6.650080000191707, 0.0 ], [ 106.865340000240977, -6.649980000076674, 0.0 ], [ 106.865610000101583, -6.64991000044596, 0.0 ], [ 106.865850000377407, -6.649879999961819, 0.0 ], [ 106.866049999707926, -6.64991000044596, 0.0 ], [ 106.866189999868823, -6.649949999592621, 0.0 ], [ 106.866370000075648, -6.650100000214678, 0.0 ], [ 106.866418022973662, -6.650163302594105, 0.0 ], [ 106.8665900003285, -6.650390000098163, 0.0 ], [ 106.866800000120108, -6.650849999727573, 0.0 ], [ 106.866846438412523, -6.650961997697848, 0.0 ], [ 106.866969999865859, -6.651259999748973, 0.0 ], [ 106.866392101814213, -6.651808979200826, 0.0 ], [ 106.866796189692664, -6.652235842409961, 0.0 ], [ 106.867030961310007, -6.652520547085352, 0.0 ], [ 106.86743402126325, -6.652674802400007, 0.0 ], [ 106.868161555711481, -6.652801869410609, 0.0 ], [ 106.868042398238259, -6.652905116977461, 0.0 ], [ 106.867514517780961, -6.653362514867958, 0.0 ], [ 106.867320312782397, -6.653506043968562, 0.0 ], [ 106.867060800815452, -6.653545969370835, 0.0 ], [ 106.866203680355781, -6.653484298361558, 0.0 ], [ 106.86586627001256, -6.653524516043454, 0.0 ], [ 106.865062011702662, -6.653709290750989, 0.0 ], [ 106.864820426821396, -6.653834214677126, 0.0 ], [ 106.864136731625024, -6.654187752562581, 0.0 ], [ 106.863543335556656, -6.654494597647389, 0.0 ], [ 106.863494104869218, -6.65452005475661, 0.0 ], [ 106.863307662818528, -6.65455931555984, 0.0 ], [ 106.862569583819464, -6.654714739993075, 0.0 ], [ 106.860930000119623, -6.65505999961912, 0.0 ], [ 106.860716727695021, -6.655109665578465, 0.0 ], [ 106.860199999730341, -6.655230000264147, 0.0 ], [ 106.860029999984675, -6.655279999871979, 0.0 ], [ 106.859966806423103, -6.655290531832438, 0.0 ], [ 106.859789999708852, -6.655319999917921, 0.0 ], [ 106.8596800000321, -6.655330000379092, 0.0 ], [ 106.859530000309505, -6.655339999940892, 0.0 ], [ 106.859410000171493, -6.655359999963864, 0.0 ], [ 106.8592000003799, -6.655370000425034, 0.0 ], [ 106.859170340738757, -6.655380785094991, 0.0 ], [ 106.859089999803786, -6.655409999571607, 0.0 ], [ 106.858949999642988, -6.655879999662098, 0.0 ], [ 106.858880000012192, -6.656229999614673, 0.0 ], [ 106.858790000358411, -6.656610000051302, 0.0 ], [ 106.858859999989221, -6.656679999682105, 0.0 ], [ 106.858949999642988, -6.656719999728047, 0.0 ], [ 106.858980503747475, -6.656767933593102, 0.0 ], [ 106.85902000017299, -6.656830000304161, 0.0 ], [ 106.85905605309452, -6.657252341722, 0.0 ], [ 106.859089999803786, -6.657650000347051, 0.0 ], [ 106.85912000028793, -6.658319999768061, 0.0 ], [ 106.85914265331094, -6.658521044110746, 0.0 ], [ 106.8592000003799, -6.659030000134205, 0.0 ], [ 106.859229999964754, -6.659239999925894, 0.0 ], [ 106.859229999964754, -6.659320000017868, 0.0 ], [ 106.859220000402871, -6.659469999740466, 0.0 ], [ 106.8592000003799, -6.65979000010827, 0.0 ], [ 106.858920000058134, -6.660400000359559, 0.0 ], [ 106.858799999920208, -6.660630000174219, 0.0 ], [ 106.858670000220499, -6.660980000126795, 0.0 ], [ 106.858619999713383, -6.661200000379566, 0.0 ], [ 106.858599999690412, -6.66129000003334, 0.0 ], [ 106.858599999690412, -6.661470000240168, 0.0 ], [ 106.858639999736354, -6.661590000378084, 0.0 ], [ 106.858739295682128, -6.661689296323772, 0.0 ], [ 106.858790000358411, -6.661740000100771, 0.0 ], [ 106.858519999598442, -6.661650000446997, 0.0 ], [ 106.858240000176039, -6.661570000355113, 0.0 ], [ 106.858070000430374, -6.661550000332142, 0.0 ], [ 106.857952682970094, -6.661530116321703, 0.0 ], [ 106.85748000020206, -6.661450000217197, 0.0 ], [ 106.857279999972178, -6.661399999710085, 0.0 ], [ 106.857030000134543, -6.661359999664143, 0.0 ], [ 106.856930000019688, -6.661270000010369, 0.0 ], [ 106.856930000019688, -6.660989999688596, 0.0 ], [ 106.85682500776808, -6.66097250068022, 0.0 ], [ 106.856569301732094, -6.660929883607061, 0.0 ], [ 106.856390000298475, -6.660900000034822, 0.0 ], [ 106.856230000114621, -6.661089999803451, 0.0 ], [ 106.856150000022652, -6.661089999803451, 0.0 ], [ 106.856069999930767, -6.661049999757509, 0.0 ], [ 106.855940000230959, -6.660920000057793, 0.0 ], [ 106.855927345870469, -6.660892160644529, 0.0 ], [ 106.855889999723928, -6.660810000381048, 0.0 ], [ 106.855895025135482, -6.660786548760047, 0.0 ], [ 106.855920000207988, -6.660670000220161, 0.0 ], [ 106.855928355809169, -6.660637621029277, 0.0 ], [ 106.856000000299957, -6.660360000313617, 0.0 ], [ 106.856008363995031, -6.660075617595531, 0.0 ], [ 106.856009999861755, -6.66001999992293, 0.0 ], [ 106.856030999031546, -6.659943880405574, 0.0 ], [ 106.856089999953738, -6.659730000039268, 0.0 ], [ 106.856063168680436, -6.659629382090184, 0.0 ], [ 106.856049999907697, -6.659580000316581, 0.0 ], [ 106.856029999884726, -6.659429999694524, 0.0 ], [ 106.856059565996333, -6.659321591817804, 0.0 ], [ 106.856147277774795, -6.659226008273524, 0.0 ], [ 106.856190000068679, -6.659179999856981, 0.0 ], [ 106.85625999969939, -6.659099999765008, 0.0 ], [ 106.856310000206506, -6.658909999996379, 0.0 ], [ 106.856399999860287, -6.658760000273602, 0.0 ], [ 106.85654000002117, -6.658609999651635, 0.0 ], [ 106.856780000296993, -6.658370000275085, 0.0 ], [ 106.856889999973745, -6.658040000345569, 0.0 ], [ 106.856909999996716, -6.657789999608568, 0.0 ], [ 106.856869999950774, -6.657639999885969, 0.0 ], [ 106.856729999789792, -6.657499999724994, 0.0 ], [ 106.856620000113054, -6.657450000117251, 0.0 ], [ 106.855980000276986, -6.657249999887451, 0.0 ], [ 106.855912790343197, -6.657093158122542, 0.0 ], [ 106.855993874118184, -6.65689895312406, 0.0 ], [ 106.856026418784339, -6.656689780708671, 0.0 ], [ 106.85605011322231, -6.656544266804278, 0.0 ], [ 106.856050463957928, -6.656521075087376, 0.0 ], [ 106.856052539593151, -6.656383682960456, 0.0 ], [ 106.856033916432267, -6.656265594781221, 0.0 ], [ 106.85597323467718, -6.656244615396503, 0.0 ], [ 106.855906595812968, -6.656250925039977, 0.0 ], [ 106.85579155633539, -6.656278624159064, 0.0 ], [ 106.855658130218742, -6.656251857636999, 0.0 ], [ 106.85557901775762, -6.656164293347313, 0.0 ], [ 106.855509189897333, -6.656128199057001, 0.0 ], [ 106.85545755442277, -6.656095066234204, 0.0 ], [ 106.855348130312194, -6.656004586342448, 0.0 ], [ 106.855181202650542, -6.655932500284525, 0.0 ], [ 106.855005389687165, -6.655914980591717, 0.0 ], [ 106.854929239592934, -6.65580922841297, 0.0 ], [ 106.854822585394203, -6.655649053760673, 0.0 ], [ 106.85479801501657, -6.655561284425584, 0.0 ], [ 106.854797729931448, -6.655485542623509, 0.0 ], [ 106.854791146894144, -6.655346200766434, 0.0 ], [ 106.854799863123304, -6.655249437311497, 0.0 ], [ 106.854841999059204, -6.655170287978276, 0.0 ], [ 106.854923377811815, -6.655054852799083, 0.0 ], [ 106.854947095632156, -6.654915397627317, 0.0 ], [ 106.854916635594378, -6.654873097115601, 0.0 ], [ 106.854804341747084, -6.654825042741344, 0.0 ], [ 106.854671165641918, -6.654864928573403, 0.0 ], [ 106.854516155796162, -6.654738262660533, 0.0 ], [ 106.854428011443716, -6.654665879826318, 0.0 ], [ 106.854379109008818, -6.654553964593592, 0.0 ], [ 106.854287593098064, -6.654390704367366, 0.0 ], [ 106.854096381043334, -6.654306588977779, 0.0 ], [ 106.853887340828322, -6.654316462634515, 0.0 ], [ 106.853738264709321, -6.654156447162176, 0.0 ], [ 106.853446527335592, -6.653930312633651, 0.0 ], [ 106.85318846057919, -6.653794943981364, 0.0 ], [ 106.853006316388615, -6.653704734785517, 0.0 ], [ 106.852969524224363, -6.653589743871393, 0.0 ], [ 106.852950229269851, -6.653366307309074, 0.0 ], [ 106.852941014816196, -6.653259612640863, 0.0 ], [ 106.852831251661101, -6.653078241867174, 0.0 ], [ 106.852758087316033, -6.652960357834061, 0.0 ], [ 106.852685104633991, -6.652890948158543, 0.0 ], [ 106.852572584157599, -6.652782300162876, 0.0 ], [ 106.852475371941011, -6.652716011134832, 0.0 ], [ 106.852467984010474, -6.652361563135436, 0.0 ], [ 106.852479185066471, -6.652265902249468, 0.0 ], [ 106.852500281363092, -6.652085738366011, 0.0 ], [ 106.852517690439228, -6.651879653323203, 0.0 ], [ 106.852501711285129, -6.651658544206231, 0.0 ], [ 106.852436537416438, -6.651403679935655, 0.0 ], [ 106.852387929959178, -6.651213602825337, 0.0 ], [ 106.852387329212078, -6.651053030672607, 0.0 ], [ 106.852474485209513, -6.650861833006996, 0.0 ], [ 106.852504116072254, -6.650682968643942, 0.0 ], [ 106.852339654351752, -6.650459387290688, 0.0 ], [ 106.852127062713947, -6.650329904701149, 0.0 ], [ 106.851735362097472, -6.650078119709271, 0.0 ], [ 106.851384677760876, -6.649831574167688, 0.0 ], [ 106.851093803736191, -6.649587388447067, 0.0 ], [ 106.850993618361002, -6.649503282950011, 0.0 ], [ 106.850880267810268, -6.649412440631455, 0.0 ], [ 106.850806329148952, -6.64939968015096, 0.0 ], [ 106.850697707233564, -6.64941095135422, 0.0 ], [ 106.850569486392871, -6.649411430692833, 0.0 ], [ 106.850541477907029, -6.649476725970018, 0.0 ], [ 106.850437357098514, -6.649529267961221, 0.0 ], [ 106.850320132268408, -6.649564473721306, 0.0 ], [ 106.85018770260055, -6.649601910699445, 0.0 ], [ 106.850135431305262, -6.649571683586188, 0.0 ], [ 106.849969662869754, -6.649411500839921, 0.0 ], [ 106.849784287415119, -6.649238354366407, 0.0 ], [ 106.849620725016649, -6.649086854574495, 0.0 ], [ 106.849384957849708, -6.648805245365654, 0.0 ], [ 106.849222858648176, -6.648674546892632, 0.0 ], [ 106.849039903269073, -6.648374843324181, 0.0 ], [ 106.848857065701139, -6.648106759019559, 0.0 ], [ 106.848733927828704, -6.648008071015479, 0.0 ], [ 106.848727994101779, -6.647890017909877, 0.0 ], [ 106.848693955661702, -6.647376300875365, 0.0 ], [ 106.848627077577746, -6.64667001560856, 0.0 ], [ 106.84834999195877, -6.645579131671422, 0.0 ], [ 106.84791105714973, -6.644151643183651, 0.0 ], [ 106.847465574376926, -6.643132982900681, 0.0 ], [ 106.847441325057304, -6.643077534300659, 0.0 ], [ 106.847198880424145, -6.642660941349234, 0.0 ], [ 106.847069423015611, -6.642459932080005, 0.0 ], [ 106.84690953794501, -6.64217346833075, 0.0 ], [ 106.846590064579999, -6.641679939277569, 0.0 ], [ 106.846165046779674, -6.641042973754043, 0.0 ], [ 106.845816307676643, -6.640577336274891, 0.0 ], [ 106.845438795664066, -6.640082220817725, 0.0 ], [ 106.84541753659019, -6.640055002835901, 0.0 ], [ 106.844938572057615, -6.639441777615787, 0.0 ], [ 106.844583777819281, -6.639041658445635, 0.0 ], [ 106.844202318682193, -6.638561710054738, 0.0 ], [ 106.843508775010193, -6.637672571032152, 0.0 ], [ 106.843143238369947, -6.637362943444938, 0.0 ], [ 106.843112894344785, -6.637315520394829, 0.0 ], [ 106.84273549025086, -6.636786960050003, 0.0 ], [ 106.84264392217942, -6.636654865829286, 0.0 ], [ 106.841991392988561, -6.635778520562088, 0.0 ], [ 106.84165973470914, -6.635333106137722, 0.0 ], [ 106.841507136845024, -6.635114691389745, 0.0 ], [ 106.841362178721738, -6.634935398050015, 0.0 ], [ 106.841263017674279, -6.634796655141386, 0.0 ], [ 106.841161345719684, -6.634650187056348, 0.0 ], [ 106.841163773889178, -6.634650187056348, 0.0 ], [ 106.841163647084826, -6.634649999997357, 0.0 ], [ 106.841206765979592, -6.634649999997357, 0.0 ], [ 106.841419999733361, -6.634649999997357, 0.0 ], [ 106.841860000238995, -6.634670000020328, 0.0 ], [ 106.842170000145629, -6.6346900000433, 0.0 ], [ 106.842430000444338, -6.634739999651131, 0.0 ], [ 106.842629999774857, -6.634790000158244, 0.0 ], [ 106.842859999589521, -6.634879999811929, 0.0 ], [ 106.843039999796346, -6.634950000342101, 0.0 ], [ 106.843130000349404, -6.635010000411015, 0.0 ], [ 106.843249999588039, -6.635129999649649, 0.0 ], [ 106.843360000164068, -6.635269999810447, 0.0 ], [ 106.843460000279009, -6.63536000036359, 0.0 ], [ 106.843670000070603, -6.635479999602136, 0.0 ], [ 106.844080000092092, -6.635690000293106, 0.0 ], [ 106.84453999972142, -6.635900000084796, 0.0 ], [ 106.844960000203983, -6.636109999876485, 0.0 ], [ 106.845390000248443, -6.636379999736999, 0.0 ], [ 106.84568000013202, -6.636649999597601, 0.0 ], [ 106.845920000407858, -6.636860000288571, 0.0 ], [ 106.846110000176566, -6.636989999988376, 0.0 ], [ 106.846127663760853, -6.636998243174244, 0.0 ], [ 106.846268021851955, -6.637063744396112, 0.0 ], [ 106.84640999962194, -6.637130000149263, 0.0 ], [ 106.846640000335881, -6.637210000241147, 0.0 ], [ 106.846830000104603, -6.637219999803037, 0.0 ], [ 106.847099999965209, -6.637230000264118, 0.0 ], [ 106.847440000355888, -6.637190000218176, 0.0 ], [ 106.847719999778377, -6.637150000172234, 0.0 ], [ 106.847825792426534, -6.637164426197142, 0.0 ], [ 106.847940000031159, -6.637179999757006, 0.0 ], [ 106.848140000260955, -6.637230000264118, 0.0 ], [ 106.848379999637501, -6.637339999940863, 0.0 ], [ 106.848630000374413, -6.637629999824437, 0.0 ], [ 106.848880000212048, -6.637990000238183, 0.0 ], [ 106.849090000003656, -6.638240000075726, 0.0 ], [ 106.849241173341582, -6.638412768834048, 0.0 ], [ 106.849299999795335, -6.638480000351556, 0.0 ], [ 106.849430000394335, -6.638650000097215, 0.0 ], [ 106.849529999609999, -6.638930000418988, 0.0 ], [ 106.849600000140086, -6.639280000371564, 0.0 ], [ 106.849669999770882, -6.639670000370081, 0.0 ], [ 106.849689999793853, -6.639940000230595, 0.0 ], [ 106.849720000277998, -6.640330000229113, 0.0 ], [ 106.849780000346911, -6.640600000089805, 0.0 ], [ 106.849860000438881, -6.640749999812492, 0.0 ], [ 106.849999999700401, -6.640909999996349, 0.0 ], [ 106.850159999884255, -6.641030000134265, 0.0 ], [ 106.850380000137122, -6.641059999719037, 0.0 ], [ 106.85073999965141, -6.640999999650123, 0.0 ], [ 106.851129999649928, -6.640959999604181, 0.0 ], [ 106.851420000432867, -6.640909999996349, 0.0 ], [ 106.851670000270502, -6.64093999958121, 0.0 ], [ 106.851868852066062, -6.640993537121833, 0.0 ], [ 106.851929999669935, -6.641010000111205, 0.0 ], [ 106.852270000060614, -6.641159999833981, 0.0 ], [ 106.852459999829335, -6.641270000410007, 0.0 ], [ 106.852620000013189, -6.641400000109723, 0.0 ], [ 106.852780000197043, -6.641609999901412, 0.0 ], [ 106.85290000033487, -6.641890000223185, 0.0 ], [ 106.852909999896767, -6.641950000292098, 0.0 ] ] ] ] } },
{ "type": "Feature", "properties": { "PROVNO": "32", "KABKOTNO": "01", "KECNO": "100", "DESANO": "005", "PROVINSI": "JAWA BARAT", "KABKOT": "BOGOR", "KECAMATAN": "CIAWI", "ID2013": "3201100005", "DESA": "JAMBU LUWUK", "DESA_1": "JAMBU LUWUK", "ID2012": "3201100005", "IDKAB2": "3201", "IDKEC_2": "3201100", "WILAYAH": "TENGAH" }, "geometry": { "type": "MultiPolygon", "coordinates": [ [ [ [ 106.879453153740172, -6.68790216964922, 0.0 ], [ 106.879682839691498, -6.687945353295301, 0.0 ], [ 106.87982283265778, -6.688008329220843, 0.0 ], [ 106.879912081377668, -6.688090553336181, 0.0 ], [ 106.879928044343984, -6.688104527002139, 0.0 ], [ 106.879937510607846, -6.688123276967453, 0.0 ], [ 106.879961691578941, -6.68813398159779, 0.0 ], [ 106.880020435295052, -6.68818540483235, 0.0 ], [ 106.880459544572531, -6.688393312800969, 0.0 ], [ 106.880593162244836, -6.688449961995993, 0.0 ], [ 106.880764843722758, -6.688493764375583, 0.0 ], [ 106.880764750193222, -6.688491984617286, 0.0 ], [ 106.88076461619427, -6.688489434139946, 0.0 ], [ 106.88073965371224, -6.688017263985415, 0.0 ], [ 106.880730604733785, -6.687846081631257, 0.0 ], [ 106.880747086608935, -6.687792634022696, 0.0 ], [ 106.880755547430752, -6.687765198405007, 0.0 ], [ 106.880795462940497, -6.687745052691909, 0.0 ], [ 106.880967519435686, -6.687748694946141, 0.0 ], [ 106.882146498262429, -6.688114829635552, 0.0 ], [ 106.882745514194312, -6.688303259187869, 0.0 ], [ 106.882924187901153, -6.688371182284083, 0.0 ], [ 106.883246153287502, -6.688460742169369, 0.0 ], [ 106.883482266693406, -6.688535013579813, 0.0 ], [ 106.883482234317881, -6.688526377390271, 0.0 ], [ 106.883810209873474, -6.688616959804641, 0.0 ], [ 106.883963950775893, -6.688659422194423, 0.0 ], [ 106.884051549239757, -6.688697945553592, 0.0 ], [ 106.884082193638505, -6.688692080175187, 0.0 ], [ 106.884145142584472, -6.688709465869049, 0.0 ], [ 106.884309628586621, -6.688718143427455, 0.0 ], [ 106.884481887429359, -6.688727229278104, 0.0 ], [ 106.884822395037702, -6.688845547683755, 0.0 ], [ 106.884902514739423, -6.688873387996299, 0.0 ], [ 106.885277675024838, -6.689043118844697, 0.0 ], [ 106.885314787347738, -6.689029466236676, 0.0 ], [ 106.885327936335415, -6.689035190421535, 0.0 ], [ 106.885550315295006, -6.689047038989528, 0.0 ], [ 106.885587378155179, -6.689078293128539, 0.0 ], [ 106.885649827078097, -6.689130952031643, 0.0 ], [ 106.88567777530929, -6.689154518765896, 0.0 ], [ 106.885659228590725, -6.689287962869042, 0.0 ], [ 106.88574219914338, -6.68938926160493, 0.0 ], [ 106.885839223401604, -6.689444926941714, 0.0 ], [ 106.885863160656541, -6.689458661387917, 0.0 ], [ 106.885933133307589, -6.689483797439113, 0.0 ], [ 106.88602880138825, -6.689483428717082, 0.0 ], [ 106.886041122100252, -6.689483381952357, 0.0 ], [ 106.886079431420768, -6.689534044360492, 0.0 ], [ 106.886181262555411, -6.689584462153011, 0.0 ], [ 106.886300000045111, -6.689539999671048, 0.0 ], [ 106.886309195613066, -6.689549697960064, 0.0 ], [ 106.886365576810107, -6.689609160234369, 0.0 ], [ 106.886454899274383, -6.689710433789333, 0.0 ], [ 106.886468739840666, -6.689714779313451, 0.0 ], [ 106.886570479244327, -6.689746714239355, 0.0 ], [ 106.886594820294846, -6.689754354879387, 0.0 ], [ 106.886664890072822, -6.689804894979758, 0.0 ], [ 106.886646004309824, -6.689849424910879, 0.0 ], [ 106.886597772769193, -6.690002131592934, 0.0 ], [ 106.886545586010186, -6.690167364931767, 0.0 ], [ 106.886470162568116, -6.690377239717673, 0.0 ], [ 106.88641975916471, -6.690485402079496, 0.0 ], [ 106.886540817804715, -6.690580204112919, 0.0 ], [ 106.886757576900806, -6.690782607331283, 0.0 ], [ 106.886763114925955, -6.690800086554596, 0.0 ], [ 106.886789728563301, -6.690884100320851, 0.0 ], [ 106.88684523831725, -6.690925391793225, 0.0 ], [ 106.886859783052699, -6.690961345789361, 0.0 ], [ 106.886991345774135, -6.691048309331862, 0.0 ], [ 106.887032182189628, -6.691053593748144, 0.0 ], [ 106.88710819828492, -6.691105166270219, 0.0 ], [ 106.887203530918342, -6.691117502270707, 0.0 ], [ 106.887464658967048, -6.691294329669386, 0.0 ], [ 106.887478120019409, -6.691265545068728, 0.0 ], [ 106.887517263011446, -6.691308693641176, 0.0 ], [ 106.887516780075444, -6.691182873090931, 0.0 ], [ 106.887571770021381, -6.69106528043816, 0.0 ], [ 106.887671608258344, -6.690994378787387, 0.0 ], [ 106.887860896663199, -6.690904432193658, 0.0 ], [ 106.887919911974507, -6.690985614894043, 0.0 ], [ 106.88795129201867, -6.691039103871379, 0.0 ], [ 106.888152285100048, -6.691503058719075, 0.0 ], [ 106.88828948657077, -6.691582371728924, 0.0 ], [ 106.888380881072962, -6.691678227767852, 0.0 ], [ 106.888430789849181, -6.691745726383971, 0.0 ], [ 106.888437702937864, -6.691786232748278, 0.0 ], [ 106.888480599700088, -6.691813090101864, 0.0 ], [ 106.888521364169762, -6.691868221241251, 0.0 ], [ 106.888693389188788, -6.692000932397004, 0.0 ], [ 106.888814351601226, -6.692070328582602, 0.0 ], [ 106.888834695165215, -6.692126594666394, 0.0 ], [ 106.888811194980846, -6.692222136841988, 0.0 ], [ 106.888945530312142, -6.692314356921916, 0.0 ], [ 106.889006094256047, -6.692374444225049, 0.0 ], [ 106.889158988896384, -6.692488176088354, 0.0 ], [ 106.889349655961979, -6.69251284808924, 0.0 ], [ 106.889321659167408, -6.692567597016854, 0.0 ], [ 106.889228598221436, -6.692701605894271, 0.0 ], [ 106.8893191626494, -6.692767472240959, 0.0 ], [ 106.88935210301733, -6.692794313406694, 0.0 ], [ 106.889427202703445, -6.692855506875919, 0.0 ], [ 106.889567613854425, -6.693026447312569, 0.0 ], [ 106.889625248706423, -6.693146896212134, 0.0 ], [ 106.889720973444341, -6.693260846610585, 0.0 ], [ 106.889745336078562, -6.693294213257186, 0.0 ], [ 106.889855081247163, -6.693444511554816, 0.0 ], [ 106.889995515780583, -6.693621802104346, 0.0 ], [ 106.890122904748409, -6.693710227045226, 0.0 ], [ 106.890307513980744, -6.693811134576002, 0.0 ], [ 106.8906127681649, -6.693898875132867, 0.0 ], [ 106.891077076446052, -6.694049515172864, 0.0 ], [ 106.891249321798881, -6.694239383640479, 0.0 ], [ 106.891504368631871, -6.694486093758059, 0.0 ], [ 106.89174065380827, -6.694809088868183, 0.0 ], [ 106.891800000070134, -6.695030000134263, 0.0 ], [ 106.89178999960896, -6.695090000203177, 0.0 ], [ 106.89174580332633, -6.695266788931011, 0.0 ], [ 106.891740000001136, -6.695290000433065, 0.0 ], [ 106.891773363050433, -6.695453106875195, 0.0 ], [ 106.891829999654902, -6.695730000039326, 0.0 ], [ 106.891889282064909, -6.69589796731719, 0.0 ], [ 106.891949999792814, -6.696070000430012, 0.0 ], [ 106.892109999976668, -6.696229999714589, 0.0 ], [ 106.892212239403463, -6.696276472181264, 0.0 ], [ 106.89221999965342, -6.696280000221702, 0.0 ], [ 106.892919999558487, -6.69644999996736, 0.0 ], [ 106.893032143218974, -6.696512302300697, 0.0 ], [ 106.893855682094198, -6.697272315764593, 0.0 ], [ 106.8937116727557, -6.697286031325103, 0.0 ], [ 106.893576805025745, -6.69727692209209, 0.0 ], [ 106.893428508618939, -6.697224614823973, 0.0 ], [ 106.893349999602947, -6.697169999895394, 0.0 ], [ 106.892919999558487, -6.697020000172706, 0.0 ], [ 106.892849999927677, -6.697009999711536, 0.0 ], [ 106.892640000136083, -6.696989999688565, 0.0 ], [ 106.892558814737669, -6.69694224388925, 0.0 ], [ 106.892503589169465, -6.69688745359295, 0.0 ], [ 106.891867827838155, -6.696651885176177, 0.0 ], [ 106.891550000232499, -6.696440000405559, 0.0 ], [ 106.891193705025643, -6.696179631384727, 0.0 ], [ 106.891029999634981, -6.696059999968842, 0.0 ], [ 106.890777892685804, -6.695924250003973, 0.0 ], [ 106.890639999636463, -6.695850000177153, 0.0 ], [ 106.890570000005667, -6.695689999993384, 0.0 ], [ 106.890470422572079, -6.695497714148004, 0.0 ], [ 106.89028000012209, -6.695130000249119, 0.0 ], [ 106.890150000422381, -6.694909999996348, 0.0 ], [ 106.890071832249461, -6.694866030342919, 0.0 ], [ 106.889932092891954, -6.694787426898099, 0.0 ], [ 106.889830000054658, -6.694729999789519, 0.0 ], [ 106.889680000331879, -6.694760000273661, 0.0 ], [ 106.889500000125054, -6.694780000296632, 0.0 ], [ 106.889359999964171, -6.69474000025069, 0.0 ], [ 106.889347979625754, -6.694726645318241, 0.0 ], [ 106.88927000031039, -6.694640000135745, 0.0 ], [ 106.889210000241476, -6.694490000413058, 0.0 ], [ 106.889180533055281, -6.694362311071647, 0.0 ], [ 106.88911958869825, -6.694098217958224, 0.0 ], [ 106.889090000103565, -6.693969999815454, 0.0 ], [ 106.889062166086248, -6.693937527095031, 0.0 ], [ 106.888969999965738, -6.693829999654568, 0.0 ], [ 106.888675507069181, -6.693506541393592, 0.0 ], [ 106.888359999714368, -6.693160000233647, 0.0 ], [ 106.888120000337892, -6.692950000442046, 0.0 ], [ 106.888024256714203, -6.692895290185366, 0.0 ], [ 106.887980000177009, -6.692870000350073, 0.0 ], [ 106.887971956640683, -6.692867952593797, 0.0 ], [ 106.887667066681985, -6.692790343799206, 0.0 ], [ 106.887429999994637, -6.692730000189187, 0.0 ], [ 106.887356490309983, -6.692736126370971, 0.0 ], [ 106.887189999718899, -6.692750000212158, 0.0 ], [ 106.886917538413826, -6.692811164903159, 0.0 ], [ 106.88669999960544, -6.692859999888903, 0.0 ], [ 106.886509999836804, -6.692779999797018, 0.0 ], [ 106.886460460681889, -6.692743497214462, 0.0 ], [ 106.886341253746011, -6.692625227372186, 0.0 ], [ 106.886165528016846, -6.692429097824473, 0.0 ], [ 106.886089171078567, -6.692353115903451, 0.0 ], [ 106.886030000184519, -6.692289999683556, 0.0 ], [ 106.885990131439584, -6.692254560999036, 0.0 ], [ 106.885760000323998, -6.692050000307095, 0.0 ], [ 106.885677734839788, -6.69202414479825, 0.0 ], [ 106.88544214843661, -6.691950103614221, 0.0 ], [ 106.885410000371422, -6.691939999731069, 0.0 ], [ 106.885179138106921, -6.691864339767264, 0.0 ], [ 106.88493154755308, -6.691960639171981, 0.0 ], [ 106.884720000028153, -6.692010000261153, 0.0 ], [ 106.884426881295767, -6.692110497701123, 0.0 ], [ 106.884370000075592, -6.692130000399068, 0.0 ], [ 106.884020000123101, -6.69236000021364, 0.0 ], [ 106.884002009185565, -6.692386986170309, 0.0 ], [ 106.883956443235434, -6.692415703321899, 0.0 ], [ 106.883935356831429, -6.692486963802171, 0.0 ], [ 106.883920000008146, -6.692509999936327, 0.0 ], [ 106.883920000008146, -6.692538866375433, 0.0 ], [ 106.883891666867072, -6.69263462079094, 0.0 ], [ 106.883989257698232, -6.692841625840131, 0.0 ], [ 106.884020000123101, -6.692939999980876, 0.0 ], [ 106.883980000077059, -6.693000000049789, 0.0 ], [ 106.883947583114619, -6.693030255042078, 0.0 ], [ 106.883697005012976, -6.693203909632608, 0.0 ], [ 106.883676331397709, -6.693245647168702, 0.0 ], [ 106.883670000170525, -6.693249999887421, 0.0 ], [ 106.883579999617467, -6.693399999610108, 0.0 ], [ 106.883414629581665, -6.693682101647571, 0.0 ], [ 106.883241740314233, -6.693667055090415, 0.0 ], [ 106.882970000265459, -6.693630000324138, 0.0 ], [ 106.882900812722482, -6.693487555805913, 0.0 ], [ 106.882888518990129, -6.693403810936918, 0.0 ], [ 106.88277815598731, -6.693141829431717, 0.0 ], [ 106.882755111759181, -6.692835779347597, 0.0 ], [ 106.882645252376705, -6.692704998137025, 0.0 ], [ 106.882601812423914, -6.692711359041805, 0.0 ], [ 106.882600000289997, -6.692710000166215, 0.0 ], [ 106.882509999736854, -6.692719999728105, 0.0 ], [ 106.882492219240675, -6.692727409242352, 0.0 ], [ 106.882489872909545, -6.692725857911821, 0.0 ], [ 106.882273857552647, -6.692815755042893, 0.0 ], [ 106.882160129286731, -6.692971312575882, 0.0 ], [ 106.881959999554482, -6.693149999772476, 0.0 ], [ 106.881880000361875, -6.693089999703563, 0.0 ], [ 106.881640000086136, -6.692930000419075, 0.0 ], [ 106.881543188067823, -6.692907658561378, 0.0 ], [ 106.881510000386328, -6.692899999934845, 0.0 ], [ 106.881443589949896, -6.692913282022186, 0.0 ], [ 106.88138565832169, -6.692924867988062, 0.0 ], [ 106.881310000156532, -6.692939999980876, 0.0 ], [ 106.881248794096763, -6.692967202674041, 0.0 ], [ 106.8812021894297, -6.692987915859518, 0.0 ], [ 106.881129999949707, -6.693020000072849, 0.0 ], [ 106.880870851308941, -6.693171169813485, 0.0 ], [ 106.880717516000743, -6.693260616384169, 0.0 ], [ 106.88067579285368, -6.693284953837377, 0.0 ], [ 106.880650000297493, -6.693300000394533, 0.0 ], [ 106.880612572312515, -6.693337428379422, 0.0 ], [ 106.880574244106228, -6.693375755686439, 0.0 ], [ 106.880490000113554, -6.69345999967911, 0.0 ], [ 106.880488223952554, -6.693466512569337, 0.0 ], [ 106.88047485283235, -6.693515539110741, 0.0 ], [ 106.880469816628889, -6.693534003990944, 0.0 ], [ 106.880466079945748, -6.693547706960903, 0.0 ], [ 106.880459999629494, -6.693570000255136, 0.0 ], [ 106.880385041136933, -6.693564233802221, 0.0 ], [ 106.8803299999297, -6.693559999793965, 0.0 ], [ 106.880310162684069, -6.693559999793965, 0.0 ], [ 106.880236089124338, -6.693559999793965, 0.0 ], [ 106.880209999791788, -6.693559999793965, 0.0 ], [ 106.879956274962282, -6.69327353604471, 0.0 ], [ 106.879899999885239, -6.693209999841478, 0.0 ], [ 106.879790000208487, -6.693100000164733, 0.0 ], [ 106.87978230291111, -6.693095429810061, 0.0 ], [ 106.879652733986632, -6.693018498204975, 0.0 ], [ 106.879491099734608, -6.692922527952163, 0.0 ], [ 106.879469999840779, -6.692910000396104, 0.0 ], [ 106.879192630935336, -6.692883158330911, 0.0 ], [ 106.879159999934231, -6.692879999911874, 0.0 ], [ 106.879146575754064, -6.692883132250618, 0.0 ], [ 106.879101633034111, -6.692893619244913, 0.0 ], [ 106.878953155863556, -6.692928263828115, 0.0 ], [ 106.878873230415437, -6.692946913069378, 0.0 ], [ 106.8788643855831, -6.692948977013504, 0.0 ], [ 106.87885999958948, -6.692950000442046, 0.0 ], [ 106.878609999751859, -6.693129999749505, 0.0 ], [ 106.878529999659889, -6.693180000256618, 0.0 ], [ 106.878350000352427, -6.693320000417504, 0.0 ], [ 106.878150417408023, -6.693467751835094, 0.0 ], [ 106.878093309558736, -6.693510028964536, 0.0 ], [ 106.87808054278301, -6.693519479939916, 0.0 ], [ 106.878077933849767, -6.693521411683658, 0.0 ], [ 106.878075511076133, -6.693518093185293, 0.0 ], [ 106.878007339767095, -6.693424725570498, 0.0 ], [ 106.877943829644238, -6.693337742242846, 0.0 ], [ 106.877901985988061, -6.693331590880049, 0.0 ], [ 106.877721504643887, -6.693305058181789, 0.0 ], [ 106.877702789752107, -6.693302308054907, 0.0 ], [ 106.877638848853934, -6.693292908340922, 0.0 ], [ 106.877606959793567, -6.693288220175067, 0.0 ], [ 106.877567865364895, -6.693296692688069, 0.0 ], [ 106.877471297062826, -6.693317620811392, 0.0 ], [ 106.877308641181003, -6.693352870638272, 0.0 ], [ 106.877109916189866, -6.693361908824915, 0.0 ], [ 106.877001371616188, -6.693366846102879, 0.0 ], [ 106.876887110052238, -6.693372043285031, 0.0 ], [ 106.876851342215815, -6.6933736701586, 0.0 ], [ 106.87662939672947, -6.693476136214507, 0.0 ], [ 106.876612874384818, -6.693473723333501, 0.0 ], [ 106.876502275759634, -6.693457567912233, 0.0 ], [ 106.876127340304677, -6.693420891760606, 0.0 ], [ 106.875983986571882, -6.69341419720725, 0.0 ], [ 106.875680000431799, -6.693399999610108, 0.0 ], [ 106.875540000271002, -6.693439999656139, 0.0 ], [ 106.875470454797806, -6.693473547066411, 0.0 ], [ 106.875389093132299, -6.69351279258116, 0.0 ], [ 106.875113128967897, -6.693180370777299, 0.0 ], [ 106.874873884122621, -6.692892181228984, 0.0 ], [ 106.874727221783999, -6.69274666372738, 0.0 ], [ 106.874593215604605, -6.692588397436463, 0.0 ], [ 106.874382715789864, -6.69236055869268, 0.0 ], [ 106.873921994004974, -6.691948752832513, 0.0 ], [ 106.873675179566035, -6.691728143738676, 0.0 ], [ 106.873452096437262, -6.691532108619782, 0.0 ], [ 106.873209665294013, -6.69125993419847, 0.0 ], [ 106.87316414520933, -6.691183431569883, 0.0 ], [ 106.873143296226345, -6.691148392184445, 0.0 ], [ 106.873065888879864, -6.691018298955189, 0.0 ], [ 106.873062617146218, -6.691012799600884, 0.0 ], [ 106.872864822054098, -6.690784912293637, 0.0 ], [ 106.87272132802704, -6.690616067277535, 0.0 ], [ 106.872590437099163, -6.690462050283266, 0.0 ], [ 106.872406584196654, -6.690298639870154, 0.0 ], [ 106.872397421903685, -6.690290497408338, 0.0 ], [ 106.87228448324251, -6.690190115980901, 0.0 ], [ 106.872035821596043, -6.689949719104096, 0.0 ], [ 106.871793271742234, -6.689645787822709, 0.0 ], [ 106.871784136428928, -6.689622641971162, 0.0 ], [ 106.871767150933437, -6.689579612109267, 0.0 ], [ 106.871690642908987, -6.689385782127957, 0.0 ], [ 106.871677550578653, -6.689284213595439, 0.0 ], [ 106.871816673900582, -6.689118554877229, 0.0 ], [ 106.871905195968125, -6.689010247724561, 0.0 ], [ 106.871948207843701, -6.688940026860593, 0.0 ], [ 106.871977645352217, -6.688904975783796, 0.0 ], [ 106.871971368983637, -6.688902215764472, 0.0 ], [ 106.87203777312493, -6.688793805189821, 0.0 ], [ 106.872183652153964, -6.688570264306062, 0.0 ], [ 106.872195661700573, -6.688551860579786, 0.0 ], [ 106.872353068239661, -6.688182895723873, 0.0 ], [ 106.872429308266135, -6.687930263570632, 0.0 ], [ 106.872468300172102, -6.687801060670253, 0.0 ], [ 106.872516171983946, -6.687642428355236, 0.0 ], [ 106.872566168893769, -6.687426298784462, 0.0 ], [ 106.872568814699207, -6.68739156336974, 0.0 ], [ 106.872575141429806, -6.687308523569371, 0.0 ], [ 106.872578269271884, -6.687267474913874, 0.0 ], [ 106.872537521889257, -6.687112063071101, 0.0 ], [ 106.872518837574461, -6.687014483031852, 0.0 ], [ 106.872546957576247, -6.687014376012481, 0.0 ], [ 106.872518337551412, -6.686883281837854, 0.0 ], [ 106.872386444778797, -6.686708846635749, 0.0 ], [ 106.872298876891804, -6.686687313268749, 0.0 ], [ 106.872192277551704, -6.686687718862974, 0.0 ], [ 106.871902045643054, -6.686514263022705, 0.0 ], [ 106.871522436411539, -6.686187483565345, 0.0 ], [ 106.871468663248379, -6.68614119456036, 0.0 ], [ 106.871474072670438, -6.68589347900074, 0.0 ], [ 106.87156851227715, -6.685670830244508, 0.0 ], [ 106.87172630372612, -6.685403481585208, 0.0 ], [ 106.87178275417098, -6.685268654324741, 0.0 ], [ 106.871795550624299, -6.685238089066416, 0.0 ], [ 106.871877430299335, -6.685053594947323, 0.0 ], [ 106.871978292864043, -6.684849974946285, 0.0 ], [ 106.871976801788151, -6.684845850655332, 0.0 ], [ 106.871985606150986, -6.684829795958116, 0.0 ], [ 106.871921342396234, -6.684576883216433, 0.0 ], [ 106.872148620862319, -6.684538120637598, 0.0 ], [ 106.872269192969014, -6.684505906921903, 0.0 ], [ 106.872269040983582, -6.684504507576818, 0.0 ], [ 106.872290552766955, -6.684500627901482, 0.0 ], [ 106.872201476716953, -6.684107375954476, 0.0 ], [ 106.872214595127573, -6.683943138165152, 0.0 ], [ 106.872234918007223, -6.683845518555689, 0.0 ], [ 106.87245562782519, -6.683419152671579, 0.0 ], [ 106.872798299202344, -6.683736735661707, 0.0 ], [ 106.872971290093105, -6.683897061400081, 0.0 ], [ 106.873185770307231, -6.684103613191041, 0.0 ], [ 106.873274420078573, -6.684409415961614, 0.0 ], [ 106.87329787259894, -6.684824802022806, 0.0 ], [ 106.873418146130703, -6.685063029734852, 0.0 ], [ 106.873421132779228, -6.685073124624843, 0.0 ], [ 106.873427748192242, -6.685082047698145, 0.0 ], [ 106.873474173894195, -6.685174005176044, 0.0 ], [ 106.873477512177629, -6.685179205955407, 0.0 ], [ 106.873628188190452, -6.68541395778778, 0.0 ], [ 106.873716884726605, -6.685450511631643, 0.0 ], [ 106.873772202025705, -6.6855163680858, 0.0 ], [ 106.873924898815133, -6.685579297246615, 0.0 ], [ 106.874040119955765, -6.685607631286974, 0.0 ], [ 106.874153798759025, -6.68563558581349, 0.0 ], [ 106.874249229418581, -6.685673328561084, 0.0 ], [ 106.874327435362972, -6.685737222694534, 0.0 ], [ 106.874389726005205, -6.685805894026622, 0.0 ], [ 106.874491656964523, -6.685945503881765, 0.0 ], [ 106.874593923371066, -6.686110244392154, 0.0 ], [ 106.874861663235308, -6.68635691763745, 0.0 ], [ 106.875612726646153, -6.686805325005576, 0.0 ], [ 106.875793961622236, -6.686970157246765, 0.0 ], [ 106.875804251665016, -6.686982066069316, 0.0 ], [ 106.875844165376108, -6.687052616984559, 0.0 ], [ 106.875909624329921, -6.687198369209248, 0.0 ], [ 106.876019813763577, -6.687416620280686, 0.0 ], [ 106.876103600001358, -6.687480173570961, 0.0 ], [ 106.876268363894013, -6.687648193908871, 0.0 ], [ 106.876493412041512, -6.687809104206579, 0.0 ], [ 106.876678620222307, -6.68793824775177, 0.0 ], [ 106.876687334652985, -6.687944325370179, 0.0 ], [ 106.876798811016513, -6.688022059170553, 0.0 ], [ 106.876828342953843, -6.68804265094737, 0.0 ], [ 106.877168176070697, -6.688192684844321, 0.0 ], [ 106.877656305594172, -6.688563240600889, 0.0 ], [ 106.87802040421839, -6.688839639137925, 0.0 ], [ 106.878036415748184, -6.688807697017509, 0.0 ], [ 106.878037307875616, -6.688808415575789, 0.0 ], [ 106.878041246006859, -6.6887980607817, 0.0 ], [ 106.878131589201658, -6.688617833945756, 0.0 ], [ 106.878632627593859, -6.6876182968468, 0.0 ], [ 106.878694828303864, -6.687642501200255, 0.0 ], [ 106.879123979388311, -6.687809498109711, 0.0 ], [ 106.879238279623095, -6.687841676751773, 0.0 ], [ 106.879453153740172, -6.68790216964922, 0.0 ] ] ] ] } }
]
}
