{
"type": "FeatureCollection",
"name": "CIBUNGBULANG",
"crs": { "type": "name", "properties": { "name": "urn:ogc:def:crs:OGC:1.3:CRS84" } },
"features": [
{ "type": "Feature", "properties": { "PROVNO": "32", "KABKOTNO": "01", "KECNO": "040", "DESANO": "001", "PROVINSI": "JAWA BARAT", "KABKOT": "BOGOR", "KECAMATAN": "CIBUNGBULANG", "ID2013": "3201040001", "DESA": "SITU UDIK", "DESA_1": "SITU UDIK", "ID2012": "3201040001", "IDKAB2": "3201", "IDKEC_2": "3201040", "WILAYAH": "BARAT" }, "geometry": { "type": "MultiPolygon", "coordinates": [ [ [ [ 106.661452875350136, -6.60996121583727, 0.0 ], [ 106.661467044168973, -6.610065778212917, 0.0 ], [ 106.661514401568482, -6.610264067932228, 0.0 ], [ 106.661639999986193, -6.610519999698052, 0.0 ], [ 106.661825493252095, -6.610782499212799, 0.0 ], [ 106.66189005018586, -6.610887343975627, 0.0 ], [ 106.661902834947995, -6.611219995106534, 0.0 ], [ 106.661973170925208, -6.611307311183303, 0.0 ], [ 106.662230000214521, -6.611419999832915, 0.0 ], [ 106.66235999991423, -6.611479999901917, 0.0 ], [ 106.662505208049083, -6.611568185623131, 0.0 ], [ 106.662593171637752, -6.611690463743738, 0.0 ], [ 106.662593678855401, -6.611842217144428, 0.0 ], [ 106.662489999613939, -6.611920000407547, 0.0 ], [ 106.662370000375404, -6.611949999992319, 0.0 ], [ 106.662270000260463, -6.61197000001529, 0.0 ], [ 106.662180017693814, -6.61207123220148, 0.0 ], [ 106.662023318021909, -6.612340244606454, 0.0 ], [ 106.661983258620609, -6.612579684604594, 0.0 ], [ 106.662009999961654, -6.612819999643129, 0.0 ], [ 106.662090000053624, -6.612970000265097, 0.0 ], [ 106.662199999730376, -6.613090000403012, 0.0 ], [ 106.662259999799375, -6.613149999572645, 0.0 ], [ 106.662294957346631, -6.613279051386947, 0.0 ], [ 106.6621961578266, -6.613407789337824, 0.0 ], [ 106.662067960368262, -6.613472420915336, 0.0 ], [ 106.661899098264939, -6.613595556989207, 0.0 ], [ 106.66184488982995, -6.613702694123926, 0.0 ], [ 106.661740000101048, -6.613910000445991, 0.0 ], [ 106.661700000055106, -6.613980000076793, 0.0 ], [ 106.661682051385711, -6.614087696589745, 0.0 ], [ 106.661680000032135, -6.614100000214709, 0.0 ], [ 106.661829999754829, -6.61435000005234, 0.0 ], [ 106.661920000307973, -6.614860000188685, 0.0 ], [ 106.661949999892741, -6.615000000349571, 0.0 ], [ 106.661960000353915, -6.615219999703061, 0.0 ], [ 106.661940000330944, -6.615540000070776, 0.0 ], [ 106.661940000330944, -6.615640000185721, 0.0 ], [ 106.662000000399857, -6.615979999677126, 0.0 ], [ 106.662000000399857, -6.616199999929897, 0.0 ], [ 106.661960000353915, -6.616300000044841, 0.0 ], [ 106.661869999800857, -6.616420000182668, 0.0 ], [ 106.661769999685916, -6.616620000412556, 0.0 ], [ 106.661720000078077, -6.616750000112273, 0.0 ], [ 106.661720000078077, -6.616810000181186, 0.0 ], [ 106.661769999685916, -6.616879999811989, 0.0 ], [ 106.661769999685916, -6.61710000006476, 0.0 ], [ 106.661700000055106, -6.61734000034059, 0.0 ], [ 106.66163000042431, -6.617490000063277, 0.0 ], [ 106.661490000263512, -6.617960000153769, 0.0 ], [ 106.661484738330131, -6.617969209211463, 0.0 ], [ 106.661370000125601, -6.618169999945369, 0.0 ], [ 106.661299999595514, -6.618299999645085, 0.0 ], [ 106.661240000425877, -6.618510000336055, 0.0 ], [ 106.661257608252185, -6.618586300617082, 0.0 ], [ 106.661270000010646, -6.61864000003586, 0.0 ], [ 106.661299999595514, -6.618729999689545, 0.0 ], [ 106.661240000425877, -6.618880000311602, 0.0 ], [ 106.661209999941732, -6.619010000011318, 0.0 ], [ 106.661120000287966, -6.619310000356062, 0.0 ], [ 106.661120000287966, -6.619390000448035, 0.0 ], [ 106.661180000356964, -6.619640000285667, 0.0 ], [ 106.661200000379935, -6.619859999639157, 0.0 ], [ 106.661229999964704, -6.61991999970807, 0.0 ], [ 106.661270000010646, -6.620050000307156, 0.0 ], [ 106.661339999641456, -6.620200000029755, 0.0 ], [ 106.661399999710369, -6.62034000019073, 0.0 ], [ 106.661399999710369, -6.620449999867475, 0.0 ], [ 106.661349875096846, -6.620767461449031, 0.0 ], [ 106.661339999641456, -6.620830000304103, 0.0 ], [ 106.661209999941732, -6.621120000187677, 0.0 ], [ 106.661049999757878, -6.621340000440536, 0.0 ], [ 106.661029999734907, -6.621450000117282, 0.0 ], [ 106.660969999665994, -6.621610000301139, 0.0 ], [ 106.660750000312419, -6.622219999653147, 0.0 ], [ 106.660819999943214, -6.622339999790974, 0.0 ], [ 106.660859999989157, -6.62249999997492, 0.0 ], [ 106.660799999920243, -6.622769999835434, 0.0 ], [ 106.660719999828274, -6.622880000411548, 0.0 ], [ 106.660687965977061, -6.622929118683754, 0.0 ], [ 106.660570000105594, -6.623110000226209, 0.0 ], [ 106.66055999964442, -6.623250000387007, 0.0 ], [ 106.66055999964442, -6.623320000017809, 0.0 ], [ 106.66051000003668, -6.623600000339582, 0.0 ], [ 106.660440693783229, -6.62386123091089, 0.0 ], [ 106.660380000336957, -6.624089999553675, 0.0 ], [ 106.660380000336957, -6.624300000244645, 0.0 ], [ 106.660409999921725, -6.624469999990392, 0.0 ], [ 106.660349999852727, -6.624690000243163, 0.0 ], [ 106.660300000244987, -6.624830000404049, 0.0 ], [ 106.660280000222016, -6.624920000057823, 0.0 ], [ 106.660220000153103, -6.625000000149708, 0.0 ], [ 106.660109999576989, -6.625160000333565, 0.0 ], [ 106.660109999576989, -6.625249999987339, 0.0 ], [ 106.660169999645902, -6.625350000102284, 0.0 ], [ 106.660300000244987, -6.625450000217228, 0.0 ], [ 106.660420000382899, -6.62549000026317, 0.0 ], [ 106.660679999782332, -6.625579999916944, 0.0 ], [ 106.660929999619967, -6.625829999754487, 0.0 ], [ 106.661029999734907, -6.626020000422486, 0.0 ], [ 106.661029999734907, -6.62656000014378, 0.0 ], [ 106.661029999734907, -6.626709999866378, 0.0 ], [ 106.66106999978085, -6.626839999566183, 0.0 ], [ 106.661149999872734, -6.626930000119238, 0.0 ], [ 106.661288157322744, -6.627183685378615, 0.0 ], [ 106.661245036629339, -6.627383996773819, 0.0 ], [ 106.661182994200004, -6.627537457987156, 0.0 ], [ 106.661085707339652, -6.627440827631883, 0.0 ], [ 106.660997896635791, -6.627372313681192, 0.0 ], [ 106.660794452002477, -6.627332335218874, 0.0 ], [ 106.660818919857419, -6.627166489441763, 0.0 ], [ 106.660784158362404, -6.627060266018283, 0.0 ], [ 106.660652642405694, -6.627016919595032, 0.0 ], [ 106.660592129723199, -6.6270212489313, 0.0 ], [ 106.66051504883059, -6.627026762674806, 0.0 ], [ 106.660445901757186, -6.626926910048727, 0.0 ], [ 106.659839522176327, -6.627054042709748, 0.0 ], [ 106.659546007742236, -6.627205151296547, 0.0 ], [ 106.658917845682183, -6.627366760367561, 0.0 ], [ 106.658650854053818, -6.62718928006111, 0.0 ], [ 106.658468685581596, -6.626995417704187, 0.0 ], [ 106.658318716435787, -6.626736625194987, 0.0 ], [ 106.658129828229207, -6.626471478975429, 0.0 ], [ 106.657922833971824, -6.626608300032846, 0.0 ], [ 106.657754801043367, -6.626764437628498, 0.0 ], [ 106.657561356871298, -6.62707623707858, 0.0 ], [ 106.657497200135907, -6.627277403729028, 0.0 ], [ 106.657406938779388, -6.627426800006688, 0.0 ], [ 106.657183381707867, -6.627632690795906, 0.0 ], [ 106.657103179268432, -6.627706555712756, 0.0 ], [ 106.656683139215644, -6.628109863878908, 0.0 ], [ 106.656392971158851, -6.628577562604256, 0.0 ], [ 106.656217848874803, -6.628552217910357, 0.0 ], [ 106.656171613829059, -6.628523646448983, 0.0 ], [ 106.655873546127424, -6.628339449106093, 0.0 ], [ 106.655600222372513, -6.628077948738156, 0.0 ], [ 106.655462855426606, -6.627670415557088, 0.0 ], [ 106.655280834443161, -6.627467027581115, 0.0 ], [ 106.654793554778905, -6.627491319168879, 0.0 ], [ 106.654611910611365, -6.627401260159829, 0.0 ], [ 106.654543455116496, -6.627265491309267, 0.0 ], [ 106.654711345952038, -6.626630278564374, 0.0 ], [ 106.654688111966905, -6.626460359757615, 0.0 ], [ 106.654426904778049, -6.626302568308731, 0.0 ], [ 106.654233438122816, -6.626065218335011, 0.0 ], [ 106.654040120755198, -6.62587319958833, 0.0 ], [ 106.653790000408364, -6.625949999892402, 0.0 ], [ 106.653690000293508, -6.626029999984286, 0.0 ], [ 106.653819999993132, -6.626370000375061, 0.0 ], [ 106.653931416102097, -6.626537124088863, 0.0 ], [ 106.654000000200057, -6.626640000235664, 0.0 ], [ 106.654069999830853, -6.626830000004382, 0.0 ], [ 106.654040000245999, -6.626990000188151, 0.0 ], [ 106.654014061100227, -6.627103483838539, 0.0 ], [ 106.653960000154115, -6.627340000140727, 0.0 ], [ 106.654040000245999, -6.627580000416557, 0.0 ], [ 106.654219999553533, -6.627830000254189, 0.0 ], [ 106.654279999622446, -6.62804000004579, 0.0 ], [ 106.654169999945708, -6.628189999768477, 0.0 ], [ 106.653969999715912, -6.628289999883421, 0.0 ], [ 106.653695422306029, -6.628272839020113, 0.0 ], [ 106.653490000063613, -6.628260000298649, 0.0 ], [ 106.653030000434384, -6.628140000160734, 0.0 ], [ 106.652779999697472, -6.628080000091732, 0.0 ], [ 106.652360000114101, -6.628300000344591, 0.0 ], [ 106.652099999815292, -6.62871000036608, 0.0 ], [ 106.65201000016161, -6.629020000272625, 0.0 ], [ 106.651829999954685, -6.629410000271143, 0.0 ], [ 106.651629999724889, -6.629510000386087, 0.0 ], [ 106.651080000441794, -6.629800000269661, 0.0 ], [ 106.649988270242659, -6.630259362279602, 0.0 ], [ 106.649249999687925, -6.630569999805438, 0.0 ], [ 106.648859999689407, -6.630440000105722, 0.0 ], [ 106.648509999736831, -6.629929999969377, 0.0 ], [ 106.64827000036037, -6.629600000039861, 0.0 ], [ 106.647929999969691, -6.629029999834515, 0.0 ], [ 106.647900000384908, -6.628650000297078, 0.0 ], [ 106.647720000177998, -6.628329999929363, 0.0 ], [ 106.647459999879288, -6.628349999952334, 0.0 ], [ 106.647337042770431, -6.628503695888668, 0.0 ], [ 106.647259999649492, -6.628599999789966, 0.0 ], [ 106.647049999857799, -6.628949999742542, 0.0 ], [ 106.646754516807675, -6.62919333920108, 0.0 ], [ 106.646710000366397, -6.629230000064315, 0.0 ], [ 106.64620999979185, -6.629450000317085, 0.0 ], [ 106.645790000208564, -6.629580000016801, 0.0 ], [ 106.645039999796296, -6.629640000085804, 0.0 ], [ 106.644560000144082, -6.629709999716606, 0.0 ], [ 106.643960000353886, -6.629869999900375, 0.0 ], [ 106.643630000424366, -6.630099999715036, 0.0 ], [ 106.643299999595484, -6.630389999598698, 0.0 ], [ 106.642889999573995, -6.63064000033561, 0.0 ], [ 106.642599999690418, -6.630709999966413, 0.0 ], [ 106.642396467822877, -6.630813361747059, 0.0 ], [ 106.642523585195505, -6.630217009607122, 0.0 ], [ 106.642539999621505, -6.630139999760978, 0.0 ], [ 106.642268845031339, -6.629672722817794, 0.0 ], [ 106.641778748690413, -6.628811050889141, 0.0 ], [ 106.641767382159145, -6.628791066154651, 0.0 ], [ 106.641761663370232, -6.628781011734155, 0.0 ], [ 106.641829418293156, -6.628716139138326, 0.0 ], [ 106.642123209718562, -6.62843484289354, 0.0 ], [ 106.642644071866556, -6.628114684245148, 0.0 ], [ 106.643014844359783, -6.627883474842324, 0.0 ], [ 106.642801279655473, -6.627503827839245, 0.0 ], [ 106.642484056394295, -6.627177185978219, 0.0 ], [ 106.642393975801539, -6.626853837434545, 0.0 ], [ 106.642449948706343, -6.626651372162975, 0.0 ], [ 106.642736078807189, -6.626513355007138, 0.0 ], [ 106.643137180936307, -6.626479182568037, 0.0 ], [ 106.64352531394222, -6.626396987231011, 0.0 ], [ 106.643784393335267, -6.626300847006341, 0.0 ], [ 106.643921324109982, -6.62625003531069, 0.0 ], [ 106.643928478216893, -6.625966819912623, 0.0 ], [ 106.64386283310337, -6.625691937632663, 0.0 ], [ 106.643764206253309, -6.625231068358985, 0.0 ], [ 106.643674152640202, -6.624915810116363, 0.0 ], [ 106.643630828699941, -6.624050198257905, 0.0 ], [ 106.643571804395393, -6.62333027926886, 0.0 ], [ 106.643537025813245, -6.622905674257353, 0.0 ], [ 106.643507645861348, -6.622546983256452, 0.0 ], [ 106.643479047420314, -6.622197822371447, 0.0 ], [ 106.64359822557779, -6.621533951830241, 0.0 ], [ 106.643701542392449, -6.620967227855115, 0.0 ], [ 106.643756818322686, -6.620554394969194, 0.0 ], [ 106.643796597135378, -6.620352035817625, 0.0 ], [ 106.643876184438511, -6.61994716283111, 0.0 ], [ 106.643865415956327, -6.619138080557843, 0.0 ], [ 106.643912572807196, -6.618717184350444, 0.0 ], [ 106.644055913050153, -6.618352244859995, 0.0 ], [ 106.644099999615491, -6.618239999576172, 0.0 ], [ 106.64426651358886, -6.618084901596735, 0.0 ], [ 106.64442730067961, -6.61776881507862, 0.0 ], [ 106.644337275844819, -6.617461648036418, 0.0 ], [ 106.644102381020247, -6.61738960424664, 0.0 ], [ 106.643956412058969, -6.617292992777237, 0.0 ], [ 106.643641028810578, -6.617350674393965, 0.0 ], [ 106.643633807254588, -6.617348799307479, 0.0 ], [ 106.64333328260507, -6.617270780421993, 0.0 ], [ 106.643227612264681, -6.617125487750943, 0.0 ], [ 106.643296125316098, -6.616902949611294, 0.0 ], [ 106.643379719098931, -6.616631423601174, 0.0 ], [ 106.64340300974132, -6.616469334292177, 0.0 ], [ 106.643419266785912, -6.616356193283526, 0.0 ], [ 106.643426291390455, -6.616335683344978, 0.0 ], [ 106.643465421791959, -6.616221426277704, 0.0 ], [ 106.643563524337338, -6.615934975118822, 0.0 ], [ 106.64371364366994, -6.615664497718257, 0.0 ], [ 106.643828964635162, -6.615456719252091, 0.0 ], [ 106.644135050692199, -6.615034965990709, 0.0 ], [ 106.64451441530818, -6.614750520320136, 0.0 ], [ 106.644917436590575, -6.614279898798117, 0.0 ], [ 106.644786715634652, -6.613900046749634, 0.0 ], [ 106.644520045963503, -6.613711749397524, 0.0 ], [ 106.644421742869298, -6.613642336124794, 0.0 ], [ 106.644299863148319, -6.613489007111841, 0.0 ], [ 106.64431967701168, -6.613252084316059, 0.0 ], [ 106.644330997677585, -6.613116710267821, 0.0 ], [ 106.644355270379577, -6.613067764665495, 0.0 ], [ 106.644427453564333, -6.612922203097007, 0.0 ], [ 106.644499741969724, -6.612760140767673, 0.0 ], [ 106.644604208117897, -6.612541333915303, 0.0 ], [ 106.644756555071098, -6.612120088770936, 0.0 ], [ 106.644747312738417, -6.611772200426582, 0.0 ], [ 106.644718672029313, -6.611726710918777, 0.0 ], [ 106.644462615257709, -6.611320034791603, 0.0 ], [ 106.644064583413964, -6.610852062672414, 0.0 ], [ 106.64404231440146, -6.61071125492029, 0.0 ], [ 106.643957148603675, -6.610172758865609, 0.0 ], [ 106.64374428626995, -6.609420983191718, 0.0 ], [ 106.643704773656594, -6.609363587559383, 0.0 ], [ 106.643305239045688, -6.608783229862016, 0.0 ], [ 106.642857488182727, -6.607959407700328, 0.0 ], [ 106.642781438812548, -6.607727541792521, 0.0 ], [ 106.6426613190648, -6.607361308177619, 0.0 ], [ 106.642618406114707, -6.606617060728617, 0.0 ], [ 106.642592823100429, -6.606220678241517, 0.0 ], [ 106.643009999711907, -6.605270000410037, 0.0 ], [ 106.643189999918732, -6.605259999948867, 0.0 ], [ 106.643359999664398, -6.605259999948867, 0.0 ], [ 106.643499999825281, -6.605259999948867, 0.0 ], [ 106.643619999963192, -6.605259999948867, 0.0 ], [ 106.643729999639945, -6.605270000410037, 0.0 ], [ 106.643829999754885, -6.605279999971838, 0.0 ], [ 106.643929999869741, -6.605290000433008, 0.0 ], [ 106.644020000422884, -6.605299999994809, 0.0 ], [ 106.644110000076665, -6.60532000001778, 0.0 ], [ 106.644199999730432, -6.60532999957967, 0.0 ], [ 106.644270000260434, -6.605349999602641, 0.0 ], [ 106.644370000375375, -6.605369999625612, 0.0 ], [ 106.644449999567968, -6.605389999648583, 0.0 ], [ 106.64452000009814, -6.605409999671554, 0.0 ], [ 106.644600000190025, -6.605429999694614, 0.0 ], [ 106.644669999820835, -6.605449999717585, 0.0 ], [ 106.644749999912719, -6.605480000201638, 0.0 ], [ 106.6448399995665, -6.605509999786499, 0.0 ], [ 106.644950000142515, -6.60554000027064, 0.0 ], [ 106.645019999773325, -6.605560000293611, 0.0 ], [ 106.645079999842238, -6.605589999878383, 0.0 ], [ 106.645170000395382, -6.605620000362613, 0.0 ], [ 106.64528000007212, -6.605669999970356, 0.0 ], [ 106.645360000164004, -6.605699999555128, 0.0 ], [ 106.645449999817785, -6.605739999601159, 0.0 ], [ 106.645540000370929, -6.605790000108271, 0.0 ], [ 106.64563000002461, -6.605839999716103, 0.0 ], [ 106.64571000011658, -6.605899999785017, 0.0 ], [ 106.645790000208564, -6.605950000292129, 0.0 ], [ 106.645850000277477, -6.605990000338071, 0.0 ], [ 106.645899999885302, -6.606030000384102, 0.0 ], [ 106.645970000415389, -6.606089999553646, 0.0 ], [ 106.646040000046099, -6.606149999622648, 0.0 ], [ 106.646089999653924, -6.606209999691561, 0.0 ], [ 106.646149999722837, -6.606260000198674, 0.0 ], [ 106.646200000230039, -6.606320000267676, 0.0 ], [ 106.646249999837792, -6.60640000035956, 0.0 ], [ 106.646291166304465, -6.606490564787606, 0.0 ], [ 106.646300000344894, -6.606510000036305, 0.0 ], [ 106.646349999952733, -6.606599999690079, 0.0 ], [ 106.646380000436878, -6.606679999781964, 0.0 ], [ 106.646419999583443, -6.606759999873937, 0.0 ], [ 106.646470000090645, -6.606869999550682, 0.0 ], [ 106.646499999675427, -6.606980000126708, 0.0 ], [ 106.646550000182529, -6.607100000264623, 0.0 ], [ 106.646599999790368, -6.607220000402538, 0.0 ], [ 106.646650000297385, -6.607359999664055, 0.0 ], [ 106.646699999905223, -6.607490000263141, 0.0 ], [ 106.646759999974222, -6.607650000446998, 0.0 ], [ 106.646800000020164, -6.607780000146715, 0.0 ], [ 106.64685427230701, -6.607924726244931, 0.0 ], [ 106.646860000089163, -6.607940000330572, 0.0 ], [ 106.646909999696902, -6.608070000030288, 0.0 ], [ 106.646960000204018, -6.608230000214146, 0.0 ], [ 106.647009999811857, -6.608359999913862, 0.0 ], [ 106.647049999857799, -6.608480000051866, 0.0 ], [ 106.647089999903741, -6.608580000166722, 0.0 ], [ 106.647129999949684, -6.608669999820407, 0.0 ], [ 106.647160000433914, -6.608740000350579, 0.0 ], [ 106.647179999557508, -6.608800000419492, 0.0 ], [ 106.647230000064624, -6.608850000027324, 0.0 ], [ 106.647270000110566, -6.608899999635156, 0.0 ], [ 106.647319999718405, -6.608930000119209, 0.0 ], [ 106.647379999787319, -6.60897000016524, 0.0 ], [ 106.647450000317491, -6.609010000211182, 0.0 ], [ 106.647539999971173, -6.609050000257124, 0.0 ], [ 106.647640000086113, -6.609090000303155, 0.0 ], [ 106.647760000224025, -6.609130000349097, 0.0 ], [ 106.647880000361937, -6.609170000395039, 0.0 ], [ 106.64801000006166, -6.609220000002871, 0.0 ], [ 106.648150000222543, -6.609260000048813, 0.0 ], [ 106.648279999922266, -6.609289999633674, 0.0 ], [ 106.648420000083064, -6.609329999679616, 0.0 ], [ 106.648549999782858, -6.609360000163669, 0.0 ], [ 106.648689999943755, -6.609380000186729, 0.0 ], [ 106.648810000081582, -6.6094000002097, 0.0 ], [ 106.648930000219494, -6.609409999771501, 0.0 ], [ 106.649050000357406, -6.609429999794472, 0.0 ], [ 106.649160000034158, -6.609440000255642, 0.0 ], [ 106.649260000149098, -6.609440000255642, 0.0 ], [ 106.649360000263954, -6.609440000255642, 0.0 ], [ 106.649449999917721, -6.609449999817443, 0.0 ], [ 106.649530000009705, -6.609449999817443, 0.0 ], [ 106.649610000101589, -6.609440000255642, 0.0 ], [ 106.649679999732385, -6.609440000255642, 0.0 ], [ 106.649750000262472, -6.609429999794472, 0.0 ], [ 106.649819999893282, -6.609420000232671, 0.0 ], [ 106.649890000423355, -6.6094000002097, 0.0 ], [ 106.649969999615962, -6.609380000186729, 0.0 ], [ 106.650037221240936, -6.60936319455562, 0.0 ], [ 106.650067932189472, -6.609316797631983, 0.0 ], [ 106.650078135897402, -6.609301380554058, 0.0 ], [ 106.650175412865124, -6.609055843152447, 0.0 ], [ 106.650418764914306, -6.608491038330602, 0.0 ], [ 106.650552864623151, -6.608257638179307, 0.0 ], [ 106.650722894945858, -6.607766641617054, 0.0 ], [ 106.650795769709163, -6.607557967426061, 0.0 ], [ 106.650893492740693, -6.607447295056481, 0.0 ], [ 106.651040098421973, -6.607287418979038, 0.0 ], [ 106.651260351384238, -6.607151819200876, 0.0 ], [ 106.651566268368782, -6.606966891608614, 0.0 ], [ 106.651568467211135, -6.606967104747898, 0.0 ], [ 106.651811571946681, -6.606990600435694, 0.0 ], [ 106.652105878683528, -6.607001884229415, 0.0 ], [ 106.65221651328163, -6.607087343206199, 0.0 ], [ 106.652241482958274, -6.607222129097803, 0.0 ], [ 106.652369477169856, -6.607253674617244, 0.0 ], [ 106.652391039315177, -6.607258988711209, 0.0 ], [ 106.652486908843926, -6.607282618397949, 0.0 ], [ 106.652560923048298, -6.607417240613014, 0.0 ], [ 106.652561541781893, -6.607603611617243, 0.0 ], [ 106.652561574157502, -6.607613412428872, 0.0 ], [ 106.652709073764967, -6.607723269113421, 0.0 ], [ 106.652893641628452, -6.607918829390282, 0.0 ], [ 106.653017068183289, -6.608163634743782, 0.0 ], [ 106.653127865558744, -6.608298135550363, 0.0 ], [ 106.653213815565323, -6.60833463273697, 0.0 ], [ 106.653299765571902, -6.608371129923576, 0.0 ], [ 106.653385675108979, -6.608395365753363, 0.0 ], [ 106.653606619649963, -6.608468197349318, 0.0 ], [ 106.653618922375557, -6.608480417337184, 0.0 ], [ 106.653802797761131, -6.608467545340737, 0.0 ], [ 106.653986715414774, -6.60846693380174, 0.0 ], [ 106.654096983089502, -6.608442045963461, 0.0 ], [ 106.654268556648773, -6.608416953979059, 0.0 ], [ 106.654477363040058, -6.608526607416856, 0.0 ], [ 106.654857499274286, -6.608537604326816, 0.0 ], [ 106.65498011014418, -6.608537196933941, 0.0 ], [ 106.655017342076832, -6.60867194235605, 0.0 ], [ 106.655225902953219, -6.60870803035122, 0.0 ], [ 106.655446317793562, -6.608621472402856, 0.0 ], [ 106.655580742157738, -6.608486155911155, 0.0 ], [ 106.655715614384278, -6.608485708048786, 0.0 ], [ 106.655912159418747, -6.608595401056707, 0.0 ], [ 106.656034770288642, -6.608594992764552, 0.0 ], [ 106.656084345416389, -6.608754217732784, 0.0 ], [ 106.655876762103091, -6.609012385213244, 0.0 ], [ 106.655882229081783, -6.609042773305198, 0.0 ], [ 106.655914238651349, -6.609220693380138, 0.0 ], [ 106.655779897024814, -6.609380530786737, 0.0 ], [ 106.655718999432423, -6.609503341306002, 0.0 ], [ 106.655682950108286, -6.609724155445242, 0.0 ], [ 106.655671383028007, -6.609932627288764, 0.0 ], [ 106.655585962722157, -6.610055518747018, 0.0 ], [ 106.655721079564316, -6.610128633629344, 0.0 ], [ 106.655921260557875, -6.610227889105627, 0.0 ], [ 106.655942148211707, -6.610238244798996, 0.0 ], [ 106.656285664052376, -6.610298405846606, 0.0 ], [ 106.656445140830812, -6.610322396161497, 0.0 ], [ 106.656678347627803, -6.610395184589937, 0.0 ], [ 106.656960640321472, -6.610480069799198, 0.0 ], [ 106.657267292052055, -6.610515831340393, 0.0 ], [ 106.657438906980104, -6.610502998914072, 0.0 ], [ 106.657536914197379, -6.610478150646006, 0.0 ], [ 106.657610440069874, -6.610465644673571, 0.0 ], [ 106.657806741388185, -6.610501773138147, 0.0 ], [ 106.657856725707546, -6.610783605378892, 0.0 ], [ 106.657979909445416, -6.610954845289676, 0.0 ], [ 106.658015055850314, -6.610991937827517, 0.0 ], [ 106.658176781833134, -6.611162621957281, 0.0 ], [ 106.658385345407552, -6.611198709053081, 0.0 ], [ 106.658410276413264, -6.611321232688585, 0.0 ], [ 106.658288195244168, -6.61148102962569, 0.0 ], [ 106.65846026073261, -6.611603064030049, 0.0 ], [ 106.658656603419701, -6.611651452951985, 0.0 ], [ 106.658852208662637, -6.611479150042534, 0.0 ], [ 106.659084926228559, -6.611404809384283, 0.0 ], [ 106.659244361638144, -6.611416538342354, 0.0 ], [ 106.659440295133706, -6.611342319991955, 0.0 ], [ 106.65962400774194, -6.611280404366973, 0.0 ], [ 106.659656377040292, -6.611233316764, 0.0 ], [ 106.659733826654929, -6.611120647899451, 0.0 ], [ 106.659769669135116, -6.610838530573595, 0.0 ], [ 106.659732150318618, -6.610617961949252, 0.0 ], [ 106.659793332996117, -6.610580976430782, 0.0 ], [ 106.660001485580267, -6.610494456253981, 0.0 ], [ 106.660062545949913, -6.610420687564513, 0.0 ], [ 106.660049711724938, -6.610249079830979, 0.0 ], [ 106.660110158757035, -6.609991403380402, 0.0 ], [ 106.660220058609013, -6.60985616782769, 0.0 ], [ 106.660329999829756, -6.609733193631797, 0.0 ], [ 106.660354235659639, -6.609647287692013, 0.0 ], [ 106.660501451081259, -6.609671317577028, 0.0 ], [ 106.660660640975948, -6.609609482891212, 0.0 ], [ 106.660733838595917, -6.609498892359813, 0.0 ], [ 106.660868792660821, -6.609522962714411, 0.0 ], [ 106.661065503170647, -6.60968169575348, 0.0 ], [ 106.661213413768195, -6.609914157012522, 0.0 ], [ 106.661452875350136, -6.60996121583727, 0.0 ] ] ] ] } },
{ "type": "Feature", "properties": { "PROVNO": "32", "KABKOTNO": "01", "KECNO": "040", "DESANO": "002", "PROVINSI": "JAWA BARAT", "KABKOT": "BOGOR", "KECAMATAN": "CIBUNGBULANG", "ID2013": "3201040002", "DESA": "SITU ILIR", "DESA_1": "SITU ILIR", "ID2012": "3201040002", "IDKAB2": "3201", "IDKEC_2": "3201040", "WILAYAH": "BARAT" }, "geometry": { "type": "MultiPolygon", "coordinates": [ [ [ [ 106.661410000171543, -6.597910000046294, 0.0 ], [ 106.661470000240541, -6.597979999677097, 0.0 ], [ 106.661539999871252, -6.598070000230152, 0.0 ], [ 106.661900000285002, -6.598119999837895, 0.0 ], [ 106.662009999961654, -6.598150000322125, 0.0 ], [ 106.662110000076595, -6.598230000414009, 0.0 ], [ 106.662179999707405, -6.598429999744528, 0.0 ], [ 106.662219999753347, -6.598580000366585, 0.0 ], [ 106.662239999776318, -6.598750000112243, 0.0 ], [ 106.662251556064604, -6.598802004308837, 0.0 ], [ 106.662259999799375, -6.598839999766017, 0.0 ], [ 106.662440000006114, -6.598870000250159, 0.0 ], [ 106.662540000121055, -6.598919999857991, 0.0 ], [ 106.662629999774836, -6.599060000018788, 0.0 ], [ 106.662669999820864, -6.599209999741564, 0.0 ], [ 106.662629999774836, -6.599400000409474, 0.0 ], [ 106.662600000190054, -6.599470000040277, 0.0 ], [ 106.662489999613939, -6.599759999923851, 0.0 ], [ 106.662460000029171, -6.599989999738511, 0.0 ], [ 106.662493987207938, -6.600019987632191, 0.0 ], [ 106.662629999774836, -6.600140000360568, 0.0 ], [ 106.662839999566529, -6.600290000083255, 0.0 ], [ 106.662930000119573, -6.600379999737029, 0.0 ], [ 106.662930000119573, -6.600459999828914, 0.0 ], [ 106.662919999658413, -6.600720000127716, 0.0 ], [ 106.66307000028047, -6.600929999919405, 0.0 ], [ 106.66311999988821, -6.600969999965347, 0.0 ], [ 106.66293999968147, -6.601079999642092, 0.0 ], [ 106.66284673728731, -6.601106646554324, 0.0 ], [ 106.662800000419864, -6.601119999688123, 0.0 ], [ 106.662669999820864, -6.601070000080291, 0.0 ], [ 106.662500000075113, -6.600949999942376, 0.0 ], [ 106.662379999937201, -6.600869999850403, 0.0 ], [ 106.662299999845317, -6.600840000265631, 0.0 ], [ 106.662239999776318, -6.600960000403546, 0.0 ], [ 106.662239999776318, -6.60105000005732, 0.0 ], [ 106.662350000352433, -6.601339999940894, 0.0 ], [ 106.662419999983143, -6.601509999686552, 0.0 ], [ 106.662500000075113, -6.601720000377522, 0.0 ], [ 106.66250999963691, -6.601780000446524, 0.0 ], [ 106.662379999937201, -6.601839999616157, 0.0 ], [ 106.662360688794919, -6.601852069417316, 0.0 ], [ 106.662219999753347, -6.601939999731012, 0.0 ], [ 106.662159999684434, -6.602010000261185, 0.0 ], [ 106.662156207243314, -6.602059311887523, 0.0 ], [ 106.662139999661377, -6.602269999660617, 0.0 ], [ 106.662179999707405, -6.602500000374558, 0.0 ], [ 106.662130000099566, -6.602579999567162, 0.0 ], [ 106.662059999569493, -6.602630000074274, 0.0 ], [ 106.66188000026203, -6.602770000235161, 0.0 ], [ 106.661570000355397, -6.602930000419018, 0.0 ], [ 106.661490000263512, -6.603000000049821, 0.0 ], [ 106.661390000148572, -6.603189999818451, 0.0 ], [ 106.661379999687398, -6.603280000371594, 0.0 ], [ 106.661510000286484, -6.60341000007131, 0.0 ], [ 106.661760000124104, -6.603630000324081, 0.0 ], [ 106.661909999846799, -6.603780000046768, 0.0 ], [ 106.661949999892741, -6.603849999677571, 0.0 ], [ 106.661800000170047, -6.604359999814005, 0.0 ], [ 106.661727007595488, -6.604560727595334, 0.0 ], [ 106.661680000032135, -6.60468999974352, 0.0 ], [ 106.661610000401339, -6.604849999927378, 0.0 ], [ 106.661530000309455, -6.605030000134295, 0.0 ], [ 106.661450000217485, -6.605199999879954, 0.0 ], [ 106.661379999687398, -6.605360000063811, 0.0 ], [ 106.661370000125601, -6.605489999763527, 0.0 ], [ 106.661479999802339, -6.605689999993327, 0.0 ], [ 106.661539999871252, -6.605790000108271, 0.0 ], [ 106.66158730331162, -6.605874602031161, 0.0 ], [ 106.661657676160942, -6.605973592207395, 0.0 ], [ 106.66175752608909, -6.606160034258082, 0.0 ], [ 106.661559999894308, -6.606369999875419, 0.0 ], [ 106.661542633985604, -6.606481772115949, 0.0 ], [ 106.661479999802339, -6.606539999621166, 0.0 ], [ 106.661426421792129, -6.606639750623824, 0.0 ], [ 106.661485356164448, -6.606808819571199, 0.0 ], [ 106.661508966066123, -6.606849287264662, 0.0 ], [ 106.66167908272368, -6.60714086725708, 0.0 ], [ 106.661767143439121, -6.607292328378058, 0.0 ], [ 106.66187251790258, -6.607385364143017, 0.0 ], [ 106.662065486333333, -6.607489780828626, 0.0 ], [ 106.662176465371729, -6.607512756708225, 0.0 ], [ 106.662229347306749, -6.607617641940458, 0.0 ], [ 106.662189659325492, -6.607967978239451, 0.0 ], [ 106.662184309258606, -6.60811391392583, 0.0 ], [ 106.662103176920255, -6.60828928712073, 0.0 ], [ 106.662098061576458, -6.608505262907407, 0.0 ], [ 106.662063352242114, -6.608598767219167, 0.0 ], [ 106.661917625198441, -6.608657620652494, 0.0 ], [ 106.661909999846799, -6.608800000419492, 0.0 ], [ 106.662059999569493, -6.609360000163669, 0.0 ], [ 106.662060812556589, -6.60937219227268, 0.0 ], [ 106.662070000030653, -6.609509999886445, 0.0 ], [ 106.661973139448975, -6.609550454989357, 0.0 ], [ 106.6617927597283, -6.609720323434001, 0.0 ], [ 106.661740384111653, -6.609767191602458, 0.0 ], [ 106.661664563169239, -6.609784955011513, 0.0 ], [ 106.661501207614819, -6.609808847300283, 0.0 ], [ 106.661450000217485, -6.609939999930905, 0.0 ], [ 106.661452875350136, -6.60996121583727, 0.0 ], [ 106.661213413768195, -6.609914157012522, 0.0 ], [ 106.661065503170647, -6.60968169575348, 0.0 ], [ 106.660868792660821, -6.609522962714411, 0.0 ], [ 106.660733838595917, -6.609498892359813, 0.0 ], [ 106.660660640975948, -6.609609482891212, 0.0 ], [ 106.660501451081259, -6.609671317577028, 0.0 ], [ 106.660354235659639, -6.609647287692013, 0.0 ], [ 106.660329999829756, -6.609733193631797, 0.0 ], [ 106.660220058609013, -6.60985616782769, 0.0 ], [ 106.660110158757035, -6.609991403380402, 0.0 ], [ 106.660049711724938, -6.610249079830979, 0.0 ], [ 106.660062545949913, -6.610420687564513, 0.0 ], [ 106.660001485580267, -6.610494456253981, 0.0 ], [ 106.659793332996117, -6.610580976430782, 0.0 ], [ 106.659732150318618, -6.610617961949252, 0.0 ], [ 106.659769669135116, -6.610838530573595, 0.0 ], [ 106.659733826654929, -6.611120647899451, 0.0 ], [ 106.659656377040292, -6.611233316764, 0.0 ], [ 106.65962400774194, -6.611280404366973, 0.0 ], [ 106.659440295133706, -6.611342319991955, 0.0 ], [ 106.659244361638144, -6.611416538342354, 0.0 ], [ 106.659084926228559, -6.611404809384283, 0.0 ], [ 106.658852208662637, -6.611479150042534, 0.0 ], [ 106.658656603419701, -6.611651452951985, 0.0 ], [ 106.65846026073261, -6.611603064030049, 0.0 ], [ 106.658288195244168, -6.61148102962569, 0.0 ], [ 106.658410276413264, -6.611321232688585, 0.0 ], [ 106.658385345407552, -6.611198709053081, 0.0 ], [ 106.658176781833134, -6.611162621957281, 0.0 ], [ 106.658015055850314, -6.610991937827517, 0.0 ], [ 106.657979909445416, -6.610954845289676, 0.0 ], [ 106.657856725707546, -6.610783605378892, 0.0 ], [ 106.657806741388185, -6.610501773138147, 0.0 ], [ 106.657610440069874, -6.610465644673571, 0.0 ], [ 106.657536914197379, -6.610478150646006, 0.0 ], [ 106.657438906980104, -6.610502998914072, 0.0 ], [ 106.657267292052055, -6.610515831340393, 0.0 ], [ 106.656960640321472, -6.610480069799198, 0.0 ], [ 106.656678347627803, -6.610395184589937, 0.0 ], [ 106.656445140830812, -6.610322396161497, 0.0 ], [ 106.656285664052376, -6.610298405846606, 0.0 ], [ 106.655942148211707, -6.610238244798996, 0.0 ], [ 106.655921260557875, -6.610227889105627, 0.0 ], [ 106.655721079564316, -6.610128633629344, 0.0 ], [ 106.655585962722157, -6.610055518747018, 0.0 ], [ 106.655671383028007, -6.609932627288764, 0.0 ], [ 106.655682950108286, -6.609724155445242, 0.0 ], [ 106.655718999432423, -6.609503341306002, 0.0 ], [ 106.655779897024814, -6.609380530786737, 0.0 ], [ 106.655914238651349, -6.609220693380138, 0.0 ], [ 106.655882229081783, -6.609042773305198, 0.0 ], [ 106.655876762103091, -6.609012385213244, 0.0 ], [ 106.656084345416389, -6.608754217732784, 0.0 ], [ 106.656034770288642, -6.608594992764552, 0.0 ], [ 106.655912159418747, -6.608595401056707, 0.0 ], [ 106.655715614384278, -6.608485708048786, 0.0 ], [ 106.655580742157738, -6.608486155911155, 0.0 ], [ 106.655446317793562, -6.608621472402856, 0.0 ], [ 106.655225902953219, -6.60870803035122, 0.0 ], [ 106.655017342076832, -6.60867194235605, 0.0 ], [ 106.65498011014418, -6.608537196933941, 0.0 ], [ 106.654857499274286, -6.608537604326816, 0.0 ], [ 106.654477363040058, -6.608526607416856, 0.0 ], [ 106.654268556648773, -6.608416953979059, 0.0 ], [ 106.654096983089502, -6.608442045963461, 0.0 ], [ 106.653986715414774, -6.60846693380174, 0.0 ], [ 106.653802797761131, -6.608467545340737, 0.0 ], [ 106.653618922375557, -6.608480417337184, 0.0 ], [ 106.653606619649963, -6.608468197349318, 0.0 ], [ 106.653385675108979, -6.608395365753363, 0.0 ], [ 106.653299765571902, -6.608371129923576, 0.0 ], [ 106.653213815565323, -6.60833463273697, 0.0 ], [ 106.653127865558744, -6.608298135550363, 0.0 ], [ 106.653017068183289, -6.608163634743782, 0.0 ], [ 106.652893641628452, -6.607918829390282, 0.0 ], [ 106.652709073764967, -6.607723269113421, 0.0 ], [ 106.652561574157502, -6.607613412428872, 0.0 ], [ 106.652561541781893, -6.607603611617243, 0.0 ], [ 106.652560923048298, -6.607417240613014, 0.0 ], [ 106.652486908843926, -6.607282618397949, 0.0 ], [ 106.652391039315177, -6.607258988711209, 0.0 ], [ 106.652369477169856, -6.607253674617244, 0.0 ], [ 106.652241482958274, -6.607222129097803, 0.0 ], [ 106.65221651328163, -6.607087343206199, 0.0 ], [ 106.652105878683528, -6.607001884229415, 0.0 ], [ 106.651811571946681, -6.606990600435694, 0.0 ], [ 106.651568467211135, -6.606967104747898, 0.0 ], [ 106.651566268368782, -6.606966891608614, 0.0 ], [ 106.651260351384238, -6.607151819200876, 0.0 ], [ 106.651040098421973, -6.607287418979038, 0.0 ], [ 106.650893492740693, -6.607447295056481, 0.0 ], [ 106.650795769709163, -6.607557967426061, 0.0 ], [ 106.650722894945858, -6.607766641617054, 0.0 ], [ 106.650552864623151, -6.608257638179307, 0.0 ], [ 106.650418764914306, -6.608491038330602, 0.0 ], [ 106.650175412865124, -6.609055843152447, 0.0 ], [ 106.650078135897402, -6.609301380554058, 0.0 ], [ 106.650067932189472, -6.609316797631983, 0.0 ], [ 106.650037221240936, -6.60936319455562, 0.0 ], [ 106.649969999615962, -6.609380000186729, 0.0 ], [ 106.649890000423355, -6.6094000002097, 0.0 ], [ 106.649819999893282, -6.609420000232671, 0.0 ], [ 106.649750000262472, -6.609429999794472, 0.0 ], [ 106.649679999732385, -6.609440000255642, 0.0 ], [ 106.649610000101589, -6.609440000255642, 0.0 ], [ 106.649530000009705, -6.609449999817443, 0.0 ], [ 106.649449999917721, -6.609449999817443, 0.0 ], [ 106.649360000263954, -6.609440000255642, 0.0 ], [ 106.649260000149098, -6.609440000255642, 0.0 ], [ 106.649160000034158, -6.609440000255642, 0.0 ], [ 106.649050000357406, -6.609429999794472, 0.0 ], [ 106.648930000219494, -6.609409999771501, 0.0 ], [ 106.648810000081582, -6.6094000002097, 0.0 ], [ 106.648689999943755, -6.609380000186729, 0.0 ], [ 106.648549999782858, -6.609360000163669, 0.0 ], [ 106.648420000083064, -6.609329999679616, 0.0 ], [ 106.648279999922266, -6.609289999633674, 0.0 ], [ 106.648150000222543, -6.609260000048813, 0.0 ], [ 106.64801000006166, -6.609220000002871, 0.0 ], [ 106.647880000361937, -6.609170000395039, 0.0 ], [ 106.647760000224025, -6.609130000349097, 0.0 ], [ 106.647640000086113, -6.609090000303155, 0.0 ], [ 106.647539999971173, -6.609050000257124, 0.0 ], [ 106.647450000317491, -6.609010000211182, 0.0 ], [ 106.647379999787319, -6.60897000016524, 0.0 ], [ 106.647319999718405, -6.608930000119209, 0.0 ], [ 106.647270000110566, -6.608899999635156, 0.0 ], [ 106.647230000064624, -6.608850000027324, 0.0 ], [ 106.647179999557508, -6.608800000419492, 0.0 ], [ 106.647160000433914, -6.608740000350579, 0.0 ], [ 106.647129999949684, -6.608669999820407, 0.0 ], [ 106.647089999903741, -6.608580000166722, 0.0 ], [ 106.647049999857799, -6.608480000051866, 0.0 ], [ 106.647009999811857, -6.608359999913862, 0.0 ], [ 106.646960000204018, -6.608230000214146, 0.0 ], [ 106.646909999696902, -6.608070000030288, 0.0 ], [ 106.646860000089163, -6.607940000330572, 0.0 ], [ 106.64685427230701, -6.607924726244931, 0.0 ], [ 106.646800000020164, -6.607780000146715, 0.0 ], [ 106.646759999974222, -6.607650000446998, 0.0 ], [ 106.646699999905223, -6.607490000263141, 0.0 ], [ 106.646650000297385, -6.607359999664055, 0.0 ], [ 106.646599999790368, -6.607220000402538, 0.0 ], [ 106.646550000182529, -6.607100000264623, 0.0 ], [ 106.646499999675427, -6.606980000126708, 0.0 ], [ 106.646470000090645, -6.606869999550682, 0.0 ], [ 106.646419999583443, -6.606759999873937, 0.0 ], [ 106.646380000436878, -6.606679999781964, 0.0 ], [ 106.646349999952733, -6.606599999690079, 0.0 ], [ 106.646300000344894, -6.606510000036305, 0.0 ], [ 106.646291166304465, -6.606490564787606, 0.0 ], [ 106.646249999837792, -6.60640000035956, 0.0 ], [ 106.646200000230039, -6.606320000267676, 0.0 ], [ 106.646149999722837, -6.606260000198674, 0.0 ], [ 106.646089999653924, -6.606209999691561, 0.0 ], [ 106.646040000046099, -6.606149999622648, 0.0 ], [ 106.645970000415389, -6.606089999553646, 0.0 ], [ 106.645899999885302, -6.606030000384102, 0.0 ], [ 106.645850000277477, -6.605990000338071, 0.0 ], [ 106.645790000208564, -6.605950000292129, 0.0 ], [ 106.64571000011658, -6.605899999785017, 0.0 ], [ 106.64563000002461, -6.605839999716103, 0.0 ], [ 106.645540000370929, -6.605790000108271, 0.0 ], [ 106.645449999817785, -6.605739999601159, 0.0 ], [ 106.645360000164004, -6.605699999555128, 0.0 ], [ 106.64528000007212, -6.605669999970356, 0.0 ], [ 106.645170000395382, -6.605620000362613, 0.0 ], [ 106.645079999842238, -6.605589999878383, 0.0 ], [ 106.645019999773325, -6.605560000293611, 0.0 ], [ 106.644950000142515, -6.60554000027064, 0.0 ], [ 106.6448399995665, -6.605509999786499, 0.0 ], [ 106.644749999912719, -6.605480000201638, 0.0 ], [ 106.644669999820835, -6.605449999717585, 0.0 ], [ 106.644600000190025, -6.605429999694614, 0.0 ], [ 106.64452000009814, -6.605409999671554, 0.0 ], [ 106.644449999567968, -6.605389999648583, 0.0 ], [ 106.644370000375375, -6.605369999625612, 0.0 ], [ 106.644270000260434, -6.605349999602641, 0.0 ], [ 106.644199999730432, -6.60532999957967, 0.0 ], [ 106.644110000076665, -6.60532000001778, 0.0 ], [ 106.644020000422884, -6.605299999994809, 0.0 ], [ 106.643929999869741, -6.605290000433008, 0.0 ], [ 106.643829999754885, -6.605279999971838, 0.0 ], [ 106.643729999639945, -6.605270000410037, 0.0 ], [ 106.643619999963192, -6.605259999948867, 0.0 ], [ 106.643499999825281, -6.605259999948867, 0.0 ], [ 106.643359999664398, -6.605259999948867, 0.0 ], [ 106.643189999918732, -6.605259999948867, 0.0 ], [ 106.643009999711907, -6.605270000410037, 0.0 ], [ 106.642592823100429, -6.606220678241517, 0.0 ], [ 106.64256518603473, -6.605201279615205, 0.0 ], [ 106.642652590244992, -6.604715520704509, 0.0 ], [ 106.642739513318091, -6.604084121984535, 0.0 ], [ 106.642791307073338, -6.603697305586067, 0.0 ], [ 106.642794791046882, -6.603671289997894, 0.0 ], [ 106.642696014010028, -6.603161870823495, 0.0 ], [ 106.642516190969658, -6.602612263644883, 0.0 ], [ 106.6424500197528, -6.602175558255254, 0.0 ], [ 106.642619536562535, -6.602053630870177, 0.0 ], [ 106.642759999874272, -6.602070000330098, 0.0 ], [ 106.643590918586156, -6.602179886692241, 0.0 ], [ 106.644237235260377, -6.601878380882411, 0.0 ], [ 106.644254322379211, -6.60149853422979, 0.0 ], [ 106.644122254238795, -6.601265983038509, 0.0 ], [ 106.644056823164007, -6.60115076999185, 0.0 ], [ 106.643524154716175, -6.60035746722313, 0.0 ], [ 106.643227430601556, -6.599915554758908, 0.0 ], [ 106.642996882200563, -6.599052630074667, 0.0 ], [ 106.642989850401506, -6.599026308716951, 0.0 ], [ 106.643002603687407, -6.599020250883694, 0.0 ], [ 106.643339999641427, -6.598859999788989, 0.0 ], [ 106.643350301375463, -6.59885910316488, 0.0 ], [ 106.643970366839156, -6.598805107869268, 0.0 ], [ 106.643976260995871, -6.598804595255761, 0.0 ], [ 106.644502885999572, -6.59901322807789, 0.0 ], [ 106.645127192666024, -6.599399543553943, 0.0 ], [ 106.645435301298306, -6.599592715231442, 0.0 ], [ 106.645766615137347, -6.599462163348004, 0.0 ], [ 106.646218521767508, -6.599096568251852, 0.0 ], [ 106.646419440205221, -6.598683254228668, 0.0 ], [ 106.646499041897385, -6.598286523703969, 0.0 ], [ 106.646401146196155, -6.598044113245063, 0.0 ], [ 106.646295506432637, -6.597906911774345, 0.0 ], [ 106.646920000158076, -6.597709999816495, 0.0 ], [ 106.647029999834828, -6.597720000277576, 0.0 ], [ 106.647149999972655, -6.597760000323607, 0.0 ], [ 106.647290000133538, -6.597800000369549, 0.0 ], [ 106.64749999992523, -6.597879999562153, 0.0 ], [ 106.647689999693938, -6.598019999723039, 0.0 ], [ 106.647789999808793, -6.59803999974601, 0.0 ], [ 106.64794000043085, -6.597970000115296, 0.0 ], [ 106.647990069286408, -6.597956647880867, 0.0 ], [ 106.648090000153545, -6.597930000069354, 0.0 ], [ 106.648409999621975, -6.597919999608095, 0.0 ], [ 106.648549999782858, -6.597999999700068, 0.0 ], [ 106.649039999896246, -6.598289999583642, 0.0 ], [ 106.649409999871779, -6.598449999767499, 0.0 ], [ 106.649555379777141, -6.598431497115733, 0.0 ], [ 106.649960000054165, -6.598380000136697, 0.0 ], [ 106.650350000052683, -6.598340000090754, 0.0 ], [ 106.650577553711258, -6.59828507309749, 0.0 ], [ 106.65063999993626, -6.598269999560671, 0.0 ], [ 106.650944436636635, -6.598150336668542, 0.0 ], [ 106.652369999675898, -6.597589999678579, 0.0 ], [ 106.654628251292976, -6.597225130335307, 0.0 ], [ 106.654660000059167, -6.597219999703032, 0.0 ], [ 106.654740000151051, -6.596980000326571, 0.0 ], [ 106.654769999735919, -6.596860000188745, 0.0 ], [ 106.654809999781861, -6.596729999589659, 0.0 ], [ 106.654900000334919, -6.596439999705996, 0.0 ], [ 106.654949999942744, -6.596359999614112, 0.0 ], [ 106.654989999988686, -6.596310000006369, 0.0 ], [ 106.655099999665424, -6.595980000076764, 0.0 ], [ 106.655113253873736, -6.595939502705708, 0.0 ], [ 106.655279999872263, -6.595429999894389, 0.0 ], [ 106.655449999618014, -6.595240000125759, 0.0 ], [ 106.655476104238957, -6.595105751129307, 0.0 ], [ 106.655510585145535, -6.594928420110371, 0.0 ], [ 106.655520000148002, -6.594879999712102, 0.0 ], [ 106.655509999686927, -6.594689999943384, 0.0 ], [ 106.655529999709898, -6.594580000266639, 0.0 ], [ 106.655830000054635, -6.594620000312581, 0.0 ], [ 106.655950000192547, -6.594660000358523, 0.0 ], [ 106.656110000376401, -6.594739999551127, 0.0 ], [ 106.656500000374834, -6.594779999597158, 0.0 ], [ 106.656670000120585, -6.594799999620129, 0.0 ], [ 106.65670596940511, -6.594811990280949, 0.0 ], [ 106.656730000189583, -6.5948199996431, 0.0 ], [ 106.656691806881511, -6.595096897303812, 0.0 ], [ 106.656690000143556, -6.595110000426043, 0.0 ], [ 106.656659999659411, -6.59544999991736, 0.0 ], [ 106.656719999728324, -6.595579999617165, 0.0 ], [ 106.656770000235525, -6.595619999663107, 0.0 ], [ 106.657040000096131, -6.595859999938938, 0.0 ], [ 106.657430000094649, -6.596009999661625, 0.0 ], [ 106.657639999886243, -6.596080000191709, 0.0 ], [ 106.65778000004714, -6.596089999753509, 0.0 ], [ 106.657940000230994, -6.596040000145678, 0.0 ], [ 106.658080000391877, -6.596009999661625, 0.0 ], [ 106.658560000044176, -6.59589000042299, 0.0 ], [ 106.658769999835769, -6.595839999915878, 0.0 ], [ 106.659239999926257, -6.59589000042299, 0.0 ], [ 106.659409999671922, -6.596310000006369, 0.0 ], [ 106.659500000225066, -6.596490000213198, 0.0 ], [ 106.659959999854294, -6.597029999934403, 0.0 ], [ 106.660120000038148, -6.597350000302118, 0.0 ], [ 106.6602299997149, -6.597549999632637, 0.0 ], [ 106.660268613905586, -6.597596337200997, 0.0 ], [ 106.660329999829756, -6.597669999770552, 0.0 ], [ 106.660381244998661, -6.597707759605278, 0.0 ], [ 106.660519999598478, -6.59780999993135, 0.0 ], [ 106.660532083788837, -6.597824768598084, 0.0 ], [ 106.660610000151536, -6.597919999608095, 0.0 ], [ 106.660659999759361, -6.598219999952928, 0.0 ], [ 106.660690000243505, -6.598380000136697, 0.0 ], [ 106.660859999989157, -6.598529999859473, 0.0 ], [ 106.661089999803821, -6.598640000435498, 0.0 ], [ 106.661160000333993, -6.598670000020359, 0.0 ], [ 106.661290000033617, -6.59887999981196, 0.0 ], [ 106.66141999973334, -6.599010000411045, 0.0 ], [ 106.661410000171543, -6.598540000320643, 0.0 ], [ 106.661479999802339, -6.598509999836413, 0.0 ], [ 106.661490000263512, -6.598420000182728, 0.0 ], [ 106.661430000194514, -6.59803999974601, 0.0 ], [ 106.661410000171543, -6.597910000046294, 0.0 ] ] ] ] } },
{ "type": "Feature", "properties": { "PROVNO": "32", "KABKOTNO": "01", "KECNO": "040", "DESANO": "003", "PROVINSI": "JAWA BARAT", "KABKOT": "BOGOR", "KECAMATAN": "CIBUNGBULANG", "ID2013": "3201040003", "DESA": "CIBATOK 2", "DESA_1": "CIBATOK 2", "ID2012": "3201040003", "IDKAB2": "3201", "IDKEC_2": "3201040", "WILAYAH": "BARAT" }, "geometry": { "type": "MultiPolygon", "coordinates": [ [ [ [ 106.673700000354955, -6.585650000347112, 0.0 ], [ 106.673370000425336, -6.585940000230686, 0.0 ], [ 106.67317000019554, -6.586330000229204, 0.0 ], [ 106.67317000019554, -6.586470000390001, 0.0 ], [ 106.673199999780408, -6.586660000158719, 0.0 ], [ 106.673299999895264, -6.587050000157237, 0.0 ], [ 106.673390000448407, -6.587179999856954, 0.0 ], [ 106.673460000079118, -6.587210000341095, 0.0 ], [ 106.67356999975587, -6.587170000295064, 0.0 ], [ 106.673850000077636, -6.587030000134266, 0.0 ], [ 106.674050000307432, -6.586959999604094, 0.0 ], [ 106.674159999984184, -6.587019999673096, 0.0 ], [ 106.674170000445343, -6.587179999856954, 0.0 ], [ 106.674280000122096, -6.587759999624101, 0.0 ], [ 106.674300000145067, -6.587919999807959, 0.0 ], [ 106.674349999752806, -6.587959999853901, 0.0 ], [ 106.674469999890732, -6.588070000430015, 0.0 ], [ 106.674680643597029, -6.588299794299903, 0.0 ], [ 106.674690000143585, -6.588309999806476, 0.0 ], [ 106.674810000281497, -6.588630000174192, 0.0 ], [ 106.674859999889236, -6.588909999596595, 0.0 ], [ 106.674890000373381, -6.589089999803512, 0.0 ], [ 106.674799999820323, -6.589650000447058, 0.0 ], [ 106.674639999636469, -6.589949999892433, 0.0 ], [ 106.674570000005673, -6.590070000030348, 0.0 ], [ 106.67450999993676, -6.590119999638091, 0.0 ], [ 106.674340000191009, -6.590239999776006, 0.0 ], [ 106.67422999961498, -6.59033000032915, 0.0 ], [ 106.674099999915271, -6.590500000074808, 0.0 ], [ 106.674051015642007, -6.590578374192404, 0.0 ], [ 106.673999999800316, -6.590660000258666, 0.0 ], [ 106.673790000008722, -6.591110000326097, 0.0 ], [ 106.673669999870725, -6.591349999702558, 0.0 ], [ 106.673379999987148, -6.59183999981602, 0.0 ], [ 106.673299999895264, -6.591979999976818, 0.0 ], [ 106.672980000426833, -6.592300000344622, 0.0 ], [ 106.672590000428301, -6.592630000274138, 0.0 ], [ 106.67231000010662, -6.59290000013474, 0.0 ], [ 106.672259999599504, -6.59308999990337, 0.0 ], [ 106.672209999991679, -6.593379999786944, 0.0 ], [ 106.672155621584835, -6.593588448248102, 0.0 ], [ 106.672149999922766, -6.593609999601693, 0.0 ], [ 106.672069999830796, -6.593700000154747, 0.0 ], [ 106.671960000154044, -6.593760000223661, 0.0 ], [ 106.671880000062075, -6.593849999877435, 0.0 ], [ 106.671900000085046, -6.593940000430489, 0.0 ], [ 106.671969999715856, -6.594420000082781, 0.0 ], [ 106.671989999738827, -6.594569999805469, 0.0 ], [ 106.671949999692885, -6.594950000242097, 0.0 ], [ 106.671889999623971, -6.595149999572616, 0.0 ], [ 106.671610000201468, -6.595200000079817, 0.0 ], [ 106.671149999672963, -6.595169999595676, 0.0 ], [ 106.671060000019182, -6.595189999618647, 0.0 ], [ 106.670959999904241, -6.595229999664589, 0.0 ], [ 106.67087000025046, -6.595289999733591, 0.0 ], [ 106.670839999766415, -6.595619999663107, 0.0 ], [ 106.670830000204518, -6.595859999938938, 0.0 ], [ 106.670819999743358, -6.595969999615683, 0.0 ], [ 106.670795712652165, -6.59621286872877, 0.0 ], [ 106.670790000158576, -6.596269999960427, 0.0 ], [ 106.670799999720387, -6.596590000328053, 0.0 ], [ 106.670830000204518, -6.596849999727574, 0.0 ], [ 106.670719999628403, -6.59739000034806, 0.0 ], [ 106.670700532004105, -6.597454893628232, 0.0 ], [ 106.67065999955949, -6.597589999678579, 0.0 ], [ 106.670440000206014, -6.598289999583642, 0.0 ], [ 106.670320000068088, -6.598659999559189, 0.0 ], [ 106.670250000437377, -6.59889000027313, 0.0 ], [ 106.670119999838292, -6.599149999672562, 0.0 ], [ 106.669979999677409, -6.599360000363532, 0.0 ], [ 106.669829999954715, -6.599599999739993, 0.0 ], [ 106.669740000300948, -6.600000000199682, 0.0 ], [ 106.669689999793832, -6.600209999991371, 0.0 ], [ 106.669589999678891, -6.600370000175229, 0.0 ], [ 106.669459999979168, -6.600470000290084, 0.0 ], [ 106.669290000233516, -6.600450000267113, 0.0 ], [ 106.669190000118562, -6.600430000244142, 0.0 ], [ 106.669169934445094, -6.600437297343245, 0.0 ], [ 106.669080000441824, -6.600470000290084, 0.0 ], [ 106.669009999911736, -6.600539999920887, 0.0 ], [ 106.669009999911736, -6.600720000127716, 0.0 ], [ 106.669009999911736, -6.600869999850403, 0.0 ], [ 106.668960000303997, -6.60103999959615, 0.0 ], [ 106.668869999750854, -6.601119999688123, 0.0 ], [ 106.668570000305479, -6.601290000333151, 0.0 ], [ 106.668519999798278, -6.601330000379093, 0.0 ], [ 106.668419999683422, -6.600789999758518, 0.0 ], [ 106.668419999683422, -6.600479999851885, 0.0 ], [ 106.668430000144596, -6.600370000175229, 0.0 ], [ 106.66837999963748, -6.600270000060284, 0.0 ], [ 106.668140000260934, -6.600080000291566, 0.0 ], [ 106.667969999615991, -6.599799999969882, 0.0 ], [ 106.667949999592935, -6.599710000316108, 0.0 ], [ 106.667989999638962, -6.599570000155222, 0.0 ], [ 106.667879999962224, -6.599459999579196, 0.0 ], [ 106.667739999801327, -6.599459999579196, 0.0 ], [ 106.667530000009634, -6.599519999648109, 0.0 ], [ 106.667320000218041, -6.599650000247195, 0.0 ], [ 106.667149999573013, -6.599860000038795, 0.0 ], [ 106.666979999827262, -6.600009999761571, 0.0 ], [ 106.666669999920714, -6.6003900001982, 0.0 ], [ 106.666469999690918, -6.600599999989889, 0.0 ], [ 106.666270000360399, -6.600769999735547, 0.0 ], [ 106.666070000130603, -6.600920000357604, 0.0 ], [ 106.665820000292968, -6.601070000080291, 0.0 ], [ 106.66541999983329, -6.601279999871981, 0.0 ], [ 106.665069999880799, -6.601429999594668, 0.0 ], [ 106.66477000043534, -6.601509999686552, 0.0 ], [ 106.664741927198349, -6.601513119434745, 0.0 ], [ 106.664499999675357, -6.601540000170694, 0.0 ], [ 106.664260000298981, -6.601520000147723, 0.0 ], [ 106.664129999699895, -6.601390000448006, 0.0 ], [ 106.66402999958504, -6.601370000425035, 0.0 ], [ 106.66373000013958, -6.601390000448006, 0.0 ], [ 106.6635800004169, -6.601330000379093, 0.0 ], [ 106.663540000370958, -6.601270000310091, 0.0 ], [ 106.663409999771872, -6.600989999988407, 0.0 ], [ 106.663249999588004, -6.600949999942376, 0.0 ], [ 106.66311999988821, -6.600969999965347, 0.0 ], [ 106.66307000028047, -6.600929999919405, 0.0 ], [ 106.662919999658413, -6.600720000127716, 0.0 ], [ 106.662930000119573, -6.600459999828914, 0.0 ], [ 106.662930000119573, -6.600379999737029, 0.0 ], [ 106.662839999566529, -6.600290000083255, 0.0 ], [ 106.662629999774836, -6.600140000360568, 0.0 ], [ 106.662493987207938, -6.600019987632191, 0.0 ], [ 106.662460000029171, -6.599989999738511, 0.0 ], [ 106.662489999613939, -6.599759999923851, 0.0 ], [ 106.662600000190054, -6.599470000040277, 0.0 ], [ 106.662629999774836, -6.599400000409474, 0.0 ], [ 106.662669999820864, -6.599209999741564, 0.0 ], [ 106.662629999774836, -6.599060000018788, 0.0 ], [ 106.662540000121055, -6.598919999857991, 0.0 ], [ 106.662440000006114, -6.598870000250159, 0.0 ], [ 106.662259999799375, -6.598839999766017, 0.0 ], [ 106.662251556064604, -6.598802004308837, 0.0 ], [ 106.662239999776318, -6.598750000112243, 0.0 ], [ 106.662219999753347, -6.598580000366585, 0.0 ], [ 106.662179999707405, -6.598429999744528, 0.0 ], [ 106.662110000076595, -6.598230000414009, 0.0 ], [ 106.662009999961654, -6.598150000322125, 0.0 ], [ 106.661900000285002, -6.598119999837895, 0.0 ], [ 106.661539999871252, -6.598070000230152, 0.0 ], [ 106.661470000240541, -6.597979999677097, 0.0 ], [ 106.661410000171543, -6.597910000046294, 0.0 ], [ 106.661370000125601, -6.597860000438551, 0.0 ], [ 106.661370000125601, -6.597789999908379, 0.0 ], [ 106.66141999973334, -6.597399999909861, 0.0 ], [ 106.661390000148572, -6.597310000256087, 0.0 ], [ 106.661330000079559, -6.597279999772034, 0.0 ], [ 106.661229999964704, -6.597290000233116, 0.0 ], [ 106.660770000335475, -6.597290000233116, 0.0 ], [ 106.660650000197478, -6.597219999703032, 0.0 ], [ 106.660517182022517, -6.597060619152142, 0.0 ], [ 106.660499999575507, -6.597040000395573, 0.0 ], [ 106.660630000174507, -6.596849999727574, 0.0 ], [ 106.660659999759361, -6.596789999658572, 0.0 ], [ 106.660699999805303, -6.596729999589659, 0.0 ], [ 106.660762064717716, -6.596539371194901, 0.0 ], [ 106.660980000127068, -6.595870000400019, 0.0 ], [ 106.660980000127068, -6.595710000216162, 0.0 ], [ 106.660949999642938, -6.595619999663107, 0.0 ], [ 106.660889999574025, -6.595570000055275, 0.0 ], [ 106.660639999736389, -6.59546999994042, 0.0 ], [ 106.660590000128565, -6.595420000332588, 0.0 ], [ 106.660550000082623, -6.595280000171702, 0.0 ], [ 106.660570000105594, -6.595130000449014, 0.0 ], [ 106.66055999964442, -6.59503000033407, 0.0 ], [ 106.660400000359928, -6.594810000081299, 0.0 ], [ 106.660260000199045, -6.594669999920413, 0.0 ], [ 106.660030000384381, -6.594480000151783, 0.0 ], [ 106.659939999831323, -6.594310000406036, 0.0 ], [ 106.659939999831323, -6.594139999761008, 0.0 ], [ 106.659953962705387, -6.593995719726511, 0.0 ], [ 106.659970000315383, -6.593829999854464, 0.0 ], [ 106.660100000015177, -6.593499999924948, 0.0 ], [ 106.660260000199045, -6.593279999672088, 0.0 ], [ 106.660389999898754, -6.59308999990337, 0.0 ], [ 106.660499999575507, -6.592920000157712, 0.0 ], [ 106.660599999690447, -6.592779999996825, 0.0 ], [ 106.660679999782332, -6.59265999985891, 0.0 ], [ 106.660739999851245, -6.592559999744054, 0.0 ], [ 106.660799999920243, -6.59247000009028, 0.0 ], [ 106.660850000427359, -6.592399999560108, 0.0 ], [ 106.660900000035184, -6.592340000390564, 0.0 ], [ 106.660949999642938, -6.592289999883363, 0.0 ], [ 106.66100000015004, -6.59222999981445, 0.0 ], [ 106.66106999978085, -6.592169999745536, 0.0 ], [ 106.661379999687398, -6.591939999930876, 0.0 ], [ 106.661789999708887, -6.591730000139275, 0.0 ], [ 106.661979970699207, -6.591616017365123, 0.0 ], [ 106.662090000053624, -6.591549999932358, 0.0 ], [ 106.662119999638406, -6.591420000232731, 0.0 ], [ 106.662199999730376, -6.591280000071755, 0.0 ], [ 106.662270000260463, -6.591110000326097, 0.0 ], [ 106.662279999822346, -6.59095999970404, 0.0 ], [ 106.662469999590968, -6.590219999753035, 0.0 ], [ 106.662520000098084, -6.589789999708575, 0.0 ], [ 106.662540000121055, -6.589539999870944, 0.0 ], [ 106.662580000167083, -6.589270000010341, 0.0 ], [ 106.662629999774836, -6.588619999713021, 0.0 ], [ 106.662760000373922, -6.587489999763498, 0.0 ], [ 106.662760000373922, -6.587409999671614, 0.0 ], [ 106.662780000396893, -6.58732000001784, 0.0 ], [ 106.662780000396893, -6.587051579366712, 0.0 ], [ 106.662780000396893, -6.587030000134266, 0.0 ], [ 106.662899999635442, -6.587019999673096, 0.0 ], [ 106.663050000257499, -6.586990000088324, 0.0 ], [ 106.663309999656917, -6.586919999558152, 0.0 ], [ 106.663570748191688, -6.58689226086894, 0.0 ], [ 106.663779999747334, -6.58686999995032, 0.0 ], [ 106.66424000027601, -6.58690000043455, 0.0 ], [ 106.664710000366426, -6.586990000088324, 0.0 ], [ 106.664800000020108, -6.587010000111295, 0.0 ], [ 106.664900000135049, -6.587030000134266, 0.0 ], [ 106.664989999788816, -6.587050000157237, 0.0 ], [ 106.66508999990377, -6.587070000180208, 0.0 ], [ 106.665190000018626, -6.587079999742098, 0.0 ], [ 106.665279999672393, -6.587099999765069, 0.0 ], [ 106.665379999787348, -6.58711999978804, 0.0 ], [ 106.665462570141713, -6.58711999978804, 0.0 ], [ 106.665470000340392, -6.58711999978804, 0.0 ], [ 106.66556999955597, -6.58711999978804, 0.0 ], [ 106.665669999670911, -6.58711999978804, 0.0 ], [ 106.665760000223969, -6.58711999978804, 0.0 ], [ 106.66586000033891, -6.58711999978804, 0.0 ], [ 106.665959999554488, -6.587099999765069, 0.0 ], [ 106.666059999669429, -6.58709000020318, 0.0 ], [ 106.666170000245458, -6.587070000180208, 0.0 ], [ 106.66627999992221, -6.587059999719038, 0.0 ], [ 106.666400000060122, -6.587030000134266, 0.0 ], [ 106.666529999759831, -6.587010000111295, 0.0 ], [ 106.666669999920714, -6.586979999627154, 0.0 ], [ 106.667027315858093, -6.586783476176308, 0.0 ], [ 106.667469999940721, -6.586540000020804, 0.0 ], [ 106.667739929654246, -6.586524864430778, 0.0 ], [ 106.668539999821249, -6.586479999951891, 0.0 ], [ 106.66884664615597, -6.586504208802015, 0.0 ], [ 106.66892000025797, -6.586510000436032, 0.0 ], [ 106.669119999588489, -6.58645000036703, 0.0 ], [ 106.669230000164504, -6.586390000298117, 0.0 ], [ 106.669290000233516, -6.586279999722002, 0.0 ], [ 106.669595311074914, -6.585938342780153, 0.0 ], [ 106.669709999816803, -6.5858099996316, 0.0 ], [ 106.669729999839774, -6.585209999841481, 0.0 ], [ 106.669789999908772, -6.584830000304134, 0.0 ], [ 106.669849999977686, -6.584699999705048, 0.0 ], [ 106.670420000183043, -6.584300000144729, 0.0 ], [ 106.670649999997693, -6.584030000284127, 0.0 ], [ 106.670739999651474, -6.58389000012324, 0.0 ], [ 106.670839999766415, -6.583799999570186, 0.0 ], [ 106.671010000411357, -6.583790000008296, 0.0 ], [ 106.671169999695934, -6.583839999616128, 0.0 ], [ 106.671530000109584, -6.583999999799985, 0.0 ], [ 106.671829999555058, -6.584059999868899, 0.0 ], [ 106.672069999830796, -6.584059999868899, 0.0 ], [ 106.672209999991679, -6.584059999868899, 0.0 ], [ 106.672410000221561, -6.584099999914841, 0.0 ], [ 106.672599999990197, -6.584220000052845, 0.0 ], [ 106.672689999643879, -6.584349999752561, 0.0 ], [ 106.672760000174051, -6.584560000443531, 0.0 ], [ 106.672900000334948, -6.585180000256621, 0.0 ], [ 106.672969999965659, -6.585340000440478, 0.0 ], [ 106.673019999573484, -6.585499999725055, 0.0 ], [ 106.673087544954427, -6.585522515151823, 0.0 ], [ 106.673199999780408, -6.585559999793968, 0.0 ], [ 106.673509999686956, -6.58557999981694, 0.0 ], [ 106.67352501926436, -6.585583755385862, 0.0 ], [ 106.673629999824783, -6.58561000030117, 0.0 ], [ 106.673700000354955, -6.585650000347112, 0.0 ] ] ] ] } },
{ "type": "Feature", "properties": { "PROVNO": "32", "KABKOTNO": "01", "KECNO": "040", "DESANO": "004", "PROVINSI": "JAWA BARAT", "KABKOT": "BOGOR", "KECAMATAN": "CIBUNGBULANG", "ID2013": "3201040004", "DESA": "CIARUTEN UDIK", "DESA_1": "CIARUTEN UDIK", "ID2012": "3201040004", "IDKAB2": "3201", "IDKEC_2": "3201040", "WILAYAH": "BARAT" }, "geometry": { "type": "MultiPolygon", "coordinates": [ [ [ [ 106.679069999780879, -6.601509999686552, 0.0 ], [ 106.67908999980385, -6.601660000308609, 0.0 ], [ 106.679120000287995, -6.601830000054267, 0.0 ], [ 106.679180000356908, -6.602369999775561, 0.0 ], [ 106.679069999780879, -6.60316999979548, 0.0 ], [ 106.679048252375139, -6.603354856341372, 0.0 ], [ 106.679029999734936, -6.603510000186166, 0.0 ], [ 106.679040000196011, -6.60361000030111, 0.0 ], [ 106.679109999826821, -6.603699999954884, 0.0 ], [ 106.679125146208747, -6.603718933381888, 0.0 ], [ 106.679149999872763, -6.603749999562716, 0.0 ], [ 106.679149999872763, -6.603869999700542, 0.0 ], [ 106.679120000287995, -6.604089999953402, 0.0 ], [ 106.679109999826821, -6.604190000068257, 0.0 ], [ 106.678980000127098, -6.604709999766492, 0.0 ], [ 106.679359999664456, -6.60532000001778, 0.0 ], [ 106.679339999641485, -6.605830000154214, 0.0 ], [ 106.679109999826821, -6.606630000174221, 0.0 ], [ 106.679049999757908, -6.606929999619595, 0.0 ], [ 106.679099861769402, -6.607121776448679, 0.0 ], [ 106.679153980272147, -6.607329921838225, 0.0 ], [ 106.679180000356908, -6.607430000194228, 0.0 ], [ 106.679270000010675, -6.607860000238688, 0.0 ], [ 106.679419999733369, -6.608460000028806, 0.0 ], [ 106.67943999975634, -6.608580000166722, 0.0 ], [ 106.679200000379879, -6.608589999728522, 0.0 ], [ 106.678750000312448, -6.608540000120779, 0.0 ], [ 106.678400000359872, -6.608489999613667, 0.0 ], [ 106.678209999691873, -6.608419999982864, 0.0 ], [ 106.67814999962296, -6.608350000352061, 0.0 ], [ 106.678070000430353, -6.60813000009929, 0.0 ], [ 106.678019999923237, -6.608020000422545, 0.0 ], [ 106.677919999808296, -6.607860000238688, 0.0 ], [ 106.677839999716412, -6.607829999754546, 0.0 ], [ 106.677730000039574, -6.607849999777518, 0.0 ], [ 106.677750000062645, -6.607940000330572, 0.0 ], [ 106.677710000016603, -6.60813000009929, 0.0 ], [ 106.677529999809778, -6.608419999982864, 0.0 ], [ 106.677409999671951, -6.608640000235635, 0.0 ], [ 106.677190000318461, -6.609280000071784, 0.0 ], [ 106.677480000202038, -6.610459999629139, 0.0 ], [ 106.677516077405215, -6.610612507561022, 0.0 ], [ 106.67758827407981, -6.610917704188548, 0.0 ], [ 106.677699999555529, -6.611390000248143, 0.0 ], [ 106.677680000431835, -6.611459999878946, 0.0 ], [ 106.677689999993632, -6.611589999578662, 0.0 ], [ 106.677730000039574, -6.612150000222208, 0.0 ], [ 106.677759999624442, -6.612750000012326, 0.0 ], [ 106.677752190811105, -6.612878852177086, 0.0 ], [ 106.677739999601471, -6.613079999941842, 0.0 ], [ 106.677349999603038, -6.613119999987873, 0.0 ], [ 106.676680000182031, -6.613240000125788, 0.0 ], [ 106.676629999674915, -6.613420000332617, 0.0 ], [ 106.676636508967846, -6.613537160411411, 0.0 ], [ 106.676640000136089, -6.613599999640076, 0.0 ], [ 106.676651560021668, -6.613788815901014, 0.0 ], [ 106.676669999720858, -6.614089999753539, 0.0 ], [ 106.676700000205003, -6.614410000121254, 0.0 ], [ 106.6767099997668, -6.61476999963563, 0.0 ], [ 106.676729999789771, -6.615529999609606, 0.0 ], [ 106.677130000249463, -6.615569999655548, 0.0 ], [ 106.677239999926286, -6.615580000116807, 0.0 ], [ 106.677279999972228, -6.615700000254634, 0.0 ], [ 106.677175344067052, -6.616442281785719, 0.0 ], [ 106.67677882128568, -6.616432128439822, 0.0 ], [ 106.676313035418474, -6.616330273023454, 0.0 ], [ 106.676262131092656, -6.616713832976853, 0.0 ], [ 106.676196405939507, -6.617209068943222, 0.0 ], [ 106.676156991352272, -6.617205022893327, 0.0 ], [ 106.675603622309509, -6.617148221712945, 0.0 ], [ 106.675672664162278, -6.616322017247125, 0.0 ], [ 106.674568892040924, -6.61607316944103, 0.0 ], [ 106.674495592797541, -6.616056644398451, 0.0 ], [ 106.674590437998475, -6.61669154687722, 0.0 ], [ 106.674834814375302, -6.618327414578342, 0.0 ], [ 106.674900290416247, -6.618765716264665, 0.0 ], [ 106.674937627569619, -6.619015662142971, 0.0 ], [ 106.674546370318922, -6.618699492887128, 0.0 ], [ 106.674249999637951, -6.618459999828943, 0.0 ], [ 106.674070000330403, -6.618339999691027, 0.0 ], [ 106.674030000284461, -6.618250000037342, 0.0 ], [ 106.673879999662404, -6.61777000038505, 0.0 ], [ 106.67379999957052, -6.617679999831996, 0.0 ], [ 106.673680000331885, -6.617630000224164, 0.0 ], [ 106.67356999975587, -6.617619999762994, 0.0 ], [ 106.67293525106119, -6.617590341920589, 0.0 ], [ 106.67298999998863, -6.616620000412556, 0.0 ], [ 106.672909999896746, -6.616449999767529, 0.0 ], [ 106.672640000036139, -6.61603999974604, 0.0 ], [ 106.672470000290474, -6.615899999585153, 0.0 ], [ 106.672330000129591, -6.615860000438492, 0.0 ], [ 106.672069999830796, -6.615769999885437, 0.0 ], [ 106.671710000316409, -6.615680000231663, 0.0 ], [ 106.671639999786336, -6.615609999701579, 0.0 ], [ 106.671639999786336, -6.615509999586635, 0.0 ], [ 106.671779999947219, -6.615370000325029, 0.0 ], [ 106.672140000360884, -6.61519000011829, 0.0 ], [ 106.67231000010662, -6.615139999611088, 0.0 ], [ 106.672439999806343, -6.615049999957403, 0.0 ], [ 106.672689999643879, -6.61476999963563, 0.0 ], [ 106.672760000174051, -6.614639999935914, 0.0 ], [ 106.67280999978189, -6.614499999775028, 0.0 ], [ 106.67280999978189, -6.614441450312505, 0.0 ], [ 106.67280999978189, -6.614269999960367, 0.0 ], [ 106.672680000082082, -6.613750000262133, 0.0 ], [ 106.672470000290474, -6.613280000171731, 0.0 ], [ 106.672458406230632, -6.613257972177546, 0.0 ], [ 106.672370000175533, -6.613090000403012, 0.0 ], [ 106.672219999553562, -6.612870000150242, 0.0 ], [ 106.672120000337912, -6.612580000266668, 0.0 ], [ 106.672100000314941, -6.612310000405976, 0.0 ], [ 106.672129999899795, -6.61197000001529, 0.0 ], [ 106.672169999945737, -6.611589999578662, 0.0 ], [ 106.672169999945737, -6.611450000317145, 0.0 ], [ 106.672140000360884, -6.611290000133199, 0.0 ], [ 106.672069999830796, -6.611250000087256, 0.0 ], [ 106.672030291165186, -6.611239410570171, 0.0 ], [ 106.671920000108102, -6.611210000041314, 0.0 ], [ 106.671630000224525, -6.611179999557173, 0.0 ], [ 106.671120000088095, -6.611190000018343, 0.0 ], [ 106.671080000042153, -6.611129999949341, 0.0 ], [ 106.671039999996211, -6.611029999834486, 0.0 ], [ 106.671089999603964, -6.610809999581626, 0.0 ], [ 106.671240000226021, -6.61049000011328, 0.0 ], [ 106.671340000340962, -6.610309999906363, 0.0 ], [ 106.671380000386904, -6.610100000114763, 0.0 ], [ 106.671340000340962, -6.609979999976847, 0.0 ], [ 106.671240000226021, -6.609930000369015, 0.0 ], [ 106.671129999649992, -6.609919999907934, 0.0 ], [ 106.670990000388386, -6.609959999953876, 0.0 ], [ 106.670950000342444, -6.61004000004576, 0.0 ], [ 106.67087000025046, -6.61024999983745, 0.0 ], [ 106.670750000112633, -6.610360000413564, 0.0 ], [ 106.670589999928694, -6.610430000044278, 0.0 ], [ 106.670469999790868, -6.610430000044278, 0.0 ], [ 106.670300000045117, -6.610369999975365, 0.0 ], [ 106.670219999953147, -6.610289999883392, 0.0 ], [ 106.670199999930176, -6.610200000229707, 0.0 ], [ 106.670179999907205, -6.609979999976847, 0.0 ], [ 106.670230000414321, -6.609790000208218, 0.0 ], [ 106.670199999930176, -6.609690000093273, 0.0 ], [ 106.670070000230552, -6.609469999840503, 0.0 ], [ 106.669910000046599, -6.609170000395039, 0.0 ], [ 106.669907716667964, -6.609167717016398, 0.0 ], [ 106.669809999931744, -6.609070000280184, 0.0 ], [ 106.669720000277977, -6.609039999795954, 0.0 ], [ 106.669230000164504, -6.608959999704069, 0.0 ], [ 106.668869999750854, -6.608839999566154, 0.0 ], [ 106.668599999890247, -6.608560000143751, 0.0 ], [ 106.668510000236481, -6.608290000283148, 0.0 ], [ 106.668430000144596, -6.608029999984346, 0.0 ], [ 106.668390000098654, -6.607869999800489, 0.0 ], [ 106.668345527724156, -6.607683216007434, 0.0 ], [ 106.668339999591453, -6.607660000008799, 0.0 ], [ 106.668370000075683, -6.607539999870973, 0.0 ], [ 106.668519999798278, -6.607359999664055, 0.0 ], [ 106.668650000397363, -6.60726000044848, 0.0 ], [ 106.668940000280941, -6.607049999757511, 0.0 ], [ 106.668949999842738, -6.606859999988881, 0.0 ], [ 106.668915675418276, -6.606834255995988, 0.0 ], [ 106.668869999750854, -6.606799999919879, 0.0 ], [ 106.668399999660451, -6.606490000013334, 0.0 ], [ 106.668289999983699, -6.606440000405502, 0.0 ], [ 106.667969999615991, -6.606280000221645, 0.0 ], [ 106.667940000031138, -6.606059999968874, 0.0 ], [ 106.667969999615991, -6.60575999962413, 0.0 ], [ 106.667980000077165, -6.605620000362613, 0.0 ], [ 106.66796816230098, -6.60555489214433, 0.0 ], [ 106.667920000008166, -6.605290000433008, 0.0 ], [ 106.667940000031138, -6.605119999787981, 0.0 ], [ 106.667969999615991, -6.604979999627094, 0.0 ], [ 106.668149999822816, -6.604299999745002, 0.0 ], [ 106.66831000000667, -6.604080000391512, 0.0 ], [ 106.668439999706393, -6.603900000184684, 0.0 ], [ 106.668479999752336, -6.603769999585687, 0.0 ], [ 106.668482809234405, -6.603666052346249, 0.0 ], [ 106.668490000213509, -6.60339999961014, 0.0 ], [ 106.668490000213509, -6.603280000371594, 0.0 ], [ 106.668419999683422, -6.602810000281103, 0.0 ], [ 106.668390000098654, -6.602489999913388, 0.0 ], [ 106.668383588831759, -6.602449612259633, 0.0 ], [ 106.668289999983699, -6.601859999639128, 0.0 ], [ 106.668311191608339, -6.601768168965663, 0.0 ], [ 106.668319999568482, -6.601729999939412, 0.0 ], [ 106.668410000121625, -6.60146000007872, 0.0 ], [ 106.668519999798278, -6.601330000379093, 0.0 ], [ 106.668570000305479, -6.601290000333151, 0.0 ], [ 106.668869999750854, -6.601119999688123, 0.0 ], [ 106.668960000303997, -6.60103999959615, 0.0 ], [ 106.669009999911736, -6.600869999850403, 0.0 ], [ 106.669009999911736, -6.600720000127716, 0.0 ], [ 106.669009999911736, -6.600539999920887, 0.0 ], [ 106.669080000441824, -6.600470000290084, 0.0 ], [ 106.669169934445094, -6.600437297343245, 0.0 ], [ 106.669190000118562, -6.600430000244142, 0.0 ], [ 106.669290000233516, -6.600450000267113, 0.0 ], [ 106.669459999979168, -6.600470000290084, 0.0 ], [ 106.669589999678891, -6.600370000175229, 0.0 ], [ 106.669689999793832, -6.600209999991371, 0.0 ], [ 106.669740000300948, -6.600000000199682, 0.0 ], [ 106.669829999954715, -6.599599999739993, 0.0 ], [ 106.669979999677409, -6.599360000363532, 0.0 ], [ 106.670119999838292, -6.599149999672562, 0.0 ], [ 106.670250000437377, -6.59889000027313, 0.0 ], [ 106.670320000068088, -6.598659999559189, 0.0 ], [ 106.670440000206014, -6.598289999583642, 0.0 ], [ 106.67065999955949, -6.597589999678579, 0.0 ], [ 106.670700532004105, -6.597454893628232, 0.0 ], [ 106.670719999628403, -6.59739000034806, 0.0 ], [ 106.670830000204518, -6.596849999727574, 0.0 ], [ 106.670799999720387, -6.596590000328053, 0.0 ], [ 106.670790000158576, -6.596269999960427, 0.0 ], [ 106.670795712652165, -6.59621286872877, 0.0 ], [ 106.670819999743358, -6.595969999615683, 0.0 ], [ 106.670830000204518, -6.595859999938938, 0.0 ], [ 106.670839999766415, -6.595619999663107, 0.0 ], [ 106.67087000025046, -6.595289999733591, 0.0 ], [ 106.670959999904241, -6.595229999664589, 0.0 ], [ 106.671060000019182, -6.595189999618647, 0.0 ], [ 106.671149999672963, -6.595169999595676, 0.0 ], [ 106.671610000201468, -6.595200000079817, 0.0 ], [ 106.671889999623971, -6.595149999572616, 0.0 ], [ 106.671949999692885, -6.594950000242097, 0.0 ], [ 106.671989999738827, -6.594569999805469, 0.0 ], [ 106.671969999715856, -6.594420000082781, 0.0 ], [ 106.671900000085046, -6.593940000430489, 0.0 ], [ 106.671880000062075, -6.593849999877435, 0.0 ], [ 106.671960000154044, -6.593760000223661, 0.0 ], [ 106.672069999830796, -6.593700000154747, 0.0 ], [ 106.672149999922766, -6.593609999601693, 0.0 ], [ 106.672155621584835, -6.593588448248102, 0.0 ], [ 106.672209999991679, -6.593379999786944, 0.0 ], [ 106.672259999599504, -6.59308999990337, 0.0 ], [ 106.67231000010662, -6.59290000013474, 0.0 ], [ 106.672590000428301, -6.592630000274138, 0.0 ], [ 106.672980000426833, -6.592300000344622, 0.0 ], [ 106.673299999895264, -6.591979999976818, 0.0 ], [ 106.673379999987148, -6.59183999981602, 0.0 ], [ 106.673669999870725, -6.591349999702558, 0.0 ], [ 106.673790000008722, -6.591110000326097, 0.0 ], [ 106.673999999800316, -6.590660000258666, 0.0 ], [ 106.674051015642007, -6.590578374192404, 0.0 ], [ 106.674099999915271, -6.590500000074808, 0.0 ], [ 106.67422999961498, -6.59033000032915, 0.0 ], [ 106.674340000191009, -6.590239999776006, 0.0 ], [ 106.67450999993676, -6.590119999638091, 0.0 ], [ 106.674570000005673, -6.590070000030348, 0.0 ], [ 106.674585113112613, -6.590082089616569, 0.0 ], [ 106.674619999613498, -6.59011000007629, 0.0 ], [ 106.674770000235469, -6.590199999730064, 0.0 ], [ 106.674879999912307, -6.590270000260148, 0.0 ], [ 106.675149999772813, -6.590399999959864, 0.0 ], [ 106.675320000417841, -6.590449999567696, 0.0 ], [ 106.675590000278447, -6.590509999636609, 0.0 ], [ 106.675610000301418, -6.590600000189664, 0.0 ], [ 106.675679999932214, -6.591090000303126, 0.0 ], [ 106.675749999563024, -6.591099999864927, 0.0 ], [ 106.67594999979282, -6.591159999933929, 0.0 ], [ 106.676069999930746, -6.591260000048784, 0.0 ], [ 106.676100000414877, -6.591340000140757, 0.0 ], [ 106.676290000183513, -6.591799999769989, 0.0 ], [ 106.676510000436366, -6.59202999958465, 0.0 ], [ 106.677380000087084, -6.59202999958465, 0.0 ], [ 106.677839999716412, -6.591890000323044, 0.0 ], [ 106.678120000038092, -6.591830000254131, 0.0 ], [ 106.678469999990668, -6.59247000009028, 0.0 ], [ 106.678810000381361, -6.593270000110198, 0.0 ], [ 106.678819436068252, -6.593359642733123, 0.0 ], [ 106.678830000404417, -6.593459999878917, 0.0 ], [ 106.678920000058184, -6.593840000315634, 0.0 ], [ 106.678969999665938, -6.59395999955418, 0.0 ], [ 106.679069999780879, -6.594159999783979, 0.0 ], [ 106.67913270860781, -6.594573877682155, 0.0 ], [ 106.679169999895734, -6.5948199996431, 0.0 ], [ 106.679160000333937, -6.595189999618647, 0.0 ], [ 106.679149999872763, -6.595280000171702, 0.0 ], [ 106.679470000240485, -6.595440000355559, 0.0 ], [ 106.679539999871281, -6.59548000040159, 0.0 ], [ 106.679590000378397, -6.595659999709049, 0.0 ], [ 106.679619999963251, -6.595830000354077, 0.0 ], [ 106.67966999957099, -6.595969999615683, 0.0 ], [ 106.679700000055135, -6.596049999707567, 0.0 ], [ 106.679789999708916, -6.59610999977648, 0.0 ], [ 106.6798699998008, -6.596120000237651, 0.0 ], [ 106.679969999915741, -6.596120000237651, 0.0 ], [ 106.679977754769737, -6.596259592106293, 0.0 ], [ 106.679980000376915, -6.596300000444479, 0.0 ], [ 106.679989999938712, -6.596359999614112, 0.0 ], [ 106.680020000422857, -6.596439999705996, 0.0 ], [ 106.680029551222916, -6.596456979805634, 0.0 ], [ 106.680110000076624, -6.596599999889943, 0.0 ], [ 106.680219999753376, -6.596690000442997, 0.0 ], [ 106.680170000145537, -6.596980000326571, 0.0 ], [ 106.680170000145537, -6.597099999565117, 0.0 ], [ 106.680170000145537, -6.597489999563635, 0.0 ], [ 106.680070000030597, -6.59780999993135, 0.0 ], [ 106.680050000007625, -6.597999999700068, 0.0 ], [ 106.680090000053568, -6.598050000207181, 0.0 ], [ 106.680219999753376, -6.598119999837895, 0.0 ], [ 106.680259999799318, -6.598170000345096, 0.0 ], [ 106.680270000260492, -6.598429999744528, 0.0 ], [ 106.680079999592493, -6.598979999926904, 0.0 ], [ 106.67988000026196, -6.599479999602167, 0.0 ], [ 106.679840000216018, -6.599610000201253, 0.0 ], [ 106.679909999846828, -6.599799999969882, 0.0 ], [ 106.679989999938712, -6.600140000360568, 0.0 ], [ 106.67988000026196, -6.600780000196629, 0.0 ], [ 106.67965000044731, -6.600880000311573, 0.0 ], [ 106.679470000240485, -6.600920000357604, 0.0 ], [ 106.679249999987704, -6.600909999896434, 0.0 ], [ 106.679180000356908, -6.600949999942376, 0.0 ], [ 106.679049999757908, -6.601119999688123, 0.0 ], [ 106.679000000150069, -6.601330000379093, 0.0 ], [ 106.679069999780879, -6.601440000055749, 0.0 ], [ 106.679069999780879, -6.601509999686552, 0.0 ] ] ] ] } },
{ "type": "Feature", "properties": { "PROVNO": "32", "KABKOTNO": "01", "KECNO": "040", "DESANO": "005", "PROVINSI": "JAWA BARAT", "KABKOT": "BOGOR", "KECAMATAN": "CIBUNGBULANG", "ID2013": "3201040005", "DESA": "CIBATOK 1", "DESA_1": "CIBATOK 1", "ID2012": "3201040005", "IDKAB2": "3201", "IDKEC_2": "3201040", "WILAYAH": "BARAT" }, "geometry": { "type": "MultiPolygon", "coordinates": [ [ [ [ 106.673850000077636, -6.57636999957564, 0.0 ], [ 106.673850000077636, -6.576429999644642, 0.0 ], [ 106.673769999985666, -6.576729999989386, 0.0 ], [ 106.673677553276619, -6.576955340416504, 0.0 ], [ 106.673609999801812, -6.577119999987904, 0.0 ], [ 106.673480000102089, -6.577719999778022, 0.0 ], [ 106.673469999640915, -6.578129999799511, 0.0 ], [ 106.673589999778841, -6.578319999568141, 0.0 ], [ 106.673769999985666, -6.578490000213169, 0.0 ], [ 106.673859999639433, -6.578579999866943, 0.0 ], [ 106.673870000100607, -6.578659999958827, 0.0 ], [ 106.67385427635395, -6.578950891070647, 0.0 ], [ 106.673850000077636, -6.579029999934374, 0.0 ], [ 106.673760000423869, -6.579219999703092, 0.0 ], [ 106.673640000285943, -6.579319999817947, 0.0 ], [ 106.673489999663886, -6.579399999909921, 0.0 ], [ 106.672829999804861, -6.579700000254665, 0.0 ], [ 106.672700000105053, -6.57980999993141, 0.0 ], [ 106.672660000059111, -6.579899999585184, 0.0 ], [ 106.672651699316617, -6.580041117603344, 0.0 ], [ 106.672640000036139, -6.58023999997587, 0.0 ], [ 106.672660000059111, -6.580549999882415, 0.0 ], [ 106.672689999643879, -6.58067000002033, 0.0 ], [ 106.672700000105053, -6.58089999983499, 0.0 ], [ 106.672720000128109, -6.581459999579167, 0.0 ], [ 106.672760000174051, -6.58151999964808, 0.0 ], [ 106.672849999827832, -6.581570000155281, 0.0 ], [ 106.67317000019554, -6.581619999763024, 0.0 ], [ 106.673379999987148, -6.581679999831938, 0.0 ], [ 106.673449999617944, -6.581770000385081, 0.0 ], [ 106.673629999824783, -6.582029999784513, 0.0 ], [ 106.673740000400898, -6.582209999991342, 0.0 ], [ 106.673879999662404, -6.582410000221142, 0.0 ], [ 106.674249999637951, -6.582570000404999, 0.0 ], [ 106.674280000122096, -6.582640000035802, 0.0 ], [ 106.674260000099125, -6.582869999850463, 0.0 ], [ 106.674245859159242, -6.582903939365128, 0.0 ], [ 106.674159999984184, -6.583110000126204, 0.0 ], [ 106.673990000238518, -6.58344999961761, 0.0 ], [ 106.673870000100607, -6.583799999570186, 0.0 ], [ 106.67379999957052, -6.584070000330069, 0.0 ], [ 106.673939999731402, -6.584389999798503, 0.0 ], [ 106.674019999823287, -6.584719999728108, 0.0 ], [ 106.674059999869229, -6.584919999957908, 0.0 ], [ 106.674050000307432, -6.585180000256621, 0.0 ], [ 106.674034408761159, -6.585242362844603, 0.0 ], [ 106.673999999800316, -6.58537999958714, 0.0 ], [ 106.67389999968546, -6.585459999679113, 0.0 ], [ 106.673700000354955, -6.585650000347112, 0.0 ], [ 106.673629999824783, -6.58561000030117, 0.0 ], [ 106.67352501926436, -6.585583755385862, 0.0 ], [ 106.673509999686956, -6.58557999981694, 0.0 ], [ 106.673199999780408, -6.585559999793968, 0.0 ], [ 106.673087544954427, -6.585522515151823, 0.0 ], [ 106.673019999573484, -6.585499999725055, 0.0 ], [ 106.672969999965659, -6.585340000440478, 0.0 ], [ 106.672900000334948, -6.585180000256621, 0.0 ], [ 106.672760000174051, -6.584560000443531, 0.0 ], [ 106.672689999643879, -6.584349999752561, 0.0 ], [ 106.672599999990197, -6.584220000052845, 0.0 ], [ 106.672410000221561, -6.584099999914841, 0.0 ], [ 106.672209999991679, -6.584059999868899, 0.0 ], [ 106.672069999830796, -6.584059999868899, 0.0 ], [ 106.671829999555058, -6.584059999868899, 0.0 ], [ 106.671530000109584, -6.583999999799985, 0.0 ], [ 106.671169999695934, -6.583839999616128, 0.0 ], [ 106.671010000411357, -6.583790000008296, 0.0 ], [ 106.670839999766415, -6.583799999570186, 0.0 ], [ 106.670739999651474, -6.58389000012324, 0.0 ], [ 106.670649999997693, -6.584030000284127, 0.0 ], [ 106.670420000183043, -6.584300000144729, 0.0 ], [ 106.669849999977686, -6.584699999705048, 0.0 ], [ 106.669789999908772, -6.584830000304134, 0.0 ], [ 106.669729999839774, -6.585209999841481, 0.0 ], [ 106.669709999816803, -6.5858099996316, 0.0 ], [ 106.669595311074914, -6.585938342780153, 0.0 ], [ 106.669290000233516, -6.586279999722002, 0.0 ], [ 106.669230000164504, -6.586390000298117, 0.0 ], [ 106.669119999588489, -6.58645000036703, 0.0 ], [ 106.66892000025797, -6.586510000436032, 0.0 ], [ 106.66884664615597, -6.586504208802015, 0.0 ], [ 106.668539999821249, -6.586479999951891, 0.0 ], [ 106.667739929654246, -6.586524864430778, 0.0 ], [ 106.667469999940721, -6.586540000020804, 0.0 ], [ 106.667027315858093, -6.586783476176308, 0.0 ], [ 106.666669999920714, -6.586979999627154, 0.0 ], [ 106.666529999759831, -6.587010000111295, 0.0 ], [ 106.666400000060122, -6.587030000134266, 0.0 ], [ 106.66627999992221, -6.587059999719038, 0.0 ], [ 106.666170000245458, -6.587070000180208, 0.0 ], [ 106.666059999669429, -6.58709000020318, 0.0 ], [ 106.665959999554488, -6.587099999765069, 0.0 ], [ 106.66586000033891, -6.58711999978804, 0.0 ], [ 106.665760000223969, -6.58711999978804, 0.0 ], [ 106.665669999670911, -6.58711999978804, 0.0 ], [ 106.66556999955597, -6.58711999978804, 0.0 ], [ 106.665470000340392, -6.58711999978804, 0.0 ], [ 106.665462570141713, -6.58711999978804, 0.0 ], [ 106.665379999787348, -6.58711999978804, 0.0 ], [ 106.665279999672393, -6.587099999765069, 0.0 ], [ 106.665190000018626, -6.587079999742098, 0.0 ], [ 106.66508999990377, -6.587070000180208, 0.0 ], [ 106.664989999788816, -6.587050000157237, 0.0 ], [ 106.664900000135049, -6.587030000134266, 0.0 ], [ 106.664800000020108, -6.587010000111295, 0.0 ], [ 106.664710000366426, -6.586990000088324, 0.0 ], [ 106.66424000027601, -6.58690000043455, 0.0 ], [ 106.663779999747334, -6.58686999995032, 0.0 ], [ 106.663570748191688, -6.58689226086894, 0.0 ], [ 106.663309999656917, -6.586919999558152, 0.0 ], [ 106.663050000257499, -6.586990000088324, 0.0 ], [ 106.662899999635442, -6.587019999673096, 0.0 ], [ 106.662780000396893, -6.587030000134266, 0.0 ], [ 106.662780000396893, -6.587051579366712, 0.0 ], [ 106.662780000396893, -6.58732000001784, 0.0 ], [ 106.662760000373922, -6.587409999671614, 0.0 ], [ 106.662760000373922, -6.587489999763498, 0.0 ], [ 106.662629999774836, -6.588619999713021, 0.0 ], [ 106.662580000167083, -6.589270000010341, 0.0 ], [ 106.662540000121055, -6.589539999870944, 0.0 ], [ 106.662520000098084, -6.589789999708575, 0.0 ], [ 106.662469999590968, -6.590219999753035, 0.0 ], [ 106.662279999822346, -6.59095999970404, 0.0 ], [ 106.662270000260463, -6.591110000326097, 0.0 ], [ 106.662199999730376, -6.591280000071755, 0.0 ], [ 106.662119999638406, -6.591420000232731, 0.0 ], [ 106.662090000053624, -6.591549999932358, 0.0 ], [ 106.661979970699207, -6.591616017365123, 0.0 ], [ 106.661789999708887, -6.591730000139275, 0.0 ], [ 106.661379999687398, -6.591939999930876, 0.0 ], [ 106.66106999978085, -6.592169999745536, 0.0 ], [ 106.66100000015004, -6.59222999981445, 0.0 ], [ 106.660949999642938, -6.592289999883363, 0.0 ], [ 106.660900000035184, -6.592340000390564, 0.0 ], [ 106.660850000427359, -6.592399999560108, 0.0 ], [ 106.660799999920243, -6.59247000009028, 0.0 ], [ 106.660739999851245, -6.592559999744054, 0.0 ], [ 106.660679999782332, -6.59265999985891, 0.0 ], [ 106.660599999690447, -6.592779999996825, 0.0 ], [ 106.660499999575507, -6.592920000157712, 0.0 ], [ 106.660389999898754, -6.59308999990337, 0.0 ], [ 106.660260000199045, -6.593279999672088, 0.0 ], [ 106.660100000015177, -6.593499999924948, 0.0 ], [ 106.66001000036141, -6.593410000271174, 0.0 ], [ 106.659770000085587, -6.593310000156229, 0.0 ], [ 106.659689999993702, -6.593270000110198, 0.0 ], [ 106.659500000225066, -6.593199999580204, 0.0 ], [ 106.659290000433373, -6.59308999990337, 0.0 ], [ 106.65936999962598, -6.592960000203654, 0.0 ], [ 106.659409999671922, -6.59290000013474, 0.0 ], [ 106.659589999878747, -6.592719999927912, 0.0 ], [ 106.659640000385863, -6.592590000228107, 0.0 ], [ 106.659689999993702, -6.592450000067309, 0.0 ], [ 106.66001000036141, -6.591910000346104, 0.0 ], [ 106.660140000061119, -6.591790000208189, 0.0 ], [ 106.660260000199045, -6.591670000070273, 0.0 ], [ 106.660269999760843, -6.591580000416499, 0.0 ], [ 106.6602299997149, -6.591460000278673, 0.0 ], [ 106.660140000061119, -6.591349999702558, 0.0 ], [ 106.66001000036141, -6.59117000039501, 0.0 ], [ 106.659959999854294, -6.591019999773042, 0.0 ], [ 106.659890000223498, -6.590890000073237, 0.0 ], [ 106.659890000223498, -6.590764979919719, 0.0 ], [ 106.659890000223498, -6.59052999965958, 0.0 ], [ 106.659979999877265, -6.590399999959864, 0.0 ], [ 106.660100000015177, -6.590219999753035, 0.0 ], [ 106.660180000107161, -6.590059999569178, 0.0 ], [ 106.660169999645902, -6.589949999892433, 0.0 ], [ 106.66016000008409, -6.589769999685604, 0.0 ], [ 106.660260000199045, -6.589579999916886, 0.0 ], [ 106.66034000029093, -6.589430000194199, 0.0 ], [ 106.660429999944697, -6.589200000379538, 0.0 ], [ 106.660499999575507, -6.58904999975757, 0.0 ], [ 106.660530000059651, -6.588880000011823, 0.0 ], [ 106.660490000013709, -6.588799999919939, 0.0 ], [ 106.660380000336957, -6.588750000312107, 0.0 ], [ 106.660079999992206, -6.588619999713021, 0.0 ], [ 106.66012999959996, -6.588449999967363, 0.0 ], [ 106.660220000153103, -6.588209999691532, 0.0 ], [ 106.660329999829756, -6.587890000223187, 0.0 ], [ 106.660409999921725, -6.587699999555188, 0.0 ], [ 106.660460000428841, -6.587540000270611, 0.0 ], [ 106.660473697103569, -6.587450970086053, 0.0 ], [ 106.660479999552535, -6.587409999671614, 0.0 ], [ 106.660429999944697, -6.587340000040811, 0.0 ], [ 106.66030889184205, -6.587252300852899, 0.0 ], [ 106.660140000061119, -6.587130000249122, 0.0 ], [ 106.660100000015177, -6.587050000157237, 0.0 ], [ 106.660089999554017, -6.58688999997338, 0.0 ], [ 106.660070000430323, -6.586680000181691, 0.0 ], [ 106.659990000338439, -6.586499999974862, 0.0 ], [ 106.659870000200527, -6.586299999745062, 0.0 ], [ 106.659680000431891, -6.585699999954855, 0.0 ], [ 106.659640000385863, -6.58559000027811, 0.0 ], [ 106.659540000271008, -6.585350000002368, 0.0 ], [ 106.659469999740836, -6.585209999841481, 0.0 ], [ 106.659440000156067, -6.585089999703566, 0.0 ], [ 106.659437727569241, -6.585073644632846, 0.0 ], [ 106.659389999648951, -6.58473000018919, 0.0 ], [ 106.659399876902995, -6.584670740262268, 0.0 ], [ 106.659440000156067, -6.584429999844446, 0.0 ], [ 106.659529999809834, -6.584249999637617, 0.0 ], [ 106.65962999992469, -6.584139999960872, 0.0 ], [ 106.65991000024647, -6.583899999685041, 0.0 ], [ 106.66005999996915, -6.583560000193724, 0.0 ], [ 106.66005999996915, -6.583454623931608, 0.0 ], [ 106.66005999996915, -6.583390000447977, 0.0 ], [ 106.659990000338439, -6.583110000126204, 0.0 ], [ 106.65987999976241, -6.582940000380546, 0.0 ], [ 106.659730000039644, -6.582789999758489, 0.0 ], [ 106.65962999992469, -6.582680000081744, 0.0 ], [ 106.65962999992469, -6.582603758256624, 0.0 ], [ 106.65962999992469, -6.582510000336086, 0.0 ], [ 106.659719999578471, -6.582230000014313, 0.0 ], [ 106.659819999693411, -6.5821699999454, 0.0 ], [ 106.659939999831323, -6.582100000314597, 0.0 ], [ 106.66001000036141, -6.5819699997156, 0.0 ], [ 106.660070000430323, -6.58173000033905, 0.0 ], [ 106.660039999946179, -6.581599999740053, 0.0 ], [ 106.65987999976241, -6.581320000317561, 0.0 ], [ 106.659569999855776, -6.580990000388045, 0.0 ], [ 106.659500000225066, -6.580859999788959, 0.0 ], [ 106.659460000179038, -6.580649999997359, 0.0 ], [ 106.659360000064083, -6.58023999997587, 0.0 ], [ 106.659308112779314, -6.580173962758042, 0.0 ], [ 106.659250000387345, -6.580099999814983, 0.0 ], [ 106.659030000134578, -6.579840000415551, 0.0 ], [ 106.659019999673404, -6.579749999862408, 0.0 ], [ 106.659059999719346, -6.579500000024865, 0.0 ], [ 106.659259999949228, -6.578920000257629, 0.0 ], [ 106.659340000041112, -6.578590000328113, 0.0 ], [ 106.659329999580038, -6.578319999568141, 0.0 ], [ 106.65929999999517, -6.578049999707538, 0.0 ], [ 106.659230000364374, -6.577679999731991, 0.0 ], [ 106.659199999880315, -6.577550000032275, 0.0 ], [ 106.659197163418497, -6.577545034875278, 0.0 ], [ 106.659119999788345, -6.577409999871477, 0.0 ], [ 106.658889999973695, -6.577200000079788, 0.0 ], [ 106.658570576071426, -6.576950850101451, 0.0 ], [ 106.658390000298425, -6.57681000008127, 0.0 ], [ 106.658310000206541, -6.576729999989386, 0.0 ], [ 106.658390000298425, -6.576660000358583, 0.0 ], [ 106.658529999560031, -6.576569999805528, 0.0 ], [ 106.65915000027249, -6.575999999600093, 0.0 ], [ 106.659279999972199, -6.575880000361547, 0.0 ], [ 106.659466476197068, -6.57573191619484, 0.0 ], [ 106.659959999854294, -6.575339999741061, 0.0 ], [ 106.660100000015177, -6.575230000064227, 0.0 ], [ 106.660599999690447, -6.574989999788485, 0.0 ], [ 106.660980000127068, -6.574849999627688, 0.0 ], [ 106.661044505799438, -6.574833873884014, 0.0 ], [ 106.661047669614419, -6.574833081581257, 0.0 ], [ 106.66104734675784, -6.574735685003699, 0.0 ], [ 106.661051042072117, -6.574607989367056, 0.0 ], [ 106.661051116715868, -6.574605380433809, 0.0 ], [ 106.661754168919884, -6.574402401649362, 0.0 ], [ 106.661827800912477, -6.57440029273916, 0.0 ], [ 106.662159282025428, -6.574390798596355, 0.0 ], [ 106.662207812141006, -6.574389409143713, 0.0 ], [ 106.662227267174856, -6.57438885156413, 0.0 ], [ 106.662260865846434, -6.57442074512117, 0.0 ], [ 106.662497632160182, -6.574645494693634, 0.0 ], [ 106.662575232860888, -6.574897470341803, 0.0 ], [ 106.662636842716239, -6.575086317179615, 0.0 ], [ 106.662740000350951, -6.575160000433513, 0.0 ], [ 106.662780000396893, -6.575279999672059, 0.0 ], [ 106.662839999566529, -6.575410000271145, 0.0 ], [ 106.662919999658413, -6.575580000016803, 0.0 ], [ 106.662930000119573, -6.575849999877406, 0.0 ], [ 106.663113629990264, -6.575901245945595, 0.0 ], [ 106.663360000164033, -6.575970000015321, 0.0 ], [ 106.663451814649733, -6.575983115728015, 0.0 ], [ 106.664060000069099, -6.576070000130265, 0.0 ], [ 106.664900000135049, -6.576130000199178, 0.0 ], [ 106.665406848147683, -6.576096582291271, 0.0 ], [ 106.665809999831794, -6.576070000130265, 0.0 ], [ 106.665949999992691, -6.576130000199178, 0.0 ], [ 106.666134119993799, -6.576155396154473, 0.0 ], [ 106.666239999876268, -6.576170000245121, 0.0 ], [ 106.666580000266947, -6.576230000314123, 0.0 ], [ 106.666669999920714, -6.576239999875924, 0.0 ], [ 106.667149999573013, -6.576389999598611, 0.0 ], [ 106.667420783642399, -6.576427609246629, 0.0 ], [ 106.667509999986663, -6.576440000105812, 0.0 ], [ 106.667630000124589, -6.575929999969379, 0.0 ], [ 106.668189999868758, -6.576019999623064, 0.0 ], [ 106.668189999868758, -6.575860000338576, 0.0 ], [ 106.668189999868758, -6.575649999647606, 0.0 ], [ 106.668120000237963, -6.575499999924919, 0.0 ], [ 106.668089999753903, -6.575410000271145, 0.0 ], [ 106.668120000237963, -6.575259999649088, 0.0 ], [ 106.668289999983699, -6.5753100001562, 0.0 ], [ 106.668740708716882, -6.575417916103756, 0.0 ], [ 106.669000000349939, -6.575479999901948, 0.0 ], [ 106.66913999961146, -6.575530000408971, 0.0 ], [ 106.669459999979168, -6.575600000039774, 0.0 ], [ 106.669540000071052, -6.575629999624635, 0.0 ], [ 106.669680000232034, -6.575660000108776, 0.0 ], [ 106.67001000016154, -6.57572999973949, 0.0 ], [ 106.670500000274927, -6.575869999900377, 0.0 ], [ 106.67087000025046, -6.575990000038292, 0.0 ], [ 106.67093999988127, -6.576099999715037, 0.0 ], [ 106.671019999973154, -6.575959999554151, 0.0 ], [ 106.671169999695934, -6.57572999973949, 0.0 ], [ 106.67136999992573, -6.57529999969503, 0.0 ], [ 106.671470000040671, -6.575199999580175, 0.0 ], [ 106.671530000109584, -6.575060000318658, 0.0 ], [ 106.671659999809307, -6.574789999558686, 0.0 ], [ 106.671710000316409, -6.57463999983591, 0.0 ], [ 106.671710000316409, -6.574490000113222, 0.0 ], [ 106.671659999809307, -6.574389999998367, 0.0 ], [ 106.671639999786336, -6.574289999883423, 0.0 ], [ 106.671599999740394, -6.574049999607592, 0.0 ], [ 106.671539999671481, -6.573999999999849, 0.0 ], [ 106.671249999787818, -6.573830000254102, 0.0 ], [ 106.671010000411357, -6.573610000001331, 0.0 ], [ 106.670999999950183, -6.573300000094786, 0.0 ], [ 106.671019999973154, -6.573240000025784, 0.0 ], [ 106.671240000226021, -6.573320000117757, 0.0 ], [ 106.671559999694452, -6.573380000186759, 0.0 ], [ 106.671980000177015, -6.57338999974856, 0.0 ], [ 106.672149999922766, -6.573369999725589, 0.0 ], [ 106.672259999599504, -6.573309999656587, 0.0 ], [ 106.672410000221561, -6.573119999887957, 0.0 ], [ 106.672499999875257, -6.57297000016527, 0.0 ], [ 106.672599999990197, -6.572870000050326, 0.0 ], [ 106.672700000105053, -6.572870000050326, 0.0 ], [ 106.67280999978189, -6.572959999704011, 0.0 ], [ 106.672869999850803, -6.57317000039507, 0.0 ], [ 106.672920000357919, -6.57358999997836, 0.0 ], [ 106.672949999942688, -6.57379000020816, 0.0 ], [ 106.673050000057628, -6.573970000415077, 0.0 ], [ 106.673159999734366, -6.574080000091822, 0.0 ], [ 106.67323999982635, -6.574120000137764, 0.0 ], [ 106.673480000102089, -6.574069999630652, 0.0 ], [ 106.673640000285943, -6.574049999607592, 0.0 ], [ 106.673665549125971, -6.574051964626317, 0.0 ], [ 106.673769999985666, -6.574060000068851, 0.0 ], [ 106.67389999968546, -6.574129999699565, 0.0 ], [ 106.674019999823287, -6.574249999837392, 0.0 ], [ 106.674070000330403, -6.574369999975396, 0.0 ], [ 106.6740799998922, -6.574710000366082, 0.0 ], [ 106.673999999800316, -6.575129999949372, 0.0 ], [ 106.673939999731402, -6.575379999787003, 0.0 ], [ 106.673910000146549, -6.575510000386, 0.0 ], [ 106.673879999662404, -6.575640000085805, 0.0 ], [ 106.673819999593491, -6.575820000292634, 0.0 ], [ 106.673850000077636, -6.576010000061263, 0.0 ], [ 106.673870000100607, -6.576310000406007, 0.0 ], [ 106.673850000077636, -6.57636999957564, 0.0 ] ] ] ] } },
{ "type": "Feature", "properties": { "PROVNO": "32", "KABKOTNO": "01", "KECNO": "040", "DESANO": "006", "PROVINSI": "JAWA BARAT", "KABKOT": "BOGOR", "KECAMATAN": "CIBUNGBULANG", "ID2013": "3201040006", "DESA": "SUKAMAJU", "DESA_1": "SUKAMAJU", "ID2012": "3201040006", "IDKAB2": "3201", "IDKEC_2": "3201040", "WILAYAH": "BARAT" }, "geometry": { "type": "MultiPolygon", "coordinates": [ [ [ [ 106.659059999719346, -6.579500000024865, 0.0 ], [ 106.659019999673404, -6.579749999862408, 0.0 ], [ 106.659030000134578, -6.579840000415551, 0.0 ], [ 106.659250000387345, -6.580099999814983, 0.0 ], [ 106.659308112779314, -6.580173962758042, 0.0 ], [ 106.659360000064083, -6.58023999997587, 0.0 ], [ 106.659460000179038, -6.580649999997359, 0.0 ], [ 106.659500000225066, -6.580859999788959, 0.0 ], [ 106.659569999855776, -6.580990000388045, 0.0 ], [ 106.65987999976241, -6.581320000317561, 0.0 ], [ 106.660039999946179, -6.581599999740053, 0.0 ], [ 106.660070000430323, -6.58173000033905, 0.0 ], [ 106.66001000036141, -6.5819699997156, 0.0 ], [ 106.659939999831323, -6.582100000314597, 0.0 ], [ 106.659819999693411, -6.5821699999454, 0.0 ], [ 106.659719999578471, -6.582230000014313, 0.0 ], [ 106.65962999992469, -6.582510000336086, 0.0 ], [ 106.65962999992469, -6.582603758256624, 0.0 ], [ 106.65962999992469, -6.582680000081744, 0.0 ], [ 106.659730000039644, -6.582789999758489, 0.0 ], [ 106.65987999976241, -6.582940000380546, 0.0 ], [ 106.659990000338439, -6.583110000126204, 0.0 ], [ 106.66005999996915, -6.583390000447977, 0.0 ], [ 106.66005999996915, -6.583454623931608, 0.0 ], [ 106.66005999996915, -6.583560000193724, 0.0 ], [ 106.65991000024647, -6.583899999685041, 0.0 ], [ 106.65962999992469, -6.584139999960872, 0.0 ], [ 106.659529999809834, -6.584249999637617, 0.0 ], [ 106.659440000156067, -6.584429999844446, 0.0 ], [ 106.659399876902995, -6.584670740262268, 0.0 ], [ 106.659389999648951, -6.58473000018919, 0.0 ], [ 106.659437727569241, -6.585073644632846, 0.0 ], [ 106.659440000156067, -6.585089999703566, 0.0 ], [ 106.659469999740836, -6.585209999841481, 0.0 ], [ 106.659540000271008, -6.585350000002368, 0.0 ], [ 106.659640000385863, -6.58559000027811, 0.0 ], [ 106.659680000431891, -6.585699999954855, 0.0 ], [ 106.659870000200527, -6.586299999745062, 0.0 ], [ 106.659990000338439, -6.586499999974862, 0.0 ], [ 106.660070000430323, -6.586680000181691, 0.0 ], [ 106.660089999554017, -6.58688999997338, 0.0 ], [ 106.660100000015177, -6.587050000157237, 0.0 ], [ 106.660140000061119, -6.587130000249122, 0.0 ], [ 106.66030889184205, -6.587252300852899, 0.0 ], [ 106.660429999944697, -6.587340000040811, 0.0 ], [ 106.660479999552535, -6.587409999671614, 0.0 ], [ 106.660473697103569, -6.587450970086053, 0.0 ], [ 106.660460000428841, -6.587540000270611, 0.0 ], [ 106.660409999921725, -6.587699999555188, 0.0 ], [ 106.660329999829756, -6.587890000223187, 0.0 ], [ 106.660220000153103, -6.588209999691532, 0.0 ], [ 106.66012999959996, -6.588449999967363, 0.0 ], [ 106.660079999992206, -6.588619999713021, 0.0 ], [ 106.660380000336957, -6.588750000312107, 0.0 ], [ 106.660490000013709, -6.588799999919939, 0.0 ], [ 106.660530000059651, -6.588880000011823, 0.0 ], [ 106.660499999575507, -6.58904999975757, 0.0 ], [ 106.660429999944697, -6.589200000379538, 0.0 ], [ 106.66034000029093, -6.589430000194199, 0.0 ], [ 106.660260000199045, -6.589579999916886, 0.0 ], [ 106.66016000008409, -6.589769999685604, 0.0 ], [ 106.660169999645902, -6.589949999892433, 0.0 ], [ 106.660180000107161, -6.590059999569178, 0.0 ], [ 106.660100000015177, -6.590219999753035, 0.0 ], [ 106.659979999877265, -6.590399999959864, 0.0 ], [ 106.659890000223498, -6.59052999965958, 0.0 ], [ 106.659890000223498, -6.590764979919719, 0.0 ], [ 106.659890000223498, -6.590890000073237, 0.0 ], [ 106.659959999854294, -6.591019999773042, 0.0 ], [ 106.66001000036141, -6.59117000039501, 0.0 ], [ 106.660140000061119, -6.591349999702558, 0.0 ], [ 106.6602299997149, -6.591460000278673, 0.0 ], [ 106.660269999760843, -6.591580000416499, 0.0 ], [ 106.660260000199045, -6.591670000070273, 0.0 ], [ 106.660140000061119, -6.591790000208189, 0.0 ], [ 106.66001000036141, -6.591910000346104, 0.0 ], [ 106.659689999993702, -6.592450000067309, 0.0 ], [ 106.659640000385863, -6.592590000228107, 0.0 ], [ 106.659589999878747, -6.592719999927912, 0.0 ], [ 106.659409999671922, -6.59290000013474, 0.0 ], [ 106.65936999962598, -6.592960000203654, 0.0 ], [ 106.659290000433373, -6.59308999990337, 0.0 ], [ 106.659500000225066, -6.593199999580204, 0.0 ], [ 106.659689999993702, -6.593270000110198, 0.0 ], [ 106.659770000085587, -6.593310000156229, 0.0 ], [ 106.66001000036141, -6.593410000271174, 0.0 ], [ 106.660100000015177, -6.593499999924948, 0.0 ], [ 106.659970000315383, -6.593829999854464, 0.0 ], [ 106.659953962705387, -6.593995719726511, 0.0 ], [ 106.659939999831323, -6.594139999761008, 0.0 ], [ 106.659939999831323, -6.594310000406036, 0.0 ], [ 106.660030000384381, -6.594480000151783, 0.0 ], [ 106.660260000199045, -6.594669999920413, 0.0 ], [ 106.660400000359928, -6.594810000081299, 0.0 ], [ 106.66055999964442, -6.59503000033407, 0.0 ], [ 106.660570000105594, -6.595130000449014, 0.0 ], [ 106.660550000082623, -6.595280000171702, 0.0 ], [ 106.660590000128565, -6.595420000332588, 0.0 ], [ 106.660639999736389, -6.59546999994042, 0.0 ], [ 106.660889999574025, -6.595570000055275, 0.0 ], [ 106.660949999642938, -6.595619999663107, 0.0 ], [ 106.660980000127068, -6.595710000216162, 0.0 ], [ 106.660980000127068, -6.595870000400019, 0.0 ], [ 106.660762064717716, -6.596539371194901, 0.0 ], [ 106.660699999805303, -6.596729999589659, 0.0 ], [ 106.660659999759361, -6.596789999658572, 0.0 ], [ 106.660630000174507, -6.596849999727574, 0.0 ], [ 106.660499999575507, -6.597040000395573, 0.0 ], [ 106.660517182022517, -6.597060619152142, 0.0 ], [ 106.660650000197478, -6.597219999703032, 0.0 ], [ 106.660770000335475, -6.597290000233116, 0.0 ], [ 106.661229999964704, -6.597290000233116, 0.0 ], [ 106.661330000079559, -6.597279999772034, 0.0 ], [ 106.661390000148572, -6.597310000256087, 0.0 ], [ 106.66141999973334, -6.597399999909861, 0.0 ], [ 106.661370000125601, -6.597789999908379, 0.0 ], [ 106.661370000125601, -6.597860000438551, 0.0 ], [ 106.661410000171543, -6.597910000046294, 0.0 ], [ 106.661430000194514, -6.59803999974601, 0.0 ], [ 106.661490000263512, -6.598420000182728, 0.0 ], [ 106.661479999802339, -6.598509999836413, 0.0 ], [ 106.661410000171543, -6.598540000320643, 0.0 ], [ 106.66141999973334, -6.599010000411045, 0.0 ], [ 106.661290000033617, -6.59887999981196, 0.0 ], [ 106.661160000333993, -6.598670000020359, 0.0 ], [ 106.661089999803821, -6.598640000435498, 0.0 ], [ 106.660859999989157, -6.598529999859473, 0.0 ], [ 106.660690000243505, -6.598380000136697, 0.0 ], [ 106.660659999759361, -6.598219999952928, 0.0 ], [ 106.660610000151536, -6.597919999608095, 0.0 ], [ 106.660532083788837, -6.597824768598084, 0.0 ], [ 106.660519999598478, -6.59780999993135, 0.0 ], [ 106.660381244998661, -6.597707759605278, 0.0 ], [ 106.660329999829756, -6.597669999770552, 0.0 ], [ 106.660268613905586, -6.597596337200997, 0.0 ], [ 106.6602299997149, -6.597549999632637, 0.0 ], [ 106.660120000038148, -6.597350000302118, 0.0 ], [ 106.659959999854294, -6.597029999934403, 0.0 ], [ 106.659500000225066, -6.596490000213198, 0.0 ], [ 106.659409999671922, -6.596310000006369, 0.0 ], [ 106.659239999926257, -6.59589000042299, 0.0 ], [ 106.658769999835769, -6.595839999915878, 0.0 ], [ 106.658560000044176, -6.59589000042299, 0.0 ], [ 106.658080000391877, -6.596009999661625, 0.0 ], [ 106.657940000230994, -6.596040000145678, 0.0 ], [ 106.65778000004714, -6.596089999753509, 0.0 ], [ 106.657639999886243, -6.596080000191709, 0.0 ], [ 106.657430000094649, -6.596009999661625, 0.0 ], [ 106.657040000096131, -6.595859999938938, 0.0 ], [ 106.656770000235525, -6.595619999663107, 0.0 ], [ 106.656719999728324, -6.595579999617165, 0.0 ], [ 106.656659999659411, -6.59544999991736, 0.0 ], [ 106.656690000143556, -6.595110000426043, 0.0 ], [ 106.656691806881511, -6.595096897303812, 0.0 ], [ 106.656730000189583, -6.5948199996431, 0.0 ], [ 106.65670596940511, -6.594811990280949, 0.0 ], [ 106.656670000120585, -6.594799999620129, 0.0 ], [ 106.656500000374834, -6.594779999597158, 0.0 ], [ 106.656110000376401, -6.594739999551127, 0.0 ], [ 106.655950000192547, -6.594660000358523, 0.0 ], [ 106.655830000054635, -6.594620000312581, 0.0 ], [ 106.655529999709898, -6.594580000266639, 0.0 ], [ 106.655509999686927, -6.594689999943384, 0.0 ], [ 106.655520000148002, -6.594879999712102, 0.0 ], [ 106.655510585145535, -6.594928420110371, 0.0 ], [ 106.655476104238957, -6.595105751129307, 0.0 ], [ 106.655449999618014, -6.595240000125759, 0.0 ], [ 106.655279999872263, -6.595429999894389, 0.0 ], [ 106.655113253873736, -6.595939502705708, 0.0 ], [ 106.655099999665424, -6.595980000076764, 0.0 ], [ 106.654989999988686, -6.596310000006369, 0.0 ], [ 106.654949999942744, -6.596359999614112, 0.0 ], [ 106.654900000334919, -6.596439999705996, 0.0 ], [ 106.654809999781861, -6.596729999589659, 0.0 ], [ 106.654769999735919, -6.596860000188745, 0.0 ], [ 106.654740000151051, -6.596980000326571, 0.0 ], [ 106.654660000059167, -6.597219999703032, 0.0 ], [ 106.654628251292976, -6.597225130335307, 0.0 ], [ 106.652369999675898, -6.597589999678579, 0.0 ], [ 106.650944436636635, -6.598150336668542, 0.0 ], [ 106.65063999993626, -6.598269999560671, 0.0 ], [ 106.650577553711258, -6.59828507309749, 0.0 ], [ 106.650350000052683, -6.598340000090754, 0.0 ], [ 106.649960000054165, -6.598380000136697, 0.0 ], [ 106.649555379777141, -6.598431497115733, 0.0 ], [ 106.649409999871779, -6.598449999767499, 0.0 ], [ 106.649039999896246, -6.598289999583642, 0.0 ], [ 106.648549999782858, -6.597999999700068, 0.0 ], [ 106.648409999621975, -6.597919999608095, 0.0 ], [ 106.648090000153545, -6.597930000069354, 0.0 ], [ 106.647990069286408, -6.597956647880867, 0.0 ], [ 106.64794000043085, -6.597970000115296, 0.0 ], [ 106.647789999808793, -6.59803999974601, 0.0 ], [ 106.647689999693938, -6.598019999723039, 0.0 ], [ 106.64749999992523, -6.597879999562153, 0.0 ], [ 106.647290000133538, -6.597800000369549, 0.0 ], [ 106.647149999972655, -6.597760000323607, 0.0 ], [ 106.647029999834828, -6.597720000277576, 0.0 ], [ 106.646920000158076, -6.597709999816495, 0.0 ], [ 106.646295506432637, -6.597906911774345, 0.0 ], [ 106.646108766706377, -6.597713339898572, 0.0 ], [ 106.645760149911126, -6.597504120718458, 0.0 ], [ 106.645361838378307, -6.596947145394285, 0.0 ], [ 106.645174593233136, -6.596599841609265, 0.0 ], [ 106.645189867318692, -6.596324692230606, 0.0 ], [ 106.645480000302015, -6.596060000168738, 0.0 ], [ 106.645495819376691, -6.596053516056735, 0.0 ], [ 106.646005502052475, -6.595844620632576, 0.0 ], [ 106.646651272838128, -6.595381292612359, 0.0 ], [ 106.646787860971202, -6.595089559735214, 0.0 ], [ 106.646681446891421, -6.594717717048884, 0.0 ], [ 106.646405253399877, -6.594386890642348, 0.0 ], [ 106.645722792972691, -6.593539570094933, 0.0 ], [ 106.645056436705374, -6.592667921087561, 0.0 ], [ 106.644746893654357, -6.592037829981692, 0.0 ], [ 106.644745485316108, -6.591958618595175, 0.0 ], [ 106.644736962440987, -6.591479572224337, 0.0 ], [ 106.64485000002766, -6.591050000257184, 0.0 ], [ 106.644840840432622, -6.59108276165993, 0.0 ], [ 106.644787630245077, -6.590828025992437, 0.0 ], [ 106.644740000350922, -6.590600000189664, 0.0 ], [ 106.644669999820835, -6.589740000100832, 0.0 ], [ 106.644543428336704, -6.589222771213734, 0.0 ], [ 106.644597054011001, -6.588308291993918, 0.0 ], [ 106.644175279165992, -6.587994124628995, 0.0 ], [ 106.643618088004516, -6.588327697565024, 0.0 ], [ 106.642875333430055, -6.588823705149718, 0.0 ], [ 106.642422392579533, -6.588873743428305, 0.0 ], [ 106.64199348521133, -6.588850879963939, 0.0 ], [ 106.641815136159806, -6.588746280716098, 0.0 ], [ 106.641733585636672, -6.588552360802638, 0.0 ], [ 106.642097043943593, -6.588038402749898, 0.0 ], [ 106.642112110285808, -6.588017097810663, 0.0 ], [ 106.642338234022432, -6.587886894864106, 0.0 ], [ 106.64257763355117, -6.587711578326463, 0.0 ], [ 106.642782178055256, -6.587561787246479, 0.0 ], [ 106.643363110419429, -6.587066312959813, 0.0 ], [ 106.645850000277477, -6.585980000276628, 0.0 ], [ 106.646820000043135, -6.585869999700513, 0.0 ], [ 106.647060000318959, -6.585749999562687, 0.0 ], [ 106.64721999960345, -6.585760000023768, 0.0 ], [ 106.647370000225507, -6.5858099996316, 0.0 ], [ 106.647607811551438, -6.585901466079616, 0.0 ], [ 106.64762999962494, -6.585909999746544, 0.0 ], [ 106.647840000315909, -6.585940000230686, 0.0 ], [ 106.647949999992747, -6.585920000207715, 0.0 ], [ 106.64801000006166, -6.585940000230686, 0.0 ], [ 106.648050000107602, -6.586000000299599, 0.0 ], [ 106.648030000084631, -6.586100000414543, 0.0 ], [ 106.647909999946719, -6.586310000206232, 0.0 ], [ 106.647959999554544, -6.586419999882978, 0.0 ], [ 106.648199999830297, -6.586510000436032, 0.0 ], [ 106.648580000267003, -6.586510000436032, 0.0 ], [ 106.649050000357406, -6.58645000036703, 0.0 ], [ 106.649559999594473, -6.586310000206232, 0.0 ], [ 106.649850000377413, -6.586199999630118, 0.0 ], [ 106.649940000031194, -6.586100000414543, 0.0 ], [ 106.650399999660422, -6.586109999976344, 0.0 ], [ 106.650419999683393, -6.585670000370083, 0.0 ], [ 106.650280000421873, -6.58557999981694, 0.0 ], [ 106.650189999868729, -6.585519999748026, 0.0 ], [ 106.650149999822787, -6.585340000440478, 0.0 ], [ 106.65014000026099, -6.585209999841481, 0.0 ], [ 106.650233445217481, -6.585226489810516, 0.0 ], [ 106.650310000006641, -6.585240000325623, 0.0 ], [ 106.651069999980706, -6.585370000025339, 0.0 ], [ 106.65164999974786, -6.58539000004831, 0.0 ], [ 106.65176000032389, -6.58539000004831, 0.0 ], [ 106.651820000392888, -6.5853999996102, 0.0 ], [ 106.652779999697472, -6.585670000370083, 0.0 ], [ 106.652865491049781, -6.585846681179266, 0.0 ], [ 106.652930000319444, -6.585980000276628, 0.0 ], [ 106.652970000365386, -6.586109999976344, 0.0 ], [ 106.65301999997321, -6.586159999584176, 0.0 ], [ 106.65308999960402, -6.586060000368512, 0.0 ], [ 106.653142129705671, -6.585903610962731, 0.0 ], [ 106.653149999672934, -6.585880000161684, 0.0 ], [ 106.653309999856788, -6.585719999977826, 0.0 ], [ 106.653340000340933, -6.585630000324141, 0.0 ], [ 106.653400000409846, -6.585370000025339, 0.0 ], [ 106.653415895927012, -6.585327609581384, 0.0 ], [ 106.653459999579468, -6.585209999841481, 0.0 ], [ 106.653519999648481, -6.585000000049792, 0.0 ], [ 106.653519999648481, -6.584790000258103, 0.0 ], [ 106.653459999579468, -6.5843200001677, 0.0 ], [ 106.653380000386875, -6.584010000261156, 0.0 ], [ 106.653309999856788, -6.583480000101751, 0.0 ], [ 106.653282988719099, -6.583204484698992, 0.0 ], [ 106.653260000248963, -6.582969999965407, 0.0 ], [ 106.653260000248963, -6.582519999897887, 0.0 ], [ 106.65326999981076, -6.582459999828973, 0.0 ], [ 106.653309999856788, -6.581610000201223, 0.0 ], [ 106.653280000272019, -6.58130000029459, 0.0 ], [ 106.653309999856788, -6.580819999743017, 0.0 ], [ 106.653309999856788, -6.580424076809557, 0.0 ], [ 106.653309999856788, -6.580420000182698, 0.0 ], [ 106.653490000063613, -6.580389999698557, 0.0 ], [ 106.653819999993132, -6.580320000067754, 0.0 ], [ 106.653880000062131, -6.580280000021812, 0.0 ], [ 106.653949999692855, -6.580130000299125, 0.0 ], [ 106.653960000154115, -6.579970000115267, 0.0 ], [ 106.654040000245999, -6.579890000023383, 0.0 ], [ 106.654299999645417, -6.579760000323578, 0.0 ], [ 106.65464000003611, -6.579620000162691, 0.0 ], [ 106.655079999642453, -6.579480000001894, 0.0 ], [ 106.655229877956657, -6.579430040863556, 0.0 ], [ 106.655259999849292, -6.579419999932892, 0.0 ], [ 106.65548000010206, -6.579379999886861, 0.0 ], [ 106.655640000286013, -6.579399999909921, 0.0 ], [ 106.656050000307488, -6.579379999886861, 0.0 ], [ 106.656260000099095, -6.579379999886861, 0.0 ], [ 106.656283840227189, -6.579381348870008, 0.0 ], [ 106.656664631168013, -6.57940290382081, 0.0 ], [ 106.656790000258496, -6.579410000371091, 0.0 ], [ 106.657764227737104, -6.579448627152242, 0.0 ], [ 106.6585121111452, -6.579478277800135, 0.0 ], [ 106.659059999719346, -6.579500000024865, 0.0 ] ] ] ] } },
{ "type": "Feature", "properties": { "PROVNO": "32", "KABKOTNO": "01", "KECNO": "040", "DESANO": "007", "PROVINSI": "JAWA BARAT", "KABKOT": "BOGOR", "KECAMATAN": "CIBUNGBULANG", "ID2013": "3201040007", "DESA": "CEMPLANG", "DESA_1": "CEMPLANG", "ID2012": "3201040007", "IDKAB2": "3201", "IDKEC_2": "3201040", "WILAYAH": "BARAT" }, "geometry": { "type": "MultiPolygon", "coordinates": [ [ [ [ 106.65726999991071, -6.572410000421005, 0.0 ], [ 106.657249999887739, -6.572540000120721, 0.0 ], [ 106.657260000348899, -6.572669999820437, 0.0 ], [ 106.657340000440882, -6.572789999958353, 0.0 ], [ 106.657679999932185, -6.57315000037201, 0.0 ], [ 106.657659999909214, -6.573229999564703, 0.0 ], [ 106.657599999840301, -6.573309999656587, 0.0 ], [ 106.657309999956652, -6.573549999932329, 0.0 ], [ 106.657080000142074, -6.573739999701047, 0.0 ], [ 106.65702000007316, -6.573870000300133, 0.0 ], [ 106.65702000007316, -6.573959999953907, 0.0 ], [ 106.657080000142074, -6.574040000045791, 0.0 ], [ 106.65726999991071, -6.574169999745507, 0.0 ], [ 106.657510000186534, -6.574349999952425, 0.0 ], [ 106.657519999748416, -6.57445000006728, 0.0 ], [ 106.657539999771387, -6.574929999719572, 0.0 ], [ 106.657519999748416, -6.575020000272627, 0.0 ], [ 106.657599999840301, -6.575140000410542, 0.0 ], [ 106.657809999631993, -6.575370000225202, 0.0 ], [ 106.657869999700907, -6.575470000340058, 0.0 ], [ 106.65786000013911, -6.575600000039774, 0.0 ], [ 106.657789999608937, -6.57576000022372, 0.0 ], [ 106.657690000393359, -6.576010000061263, 0.0 ], [ 106.657659999909214, -6.576139999761068, 0.0 ], [ 106.657639999886243, -6.576230000314123, 0.0 ], [ 106.657599999840301, -6.576330000429067, 0.0 ], [ 106.65757999981733, -6.576409999621582, 0.0 ], [ 106.657585068396401, -6.576506298127018, 0.0 ], [ 106.657590000278418, -6.576600000289581, 0.0 ], [ 106.657663528848943, -6.576639592942648, 0.0 ], [ 106.657719999978227, -6.576669999920384, 0.0 ], [ 106.657840000116138, -6.576660000358583, 0.0 ], [ 106.657940000230994, -6.57658000026661, 0.0 ], [ 106.658020000322963, -6.576489999713555, 0.0 ], [ 106.658310000206541, -6.576729999989386, 0.0 ], [ 106.658390000298425, -6.57681000008127, 0.0 ], [ 106.658570576071426, -6.576950850101451, 0.0 ], [ 106.658889999973695, -6.577200000079788, 0.0 ], [ 106.659119999788345, -6.577409999871477, 0.0 ], [ 106.659197163418497, -6.577545034875278, 0.0 ], [ 106.659199999880315, -6.577550000032275, 0.0 ], [ 106.659230000364374, -6.577679999731991, 0.0 ], [ 106.65929999999517, -6.578049999707538, 0.0 ], [ 106.659329999580038, -6.578319999568141, 0.0 ], [ 106.659340000041112, -6.578590000328113, 0.0 ], [ 106.659259999949228, -6.578920000257629, 0.0 ], [ 106.659059999719346, -6.579500000024865, 0.0 ], [ 106.6585121111452, -6.579478277800135, 0.0 ], [ 106.657764227737104, -6.579448627152242, 0.0 ], [ 106.656790000258496, -6.579410000371091, 0.0 ], [ 106.656664631168013, -6.57940290382081, 0.0 ], [ 106.656283840227189, -6.579381348870008, 0.0 ], [ 106.656260000099095, -6.579379999886861, 0.0 ], [ 106.656050000307488, -6.579379999886861, 0.0 ], [ 106.655640000286013, -6.579399999909921, 0.0 ], [ 106.65548000010206, -6.579379999886861, 0.0 ], [ 106.655259999849292, -6.579419999932892, 0.0 ], [ 106.655229877956657, -6.579430040863556, 0.0 ], [ 106.655079999642453, -6.579480000001894, 0.0 ], [ 106.65464000003611, -6.579620000162691, 0.0 ], [ 106.654299999645417, -6.579760000323578, 0.0 ], [ 106.654040000245999, -6.579890000023383, 0.0 ], [ 106.653960000154115, -6.579970000115267, 0.0 ], [ 106.653949999692855, -6.580130000299125, 0.0 ], [ 106.653880000062131, -6.580280000021812, 0.0 ], [ 106.653819999993132, -6.580320000067754, 0.0 ], [ 106.653490000063613, -6.580389999698557, 0.0 ], [ 106.653309999856788, -6.580420000182698, 0.0 ], [ 106.653309999856788, -6.580424076809557, 0.0 ], [ 106.653309999856788, -6.580819999743017, 0.0 ], [ 106.653280000272019, -6.58130000029459, 0.0 ], [ 106.653309999856788, -6.581610000201223, 0.0 ], [ 106.65326999981076, -6.582459999828973, 0.0 ], [ 106.653260000248963, -6.582519999897887, 0.0 ], [ 106.653260000248963, -6.582969999965407, 0.0 ], [ 106.653282988719099, -6.583204484698992, 0.0 ], [ 106.653309999856788, -6.583480000101751, 0.0 ], [ 106.653380000386875, -6.584010000261156, 0.0 ], [ 106.653459999579468, -6.5843200001677, 0.0 ], [ 106.653519999648481, -6.584790000258103, 0.0 ], [ 106.653519999648481, -6.585000000049792, 0.0 ], [ 106.653459999579468, -6.585209999841481, 0.0 ], [ 106.653415895927012, -6.585327609581384, 0.0 ], [ 106.653400000409846, -6.585370000025339, 0.0 ], [ 106.653340000340933, -6.585630000324141, 0.0 ], [ 106.653309999856788, -6.585719999977826, 0.0 ], [ 106.653149999672934, -6.585880000161684, 0.0 ], [ 106.653142129705671, -6.585903610962731, 0.0 ], [ 106.65308999960402, -6.586060000368512, 0.0 ], [ 106.65301999997321, -6.586159999584176, 0.0 ], [ 106.652970000365386, -6.586109999976344, 0.0 ], [ 106.652930000319444, -6.585980000276628, 0.0 ], [ 106.652865491049781, -6.585846681179266, 0.0 ], [ 106.652779999697472, -6.585670000370083, 0.0 ], [ 106.651820000392888, -6.5853999996102, 0.0 ], [ 106.65176000032389, -6.58539000004831, 0.0 ], [ 106.65164999974786, -6.58539000004831, 0.0 ], [ 106.651069999980706, -6.585370000025339, 0.0 ], [ 106.650310000006641, -6.585240000325623, 0.0 ], [ 106.650233445217481, -6.585226489810516, 0.0 ], [ 106.65014000026099, -6.585209999841481, 0.0 ], [ 106.650149999822787, -6.585340000440478, 0.0 ], [ 106.650189999868729, -6.585519999748026, 0.0 ], [ 106.650280000421873, -6.58557999981694, 0.0 ], [ 106.650419999683393, -6.585670000370083, 0.0 ], [ 106.650399999660422, -6.586109999976344, 0.0 ], [ 106.649940000031194, -6.586100000414543, 0.0 ], [ 106.649850000377413, -6.586199999630118, 0.0 ], [ 106.649559999594473, -6.586310000206232, 0.0 ], [ 106.649050000357406, -6.58645000036703, 0.0 ], [ 106.648580000267003, -6.586510000436032, 0.0 ], [ 106.648199999830297, -6.586510000436032, 0.0 ], [ 106.647959999554544, -6.586419999882978, 0.0 ], [ 106.647909999946719, -6.586310000206232, 0.0 ], [ 106.648030000084631, -6.586100000414543, 0.0 ], [ 106.648050000107602, -6.586000000299599, 0.0 ], [ 106.64801000006166, -6.585940000230686, 0.0 ], [ 106.647949999992747, -6.585920000207715, 0.0 ], [ 106.647840000315909, -6.585940000230686, 0.0 ], [ 106.64762999962494, -6.585909999746544, 0.0 ], [ 106.647607811551438, -6.585901466079616, 0.0 ], [ 106.647370000225507, -6.5858099996316, 0.0 ], [ 106.64721999960345, -6.585760000023768, 0.0 ], [ 106.647060000318959, -6.585749999562687, 0.0 ], [ 106.646820000043135, -6.585869999700513, 0.0 ], [ 106.645850000277477, -6.585980000276628, 0.0 ], [ 106.643363110419429, -6.587066312959813, 0.0 ], [ 106.643668066927916, -6.586304738272855, 0.0 ], [ 106.643667287215706, -6.586254858274945, 0.0 ], [ 106.643657819153191, -6.585649386110095, 0.0 ], [ 106.643575123793127, -6.585107549073967, 0.0 ], [ 106.64333114311799, -6.584728065747427, 0.0 ], [ 106.642892684949643, -6.584260220432672, 0.0 ], [ 106.642885279931889, -6.584256917222788, 0.0 ], [ 106.642406506055607, -6.584043356115856, 0.0 ], [ 106.642360032689481, -6.584044153814474, 0.0 ], [ 106.641823980092767, -6.584053361972888, 0.0 ], [ 106.641734387831875, -6.58407201930812, 0.0 ], [ 106.641152878103057, -6.584193118417527, 0.0 ], [ 106.640457210232199, -6.584243949898241, 0.0 ], [ 106.640290382395406, -6.584230201962118, 0.0 ], [ 106.639890679611369, -6.584197263392824, 0.0 ], [ 106.639227428703052, -6.584264169355816, 0.0 ], [ 106.638702202145069, -6.584476263668506, 0.0 ], [ 106.638161190686588, -6.584809778148628, 0.0 ], [ 106.637901960207472, -6.584713533602518, 0.0 ], [ 106.637848270681303, -6.584491275152029, 0.0 ], [ 106.637737911275693, -6.584034409660102, 0.0 ], [ 106.637769107858247, -6.583678295217013, 0.0 ], [ 106.637855749443446, -6.582957893291965, 0.0 ], [ 106.637889658381241, -6.582861955414767, 0.0 ], [ 106.638336751839759, -6.581596994205743, 0.0 ], [ 106.638699334207089, -6.581175341668501, 0.0 ], [ 106.638927640598311, -6.580957311830318, 0.0 ], [ 106.638931040934949, -6.58095406527778, 0.0 ], [ 106.639117776164625, -6.580649497276383, 0.0 ], [ 106.639265997927666, -6.580413594311754, 0.0 ], [ 106.639268235440952, -6.580187109047699, 0.0 ], [ 106.639172400086366, -6.580041406285755, 0.0 ], [ 106.639016713950383, -6.579818419384367, 0.0 ], [ 106.638907768279054, -6.579309202557528, 0.0 ], [ 106.638900787741392, -6.579039476990047, 0.0 ], [ 106.638894120167691, -6.578781794244239, 0.0 ], [ 106.639060000119073, -6.578419999683085, 0.0 ], [ 106.639198710652096, -6.578068585096943, 0.0 ], [ 106.639379192895632, -6.57767463797402, 0.0 ], [ 106.639294974983258, -6.577436518180626, 0.0 ], [ 106.639136593579096, -6.577299958825868, 0.0 ], [ 106.63888862081339, -6.577104093678834, 0.0 ], [ 106.638853030143423, -6.577067456197963, 0.0 ], [ 106.638640453794096, -6.576848629560441, 0.0 ], [ 106.638463627294797, -6.57653929425285, 0.0 ], [ 106.638414654712719, -6.576357460328399, 0.0 ], [ 106.638400279049833, -6.576304083766296, 0.0 ], [ 106.63841973228503, -6.575874905702186, 0.0 ], [ 106.638549868681622, -6.575576482768355, 0.0 ], [ 106.638742710308023, -6.575316594884786, 0.0 ], [ 106.638917896443928, -6.575125302790354, 0.0 ], [ 106.639407840799421, -6.574596245120503, 0.0 ], [ 106.640040885278751, -6.574996464115337, 0.0 ], [ 106.640383811164128, -6.57506983890185, 0.0 ], [ 106.64052855974542, -6.57511199462272, 0.0 ], [ 106.640850562003976, -6.575162434898321, 0.0 ], [ 106.641591665423221, -6.575430353727665, 0.0 ], [ 106.642203824946733, -6.575634326262971, 0.0 ], [ 106.642390615035026, -6.575672334310614, 0.0 ], [ 106.642776836082348, -6.575677502714452, 0.0 ], [ 106.643465580072629, -6.575681677367342, 0.0 ], [ 106.644154306975878, -6.575695523329586, 0.0 ], [ 106.644285014442062, -6.575698151148615, 0.0 ], [ 106.644566333169934, -6.575703806984947, 0.0 ], [ 106.645160211274927, -6.575876619809975, 0.0 ], [ 106.646231174329344, -6.576200545718471, 0.0 ], [ 106.650343843293939, -6.577444469086782, 0.0 ], [ 106.650378031920795, -6.577454810391039, 0.0 ], [ 106.650650000397334, -6.576620000312641, 0.0 ], [ 106.650820000143085, -6.576669999920384, 0.0 ], [ 106.650855761684184, -6.576491190415936, 0.0 ], [ 106.650909999796852, -6.576219999852952, 0.0 ], [ 106.650949999842794, -6.575829999854435, 0.0 ], [ 106.650860000189027, -6.575109999926401, 0.0 ], [ 106.650860000189027, -6.574579999766996, 0.0 ], [ 106.650980000326939, -6.574120000137764, 0.0 ], [ 106.651139957343375, -6.57384007535903, 0.0 ], [ 106.651179999657458, -6.573770000185188, 0.0 ], [ 106.651139999611516, -6.573440000255673, 0.0 ], [ 106.651060449180562, -6.573183669190854, 0.0 ], [ 106.651049999957735, -6.57315000037201, 0.0 ], [ 106.650960000303968, -6.572859999589156, 0.0 ], [ 106.650929999819823, -6.572629999774495, 0.0 ], [ 106.650940000280997, -6.572480000051808, 0.0 ], [ 106.650980000326939, -6.572270000260119, 0.0 ], [ 106.650909999796852, -6.571960000353574, 0.0 ], [ 106.650897042364747, -6.57185309434464, 0.0 ], [ 106.650869999750824, -6.571630000424058, 0.0 ], [ 106.650980000326939, -6.571260000448511, 0.0 ], [ 106.650980000326939, -6.571120000287625, 0.0 ], [ 106.651090000003677, -6.57081000038108, 0.0 ], [ 106.651190000118532, -6.570750000312078, 0.0 ], [ 106.65150000002518, -6.570679999781994, 0.0 ], [ 106.651840000415859, -6.570599999690021, 0.0 ], [ 106.652031118941224, -6.570566761646504, 0.0 ], [ 106.652300000045187, -6.570519999598137, 0.0 ], [ 106.652695537169478, -6.570484042004789, 0.0 ], [ 106.652739999651445, -6.570479999552195, 0.0 ], [ 106.653459999579468, -6.570539999621108, 0.0 ], [ 106.65406000026897, -6.57059000012822, 0.0 ], [ 106.654519999898284, -6.570650000197222, 0.0 ], [ 106.654809999781861, -6.570710000266136, 0.0 ], [ 106.655460000079088, -6.570819999942881, 0.0 ], [ 106.655429999594944, -6.57102000017268, 0.0 ], [ 106.65539799092474, -6.571356095707106, 0.0 ], [ 106.655370000425407, -6.571650000447029, 0.0 ], [ 106.655290000333423, -6.572199999730035, 0.0 ], [ 106.65530571508684, -6.572211786244821, 0.0 ], [ 106.655569999755841, -6.572410000421005, 0.0 ], [ 106.65640999982179, -6.572569999705493, 0.0 ], [ 106.656481680285481, -6.572569999705493, 0.0 ], [ 106.656960000004162, -6.572569999705493, 0.0 ], [ 106.65726999991071, -6.572410000421005, 0.0 ] ] ] ] } },
{ "type": "Feature", "properties": { "PROVNO": "32", "KABKOTNO": "01", "KECNO": "040", "DESANO": "008", "PROVINSI": "JAWA BARAT", "KABKOT": "BOGOR", "KECAMATAN": "CIBUNGBULANG", "ID2013": "3201040008", "DESA": "GALUGA", "DESA_1": "GALUGA", "ID2012": "3201040008", "IDKAB2": "3201", "IDKEC_2": "3201040", "WILAYAH": "BARAT" }, "geometry": { "type": "MultiPolygon", "coordinates": [ [ [ [ 106.638088463411989, -6.559453250966598, 0.0 ], [ 106.638389999798875, -6.559309999756504, 0.0 ], [ 106.638570000005615, -6.559320000217674, 0.0 ], [ 106.638730000189554, -6.559340000240645, 0.0 ], [ 106.638870000350437, -6.559360000263705, 0.0 ], [ 106.63900000005016, -6.559389999848477, 0.0 ], [ 106.639120000187987, -6.559420000332619, 0.0 ], [ 106.639229999864739, -6.55944000035559, 0.0 ], [ 106.639320000417882, -6.559480000401532, 0.0 ], [ 106.63943000009462, -6.559509999986304, 0.0 ], [ 106.639519999748387, -6.559539999571165, 0.0 ], [ 106.639599999840271, -6.559579999617107, 0.0 ], [ 106.639679999932255, -6.559610000101248, 0.0 ], [ 106.639769999586022, -6.55963999968602, 0.0 ], [ 106.639829999654935, -6.55967000017025, 0.0 ], [ 106.639900000185023, -6.559699999755022, 0.0 ], [ 106.639980000276992, -6.559730000239163, 0.0 ], [ 106.640080000391848, -6.559770000285106, 0.0 ], [ 106.640210000091571, -6.559810000331048, 0.0 ], [ 106.640330000229483, -6.559839999915908, 0.0 ], [ 106.64041999988325, -6.559850000377079, 0.0 ], [ 106.640510000436308, -6.55987000040005, 0.0 ], [ 106.640609999651886, -6.55987000040005, 0.0 ], [ 106.640709999766827, -6.55987000040005, 0.0 ], [ 106.64076999983584, -6.55985999993888, 0.0 ], [ 106.640840000365912, -6.55985999993888, 0.0 ], [ 106.640909999996637, -6.559850000377079, 0.0 ], [ 106.640979999627433, -6.559839999915908, 0.0 ], [ 106.641079999742374, -6.559830000354019, 0.0 ], [ 106.641150000272461, -6.559819999892937, 0.0 ], [ 106.641239999926228, -6.559810000331048, 0.0 ], [ 106.641340000041183, -6.559790000308077, 0.0 ], [ 106.641373542954781, -6.559783291365608, 0.0 ], [ 106.641440000156123, -6.559770000285106, 0.0 ], [ 106.641540000270979, -6.559759999824024, 0.0 ], [ 106.641638040763155, -6.559730588395798, 0.0 ], [ 106.64164000038592, -6.559730000239163, 0.0 ], [ 106.641750000062672, -6.559710000216192, 0.0 ], [ 106.64185999973941, -6.559679999732051, 0.0 ], [ 106.641970000315439, -6.55965000014719, 0.0 ], [ 106.642079999992177, -6.559619999663049, 0.0 ], [ 106.642180000107132, -6.559599999640078, 0.0 ], [ 106.642289999783785, -6.559550000032246, 0.0 ], [ 106.642400000359899, -6.559509999986304, 0.0 ], [ 106.642510000036651, -6.559460000378561, 0.0 ], [ 106.642619999713389, -6.559409999871448, 0.0 ], [ 106.64271999982833, -6.559360000263705, 0.0 ], [ 106.642830000404359, -6.559309999756504, 0.0 ], [ 106.642929999620023, -6.559249999687591, 0.0 ], [ 106.643040000196052, -6.559200000079759, 0.0 ], [ 106.643140000310993, -6.559140000010846, 0.0 ], [ 106.643240000425848, -6.559079999941932, 0.0 ], [ 106.643339999641427, -6.559030000334101, 0.0 ], [ 106.643450000217541, -6.558970000265187, 0.0 ], [ 106.643539999871308, -6.558919999757986, 0.0 ], [ 106.643660000009135, -6.558870000150243, 0.0 ], [ 106.643769999685887, -6.558819999643131, 0.0 ], [ 106.643889999823799, -6.558770000035299, 0.0 ], [ 106.64400999996171, -6.558709999966386, 0.0 ], [ 106.644139999661434, -6.558669999920443, 0.0 ], [ 106.644290000283405, -6.558620000312612, 0.0 ], [ 106.644449999567968, -6.558580000266669, 0.0 ], [ 106.644640000235967, -6.558520000197667, 0.0 ], [ 106.644890000073602, -6.558449999667584, 0.0 ], [ 106.645229999565004, -6.558369999575611, 0.0 ], [ 106.645670000070552, -6.558270000360125, 0.0 ], [ 106.646240000275981, -6.558130000199149, 0.0 ], [ 106.64664723937878, -6.558040741586826, 0.0 ], [ 106.646969999765915, -6.557970000015292, 0.0 ], [ 106.647869999900777, -6.557769999785492, 0.0 ], [ 106.647880000361937, -6.557840000315576, 0.0 ], [ 106.647970000015718, -6.557880000361607, 0.0 ], [ 106.647959999554544, -6.558230000314094, 0.0 ], [ 106.647959999554544, -6.558330000429038, 0.0 ], [ 106.64801000006166, -6.558389999598671, 0.0 ], [ 106.648070000130573, -6.558420000082812, 0.0 ], [ 106.648050000107602, -6.558700000404585, 0.0 ], [ 106.648039999646429, -6.558999999849959, 0.0 ], [ 106.648030000084631, -6.559320000217674, 0.0 ], [ 106.648079999692371, -6.559520000447474, 0.0 ], [ 106.648279999922266, -6.559730000239163, 0.0 ], [ 106.648319999968209, -6.559779999846995, 0.0 ], [ 106.648449999667918, -6.559940000030764, 0.0 ], [ 106.648460000129091, -6.560080000191739, 0.0 ], [ 106.64844000010612, -6.560149999822542, 0.0 ], [ 106.64833999999118, -6.560269999960369, 0.0 ], [ 106.648290000383341, -6.560350000052342, 0.0 ], [ 106.648299999945237, -6.560419999683056, 0.0 ], [ 106.648360000014151, -6.560490000213139, 0.0 ], [ 106.648480000152063, -6.560559999843942, 0.0 ], [ 106.64848999971386, -6.560679999981858, 0.0 ], [ 106.648449999667918, -6.560769999635632, 0.0 ], [ 106.648360000014151, -6.560820000142744, 0.0 ], [ 106.648190000268485, -6.5609200002576, 0.0 ], [ 106.648150000222543, -6.561000000349573, 0.0 ], [ 106.648170000245514, -6.561090000003347, 0.0 ], [ 106.648319999968209, -6.561529999609697, 0.0 ], [ 106.648259999899295, -6.561620000162662, 0.0 ], [ 106.648189095550492, -6.561744083222756, 0.0 ], [ 106.648179999807326, -6.561760000323638, 0.0 ], [ 106.648230000314427, -6.56182999995444, 0.0 ], [ 106.648529999759802, -6.562179999906927, 0.0 ], [ 106.648529999759802, -6.562309999606644, 0.0 ], [ 106.64848999971386, -6.562420000182758, 0.0 ], [ 106.648429999644947, -6.562640000435529, 0.0 ], [ 106.648469999690889, -6.562859999789019, 0.0 ], [ 106.648569999805829, -6.563039999995848, 0.0 ], [ 106.648660000358888, -6.563109999626651, 0.0 ], [ 106.648879999712378, -6.563209999741595, 0.0 ], [ 106.648950000242465, -6.563340000340592, 0.0 ], [ 106.648979999827333, -6.563550000132281, 0.0 ], [ 106.648930000219494, -6.563699999854968, 0.0 ], [ 106.648850000127609, -6.563840000015855, 0.0 ], [ 106.648709999966727, -6.563980000176652, 0.0 ], [ 106.648680000381859, -6.564060000268626, 0.0 ], [ 106.648709999966727, -6.564200000429512, 0.0 ], [ 106.64877000003564, -6.564410000221201, 0.0 ], [ 106.648778441971672, -6.564637936091735, 0.0 ], [ 106.648779999597437, -6.564680000081715, 0.0 ], [ 106.648810000081582, -6.565090000103293, 0.0 ], [ 106.648879999712378, -6.565130000149235, 0.0 ], [ 106.649010000311378, -6.565139999711036, 0.0 ], [ 106.649169999595955, -6.565130000149235, 0.0 ], [ 106.649289999733867, -6.565130000149235, 0.0 ], [ 106.649310527658912, -6.565140264111715, 0.0 ], [ 106.649389999848808, -6.565179999757067, 0.0 ], [ 106.649530000009705, -6.565350000402006, 0.0 ], [ 106.649570000055647, -6.565449999617581, 0.0 ], [ 106.649590000078618, -6.565620000262609, 0.0 ], [ 106.649661548341925, -6.565691547626642, 0.0 ], [ 106.649719999778327, -6.565749999962325, 0.0 ], [ 106.649799999870211, -6.5658900001233, 0.0 ], [ 106.649830000354441, -6.565990000238155, 0.0 ], [ 106.649790000308414, -6.566209999591646, 0.0 ], [ 106.649719999778327, -6.566449999867388, 0.0 ], [ 106.649830000354441, -6.566610000051334, 0.0 ], [ 106.650020000123078, -6.566799999819963, 0.0 ], [ 106.650160000283961, -6.56695000044202, 0.0 ], [ 106.650269999960699, -6.567129999749479, 0.0 ], [ 106.650330000029712, -6.567329999979368, 0.0 ], [ 106.650399999660422, -6.567490000163225, 0.0 ], [ 106.650550000282479, -6.567740000000768, 0.0 ], [ 106.650530000259508, -6.567869999700573, 0.0 ], [ 106.65049000021348, -6.56802999988443, 0.0 ], [ 106.650336887037923, -6.56830751807739, 0.0 ], [ 106.650330000029712, -6.568319999768004, 0.0 ], [ 106.650280000421873, -6.568359999814035, 0.0 ], [ 106.650049999707932, -6.568390000298088, 0.0 ], [ 106.649910000446326, -6.568510000436003, 0.0 ], [ 106.64977999984724, -6.568600000089777, 0.0 ], [ 106.649690000193559, -6.568580000066806, 0.0 ], [ 106.649590000078618, -6.568569999605636, 0.0 ], [ 106.649509999986634, -6.568609999651578, 0.0 ], [ 106.649460000378895, -6.568700000204633, 0.0 ], [ 106.649030557914102, -6.568975422077941, 0.0 ], [ 106.649001916305565, -6.569141902776412, 0.0 ], [ 106.648967400325432, -6.56934253343108, 0.0 ], [ 106.648961451310115, -6.569490601409935, 0.0 ], [ 106.648955842238507, -6.569741658850283, 0.0 ], [ 106.648821542880029, -6.570006013666454, 0.0 ], [ 106.64870621382093, -6.570167316967925, 0.0 ], [ 106.648695245689197, -6.570356691707815, 0.0 ], [ 106.648687943194233, -6.570482784752532, 0.0 ], [ 106.648631285905324, -6.570869185664243, 0.0 ], [ 106.648748650130329, -6.571325819131104, 0.0 ], [ 106.648797345721078, -6.571479869400267, 0.0 ], [ 106.64881369359729, -6.571531585813908, 0.0 ], [ 106.648840077008131, -6.571724606405329, 0.0 ], [ 106.648724578876354, -6.571834413627133, 0.0 ], [ 106.648622250416693, -6.572034295146469, 0.0 ], [ 106.64852165315196, -6.57216724012585, 0.0 ], [ 106.648519709717036, -6.572169806791042, 0.0 ], [ 106.648288797989863, -6.572415169724124, 0.0 ], [ 106.647621297784809, -6.572996690244928, 0.0 ], [ 106.647165760591591, -6.57344233579499, 0.0 ], [ 106.646716807334982, -6.573933019393188, 0.0 ], [ 106.646620433286586, -6.574052956578527, 0.0 ], [ 106.646385916177309, -6.574344813562174, 0.0 ], [ 106.646255254576474, -6.57450742267919, 0.0 ], [ 106.645160211274927, -6.575876619809975, 0.0 ], [ 106.644566333169934, -6.575703806984947, 0.0 ], [ 106.644285014442062, -6.575698151148615, 0.0 ], [ 106.644154306975878, -6.575695523329586, 0.0 ], [ 106.643465580072629, -6.575681677367342, 0.0 ], [ 106.642776836082348, -6.575677502714452, 0.0 ], [ 106.642390615035026, -6.575672334310614, 0.0 ], [ 106.642203824946733, -6.575634326262971, 0.0 ], [ 106.641591665423221, -6.575430353727665, 0.0 ], [ 106.640850562003976, -6.575162434898321, 0.0 ], [ 106.64052855974542, -6.57511199462272, 0.0 ], [ 106.640383811164128, -6.57506983890185, 0.0 ], [ 106.640040885278751, -6.574996464115337, 0.0 ], [ 106.639407840799421, -6.574596245120503, 0.0 ], [ 106.63999490294259, -6.573859447655241, 0.0 ], [ 106.640066304616397, -6.573480341144702, 0.0 ], [ 106.640071141170409, -6.5732382382539, 0.0 ], [ 106.640073671862595, -6.573193370177712, 0.0 ], [ 106.640092423626641, -6.572860960964402, 0.0 ], [ 106.639871721902637, -6.572512628354978, 0.0 ], [ 106.639465368632045, -6.572204311979259, 0.0 ], [ 106.63929399831953, -6.572101658864273, 0.0 ], [ 106.638811035401162, -6.571812357754006, 0.0 ], [ 106.638308308082102, -6.571096929979117, 0.0 ], [ 106.638262394094383, -6.571031589735945, 0.0 ], [ 106.637294505037573, -6.570311418936683, 0.0 ], [ 106.636642716888076, -6.569826446932794, 0.0 ], [ 106.636366423571758, -6.569450615753194, 0.0 ], [ 106.636122469876284, -6.569118773112717, 0.0 ], [ 106.636036847222869, -6.568758734927584, 0.0 ], [ 106.636131006241058, -6.568285509868268, 0.0 ], [ 106.636387388567272, -6.568165450375076, 0.0 ], [ 106.636603179992974, -6.568064398952647, 0.0 ], [ 106.638444516701242, -6.568193495733023, 0.0 ], [ 106.639384263273357, -6.568066560922894, 0.0 ], [ 106.639608139604164, -6.567666101809024, 0.0 ], [ 106.639643577389307, -6.567518585114431, 0.0 ], [ 106.639716049256407, -6.567216895842911, 0.0 ], [ 106.639769206383988, -6.566995609559569, 0.0 ], [ 106.639822885118249, -6.566195980959613, 0.0 ], [ 106.639249484576268, -6.564728440265135, 0.0 ], [ 106.638984377926832, -6.564571667748123, 0.0 ], [ 106.63842808069154, -6.565090837372125, 0.0 ], [ 106.63705927206793, -6.566368290164295, 0.0 ], [ 106.635697588772828, -6.565076710821351, 0.0 ], [ 106.635314294119567, -6.564713149991732, 0.0 ], [ 106.633422793227481, -6.563007808763146, 0.0 ], [ 106.633388025437142, -6.562939630259592, 0.0 ], [ 106.632935528851789, -6.562052301572265, 0.0 ], [ 106.632860001987737, -6.561757809575077, 0.0 ], [ 106.63276248759891, -6.561377589703845, 0.0 ], [ 106.632696042088838, -6.561118506713584, 0.0 ], [ 106.632701888581451, -6.560949588852285, 0.0 ], [ 106.632721769893962, -6.560375265605813, 0.0 ], [ 106.632844354683385, -6.559986398753139, 0.0 ], [ 106.633000845712587, -6.55963683137454, 0.0 ], [ 106.632967915237273, -6.559285015690755, 0.0 ], [ 106.633032618760524, -6.557505560433121, 0.0 ], [ 106.632791893631179, -6.556620694089546, 0.0 ], [ 106.633073217754998, -6.555841257967501, 0.0 ], [ 106.633122902600036, -6.555703601439902, 0.0 ], [ 106.633150554055021, -6.555624175115451, 0.0 ], [ 106.63328803611418, -6.555229265717823, 0.0 ], [ 106.633369861829806, -6.555194051863857, 0.0 ], [ 106.633877938316388, -6.554975398795495, 0.0 ], [ 106.633962898169401, -6.555017537429233, 0.0 ], [ 106.634574433563458, -6.55532084098386, 0.0 ], [ 106.634713255612425, -6.555389692180338, 0.0 ], [ 106.635201347364415, -6.555883305769807, 0.0 ], [ 106.635324439371587, -6.556334670108779, 0.0 ], [ 106.635543656314852, -6.556959475898907, 0.0 ], [ 106.635640856840254, -6.557463050379244, 0.0 ], [ 106.635920828383718, -6.558070281618047, 0.0 ], [ 106.63605300624144, -6.55864324508947, 0.0 ], [ 106.636072024204736, -6.559147074078044, 0.0 ], [ 106.635969648980264, -6.559720801973281, 0.0 ], [ 106.635936090778173, -6.560085799020268, 0.0 ], [ 106.635997920967412, -6.560398356598753, 0.0 ], [ 106.636076956086839, -6.560658732814098, 0.0 ], [ 106.636358183983191, -6.560887314397892, 0.0 ], [ 106.636364399197845, -6.560892364990458, 0.0 ], [ 106.636671095894499, -6.560898665640771, 0.0 ], [ 106.636729289225542, -6.560899860839733, 0.0 ], [ 106.637146017974572, -6.560820310408779, 0.0 ], [ 106.637622676645407, -6.560471242153945, 0.0 ], [ 106.637959829782545, -6.559966250342022, 0.0 ], [ 106.638088463411989, -6.559453250966598, 0.0 ] ] ] ] } },
{ "type": "Feature", "properties": { "PROVNO": "32", "KABKOTNO": "01", "KECNO": "040", "DESANO": "009", "PROVINSI": "JAWA BARAT", "KABKOT": "BOGOR", "KECAMATAN": "CIBUNGBULANG", "ID2013": "3201040009", "DESA": "DUKUH", "DESA_1": "DUKUH", "ID2012": "3201040009", "IDKAB2": "3201", "IDKEC_2": "3201040", "WILAYAH": "BARAT" }, "geometry": { "type": "MultiPolygon", "coordinates": [ [ [ [ 106.657060000119102, -6.558930000219156, 0.0 ], [ 106.657419999633476, -6.559169999595706, 0.0 ], [ 106.657479999702389, -6.559280000171732, 0.0 ], [ 106.657519999748416, -6.559539999571165, 0.0 ], [ 106.657519999748416, -6.559630000124219, 0.0 ], [ 106.657519999748416, -6.559759999824024, 0.0 ], [ 106.657570000255447, -6.559920000007793, 0.0 ], [ 106.657679999932185, -6.560040000145708, 0.0 ], [ 106.657920000208023, -6.560330000029282, 0.0 ], [ 106.657969999815762, -6.560470000190168, 0.0 ], [ 106.657969999815762, -6.560619999912856, 0.0 ], [ 106.657989999838733, -6.56094999984246, 0.0 ], [ 106.658049999907746, -6.561040000395604, 0.0 ], [ 106.658159999584484, -6.561110000026318, 0.0 ], [ 106.658519320110713, -6.561276352121794, 0.0 ], [ 106.658700000205059, -6.561359999863949, 0.0 ], [ 106.658760000273972, -6.561450000417004, 0.0 ], [ 106.658769999835769, -6.561549999632668, 0.0 ], [ 106.658733713090527, -6.56170240504176, 0.0 ], [ 106.65872000022803, -6.561760000323638, 0.0 ], [ 106.658600000090118, -6.562039999746041, 0.0 ], [ 106.658540000021205, -6.562259999998812, 0.0 ], [ 106.658540000021205, -6.562400000159698, 0.0 ], [ 106.658609999651915, -6.562569999905445, 0.0 ], [ 106.658700000205059, -6.562659999559131, 0.0 ], [ 106.658800000319914, -6.562679999582102, 0.0 ], [ 106.659290000433373, -6.562710000066332, 0.0 ], [ 106.659480000202009, -6.562759999674075, 0.0 ], [ 106.659529999809834, -6.562810000181187, 0.0 ], [ 106.659600000339921, -6.562959999903875, 0.0 ], [ 106.65962999992469, -6.563140000110792, 0.0 ], [ 106.659609999901718, -6.563369999925364, 0.0 ], [ 106.659529999809834, -6.563459999579138, 0.0 ], [ 106.659409999671922, -6.56353000010931, 0.0 ], [ 106.659309999557067, -6.563590000178223, 0.0 ], [ 106.659199999880315, -6.563719999877939, 0.0 ], [ 106.65893999958152, -6.564060000268626, 0.0 ], [ 106.658900000434855, -6.564129999899428, 0.0 ], [ 106.658889868672674, -6.564190786875148, 0.0 ], [ 106.658869999950724, -6.564310000106257, 0.0 ], [ 106.658849999927753, -6.564559999943889, 0.0 ], [ 106.658833480281118, -6.564741724151038, 0.0 ], [ 106.658829999904782, -6.564780000196659, 0.0 ], [ 106.658909999996666, -6.564840000265662, 0.0 ], [ 106.65897000006558, -6.564840000265662, 0.0 ], [ 106.659239999926257, -6.564840000265662, 0.0 ], [ 106.659320000018141, -6.564889999873493, 0.0 ], [ 106.659480000202009, -6.565070000080233, 0.0 ], [ 106.65958000031695, -6.565290000333093, 0.0 ], [ 106.659589999878747, -6.565400000009838, 0.0 ], [ 106.659589999878747, -6.565469999640552, 0.0 ], [ 106.659569999855776, -6.565749999962325, 0.0 ], [ 106.659489999763892, -6.56585999963907, 0.0 ], [ 106.659349999603009, -6.565959999754014, 0.0 ], [ 106.659290000433373, -6.565979999776985, 0.0 ], [ 106.659210000341403, -6.565990000238155, 0.0 ], [ 106.658873940779898, -6.566030006579329, 0.0 ], [ 106.65878999985874, -6.566039999845898, 0.0 ], [ 106.658700000205059, -6.566099999914901, 0.0 ], [ 106.658680000182002, -6.566180000006874, 0.0 ], [ 106.65869669969311, -6.566338646711003, 0.0 ], [ 106.658700000205059, -6.566369999775503, 0.0 ], [ 106.658700000205059, -6.566570000005392, 0.0 ], [ 106.658669999720829, -6.566790000258163, 0.0 ], [ 106.658600000090118, -6.566890000373107, 0.0 ], [ 106.658450000367424, -6.567009999611653, 0.0 ], [ 106.658330000229512, -6.567040000095705, 0.0 ], [ 106.658159999584484, -6.567009999611653, 0.0 ], [ 106.65792999976982, -6.56696999956571, 0.0 ], [ 106.657809999631993, -6.567009999611653, 0.0 ], [ 106.657710000416415, -6.567120000187678, 0.0 ], [ 106.657630000324446, -6.567260000348565, 0.0 ], [ 106.657619999863272, -6.567390000048281, 0.0 ], [ 106.657659999909214, -6.56759000027817, 0.0 ], [ 106.657760000024169, -6.567809999631571, 0.0 ], [ 106.657933034981724, -6.568108004380715, 0.0 ], [ 106.657940000230994, -6.568120000437485, 0.0 ], [ 106.657983655121811, -6.568189119632031, 0.0 ], [ 106.658419999883279, -6.56888000041155, 0.0 ], [ 106.658390000298425, -6.568950000042353, 0.0 ], [ 106.658290000183484, -6.569010000111266, 0.0 ], [ 106.657769999585966, -6.569340000040782, 0.0 ], [ 106.65778000004714, -6.569429999694556, 0.0 ], [ 106.657849999677936, -6.569549999832471, 0.0 ], [ 106.658000000299907, -6.569790000108213, 0.0 ], [ 106.658000000299907, -6.569910000246217, 0.0 ], [ 106.657969999815762, -6.570059999968905, 0.0 ], [ 106.65786000013911, -6.570349999852478, 0.0 ], [ 106.657832424227152, -6.570406875676618, 0.0 ], [ 106.657699999955156, -6.570679999781994, 0.0 ], [ 106.657599999840301, -6.570759999873967, 0.0 ], [ 106.657419999633476, -6.570830000404051, 0.0 ], [ 106.657029999634958, -6.571000000149709, 0.0 ], [ 106.656930000419379, -6.571100000264654, 0.0 ], [ 106.65688123018478, -6.571197539834408, 0.0 ], [ 106.656879999912277, -6.571200000379598, 0.0 ], [ 106.656870000350381, -6.571310000056343, 0.0 ], [ 106.65691999995822, -6.571379999687057, 0.0 ], [ 106.657038465852651, -6.57147590069215, 0.0 ], [ 106.657129999749912, -6.571550000332085, 0.0 ], [ 106.657470000140592, -6.571829999754488, 0.0 ], [ 106.657519999748416, -6.571949999892404, 0.0 ], [ 106.657519999748416, -6.572050000007348, 0.0 ], [ 106.657439999656447, -6.572179999707064, 0.0 ], [ 106.65726999991071, -6.572410000421005, 0.0 ], [ 106.656960000004162, -6.572569999705493, 0.0 ], [ 106.656481680285481, -6.572569999705493, 0.0 ], [ 106.65640999982179, -6.572569999705493, 0.0 ], [ 106.655569999755841, -6.572410000421005, 0.0 ], [ 106.65530571508684, -6.572211786244821, 0.0 ], [ 106.655290000333423, -6.572199999730035, 0.0 ], [ 106.655370000425407, -6.571650000447029, 0.0 ], [ 106.65539799092474, -6.571356095707106, 0.0 ], [ 106.655429999594944, -6.57102000017268, 0.0 ], [ 106.655460000079088, -6.570819999942881, 0.0 ], [ 106.654809999781861, -6.570710000266136, 0.0 ], [ 106.654519999898284, -6.570650000197222, 0.0 ], [ 106.65406000026897, -6.57059000012822, 0.0 ], [ 106.653459999579468, -6.570539999621108, 0.0 ], [ 106.652739999651445, -6.570479999552195, 0.0 ], [ 106.652695537169478, -6.570484042004789, 0.0 ], [ 106.652300000045187, -6.570519999598137, 0.0 ], [ 106.652031118941224, -6.570566761646504, 0.0 ], [ 106.651840000415859, -6.570599999690021, 0.0 ], [ 106.65150000002518, -6.570679999781994, 0.0 ], [ 106.651190000118532, -6.570750000312078, 0.0 ], [ 106.651090000003677, -6.57081000038108, 0.0 ], [ 106.650980000326939, -6.571120000287625, 0.0 ], [ 106.650980000326939, -6.571260000448511, 0.0 ], [ 106.650869999750824, -6.571630000424058, 0.0 ], [ 106.650897042364747, -6.57185309434464, 0.0 ], [ 106.650909999796852, -6.571960000353574, 0.0 ], [ 106.650980000326939, -6.572270000260119, 0.0 ], [ 106.650940000280997, -6.572480000051808, 0.0 ], [ 106.650929999819823, -6.572629999774495, 0.0 ], [ 106.650960000303968, -6.572859999589156, 0.0 ], [ 106.651049999957735, -6.57315000037201, 0.0 ], [ 106.651060449180562, -6.573183669190854, 0.0 ], [ 106.651139999611516, -6.573440000255673, 0.0 ], [ 106.651179999657458, -6.573770000185188, 0.0 ], [ 106.651139957343375, -6.57384007535903, 0.0 ], [ 106.650980000326939, -6.574120000137764, 0.0 ], [ 106.650860000189027, -6.574579999766996, 0.0 ], [ 106.650860000189027, -6.575109999926401, 0.0 ], [ 106.650949999842794, -6.575829999854435, 0.0 ], [ 106.650909999796852, -6.576219999852952, 0.0 ], [ 106.650855761684184, -6.576491190415936, 0.0 ], [ 106.650820000143085, -6.576669999920384, 0.0 ], [ 106.650650000397334, -6.576620000312641, 0.0 ], [ 106.650378031920795, -6.577454810391039, 0.0 ], [ 106.650343843293939, -6.577444469086782, 0.0 ], [ 106.646231174329344, -6.576200545718471, 0.0 ], [ 106.645160211274927, -6.575876619809975, 0.0 ], [ 106.646255254576474, -6.57450742267919, 0.0 ], [ 106.646385916177309, -6.574344813562174, 0.0 ], [ 106.646620433286586, -6.574052956578527, 0.0 ], [ 106.646716807334982, -6.573933019393188, 0.0 ], [ 106.647165760591591, -6.57344233579499, 0.0 ], [ 106.647621297784809, -6.572996690244928, 0.0 ], [ 106.648288797989863, -6.572415169724124, 0.0 ], [ 106.648519709717036, -6.572169806791042, 0.0 ], [ 106.64852165315196, -6.57216724012585, 0.0 ], [ 106.648622250416693, -6.572034295146469, 0.0 ], [ 106.648724578876354, -6.571834413627133, 0.0 ], [ 106.648840077008131, -6.571724606405329, 0.0 ], [ 106.64881369359729, -6.571531585813908, 0.0 ], [ 106.648797345721078, -6.571479869400267, 0.0 ], [ 106.648748650130329, -6.571325819131104, 0.0 ], [ 106.648631285905324, -6.570869185664243, 0.0 ], [ 106.648687943194233, -6.570482784752532, 0.0 ], [ 106.648695245689197, -6.570356691707815, 0.0 ], [ 106.64870621382093, -6.570167316967925, 0.0 ], [ 106.648821542880029, -6.570006013666454, 0.0 ], [ 106.648955842238507, -6.569741658850283, 0.0 ], [ 106.648961451310115, -6.569490601409935, 0.0 ], [ 106.648967400325432, -6.56934253343108, 0.0 ], [ 106.649001916305565, -6.569141902776412, 0.0 ], [ 106.649030557914102, -6.568975422077941, 0.0 ], [ 106.649460000378895, -6.568700000204633, 0.0 ], [ 106.649509999986634, -6.568609999651578, 0.0 ], [ 106.649590000078618, -6.568569999605636, 0.0 ], [ 106.649690000193559, -6.568580000066806, 0.0 ], [ 106.64977999984724, -6.568600000089777, 0.0 ], [ 106.649910000446326, -6.568510000436003, 0.0 ], [ 106.650049999707932, -6.568390000298088, 0.0 ], [ 106.650280000421873, -6.568359999814035, 0.0 ], [ 106.650330000029712, -6.568319999768004, 0.0 ], [ 106.650336887037923, -6.56830751807739, 0.0 ], [ 106.65049000021348, -6.56802999988443, 0.0 ], [ 106.650530000259508, -6.567869999700573, 0.0 ], [ 106.650550000282479, -6.567740000000768, 0.0 ], [ 106.650399999660422, -6.567490000163225, 0.0 ], [ 106.650330000029712, -6.567329999979368, 0.0 ], [ 106.650269999960699, -6.567129999749479, 0.0 ], [ 106.650160000283961, -6.56695000044202, 0.0 ], [ 106.650020000123078, -6.566799999819963, 0.0 ], [ 106.649830000354441, -6.566610000051334, 0.0 ], [ 106.649719999778327, -6.566449999867388, 0.0 ], [ 106.649790000308414, -6.566209999591646, 0.0 ], [ 106.649830000354441, -6.565990000238155, 0.0 ], [ 106.649799999870211, -6.5658900001233, 0.0 ], [ 106.649719999778327, -6.565749999962325, 0.0 ], [ 106.649661548341925, -6.565691547626642, 0.0 ], [ 106.649590000078618, -6.565620000262609, 0.0 ], [ 106.649570000055647, -6.565449999617581, 0.0 ], [ 106.649530000009705, -6.565350000402006, 0.0 ], [ 106.649389999848808, -6.565179999757067, 0.0 ], [ 106.649310527658912, -6.565140264111715, 0.0 ], [ 106.649289999733867, -6.565130000149235, 0.0 ], [ 106.649169999595955, -6.565130000149235, 0.0 ], [ 106.649010000311378, -6.565139999711036, 0.0 ], [ 106.648879999712378, -6.565130000149235, 0.0 ], [ 106.648810000081582, -6.565090000103293, 0.0 ], [ 106.648779999597437, -6.564680000081715, 0.0 ], [ 106.648778441971672, -6.564637936091735, 0.0 ], [ 106.64877000003564, -6.564410000221201, 0.0 ], [ 106.648709999966727, -6.564200000429512, 0.0 ], [ 106.648680000381859, -6.564060000268626, 0.0 ], [ 106.648709999966727, -6.563980000176652, 0.0 ], [ 106.648850000127609, -6.563840000015855, 0.0 ], [ 106.648930000219494, -6.563699999854968, 0.0 ], [ 106.648979999827333, -6.563550000132281, 0.0 ], [ 106.648950000242465, -6.563340000340592, 0.0 ], [ 106.648879999712378, -6.563209999741595, 0.0 ], [ 106.648660000358888, -6.563109999626651, 0.0 ], [ 106.648569999805829, -6.563039999995848, 0.0 ], [ 106.648469999690889, -6.562859999789019, 0.0 ], [ 106.648429999644947, -6.562640000435529, 0.0 ], [ 106.64848999971386, -6.562420000182758, 0.0 ], [ 106.648529999759802, -6.562309999606644, 0.0 ], [ 106.648529999759802, -6.562179999906927, 0.0 ], [ 106.648230000314427, -6.56182999995444, 0.0 ], [ 106.648179999807326, -6.561760000323638, 0.0 ], [ 106.648189095550492, -6.561744083222756, 0.0 ], [ 106.648259999899295, -6.561620000162662, 0.0 ], [ 106.648319999968209, -6.561529999609697, 0.0 ], [ 106.648170000245514, -6.561090000003347, 0.0 ], [ 106.648150000222543, -6.561000000349573, 0.0 ], [ 106.648190000268485, -6.5609200002576, 0.0 ], [ 106.648360000014151, -6.560820000142744, 0.0 ], [ 106.648449999667918, -6.560769999635632, 0.0 ], [ 106.64848999971386, -6.560679999981858, 0.0 ], [ 106.648480000152063, -6.560559999843942, 0.0 ], [ 106.648360000014151, -6.560490000213139, 0.0 ], [ 106.648299999945237, -6.560419999683056, 0.0 ], [ 106.648290000383341, -6.560350000052342, 0.0 ], [ 106.64833999999118, -6.560269999960369, 0.0 ], [ 106.64844000010612, -6.560149999822542, 0.0 ], [ 106.648460000129091, -6.560080000191739, 0.0 ], [ 106.648449999667918, -6.559940000030764, 0.0 ], [ 106.648319999968209, -6.559779999846995, 0.0 ], [ 106.648279999922266, -6.559730000239163, 0.0 ], [ 106.648079999692371, -6.559520000447474, 0.0 ], [ 106.648030000084631, -6.559320000217674, 0.0 ], [ 106.648039999646429, -6.558999999849959, 0.0 ], [ 106.648050000107602, -6.558700000404585, 0.0 ], [ 106.648070000130573, -6.558420000082812, 0.0 ], [ 106.64801000006166, -6.558389999598671, 0.0 ], [ 106.647959999554544, -6.558330000429038, 0.0 ], [ 106.647959999554544, -6.558230000314094, 0.0 ], [ 106.647970000015718, -6.557880000361607, 0.0 ], [ 106.647880000361937, -6.557840000315576, 0.0 ], [ 106.647869999900777, -6.557769999785492, 0.0 ], [ 106.648070000130573, -6.557749999762521, 0.0 ], [ 106.648409999621975, -6.557709999716579, 0.0 ], [ 106.648629999874743, -6.557709999716579, 0.0 ], [ 106.649440000355924, -6.557789999808463, 0.0 ], [ 106.649850000377413, -6.557820000292605, 0.0 ], [ 106.650040000146049, -6.557849999877376, 0.0 ], [ 106.650220000352959, -6.557860000338547, 0.0 ], [ 106.650469473187798, -6.557965837053583, 0.0 ], [ 106.650550000282479, -6.557999999600153, 0.0 ], [ 106.650630000374363, -6.558179999806981, 0.0 ], [ 106.650860000189027, -6.558299999944897, 0.0 ], [ 106.650929999819823, -6.558290000383096, 0.0 ], [ 106.651009999911793, -6.558219999852923, 0.0 ], [ 106.651110000026648, -6.558170000245092, 0.0 ], [ 106.651239999726371, -6.55815999978401, 0.0 ], [ 106.651450000417341, -6.558130000199149, 0.0 ], [ 106.651529999609949, -6.558070000130236, 0.0 ], [ 106.651609999701918, -6.557949999992321, 0.0 ], [ 106.651640000186063, -6.557809999831434, 0.0 ], [ 106.651709999816859, -6.557589999578664, 0.0 ], [ 106.65186000043883, -6.557600000039834, 0.0 ], [ 106.652259999999146, -6.557649999647577, 0.0 ], [ 106.653011063409991, -6.558052083836454, 0.0 ], [ 106.653249999787789, -6.558179999806981, 0.0 ], [ 106.653799999970161, -6.558489999713615, 0.0 ], [ 106.654350000152533, -6.558680000381614, 0.0 ], [ 106.655350000402436, -6.558930000219156, 0.0 ], [ 106.655509238860503, -6.5589688392404, 0.0 ], [ 106.65576000042384, -6.559030000334101, 0.0 ], [ 106.656189999569008, -6.559050000357072, 0.0 ], [ 106.656612242061541, -6.559025161981449, 0.0 ], [ 106.656699999705353, -6.55901999987293, 0.0 ], [ 106.657060000119102, -6.558930000219156, 0.0 ] ] ] ] } },
{ "type": "Feature", "properties": { "PROVNO": "32", "KABKOTNO": "01", "KECNO": "040", "DESANO": "010", "PROVINSI": "JAWA BARAT", "KABKOT": "BOGOR", "KECAMATAN": "CIBUNGBULANG", "ID2013": "3201040010", "DESA": "CIMANGGU 2", "DESA_1": "CIMANGGU 2", "ID2012": "3201040010", "IDKAB2": "3201", "IDKEC_2": "3201040", "WILAYAH": "BARAT" }, "geometry": { "type": "MultiPolygon", "coordinates": [ [ [ [ 106.668120000237963, -6.575259999649088, 0.0 ], [ 106.668089999753903, -6.575410000271145, 0.0 ], [ 106.668120000237963, -6.575499999924919, 0.0 ], [ 106.668189999868758, -6.575649999647606, 0.0 ], [ 106.668189999868758, -6.575860000338576, 0.0 ], [ 106.668189999868758, -6.576019999623064, 0.0 ], [ 106.667630000124589, -6.575929999969379, 0.0 ], [ 106.667509999986663, -6.576440000105812, 0.0 ], [ 106.667420783642399, -6.576427609246629, 0.0 ], [ 106.667149999573013, -6.576389999598611, 0.0 ], [ 106.666669999920714, -6.576239999875924, 0.0 ], [ 106.666580000266947, -6.576230000314123, 0.0 ], [ 106.666239999876268, -6.576170000245121, 0.0 ], [ 106.666134119993799, -6.576155396154473, 0.0 ], [ 106.665949999992691, -6.576130000199178, 0.0 ], [ 106.665809999831794, -6.576070000130265, 0.0 ], [ 106.665406848147683, -6.576096582291271, 0.0 ], [ 106.664900000135049, -6.576130000199178, 0.0 ], [ 106.664060000069099, -6.576070000130265, 0.0 ], [ 106.663451814649733, -6.575983115728015, 0.0 ], [ 106.663360000164033, -6.575970000015321, 0.0 ], [ 106.663113629990264, -6.575901245945595, 0.0 ], [ 106.662930000119573, -6.575849999877406, 0.0 ], [ 106.662919999658413, -6.575580000016803, 0.0 ], [ 106.662839999566529, -6.575410000271145, 0.0 ], [ 106.662780000396893, -6.575279999672059, 0.0 ], [ 106.662740000350951, -6.575160000433513, 0.0 ], [ 106.662636842716239, -6.575086317179615, 0.0 ], [ 106.662575232860888, -6.574897470341803, 0.0 ], [ 106.662497632160182, -6.574645494693634, 0.0 ], [ 106.662260865846434, -6.57442074512117, 0.0 ], [ 106.662227267174856, -6.57438885156413, 0.0 ], [ 106.662207812141006, -6.574389409143713, 0.0 ], [ 106.662159282025428, -6.574390798596355, 0.0 ], [ 106.661827800912477, -6.57440029273916, 0.0 ], [ 106.661754168919884, -6.574402401649362, 0.0 ], [ 106.661051116715868, -6.574605380433809, 0.0 ], [ 106.661051042072117, -6.574607989367056, 0.0 ], [ 106.66104734675784, -6.574735685003699, 0.0 ], [ 106.661047669614419, -6.574833081581257, 0.0 ], [ 106.661044505799438, -6.574833873884014, 0.0 ], [ 106.660980000127068, -6.574849999627688, 0.0 ], [ 106.660599999690447, -6.574989999788485, 0.0 ], [ 106.660100000015177, -6.575230000064227, 0.0 ], [ 106.659959999854294, -6.575339999741061, 0.0 ], [ 106.659466476197068, -6.57573191619484, 0.0 ], [ 106.659279999972199, -6.575880000361547, 0.0 ], [ 106.65915000027249, -6.575999999600093, 0.0 ], [ 106.658529999560031, -6.576569999805528, 0.0 ], [ 106.658390000298425, -6.576660000358583, 0.0 ], [ 106.658310000206541, -6.576729999989386, 0.0 ], [ 106.658020000322963, -6.576489999713555, 0.0 ], [ 106.657940000230994, -6.57658000026661, 0.0 ], [ 106.657840000116138, -6.576660000358583, 0.0 ], [ 106.657719999978227, -6.576669999920384, 0.0 ], [ 106.657663528848943, -6.576639592942648, 0.0 ], [ 106.657590000278418, -6.576600000289581, 0.0 ], [ 106.657585068396401, -6.576506298127018, 0.0 ], [ 106.65757999981733, -6.576409999621582, 0.0 ], [ 106.657599999840301, -6.576330000429067, 0.0 ], [ 106.657639999886243, -6.576230000314123, 0.0 ], [ 106.657659999909214, -6.576139999761068, 0.0 ], [ 106.657690000393359, -6.576010000061263, 0.0 ], [ 106.657789999608937, -6.57576000022372, 0.0 ], [ 106.65786000013911, -6.575600000039774, 0.0 ], [ 106.657869999700907, -6.575470000340058, 0.0 ], [ 106.657809999631993, -6.575370000225202, 0.0 ], [ 106.657599999840301, -6.575140000410542, 0.0 ], [ 106.657519999748416, -6.575020000272627, 0.0 ], [ 106.657539999771387, -6.574929999719572, 0.0 ], [ 106.657519999748416, -6.57445000006728, 0.0 ], [ 106.657510000186534, -6.574349999952425, 0.0 ], [ 106.65726999991071, -6.574169999745507, 0.0 ], [ 106.657080000142074, -6.574040000045791, 0.0 ], [ 106.65702000007316, -6.573959999953907, 0.0 ], [ 106.65702000007316, -6.573870000300133, 0.0 ], [ 106.657080000142074, -6.573739999701047, 0.0 ], [ 106.657309999956652, -6.573549999932329, 0.0 ], [ 106.657599999840301, -6.573309999656587, 0.0 ], [ 106.657659999909214, -6.573229999564703, 0.0 ], [ 106.657679999932185, -6.57315000037201, 0.0 ], [ 106.657340000440882, -6.572789999958353, 0.0 ], [ 106.657260000348899, -6.572669999820437, 0.0 ], [ 106.657249999887739, -6.572540000120721, 0.0 ], [ 106.65726999991071, -6.572410000421005, 0.0 ], [ 106.657439999656447, -6.572179999707064, 0.0 ], [ 106.657519999748416, -6.572050000007348, 0.0 ], [ 106.657519999748416, -6.571949999892404, 0.0 ], [ 106.657470000140592, -6.571829999754488, 0.0 ], [ 106.657129999749912, -6.571550000332085, 0.0 ], [ 106.657038465852651, -6.57147590069215, 0.0 ], [ 106.65691999995822, -6.571379999687057, 0.0 ], [ 106.656870000350381, -6.571310000056343, 0.0 ], [ 106.656879999912277, -6.571200000379598, 0.0 ], [ 106.65688123018478, -6.571197539834408, 0.0 ], [ 106.656930000419379, -6.571100000264654, 0.0 ], [ 106.657029999634958, -6.571000000149709, 0.0 ], [ 106.657419999633476, -6.570830000404051, 0.0 ], [ 106.657599999840301, -6.570759999873967, 0.0 ], [ 106.657699999955156, -6.570679999781994, 0.0 ], [ 106.657832424227152, -6.570406875676618, 0.0 ], [ 106.65786000013911, -6.570349999852478, 0.0 ], [ 106.657969999815762, -6.570059999968905, 0.0 ], [ 106.658000000299907, -6.569910000246217, 0.0 ], [ 106.658000000299907, -6.569790000108213, 0.0 ], [ 106.657849999677936, -6.569549999832471, 0.0 ], [ 106.65778000004714, -6.569429999694556, 0.0 ], [ 106.657769999585966, -6.569340000040782, 0.0 ], [ 106.658290000183484, -6.569010000111266, 0.0 ], [ 106.658390000298425, -6.568950000042353, 0.0 ], [ 106.658419999883279, -6.56888000041155, 0.0 ], [ 106.657983655121811, -6.568189119632031, 0.0 ], [ 106.657940000230994, -6.568120000437485, 0.0 ], [ 106.657933034981724, -6.568108004380715, 0.0 ], [ 106.657760000024169, -6.567809999631571, 0.0 ], [ 106.657659999909214, -6.56759000027817, 0.0 ], [ 106.657619999863272, -6.567390000048281, 0.0 ], [ 106.657630000324446, -6.567260000348565, 0.0 ], [ 106.657710000416415, -6.567120000187678, 0.0 ], [ 106.657809999631993, -6.567009999611653, 0.0 ], [ 106.65792999976982, -6.56696999956571, 0.0 ], [ 106.658159999584484, -6.567009999611653, 0.0 ], [ 106.658330000229512, -6.567040000095705, 0.0 ], [ 106.658450000367424, -6.567009999611653, 0.0 ], [ 106.658600000090118, -6.566890000373107, 0.0 ], [ 106.658669999720829, -6.566790000258163, 0.0 ], [ 106.658700000205059, -6.566570000005392, 0.0 ], [ 106.658700000205059, -6.566369999775503, 0.0 ], [ 106.65869669969311, -6.566338646711003, 0.0 ], [ 106.658680000182002, -6.566180000006874, 0.0 ], [ 106.658700000205059, -6.566099999914901, 0.0 ], [ 106.65878999985874, -6.566039999845898, 0.0 ], [ 106.658873940779898, -6.566030006579329, 0.0 ], [ 106.659210000341403, -6.565990000238155, 0.0 ], [ 106.659290000433373, -6.565979999776985, 0.0 ], [ 106.659349999603009, -6.565959999754014, 0.0 ], [ 106.659489999763892, -6.56585999963907, 0.0 ], [ 106.659569999855776, -6.565749999962325, 0.0 ], [ 106.659589999878747, -6.565469999640552, 0.0 ], [ 106.659589999878747, -6.565400000009838, 0.0 ], [ 106.65958000031695, -6.565290000333093, 0.0 ], [ 106.659480000202009, -6.565070000080233, 0.0 ], [ 106.659320000018141, -6.564889999873493, 0.0 ], [ 106.659239999926257, -6.564840000265662, 0.0 ], [ 106.65897000006558, -6.564840000265662, 0.0 ], [ 106.658909999996666, -6.564840000265662, 0.0 ], [ 106.658829999904782, -6.564780000196659, 0.0 ], [ 106.658833480281118, -6.564741724151038, 0.0 ], [ 106.658849999927753, -6.564559999943889, 0.0 ], [ 106.658869999950724, -6.564310000106257, 0.0 ], [ 106.658889868672674, -6.564190786875148, 0.0 ], [ 106.658900000434855, -6.564129999899428, 0.0 ], [ 106.65893999958152, -6.564060000268626, 0.0 ], [ 106.659199999880315, -6.563719999877939, 0.0 ], [ 106.659309999557067, -6.563590000178223, 0.0 ], [ 106.659409999671922, -6.56353000010931, 0.0 ], [ 106.659529999809834, -6.563459999579138, 0.0 ], [ 106.659609999901718, -6.563369999925364, 0.0 ], [ 106.65962999992469, -6.563140000110792, 0.0 ], [ 106.659600000339921, -6.562959999903875, 0.0 ], [ 106.659529999809834, -6.562810000181187, 0.0 ], [ 106.659480000202009, -6.562759999674075, 0.0 ], [ 106.659290000433373, -6.562710000066332, 0.0 ], [ 106.658800000319914, -6.562679999582102, 0.0 ], [ 106.658700000205059, -6.562659999559131, 0.0 ], [ 106.658609999651915, -6.562569999905445, 0.0 ], [ 106.658540000021205, -6.562400000159698, 0.0 ], [ 106.658540000021205, -6.562259999998812, 0.0 ], [ 106.658600000090118, -6.562039999746041, 0.0 ], [ 106.65872000022803, -6.561760000323638, 0.0 ], [ 106.658733713090527, -6.56170240504176, 0.0 ], [ 106.658769999835769, -6.561549999632668, 0.0 ], [ 106.658760000273972, -6.561450000417004, 0.0 ], [ 106.658700000205059, -6.561359999863949, 0.0 ], [ 106.658519320110713, -6.561276352121794, 0.0 ], [ 106.658159999584484, -6.561110000026318, 0.0 ], [ 106.658049999907746, -6.561040000395604, 0.0 ], [ 106.657989999838733, -6.56094999984246, 0.0 ], [ 106.657969999815762, -6.560619999912856, 0.0 ], [ 106.657969999815762, -6.560470000190168, 0.0 ], [ 106.657920000208023, -6.560330000029282, 0.0 ], [ 106.657679999932185, -6.560040000145708, 0.0 ], [ 106.657570000255447, -6.559920000007793, 0.0 ], [ 106.657519999748416, -6.559759999824024, 0.0 ], [ 106.657519999748416, -6.559630000124219, 0.0 ], [ 106.657519999748416, -6.559539999571165, 0.0 ], [ 106.657479999702389, -6.559280000171732, 0.0 ], [ 106.657419999633476, -6.559169999595706, 0.0 ], [ 106.657060000119102, -6.558930000219156, 0.0 ], [ 106.657809999631993, -6.55858999982847, 0.0 ], [ 106.658270000160513, -6.558190000268151, 0.0 ], [ 106.658450000367424, -6.557800000269634, 0.0 ], [ 106.658580000067147, -6.557359999764003, 0.0 ], [ 106.658740000251001, -6.557689999693608, 0.0 ], [ 106.658990000088551, -6.558199999829952, 0.0 ], [ 106.659380000087054, -6.558680000381614, 0.0 ], [ 106.659739999601442, -6.559050000357072, 0.0 ], [ 106.65987999976241, -6.559209999641649, 0.0 ], [ 106.660019999923207, -6.559389999848477, 0.0 ], [ 106.660169999645902, -6.559469999940362, 0.0 ], [ 106.660269999760843, -6.559530000009275, 0.0 ], [ 106.660420000382899, -6.559630000124219, 0.0 ], [ 106.660599999690447, -6.55987000040005, 0.0 ], [ 106.660900000035184, -6.560149999822542, 0.0 ], [ 106.660937313806201, -6.560249505310214, 0.0 ], [ 106.660960000104097, -6.560310000006311, 0.0 ], [ 106.66100000015004, -6.560470000190168, 0.0 ], [ 106.661180000356964, -6.560749999612661, 0.0 ], [ 106.661519999848281, -6.56115000007226, 0.0 ], [ 106.661700000055106, -6.561350000302149, 0.0 ], [ 106.6618499997778, -6.561489999563666, 0.0 ], [ 106.662050000007682, -6.561749999862467, 0.0 ], [ 106.662119999638406, -6.561990000138209, 0.0 ], [ 106.662239999776318, -6.561959999654068, 0.0 ], [ 106.662319999868288, -6.56199999970001, 0.0 ], [ 106.662469999590968, -6.562159999883956, 0.0 ], [ 106.662589999728894, -6.562320000067814, 0.0 ], [ 106.662629999774836, -6.562469999790501, 0.0 ], [ 106.662680000281938, -6.562620000412558, 0.0 ], [ 106.662760000373922, -6.562690000043272, 0.0 ], [ 106.662890000073631, -6.562770000135245, 0.0 ], [ 106.663260000049178, -6.563169999695564, 0.0 ], [ 106.663429999794843, -6.563320000317621, 0.0 ], [ 106.663766794102486, -6.563704906556058, 0.0 ], [ 106.663850000277506, -6.563799999969913, 0.0 ], [ 106.663919999908217, -6.563980000176652, 0.0 ], [ 106.663939999931273, -6.564040000245654, 0.0 ], [ 106.663946585666608, -6.564070462081997, 0.0 ], [ 106.664020000023157, -6.564410000221201, 0.0 ], [ 106.664069999630982, -6.564929999919435, 0.0 ], [ 106.664200000229982, -6.565219999803009, 0.0 ], [ 106.66424000027601, -6.565290000333093, 0.0 ], [ 106.66422999981485, -6.565390000448037, 0.0 ], [ 106.664180000207011, -6.565629999824498, 0.0 ], [ 106.664200000229982, -6.565959999754014, 0.0 ], [ 106.664182040768779, -6.566130613736689, 0.0 ], [ 106.664180000207011, -6.566150000422013, 0.0 ], [ 106.664100000115042, -6.566549999982332, 0.0 ], [ 106.664103616289069, -6.566627737380006, 0.0 ], [ 106.664120000138098, -6.566980000026792, 0.0 ], [ 106.664020000023157, -6.567189999818481, 0.0 ], [ 106.663939999931273, -6.567410000071252, 0.0 ], [ 106.663930842134889, -6.567561111356071, 0.0 ], [ 106.663919999908217, -6.567740000000768, 0.0 ], [ 106.663879999862274, -6.568259999699091, 0.0 ], [ 106.663810000231464, -6.568499999974833, 0.0 ], [ 106.663795192893986, -6.568533650807176, 0.0 ], [ 106.663699999655449, -6.568749999812464, 0.0 ], [ 106.663569999955726, -6.569079999742069, 0.0 ], [ 106.663540191926444, -6.569348269307032, 0.0 ], [ 106.663529999909784, -6.569440000155726, 0.0 ], [ 106.663420000232946, -6.569899999784958, 0.0 ], [ 106.663360000164033, -6.570490000013276, 0.0 ], [ 106.664020000023157, -6.570670000220193, 0.0 ], [ 106.664211582598654, -6.570761230146474, 0.0 ], [ 106.664439999606444, -6.570869999550624, 0.0 ], [ 106.664582650069448, -6.570955589828422, 0.0 ], [ 106.664655513141639, -6.570999307671723, 0.0 ], [ 106.66508999990377, -6.571260000448511, 0.0 ], [ 106.665510000386433, -6.571639999985859, 0.0 ], [ 106.66578000024694, -6.572020000422487, 0.0 ], [ 106.665709999716938, -6.57207999959212, 0.0 ], [ 106.665580000017144, -6.572250000237148, 0.0 ], [ 106.665490000363363, -6.572440000005866, 0.0 ], [ 106.66544284890854, -6.572581452571793, 0.0 ], [ 106.665379999787348, -6.572769999935382, 0.0 ], [ 106.665359999764377, -6.572859999589156, 0.0 ], [ 106.665230000064653, -6.57315000037201, 0.0 ], [ 106.665179999557452, -6.573329999679558, 0.0 ], [ 106.665190000018626, -6.573520000347557, 0.0 ], [ 106.665270000110596, -6.573799999770049, 0.0 ], [ 106.665330000179509, -6.574080000091822, 0.0 ], [ 106.665330000179509, -6.574140000160735, 0.0 ], [ 106.665270000110596, -6.574249999837392, 0.0 ], [ 106.665179999557452, -6.574419999583139, 0.0 ], [ 106.665319999718434, -6.57445000006728, 0.0 ], [ 106.665439999856261, -6.57445000006728, 0.0 ], [ 106.665580000017144, -6.574419999583139, 0.0 ], [ 106.665625583953769, -6.574389609692535, 0.0 ], [ 106.665729999739909, -6.574320000367564, 0.0 ], [ 106.665979999577459, -6.57402000002282, 0.0 ], [ 106.666082943173507, -6.574054313655466, 0.0 ], [ 106.666371100346211, -6.574150366645917, 0.0 ], [ 106.666669999920714, -6.574249999837392, 0.0 ], [ 106.667039999896275, -6.574369999975396, 0.0 ], [ 106.667550000032605, -6.574530000159164, 0.0 ], [ 106.66779190777045, -6.574666072980708, 0.0 ], [ 106.667870000400413, -6.574710000366082, 0.0 ], [ 106.668149999822816, -6.575020000272627, 0.0 ], [ 106.668120000237963, -6.575259999649088, 0.0 ] ] ] ] } },
{ "type": "Feature", "properties": { "PROVNO": "32", "KABKOTNO": "01", "KECNO": "040", "DESANO": "011", "PROVINSI": "JAWA BARAT", "KABKOT": "BOGOR", "KECAMATAN": "CIBUNGBULANG", "ID2013": "3201040011", "DESA": "CIMANGGU 1", "DESA_1": "CIMANGGU 1", "ID2012": "3201040011", "IDKAB2": "3201", "IDKEC_2": "3201040", "WILAYAH": "BARAT" }, "geometry": { "type": "MultiPolygon", "coordinates": [ [ [ [ 106.668940000280941, -6.569070000180179, 0.0 ], [ 106.668989999888765, -6.569110000226122, 0.0 ], [ 106.669060000418852, -6.569170000295124, 0.0 ], [ 106.669130000049648, -6.569230000364126, 0.0 ], [ 106.669190000118562, -6.569270000410068, 0.0 ], [ 106.669250000187574, -6.569320000017811, 0.0 ], [ 106.669330000279459, -6.569369999625643, 0.0 ], [ 106.669540000071052, -6.56950999978644, 0.0 ], [ 106.669660000209063, -6.569589999878414, 0.0 ], [ 106.669829999954715, -6.569770000085242, 0.0 ], [ 106.669889428054844, -6.569865601616112, 0.0 ], [ 106.670059999769379, -6.570140000060789, 0.0 ], [ 106.670199999930176, -6.570389999898421, 0.0 ], [ 106.670333362195052, -6.570600571658893, 0.0 ], [ 106.670389999698898, -6.570690000243165, 0.0 ], [ 106.670440000206014, -6.57081000038108, 0.0 ], [ 106.670679999582461, -6.571290000033283, 0.0 ], [ 106.670730000089662, -6.57145999977903, 0.0 ], [ 106.670649999997693, -6.571729999639633, 0.0 ], [ 106.670480000251956, -6.572250000237148, 0.0 ], [ 106.670449999767897, -6.572460000028837, 0.0 ], [ 106.670469999790868, -6.572589999728553, 0.0 ], [ 106.670649999997693, -6.572930000119239, 0.0 ], [ 106.67069377180033, -6.572989689022748, 0.0 ], [ 106.670759999674445, -6.573079999842015, 0.0 ], [ 106.670777676748557, -6.573092766617741, 0.0 ], [ 106.67093999988127, -6.573210000441012, 0.0 ], [ 106.671019999973154, -6.573240000025784, 0.0 ], [ 106.670999999950183, -6.573300000094786, 0.0 ], [ 106.671010000411357, -6.573610000001331, 0.0 ], [ 106.671249999787818, -6.573830000254102, 0.0 ], [ 106.671539999671481, -6.573999999999849, 0.0 ], [ 106.671599999740394, -6.574049999607592, 0.0 ], [ 106.671639999786336, -6.574289999883423, 0.0 ], [ 106.671659999809307, -6.574389999998367, 0.0 ], [ 106.671710000316409, -6.574490000113222, 0.0 ], [ 106.671710000316409, -6.57463999983591, 0.0 ], [ 106.671659999809307, -6.574789999558686, 0.0 ], [ 106.671530000109584, -6.575060000318658, 0.0 ], [ 106.671470000040671, -6.575199999580175, 0.0 ], [ 106.67136999992573, -6.57529999969503, 0.0 ], [ 106.671169999695934, -6.57572999973949, 0.0 ], [ 106.671019999973154, -6.575959999554151, 0.0 ], [ 106.67093999988127, -6.576099999715037, 0.0 ], [ 106.67087000025046, -6.575990000038292, 0.0 ], [ 106.670500000274927, -6.575869999900377, 0.0 ], [ 106.67001000016154, -6.57572999973949, 0.0 ], [ 106.669680000232034, -6.575660000108776, 0.0 ], [ 106.669540000071052, -6.575629999624635, 0.0 ], [ 106.669459999979168, -6.575600000039774, 0.0 ], [ 106.66913999961146, -6.575530000408971, 0.0 ], [ 106.669000000349939, -6.575479999901948, 0.0 ], [ 106.668740708716882, -6.575417916103756, 0.0 ], [ 106.668289999983699, -6.5753100001562, 0.0 ], [ 106.668120000237963, -6.575259999649088, 0.0 ], [ 106.668149999822816, -6.575020000272627, 0.0 ], [ 106.667870000400413, -6.574710000366082, 0.0 ], [ 106.66779190777045, -6.574666072980708, 0.0 ], [ 106.667550000032605, -6.574530000159164, 0.0 ], [ 106.667039999896275, -6.574369999975396, 0.0 ], [ 106.666669999920714, -6.574249999837392, 0.0 ], [ 106.666371100346211, -6.574150366645917, 0.0 ], [ 106.666082943173507, -6.574054313655466, 0.0 ], [ 106.665979999577459, -6.57402000002282, 0.0 ], [ 106.665729999739909, -6.574320000367564, 0.0 ], [ 106.665625583953769, -6.574389609692535, 0.0 ], [ 106.665580000017144, -6.574419999583139, 0.0 ], [ 106.665439999856261, -6.57445000006728, 0.0 ], [ 106.665319999718434, -6.57445000006728, 0.0 ], [ 106.665179999557452, -6.574419999583139, 0.0 ], [ 106.665270000110596, -6.574249999837392, 0.0 ], [ 106.665330000179509, -6.574140000160735, 0.0 ], [ 106.665330000179509, -6.574080000091822, 0.0 ], [ 106.665270000110596, -6.573799999770049, 0.0 ], [ 106.665190000018626, -6.573520000347557, 0.0 ], [ 106.665179999557452, -6.573329999679558, 0.0 ], [ 106.665230000064653, -6.57315000037201, 0.0 ], [ 106.665359999764377, -6.572859999589156, 0.0 ], [ 106.665379999787348, -6.572769999935382, 0.0 ], [ 106.66544284890854, -6.572581452571793, 0.0 ], [ 106.665490000363363, -6.572440000005866, 0.0 ], [ 106.665580000017144, -6.572250000237148, 0.0 ], [ 106.665709999716938, -6.57207999959212, 0.0 ], [ 106.66578000024694, -6.572020000422487, 0.0 ], [ 106.665510000386433, -6.571639999985859, 0.0 ], [ 106.66508999990377, -6.571260000448511, 0.0 ], [ 106.664655513141639, -6.570999307671723, 0.0 ], [ 106.664582650069448, -6.570955589828422, 0.0 ], [ 106.664439999606444, -6.570869999550624, 0.0 ], [ 106.664211582598654, -6.570761230146474, 0.0 ], [ 106.664020000023157, -6.570670000220193, 0.0 ], [ 106.663360000164033, -6.570490000013276, 0.0 ], [ 106.663420000232946, -6.569899999784958, 0.0 ], [ 106.663529999909784, -6.569440000155726, 0.0 ], [ 106.663540191926444, -6.569348269307032, 0.0 ], [ 106.663569999955726, -6.569079999742069, 0.0 ], [ 106.663699999655449, -6.568749999812464, 0.0 ], [ 106.663795192893986, -6.568533650807176, 0.0 ], [ 106.663810000231464, -6.568499999974833, 0.0 ], [ 106.663879999862274, -6.568259999699091, 0.0 ], [ 106.663919999908217, -6.567740000000768, 0.0 ], [ 106.663930842134889, -6.567561111356071, 0.0 ], [ 106.663939999931273, -6.567410000071252, 0.0 ], [ 106.664020000023157, -6.567189999818481, 0.0 ], [ 106.664120000138098, -6.566980000026792, 0.0 ], [ 106.664103616289069, -6.566627737380006, 0.0 ], [ 106.664100000115042, -6.566549999982332, 0.0 ], [ 106.664180000207011, -6.566150000422013, 0.0 ], [ 106.664182040768779, -6.566130613736689, 0.0 ], [ 106.664200000229982, -6.565959999754014, 0.0 ], [ 106.664180000207011, -6.565629999824498, 0.0 ], [ 106.66422999981485, -6.565390000448037, 0.0 ], [ 106.66424000027601, -6.565290000333093, 0.0 ], [ 106.664200000229982, -6.565219999803009, 0.0 ], [ 106.664069999630982, -6.564929999919435, 0.0 ], [ 106.664020000023157, -6.564410000221201, 0.0 ], [ 106.663946585666608, -6.564070462081997, 0.0 ], [ 106.663939999931273, -6.564040000245654, 0.0 ], [ 106.663919999908217, -6.563980000176652, 0.0 ], [ 106.663850000277506, -6.563799999969913, 0.0 ], [ 106.663766794102486, -6.563704906556058, 0.0 ], [ 106.663429999794843, -6.563320000317621, 0.0 ], [ 106.663260000049178, -6.563169999695564, 0.0 ], [ 106.662890000073631, -6.562770000135245, 0.0 ], [ 106.662760000373922, -6.562690000043272, 0.0 ], [ 106.662680000281938, -6.562620000412558, 0.0 ], [ 106.662629999774836, -6.562469999790501, 0.0 ], [ 106.662589999728894, -6.562320000067814, 0.0 ], [ 106.662469999590968, -6.562159999883956, 0.0 ], [ 106.662319999868288, -6.56199999970001, 0.0 ], [ 106.662239999776318, -6.561959999654068, 0.0 ], [ 106.662119999638406, -6.561990000138209, 0.0 ], [ 106.662050000007682, -6.561749999862467, 0.0 ], [ 106.6618499997778, -6.561489999563666, 0.0 ], [ 106.661700000055106, -6.561350000302149, 0.0 ], [ 106.661519999848281, -6.56115000007226, 0.0 ], [ 106.661180000356964, -6.560749999612661, 0.0 ], [ 106.66100000015004, -6.560470000190168, 0.0 ], [ 106.660960000104097, -6.560310000006311, 0.0 ], [ 106.660937313806201, -6.560249505310214, 0.0 ], [ 106.660900000035184, -6.560149999822542, 0.0 ], [ 106.660599999690447, -6.55987000040005, 0.0 ], [ 106.660420000382899, -6.559630000124219, 0.0 ], [ 106.660269999760843, -6.559530000009275, 0.0 ], [ 106.660169999645902, -6.559469999940362, 0.0 ], [ 106.660019999923207, -6.559389999848477, 0.0 ], [ 106.65987999976241, -6.559209999641649, 0.0 ], [ 106.659739999601442, -6.559050000357072, 0.0 ], [ 106.659380000087054, -6.558680000381614, 0.0 ], [ 106.658990000088551, -6.558199999829952, 0.0 ], [ 106.658740000251001, -6.557689999693608, 0.0 ], [ 106.658580000067147, -6.557359999764003, 0.0 ], [ 106.658259999699425, -6.556849999627659, 0.0 ], [ 106.657889999723878, -6.556380000436448, 0.0 ], [ 106.657809999631993, -6.556180000206648, 0.0 ], [ 106.657690000393359, -6.555469999840415, 0.0 ], [ 106.657735738113999, -6.555464282850245, 0.0 ], [ 106.657769999585966, -6.555460000278615, 0.0 ], [ 106.658529999560031, -6.555360000163759, 0.0 ], [ 106.65897000006558, -6.555409999771502, 0.0 ], [ 106.659309999557067, -6.555460000278615, 0.0 ], [ 106.659449999717864, -6.555460000278615, 0.0 ], [ 106.659500000225066, -6.555420000232672, 0.0 ], [ 106.659529999809834, -6.555240000025844, 0.0 ], [ 106.659543394312408, -6.555065881385094, 0.0 ], [ 106.659549999832805, -6.554979999727042, 0.0 ], [ 106.659589999878747, -6.554850000027326, 0.0 ], [ 106.659750000062616, -6.554809999981295, 0.0 ], [ 106.659781002391497, -6.554788202213615, 0.0 ], [ 106.660389999898754, -6.554359999913952, 0.0 ], [ 106.660819999943214, -6.553920000307603, 0.0 ], [ 106.660949999642938, -6.553729999639604, 0.0 ], [ 106.661029999734907, -6.553539999870974, 0.0 ], [ 106.661129999849763, -6.553140000310567, 0.0 ], [ 106.661379999687398, -6.552659999759083, 0.0 ], [ 106.66163000042431, -6.55234000029056, 0.0 ], [ 106.661800000170047, -6.552189999668592, 0.0 ], [ 106.661900000285002, -6.552109999576619, 0.0 ], [ 106.662009999961654, -6.552010000361044, 0.0 ], [ 106.662247420082551, -6.551581111878626, 0.0 ], [ 106.662319999868288, -6.551449999717498, 0.0 ], [ 106.662629999774836, -6.550900000434492, 0.0 ], [ 106.662689999843835, -6.550789999858466, 0.0 ], [ 106.662809999981661, -6.550700000204692, 0.0 ], [ 106.662930000119573, -6.550660000158661, 0.0 ], [ 106.663050000257499, -6.550669999720551, 0.0 ], [ 106.663113997812928, -6.550699537053841, 0.0 ], [ 106.663309999656917, -6.550789999858466, 0.0 ], [ 106.66339213833669, -6.550822854790752, 0.0 ], [ 106.663409999771872, -6.550829999904408, 0.0 ], [ 106.663549999932755, -6.550780000296665, 0.0 ], [ 106.66365000004761, -6.550749999812435, 0.0 ], [ 106.663879999862274, -6.550829999904408, 0.0 ], [ 106.664129999699895, -6.550919999558182, 0.0 ], [ 106.664389999998704, -6.550979999627184, 0.0 ], [ 106.664499999675357, -6.550900000434492, 0.0 ], [ 106.664670000320385, -6.550809999881437, 0.0 ], [ 106.664779999997137, -6.550780000296665, 0.0 ], [ 106.664860000089107, -6.550800000319636, 0.0 ], [ 106.664900000135049, -6.550880000411521, 0.0 ], [ 106.664929999719902, -6.551010000111237, 0.0 ], [ 106.665000000249989, -6.55109000020321, 0.0 ], [ 106.665109999926742, -6.551119999787982, 0.0 ], [ 106.66521999960348, -6.551110000226181, 0.0 ], [ 106.66535000020248, -6.551019999673127, 0.0 ], [ 106.66543000029445, -6.550919999558182, 0.0 ], [ 106.665450000317421, -6.550760000273605, 0.0 ], [ 106.665510000386433, -6.55064000013569, 0.0 ], [ 106.665510000386433, -6.550120000437545, 0.0 ], [ 106.665499999925174, -6.549960000253598, 0.0 ], [ 106.665689999693882, -6.549940000230627, 0.0 ], [ 106.665689999693882, -6.55000999986143, 0.0 ], [ 106.665709999716938, -6.550100000414574, 0.0 ], [ 106.665740000200998, -6.550210000091319, 0.0 ], [ 106.665769999785851, -6.550299999745093, 0.0 ], [ 106.665800000269996, -6.550390000298147, 0.0 ], [ 106.665840000315939, -6.550490000413092, 0.0 ], [ 106.665880000361881, -6.550589999628667, 0.0 ], [ 106.665920000407908, -6.550680000181721, 0.0 ], [ 106.665959999554488, -6.550760000273605, 0.0 ], [ 106.666010000061689, -6.55086000038855, 0.0 ], [ 106.666050000107631, -6.550919999558182, 0.0 ], [ 106.6660799996924, -6.550990000088266, 0.0 ], [ 106.666130000199516, -6.55107999974204, 0.0 ], [ 106.666179999807255, -6.551139999810953, 0.0 ], [ 106.666219999853297, -6.551199999879955, 0.0 ], [ 106.666270000360399, -6.551250000387068, 0.0 ], [ 106.666330000429312, -6.551320000017782, 0.0 ], [ 106.666380000037151, -6.551400000109755, 0.0 ], [ 106.666440000106064, -6.551500000224699, 0.0 ], [ 106.666469999690918, -6.551569999855502, 0.0 ], [ 106.666500000175063, -6.551649999947387, 0.0 ], [ 106.666540000221005, -6.551770000085302, 0.0 ], [ 106.666554188824904, -6.551801925118586, 0.0 ], [ 106.666580000266947, -6.551859999738987, 0.0 ], [ 106.666609999851801, -6.55193999983096, 0.0 ], [ 106.666649999897743, -6.552010000361044, 0.0 ], [ 106.666689999943785, -6.552100000014818, 0.0 ], [ 106.666779999597466, -6.55216000008382, 0.0 ], [ 106.666890000173581, -6.552189999668592, 0.0 ], [ 106.667010000311407, -6.552209999691563, 0.0 ], [ 106.667099999965188, -6.552229999714534, 0.0 ], [ 106.667189999618955, -6.552260000198675, 0.0 ], [ 106.667260000149042, -6.55234000029056, 0.0 ], [ 106.667320000218041, -6.552389999898391, 0.0 ], [ 106.66736999982578, -6.552479999552165, 0.0 ], [ 106.667440000355867, -6.552559999644139, 0.0 ], [ 106.667489999963692, -6.552610000151251, 0.0 ], [ 106.667550000032605, -6.552650000197193, 0.0 ], [ 106.667619999663415, -6.552679999782054, 0.0 ], [ 106.667699999755385, -6.552690000243135, 0.0 ], [ 106.66779999987024, -6.552679999782054, 0.0 ], [ 106.667870000400413, -6.552679999782054, 0.0 ], [ 106.667940000031138, -6.552670000220164, 0.0 ], [ 106.668040000146078, -6.552679999782054, 0.0 ], [ 106.668120000237963, -6.552710000266107, 0.0 ], [ 106.668134134882621, -6.55271530087024, 0.0 ], [ 106.668200000329932, -6.552739999850967, 0.0 ], [ 106.668203637188299, -6.552746364353048, 0.0 ], [ 106.668240000375874, -6.552810000381051, 0.0 ], [ 106.668280000421902, -6.552920000057796, 0.0 ], [ 106.66831000000667, -6.55300999971157, 0.0 ], [ 106.668289999983699, -6.553089999803454, 0.0 ], [ 106.668269999960728, -6.553169999895427, 0.0 ], [ 106.668249999937672, -6.553260000448482, 0.0 ], [ 106.668229999914701, -6.553339999641086, 0.0 ], [ 106.668200000329932, -6.553410000171169, 0.0 ], [ 106.668149999822816, -6.553470000240171, 0.0 ], [ 106.668120000237963, -6.553539999870974, 0.0 ], [ 106.66808000019202, -6.553599999939888, 0.0 ], [ 106.668000000100136, -6.553680000031861, 0.0 ], [ 106.667929999569964, -6.553780000146716, 0.0 ], [ 106.667870000400413, -6.553840000215718, 0.0 ], [ 106.667819999893212, -6.553900000284631, 0.0 ], [ 106.667779999847269, -6.553960000353545, 0.0 ], [ 106.66773000023953, -6.554040000445518, 0.0 ], [ 106.667690000193588, -6.554139999661093, 0.0 ], [ 106.667679999732414, -6.554239999776037, 0.0 ], [ 106.66773000023953, -6.554319999867921, 0.0 ], [ 106.667790000308443, -6.554339999890981, 0.0 ], [ 106.667879999962224, -6.554370000375034, 0.0 ], [ 106.667980000077165, -6.554410000420976, 0.0 ], [ 106.668060000169049, -6.554440000005837, 0.0 ], [ 106.668109999776874, -6.554480000051779, 0.0 ], [ 106.668169999845787, -6.554529999659611, 0.0 ], [ 106.668200000329932, -6.554580000166723, 0.0 ], [ 106.668240000375874, -6.554660000258608, 0.0 ], [ 106.668289999983699, -6.554749999912381, 0.0 ], [ 106.668330000029641, -6.554839999566155, 0.0 ], [ 106.668350000052612, -6.554910000096239, 0.0 ], [ 106.668370000075683, -6.554979999727042, 0.0 ], [ 106.668390000098654, -6.555059999819015, 0.0 ], [ 106.668410000121625, -6.555130000349099, 0.0 ], [ 106.668419999683422, -6.555190000418012, 0.0 ], [ 106.668430000144596, -6.555280000071786, 0.0 ], [ 106.668430000144596, -6.55538000018673, 0.0 ], [ 106.668439999706393, -6.555449999817444, 0.0 ], [ 106.668430000144596, -6.55556999995536, 0.0 ], [ 106.668419999683422, -6.555650000047333, 0.0 ], [ 106.668410000121625, -6.555730000139217, 0.0 ], [ 106.66837999963748, -6.555830000254161, 0.0 ], [ 106.668370000075683, -6.555919999907935, 0.0 ], [ 106.668339999591453, -6.555990000438019, 0.0 ], [ 106.66831000000667, -6.556040000045851, 0.0 ], [ 106.668249999937672, -6.556109999676565, 0.0 ], [ 106.668200000329932, -6.556169999745478, 0.0 ], [ 106.668140000260934, -6.55622999981448, 0.0 ], [ 106.668069999730932, -6.556309999906453, 0.0 ], [ 106.668020000123107, -6.556380000436448, 0.0 ], [ 106.667980000077165, -6.55643999960617, 0.0 ], [ 106.667989999638962, -6.556510000136253, 0.0 ], [ 106.668049999707875, -6.556610000251197, 0.0 ], [ 106.668109999776874, -6.556670000320111, 0.0 ], [ 106.668140000260934, -6.556739999950914, 0.0 ], [ 106.668200000329932, -6.556800000019827, 0.0 ], [ 106.668260000398845, -6.556849999627659, 0.0 ], [ 106.668319999568482, -6.556900000134771, 0.0 ], [ 106.668370000075683, -6.556960000203684, 0.0 ], [ 106.668419999683422, -6.557020000272686, 0.0 ], [ 106.668470000190538, -6.557069999880429, 0.0 ], [ 106.668499999775307, -6.557129999949343, 0.0 ], [ 106.668539999821249, -6.557199999580146, 0.0 ], [ 106.668570000305479, -6.557270000110229, 0.0 ], [ 106.668599999890247, -6.557339999741032, 0.0 ], [ 106.668619999913219, -6.557430000294087, 0.0 ], [ 106.668650000397363, -6.557530000409031, 0.0 ], [ 106.668679999982231, -6.557609999601635, 0.0 ], [ 106.668682452433444, -6.557627161364223, 0.0 ], [ 106.668690000443306, -6.557680000131807, 0.0 ], [ 106.668720000028173, -6.557760000223691, 0.0 ], [ 106.668729999589971, -6.557829999854405, 0.0 ], [ 106.668749999612942, -6.557920000407549, 0.0 ], [ 106.668769999635998, -6.558010000061323, 0.0 ], [ 106.668787427597834, -6.558070999277046, 0.0 ], [ 106.668789999658969, -6.558079999692126, 0.0 ], [ 106.668800000120058, -6.558170000245092, 0.0 ], [ 106.668789999658969, -6.558270000360125, 0.0 ], [ 106.668749999612942, -6.558369999575611, 0.0 ], [ 106.668690000443306, -6.558449999667584, 0.0 ], [ 106.66863999993619, -6.558520000197667, 0.0 ], [ 106.668599999890247, -6.558580000266669, 0.0 ], [ 106.668550000282423, -6.558640000335583, 0.0 ], [ 106.668499999775307, -6.558700000404585, 0.0 ], [ 106.668430000144596, -6.558779999597188, 0.0 ], [ 106.66837999963748, -6.558850000127183, 0.0 ], [ 106.668339999591453, -6.558930000219156, 0.0 ], [ 106.668319999568482, -6.55901999987293, 0.0 ], [ 106.668319999568482, -6.559099999964904, 0.0 ], [ 106.668359999614424, -6.559189999618678, 0.0 ], [ 106.668419999683422, -6.559280000171732, 0.0 ], [ 106.668479999752336, -6.559349999802446, 0.0 ], [ 106.668530000259452, -6.559420000332619, 0.0 ], [ 106.668599999890247, -6.559489999963333, 0.0 ], [ 106.668630000374392, -6.559550000032246, 0.0 ], [ 106.668679999982231, -6.559599999640078, 0.0 ], [ 106.668729999589971, -6.55967000017025, 0.0 ], [ 106.668780000097087, -6.559730000239163, 0.0 ], [ 106.668829999704911, -6.559790000308077, 0.0 ], [ 106.668889999773825, -6.559850000377079, 0.0 ], [ 106.668929999819767, -6.559910000445992, 0.0 ], [ 106.668969999865794, -6.559960000053824, 0.0 ], [ 106.66902000037291, -6.560040000145708, 0.0 ], [ 106.669090000003706, -6.560109999776511, 0.0 ], [ 106.669130000049648, -6.560180000306595, 0.0 ], [ 106.669159999634516, -6.560229999914426, 0.0 ], [ 106.669190000118562, -6.56030000044451, 0.0 ], [ 106.669205317371635, -6.560368925385465, 0.0 ], [ 106.669210000141533, -6.560390000098284, 0.0 ], [ 106.669199999680458, -6.560470000190168, 0.0 ], [ 106.669190000118562, -6.560559999843942, 0.0 ], [ 106.669179999657487, -6.560639999935916, 0.0 ], [ 106.669179999657487, -6.56070999956663, 0.0 ], [ 106.669179999657487, -6.560780000096802, 0.0 ], [ 106.669159999634516, -6.560849999727605, 0.0 ], [ 106.669150000072619, -6.5609200002576, 0.0 ], [ 106.66913999961146, -6.561000000349573, 0.0 ], [ 106.669130000049648, -6.561069999980376, 0.0 ], [ 106.669119999588489, -6.56115000007226, 0.0 ], [ 106.669110000026677, -6.561230000164233, 0.0 ], [ 106.669099999565518, -6.561299999794947, 0.0 ], [ 106.669090000003706, -6.56137999988692, 0.0 ], [ 106.669080000441824, -6.561489999563666, 0.0 ], [ 106.669080000441824, -6.561609999701581, 0.0 ], [ 106.669080000441824, -6.561689999793465, 0.0 ], [ 106.669080000441824, -6.561760000323638, 0.0 ], [ 106.669090000003706, -6.561860000438493, 0.0 ], [ 106.669110000026677, -6.561950000092267, 0.0 ], [ 106.669130000049648, -6.56201000016118, 0.0 ], [ 106.669159999634516, -6.562119999838014, 0.0 ], [ 106.669210000141533, -6.56221999995287, 0.0 ], [ 106.669250000187574, -6.562289999583673, 0.0 ], [ 106.669290000233516, -6.562349999652586, 0.0 ], [ 106.669330000279459, -6.562409999721499, 0.0 ], [ 106.669379999887283, -6.562489999813472, 0.0 ], [ 106.669439999956197, -6.562560000343556, 0.0 ], [ 106.669489999564036, -6.562609999951388, 0.0 ], [ 106.669540000071052, -6.562659999559131, 0.0 ], [ 106.669600000140065, -6.562719999628133, 0.0 ], [ 106.66964999974789, -6.562759999674075, 0.0 ], [ 106.669654444197405, -6.562763554694087, 0.0 ], [ 106.669700000255006, -6.562799999720017, 0.0 ], [ 106.66974999986283, -6.562830000204158, 0.0 ], [ 106.669800000369861, -6.562870000250101, 0.0 ], [ 106.66986000043886, -6.562899999834961, 0.0 ], [ 106.669910000046599, -6.562950000342074, 0.0 ], [ 106.669979999677409, -6.562990000388016, 0.0 ], [ 106.670039999746407, -6.563039999995848, 0.0 ], [ 106.670090000253523, -6.563109999626651, 0.0 ], [ 106.670098358552551, -6.563132290222864, 0.0 ], [ 106.670119999838292, -6.563189999718535, 0.0 ], [ 106.670119999838292, -6.563269999810508, 0.0 ], [ 106.670099999815321, -6.563329999879421, 0.0 ], [ 106.67007999979235, -6.563400000409594, 0.0 ], [ 106.670059999769379, -6.563459999579138, 0.0 ], [ 106.670019999723351, -6.563570000155252, 0.0 ], [ 106.669959999654438, -6.563679999831908, 0.0 ], [ 106.669919999608496, -6.563759999923882, 0.0 ], [ 106.669849999977686, -6.563829999554684, 0.0 ], [ 106.669789999908772, -6.563889999623598, 0.0 ], [ 106.669720000277977, -6.56394000013071, 0.0 ], [ 106.669629999724833, -6.564009999761513, 0.0 ], [ 106.669540000071052, -6.564060000268626, 0.0 ], [ 106.669439999956197, -6.564120000337628, 0.0 ], [ 106.669370000325486, -6.56416000038357, 0.0 ], [ 106.669299999795314, -6.564209999991402, 0.0 ], [ 106.669250000187574, -6.564259999599145, 0.0 ], [ 106.669190000118562, -6.564310000106257, 0.0 ], [ 106.669159999634516, -6.56439000019823, 0.0 ], [ 106.669130000049648, -6.564459999828944, 0.0 ], [ 106.669111436243966, -6.564515691246022, 0.0 ], [ 106.669110000026677, -6.564519999897946, 0.0 ], [ 106.669110000026677, -6.564599999989831, 0.0 ], [ 106.669110000026677, -6.564698062965082, 0.0 ], [ 106.669110000026677, -6.564709999666576, 0.0 ], [ 106.669130000049648, -6.564789999758549, 0.0 ], [ 106.669150000072619, -6.564860000288633, 0.0 ], [ 106.669179999657487, -6.564920000357546, 0.0 ], [ 106.669199999680458, -6.565000000449519, 0.0 ], [ 106.669219069804427, -6.565042908003651, 0.0 ], [ 106.6692399997264, -6.565090000103293, 0.0 ], [ 106.669290000233516, -6.565199999780038, 0.0 ], [ 106.669330000279459, -6.565279999871922, 0.0 ], [ 106.669359999864312, -6.565330000379035, 0.0 ], [ 106.669390000348457, -6.565390000448037, 0.0 ], [ 106.669419999933226, -6.565449999617581, 0.0 ], [ 106.669480000002139, -6.565540000170724, 0.0 ], [ 106.669520000048081, -6.565629999824498, 0.0 ], [ 106.669560000094123, -6.565689999893412, 0.0 ], [ 106.669589999678891, -6.565749999962325, 0.0 ], [ 106.669629999724833, -6.565839999616099, 0.0 ], [ 106.669669999770861, -6.565930000169242, 0.0 ], [ 106.669700000255006, -6.566010000261127, 0.0 ], [ 106.669720000277977, -6.566079999891929, 0.0 ], [ 106.669740000300948, -6.566180000006874, 0.0 ], [ 106.66974999986283, -6.566269999660648, 0.0 ], [ 106.66974999986283, -6.566349999752532, 0.0 ], [ 106.66974999986283, -6.566409999821445, 0.0 ], [ 106.66974999986283, -6.56650999993639, 0.0 ], [ 106.669729999839774, -6.566590000028363, 0.0 ], [ 106.669669999770861, -6.566610000051334, 0.0 ], [ 106.669600000140065, -6.566590000028363, 0.0 ], [ 106.669549999632949, -6.566549999982332, 0.0 ], [ 106.66950000002511, -6.56652000039756, 0.0 ], [ 106.66945000041737, -6.566480000351618, 0.0 ], [ 106.669390000348457, -6.566440000305587, 0.0 ], [ 106.669330000279459, -6.566380000236673, 0.0 ], [ 106.669250000187574, -6.566329999729561, 0.0 ], [ 106.669190000118562, -6.566269999660648, 0.0 ], [ 106.669110000026677, -6.566220000052816, 0.0 ], [ 106.669040000395881, -6.566180000006874, 0.0 ], [ 106.668949999842738, -6.566130000399042, 0.0 ], [ 106.668869999750854, -6.566110000376071, 0.0 ], [ 106.668800000120058, -6.5660900003531, 0.0 ], [ 106.668729999589971, -6.566079999891929, 0.0 ], [ 106.66865999995926, -6.566070000330129, 0.0 ], [ 106.668579999867276, -6.56605999986887, 0.0 ], [ 106.668519999798278, -6.566070000330129, 0.0 ], [ 106.668430000144596, -6.566070000330129, 0.0 ], [ 106.668370000075683, -6.566079999891929, 0.0 ], [ 106.668289999983699, -6.5660900003531, 0.0 ], [ 106.668223683975995, -6.566108947269935, 0.0 ], [ 106.668220000352903, -6.566110000376071, 0.0 ], [ 106.668120000237963, -6.566130000399042, 0.0 ], [ 106.668000000100136, -6.566159999983814, 0.0 ], [ 106.667929999569964, -6.566170000444984, 0.0 ], [ 106.667839999916183, -6.566200000029845, 0.0 ], [ 106.667770000285472, -6.566220000052816, 0.0 ], [ 106.667699999755385, -6.566249999637588, 0.0 ], [ 106.667630000124589, -6.566280000121729, 0.0 ], [ 106.667539999571531, -6.566320000167671, 0.0 ], [ 106.667469999940721, -6.566360000213702, 0.0 ], [ 106.667409999871808, -6.566389999798474, 0.0 ], [ 106.66736999982578, -6.566449999867388, 0.0 ], [ 106.66736999982578, -6.56652000039756, 0.0 ], [ 106.667400000309925, -6.566590000028363, 0.0 ], [ 106.667440000355867, -6.566639999636106, 0.0 ], [ 106.667480000401895, -6.566710000166189, 0.0 ], [ 106.667520000447837, -6.566759999774021, 0.0 ], [ 106.667559999594502, -6.566819999842934, 0.0 ], [ 106.667619999663415, -6.566910000396078, 0.0 ], [ 106.667690000193588, -6.567000000049763, 0.0 ], [ 106.667750000262501, -6.567080000141736, 0.0 ], [ 106.667763040432163, -6.567096300353761, 0.0 ], [ 106.667790000308443, -6.567129999749479, 0.0 ], [ 106.667830000354385, -6.567189999818481, 0.0 ], [ 106.667879999962224, -6.567240000325594, 0.0 ], [ 106.667920000008166, -6.567300000394507, 0.0 ], [ 106.667960000054109, -6.567350000002339, 0.0 ], [ 106.668000000100136, -6.567399999610171, 0.0 ], [ 106.668040000146078, -6.567459999679084, 0.0 ], [ 106.668089999753903, -6.567519999747997, 0.0 ], [ 106.668169999845787, -6.567630000324112, 0.0 ], [ 106.668220000352903, -6.567690000393025, 0.0 ], [ 106.668260000398845, -6.567760000023828, 0.0 ], [ 106.668289999983699, -6.567860000138772, 0.0 ], [ 106.668330000029641, -6.567960000253628, 0.0 ], [ 106.668350000052612, -6.56802999988443, 0.0 ], [ 106.668370000075683, -6.568109999976315, 0.0 ], [ 106.668390000098654, -6.56823000011423, 0.0 ], [ 106.668410000121625, -6.568310000206203, 0.0 ], [ 106.668417972611493, -6.568373783722983, 0.0 ], [ 106.668419999683422, -6.568390000298088, 0.0 ], [ 106.668430000144596, -6.56845000036709, 0.0 ], [ 106.668439999706393, -6.568519999997804, 0.0 ], [ 106.668499999775307, -6.568600000089777, 0.0 ], [ 106.668539999821249, -6.56866000015869, 0.0 ], [ 106.668599999890247, -6.568709999766522, 0.0 ], [ 106.66863999993619, -6.568780000296606, 0.0 ], [ 106.668690000443306, -6.568820000342548, 0.0 ], [ 106.668749999612942, -6.56888000041155, 0.0 ], [ 106.668768033717996, -6.568901639898641, 0.0 ], [ 106.668800000120058, -6.568939999581183, 0.0 ], [ 106.668860000189056, -6.568999999650096, 0.0 ], [ 106.668940000280941, -6.569070000180179, 0.0 ] ] ] ] } },
{ "type": "Feature", "properties": { "PROVNO": "32", "KABKOTNO": "01", "KECNO": "040", "DESANO": "012", "PROVINSI": "JAWA BARAT", "KABKOT": "BOGOR", "KECAMATAN": "CIBUNGBULANG", "ID2013": "3201040012", "DESA": "GIRIMULYA", "DESA_1": "GIRIMULYA", "ID2012": "3201040012", "IDKAB2": "3201", "IDKEC_2": "3201040", "WILAYAH": "BARAT" }, "geometry": { "type": "MultiPolygon", "coordinates": [ [ [ [ 106.685509999986692, -6.563699999854968, 0.0 ], [ 106.68553999957156, -6.563790000408023, 0.0 ], [ 106.68550000042481, -6.564009999761513, 0.0 ], [ 106.68538999984878, -6.56439000019823, 0.0 ], [ 106.685260000149071, -6.564700000104775, 0.0 ], [ 106.6852400001261, -6.56480999978152, 0.0 ], [ 106.685269999710869, -6.564940000380517, 0.0 ], [ 106.68528999973384, -6.565079999642123, 0.0 ], [ 106.685300000195014, -6.565199999780038, 0.0 ], [ 106.685169999596013, -6.565390000448037, 0.0 ], [ 106.685019999873234, -6.565529999709554, 0.0 ], [ 106.684839999666409, -6.565620000262609, 0.0 ], [ 106.684729999989656, -6.565700000354582, 0.0 ], [ 106.684629999874716, -6.56587999966213, 0.0 ], [ 106.684480000152035, -6.566150000422013, 0.0 ], [ 106.684400000060151, -6.566220000052816, 0.0 ], [ 106.684290000383399, -6.566220000052816, 0.0 ], [ 106.684130000199545, -6.566200000029845, 0.0 ], [ 106.684010000061633, -6.566240000075787, 0.0 ], [ 106.683849999877765, -6.566269999660648, 0.0 ], [ 106.683709999716882, -6.566229999614617, 0.0 ], [ 106.683472395235015, -6.566167471551445, 0.0 ], [ 106.683330000179538, -6.566130000399042, 0.0 ], [ 106.683190000018655, -6.566150000422013, 0.0 ], [ 106.683120000387845, -6.566200000029845, 0.0 ], [ 106.683080000341903, -6.566280000121729, 0.0 ], [ 106.683042835858416, -6.566379105411215, 0.0 ], [ 106.68302000027299, -6.566440000305587, 0.0 ], [ 106.682929999719846, -6.56652000039756, 0.0 ], [ 106.682869999650933, -6.566619999613135, 0.0 ], [ 106.682730000389327, -6.566770000235191, 0.0 ], [ 106.682519999698357, -6.566879999911936, 0.0 ], [ 106.682399999560531, -6.56693999998085, 0.0 ], [ 106.682109999676953, -6.567009999611653, 0.0 ], [ 106.681959999954188, -6.567069999680566, 0.0 ], [ 106.681850000277436, -6.56716999979551, 0.0 ], [ 106.681828223194103, -6.567207331552929, 0.0 ], [ 106.681779999747363, -6.567289999933426, 0.0 ], [ 106.681789037034633, -6.567389402898485, 0.0 ], [ 106.681790000208522, -6.567399999610171, 0.0 ], [ 106.681819999793305, -6.567699999954826, 0.0 ], [ 106.681750000162495, -6.567909999746515, 0.0 ], [ 106.681619999563495, -6.568100000414514, 0.0 ], [ 106.681500000324945, -6.568310000206203, 0.0 ], [ 106.681420000232976, -6.568560000043835, 0.0 ], [ 106.681309999656946, -6.568649999697609, 0.0 ], [ 106.681099999865268, -6.568840000365608, 0.0 ], [ 106.680839999566459, -6.56909000020315, 0.0 ], [ 106.680700000304938, -6.569130000249181, 0.0 ], [ 106.680549999682881, -6.569130000249181, 0.0 ], [ 106.680339999891288, -6.569070000180179, 0.0 ], [ 106.680327001090404, -6.569084038597364, 0.0 ], [ 106.680090000053568, -6.569340000040782, 0.0 ], [ 106.679940000330973, -6.569759999624161, 0.0 ], [ 106.680090000053568, -6.570490000013276, 0.0 ], [ 106.680499021612675, -6.571589816017056, 0.0 ], [ 106.680540000121084, -6.571700000054861, 0.0 ], [ 106.680760000373851, -6.572210000191205, 0.0 ], [ 106.68086077030847, -6.572543316820436, 0.0 ], [ 106.68089000007366, -6.572640000235666, 0.0 ], [ 106.680919999658443, -6.572789999958353, 0.0 ], [ 106.68075256208121, -6.572799577738166, 0.0 ], [ 106.68072761308909, -6.572802755942266, 0.0 ], [ 106.680445127940487, -6.572838739615996, 0.0 ], [ 106.68031005156783, -6.572981889202669, 0.0 ], [ 106.6803007561751, -6.572991741275693, 0.0 ], [ 106.680283972127796, -6.573023770630328, 0.0 ], [ 106.680159317998289, -6.573261662895238, 0.0 ], [ 106.679992721287277, -6.573262222273559, 0.0 ], [ 106.679752623884696, -6.573263028066147, 0.0 ], [ 106.67961556720482, -6.57328476827729, 0.0 ], [ 106.679321740705873, -6.573331373843629, 0.0 ], [ 106.679310574723416, -6.573333144608764, 0.0 ], [ 106.678786846435926, -6.573301857194771, 0.0 ], [ 106.678785001027123, -6.573298774318772, 0.0 ], [ 106.678682043042059, -6.573126814051058, 0.0 ], [ 106.678519131752708, -6.573146035261193, 0.0 ], [ 106.678441530152625, -6.57315519125893, 0.0 ], [ 106.67843811992347, -6.573155594155224, 0.0 ], [ 106.678264918591339, -6.573254856826019, 0.0 ], [ 106.67826349226651, -6.573255675209069, 0.0 ], [ 106.678212048347518, -6.57323688117696, 0.0 ], [ 106.678049456317538, -6.573177480056493, 0.0 ], [ 106.677760853980402, -6.573111013862079, 0.0 ], [ 106.677469584254112, -6.573104815734467, 0.0 ], [ 106.677438965036373, -6.573365264795008, 0.0 ], [ 106.677427977119663, -6.573458733133855, 0.0 ], [ 106.67742773610135, -6.57346077999085, 0.0 ], [ 106.677457541432517, -6.573792112715662, 0.0 ], [ 106.677367861937498, -6.574003324793445, 0.0 ], [ 106.677398023400244, -6.574440828781061, 0.0 ], [ 106.677261248208183, -6.574726807795841, 0.0 ], [ 106.677239005276064, -6.574939227663048, 0.0 ], [ 106.677217786671676, -6.575029689568304, 0.0 ], [ 106.677215690352028, -6.57505155658388, 0.0 ], [ 106.677200495406723, -6.575210000041256, 0.0 ], [ 106.677198379301927, -6.575232057713123, 0.0 ], [ 106.677220654609656, -6.575457242557583, 0.0 ], [ 106.677316891961169, -6.57548992032341, 0.0 ], [ 106.67737776617119, -6.575673365832948, 0.0 ], [ 106.677511827209202, -6.575781651401904, 0.0 ], [ 106.677727350636843, -6.575955734069741, 0.0 ], [ 106.677855389814582, -6.576059153407012, 0.0 ], [ 106.678052558079315, -6.576297864954341, 0.0 ], [ 106.678052749634801, -6.576298097878777, 0.0 ], [ 106.678053875586045, -6.576633828288383, 0.0 ], [ 106.678238401181474, -6.576895773820759, 0.0 ], [ 106.678310902726153, -6.577123660228548, 0.0 ], [ 106.678292703145914, -6.577184827617568, 0.0 ], [ 106.678275877729732, -6.577241373390521, 0.0 ], [ 106.678275434363954, -6.577242865365776, 0.0 ], [ 106.678342823262852, -6.577341066836553, 0.0 ], [ 106.678454215989461, -6.577503392667285, 0.0 ], [ 106.678839381232621, -6.577698664261824, 0.0 ], [ 106.678840124072636, -6.577699839675724, 0.0 ], [ 106.678951438558173, -6.577876067226587, 0.0 ], [ 106.67895332983251, -6.577879061968996, 0.0 ], [ 106.678952866681655, -6.577886377953792, 0.0 ], [ 106.6789519682589, -6.577900588141485, 0.0 ], [ 106.678972542948671, -6.578028388099479, 0.0 ], [ 106.678986314267163, -6.578113922619213, 0.0 ], [ 106.679011853214561, -6.578272553135669, 0.0 ], [ 106.679023768332428, -6.578346561044803, 0.0 ], [ 106.679025717163313, -6.578348716719731, 0.0 ], [ 106.679099956198144, -6.578430825721817, 0.0 ], [ 106.679114391216302, -6.578446791386163, 0.0 ], [ 106.679114798609262, -6.578447241946463, 0.0 ], [ 106.679101110028412, -6.578603646640815, 0.0 ], [ 106.679100416651053, -6.578611564272165, 0.0 ], [ 106.679206517766772, -6.579077894229304, 0.0 ], [ 106.679338184809552, -6.579808022322222, 0.0 ], [ 106.679338399747479, -6.579809215722534, 0.0 ], [ 106.678871953777815, -6.579877985980112, 0.0 ], [ 106.678943405813655, -6.580032064128307, 0.0 ], [ 106.679052447712451, -6.580261929044653, 0.0 ], [ 106.679084826903434, -6.580320259971852, 0.0 ], [ 106.67910002634531, -6.580347639831565, 0.0 ], [ 106.679206905374585, -6.580522817873593, 0.0 ], [ 106.679224477227976, -6.580719326935238, 0.0 ], [ 106.679279630850445, -6.580837368349748, 0.0 ], [ 106.679310842721407, -6.580867132312154, 0.0 ], [ 106.679326445958949, -6.580880562787552, 0.0 ], [ 106.67936700628249, -6.580915478066665, 0.0 ], [ 106.679373777278172, -6.580924443408112, 0.0 ], [ 106.679385757147173, -6.580940304751106, 0.0 ], [ 106.679419020371625, -6.580956348656422, 0.0 ], [ 106.679431877079679, -6.580962551280525, 0.0 ], [ 106.679453340299588, -6.58097450596852, 0.0 ], [ 106.679502945105, -6.581002135839711, 0.0 ], [ 106.679525634100926, -6.581087930263632, 0.0 ], [ 106.679509842005743, -6.581131819877442, 0.0 ], [ 106.679491110926207, -6.581183872637411, 0.0 ], [ 106.679489870761088, -6.581184270137754, 0.0 ], [ 106.679392903160107, -6.58121531473487, 0.0 ], [ 106.679382676969198, -6.581220502024401, 0.0 ], [ 106.679189268769875, -6.581318609965727, 0.0 ], [ 106.679187914390951, -6.581319297047763, 0.0 ], [ 106.679012468350862, -6.581649386909518, 0.0 ], [ 106.678993758855128, -6.581684587273742, 0.0 ], [ 106.678970797364556, -6.581691265639247, 0.0 ], [ 106.678876891955156, -6.581718580747733, 0.0 ], [ 106.678857116762643, -6.581738489939184, 0.0 ], [ 106.678850845790095, -6.581744803179959, 0.0 ], [ 106.678810477921417, -6.581780502667947, 0.0 ], [ 106.678759027707187, -6.581826003866844, 0.0 ], [ 106.678667392186597, -6.58189756382134, 0.0 ], [ 106.678576567854535, -6.581968489753844, 0.0 ], [ 106.678573338389043, -6.581991521391419, 0.0 ], [ 106.678546184259162, -6.582185134636145, 0.0 ], [ 106.678320000267988, -6.582530000359057, 0.0 ], [ 106.678273576364603, -6.58239653197418, 0.0 ], [ 106.678240000176103, -6.582299999645116, 0.0 ], [ 106.678019999923237, -6.581710000316079, 0.0 ], [ 106.677759999624442, -6.58130000029459, 0.0 ], [ 106.677409999671951, -6.581120000087761, 0.0 ], [ 106.677380000087084, -6.581030000433987, 0.0 ], [ 106.677369999626009, -6.580790000158245, 0.0 ], [ 106.677420000133026, -6.580690000043301, 0.0 ], [ 106.677580000316979, -6.580400000159727, 0.0 ], [ 106.677629999924719, -6.580250000436951, 0.0 ], [ 106.677680000431835, -6.58001999972301, 0.0 ], [ 106.677640000385892, -6.579970000115267, 0.0 ], [ 106.677480000202038, -6.579879999562213, 0.0 ], [ 106.67732000001817, -6.579840000415551, 0.0 ], [ 106.677190000318461, -6.579749999862408, 0.0 ], [ 106.677070000180549, -6.579640000185663, 0.0 ], [ 106.677079999742347, -6.579549999632608, 0.0 ], [ 106.677150000272519, -6.579399999909921, 0.0 ], [ 106.677290000433317, -6.579150000072289, 0.0 ], [ 106.677340000041141, -6.578860000188715, 0.0 ], [ 106.677335158091196, -6.578855158238852, 0.0 ], [ 106.677239999926286, -6.578760000073771, 0.0 ], [ 106.676869999950753, -6.578550000282082, 0.0 ], [ 106.676740000250945, -6.578410000121284, 0.0 ], [ 106.676689999743829, -6.578220000352566, 0.0 ], [ 106.676640000136089, -6.578160000283653, 0.0 ], [ 106.676609999651944, -6.578049999707538, 0.0 ], [ 106.676529999559975, -6.577759999823964, 0.0 ], [ 106.676359999814309, -6.577309999756533, 0.0 ], [ 106.676250000137571, -6.577189999618618, 0.0 ], [ 106.676109999976688, -6.577140000010875, 0.0 ], [ 106.676009999861733, -6.577149999572676, 0.0 ], [ 106.67584999967788, -6.577169999595647, 0.0 ], [ 106.675749999563024, -6.577119999987904, 0.0 ], [ 106.675550000232505, -6.576990000288099, 0.0 ], [ 106.675450000117564, -6.576979999826928, 0.0 ], [ 106.67530000039487, -6.576939999780986, 0.0 ], [ 106.675020000073104, -6.57681000008127, 0.0 ], [ 106.67493999998122, -6.576779999597129, 0.0 ], [ 106.674619999613498, -6.576640000335612, 0.0 ], [ 106.674549999982702, -6.576549999782557, 0.0 ], [ 106.67450999993676, -6.576420000082752, 0.0 ], [ 106.674409999821819, -6.576299999944837, 0.0 ], [ 106.674340000191009, -6.576250000337094, 0.0 ], [ 106.674260000099125, -6.576270000360065, 0.0 ], [ 106.673990000238518, -6.576349999552669, 0.0 ], [ 106.673850000077636, -6.57636999957564, 0.0 ], [ 106.673870000100607, -6.576310000406007, 0.0 ], [ 106.673850000077636, -6.576010000061263, 0.0 ], [ 106.673819999593491, -6.575820000292634, 0.0 ], [ 106.673879999662404, -6.575640000085805, 0.0 ], [ 106.673910000146549, -6.575510000386, 0.0 ], [ 106.673939999731402, -6.575379999787003, 0.0 ], [ 106.673999999800316, -6.575129999949372, 0.0 ], [ 106.6740799998922, -6.574710000366082, 0.0 ], [ 106.674070000330403, -6.574369999975396, 0.0 ], [ 106.674019999823287, -6.574249999837392, 0.0 ], [ 106.67389999968546, -6.574129999699565, 0.0 ], [ 106.673769999985666, -6.574060000068851, 0.0 ], [ 106.673665549125971, -6.574051964626317, 0.0 ], [ 106.673640000285943, -6.574049999607592, 0.0 ], [ 106.673480000102089, -6.574069999630652, 0.0 ], [ 106.67323999982635, -6.574120000137764, 0.0 ], [ 106.673159999734366, -6.574080000091822, 0.0 ], [ 106.673050000057628, -6.573970000415077, 0.0 ], [ 106.672949999942688, -6.57379000020816, 0.0 ], [ 106.672920000357919, -6.57358999997836, 0.0 ], [ 106.672869999850803, -6.57317000039507, 0.0 ], [ 106.67280999978189, -6.572959999704011, 0.0 ], [ 106.672700000105053, -6.572870000050326, 0.0 ], [ 106.672599999990197, -6.572870000050326, 0.0 ], [ 106.672499999875257, -6.57297000016527, 0.0 ], [ 106.672410000221561, -6.573119999887957, 0.0 ], [ 106.672259999599504, -6.573309999656587, 0.0 ], [ 106.672149999922766, -6.573369999725589, 0.0 ], [ 106.671980000177015, -6.57338999974856, 0.0 ], [ 106.671559999694452, -6.573380000186759, 0.0 ], [ 106.671240000226021, -6.573320000117757, 0.0 ], [ 106.671019999973154, -6.573240000025784, 0.0 ], [ 106.67093999988127, -6.573210000441012, 0.0 ], [ 106.670777676748557, -6.573092766617741, 0.0 ], [ 106.670759999674445, -6.573079999842015, 0.0 ], [ 106.67069377180033, -6.572989689022748, 0.0 ], [ 106.670649999997693, -6.572930000119239, 0.0 ], [ 106.670469999790868, -6.572589999728553, 0.0 ], [ 106.670449999767897, -6.572460000028837, 0.0 ], [ 106.670480000251956, -6.572250000237148, 0.0 ], [ 106.670649999997693, -6.571729999639633, 0.0 ], [ 106.670730000089662, -6.57145999977903, 0.0 ], [ 106.670679999582461, -6.571290000033283, 0.0 ], [ 106.670440000206014, -6.57081000038108, 0.0 ], [ 106.670389999698898, -6.570690000243165, 0.0 ], [ 106.670333362195052, -6.570600571658893, 0.0 ], [ 106.670199999930176, -6.570389999898421, 0.0 ], [ 106.670059999769379, -6.570140000060789, 0.0 ], [ 106.669889428054844, -6.569865601616112, 0.0 ], [ 106.669829999954715, -6.569770000085242, 0.0 ], [ 106.669660000209063, -6.569589999878414, 0.0 ], [ 106.669540000071052, -6.56950999978644, 0.0 ], [ 106.669330000279459, -6.569369999625643, 0.0 ], [ 106.669250000187574, -6.569320000017811, 0.0 ], [ 106.669190000118562, -6.569270000410068, 0.0 ], [ 106.669130000049648, -6.569230000364126, 0.0 ], [ 106.669060000418852, -6.569170000295124, 0.0 ], [ 106.668989999888765, -6.569110000226122, 0.0 ], [ 106.668940000280941, -6.569070000180179, 0.0 ], [ 106.668989999888765, -6.569030000134237, 0.0 ], [ 106.669060000418852, -6.568959999604154, 0.0 ], [ 106.669680000232034, -6.568510000436003, 0.0 ], [ 106.67001000016154, -6.568279999722062, 0.0 ], [ 106.670480000251956, -6.56800000029957, 0.0 ], [ 106.670879999812357, -6.567719999977797, 0.0 ], [ 106.671229999764847, -6.567459999679084, 0.0 ], [ 106.67128999983376, -6.567410000071252, 0.0 ], [ 106.671690000293438, -6.567100000164707, 0.0 ], [ 106.671920000108102, -6.566980000026792, 0.0 ], [ 106.672270000060593, -6.566799999819963, 0.0 ], [ 106.672289598086635, -6.566788241184209, 0.0 ], [ 106.672419999783372, -6.566710000166189, 0.0 ], [ 106.672590000428301, -6.566630000074305, 0.0 ], [ 106.672760000174051, -6.566540000420531, 0.0 ], [ 106.673079999642397, -6.566380000236673, 0.0 ], [ 106.673228125177971, -6.566292712038848, 0.0 ], [ 106.673640000285943, -6.566050000307069, 0.0 ], [ 106.673669581686028, -6.566031950014342, 0.0 ], [ 106.67422999961498, -6.565689999893412, 0.0 ], [ 106.674500000374863, -6.565509999686583, 0.0 ], [ 106.674570000005673, -6.565449999617581, 0.0 ], [ 106.675490000163592, -6.564860000288633, 0.0 ], [ 106.675719999978156, -6.564720000127746, 0.0 ], [ 106.676009999861733, -6.56459000042803, 0.0 ], [ 106.676031426209548, -6.564583751039113, 0.0 ], [ 106.676250000137571, -6.564519999897946, 0.0 ], [ 106.676529999559975, -6.564439999805973, 0.0 ], [ 106.676840000365885, -6.564359999714, 0.0 ], [ 106.677300126799551, -6.564236666688696, 0.0 ], [ 106.677810000131558, -6.564100000314657, 0.0 ], [ 106.678044935425618, -6.564038468700275, 0.0 ], [ 106.678229999714929, -6.563989999738542, 0.0 ], [ 106.679567895941801, -6.563645687998001, 0.0 ], [ 106.679590000378397, -6.563639999785966, 0.0 ], [ 106.679989999938712, -6.563539999671111, 0.0 ], [ 106.680399999960201, -6.563539999671111, 0.0 ], [ 106.680560000144055, -6.563539999671111, 0.0 ], [ 106.680769999935748, -6.563559999694082, 0.0 ], [ 106.681019999773383, -6.563559999694082, 0.0 ], [ 106.681396509941223, -6.563470827416609, 0.0 ], [ 106.681400000210004, -6.563470000040308, 0.0 ], [ 106.681770000185466, -6.563340000340592, 0.0 ], [ 106.682120000138042, -6.563220000202676, 0.0 ], [ 106.682699999905282, -6.563019999972877, 0.0 ], [ 106.68281507985219, -6.562962460449064, 0.0 ], [ 106.682840000066079, -6.562950000342074, 0.0 ], [ 106.683430000294393, -6.562670000020301, 0.0 ], [ 106.68401999962343, -6.562509999836443, 0.0 ], [ 106.684179999807284, -6.562469999790501, 0.0 ], [ 106.68438000003718, -6.562389999698528, 0.0 ], [ 106.684580000266976, -6.562239999975841, 0.0 ], [ 106.684680000381917, -6.562139999860985, 0.0 ], [ 106.684870000150553, -6.561930000069296, 0.0 ], [ 106.684919999758293, -6.56182999995444, 0.0 ], [ 106.685380000286983, -6.561879999562183, 0.0 ], [ 106.685460000378868, -6.56203000018424, 0.0 ], [ 106.685590000078577, -6.562179999906927, 0.0 ], [ 106.685810000331443, -6.562349999652586, 0.0 ], [ 106.68600000010008, -6.562520000297614, 0.0 ], [ 106.686009999661877, -6.562609999951388, 0.0 ], [ 106.685960000054138, -6.562750000112274, 0.0 ], [ 106.685850000377386, -6.562910000296132, 0.0 ], [ 106.6857199997783, -6.563129999649622, 0.0 ], [ 106.6857199997783, -6.563269999810508, 0.0 ], [ 106.68575000026253, -6.563510000086339, 0.0 ], [ 106.685690000193532, -6.563550000132281, 0.0 ], [ 106.685509999986692, -6.563699999854968, 0.0 ] ] ] ] } },
{ "type": "Feature", "properties": { "PROVNO": "32", "KABKOTNO": "01", "KECNO": "040", "DESANO": "013", "PROVINSI": "JAWA BARAT", "KABKOT": "BOGOR", "KECAMATAN": "CIBUNGBULANG", "ID2013": "3201040013", "DESA": "LEUWEUNG KOLOT", "DESA_1": "LEUWEUNG KOLOT", "ID2012": "3201040013", "IDKAB2": "3201", "IDKEC_2": "3201040", "WILAYAH": "BARAT" }, "geometry": { "type": "MultiPolygon", "coordinates": [ [ [ [ 106.679940000330973, -6.553399999710088, 0.0 ], [ 106.679769999685945, -6.553639999985919, 0.0 ], [ 106.679700000055135, -6.55407000003029, 0.0 ], [ 106.679716150080452, -6.554157670439977, 0.0 ], [ 106.679769999685945, -6.554449999567638, 0.0 ], [ 106.679920000308002, -6.554660000258608, 0.0 ], [ 106.680480000052086, -6.555019999773073, 0.0 ], [ 106.680652270586009, -6.555147409425235, 0.0 ], [ 106.681223359870316, -6.555569776923544, 0.0 ], [ 106.681440000255947, -6.555730000139217, 0.0 ], [ 106.682040000046158, -6.556220000252679, 0.0 ], [ 106.682389999998733, -6.556470000090222, 0.0 ], [ 106.682789999559049, -6.55686000008874, 0.0 ], [ 106.682887908750118, -6.556962930194956, 0.0 ], [ 106.683179999557481, -6.557270000110229, 0.0 ], [ 106.683569999555999, -6.557789999808463, 0.0 ], [ 106.683920000407852, -6.558549999782528, 0.0 ], [ 106.684017015672922, -6.558871918404154, 0.0 ], [ 106.684139999761342, -6.559280000171732, 0.0 ], [ 106.684179999807284, -6.559559999594136, 0.0 ], [ 106.683840000315882, -6.560040000145708, 0.0 ], [ 106.683729999739853, -6.560000000099766, 0.0 ], [ 106.683620000063115, -6.559949999592654, 0.0 ], [ 106.683490000363392, -6.559940000030764, 0.0 ], [ 106.683279999672422, -6.56008999975354, 0.0 ], [ 106.683190000018655, -6.560149999822542, 0.0 ], [ 106.683069999880829, -6.560160000283624, 0.0 ], [ 106.682419999583502, -6.560479999752058, 0.0 ], [ 106.682240000275954, -6.560659999958887, 0.0 ], [ 106.681979999977244, -6.561060000418575, 0.0 ], [ 106.68193000036942, -6.561110000026318, 0.0 ], [ 106.68193000036942, -6.561221219183757, 0.0 ], [ 106.68193000036942, -6.561319999817918, 0.0 ], [ 106.682220000252983, -6.561749999862467, 0.0 ], [ 106.682220000252983, -6.56203080597674, 0.0 ], [ 106.682220000252983, -6.562119999838014, 0.0 ], [ 106.682289999883793, -6.562139999860985, 0.0 ], [ 106.682410000021704, -6.562150000322067, 0.0 ], [ 106.682820000043108, -6.562019999722981, 0.0 ], [ 106.683109999926771, -6.561930000069296, 0.0 ], [ 106.683419999833319, -6.561879999562183, 0.0 ], [ 106.683600000040144, -6.561879999562183, 0.0 ], [ 106.683660000109143, -6.561910000046325, 0.0 ], [ 106.683900000384881, -6.561860000438493, 0.0 ], [ 106.68394999999272, -6.561689999793465, 0.0 ], [ 106.68431000040637, -6.561729999839496, 0.0 ], [ 106.684640381648478, -6.561784160610387, 0.0 ], [ 106.684919999758293, -6.56182999995444, 0.0 ], [ 106.684870000150553, -6.561930000069296, 0.0 ], [ 106.684680000381917, -6.562139999860985, 0.0 ], [ 106.684580000266976, -6.562239999975841, 0.0 ], [ 106.68438000003718, -6.562389999698528, 0.0 ], [ 106.684179999807284, -6.562469999790501, 0.0 ], [ 106.68401999962343, -6.562509999836443, 0.0 ], [ 106.683430000294393, -6.562670000020301, 0.0 ], [ 106.682840000066079, -6.562950000342074, 0.0 ], [ 106.68281507985219, -6.562962460449064, 0.0 ], [ 106.682699999905282, -6.563019999972877, 0.0 ], [ 106.682120000138042, -6.563220000202676, 0.0 ], [ 106.681770000185466, -6.563340000340592, 0.0 ], [ 106.681400000210004, -6.563470000040308, 0.0 ], [ 106.681396509941223, -6.563470827416609, 0.0 ], [ 106.681019999773383, -6.563559999694082, 0.0 ], [ 106.680769999935748, -6.563559999694082, 0.0 ], [ 106.680560000144055, -6.563539999671111, 0.0 ], [ 106.680399999960201, -6.563539999671111, 0.0 ], [ 106.679989999938712, -6.563539999671111, 0.0 ], [ 106.679590000378397, -6.563639999785966, 0.0 ], [ 106.679567895941801, -6.563645687998001, 0.0 ], [ 106.678229999714929, -6.563989999738542, 0.0 ], [ 106.678044935425618, -6.564038468700275, 0.0 ], [ 106.677810000131558, -6.564100000314657, 0.0 ], [ 106.677300126799551, -6.564236666688696, 0.0 ], [ 106.676840000365885, -6.564359999714, 0.0 ], [ 106.676529999559975, -6.564439999805973, 0.0 ], [ 106.676250000137571, -6.564519999897946, 0.0 ], [ 106.676031426209548, -6.564583751039113, 0.0 ], [ 106.676009999861733, -6.56459000042803, 0.0 ], [ 106.675719999978156, -6.564720000127746, 0.0 ], [ 106.675490000163592, -6.564860000288633, 0.0 ], [ 106.674570000005673, -6.565449999617581, 0.0 ], [ 106.674500000374863, -6.565509999686583, 0.0 ], [ 106.67422999961498, -6.565689999893412, 0.0 ], [ 106.673669581686028, -6.566031950014342, 0.0 ], [ 106.673640000285943, -6.566050000307069, 0.0 ], [ 106.673228125177971, -6.566292712038848, 0.0 ], [ 106.673079999642397, -6.566380000236673, 0.0 ], [ 106.672760000174051, -6.566540000420531, 0.0 ], [ 106.672590000428301, -6.566630000074305, 0.0 ], [ 106.672419999783372, -6.566710000166189, 0.0 ], [ 106.672289598086635, -6.566788241184209, 0.0 ], [ 106.672270000060593, -6.566799999819963, 0.0 ], [ 106.671920000108102, -6.566980000026792, 0.0 ], [ 106.671690000293438, -6.567100000164707, 0.0 ], [ 106.67128999983376, -6.567410000071252, 0.0 ], [ 106.671229999764847, -6.567459999679084, 0.0 ], [ 106.670879999812357, -6.567719999977797, 0.0 ], [ 106.670480000251956, -6.56800000029957, 0.0 ], [ 106.67001000016154, -6.568279999722062, 0.0 ], [ 106.669680000232034, -6.568510000436003, 0.0 ], [ 106.669060000418852, -6.568959999604154, 0.0 ], [ 106.668989999888765, -6.569030000134237, 0.0 ], [ 106.668940000280941, -6.569070000180179, 0.0 ], [ 106.668860000189056, -6.568999999650096, 0.0 ], [ 106.668800000120058, -6.568939999581183, 0.0 ], [ 106.668768033717996, -6.568901639898641, 0.0 ], [ 106.668749999612942, -6.56888000041155, 0.0 ], [ 106.668690000443306, -6.568820000342548, 0.0 ], [ 106.66863999993619, -6.568780000296606, 0.0 ], [ 106.668599999890247, -6.568709999766522, 0.0 ], [ 106.668539999821249, -6.56866000015869, 0.0 ], [ 106.668499999775307, -6.568600000089777, 0.0 ], [ 106.668439999706393, -6.568519999997804, 0.0 ], [ 106.668430000144596, -6.56845000036709, 0.0 ], [ 106.668419999683422, -6.568390000298088, 0.0 ], [ 106.668417972611493, -6.568373783722983, 0.0 ], [ 106.668410000121625, -6.568310000206203, 0.0 ], [ 106.668390000098654, -6.56823000011423, 0.0 ], [ 106.668370000075683, -6.568109999976315, 0.0 ], [ 106.668350000052612, -6.56802999988443, 0.0 ], [ 106.668330000029641, -6.567960000253628, 0.0 ], [ 106.668289999983699, -6.567860000138772, 0.0 ], [ 106.668260000398845, -6.567760000023828, 0.0 ], [ 106.668220000352903, -6.567690000393025, 0.0 ], [ 106.668169999845787, -6.567630000324112, 0.0 ], [ 106.668089999753903, -6.567519999747997, 0.0 ], [ 106.668040000146078, -6.567459999679084, 0.0 ], [ 106.668000000100136, -6.567399999610171, 0.0 ], [ 106.667960000054109, -6.567350000002339, 0.0 ], [ 106.667920000008166, -6.567300000394507, 0.0 ], [ 106.667879999962224, -6.567240000325594, 0.0 ], [ 106.667830000354385, -6.567189999818481, 0.0 ], [ 106.667790000308443, -6.567129999749479, 0.0 ], [ 106.667763040432163, -6.567096300353761, 0.0 ], [ 106.667750000262501, -6.567080000141736, 0.0 ], [ 106.667690000193588, -6.567000000049763, 0.0 ], [ 106.667619999663415, -6.566910000396078, 0.0 ], [ 106.667559999594502, -6.566819999842934, 0.0 ], [ 106.667520000447837, -6.566759999774021, 0.0 ], [ 106.667480000401895, -6.566710000166189, 0.0 ], [ 106.667440000355867, -6.566639999636106, 0.0 ], [ 106.667400000309925, -6.566590000028363, 0.0 ], [ 106.66736999982578, -6.56652000039756, 0.0 ], [ 106.66736999982578, -6.566449999867388, 0.0 ], [ 106.667409999871808, -6.566389999798474, 0.0 ], [ 106.667469999940721, -6.566360000213702, 0.0 ], [ 106.667539999571531, -6.566320000167671, 0.0 ], [ 106.667630000124589, -6.566280000121729, 0.0 ], [ 106.667699999755385, -6.566249999637588, 0.0 ], [ 106.667770000285472, -6.566220000052816, 0.0 ], [ 106.667839999916183, -6.566200000029845, 0.0 ], [ 106.667929999569964, -6.566170000444984, 0.0 ], [ 106.668000000100136, -6.566159999983814, 0.0 ], [ 106.668120000237963, -6.566130000399042, 0.0 ], [ 106.668220000352903, -6.566110000376071, 0.0 ], [ 106.668223683975995, -6.566108947269935, 0.0 ], [ 106.668289999983699, -6.5660900003531, 0.0 ], [ 106.668370000075683, -6.566079999891929, 0.0 ], [ 106.668430000144596, -6.566070000330129, 0.0 ], [ 106.668519999798278, -6.566070000330129, 0.0 ], [ 106.668579999867276, -6.56605999986887, 0.0 ], [ 106.66865999995926, -6.566070000330129, 0.0 ], [ 106.668729999589971, -6.566079999891929, 0.0 ], [ 106.668800000120058, -6.5660900003531, 0.0 ], [ 106.668869999750854, -6.566110000376071, 0.0 ], [ 106.668949999842738, -6.566130000399042, 0.0 ], [ 106.669040000395881, -6.566180000006874, 0.0 ], [ 106.669110000026677, -6.566220000052816, 0.0 ], [ 106.669190000118562, -6.566269999660648, 0.0 ], [ 106.669250000187574, -6.566329999729561, 0.0 ], [ 106.669330000279459, -6.566380000236673, 0.0 ], [ 106.669390000348457, -6.566440000305587, 0.0 ], [ 106.66945000041737, -6.566480000351618, 0.0 ], [ 106.66950000002511, -6.56652000039756, 0.0 ], [ 106.669549999632949, -6.566549999982332, 0.0 ], [ 106.669600000140065, -6.566590000028363, 0.0 ], [ 106.669669999770861, -6.566610000051334, 0.0 ], [ 106.669729999839774, -6.566590000028363, 0.0 ], [ 106.66974999986283, -6.56650999993639, 0.0 ], [ 106.66974999986283, -6.566409999821445, 0.0 ], [ 106.66974999986283, -6.566349999752532, 0.0 ], [ 106.66974999986283, -6.566269999660648, 0.0 ], [ 106.669740000300948, -6.566180000006874, 0.0 ], [ 106.669720000277977, -6.566079999891929, 0.0 ], [ 106.669700000255006, -6.566010000261127, 0.0 ], [ 106.669669999770861, -6.565930000169242, 0.0 ], [ 106.669629999724833, -6.565839999616099, 0.0 ], [ 106.669589999678891, -6.565749999962325, 0.0 ], [ 106.669560000094123, -6.565689999893412, 0.0 ], [ 106.669520000048081, -6.565629999824498, 0.0 ], [ 106.669480000002139, -6.565540000170724, 0.0 ], [ 106.669419999933226, -6.565449999617581, 0.0 ], [ 106.669390000348457, -6.565390000448037, 0.0 ], [ 106.669359999864312, -6.565330000379035, 0.0 ], [ 106.669330000279459, -6.565279999871922, 0.0 ], [ 106.669290000233516, -6.565199999780038, 0.0 ], [ 106.6692399997264, -6.565090000103293, 0.0 ], [ 106.669219069804427, -6.565042908003651, 0.0 ], [ 106.669199999680458, -6.565000000449519, 0.0 ], [ 106.669179999657487, -6.564920000357546, 0.0 ], [ 106.669150000072619, -6.564860000288633, 0.0 ], [ 106.669130000049648, -6.564789999758549, 0.0 ], [ 106.669110000026677, -6.564709999666576, 0.0 ], [ 106.669110000026677, -6.564698062965082, 0.0 ], [ 106.669110000026677, -6.564599999989831, 0.0 ], [ 106.669110000026677, -6.564519999897946, 0.0 ], [ 106.669111436243966, -6.564515691246022, 0.0 ], [ 106.669130000049648, -6.564459999828944, 0.0 ], [ 106.669159999634516, -6.56439000019823, 0.0 ], [ 106.669190000118562, -6.564310000106257, 0.0 ], [ 106.669250000187574, -6.564259999599145, 0.0 ], [ 106.669299999795314, -6.564209999991402, 0.0 ], [ 106.669370000325486, -6.56416000038357, 0.0 ], [ 106.669439999956197, -6.564120000337628, 0.0 ], [ 106.669540000071052, -6.564060000268626, 0.0 ], [ 106.669629999724833, -6.564009999761513, 0.0 ], [ 106.669720000277977, -6.56394000013071, 0.0 ], [ 106.669789999908772, -6.563889999623598, 0.0 ], [ 106.669849999977686, -6.563829999554684, 0.0 ], [ 106.669919999608496, -6.563759999923882, 0.0 ], [ 106.669959999654438, -6.563679999831908, 0.0 ], [ 106.670019999723351, -6.563570000155252, 0.0 ], [ 106.670059999769379, -6.563459999579138, 0.0 ], [ 106.67007999979235, -6.563400000409594, 0.0 ], [ 106.670099999815321, -6.563329999879421, 0.0 ], [ 106.670119999838292, -6.563269999810508, 0.0 ], [ 106.670119999838292, -6.563189999718535, 0.0 ], [ 106.670098358552551, -6.563132290222864, 0.0 ], [ 106.670090000253523, -6.563109999626651, 0.0 ], [ 106.670039999746407, -6.563039999995848, 0.0 ], [ 106.669979999677409, -6.562990000388016, 0.0 ], [ 106.669910000046599, -6.562950000342074, 0.0 ], [ 106.66986000043886, -6.562899999834961, 0.0 ], [ 106.669800000369861, -6.562870000250101, 0.0 ], [ 106.66974999986283, -6.562830000204158, 0.0 ], [ 106.669700000255006, -6.562799999720017, 0.0 ], [ 106.669654444197405, -6.562763554694087, 0.0 ], [ 106.66964999974789, -6.562759999674075, 0.0 ], [ 106.669600000140065, -6.562719999628133, 0.0 ], [ 106.669540000071052, -6.562659999559131, 0.0 ], [ 106.669489999564036, -6.562609999951388, 0.0 ], [ 106.669439999956197, -6.562560000343556, 0.0 ], [ 106.669379999887283, -6.562489999813472, 0.0 ], [ 106.669330000279459, -6.562409999721499, 0.0 ], [ 106.669290000233516, -6.562349999652586, 0.0 ], [ 106.669250000187574, -6.562289999583673, 0.0 ], [ 106.669210000141533, -6.56221999995287, 0.0 ], [ 106.669159999634516, -6.562119999838014, 0.0 ], [ 106.669130000049648, -6.56201000016118, 0.0 ], [ 106.669110000026677, -6.561950000092267, 0.0 ], [ 106.669090000003706, -6.561860000438493, 0.0 ], [ 106.669080000441824, -6.561760000323638, 0.0 ], [ 106.669080000441824, -6.561689999793465, 0.0 ], [ 106.669080000441824, -6.561609999701581, 0.0 ], [ 106.669080000441824, -6.561489999563666, 0.0 ], [ 106.669090000003706, -6.56137999988692, 0.0 ], [ 106.669099999565518, -6.561299999794947, 0.0 ], [ 106.669110000026677, -6.561230000164233, 0.0 ], [ 106.669119999588489, -6.56115000007226, 0.0 ], [ 106.669130000049648, -6.561069999980376, 0.0 ], [ 106.66913999961146, -6.561000000349573, 0.0 ], [ 106.669150000072619, -6.5609200002576, 0.0 ], [ 106.669159999634516, -6.560849999727605, 0.0 ], [ 106.669179999657487, -6.560780000096802, 0.0 ], [ 106.669179999657487, -6.56070999956663, 0.0 ], [ 106.669179999657487, -6.560639999935916, 0.0 ], [ 106.669190000118562, -6.560559999843942, 0.0 ], [ 106.669199999680458, -6.560470000190168, 0.0 ], [ 106.669210000141533, -6.560390000098284, 0.0 ], [ 106.669205317371635, -6.560368925385465, 0.0 ], [ 106.669190000118562, -6.56030000044451, 0.0 ], [ 106.669159999634516, -6.560229999914426, 0.0 ], [ 106.669130000049648, -6.560180000306595, 0.0 ], [ 106.669090000003706, -6.560109999776511, 0.0 ], [ 106.66902000037291, -6.560040000145708, 0.0 ], [ 106.668969999865794, -6.559960000053824, 0.0 ], [ 106.668929999819767, -6.559910000445992, 0.0 ], [ 106.668889999773825, -6.559850000377079, 0.0 ], [ 106.668829999704911, -6.559790000308077, 0.0 ], [ 106.668780000097087, -6.559730000239163, 0.0 ], [ 106.668729999589971, -6.55967000017025, 0.0 ], [ 106.668679999982231, -6.559599999640078, 0.0 ], [ 106.668630000374392, -6.559550000032246, 0.0 ], [ 106.668599999890247, -6.559489999963333, 0.0 ], [ 106.668530000259452, -6.559420000332619, 0.0 ], [ 106.668479999752336, -6.559349999802446, 0.0 ], [ 106.668419999683422, -6.559280000171732, 0.0 ], [ 106.668359999614424, -6.559189999618678, 0.0 ], [ 106.668319999568482, -6.559099999964904, 0.0 ], [ 106.668319999568482, -6.55901999987293, 0.0 ], [ 106.668339999591453, -6.558930000219156, 0.0 ], [ 106.66837999963748, -6.558850000127183, 0.0 ], [ 106.668430000144596, -6.558779999597188, 0.0 ], [ 106.668499999775307, -6.558700000404585, 0.0 ], [ 106.668550000282423, -6.558640000335583, 0.0 ], [ 106.668599999890247, -6.558580000266669, 0.0 ], [ 106.66863999993619, -6.558520000197667, 0.0 ], [ 106.668690000443306, -6.558449999667584, 0.0 ], [ 106.668749999612942, -6.558369999575611, 0.0 ], [ 106.668789999658969, -6.558270000360125, 0.0 ], [ 106.668800000120058, -6.558170000245092, 0.0 ], [ 106.668789999658969, -6.558079999692126, 0.0 ], [ 106.668787427597834, -6.558070999277046, 0.0 ], [ 106.668769999635998, -6.558010000061323, 0.0 ], [ 106.668749999612942, -6.557920000407549, 0.0 ], [ 106.668729999589971, -6.557829999854405, 0.0 ], [ 106.668720000028173, -6.557760000223691, 0.0 ], [ 106.668690000443306, -6.557680000131807, 0.0 ], [ 106.668682452433444, -6.557627161364223, 0.0 ], [ 106.668679999982231, -6.557609999601635, 0.0 ], [ 106.668650000397363, -6.557530000409031, 0.0 ], [ 106.668619999913219, -6.557430000294087, 0.0 ], [ 106.668599999890247, -6.557339999741032, 0.0 ], [ 106.668570000305479, -6.557270000110229, 0.0 ], [ 106.668539999821249, -6.557199999580146, 0.0 ], [ 106.668499999775307, -6.557129999949343, 0.0 ], [ 106.668470000190538, -6.557069999880429, 0.0 ], [ 106.668419999683422, -6.557020000272686, 0.0 ], [ 106.668370000075683, -6.556960000203684, 0.0 ], [ 106.668319999568482, -6.556900000134771, 0.0 ], [ 106.668260000398845, -6.556849999627659, 0.0 ], [ 106.668200000329932, -6.556800000019827, 0.0 ], [ 106.668140000260934, -6.556739999950914, 0.0 ], [ 106.668109999776874, -6.556670000320111, 0.0 ], [ 106.668049999707875, -6.556610000251197, 0.0 ], [ 106.667989999638962, -6.556510000136253, 0.0 ], [ 106.667980000077165, -6.55643999960617, 0.0 ], [ 106.668020000123107, -6.556380000436448, 0.0 ], [ 106.668069999730932, -6.556309999906453, 0.0 ], [ 106.668140000260934, -6.55622999981448, 0.0 ], [ 106.668200000329932, -6.556169999745478, 0.0 ], [ 106.668249999937672, -6.556109999676565, 0.0 ], [ 106.66831000000667, -6.556040000045851, 0.0 ], [ 106.668339999591453, -6.555990000438019, 0.0 ], [ 106.668370000075683, -6.555919999907935, 0.0 ], [ 106.66837999963748, -6.555830000254161, 0.0 ], [ 106.668410000121625, -6.555730000139217, 0.0 ], [ 106.668419999683422, -6.555650000047333, 0.0 ], [ 106.668430000144596, -6.55556999995536, 0.0 ], [ 106.668439999706393, -6.555449999817444, 0.0 ], [ 106.668430000144596, -6.55538000018673, 0.0 ], [ 106.668430000144596, -6.555280000071786, 0.0 ], [ 106.668419999683422, -6.555190000418012, 0.0 ], [ 106.668410000121625, -6.555130000349099, 0.0 ], [ 106.668390000098654, -6.555059999819015, 0.0 ], [ 106.668370000075683, -6.554979999727042, 0.0 ], [ 106.668350000052612, -6.554910000096239, 0.0 ], [ 106.668330000029641, -6.554839999566155, 0.0 ], [ 106.668289999983699, -6.554749999912381, 0.0 ], [ 106.668240000375874, -6.554660000258608, 0.0 ], [ 106.668200000329932, -6.554580000166723, 0.0 ], [ 106.668169999845787, -6.554529999659611, 0.0 ], [ 106.668109999776874, -6.554480000051779, 0.0 ], [ 106.668060000169049, -6.554440000005837, 0.0 ], [ 106.667980000077165, -6.554410000420976, 0.0 ], [ 106.667879999962224, -6.554370000375034, 0.0 ], [ 106.667790000308443, -6.554339999890981, 0.0 ], [ 106.66773000023953, -6.554319999867921, 0.0 ], [ 106.667679999732414, -6.554239999776037, 0.0 ], [ 106.667690000193588, -6.554139999661093, 0.0 ], [ 106.66773000023953, -6.554040000445518, 0.0 ], [ 106.667779999847269, -6.553960000353545, 0.0 ], [ 106.667819999893212, -6.553900000284631, 0.0 ], [ 106.667870000400413, -6.553840000215718, 0.0 ], [ 106.667929999569964, -6.553780000146716, 0.0 ], [ 106.668000000100136, -6.553680000031861, 0.0 ], [ 106.66808000019202, -6.553599999939888, 0.0 ], [ 106.668120000237963, -6.553539999870974, 0.0 ], [ 106.668149999822816, -6.553470000240171, 0.0 ], [ 106.668200000329932, -6.553410000171169, 0.0 ], [ 106.668229999914701, -6.553339999641086, 0.0 ], [ 106.668249999937672, -6.553260000448482, 0.0 ], [ 106.668269999960728, -6.553169999895427, 0.0 ], [ 106.668289999983699, -6.553089999803454, 0.0 ], [ 106.66831000000667, -6.55300999971157, 0.0 ], [ 106.668280000421902, -6.552920000057796, 0.0 ], [ 106.668240000375874, -6.552810000381051, 0.0 ], [ 106.668203637188299, -6.552746364353048, 0.0 ], [ 106.668200000329932, -6.552739999850967, 0.0 ], [ 106.668134134882621, -6.55271530087024, 0.0 ], [ 106.668120000237963, -6.552710000266107, 0.0 ], [ 106.668040000146078, -6.552679999782054, 0.0 ], [ 106.667940000031138, -6.552670000220164, 0.0 ], [ 106.667870000400413, -6.552679999782054, 0.0 ], [ 106.66779999987024, -6.552679999782054, 0.0 ], [ 106.667699999755385, -6.552690000243135, 0.0 ], [ 106.667619999663415, -6.552679999782054, 0.0 ], [ 106.667550000032605, -6.552650000197193, 0.0 ], [ 106.667489999963692, -6.552610000151251, 0.0 ], [ 106.667440000355867, -6.552559999644139, 0.0 ], [ 106.66736999982578, -6.552479999552165, 0.0 ], [ 106.667320000218041, -6.552389999898391, 0.0 ], [ 106.667260000149042, -6.55234000029056, 0.0 ], [ 106.667189999618955, -6.552260000198675, 0.0 ], [ 106.667099999965188, -6.552229999714534, 0.0 ], [ 106.667010000311407, -6.552209999691563, 0.0 ], [ 106.666890000173581, -6.552189999668592, 0.0 ], [ 106.666779999597466, -6.55216000008382, 0.0 ], [ 106.666689999943785, -6.552100000014818, 0.0 ], [ 106.666649999897743, -6.552010000361044, 0.0 ], [ 106.666609999851801, -6.55193999983096, 0.0 ], [ 106.666580000266947, -6.551859999738987, 0.0 ], [ 106.666554188824904, -6.551801925118586, 0.0 ], [ 106.666540000221005, -6.551770000085302, 0.0 ], [ 106.666500000175063, -6.551649999947387, 0.0 ], [ 106.666469999690918, -6.551569999855502, 0.0 ], [ 106.666440000106064, -6.551500000224699, 0.0 ], [ 106.666380000037151, -6.551400000109755, 0.0 ], [ 106.666330000429312, -6.551320000017782, 0.0 ], [ 106.666270000360399, -6.551250000387068, 0.0 ], [ 106.666219999853297, -6.551199999879955, 0.0 ], [ 106.666179999807255, -6.551139999810953, 0.0 ], [ 106.666130000199516, -6.55107999974204, 0.0 ], [ 106.6660799996924, -6.550990000088266, 0.0 ], [ 106.666050000107631, -6.550919999558182, 0.0 ], [ 106.666010000061689, -6.55086000038855, 0.0 ], [ 106.665959999554488, -6.550760000273605, 0.0 ], [ 106.665920000407908, -6.550680000181721, 0.0 ], [ 106.665880000361881, -6.550589999628667, 0.0 ], [ 106.665840000315939, -6.550490000413092, 0.0 ], [ 106.665800000269996, -6.550390000298147, 0.0 ], [ 106.665769999785851, -6.550299999745093, 0.0 ], [ 106.665740000200998, -6.550210000091319, 0.0 ], [ 106.665709999716938, -6.550100000414574, 0.0 ], [ 106.665689999693882, -6.55000999986143, 0.0 ], [ 106.665689999693882, -6.549940000230627, 0.0 ], [ 106.665689999693882, -6.549869999700544, 0.0 ], [ 106.665689999693882, -6.54978000004677, 0.0 ], [ 106.665689999693882, -6.549736268713637, 0.0 ], [ 106.665689999693882, -6.549719999977857, 0.0 ], [ 106.665689999693882, -6.549599999839941, 0.0 ], [ 106.665990000038633, -6.549679999931826, 0.0 ], [ 106.666609999851801, -6.549829999654602, 0.0 ], [ 106.666649999897743, -6.549969999815488, 0.0 ], [ 106.666819999643408, -6.55064999969758, 0.0 ], [ 106.666839999666379, -6.550740000250634, 0.0 ], [ 106.666870000150524, -6.550800000319636, 0.0 ], [ 106.66693999978132, -6.550959999604125, 0.0 ], [ 106.667050000357349, -6.551039999696098, 0.0 ], [ 106.667249999687868, -6.551159999833924, 0.0 ], [ 106.667329999779838, -6.551190000318154, 0.0 ], [ 106.667460000378838, -6.551250000387068, 0.0 ], [ 106.667630000124589, -6.551340000040753, 0.0 ], [ 106.667690000193588, -6.551389999648585, 0.0 ], [ 106.668280000421902, -6.551899999785018, 0.0 ], [ 106.668430000144596, -6.551919999807989, 0.0 ], [ 106.668570000305479, -6.551879999762047, 0.0 ], [ 106.668860000189056, -6.551819999693045, 0.0 ], [ 106.669259999749372, -6.551790000108273, 0.0 ], [ 106.669560000094123, -6.551770000085302, 0.0 ], [ 106.66999999970038, -6.551810000131244, 0.0 ], [ 106.670320000068088, -6.55195000029213, 0.0 ], [ 106.670520000297898, -6.552050000406986, 0.0 ], [ 106.671109999626935, -6.552189999668592, 0.0 ], [ 106.671479999602468, -6.552280000221646, 0.0 ], [ 106.671679999832278, -6.552409999921363, 0.0 ], [ 106.671803987564175, -6.552439756689257, 0.0 ], [ 106.671929999669914, -6.552469999990365, 0.0 ], [ 106.672399999760302, -6.552730000289078, 0.0 ], [ 106.673890000123578, -6.553160000333627, 0.0 ], [ 106.675069999680929, -6.553390000148198, 0.0 ], [ 106.676809999881741, -6.55343999975603, 0.0 ], [ 106.677609999901748, -6.553399999710088, 0.0 ], [ 106.677839999716412, -6.553279999572172, 0.0 ], [ 106.678050000407382, -6.55320999994137, 0.0 ], [ 106.678249999737901, -6.553189999918398, 0.0 ], [ 106.678400000359872, -6.553189999918398, 0.0 ], [ 106.678670000220478, -6.553200000379569, 0.0 ], [ 106.678909999596925, -6.55320999994137, 0.0 ], [ 106.679060000218982, -6.55322000040254, 0.0 ], [ 106.679189999918705, -6.553240000425511, 0.0 ], [ 106.679330000079588, -6.553249999987401, 0.0 ], [ 106.679419999733369, -6.553290000033343, 0.0 ], [ 106.67951999984831, -6.553319999618115, 0.0 ], [ 106.679760000124048, -6.553370000125227, 0.0 ], [ 106.679940000330973, -6.553399999710088, 0.0 ] ] ] ] } },
{ "type": "Feature", "properties": { "PROVNO": "32", "KABKOTNO": "01", "KECNO": "040", "DESANO": "014", "PROVINSI": "JAWA BARAT", "KABKOT": "BOGOR", "KECAMATAN": "CIBUNGBULANG", "ID2013": "3201040014", "DESA": "CIARUTEN ILIR", "DESA_1": "CIARUTEN ILIR", "ID2012": "3201040014", "IDKAB2": "3201", "IDKEC_2": "3201040", "WILAYAH": "BARAT" }, "geometry": { "type": "MultiPolygon", "coordinates": [ [ [ [ 106.692730000189556, -6.528100000314598, 0.0 ], [ 106.692670000120557, -6.528129999899459, 0.0 ], [ 106.692590000028673, -6.52814999992243, 0.0 ], [ 106.69252999995976, -6.528160000383512, 0.0 ], [ 106.692429999844819, -6.528180000406483, 0.0 ], [ 106.692349999752835, -6.528189999968372, 0.0 ], [ 106.692269999660951, -6.528200000429543, 0.0 ], [ 106.692200000030155, -6.528200000429543, 0.0 ], [ 106.692119999938171, -6.528209999991343, 0.0 ], [ 106.692030000284404, -6.528209999991343, 0.0 ], [ 106.691970000215491, -6.528209999991343, 0.0 ], [ 106.691859999639462, -6.528230000014315, 0.0 ], [ 106.691769999985695, -6.528239999576115, 0.0 ], [ 106.691680000331914, -6.528259999599086, 0.0 ], [ 106.691560000194002, -6.528310000106288, 0.0 ], [ 106.691480000102118, -6.52835000015223, 0.0 ], [ 106.691390000448337, -6.528410000221143, 0.0 ], [ 106.691299999895293, -6.528479999851946, 0.0 ], [ 106.691250000287454, -6.528539999920859, 0.0 ], [ 106.691179999757367, -6.528599999989861, 0.0 ], [ 106.691110000126571, -6.528689999643635, 0.0 ], [ 106.691050000057658, -6.52876999973552, 0.0 ], [ 106.69101000001163, -6.528820000242632, 0.0 ], [ 106.690980000426862, -6.528880000311634, 0.0 ], [ 106.690954871570256, -6.528942820654517, 0.0 ], [ 106.69094000038082, -6.528980000426579, 0.0 ], [ 106.690929999919746, -6.529059999619093, 0.0 ], [ 106.690929999919746, -6.529139999711067, 0.0 ], [ 106.69094000038082, -6.529230000264121, 0.0 ], [ 106.690949999942717, -6.529319999917895, 0.0 ], [ 106.690960000403891, -6.529409999571669, 0.0 ], [ 106.690969999965688, -6.529509999686613, 0.0 ], [ 106.690980000426862, -6.529609999801469, 0.0 ], [ 106.690989999988659, -6.529680000331641, 0.0 ], [ 106.690999999550542, -6.529760000423526, 0.0 ], [ 106.690999999550542, -6.529819999593158, 0.0 ], [ 106.69101000001163, -6.529899999685043, 0.0 ], [ 106.69101000001163, -6.529970000215215, 0.0 ], [ 106.69101000001163, -6.530050000307099, 0.0 ], [ 106.69101000001163, -6.530119999937902, 0.0 ], [ 106.690999999550542, -6.530189999568705, 0.0 ], [ 106.690980000426862, -6.530260000098789, 0.0 ], [ 106.690929999919746, -6.530349999752474, 0.0 ], [ 106.690829999804805, -6.530420000282646, 0.0 ], [ 106.690749999712821, -6.53048000035156, 0.0 ], [ 106.690680000082111, -6.530500000374531, 0.0 ], [ 106.690609999552024, -6.530540000420473, 0.0 ], [ 106.690510000336445, -6.530579999567223, 0.0 ], [ 106.690410000221505, -6.530630000074247, 0.0 ], [ 106.690319999668446, -6.530670000120278, 0.0 ], [ 106.690230000014679, -6.530719999728021, 0.0 ], [ 106.690160000383884, -6.530770000235222, 0.0 ], [ 106.69010000031497, -6.530810000281164, 0.0 ], [ 106.690040000245958, -6.530859999888907, 0.0 ], [ 106.689989999738856, -6.53091999995782, 0.0 ], [ 106.689980000177044, -6.530989999588623, 0.0 ], [ 106.689969999715885, -6.531089999703568, 0.0 ], [ 106.689969999715885, -6.531180000256622, 0.0 ], [ 106.689980000177044, -6.531249999887425, 0.0 ], [ 106.689989999738856, -6.531350000002369, 0.0 ], [ 106.690020000222987, -6.531410000071283, 0.0 ], [ 106.690049999807769, -6.531479999702086, 0.0 ], [ 106.690089999853797, -6.53155999979397, 0.0 ], [ 106.690129999899739, -6.531639999885854, 0.0 ], [ 106.690189999968737, -6.531710000416027, 0.0 ], [ 106.690219999553506, -6.531760000023858, 0.0 ], [ 106.690259999599448, -6.531809999631601, 0.0 ], [ 106.690299999645475, -6.531860000138714, 0.0 ], [ 106.690339999691417, -6.531909999746546, 0.0 ], [ 106.69037999973736, -6.531960000253658, 0.0 ], [ 106.690439999806273, -6.532009999861401, 0.0 ], [ 106.690470000290503, -6.532060000368602, 0.0 ], [ 106.690510000336445, -6.532109999976345, 0.0 ], [ 106.690559999944284, -6.532190000068319, 0.0 ], [ 106.690629999574995, -6.532279999722093, 0.0 ], [ 106.690689999643908, -6.532379999836948, 0.0 ], [ 106.690711826189997, -6.532418195842951, 0.0 ], [ 106.69072999968985, -6.53245000036712, 0.0 ], [ 106.69076000017408, -6.532529999559724, 0.0 ], [ 106.690780000197051, -6.532589999628637, 0.0 ], [ 106.690789999758863, -6.532669999720522, 0.0 ], [ 106.690809999781834, -6.532729999789524, 0.0 ], [ 106.690809999781834, -6.532809999881408, 0.0 ], [ 106.690800000220023, -6.532889999973381, 0.0 ], [ 106.690780000197051, -6.532979999627155, 0.0 ], [ 106.69076000017408, -6.53307000018021, 0.0 ], [ 106.690740000151024, -6.533159999833984, 0.0 ], [ 106.690729415130605, -6.53319440160022, 0.0 ], [ 106.690700000105082, -6.533290000432981, 0.0 ], [ 106.690669999620937, -6.533369999625585, 0.0 ], [ 106.690640000036169, -6.533449999717558, 0.0 ], [ 106.690629999574995, -6.533520000247641, 0.0 ], [ 106.690599999990226, -6.533609999901415, 0.0 ], [ 106.69059000042833, -6.533699999555189, 0.0 ], [ 106.690570000405359, -6.533790000108244, 0.0 ], [ 106.690550000382387, -6.533899999784989, 0.0 ], [ 106.690519999898257, -6.533990000338044, 0.0 ], [ 106.690470000290503, -6.534089999553618, 0.0 ], [ 106.690419999783302, -6.534169999645592, 0.0 ], [ 106.690359999714389, -6.534240000175675, 0.0 ], [ 106.690279999622504, -6.534309999806478, 0.0 ], [ 106.690219999553506, -6.534369999875391, 0.0 ], [ 106.690160000383884, -6.534409999921422, 0.0 ], [ 106.690109999876768, -6.534460000428535, 0.0 ], [ 106.690040000245958, -6.534499999575107, 0.0 ], [ 106.689980000177044, -6.534539999621138, 0.0 ], [ 106.689909999646972, -6.534599999690052, 0.0 ], [ 106.689829999554988, -6.534650000197164, 0.0 ], [ 106.689759999924192, -6.534699999804996, 0.0 ], [ 106.689690000293467, -6.534750000312108, 0.0 ], [ 106.689619999763394, -6.534790000358051, 0.0 ], [ 106.689550000132584, -6.534830000404082, 0.0 ], [ 106.689490000063671, -6.534880000011825, 0.0 ], [ 106.689429999994672, -6.534920000057767, 0.0 ], [ 106.689384575238094, -6.534945235933733, 0.0 ], [ 106.689340000340906, -6.534969999665599, 0.0 ], [ 106.689240000225951, -6.535040000195682, 0.0 ], [ 106.689180000157037, -6.535080000241624, 0.0 ], [ 106.689089999603993, -6.535140000310626, 0.0 ], [ 106.688990000388415, -6.535189999918369, 0.0 ], [ 106.688910000296431, -6.535220000402511, 0.0 ], [ 106.688839999766358, -6.535220000402511, 0.0 ], [ 106.688759999674375, -6.53520000037954, 0.0 ], [ 106.68867999958249, -6.535149999872427, 0.0 ], [ 106.688609999951694, -6.535089999803425, 0.0 ], [ 106.688549999882781, -6.535040000195682, 0.0 ], [ 106.688489999813868, -6.53498999968857, 0.0 ], [ 106.688429999744869, -6.534920000057767, 0.0 ], [ 106.688371527624128, -6.534861527937021, 0.0 ], [ 106.688360000114059, -6.534850000427053, 0.0 ], [ 106.688289999583986, -6.53477999989688, 0.0 ], [ 106.68823000041435, -6.534710000266166, 0.0 ], [ 106.688159999884263, -6.534650000197164, 0.0 ], [ 106.688110000276524, -6.534590000128251, 0.0 ], [ 106.688050000207511, -6.534530000059338, 0.0 ], [ 106.687999999700409, -6.534490000013307, 0.0 ], [ 106.68795000009257, -6.534449999967364, 0.0 ], [ 106.687899999585554, -6.534409999921422, 0.0 ], [ 106.687849999977715, -6.53436000031359, 0.0 ], [ 106.687780000346919, -6.534320000267648, 0.0 ], [ 106.687680000231978, -6.534280000221617, 0.0 ], [ 106.687580000117023, -6.534249999737565, 0.0 ], [ 106.687509999587036, -6.534229999714594, 0.0 ], [ 106.687439999956226, -6.534209999691623, 0.0 ], [ 106.687359999864256, -6.534169999645592, 0.0 ], [ 106.687279999772372, -6.534079999991818, 0.0 ], [ 106.687210000141562, -6.534010000361103, 0.0 ], [ 106.687150000072648, -6.533950000292101, 0.0 ], [ 106.68709000000365, -6.533919999808049, 0.0 ], [ 106.687020000372939, -6.53393000026913, 0.0 ], [ 106.686960000303941, -6.533970000315072, 0.0 ], [ 106.686880000211971, -6.533999999899933, 0.0 ], [ 106.686809999681969, -6.534050000407046, 0.0 ], [ 106.686740000051174, -6.534089999553618, 0.0 ], [ 106.686690000443335, -6.53414999962262, 0.0 ], [ 106.686630000374421, -6.534240000175675, 0.0 ], [ 106.68657999986722, -6.534329999829449, 0.0 ], [ 106.686561858742976, -6.534370818258441, 0.0 ], [ 106.686539999821278, -6.534420000382593, 0.0 ], [ 106.68651000023651, -6.534469999990336, 0.0 ], [ 106.686470000190567, -6.534539999621138, 0.0 ], [ 106.686419999683451, -6.534630000174193, 0.0 ], [ 106.686390000098584, -6.534699999804996, 0.0 ], [ 106.686350000052641, -6.534759999873909, 0.0 ], [ 106.686319999568511, -6.534850000427053, 0.0 ], [ 106.686289999983643, -6.534900000034796, 0.0 ], [ 106.686260000398875, -6.534960000103709, 0.0 ], [ 106.68622999991473, -6.535029999734512, 0.0 ], [ 106.686220000352932, -6.535100000264684, 0.0 ], [ 106.686200000329876, -6.535209999941429, 0.0 ], [ 106.686220000352932, -6.535299999595203, 0.0 ], [ 106.686240000375903, -6.535370000125198, 0.0 ], [ 106.686310000006614, -6.535470000240142, 0.0 ], [ 106.686363402649107, -6.535543428985893, 0.0 ], [ 106.686390000098584, -6.535579999916887, 0.0 ], [ 106.686450000167596, -6.535630000424, 0.0 ], [ 106.686490000213539, -6.535680000031832, 0.0 ], [ 106.686539999821278, -6.535749999662546, 0.0 ], [ 106.686570000305423, -6.535800000169747, 0.0 ], [ 106.686570000305423, -6.535869999800461, 0.0 ], [ 106.686563985639594, -6.535875345370759, 0.0 ], [ 106.686479999752365, -6.535949999892434, 0.0 ], [ 106.686399999660395, -6.535980000376576, 0.0 ], [ 106.686300000444817, -6.536009999961347, 0.0 ], [ 106.686220000352932, -6.536020000422518, 0.0 ], [ 106.686149999822845, -6.536029999984319, 0.0 ], [ 106.68608000019205, -6.536040000445489, 0.0 ], [ 106.686009999661877, -6.53605000000729, 0.0 ], [ 106.685940000031167, -6.536070000030261, 0.0 ], [ 106.685859999939183, -6.536070000030261, 0.0 ], [ 106.68575000026253, -6.536090000053321, 0.0 ], [ 106.685659999709387, -6.536110000076292, 0.0 ], [ 106.685570000055606, -6.536130000099263, 0.0 ], [ 106.68550000042481, -6.536159999684035, 0.0 ], [ 106.685429999894808, -6.536190000168265, 0.0 ], [ 106.685349999802838, -6.536239999776008, 0.0 ], [ 106.68528999973384, -6.536279999822039, 0.0 ], [ 106.685229999664926, -6.536310000306091, 0.0 ], [ 106.685169999596013, -6.536359999913923, 0.0 ], [ 106.685110000426292, -6.536399999959865, 0.0 ], [ 106.685030000334407, -6.536449999567608, 0.0 ], [ 106.684939999781349, -6.536509999636611, 0.0 ], [ 106.684930000219467, -6.53670999986641, 0.0 ], [ 106.68495999980432, -6.536850000027297, 0.0 ], [ 106.685079999942246, -6.537010000211154, 0.0 ], [ 106.685280000172042, -6.537159999933841, 0.0 ], [ 106.685440000355896, -6.537289999633646, 0.0 ], [ 106.685509999986692, -6.537380000186701, 0.0 ], [ 106.685509999986692, -6.537690000093246, 0.0 ], [ 106.68538999984878, -6.53777999974702, 0.0 ], [ 106.685320000217985, -6.537890000323134, 0.0 ], [ 106.685309999756811, -6.537970000415019, 0.0 ], [ 106.685349999802838, -6.538049999607622, 0.0 ], [ 106.685429999894808, -6.538069999630594, 0.0 ], [ 106.685619999663444, -6.538060000068793, 0.0 ], [ 106.685779999847298, -6.538049999607622, 0.0 ], [ 106.685839999916212, -6.538080000091764, 0.0 ], [ 106.685859999939183, -6.538180000206708, 0.0 ], [ 106.685759999824327, -6.538599999789998, 0.0 ], [ 106.685489999963721, -6.538559999744056, 0.0 ], [ 106.685360000264012, -6.538510000136224, 0.0 ], [ 106.685160000034131, -6.538530000159195, 0.0 ], [ 106.68507000038035, -6.538559999744056, 0.0 ], [ 106.684979999827291, -6.538759999973855, 0.0 ], [ 106.684970000265494, -6.539299999695061, 0.0 ], [ 106.685169999596013, -6.539539999970891, 0.0 ], [ 106.685209999641955, -6.539669999670608, 0.0 ], [ 106.685130000449348, -6.539729999739521, 0.0 ], [ 106.684910000196496, -6.539680000131778, 0.0 ], [ 106.684770000035698, -6.539600000039805, 0.0 ], [ 106.684700000404888, -6.539550000432062, 0.0 ], [ 106.684629999874716, -6.539550000432062, 0.0 ], [ 106.684469999690947, -6.53972000017772, 0.0 ], [ 106.684420000083122, -6.539829999854465, 0.0 ], [ 106.684420000083122, -6.539889999923378, 0.0 ], [ 106.684569999805802, -6.540019999623095, 0.0 ], [ 106.684680000381917, -6.540099999715068, 0.0 ], [ 106.684700000404888, -6.540159999783981, 0.0 ], [ 106.684640000335975, -6.540279999921896, 0.0 ], [ 106.684549999782831, -6.54036000001387, 0.0 ], [ 106.684479003703245, -6.540366870834227, 0.0 ], [ 106.684239999876198, -6.540389999598641, 0.0 ], [ 106.684150000222516, -6.540400000059812, 0.0 ], [ 106.684039999646401, -6.540680000381585, 0.0 ], [ 106.683999999600459, -6.540779999597159, 0.0 ], [ 106.683940000430823, -6.540830000104272, 0.0 ], [ 106.683709999716882, -6.540870000150214, 0.0 ], [ 106.683600000040144, -6.540879999712015, 0.0 ], [ 106.683499999925203, -6.540930000219216, 0.0 ], [ 106.683419999833319, -6.541039999895961, 0.0 ], [ 106.683390000248451, -6.54120000007973, 0.0 ], [ 106.683239999626394, -6.541520000447534, 0.0 ], [ 106.683140000410816, -6.541739999801024, 0.0 ], [ 106.683109999926771, -6.541899999984881, 0.0 ], [ 106.683040000295961, -6.54230000044457, 0.0 ], [ 106.68302676317478, -6.542347983772281, 0.0 ], [ 106.682960000204076, -6.542590000328143, 0.0 ], [ 106.682829999604991, -6.542889999773518, 0.0 ], [ 106.682789999559049, -6.543080000441517, 0.0 ], [ 106.682789999559049, -6.543150000072231, 0.0 ], [ 106.682479999652415, -6.544360000113727, 0.0 ], [ 106.682009999562013, -6.546069999830486, 0.0 ], [ 106.681970000415362, -6.546479999851975, 0.0 ], [ 106.681964243854964, -6.546531799902446, 0.0 ], [ 106.681949008440171, -6.546668929427337, 0.0 ], [ 106.681946317668576, -6.54669313468025, 0.0 ], [ 106.681939999931217, -6.546749999712578, 0.0 ], [ 106.681939999931217, -6.547130000149295, 0.0 ], [ 106.681979999977244, -6.54742000003278, 0.0 ], [ 106.681970000415362, -6.547549999732585, 0.0 ], [ 106.681910000346448, -6.547790000008327, 0.0 ], [ 106.682000000000215, -6.547879999662101, 0.0 ], [ 106.681939999931217, -6.548010000261097, 0.0 ], [ 106.681888824010201, -6.548140784169689, 0.0 ], [ 106.681850000277436, -6.548240000075758, 0.0 ], [ 106.681810000231494, -6.548570000005363, 0.0 ], [ 106.681690000093582, -6.549100000164767, 0.0 ], [ 106.681630000024668, -6.549169999795481, 0.0 ], [ 106.681400000210004, -6.549329999979339, 0.0 ], [ 106.68138999974893, -6.549390000048252, 0.0 ], [ 106.681229999564977, -6.549470000140225, 0.0 ], [ 106.680999999750412, -6.54959000027814, 0.0 ], [ 106.680760000373851, -6.549639999885883, 0.0 ], [ 106.680780000396823, -6.550020000322601, 0.0 ], [ 106.680800000419893, -6.550170000045288, 0.0 ], [ 106.680830000004661, -6.550279999722033, 0.0 ], [ 106.680839999566459, -6.550359999814006, 0.0 ], [ 106.68089000007366, -6.550479999951921, 0.0 ], [ 106.680919999658443, -6.550529999559664, 0.0 ], [ 106.680990000188515, -6.55064000013569, 0.0 ], [ 106.681059999819325, -6.550749999812435, 0.0 ], [ 106.681199999980208, -6.550840000365579, 0.0 ], [ 106.681309999656946, -6.550950000042324, 0.0 ], [ 106.681360000164062, -6.551050000157179, 0.0 ], [ 106.681380000187033, -6.551170000295183, 0.0 ], [ 106.68136999972586, -6.551299999994811, 0.0 ], [ 106.68132000011812, -6.551460000178668, 0.0 ], [ 106.681269999610919, -6.551649999947387, 0.0 ], [ 106.68124000002615, -6.551759999624132, 0.0 ], [ 106.68113999991121, -6.551859999738987, 0.0 ], [ 106.681099999865268, -6.551930000269159, 0.0 ], [ 106.68113999991121, -6.552070000430046, 0.0 ], [ 106.681079999842297, -6.552209999691563, 0.0 ], [ 106.681079999842297, -6.552300000244617, 0.0 ], [ 106.681059999819325, -6.552389999898391, 0.0 ], [ 106.681010000211486, -6.552469999990365, 0.0 ], [ 106.680839999566459, -6.552539999621079, 0.0 ], [ 106.680589999728824, -6.552630000174222, 0.0 ], [ 106.680549999682881, -6.552710000266107, 0.0 ], [ 106.680549999682881, -6.552880000011854, 0.0 ], [ 106.680600000190083, -6.552929999619597, 0.0 ], [ 106.680709999866835, -6.552989999688599, 0.0 ], [ 106.680700000304938, -6.553140000310567, 0.0 ], [ 106.680520000098113, -6.553240000425511, 0.0 ], [ 106.679940000330973, -6.553399999710088, 0.0 ], [ 106.679760000124048, -6.553370000125227, 0.0 ], [ 106.67951999984831, -6.553319999618115, 0.0 ], [ 106.679419999733369, -6.553290000033343, 0.0 ], [ 106.679330000079588, -6.553249999987401, 0.0 ], [ 106.679189999918705, -6.553240000425511, 0.0 ], [ 106.679060000218982, -6.55322000040254, 0.0 ], [ 106.678909999596925, -6.55320999994137, 0.0 ], [ 106.678670000220478, -6.553200000379569, 0.0 ], [ 106.678400000359872, -6.553189999918398, 0.0 ], [ 106.678249999737901, -6.553189999918398, 0.0 ], [ 106.678050000407382, -6.55320999994137, 0.0 ], [ 106.677839999716412, -6.553279999572172, 0.0 ], [ 106.677609999901748, -6.553399999710088, 0.0 ], [ 106.676809999881741, -6.55343999975603, 0.0 ], [ 106.675069999680929, -6.553390000148198, 0.0 ], [ 106.673890000123578, -6.553160000333627, 0.0 ], [ 106.672399999760302, -6.552730000289078, 0.0 ], [ 106.671929999669914, -6.552469999990365, 0.0 ], [ 106.671803987564175, -6.552439756689257, 0.0 ], [ 106.671679999832278, -6.552409999921363, 0.0 ], [ 106.671479999602468, -6.552280000221646, 0.0 ], [ 106.671109999626935, -6.552189999668592, 0.0 ], [ 106.670520000297898, -6.552050000406986, 0.0 ], [ 106.670320000068088, -6.55195000029213, 0.0 ], [ 106.66999999970038, -6.551810000131244, 0.0 ], [ 106.669560000094123, -6.551770000085302, 0.0 ], [ 106.669259999749372, -6.551790000108273, 0.0 ], [ 106.668860000189056, -6.551819999693045, 0.0 ], [ 106.668570000305479, -6.551879999762047, 0.0 ], [ 106.668430000144596, -6.551919999807989, 0.0 ], [ 106.668280000421902, -6.551899999785018, 0.0 ], [ 106.667690000193588, -6.551389999648585, 0.0 ], [ 106.667630000124589, -6.551340000040753, 0.0 ], [ 106.667460000378838, -6.551250000387068, 0.0 ], [ 106.667329999779838, -6.551190000318154, 0.0 ], [ 106.667249999687868, -6.551159999833924, 0.0 ], [ 106.667050000357349, -6.551039999696098, 0.0 ], [ 106.66693999978132, -6.550959999604125, 0.0 ], [ 106.666870000150524, -6.550800000319636, 0.0 ], [ 106.666839999666379, -6.550740000250634, 0.0 ], [ 106.666819999643408, -6.55064999969758, 0.0 ], [ 106.666649999897743, -6.549969999815488, 0.0 ], [ 106.666609999851801, -6.549829999654602, 0.0 ], [ 106.665990000038633, -6.549679999931826, 0.0 ], [ 106.665689999693882, -6.549599999839941, 0.0 ], [ 106.665720000178027, -6.549550000232198, 0.0 ], [ 106.66574999976288, -6.549479999702026, 0.0 ], [ 106.665789999808823, -6.549419999633113, 0.0 ], [ 106.665840000315939, -6.54935000000231, 0.0 ], [ 106.665900000384937, -6.549289999933396, 0.0 ], [ 106.665949999992691, -6.549229999864483, 0.0 ], [ 106.666010000061689, -6.54916000023368, 0.0 ], [ 106.666070000130603, -6.549089999703508, 0.0 ], [ 106.666130000199516, -6.549040000095765, 0.0 ], [ 106.666170000245458, -6.548980000026763, 0.0 ], [ 106.666210000291485, -6.54893000041902, 0.0 ], [ 106.66627999992221, -6.548850000327135, 0.0 ], [ 106.666319999968238, -6.548759999773992, 0.0 ], [ 106.666339999991209, -6.548699999705079, 0.0 ], [ 106.666349999553006, -6.548610000051305, 0.0 ], [ 106.666339999991209, -6.548520000397531, 0.0 ], [ 106.666319999968238, -6.548449999867447, 0.0 ], [ 106.66627999992221, -6.548340000190702, 0.0 ], [ 106.666239999876268, -6.548260000098729, 0.0 ], [ 106.666199999830326, -6.548189999568645, 0.0 ], [ 106.666170000245458, -6.548130000399013, 0.0 ], [ 106.666139999761313, -6.5480700003301, 0.0 ], [ 106.666099999715371, -6.548010000261097, 0.0 ], [ 106.6660799996924, -6.547950000192184, 0.0 ], [ 106.666070000130603, -6.547879999662101, 0.0 ], [ 106.666059999669429, -6.547810000031298, 0.0 ], [ 106.666050000107631, -6.547720000377613, 0.0 ], [ 106.666050000107631, -6.547629999824469, 0.0 ], [ 106.666059999669429, -6.547560000193666, 0.0 ], [ 106.6660799996924, -6.547489999663583, 0.0 ], [ 106.666099999715371, -6.54740999957161, 0.0 ], [ 106.666159999784284, -6.547290000333064, 0.0 ], [ 106.666190000268514, -6.547199999780009, 0.0 ], [ 106.666219999853297, -6.547139999711096, 0.0 ], [ 106.666250000337428, -6.547079999642094, 0.0 ], [ 106.666299999945267, -6.54700000044949, 0.0 ], [ 106.666328572305915, -6.546957140559453, 0.0 ], [ 106.666339999991209, -6.546940000380577, 0.0 ], [ 106.666400000060122, -6.546849999827522, 0.0 ], [ 106.666449999667947, -6.54680000021969, 0.0 ], [ 106.666489999713889, -6.546740000150777, 0.0 ], [ 106.666540000221005, -6.546680000081775, 0.0 ], [ 106.66658999982883, -6.546640000035833, 0.0 ], [ 106.666640000335946, -6.54657000040503, 0.0 ], [ 106.666709999966756, -6.546479999851975, 0.0 ], [ 106.666779999597466, -6.546419999782973, 0.0 ], [ 106.666787990973205, -6.546410411211347, 0.0 ], [ 106.666830000104582, -6.54635999971406, 0.0 ], [ 106.666890000173581, -6.546290000083257, 0.0 ], [ 106.66693999978132, -6.546230000014344, 0.0 ], [ 106.666979999827262, -6.546180000406512, 0.0 ], [ 106.667019999873304, -6.546109999876428, 0.0 ], [ 106.667050000357349, -6.546040000245714, 0.0 ], [ 106.667039999896275, -6.545969999715542, 0.0 ], [ 106.667010000311407, -6.545889999623657, 0.0 ], [ 106.66693999978132, -6.545840000015826, 0.0 ], [ 106.666859999689351, -6.545779999946912, 0.0 ], [ 106.666770000035669, -6.54571999987791, 0.0 ], [ 106.666689999943785, -6.545679999831968, 0.0 ], [ 106.666640000335946, -6.545650000247196, 0.0 ], [ 106.66658999982883, -6.545599999739995, 0.0 ], [ 106.666560000243976, -6.545539999671082, 0.0 ], [ 106.666560000243976, -6.545479999602168, 0.0 ], [ 106.666560000243976, -6.545400000409565, 0.0 ], [ 106.666569999805773, -6.545340000340563, 0.0 ], [ 106.666580000266947, -6.545269999810479, 0.0 ], [ 106.666609999851801, -6.545189999718595, 0.0 ], [ 106.666649999897743, -6.545100000064821, 0.0 ], [ 106.666680000381888, -6.545039999995819, 0.0 ], [ 106.66672000042783, -6.544979999926905, 0.0 ], [ 106.666759999574495, -6.544930000319074, 0.0 ], [ 106.666810000081611, -6.544890000273131, 0.0 ], [ 106.666859999689351, -6.544839999766019, 0.0 ], [ 106.666910000196552, -6.544810000181158, 0.0 ], [ 106.666979999827262, -6.544770000135216, 0.0 ], [ 106.667059999919246, -6.544719999628104, 0.0 ], [ 106.667110000426348, -6.544690000043332, 0.0 ], [ 106.667180000057158, -6.544649999997301, 0.0 ], [ 106.667229999664897, -6.544600000389558, 0.0 ], [ 106.66726999971084, -6.544540000320556, 0.0 ], [ 106.667289999733896, -6.544469999790561, 0.0 ], [ 106.667289999733896, -6.544389999698588, 0.0 ], [ 106.667289999733896, -6.544320000067785, 0.0 ], [ 106.667289999733896, -6.544230000414011, 0.0 ], [ 106.66726999971084, -6.544139999860956, 0.0 ], [ 106.66726999971084, -6.544059999768983, 0.0 ], [ 106.667289999733896, -6.543990000138269, 0.0 ], [ 106.667320000218041, -6.543910000046296, 0.0 ], [ 106.667389999848837, -6.543849999977382, 0.0 ], [ 106.667480000401895, -6.543789999908469, 0.0 ], [ 106.667579999617473, -6.543740000300637, 0.0 ], [ 106.667639999686386, -6.543709999816496, 0.0 ], [ 106.667690000193588, -6.543680000231724, 0.0 ], [ 106.667790000308443, -6.543640000185693, 0.0 ], [ 106.667879999962224, -6.543600000139751, 0.0 ], [ 106.667949999592935, -6.54358000011678, 0.0 ], [ 106.668000000100136, -6.543529999609667, 0.0 ], [ 106.668089999753903, -6.543480000001836, 0.0 ], [ 106.668169999845787, -6.543410000371033, 0.0 ], [ 106.668229999914701, -6.543339999840949, 0.0 ], [ 106.66831000000667, -6.543259999748976, 0.0 ], [ 106.668359999614424, -6.543170000095202, 0.0 ], [ 106.668399999660451, -6.543110000026289, 0.0 ], [ 106.668439999706393, -6.543040000395575, 0.0 ], [ 106.668490000213509, -6.542969999865402, 0.0 ], [ 106.668530000259452, -6.542889999773518, 0.0 ], [ 106.668579999867276, -6.542809999681634, 0.0 ], [ 106.668602517092694, -6.542759337273409, 0.0 ], [ 106.668619999913219, -6.54272000002786, 0.0 ], [ 106.668550000282423, -6.54272999958966, 0.0 ], [ 106.668479999752336, -6.542740000050831, 0.0 ], [ 106.668289999983699, -6.542829999704605, 0.0 ], [ 106.667990346777188, -6.542942369994211, 0.0 ], [ 106.667969999615991, -6.542949999842431, 0.0 ], [ 106.667790000308443, -6.542900000234688, 0.0 ], [ 106.667639999686386, -6.542829999704605, 0.0 ], [ 106.667349999802809, -6.542709999566689, 0.0 ], [ 106.667229999664897, -6.54272999958966, 0.0 ], [ 106.667090000403377, -6.542809999681634, 0.0 ], [ 106.666810000081611, -6.542969999865402, 0.0 ], [ 106.666680000381888, -6.543040000395575, 0.0 ], [ 106.666500000175063, -6.543049999957375, 0.0 ], [ 106.666099999715371, -6.543029999934404, 0.0 ], [ 106.665634197660225, -6.542927523985878, 0.0 ], [ 106.6656000000402, -6.542920000257659, 0.0 ], [ 106.665479999902203, -6.542829999704605, 0.0 ], [ 106.665379999787348, -6.542709999566689, 0.0 ], [ 106.665270000110596, -6.542359999614114, 0.0 ], [ 106.664940000181076, -6.541489999963304, 0.0 ], [ 106.664920142250935, -6.541470141133967, 0.0 ], [ 106.664630000274443, -6.541180000056759, 0.0 ], [ 106.664510000136531, -6.541160000033788, 0.0 ], [ 106.664269999860792, -6.541189999618648, 0.0 ], [ 106.664120000138098, -6.541160000033788, 0.0 ], [ 106.664069999630982, -6.540910000196156, 0.0 ], [ 106.663939999931273, -6.540919999758046, 0.0 ], [ 106.663770000185522, -6.54101999987299, 0.0 ], [ 106.663659999609507, -6.541130000449016, 0.0 ], [ 106.663587466588496, -6.541256932561215, 0.0 ], [ 106.663540000370958, -6.541340000240705, 0.0 ], [ 106.663319100796059, -6.541796049148143, 0.0 ], [ 106.663229999564948, -6.541980000076766, 0.0 ], [ 106.662970000165515, -6.542579999866884, 0.0 ], [ 106.662820000442835, -6.542869999750547, 0.0 ], [ 106.662715484831907, -6.543151736663191, 0.0 ], [ 106.662589999728894, -6.543489999563725, 0.0 ], [ 106.662419999983143, -6.543749999862438, 0.0 ], [ 106.662179999707405, -6.543979999677099, 0.0 ], [ 106.661516353996745, -6.544436795921218, 0.0 ], [ 106.661410000171543, -6.544509999836503, 0.0 ], [ 106.661299999595514, -6.544600000389558, 0.0 ], [ 106.661129999849763, -6.544560000343616, 0.0 ], [ 106.660980000127068, -6.544460000228671, 0.0 ], [ 106.660490000013709, -6.544070000230153, 0.0 ], [ 106.660150623752472, -6.543410101994453, 0.0 ], [ 106.66012999959996, -6.543370000325091, 0.0 ], [ 106.66012999959996, -6.543327519049615, 0.0 ], [ 106.66012999959996, -6.543299999795007, 0.0 ], [ 106.660089999554017, -6.543150000072231, 0.0 ], [ 106.659970000315383, -6.542960000303601, 0.0 ], [ 106.659739999601442, -6.542650000397057, 0.0 ], [ 106.659569999855776, -6.542310000006371, 0.0 ], [ 106.659469999740836, -6.542209999891426, 0.0 ], [ 106.659399708729694, -6.542142637972184, 0.0 ], [ 106.659230000364374, -6.541980000076766, 0.0 ], [ 106.658990000088551, -6.541839999915879, 0.0 ], [ 106.658700000205059, -6.541730000239134, 0.0 ], [ 106.658499999975263, -6.541710000216163, 0.0 ], [ 106.657920000208023, -6.541699999754993, 0.0 ], [ 106.656899999935249, -6.541799999869937, 0.0 ], [ 106.656619999613469, -6.541739999801024, 0.0 ], [ 106.656440000305921, -6.541619999663109, 0.0 ], [ 106.656289999683864, -6.541480000401503, 0.0 ], [ 106.656260000099095, -6.541329999779535, 0.0 ], [ 106.656240000076124, -6.541030000334072, 0.0 ], [ 106.656249999638021, -6.539809999831405, 0.0 ], [ 106.656610000051671, -6.539769999785463, 0.0 ], [ 106.657100000165045, -6.539669999670519, 0.0 ], [ 106.657329999979709, -6.539410000271086, 0.0 ], [ 106.657345381084724, -6.539198513000812, 0.0 ], [ 106.657370000025651, -6.538860000088711, 0.0 ], [ 106.657320000417911, -6.538679999881971, 0.0 ], [ 106.657029999635057, -6.538499999675054, 0.0 ], [ 106.656500000374933, -6.538269999860393, 0.0 ], [ 106.656289999683963, -6.537699999655135, 0.0 ], [ 106.656420000282949, -6.5373299996795, 0.0 ], [ 106.656489203114418, -6.537292408017983, 0.0 ], [ 106.657229999864768, -6.536890000073328, 0.0 ], [ 106.658049999907831, -6.536640000235607, 0.0 ], [ 106.658680000182088, -6.536620000212636, 0.0 ], [ 106.658827063618276, -6.536671904584548, 0.0 ], [ 106.659019999673404, -6.536740000350463, 0.0 ], [ 106.659340000041212, -6.536959999703953, 0.0 ], [ 106.659680000431891, -6.53711000032601, 0.0 ], [ 106.660050000407438, -6.53713999991087, 0.0 ], [ 106.660482788350265, -6.537075666008931, 0.0 ], [ 106.660520032873364, -6.537070129782521, 0.0 ], [ 106.66078706407194, -6.537030436405402, 0.0 ], [ 106.660790000358446, -6.537030000234125, 0.0 ], [ 106.661960000354, -6.536769999935323, 0.0 ], [ 106.662852069367688, -6.536437660869101, 0.0 ], [ 106.662979999727412, -6.536390000397976, 0.0 ], [ 106.663167403153253, -6.536271854662203, 0.0 ], [ 106.663899999885246, -6.535809999731459, 0.0 ], [ 106.664410000021761, -6.535490000263202, 0.0 ], [ 106.665120000388001, -6.535430000194111, 0.0 ], [ 106.665519999948231, -6.535510000286173, 0.0 ], [ 106.665871022430068, -6.535633889991779, 0.0 ], [ 106.666030000084746, -6.535689999593632, 0.0 ], [ 106.6666099998519, -6.536029999984319, 0.0 ], [ 106.667019999873304, -6.53629999984501, 0.0 ], [ 106.667251062686631, -6.536405904009115, 0.0 ], [ 106.667500000424866, -6.536520000097692, 0.0 ], [ 106.66787999996231, -6.536540000120663, 0.0 ], [ 106.668260000398931, -6.536399999959865, 0.0 ], [ 106.668900000234999, -6.535940000330545, 0.0 ], [ 106.669740000300948, -6.535109999826396, 0.0 ], [ 106.669800485104602, -6.535081349224683, 0.0 ], [ 106.670052519208582, -6.534961965122346, 0.0 ], [ 106.670119999838292, -6.534929999619568, 0.0 ], [ 106.670810000181646, -6.534830000404082, 0.0 ], [ 106.67151999964851, -6.534730000289048, 0.0 ], [ 106.671860000039104, -6.534449999967276, 0.0 ], [ 106.67208000029197, -6.534019999922904, 0.0 ], [ 106.672219999553661, -6.53371999957816, 0.0 ], [ 106.672550000382458, -6.533489999763411, 0.0 ], [ 106.672650687579349, -6.533448445689007, 0.0 ], [ 106.673179999757437, -6.533230000364068, 0.0 ], [ 106.673680000331984, -6.533079999742011, 0.0 ], [ 106.674735706387978, -6.532839533617487, 0.0 ], [ 106.675479999702418, -6.532669999720522, 0.0 ], [ 106.676039857353771, -6.532557276896558, 0.0 ], [ 106.676970000065609, -6.532370000275058, 0.0 ], [ 106.67768000043192, -6.532120000437516, 0.0 ], [ 106.678019999923237, -6.531719999977739, 0.0 ], [ 106.678559999644449, -6.531100000164738, 0.0 ], [ 106.678960000104226, -6.530879999911878, 0.0 ], [ 106.67918999991879, -6.530879999911878, 0.0 ], [ 106.679303022242024, -6.530993022237332, 0.0 ], [ 106.679319999618514, -6.531009999611594, 0.0 ], [ 106.679390000148601, -6.531209999841483, 0.0 ], [ 106.679492610995439, -6.531438900684563, 0.0 ], [ 106.679650000447396, -6.531789999608542, 0.0 ], [ 106.680079999592493, -6.53217999960706, 0.0 ], [ 106.680460000029115, -6.53223999967615, 0.0 ], [ 106.681480000302074, -6.532139999561117, 0.0 ], [ 106.682969999765973, -6.531840000115743, 0.0 ], [ 106.683689999693911, -6.531820000092683, 0.0 ], [ 106.684260007993146, -6.531757533183438, 0.0 ], [ 106.684420000083122, -6.531740000000799, 0.0 ], [ 106.684709999966785, -6.531479999701997, 0.0 ], [ 106.684756897812747, -6.531372411107697, 0.0 ], [ 106.684879999712351, -6.531089999703479, 0.0 ], [ 106.684970000265494, -6.530099999914842, 0.0 ], [ 106.685099999965217, -6.529509999686613, 0.0 ], [ 106.685489999963821, -6.529030000034233, 0.0 ], [ 106.685874384595493, -6.528890966644543, 0.0 ], [ 106.685960000054223, -6.528860000288574, 0.0 ], [ 106.686339999591567, -6.528829999804522, 0.0 ], [ 106.686869999750883, -6.528909999896406, 0.0 ], [ 106.68758999967892, -6.529039999596122, 0.0 ], [ 106.687919999608525, -6.528909999896406, 0.0 ], [ 106.688019999723466, -6.528640000035715, 0.0 ], [ 106.687970000115627, -6.528410000221143, 0.0 ], [ 106.687870000000686, -6.528200000429454, 0.0 ], [ 106.687290000233546, -6.527889999623628, 0.0 ], [ 106.68633000002977, -6.527280000271531, 0.0 ], [ 106.686120000238077, -6.526970000364987, 0.0 ], [ 106.68608000019205, -6.52664000043556, 0.0 ], [ 106.68618000030699, -6.526409999721441, 0.0 ], [ 106.686539999821278, -6.526159999883898, 0.0 ], [ 106.686949999842767, -6.525990000138151, 0.0 ], [ 106.687399999910284, -6.526010000161122, 0.0 ], [ 106.687649999747919, -6.526219999952811, 0.0 ], [ 106.687860000438889, -6.526400000159729, 0.0 ], [ 106.688329999629929, -6.526730000089245, 0.0 ], [ 106.688670000020608, -6.526859999788961, 0.0 ], [ 106.688695076716613, -6.52684208799176, 0.0 ], [ 106.688950000342473, -6.526659999559072, 0.0 ], [ 106.689840000016162, -6.525219999703005, 0.0 ], [ 106.689956320128289, -6.524894303928743, 0.0 ], [ 106.689989999738856, -6.524800000119715, 0.0 ], [ 106.690129999899739, -6.52424000037545, 0.0 ], [ 106.690160000383884, -6.523940000030706, 0.0 ], [ 106.690279999622604, -6.523539999571106, 0.0 ], [ 106.690620000013283, -6.523200000079701, 0.0 ], [ 106.691050000057658, -6.522959999803959, 0.0 ], [ 106.691332685755, -6.523381258438157, 0.0 ], [ 106.691560000194002, -6.523719999778024, 0.0 ], [ 106.691660000308943, -6.523980000076826, 0.0 ], [ 106.69152000014806, -6.52428000042157, 0.0 ], [ 106.69144000005609, -6.524559999843973, 0.0 ], [ 106.691529999709857, -6.524820000142686, 0.0 ], [ 106.691930000169549, -6.525119999588149, 0.0 ], [ 106.692590000028673, -6.52535999986398, 0.0 ], [ 106.693020000073133, -6.525529999609638, 0.0 ], [ 106.693200772797567, -6.525656199673726, 0.0 ], [ 106.693550000232534, -6.525899999585096, 0.0 ], [ 106.693749999563053, -6.526170000345068, 0.0 ], [ 106.693719999978185, -6.526500000274584, 0.0 ], [ 106.693519999748389, -6.526859999788961, 0.0 ], [ 106.693291095308012, -6.527146130789188, 0.0 ], [ 106.6932400003259, -6.527209999741537, 0.0 ], [ 106.692899999935207, -6.527539999671053, 0.0 ], [ 106.692730000189556, -6.528100000314598, 0.0 ] ] ] ] } },
{ "type": "Feature", "properties": { "PROVNO": "32", "KABKOTNO": "01", "KECNO": "040", "DESANO": "015", "PROVINSI": "JAWA BARAT", "KABKOT": "BOGOR", "KECAMATAN": "CIBUNGBULANG", "ID2013": "3201040015", "DESA": "CIJUJUNG", "DESA_1": "CIJUJUNG", "ID2012": "3201040015", "IDKAB2": "3201", "IDKEC_2": "3201040", "WILAYAH": "BARAT" }, "geometry": { "type": "MultiPolygon", "coordinates": [ [ [ [ 106.665689999693882, -6.549599999839941, 0.0 ], [ 106.665689999693882, -6.549719999977857, 0.0 ], [ 106.665689999693882, -6.549736268713637, 0.0 ], [ 106.665689999693882, -6.54978000004677, 0.0 ], [ 106.665689999693882, -6.549869999700544, 0.0 ], [ 106.665689999693882, -6.549940000230627, 0.0 ], [ 106.665499999925174, -6.549960000253598, 0.0 ], [ 106.665510000386433, -6.550120000437545, 0.0 ], [ 106.665510000386433, -6.55064000013569, 0.0 ], [ 106.665450000317421, -6.550760000273605, 0.0 ], [ 106.66543000029445, -6.550919999558182, 0.0 ], [ 106.66535000020248, -6.551019999673127, 0.0 ], [ 106.66521999960348, -6.551110000226181, 0.0 ], [ 106.665109999926742, -6.551119999787982, 0.0 ], [ 106.665000000249989, -6.55109000020321, 0.0 ], [ 106.664929999719902, -6.551010000111237, 0.0 ], [ 106.664900000135049, -6.550880000411521, 0.0 ], [ 106.664860000089107, -6.550800000319636, 0.0 ], [ 106.664779999997137, -6.550780000296665, 0.0 ], [ 106.664670000320385, -6.550809999881437, 0.0 ], [ 106.664499999675357, -6.550900000434492, 0.0 ], [ 106.664389999998704, -6.550979999627184, 0.0 ], [ 106.664129999699895, -6.550919999558182, 0.0 ], [ 106.663879999862274, -6.550829999904408, 0.0 ], [ 106.66365000004761, -6.550749999812435, 0.0 ], [ 106.663549999932755, -6.550780000296665, 0.0 ], [ 106.663409999771872, -6.550829999904408, 0.0 ], [ 106.66339213833669, -6.550822854790752, 0.0 ], [ 106.663309999656917, -6.550789999858466, 0.0 ], [ 106.663113997812928, -6.550699537053841, 0.0 ], [ 106.663050000257499, -6.550669999720551, 0.0 ], [ 106.662930000119573, -6.550660000158661, 0.0 ], [ 106.662809999981661, -6.550700000204692, 0.0 ], [ 106.662689999843835, -6.550789999858466, 0.0 ], [ 106.662629999774836, -6.550900000434492, 0.0 ], [ 106.662319999868288, -6.551449999717498, 0.0 ], [ 106.662247420082551, -6.551581111878626, 0.0 ], [ 106.662009999961654, -6.552010000361044, 0.0 ], [ 106.661900000285002, -6.552109999576619, 0.0 ], [ 106.661800000170047, -6.552189999668592, 0.0 ], [ 106.66163000042431, -6.55234000029056, 0.0 ], [ 106.661379999687398, -6.552659999759083, 0.0 ], [ 106.661129999849763, -6.553140000310567, 0.0 ], [ 106.661029999734907, -6.553539999870974, 0.0 ], [ 106.660949999642938, -6.553729999639604, 0.0 ], [ 106.660819999943214, -6.553920000307603, 0.0 ], [ 106.660389999898754, -6.554359999913952, 0.0 ], [ 106.659781002391497, -6.554788202213615, 0.0 ], [ 106.659750000062616, -6.554809999981295, 0.0 ], [ 106.659589999878747, -6.554850000027326, 0.0 ], [ 106.659549999832805, -6.554979999727042, 0.0 ], [ 106.659543394312408, -6.555065881385094, 0.0 ], [ 106.659529999809834, -6.555240000025844, 0.0 ], [ 106.659500000225066, -6.555420000232672, 0.0 ], [ 106.659449999717864, -6.555460000278615, 0.0 ], [ 106.659309999557067, -6.555460000278615, 0.0 ], [ 106.65897000006558, -6.555409999771502, 0.0 ], [ 106.658529999560031, -6.555360000163759, 0.0 ], [ 106.657769999585966, -6.555460000278615, 0.0 ], [ 106.657735738113999, -6.555464282850245, 0.0 ], [ 106.657690000393359, -6.555469999840415, 0.0 ], [ 106.657809999631993, -6.556180000206648, 0.0 ], [ 106.657889999723878, -6.556380000436448, 0.0 ], [ 106.658259999699425, -6.556849999627659, 0.0 ], [ 106.658580000067147, -6.557359999764003, 0.0 ], [ 106.658450000367424, -6.557800000269634, 0.0 ], [ 106.658270000160513, -6.558190000268151, 0.0 ], [ 106.657809999631993, -6.55858999982847, 0.0 ], [ 106.657060000119102, -6.558930000219156, 0.0 ], [ 106.656699999705353, -6.55901999987293, 0.0 ], [ 106.656612242061541, -6.559025161981449, 0.0 ], [ 106.656189999569008, -6.559050000357072, 0.0 ], [ 106.65576000042384, -6.559030000334101, 0.0 ], [ 106.655509238860503, -6.5589688392404, 0.0 ], [ 106.655350000402436, -6.558930000219156, 0.0 ], [ 106.654350000152533, -6.558680000381614, 0.0 ], [ 106.653799999970161, -6.558489999713615, 0.0 ], [ 106.653249999787789, -6.558179999806981, 0.0 ], [ 106.653011063409991, -6.558052083836454, 0.0 ], [ 106.652259999999146, -6.557649999647577, 0.0 ], [ 106.65186000043883, -6.557600000039834, 0.0 ], [ 106.651709999816859, -6.557589999578664, 0.0 ], [ 106.651640000186063, -6.557809999831434, 0.0 ], [ 106.651609999701918, -6.557949999992321, 0.0 ], [ 106.651529999609949, -6.558070000130236, 0.0 ], [ 106.651450000417341, -6.558130000199149, 0.0 ], [ 106.651239999726371, -6.55815999978401, 0.0 ], [ 106.651110000026648, -6.558170000245092, 0.0 ], [ 106.651009999911793, -6.558219999852923, 0.0 ], [ 106.650929999819823, -6.558290000383096, 0.0 ], [ 106.650860000189027, -6.558299999944897, 0.0 ], [ 106.650630000374363, -6.558179999806981, 0.0 ], [ 106.650550000282479, -6.557999999600153, 0.0 ], [ 106.650469473187798, -6.557965837053583, 0.0 ], [ 106.650220000352959, -6.557860000338547, 0.0 ], [ 106.650040000146049, -6.557849999877376, 0.0 ], [ 106.649850000377413, -6.557820000292605, 0.0 ], [ 106.649440000355924, -6.557789999808463, 0.0 ], [ 106.648629999874743, -6.557709999716579, 0.0 ], [ 106.648409999621975, -6.557709999716579, 0.0 ], [ 106.648070000130573, -6.557749999762521, 0.0 ], [ 106.647869999900777, -6.557769999785492, 0.0 ], [ 106.646969999765915, -6.557970000015292, 0.0 ], [ 106.64664723937878, -6.558040741586826, 0.0 ], [ 106.646240000275981, -6.558130000199149, 0.0 ], [ 106.645670000070552, -6.558270000360125, 0.0 ], [ 106.645229999565004, -6.558369999575611, 0.0 ], [ 106.644890000073602, -6.558449999667584, 0.0 ], [ 106.644640000235967, -6.558520000197667, 0.0 ], [ 106.644449999567968, -6.558580000266669, 0.0 ], [ 106.644290000283405, -6.558620000312612, 0.0 ], [ 106.644139999661434, -6.558669999920443, 0.0 ], [ 106.64400999996171, -6.558709999966386, 0.0 ], [ 106.643889999823799, -6.558770000035299, 0.0 ], [ 106.643769999685887, -6.558819999643131, 0.0 ], [ 106.643660000009135, -6.558870000150243, 0.0 ], [ 106.643539999871308, -6.558919999757986, 0.0 ], [ 106.643450000217541, -6.558970000265187, 0.0 ], [ 106.643339999641427, -6.559030000334101, 0.0 ], [ 106.643240000425848, -6.559079999941932, 0.0 ], [ 106.643140000310993, -6.559140000010846, 0.0 ], [ 106.643040000196052, -6.559200000079759, 0.0 ], [ 106.642929999620023, -6.559249999687591, 0.0 ], [ 106.642830000404359, -6.559309999756504, 0.0 ], [ 106.64271999982833, -6.559360000263705, 0.0 ], [ 106.642619999713389, -6.559409999871448, 0.0 ], [ 106.642510000036651, -6.559460000378561, 0.0 ], [ 106.642400000359899, -6.559509999986304, 0.0 ], [ 106.642289999783785, -6.559550000032246, 0.0 ], [ 106.642180000107132, -6.559599999640078, 0.0 ], [ 106.642079999992177, -6.559619999663049, 0.0 ], [ 106.641970000315439, -6.55965000014719, 0.0 ], [ 106.64185999973941, -6.559679999732051, 0.0 ], [ 106.641750000062672, -6.559710000216192, 0.0 ], [ 106.64164000038592, -6.559730000239163, 0.0 ], [ 106.641638040763155, -6.559730588395798, 0.0 ], [ 106.641540000270979, -6.559759999824024, 0.0 ], [ 106.641440000156123, -6.559770000285106, 0.0 ], [ 106.641373542954781, -6.559783291365608, 0.0 ], [ 106.641340000041183, -6.559790000308077, 0.0 ], [ 106.641239999926228, -6.559810000331048, 0.0 ], [ 106.641150000272461, -6.559819999892937, 0.0 ], [ 106.641079999742374, -6.559830000354019, 0.0 ], [ 106.640979999627433, -6.559839999915908, 0.0 ], [ 106.640909999996637, -6.559850000377079, 0.0 ], [ 106.640840000365912, -6.55985999993888, 0.0 ], [ 106.64076999983584, -6.55985999993888, 0.0 ], [ 106.640709999766827, -6.55987000040005, 0.0 ], [ 106.640609999651886, -6.55987000040005, 0.0 ], [ 106.640510000436308, -6.55987000040005, 0.0 ], [ 106.64041999988325, -6.559850000377079, 0.0 ], [ 106.640330000229483, -6.559839999915908, 0.0 ], [ 106.640210000091571, -6.559810000331048, 0.0 ], [ 106.640080000391848, -6.559770000285106, 0.0 ], [ 106.639980000276992, -6.559730000239163, 0.0 ], [ 106.639900000185023, -6.559699999755022, 0.0 ], [ 106.639829999654935, -6.55967000017025, 0.0 ], [ 106.639769999586022, -6.55963999968602, 0.0 ], [ 106.639679999932255, -6.559610000101248, 0.0 ], [ 106.639599999840271, -6.559579999617107, 0.0 ], [ 106.639519999748387, -6.559539999571165, 0.0 ], [ 106.63943000009462, -6.559509999986304, 0.0 ], [ 106.639320000417882, -6.559480000401532, 0.0 ], [ 106.639229999864739, -6.55944000035559, 0.0 ], [ 106.639120000187987, -6.559420000332619, 0.0 ], [ 106.63900000005016, -6.559389999848477, 0.0 ], [ 106.638870000350437, -6.559360000263705, 0.0 ], [ 106.638730000189554, -6.559340000240645, 0.0 ], [ 106.638570000005615, -6.559320000217674, 0.0 ], [ 106.638389999798875, -6.559309999756504, 0.0 ], [ 106.638088463411989, -6.559453250966598, 0.0 ], [ 106.638087527217849, -6.559166556990839, 0.0 ], [ 106.638024560285459, -6.55850649238058, 0.0 ], [ 106.637769767960634, -6.55762985843106, 0.0 ], [ 106.637558526205169, -6.556787833991198, 0.0 ], [ 106.637461323881197, -6.556284260410141, 0.0 ], [ 106.637412524868267, -6.555827492944246, 0.0 ], [ 106.637510469133062, -6.555371882006558, 0.0 ], [ 106.637865505289, -6.555023212151347, 0.0 ], [ 106.637906520669517, -6.555008767240658, 0.0 ], [ 106.638438198963883, -6.554821523894052, 0.0 ], [ 106.640378167918342, -6.555657897893532, 0.0 ], [ 106.641011386866197, -6.555369130980484, 0.0 ], [ 106.641647950392795, -6.554728344237528, 0.0 ], [ 106.641704077980975, -6.55467184433002, 0.0 ], [ 106.642283363686431, -6.553900395986325, 0.0 ], [ 106.642844366174799, -6.55320182960061, 0.0 ], [ 106.642894928758167, -6.553043193688293, 0.0 ], [ 106.643069521341488, -6.552495434616414, 0.0 ], [ 106.643581684347453, -6.55238081782036, 0.0 ], [ 106.643731926887099, -6.552412123220765, 0.0 ], [ 106.644320590722913, -6.552534777258003, 0.0 ], [ 106.645033779185695, -6.552793073341459, 0.0 ], [ 106.645640587743131, -6.552400135257876, 0.0 ], [ 106.645800712033406, -6.551394490862918, 0.0 ], [ 106.645810824010439, -6.55133098433728, 0.0 ], [ 106.645948705368681, -6.550991709699474, 0.0 ], [ 106.646120136835037, -6.550287439813332, 0.0 ], [ 106.646562602382346, -6.550112234791641, 0.0 ], [ 106.647084160605715, -6.550214777289955, 0.0 ], [ 106.647535219175239, -6.550382808419766, 0.0 ], [ 106.647962625574934, -6.550542027992048, 0.0 ], [ 106.648303486616811, -6.55048815770213, 0.0 ], [ 106.648535480228418, -6.550392456346668, 0.0 ], [ 106.648555605257172, -6.550315667733777, 0.0 ], [ 106.648681332277789, -6.549835962159758, 0.0 ], [ 106.648706365806376, -6.549523122194181, 0.0 ], [ 106.648809383146627, -6.549149211067053, 0.0 ], [ 106.649303796233369, -6.548921705971757, 0.0 ], [ 106.649737314425735, -6.548668338173105, 0.0 ], [ 106.650597516862121, -6.548726325559286, 0.0 ], [ 106.651149220360395, -6.548739223636115, 0.0 ], [ 106.651249091872245, -6.548741559175522, 0.0 ], [ 106.651665034613842, -6.548427433179285, 0.0 ], [ 106.651594031339641, -6.548141988361902, 0.0 ], [ 106.651550592286213, -6.547967359805664, 0.0 ], [ 106.650793832569462, -6.547665777553426, 0.0 ], [ 106.650263162415158, -6.547432952968215, 0.0 ], [ 106.650103717113041, -6.546495201991789, 0.0 ], [ 106.650142376269798, -6.546314053350724, 0.0 ], [ 106.650257711624221, -6.5457736147604, 0.0 ], [ 106.651220726355646, -6.545396877963441, 0.0 ], [ 106.651383997373685, -6.545389911814805, 0.0 ], [ 106.652323812294327, -6.545349813742742, 0.0 ], [ 106.652706517891673, -6.545185039058179, 0.0 ], [ 106.652715049759962, -6.545181365327615, 0.0 ], [ 106.652843508021675, -6.544887654841283, 0.0 ], [ 106.652850594679336, -6.544401119815682, 0.0 ], [ 106.652257835330971, -6.54377755329131, 0.0 ], [ 106.651515774133856, -6.542659276004628, 0.0 ], [ 106.651488572339886, -6.542311856207075, 0.0 ], [ 106.65206167160899, -6.54224047072093, 0.0 ], [ 106.652661630929714, -6.542412253822274, 0.0 ], [ 106.653296308578007, -6.542575232560779, 0.0 ], [ 106.653975131247464, -6.54242875818051, 0.0 ], [ 106.654588439205298, -6.541902027956006, 0.0 ], [ 106.65535470025938, -6.541379026320762, 0.0 ], [ 106.655419886718633, -6.541334533261836, 0.0 ], [ 106.655961402696732, -6.540373274906432, 0.0 ], [ 106.656090260257542, -6.540032391381558, 0.0 ], [ 106.656249999638021, -6.539809999831405, 0.0 ], [ 106.656240000076124, -6.541030000334072, 0.0 ], [ 106.656260000099095, -6.541329999779535, 0.0 ], [ 106.656289999683864, -6.541480000401503, 0.0 ], [ 106.656440000305921, -6.541619999663109, 0.0 ], [ 106.656619999613469, -6.541739999801024, 0.0 ], [ 106.656899999935249, -6.541799999869937, 0.0 ], [ 106.657920000208023, -6.541699999754993, 0.0 ], [ 106.658499999975263, -6.541710000216163, 0.0 ], [ 106.658700000205059, -6.541730000239134, 0.0 ], [ 106.658990000088551, -6.541839999915879, 0.0 ], [ 106.659230000364374, -6.541980000076766, 0.0 ], [ 106.659399708729694, -6.542142637972184, 0.0 ], [ 106.659469999740836, -6.542209999891426, 0.0 ], [ 106.659569999855776, -6.542310000006371, 0.0 ], [ 106.659739999601442, -6.542650000397057, 0.0 ], [ 106.659970000315383, -6.542960000303601, 0.0 ], [ 106.660089999554017, -6.543150000072231, 0.0 ], [ 106.66012999959996, -6.543299999795007, 0.0 ], [ 106.66012999959996, -6.543327519049615, 0.0 ], [ 106.66012999959996, -6.543370000325091, 0.0 ], [ 106.660150623752472, -6.543410101994453, 0.0 ], [ 106.660490000013709, -6.544070000230153, 0.0 ], [ 106.660980000127068, -6.544460000228671, 0.0 ], [ 106.661129999849763, -6.544560000343616, 0.0 ], [ 106.661299999595514, -6.544600000389558, 0.0 ], [ 106.661410000171543, -6.544509999836503, 0.0 ], [ 106.661516353996745, -6.544436795921218, 0.0 ], [ 106.662179999707405, -6.543979999677099, 0.0 ], [ 106.662419999983143, -6.543749999862438, 0.0 ], [ 106.662589999728894, -6.543489999563725, 0.0 ], [ 106.662715484831907, -6.543151736663191, 0.0 ], [ 106.662820000442835, -6.542869999750547, 0.0 ], [ 106.662970000165515, -6.542579999866884, 0.0 ], [ 106.663229999564948, -6.541980000076766, 0.0 ], [ 106.663319100796059, -6.541796049148143, 0.0 ], [ 106.663540000370958, -6.541340000240705, 0.0 ], [ 106.663587466588496, -6.541256932561215, 0.0 ], [ 106.663659999609507, -6.541130000449016, 0.0 ], [ 106.663770000185522, -6.54101999987299, 0.0 ], [ 106.663939999931273, -6.540919999758046, 0.0 ], [ 106.664069999630982, -6.540910000196156, 0.0 ], [ 106.664120000138098, -6.541160000033788, 0.0 ], [ 106.664269999860792, -6.541189999618648, 0.0 ], [ 106.664510000136531, -6.541160000033788, 0.0 ], [ 106.664630000274443, -6.541180000056759, 0.0 ], [ 106.664920142250935, -6.541470141133967, 0.0 ], [ 106.664940000181076, -6.541489999963304, 0.0 ], [ 106.665270000110596, -6.542359999614114, 0.0 ], [ 106.665379999787348, -6.542709999566689, 0.0 ], [ 106.665479999902203, -6.542829999704605, 0.0 ], [ 106.6656000000402, -6.542920000257659, 0.0 ], [ 106.665634197660225, -6.542927523985878, 0.0 ], [ 106.666099999715371, -6.543029999934404, 0.0 ], [ 106.666500000175063, -6.543049999957375, 0.0 ], [ 106.666680000381888, -6.543040000395575, 0.0 ], [ 106.666810000081611, -6.542969999865402, 0.0 ], [ 106.667090000403377, -6.542809999681634, 0.0 ], [ 106.667229999664897, -6.54272999958966, 0.0 ], [ 106.667349999802809, -6.542709999566689, 0.0 ], [ 106.667639999686386, -6.542829999704605, 0.0 ], [ 106.667790000308443, -6.542900000234688, 0.0 ], [ 106.667969999615991, -6.542949999842431, 0.0 ], [ 106.667990346777188, -6.542942369994211, 0.0 ], [ 106.668289999983699, -6.542829999704605, 0.0 ], [ 106.668479999752336, -6.542740000050831, 0.0 ], [ 106.668550000282423, -6.54272999958966, 0.0 ], [ 106.668619999913219, -6.54272000002786, 0.0 ], [ 106.668602517092694, -6.542759337273409, 0.0 ], [ 106.668579999867276, -6.542809999681634, 0.0 ], [ 106.668530000259452, -6.542889999773518, 0.0 ], [ 106.668490000213509, -6.542969999865402, 0.0 ], [ 106.668439999706393, -6.543040000395575, 0.0 ], [ 106.668399999660451, -6.543110000026289, 0.0 ], [ 106.668359999614424, -6.543170000095202, 0.0 ], [ 106.66831000000667, -6.543259999748976, 0.0 ], [ 106.668229999914701, -6.543339999840949, 0.0 ], [ 106.668169999845787, -6.543410000371033, 0.0 ], [ 106.668089999753903, -6.543480000001836, 0.0 ], [ 106.668000000100136, -6.543529999609667, 0.0 ], [ 106.667949999592935, -6.54358000011678, 0.0 ], [ 106.667879999962224, -6.543600000139751, 0.0 ], [ 106.667790000308443, -6.543640000185693, 0.0 ], [ 106.667690000193588, -6.543680000231724, 0.0 ], [ 106.667639999686386, -6.543709999816496, 0.0 ], [ 106.667579999617473, -6.543740000300637, 0.0 ], [ 106.667480000401895, -6.543789999908469, 0.0 ], [ 106.667389999848837, -6.543849999977382, 0.0 ], [ 106.667320000218041, -6.543910000046296, 0.0 ], [ 106.667289999733896, -6.543990000138269, 0.0 ], [ 106.66726999971084, -6.544059999768983, 0.0 ], [ 106.66726999971084, -6.544139999860956, 0.0 ], [ 106.667289999733896, -6.544230000414011, 0.0 ], [ 106.667289999733896, -6.544320000067785, 0.0 ], [ 106.667289999733896, -6.544389999698588, 0.0 ], [ 106.667289999733896, -6.544469999790561, 0.0 ], [ 106.66726999971084, -6.544540000320556, 0.0 ], [ 106.667229999664897, -6.544600000389558, 0.0 ], [ 106.667180000057158, -6.544649999997301, 0.0 ], [ 106.667110000426348, -6.544690000043332, 0.0 ], [ 106.667059999919246, -6.544719999628104, 0.0 ], [ 106.666979999827262, -6.544770000135216, 0.0 ], [ 106.666910000196552, -6.544810000181158, 0.0 ], [ 106.666859999689351, -6.544839999766019, 0.0 ], [ 106.666810000081611, -6.544890000273131, 0.0 ], [ 106.666759999574495, -6.544930000319074, 0.0 ], [ 106.66672000042783, -6.544979999926905, 0.0 ], [ 106.666680000381888, -6.545039999995819, 0.0 ], [ 106.666649999897743, -6.545100000064821, 0.0 ], [ 106.666609999851801, -6.545189999718595, 0.0 ], [ 106.666580000266947, -6.545269999810479, 0.0 ], [ 106.666569999805773, -6.545340000340563, 0.0 ], [ 106.666560000243976, -6.545400000409565, 0.0 ], [ 106.666560000243976, -6.545479999602168, 0.0 ], [ 106.666560000243976, -6.545539999671082, 0.0 ], [ 106.66658999982883, -6.545599999739995, 0.0 ], [ 106.666640000335946, -6.545650000247196, 0.0 ], [ 106.666689999943785, -6.545679999831968, 0.0 ], [ 106.666770000035669, -6.54571999987791, 0.0 ], [ 106.666859999689351, -6.545779999946912, 0.0 ], [ 106.66693999978132, -6.545840000015826, 0.0 ], [ 106.667010000311407, -6.545889999623657, 0.0 ], [ 106.667039999896275, -6.545969999715542, 0.0 ], [ 106.667050000357349, -6.546040000245714, 0.0 ], [ 106.667019999873304, -6.546109999876428, 0.0 ], [ 106.666979999827262, -6.546180000406512, 0.0 ], [ 106.66693999978132, -6.546230000014344, 0.0 ], [ 106.666890000173581, -6.546290000083257, 0.0 ], [ 106.666830000104582, -6.54635999971406, 0.0 ], [ 106.666787990973205, -6.546410411211347, 0.0 ], [ 106.666779999597466, -6.546419999782973, 0.0 ], [ 106.666709999966756, -6.546479999851975, 0.0 ], [ 106.666640000335946, -6.54657000040503, 0.0 ], [ 106.66658999982883, -6.546640000035833, 0.0 ], [ 106.666540000221005, -6.546680000081775, 0.0 ], [ 106.666489999713889, -6.546740000150777, 0.0 ], [ 106.666449999667947, -6.54680000021969, 0.0 ], [ 106.666400000060122, -6.546849999827522, 0.0 ], [ 106.666339999991209, -6.546940000380577, 0.0 ], [ 106.666328572305915, -6.546957140559453, 0.0 ], [ 106.666299999945267, -6.54700000044949, 0.0 ], [ 106.666250000337428, -6.547079999642094, 0.0 ], [ 106.666219999853297, -6.547139999711096, 0.0 ], [ 106.666190000268514, -6.547199999780009, 0.0 ], [ 106.666159999784284, -6.547290000333064, 0.0 ], [ 106.666099999715371, -6.54740999957161, 0.0 ], [ 106.6660799996924, -6.547489999663583, 0.0 ], [ 106.666059999669429, -6.547560000193666, 0.0 ], [ 106.666050000107631, -6.547629999824469, 0.0 ], [ 106.666050000107631, -6.547720000377613, 0.0 ], [ 106.666059999669429, -6.547810000031298, 0.0 ], [ 106.666070000130603, -6.547879999662101, 0.0 ], [ 106.6660799996924, -6.547950000192184, 0.0 ], [ 106.666099999715371, -6.548010000261097, 0.0 ], [ 106.666139999761313, -6.5480700003301, 0.0 ], [ 106.666170000245458, -6.548130000399013, 0.0 ], [ 106.666199999830326, -6.548189999568645, 0.0 ], [ 106.666239999876268, -6.548260000098729, 0.0 ], [ 106.66627999992221, -6.548340000190702, 0.0 ], [ 106.666319999968238, -6.548449999867447, 0.0 ], [ 106.666339999991209, -6.548520000397531, 0.0 ], [ 106.666349999553006, -6.548610000051305, 0.0 ], [ 106.666339999991209, -6.548699999705079, 0.0 ], [ 106.666319999968238, -6.548759999773992, 0.0 ], [ 106.66627999992221, -6.548850000327135, 0.0 ], [ 106.666210000291485, -6.54893000041902, 0.0 ], [ 106.666170000245458, -6.548980000026763, 0.0 ], [ 106.666130000199516, -6.549040000095765, 0.0 ], [ 106.666070000130603, -6.549089999703508, 0.0 ], [ 106.666010000061689, -6.54916000023368, 0.0 ], [ 106.665949999992691, -6.549229999864483, 0.0 ], [ 106.665900000384937, -6.549289999933396, 0.0 ], [ 106.665840000315939, -6.54935000000231, 0.0 ], [ 106.665789999808823, -6.549419999633113, 0.0 ], [ 106.66574999976288, -6.549479999702026, 0.0 ], [ 106.665720000178027, -6.549550000232198, 0.0 ], [ 106.665689999693882, -6.549599999839941, 0.0 ] ] ] ] } }
]
}
