{
"type": "FeatureCollection",
"name": "CILEUNGSI",
"crs": { "type": "name", "properties": { "name": "urn:ogc:def:crs:OGC:1.3:CRS84" } },
"features": [
{ "type": "Feature", "properties": { "PROVNO": "32", "KABKOTNO": "01", "KECNO": "180", "DESANO": "010", "PROVINSI": "JAWA BARAT", "KABKOT": "BOGOR", "KECAMATAN": "CILEUNGSI", "ID2013": "3201180010", "DESA": "DAYEUH", "DESA_1": "DAYEUH", "ID2012": "3201180010", "IDKAB2": "3201", "IDKEC_2": "3201180", "WILAYAH": "TIMUR" }, "geometry": { "type": "MultiPolygon", "coordinates": [ [ [ [ 106.980659999659494, -6.418939999880937, 0.0 ], [ 106.980730000189482, -6.418939999880937, 0.0 ], [ 106.981390000048606, -6.418899999834995, 0.0 ], [ 106.981610000301472, -6.418939999880937, 0.0 ], [ 106.981780000047124, -6.419010000411021, 0.0 ], [ 106.982000000299905, -6.419149999672626, 0.0 ], [ 106.982459999929219, -6.419450000017282, 0.0 ], [ 106.982510000436335, -6.419490000063313, 0.0 ], [ 106.982720000228028, -6.419630000224199, 0.0 ], [ 106.982869999950708, -6.419710000316083, 0.0 ], [ 106.983019999673488, -6.419819999992828, 0.0 ], [ 106.983219999903284, -6.420149999922344, 0.0 ], [ 106.98342000013308, -6.420350000152233, 0.0 ], [ 106.983569999855774, -6.420490000313119, 0.0 ], [ 106.98399999990032, -6.420729999689581, 0.0 ], [ 106.984120000038146, -6.420809999781554, 0.0 ], [ 106.984149999622915, -6.420920000357579, 0.0 ], [ 106.984160000084088, -6.421070000080267, 0.0 ], [ 106.984109999576972, -6.42113999971107, 0.0 ], [ 106.983739999601511, -6.421500000124727, 0.0 ], [ 106.983580000316948, -6.421669999870474, 0.0 ], [ 106.983469999740834, -6.421879999662075, 0.0 ], [ 106.98330259633795, -6.422315249948642, 0.0 ], [ 106.9832700004104, -6.422400000259678, 0.0 ], [ 106.983152878102985, -6.422699312623017, 0.0 ], [ 106.983090000203475, -6.42285999988891, 0.0 ], [ 106.983027400194572, -6.423029915098368, 0.0 ], [ 106.983019999673488, -6.423049999657628, 0.0 ], [ 106.982889999973679, -6.423399999610115, 0.0 ], [ 106.982877387881331, -6.423425223794901, 0.0 ], [ 106.982809999881709, -6.423559999793973, 0.0 ], [ 106.982670368442939, -6.423926532883009, 0.0 ], [ 106.982649999697941, -6.423980000276632, 0.0 ], [ 106.98256000004416, -6.424170000045351, 0.0 ], [ 106.98247999995219, -6.424459999928924, 0.0 ], [ 106.982282206658709, -6.425242929017863, 0.0 ], [ 106.982239999676452, -6.425409999671619, 0.0 ], [ 106.982170000045642, -6.425830000154278, 0.0 ], [ 106.9821299999997, -6.426030000384078, 0.0 ], [ 106.982162189433666, -6.426545018737464, 0.0 ], [ 106.982170000045642, -6.426670000220138, 0.0 ], [ 106.982239999676452, -6.427209999941432, 0.0 ], [ 106.982259999699423, -6.427639999985804, 0.0 ], [ 106.982279999722394, -6.428130000099266, 0.0 ], [ 106.982300093274901, -6.428406833008751, 0.0 ], [ 106.982370000275438, -6.429369999725534, 0.0 ], [ 106.982397100445993, -6.429654553314847, 0.0 ], [ 106.982450000367422, -6.430209999791483, 0.0 ], [ 106.982490000413364, -6.430539999721088, 0.0 ], [ 106.982499999975161, -6.430639999836032, 0.0 ], [ 106.982529999560029, -6.430849999627632, 0.0 ], [ 106.982534670638657, -6.430959759185342, 0.0 ], [ 106.982549999583, -6.431319999718035, 0.0 ], [ 106.982600000090102, -6.431929999969412, 0.0 ], [ 106.982600000090102, -6.432030000084268, 0.0 ], [ 106.982649999697941, -6.432640000335557, 0.0 ], [ 106.982660000159015, -6.432830000104275, 0.0 ], [ 106.982689999743883, -6.433090000402988, 0.0 ], [ 106.982729999789825, -6.433659999709054, 0.0 ], [ 106.982789999858738, -6.434300000444484, 0.0 ], [ 106.982809999881709, -6.434639999935889, 0.0 ], [ 106.982886772306841, -6.435778778167869, 0.0 ], [ 106.982930000019707, -6.436420000182732, 0.0 ], [ 106.982950000042678, -6.436659999559193, 0.0 ], [ 106.983299999995168, -6.436569999905419, 0.0 ], [ 106.983440000156051, -6.436529999859388, 0.0 ], [ 106.983389999648949, -6.436620000412532, 0.0 ], [ 106.983139999811314, -6.436879999811964, 0.0 ], [ 106.982979999627446, -6.437019999972851, 0.0 ], [ 106.982849999927737, -6.437300000294623, 0.0 ], [ 106.982589999628942, -6.437550000132255, 0.0 ], [ 106.98247999995219, -6.437630000224139, 0.0 ], [ 106.982319999768336, -6.437639999786029, 0.0 ], [ 106.982080000391875, -6.438599999989805, 0.0 ], [ 106.98190000018505, -6.439469999640615, 0.0 ], [ 106.981550000232559, -6.439959999753988, 0.0 ], [ 106.981000000050088, -6.440209999591708, 0.0 ], [ 106.980420000282948, -6.440560000443476, 0.0 ], [ 106.980416028876803, -6.440560593096691, 0.0 ], [ 106.97974999996265, -6.440659999659051, 0.0 ], [ 106.979580000216998, -6.441060000118739, 0.0 ], [ 106.97927000031045, -6.441140000210712, 0.0 ], [ 106.979159999734335, -6.441470000140228, 0.0 ], [ 106.978720000128078, -6.441619999862915, 0.0 ], [ 106.97862999957502, -6.442009999861433, 0.0 ], [ 106.978519999898282, -6.441969999815491, 0.0 ], [ 106.978476830641398, -6.44194336369516, 0.0 ], [ 106.97804999980778, -6.441679999931829, 0.0 ], [ 106.977499999625493, -6.441439999656087, 0.0 ], [ 106.977400000409915, -6.441370000025284, 0.0 ], [ 106.977320000317945, -6.44130000039457, 0.0 ], [ 106.977260000248947, -6.441249999887457, 0.0 ], [ 106.977180000157063, -6.441200000279625, 0.0 ], [ 106.976939999881239, -6.441060000118739, 0.0 ], [ 106.976739999651429, -6.440950000441994, 0.0 ], [ 106.976179999907259, -6.44087999991191, 0.0 ], [ 106.975860000438814, -6.44085000032705, 0.0 ], [ 106.97533999984131, -6.440549999982395, 0.0 ], [ 106.975110000026646, -6.440420000282678, 0.0 ], [ 106.974900000234953, -6.440369999775477, 0.0 ], [ 106.974379999637449, -6.440349999752506, 0.0 ], [ 106.974089999753872, -6.440349999752506, 0.0 ], [ 106.973599999640413, -6.440369999775477, 0.0 ], [ 106.973209999641981, -6.440400000259707, 0.0 ], [ 106.972999999850288, -6.440389999798448, 0.0 ], [ 106.972750000012653, -6.440349999752506, 0.0 ], [ 106.972629999874741, -6.440289999683593, 0.0 ], [ 106.972520000197989, -6.440180000006848, 0.0 ], [ 106.972469999690972, -6.440059999868932, 0.0 ], [ 106.972500000175017, -6.439939999731017, 0.0 ], [ 106.97236000001422, -6.439959999753988, 0.0 ], [ 106.972090000153543, -6.440090000353074, 0.0 ], [ 106.971949999992646, -6.440209999591708, 0.0 ], [ 106.971900000384906, -6.440349999752506, 0.0 ], [ 106.97176999978582, -6.440859999888939, 0.0 ], [ 106.971649999647909, -6.44130000039457, 0.0 ], [ 106.971410000271447, -6.441929999769549, 0.0 ], [ 106.971330000179563, -6.44215000002232, 0.0 ], [ 106.971250000087593, -6.442219999653123, 0.0 ], [ 106.971199999580477, -6.442270000160235, 0.0 ], [ 106.970949999742842, -6.442499999974896, 0.0 ], [ 106.970730000389352, -6.442729999789467, 0.0 ], [ 106.970670000320439, -6.442760000273609, 0.0 ], [ 106.970380000436776, -6.44301000011124, 0.0 ], [ 106.970040000046183, -6.443329999579674, 0.0 ], [ 106.969630000024694, -6.443629999924418, 0.0 ], [ 106.969300000095089, -6.443870000200249, 0.0 ], [ 106.969309999656971, -6.443930000269162, 0.0 ], [ 106.969309999656971, -6.444109999576622, 0.0 ], [ 106.969280000072118, -6.444209999691566, 0.0 ], [ 106.969150000372395, -6.44430999980651, 0.0 ], [ 106.968953079421212, -6.444444015878439, 0.0 ], [ 106.968430000444357, -6.444799999919884, 0.0 ], [ 106.968259999799329, -6.444900000034828, 0.0 ], [ 106.968119999638446, -6.444969999665631, 0.0 ], [ 106.967940000330898, -6.445109999826428, 0.0 ], [ 106.967519999848236, -6.445260000448485, 0.0 ], [ 106.967350000102584, -6.445410000171172, 0.0 ], [ 106.966880000012182, -6.445849999777522, 0.0 ], [ 106.966779999897241, -6.446099999615154, 0.0 ], [ 106.966579999667431, -6.446170000145237, 0.0 ], [ 106.966420000382868, -6.44625000023721, 0.0 ], [ 106.966289999783868, -6.446359999913867, 0.0 ], [ 106.966249999737926, -6.446500000074753, 0.0 ], [ 106.966200000130087, -6.446569999705556, 0.0 ], [ 106.966050000407407, -6.446620000212668, 0.0 ], [ 106.96568000043186, -6.446780000396526, 0.0 ], [ 106.96560000033989, -6.446899999635072, 0.0 ], [ 106.965420000133051, -6.447150000372073, 0.0 ], [ 106.965270000410371, -6.447249999587648, 0.0 ], [ 106.964979999627516, -6.447449999817447, 0.0 ], [ 106.964290000183524, -6.448069999630626, 0.0 ], [ 106.964239999676423, -6.448109999676568, 0.0 ], [ 106.964190000068669, -6.448140000160709, 0.0 ], [ 106.963969999815816, -6.448189999768452, 0.0 ], [ 106.96388000016205, -6.448269999860425, 0.0 ], [ 106.963690000393413, -6.448559999743999, 0.0 ], [ 106.963439999656416, -6.448869999650544, 0.0 ], [ 106.963209999841837, -6.449120000387545, 0.0 ], [ 106.963031462831864, -6.449244200359363, 0.0 ], [ 106.962980000027088, -6.449279999672122, 0.0 ], [ 106.96275999977432, -6.449359999764006, 0.0 ], [ 106.962639999636494, -6.449379999787066, 0.0 ], [ 106.962599999590552, -6.449310000156263, 0.0 ], [ 106.962469999890743, -6.44923000006429, 0.0 ], [ 106.962220000053122, -6.449089999903403, 0.0 ], [ 106.962092314309004, -6.448975082733757, 0.0 ], [ 106.962019999823312, -6.448909999696575, 0.0 ], [ 106.961500000125085, -6.448300000344567, 0.0 ], [ 106.961019999573509, -6.44773999970111, 0.0 ], [ 106.96082000024299, -6.447670000070307, 0.0 ], [ 106.960689999643904, -6.447659999609137, 0.0 ], [ 106.960519189609073, -6.447659999609137, 0.0 ], [ 106.960439999806368, -6.447659999609137, 0.0 ], [ 106.960470582151814, -6.447323595607326, 0.0 ], [ 106.960530000359412, -6.4466699998205, 0.0 ], [ 106.960499999875282, -6.445559999893948, 0.0 ], [ 106.960470000290414, -6.445249999987404, 0.0 ], [ 106.960479999852311, -6.445189999918401, 0.0 ], [ 106.960519999898253, -6.444989999688602, 0.0 ], [ 106.960629999574991, -6.444790000358083, 0.0 ], [ 106.96082000024299, -6.444389999898394, 0.0 ], [ 106.960929999919728, -6.444229999714537, 0.0 ], [ 106.961150000172594, -6.44389000022322, 0.0 ], [ 106.961259999849247, -6.443719999578192, 0.0 ], [ 106.961400000010144, -6.443549999832445, 0.0 ], [ 106.961540000171027, -6.443340000040756, 0.0 ], [ 106.961740000400908, -6.443130000249155, 0.0 ], [ 106.961839999616487, -6.442950000042327, 0.0 ], [ 106.961950000192516, -6.442660000158664, 0.0 ], [ 106.961999999800256, -6.442459999928865, 0.0 ], [ 106.961910393150248, -6.44143358838928, 0.0 ], [ 106.961890000123603, -6.441200000279625, 0.0 ], [ 106.961890000123603, -6.440969999565684, 0.0 ], [ 106.961879999662429, -6.440710000166252, 0.0 ], [ 106.961790001807302, -6.440686315620816, 0.0 ], [ 106.961695191679908, -6.440661365729241, 0.0 ], [ 106.961689999893707, -6.440659999659051, 0.0 ], [ 106.96160000023994, -6.44063999963608, 0.0 ], [ 106.961489999663911, -6.440619999613109, 0.0 ], [ 106.961379999987173, -6.440619999613109, 0.0 ], [ 106.960709999666875, -6.44063999963608, 0.0 ], [ 106.960189999968733, -6.440750000212194, 0.0 ], [ 106.959739999901302, -6.440950000441994, 0.0 ], [ 106.959619999763291, -6.441000000049826, 0.0 ], [ 106.959459931230995, -6.441071141819545, 0.0 ], [ 106.958719999628428, -6.441399999610145, 0.0 ], [ 106.957979999677434, -6.44171999997786, 0.0 ], [ 106.957757489416807, -6.441807414980119, 0.0 ], [ 106.957700000255016, -6.441829999654605, 0.0 ], [ 106.957540000071077, -6.441889999723607, 0.0 ], [ 106.956989999888791, -6.442080000391606, 0.0 ], [ 106.956800000120069, -6.442159999584121, 0.0 ], [ 106.956619999913244, -6.442239999676094, 0.0 ], [ 106.956350000052637, -6.442310000206177, 0.0 ], [ 106.956180000306887, -6.442339999790949, 0.0 ], [ 106.95613635980537, -6.442330302401391, 0.0 ], [ 106.956089999753928, -6.442319999767978, 0.0 ], [ 106.955989999638987, -6.442299999745007, 0.0 ], [ 106.955979768052032, -6.442294968038222, 0.0 ], [ 106.955380000286979, -6.442000000299632, 0.0 ], [ 106.955229999664923, -6.441929999769549, 0.0 ], [ 106.954934847565269, -6.44176688973003, 0.0 ], [ 106.954850000127578, -6.44171999997786, 0.0 ], [ 106.95468999994371, -6.441639999885886, 0.0 ], [ 106.954381963257163, -6.441482399992573, 0.0 ], [ 106.95382999985479, -6.441200000279625, 0.0 ], [ 106.953559999994184, -6.44108000014171, 0.0 ], [ 106.953493894427837, -6.441041989396137, 0.0 ], [ 106.953160000433869, -6.44085000032705, 0.0 ], [ 106.952980000227043, -6.440750000212194, 0.0 ], [ 106.95245999962944, -6.440540000420505, 0.0 ], [ 106.952189999768834, -6.440440000305649, 0.0 ], [ 106.951648453213679, -6.440422146964355, 0.0 ], [ 106.951413285894645, -6.440414393909002, 0.0 ], [ 106.951402291682612, -6.440414032381483, 0.0 ], [ 106.951280000072174, -6.440409999821508, 0.0 ], [ 106.951589999978722, -6.44022000005279, 0.0 ], [ 106.951779999747345, -6.440079999891903, 0.0 ], [ 106.952490000113585, -6.439649999847443, 0.0 ], [ 106.952360000413861, -6.439400000009812, 0.0 ], [ 106.952280000321892, -6.439259999848925, 0.0 ], [ 106.952229999814776, -6.439190000218122, 0.0 ], [ 106.951930000369401, -6.43872999968961, 0.0 ], [ 106.951890000323459, -6.438680000081778, 0.0 ], [ 106.951830000254461, -6.438599999989805, 0.0 ], [ 106.951610000001693, -6.438459999829007, 0.0 ], [ 106.951420000232972, -6.438359999714063, 0.0 ], [ 106.951260000049203, -6.438200000429486, 0.0 ], [ 106.951210000441364, -6.438140000360573, 0.0 ], [ 106.951340000141087, -6.438069999830489, 0.0 ], [ 106.951569999955751, -6.437989999738516, 0.0 ], [ 106.95169999965546, -6.437940000130773, 0.0 ], [ 106.951759999724374, -6.437869999600689, 0.0 ], [ 106.951779999747345, -6.437510000086224, 0.0 ], [ 106.95181000023149, -6.437089999603653, 0.0 ], [ 106.951939999931199, -6.436779999697109, 0.0 ], [ 106.951970000415344, -6.436609999951362, 0.0 ], [ 106.952009999562009, -6.436480000251645, 0.0 ], [ 106.9524283183124, -6.436318376791519, 0.0 ], [ 106.952450000067643, -6.436309999606618, 0.0 ], [ 106.952690000343381, -6.436090000253127, 0.0 ], [ 106.952750000412379, -6.435879999562157, 0.0 ], [ 106.952699999905263, -6.435720000277669, 0.0 ], [ 106.952490000113585, -6.435319999817981, 0.0 ], [ 106.952399999560527, -6.435040000395489, 0.0 ], [ 106.952430000044586, -6.434729999589663, 0.0 ], [ 106.952679999882292, -6.434089999753514, 0.0 ], [ 106.952739999951206, -6.433599999640141, 0.0 ], [ 106.952690000343381, -6.433119999987849, 0.0 ], [ 106.952610000251497, -6.43270000040447, 0.0 ], [ 106.952180000207036, -6.432050000107239, 0.0 ], [ 106.95197999997724, -6.431760000223665, 0.0 ], [ 106.951939999931199, -6.431430000294149, 0.0 ], [ 106.951979111447002, -6.431247481985594, 0.0 ], [ 106.95202999958498, -6.43100999981149, 0.0 ], [ 106.952160000184065, -6.430189999768512, 0.0 ], [ 106.952329999929731, -6.429139999910873, 0.0 ], [ 106.952320000367834, -6.428569999705616, 0.0 ], [ 106.952306747958261, -6.428393301809212, 0.0 ], [ 106.952289999883789, -6.428170000145297, 0.0 ], [ 106.952109999676864, -6.427949999892437, 0.0 ], [ 106.951553909285707, -6.427497586943911, 0.0 ], [ 106.951520000347912, -6.427470000240145, 0.0 ], [ 106.951240000026147, -6.427040000195685, 0.0 ], [ 106.951159999934262, -6.426790000358054, 0.0 ], [ 106.951210000441364, -6.42651999959817, 0.0 ], [ 106.951369999725856, -6.426309999806481, 0.0 ], [ 106.95147266273338, -6.426230668810131, 0.0 ], [ 106.951589999978722, -6.426140000060823, 0.0 ], [ 106.952140000161094, -6.425979999876876, 0.0 ], [ 106.952989999788841, -6.425719999578163, 0.0 ], [ 106.953210000041622, -6.425549999832505, 0.0 ], [ 106.953310000156563, -6.425349999602616, 0.0 ], [ 106.953312715209805, -6.425333708383754, 0.0 ], [ 106.953410000271418, -6.424749999812498, 0.0 ], [ 106.953490000363388, -6.424600000089722, 0.0 ], [ 106.953959999554513, -6.424199999630122, 0.0 ], [ 106.954310000406366, -6.423969999815462, 0.0 ], [ 106.955409999871748, -6.423610000301085, 0.0 ], [ 106.955955961198825, -6.423461640941799, 0.0 ], [ 106.956330000029666, -6.423359999564173, 0.0 ], [ 106.956499999775332, -6.423220000302567, 0.0 ], [ 106.95663738830504, -6.423007048036613, 0.0 ], [ 106.956700000005213, -6.422910000396023, 0.0 ], [ 106.955875621163131, -6.419826387877361, 0.0 ], [ 106.957726348592317, -6.419843566727081, 0.0 ], [ 106.958415321010449, -6.419849961806126, 0.0 ], [ 106.959002360670624, -6.419659122070644, 0.0 ], [ 106.959434480417102, -6.41938693326022, 0.0 ], [ 106.959551091010184, -6.41873111165129, 0.0 ], [ 106.96074224395953, -6.41643526657413, 0.0 ], [ 106.963085831346262, -6.417380355119153, 0.0 ], [ 106.963741231173032, -6.417666281073888, 0.0 ], [ 106.964240545564905, -6.417445040655902, 0.0 ], [ 106.964527326774885, -6.417330454436723, 0.0 ], [ 106.964804031081371, -6.417354978948921, 0.0 ], [ 106.965045252636457, -6.417399316425101, 0.0 ], [ 106.9660383388984, -6.417514662571513, 0.0 ], [ 106.966674382616802, -6.41771081909889, 0.0 ], [ 106.967447795079863, -6.417489391622002, 0.0 ], [ 106.967794883926942, -6.417325733895343, 0.0 ], [ 106.96804230360955, -6.417209072040855, 0.0 ], [ 106.968191663914382, -6.416955169145613, 0.0 ], [ 106.968230000214561, -6.416889999773492, 0.0 ], [ 106.968199999730331, -6.416729999589634, 0.0 ], [ 106.968219999753387, -6.416670000420002, 0.0 ], [ 106.968489999613908, -6.416570000305146, 0.0 ], [ 106.969159999934192, -6.416809999681519, 0.0 ], [ 106.969467232626911, -6.4169583185714, 0.0 ], [ 106.970320000367863, -6.417370000325064, 0.0 ], [ 106.970829999605016, -6.417760000323582, 0.0 ], [ 106.971474479863502, -6.418346641584129, 0.0 ], [ 106.971609999601966, -6.418469999790446, 0.0 ], [ 106.971510000386388, -6.418859999788964, 0.0 ], [ 106.97155000043233, -6.419030000433992, 0.0 ], [ 106.971660000109068, -6.419169999695598, 0.0 ], [ 106.971900000384906, -6.419309999856484, 0.0 ], [ 106.9720500001076, -6.419360000363596, 0.0 ], [ 106.972074772832713, -6.419358093800867, 0.0 ], [ 106.97217999980731, -6.419349999902426, 0.0 ], [ 106.972259999899194, -6.419260000248652, 0.0 ], [ 106.972267922027129, -6.419238215970715, 0.0 ], [ 106.972299999945221, -6.419149999672626, 0.0 ], [ 106.972513868620268, -6.418238733730366, 0.0 ], [ 106.972529999759885, -6.418170000345071, 0.0 ], [ 106.972589999828799, -6.418090000253098, 0.0 ], [ 106.97270999996671, -6.418050000207156, 0.0 ], [ 106.973030000334433, -6.417959999654101, 0.0 ], [ 106.973090000403346, -6.417879999562128, 0.0 ], [ 106.973260000149082, -6.417609999701526, 0.0 ], [ 106.973389999848806, -6.417549999632612, 0.0 ], [ 106.973530000009603, -6.417569999655584, 0.0 ], [ 106.973761802965015, -6.41761948575045, 0.0 ], [ 106.974419999683391, -6.417760000323582, 0.0 ], [ 106.974559999844274, -6.417789999908354, 0.0 ], [ 106.974920000257924, -6.417870000000327, 0.0 ], [ 106.975119999588443, -6.417919999608159, 0.0 ], [ 106.975469570564428, -6.417946890236639, 0.0 ], [ 106.975509999586961, -6.417950000092301, 0.0 ], [ 106.975589999678931, -6.417970000115272, 0.0 ], [ 106.976179999907259, -6.418039999746075, 0.0 ], [ 106.976509999836864, -6.418070000230127, 0.0 ], [ 106.976580000366852, -6.418090000253098, 0.0 ], [ 106.976770000135573, -6.41813999986093, 0.0 ], [ 106.97697000036537, -6.4181500003221, 0.0 ], [ 106.977109999626975, -6.418090000253098, 0.0 ], [ 106.977519999648464, -6.418019999723104, 0.0 ], [ 106.977699620341369, -6.418060822648677, 0.0 ], [ 106.978180000406866, -6.418170000345071, 0.0 ], [ 106.97833000012956, -6.418239999975874, 0.0 ], [ 106.978550000382327, -6.418420000182703, 0.0 ], [ 106.978769999735817, -6.418649999997363, 0.0 ], [ 106.978959655064244, -6.418870000250134, 0.0 ], [ 106.979019999573538, -6.418939999880937, 0.0 ], [ 106.979150000172538, -6.419100000064795, 0.0 ], [ 106.979239999826305, -6.419149999672626, 0.0 ], [ 106.979429999594942, -6.419140000110737, 0.0 ], [ 106.979549999732853, -6.419100000064795, 0.0 ], [ 106.979669999870765, -6.419039999995881, 0.0 ], [ 106.979792233025307, -6.419027499419396, 0.0 ], [ 106.980549999982742, -6.418950000342107, 0.0 ], [ 106.980659999659494, -6.418939999880937, 0.0 ] ] ] ] } },
{ "type": "Feature", "properties": { "PROVNO": "32", "KABKOTNO": "01", "KECNO": "180", "DESANO": "011", "PROVINSI": "JAWA BARAT", "KABKOT": "BOGOR", "KECAMATAN": "CILEUNGSI", "ID2013": "3201180011", "DESA": "MAMPIR", "DESA_1": "MAMPIR", "ID2012": "3201180011", "IDKAB2": "3201", "IDKEC_2": "3201180", "WILAYAH": "TIMUR" }, "geometry": { "type": "MultiPolygon", "coordinates": [ [ [ [ 107.019620000362949, -6.419570000155197, 0.0 ], [ 107.019460000178995, -6.419590000178257, 0.0 ], [ 107.018950000042651, -6.419619999763029, 0.0 ], [ 107.018809999881768, -6.419639999786, 0.0 ], [ 107.018649999697914, -6.419779999946886, 0.0 ], [ 107.01845000036738, -6.420020000222717, 0.0 ], [ 107.018350000252525, -6.420279999622061, 0.0 ], [ 107.017610000301431, -6.421150000172151, 0.0 ], [ 107.017459999679474, -6.421299999894927, 0.0 ], [ 107.017329999979665, -6.421339999940869, 0.0 ], [ 107.017189999818783, -6.42135999996384, 0.0 ], [ 107.017069999680956, -6.421449999617614, 0.0 ], [ 107.016790000258453, -6.42156000019364, 0.0 ], [ 107.016650000097655, -6.421649999847414, 0.0 ], [ 107.016579999567483, -6.421720000377587, 0.0 ], [ 107.016329999729862, -6.421709999916416, 0.0 ], [ 107.015449999617971, -6.42156999975553, 0.0 ], [ 107.014980000426846, -6.421509999686617, 0.0 ], [ 107.014920000357932, -6.421760000423529, 0.0 ], [ 107.014749999712905, -6.422130000398987, 0.0 ], [ 107.014539999921212, -6.42244999986751, 0.0 ], [ 107.014439999806271, -6.422560000443536, 0.0 ], [ 107.014399999760329, -6.422810000281078, 0.0 ], [ 107.014609999552022, -6.423100000164741, 0.0 ], [ 107.014649999597964, -6.423180000256625, 0.0 ], [ 107.01449999987527, -6.423359999564173, 0.0 ], [ 107.0144199997833, -6.42349000016317, 0.0 ], [ 107.014140000360896, -6.42371999997783, 0.0 ], [ 107.014080000291898, -6.423780000046833, 0.0 ], [ 107.014029999784867, -6.423980000276632, 0.0 ], [ 107.014020000222985, -6.424129999999408, 0.0 ], [ 107.013969999715869, -6.424230000114264, 0.0 ], [ 107.013869999600928, -6.424620000112782, 0.0 ], [ 107.013819999993189, -6.424909999996355, 0.0 ], [ 107.013799999970217, -6.425039999696072, 0.0 ], [ 107.013699999855262, -6.425409999671619, 0.0 ], [ 107.013439999556553, -6.42628000022162, 0.0 ], [ 107.013303265733356, -6.427108687715624, 0.0 ], [ 107.013109999626948, -6.428279999821953, 0.0 ], [ 107.012939999881297, -6.428789999958386, 0.0 ], [ 107.012879999812284, -6.429059999818989, 0.0 ], [ 107.012320000068115, -6.429859999838996, 0.0 ], [ 107.012178546602811, -6.430188373794223, 0.0 ], [ 107.012039999746335, -6.430510000136227, 0.0 ], [ 107.011560000094136, -6.431149999972376, 0.0 ], [ 107.011029999934735, -6.431700000154663, 0.0 ], [ 107.010499999775334, -6.432230000314156, 0.0 ], [ 107.010260000398858, -6.432609999851504, 0.0 ], [ 107.010149999822843, -6.432959999803991, 0.0 ], [ 107.010060000169062, -6.433509999986367, 0.0 ], [ 107.010310000006697, -6.434359999614117, 0.0 ], [ 107.010289999983726, -6.435020000372518, 0.0 ], [ 107.010619999913246, -6.435470000440038, 0.0 ], [ 107.010550000282436, -6.435840000415496, 0.0 ], [ 107.008999999850261, -6.435509999586699, 0.0 ], [ 107.008560000243989, -6.435350000302122, 0.0 ], [ 107.008409999621932, -6.435250000187178, 0.0 ], [ 107.008319999968165, -6.435199999680066, 0.0 ], [ 107.008259999899252, -6.435159999634124, 0.0 ], [ 107.008110000176572, -6.434989999888465, 0.0 ], [ 107.007979999577486, -6.43488000021172, 0.0 ], [ 107.007559999994186, -6.43465000039706, 0.0 ], [ 107.007339999741333, -6.434639999935889, 0.0 ], [ 107.006679999882209, -6.434579999866887, 0.0 ], [ 107.005540000370885, -6.434479999752032, 0.0 ], [ 107.00522999956506, -6.434450000167171, 0.0 ], [ 107.004939999681397, -6.4344300001442, 0.0 ], [ 107.003769999685929, -6.434390000098258, 0.0 ], [ 107.003510509302714, -6.434390000098258, 0.0 ], [ 107.003470000240469, -6.434390000098258, 0.0 ], [ 107.003430000194527, -6.43506000041846, 0.0 ], [ 107.003390000148585, -6.435600000139754, 0.0 ], [ 107.003330000079586, -6.436629999974333, 0.0 ], [ 107.00327999957247, -6.437420000432539, 0.0 ], [ 107.003240000425905, -6.437849999577718, 0.0 ], [ 107.003120000287893, -6.439110000126238, 0.0 ], [ 107.003109999826819, -6.439199999780012, 0.0 ], [ 107.00314000031095, -6.439830000054272, 0.0 ], [ 107.003149999872761, -6.439970000215158, 0.0 ], [ 107.003169999895732, -6.44022000005279, 0.0 ], [ 107.003169999895732, -6.440532285136626, 0.0 ], [ 107.003169999895732, -6.440960000003795, 0.0 ], [ 107.003169999895732, -6.441120000187741, 0.0 ], [ 107.003169999895732, -6.441350000002313, 0.0 ], [ 107.003169999895732, -6.441470000140228, 0.0 ], [ 107.003169999895732, -6.441590000278143, 0.0 ], [ 107.00312999984979, -6.442740000250637, 0.0 ], [ 107.00312999984979, -6.443079999742043, 0.0 ], [ 107.00312999984979, -6.443190000318069, 0.0 ], [ 107.003069999780877, -6.443259999948872, 0.0 ], [ 107.002960000104125, -6.44342999969453, 0.0 ], [ 107.002790000358374, -6.443699999555221, 0.0 ], [ 107.002739999851357, -6.443739999601164, 0.0 ], [ 107.002610000151549, -6.443839999716019, 0.0 ], [ 107.002499999575519, -6.443850000177189, 0.0 ], [ 107.002229999714828, -6.443839999716019, 0.0 ], [ 107.002120000038175, -6.443759999624135, 0.0 ], [ 107.001910000246482, -6.44364999994739, 0.0 ], [ 107.001689999993715, -6.443580000316587, 0.0 ], [ 107.001369999626007, -6.443529999809474, 0.0 ], [ 107.001320000018168, -6.443609999901447, 0.0 ], [ 107.001250000387358, -6.443699999555221, 0.0 ], [ 107.001119999788372, -6.443739999601164, 0.0 ], [ 107.000789999858767, -6.443839999716019, 0.0 ], [ 107.000609999651942, -6.443839999716019, 0.0 ], [ 106.999989999838846, -6.443839999716019, 0.0 ], [ 106.999929999769847, -6.443839999716019, 0.0 ], [ 106.999730000439328, -6.443950000292133, 0.0 ], [ 106.999470000140519, -6.443970000315105, 0.0 ], [ 106.998989999588957, -6.444180000106794, 0.0 ], [ 106.998681299202715, -6.444292255283148, 0.0 ], [ 106.998659999659438, -6.44430000024462, 0.0 ], [ 106.998509999936743, -6.444400000359565, 0.0 ], [ 106.998180000007139, -6.44451000003631, 0.0 ], [ 106.997819999593489, -6.44516999989543, 0.0 ], [ 106.997709999916736, -6.445189999918401, 0.0 ], [ 106.997529999709911, -6.445129999849399, 0.0 ], [ 106.997370000425335, -6.445029999734544, 0.0 ], [ 106.997299999895247, -6.444920000057799, 0.0 ], [ 106.997259999849305, -6.444750000312141, 0.0 ], [ 106.997250000287508, -6.444479999552168, 0.0 ], [ 106.997139999711393, -6.444010000361047, 0.0 ], [ 106.996929999919786, -6.443839999716019, 0.0 ], [ 106.996439999806327, -6.443340000040756, 0.0 ], [ 106.996230000014734, -6.443150000272126, 0.0 ], [ 106.995929999669897, -6.442979999627099, 0.0 ], [ 106.995759999924246, -6.442880000411524, 0.0 ], [ 106.99557000015561, -6.442820000342611, 0.0 ], [ 106.995380000386888, -6.442820000342611, 0.0 ], [ 106.994993408818885, -6.442876573994507, 0.0 ], [ 106.994970000365399, -6.442880000411524, 0.0 ], [ 106.994739999651372, -6.442900000434495, 0.0 ], [ 106.994679999582459, -6.442829999904411, 0.0 ], [ 106.994640000435794, -6.442720000227666, 0.0 ], [ 106.994540000320939, -6.442540000020838, 0.0 ], [ 106.994429999744824, -6.442490000413006, 0.0 ], [ 106.994329999629969, -6.442419999882922, 0.0 ], [ 106.994280000022144, -6.442310000206177, 0.0 ], [ 106.994210000391334, -6.442210000091322, 0.0 ], [ 106.994070000230536, -6.442129999999349, 0.0 ], [ 106.993820000392901, -6.442000000299632, 0.0 ], [ 106.993680000232018, -6.441869999700547, 0.0 ], [ 106.993370000325484, -6.441559999794002, 0.0 ], [ 106.993310000256471, -6.44151000018617, 0.0 ], [ 106.993159999634415, -6.441379999587085, 0.0 ], [ 106.993049999957677, -6.441220000302597, 0.0 ], [ 106.992940000280925, -6.441109999726571, 0.0 ], [ 106.992869999750837, -6.44110000016477, 0.0 ], [ 106.992789999658953, -6.441149999772513, 0.0 ], [ 106.992670000420333, -6.441340000440512, 0.0 ], [ 106.992410000121609, -6.44130000039457, 0.0 ], [ 106.992009999661917, -6.441120000187741, 0.0 ], [ 106.991960000054092, -6.441029999634598, 0.0 ], [ 106.991960000054092, -6.440890000372992, 0.0 ], [ 106.99200000010012, -6.440710000166252, 0.0 ], [ 106.992169999845785, -6.440679999682022, 0.0 ], [ 106.99249999977539, -6.440619999613109, 0.0 ], [ 106.992470000190522, -6.440549999982395, 0.0 ], [ 106.992370000075582, -6.440489999913392, 0.0 ], [ 106.992249999937755, -6.440400000259707, 0.0 ], [ 106.992249999937755, -6.440329999729535, 0.0 ], [ 106.992319999568466, -6.440300000144674, 0.0 ], [ 106.99241999968342, -6.440249999637651, 0.0 ], [ 106.992428016240169, -6.440221945286364, 0.0 ], [ 106.992439999706392, -6.440180000006848, 0.0 ], [ 106.992399999660449, -6.440119999937934, 0.0 ], [ 106.992310000006668, -6.440079999891903, 0.0 ], [ 106.992209999891813, -6.44001999982299, 0.0 ], [ 106.992229999914784, -6.439919999708046, 0.0 ], [ 106.992269999960726, -6.439830000054272, 0.0 ], [ 106.992379999637379, -6.439660000308614, 0.0 ], [ 106.992359999614408, -6.439569999755559, 0.0 ], [ 106.992289999983697, -6.439469999640615, 0.0 ], [ 106.992140000261003, -6.43935999996387, 0.0 ], [ 106.991940000031121, -6.439279999871896, 0.0 ], [ 106.991884965119198, -6.439254984329903, 0.0 ], [ 106.991830000354383, -6.439230000264153, 0.0 ], [ 106.991639999686384, -6.439179999757041, 0.0 ], [ 106.991400000310009, -6.439139999711099, 0.0 ], [ 106.991033111089394, -6.439024140051899, 0.0 ], [ 106.991019999873288, -6.439019999573095, 0.0 ], [ 106.990779999597464, -6.439010000011294, 0.0 ], [ 106.990640000335944, -6.439050000057325, 0.0 ], [ 106.990589999828828, -6.439130000149209, 0.0 ], [ 106.990569999805857, -6.439250000287124, 0.0 ], [ 106.990549999782885, -6.439540000170698, 0.0 ], [ 106.990489999713887, -6.439640000285642, 0.0 ], [ 106.990400000060106, -6.439680000331585, 0.0 ], [ 106.990270000360397, -6.439700000354556, 0.0 ], [ 106.990130000199514, -6.439669999870414, 0.0 ], [ 106.990070000130601, -6.439569999755559, 0.0 ], [ 106.989959999554486, -6.439420000032872, 0.0 ], [ 106.989840000315937, -6.439409999571613, 0.0 ], [ 106.989640000086126, -6.439469999640615, 0.0 ], [ 106.989419999833274, -6.439489999663586, 0.0 ], [ 106.989060000318986, -6.439520000147727, 0.0 ], [ 106.988759999974235, -6.43958000021664, 0.0 ], [ 106.9883999995605, -6.439529999709617, 0.0 ], [ 106.988390949682753, -6.439529275755298, 0.0 ], [ 106.988149999722864, -6.439509999686557, 0.0 ], [ 106.987659999609491, -6.439489999663586, 0.0 ], [ 106.986620000213023, -6.439279999871896, 0.0 ], [ 106.986509999636908, -6.439409999571613, 0.0 ], [ 106.986270000260532, -6.439620000262671, 0.0 ], [ 106.986110000076593, -6.439500000124756, 0.0 ], [ 106.986080540984361, -6.439478574676318, 0.0 ], [ 106.986000000399841, -6.439420000032872, 0.0 ], [ 106.985909999846797, -6.439339999940898, 0.0 ], [ 106.985900000284985, -6.439250000287124, 0.0 ], [ 106.985840000215987, -6.439179999757041, 0.0 ], [ 106.98572000007816, -6.439110000126238, 0.0 ], [ 106.985410000171527, -6.439000000449493, 0.0 ], [ 106.985349491086311, -6.439006722881793, 0.0 ], [ 106.985229999964702, -6.439019999573095, 0.0 ], [ 106.985160000333892, -6.439110000126238, 0.0 ], [ 106.985149999872732, -6.439190000218122, 0.0 ], [ 106.985149999872732, -6.439409999571613, 0.0 ], [ 106.985080000241922, -6.439400000009812, 0.0 ], [ 106.984739999851328, -6.439330000379098, 0.0 ], [ 106.984590000128634, -6.439339999940898, 0.0 ], [ 106.984340000290914, -6.439290000333067, 0.0 ], [ 106.984019999923291, -6.439230000264153, 0.0 ], [ 106.983959999854292, -6.439279999871896, 0.0 ], [ 106.983939999831321, -6.439379999986841, 0.0 ], [ 106.983910000246539, -6.439560000193669, 0.0 ], [ 106.983799999670424, -6.439669999870414, 0.0 ], [ 106.98371999957854, -6.439669999870414, 0.0 ], [ 106.983609999901802, -6.439600000239611, 0.0 ], [ 106.98356220812957, -6.43957426613925, 0.0 ], [ 106.983480000201993, -6.439529999709617, 0.0 ], [ 106.983360000064081, -6.439540000170698, 0.0 ], [ 106.983239999926255, -6.439529999709617, 0.0 ], [ 106.983185364313243, -6.439505717114926, 0.0 ], [ 106.98305999971943, -6.439449999617644, 0.0 ], [ 106.98290999999665, -6.439409999571613, 0.0 ], [ 106.982729999789825, -6.43935999996387, 0.0 ], [ 106.982649999697941, -6.439270000310096, 0.0 ], [ 106.982279999722394, -6.438809999781494, 0.0 ], [ 106.982080000391875, -6.438599999989805, 0.0 ], [ 106.982319999768336, -6.437639999786029, 0.0 ], [ 106.98247999995219, -6.437630000224139, 0.0 ], [ 106.982589999628942, -6.437550000132255, 0.0 ], [ 106.982849999927737, -6.437300000294623, 0.0 ], [ 106.982979999627446, -6.437019999972851, 0.0 ], [ 106.983139999811314, -6.436879999811964, 0.0 ], [ 106.983389999648949, -6.436620000412532, 0.0 ], [ 106.983440000156051, -6.436529999859388, 0.0 ], [ 106.983299999995168, -6.436569999905419, 0.0 ], [ 106.982950000042678, -6.436659999559193, 0.0 ], [ 106.982930000019707, -6.436420000182732, 0.0 ], [ 106.982886772306841, -6.435778778167869, 0.0 ], [ 106.982809999881709, -6.434639999935889, 0.0 ], [ 106.982789999858738, -6.434300000444484, 0.0 ], [ 106.982729999789825, -6.433659999709054, 0.0 ], [ 106.982689999743883, -6.433090000402988, 0.0 ], [ 106.982660000159015, -6.432830000104275, 0.0 ], [ 106.982649999697941, -6.432640000335557, 0.0 ], [ 106.982600000090102, -6.432030000084268, 0.0 ], [ 106.982600000090102, -6.431929999969412, 0.0 ], [ 106.982549999583, -6.431319999718035, 0.0 ], [ 106.982534670638657, -6.430959759185342, 0.0 ], [ 106.982529999560029, -6.430849999627632, 0.0 ], [ 106.982499999975161, -6.430639999836032, 0.0 ], [ 106.982490000413364, -6.430539999721088, 0.0 ], [ 106.982450000367422, -6.430209999791483, 0.0 ], [ 106.982397100445993, -6.429654553314847, 0.0 ], [ 106.982370000275438, -6.429369999725534, 0.0 ], [ 106.982300093274901, -6.428406833008751, 0.0 ], [ 106.982279999722394, -6.428130000099266, 0.0 ], [ 106.982259999699423, -6.427639999985804, 0.0 ], [ 106.982239999676452, -6.427209999941432, 0.0 ], [ 106.982170000045642, -6.426670000220138, 0.0 ], [ 106.982162189433666, -6.426545018737464, 0.0 ], [ 106.9821299999997, -6.426030000384078, 0.0 ], [ 106.982170000045642, -6.425830000154278, 0.0 ], [ 106.982239999676452, -6.425409999671619, 0.0 ], [ 106.982282206658709, -6.425242929017863, 0.0 ], [ 106.98247999995219, -6.424459999928924, 0.0 ], [ 106.98256000004416, -6.424170000045351, 0.0 ], [ 106.982649999697941, -6.423980000276632, 0.0 ], [ 106.982670368442939, -6.423926532883009, 0.0 ], [ 106.982809999881709, -6.423559999793973, 0.0 ], [ 106.982877387881331, -6.423425223794901, 0.0 ], [ 106.982889999973679, -6.423399999610115, 0.0 ], [ 106.983019999673488, -6.423049999657628, 0.0 ], [ 106.983027400194572, -6.423029915098368, 0.0 ], [ 106.983090000203475, -6.42285999988891, 0.0 ], [ 106.983152878102985, -6.422699312623017, 0.0 ], [ 106.9832700004104, -6.422400000259678, 0.0 ], [ 106.98330259633795, -6.422315249948642, 0.0 ], [ 106.983469999740834, -6.421879999662075, 0.0 ], [ 106.983580000316948, -6.421669999870474, 0.0 ], [ 106.983739999601511, -6.421500000124727, 0.0 ], [ 106.984109999576972, -6.42113999971107, 0.0 ], [ 106.984160000084088, -6.421070000080267, 0.0 ], [ 106.984980000127067, -6.421400000009871, 0.0 ], [ 106.985060000218951, -6.421440000055814, 0.0 ], [ 106.985359999664411, -6.421509999686617, 0.0 ], [ 106.985519999848265, -6.4213799999869, 0.0 ], [ 106.987099999865308, -6.420980000426582, 0.0 ], [ 106.987480000301943, -6.420940000380551, 0.0 ], [ 106.987658566090147, -6.420960120013355, 0.0 ], [ 106.988189999768807, -6.421019999573154, 0.0 ], [ 106.988670000320468, -6.421039999596125, 0.0 ], [ 106.988940000181074, -6.421030000034325, 0.0 ], [ 106.989089999903754, -6.421000000449553, 0.0 ], [ 106.989230000064651, -6.420889999873438, 0.0 ], [ 106.989539999971186, -6.420319999668092, 0.0 ], [ 106.98976999978585, -6.420040000245688, 0.0 ], [ 106.989880000361879, -6.419960000153715, 0.0 ], [ 106.990030000084658, -6.419880000061742, 0.0 ], [ 106.990669999920712, -6.419490000063313, 0.0 ], [ 106.990720000427913, -6.419450000017282, 0.0 ], [ 106.991010000311491, -6.419260000248652, 0.0 ], [ 106.991570000055574, -6.418899999834995, 0.0 ], [ 106.991819999893295, -6.418750000112219, 0.0 ], [ 106.991960000054092, -6.418699999605106, 0.0 ], [ 106.992160000283974, -6.418719999628166, 0.0 ], [ 106.992479999752334, -6.41877999969708, 0.0 ], [ 106.992980000326952, -6.418890000273105, 0.0 ], [ 106.993317998826726, -6.418927555062428, 0.0 ], [ 106.993430000394397, -6.418939999880937, 0.0 ], [ 106.993529999609962, -6.418939999880937, 0.0 ], [ 106.993890000023711, -6.418899999834995, 0.0 ], [ 106.994035420398475, -6.418889612665382, 0.0 ], [ 106.994309999606998, -6.418870000250134, 0.0 ], [ 106.994580000366881, -6.418870000250134, 0.0 ], [ 106.994653874277077, -6.418870000250134, 0.0 ], [ 106.994770000135603, -6.418870000250134, 0.0 ], [ 106.994820333391829, -6.418949093825468, 0.0 ], [ 106.9949100002964, -6.419089999603624, 0.0 ], [ 106.9949100002964, -6.419499999625113, 0.0 ], [ 106.994810000181545, -6.420219999553147, 0.0 ], [ 106.994890000273429, -6.42051000033609, 0.0 ], [ 106.995200000180063, -6.420820000242635, 0.0 ], [ 106.995759999924246, -6.420920000357579, 0.0 ], [ 106.996969999965728, -6.421010000011353, 0.0 ], [ 106.997004623864512, -6.421018471624986, 0.0 ], [ 106.997066463046991, -6.421033602718431, 0.0 ], [ 106.997812932720791, -6.421216249630071, 0.0 ], [ 106.997910000146632, -6.421239999825925, 0.0 ], [ 106.998110000376428, -6.421190000218182, 0.0 ], [ 106.998730000189511, -6.421070000080267, 0.0 ], [ 106.998839999866263, -6.421039999596125, 0.0 ], [ 106.999009999612014, -6.421000000449553, 0.0 ], [ 106.999169999795782, -6.420960000403522, 0.0 ], [ 106.999300000394868, -6.420920000357579, 0.0 ], [ 106.999719999978154, -6.420860000288577, 0.0 ], [ 106.999980000276963, -6.420809999781554, 0.0 ], [ 107.000453127310152, -6.420709066170307, 0.0 ], [ 107.000729999789854, -6.420649999597607, 0.0 ], [ 107.001070000180533, -6.420579999966893, 0.0 ], [ 107.001190000318445, -6.420550000382033, 0.0 ], [ 107.001409999671949, -6.42049999987492, 0.0 ], [ 107.001710000016686, -6.420439999806007, 0.0 ], [ 107.001779999647482, -6.420430000244117, 0.0 ], [ 107.002140000061146, -6.420359999714034, 0.0 ], [ 107.002610000151549, -6.420279999622061, 0.0 ], [ 107.003160000333921, -6.420180000406575, 0.0 ], [ 107.004379999937214, -6.419909999646602, 0.0 ], [ 107.004529999659908, -6.419880000061742, 0.0 ], [ 107.004809999981688, -6.419829999554718, 0.0 ], [ 107.005099999865251, -6.419779999946886, 0.0 ], [ 107.005520000347914, -6.419679999831942, 0.0 ], [ 107.006140000161096, -6.419490000063313, 0.0 ], [ 107.006410000021702, -6.419389999948368, 0.0 ], [ 107.006552610914383, -6.419334539657164, 0.0 ], [ 107.006590000228528, -6.419320000317654, 0.0 ], [ 107.00663000027447, -6.419389999948368, 0.0 ], [ 107.006800000020206, -6.419610000201228, 0.0 ], [ 107.007009999811814, -6.419790000408057, 0.0 ], [ 107.007179999557565, -6.419940000130744, 0.0 ], [ 107.007319999718362, -6.420109999876402, 0.0 ], [ 107.007609999602025, -6.420339999691063, 0.0 ], [ 107.007849999877763, -6.420319999668092, 0.0 ], [ 107.008870000150537, -6.420439999806007, 0.0 ], [ 107.010009999661946, -6.420769999735523, 0.0 ], [ 107.010390000098582, -6.420590000428064, 0.0 ], [ 107.010929999819879, -6.420129999899373, 0.0 ], [ 107.011439999956224, -6.419690000293112, 0.0 ], [ 107.011444785248827, -6.419688404895787, 0.0 ], [ 107.01158326555543, -6.419642245393167, 0.0 ], [ 107.011800000369874, -6.419570000155197, 0.0 ], [ 107.012429999744853, -6.419539999671056, 0.0 ], [ 107.012859999789313, -6.419510000086284, 0.0 ], [ 107.013240000226034, -6.419400000409539, 0.0 ], [ 107.013519999648437, -6.419060000018852, 0.0 ], [ 107.013819999993189, -6.418580000366561, 0.0 ], [ 107.013865508386687, -6.418547494371154, 0.0 ], [ 107.014100000314954, -6.418380000136761, 0.0 ], [ 107.014379999737358, -6.418269999560646, 0.0 ], [ 107.01499999955054, -6.418190000368043, 0.0 ], [ 107.015560000194, -6.418110000276158, 0.0 ], [ 107.015879663315928, -6.418052625328254, 0.0 ], [ 107.015950000192504, -6.418039999746075, 0.0 ], [ 107.016469999890745, -6.418259999998845, 0.0 ], [ 107.017129999749869, -6.418509999836477, 0.0 ], [ 107.017809999631965, -6.418830000204192, 0.0 ], [ 107.018410000321438, -6.419039999995881, 0.0 ], [ 107.01884999992771, -6.419189999718569, 0.0 ], [ 107.019620000362949, -6.419570000155197, 0.0 ] ] ] ] } },
{ "type": "Feature", "properties": { "PROVNO": "32", "KABKOTNO": "01", "KECNO": "180", "DESANO": "012", "PROVINSI": "JAWA BARAT", "KABKOT": "BOGOR", "KECAMATAN": "CILEUNGSI", "ID2013": "3201180012", "DESA": "SETU SARI", "DESA_1": "SETU SARI", "ID2012": "3201180012", "IDKAB2": "3201", "IDKEC_2": "3201180", "WILAYAH": "TIMUR" }, "geometry": { "type": "MultiPolygon", "coordinates": [ [ [ [ 107.036479999952277, -6.441670000370028, 0.0 ], [ 107.036299999745353, -6.44171999997786, 0.0 ], [ 107.035650000347403, -6.442139999561149, 0.0 ], [ 107.035419999633461, -6.442299999745007, 0.0 ], [ 107.035049999657929, -6.442459999928865, 0.0 ], [ 107.034590000028601, -6.442510000435977, 0.0 ], [ 107.034289999683864, -6.442540000020838, 0.0 ], [ 107.033990000238475, -6.442700000204695, 0.0 ], [ 107.03387999966246, -6.442729999789467, 0.0 ], [ 107.033560000194029, -6.44256999960561, 0.0 ], [ 107.03337999998719, -6.442479999951924, 0.0 ], [ 107.032960000403904, -6.442430000344093, 0.0 ], [ 107.032820000242936, -6.442479999951924, 0.0 ], [ 107.03272000012808, -6.442540000020838, 0.0 ], [ 107.03286999985076, -6.442829999904411, 0.0 ], [ 107.032929999919759, -6.442950000042327, 0.0 ], [ 107.032909999896702, -6.443059999718983, 0.0 ], [ 107.032800000219964, -6.443219999902929, 0.0 ], [ 107.032450000267474, -6.443389999648588, 0.0 ], [ 107.032189999968665, -6.443509999786503, 0.0 ], [ 107.031920000108073, -6.443739999601164, 0.0 ], [ 107.031779999947176, -6.443819999693048, 0.0 ], [ 107.031559999694409, -6.443919999807992, 0.0 ], [ 107.031420000432803, -6.444050000407078, 0.0 ], [ 107.031349999902801, -6.444400000359565, 0.0 ], [ 107.031320480555934, -6.444503316274854, 0.0 ], [ 107.031309999856774, -6.444539999621082, 0.0 ], [ 107.031229999764804, -6.444630000174225, 0.0 ], [ 107.031080000042124, -6.444659999758997, 0.0 ], [ 107.030859999789342, -6.444610000151254, 0.0 ], [ 107.030690000043691, -6.444490000013339, 0.0 ], [ 107.030549999882709, -6.444030000384018, 0.0 ], [ 107.030480000251998, -6.443970000315105, 0.0 ], [ 107.030259999999231, -6.443950000292133, 0.0 ], [ 107.030079999792306, -6.443990000338076, 0.0 ], [ 107.029999999700422, -6.444059999968879, 0.0 ], [ 107.029999999700422, -6.44430000024462, 0.0 ], [ 107.030019999723393, -6.44449999957514, 0.0 ], [ 107.029959999654395, -6.444679999781968, 0.0 ], [ 107.029549999632906, -6.444599999690084, 0.0 ], [ 107.029419999933197, -6.444590000128283, 0.0 ], [ 107.029330000279415, -6.444639999736026, 0.0 ], [ 107.02929999979537, -6.444830000404025, 0.0 ], [ 107.029170000095561, -6.44537999968712, 0.0 ], [ 107.029080000441866, -6.445570000355119, 0.0 ], [ 107.02886999975081, -6.445769999685549, 0.0 ], [ 107.028740000051101, -6.445849999777522, 0.0 ], [ 107.028550000282465, -6.445880000261663, 0.0 ], [ 107.028330000029698, -6.445820000192661, 0.0 ], [ 107.028040000146035, -6.445550000332148, 0.0 ], [ 107.027899999985237, -6.445419999733062, 0.0 ], [ 107.027639999686443, -6.445339999641178, 0.0 ], [ 107.027539999571488, -6.445419999733062, 0.0 ], [ 107.027489999963663, -6.445559999893948, 0.0 ], [ 107.027570000055633, -6.445740000100777, 0.0 ], [ 107.027650000147517, -6.445940000330577, 0.0 ], [ 107.027730000239487, -6.446150000122266, 0.0 ], [ 107.027719999778327, -6.446509999636554, 0.0 ], [ 107.027630000124546, -6.446839999566158, 0.0 ], [ 107.027610000101575, -6.446899999635072, 0.0 ], [ 107.027530000009691, -6.447030000234157, 0.0 ], [ 107.027389999848808, -6.447150000372073, 0.0 ], [ 107.027169999595941, -6.447199999979816, 0.0 ], [ 107.026919999758405, -6.447170000395044, 0.0 ], [ 107.026729999989684, -6.4470700002801, 0.0 ], [ 107.026529999759887, -6.446769999935356, 0.0 ], [ 107.026409999621961, -6.446370000375037, 0.0 ], [ 107.026360000014137, -6.446170000145237, 0.0 ], [ 107.026330000429368, -6.446099999615154, 0.0 ], [ 107.026250000337399, -6.445720000077717, 0.0 ], [ 107.02609000015353, -6.445330000079288, 0.0 ], [ 107.025929999969676, -6.445100000264627, 0.0 ], [ 107.02574000020104, -6.4449299996196, 0.0 ], [ 107.025470000340448, -6.444810000381054, 0.0 ], [ 107.025179999557508, -6.444699999804939, 0.0 ], [ 107.025060000318959, -6.444699999804939, 0.0 ], [ 107.024590000228471, -6.445009999711573, 0.0 ], [ 107.024160000184096, -6.445209999941373, 0.0 ], [ 107.02400999956204, -6.445189999918401, 0.0 ], [ 107.02400999956204, -6.445129999849399, 0.0 ], [ 107.024029999585011, -6.445060000218685, 0.0 ], [ 107.024049999607982, -6.4449299996196, 0.0 ], [ 107.024129999699866, -6.444670000220167, 0.0 ], [ 107.024200000230039, -6.444409999921366, 0.0 ], [ 107.024300000344894, -6.444160000083823, 0.0 ], [ 107.024419999583444, -6.443910000246191, 0.0 ], [ 107.024690000343412, -6.442629999674612, 0.0 ], [ 107.02486999965096, -6.442120000437548, 0.0 ], [ 107.024980000226975, -6.442069999930347, 0.0 ], [ 107.024989999788872, -6.441960000253601, 0.0 ], [ 107.024940000181033, -6.441809999631634, 0.0 ], [ 107.024759999974208, -6.441490000163199, 0.0 ], [ 107.02465000029747, -6.441390000048344, 0.0 ], [ 107.024490000113616, -6.441240000325568, 0.0 ], [ 107.024249999837778, -6.440989999588655, 0.0 ], [ 107.024120000138055, -6.440759999773995, 0.0 ], [ 107.024049999607982, -6.440560000443476, 0.0 ], [ 107.024029999585011, -6.440260000098732, 0.0 ], [ 107.024060000069142, -6.439979999776959, 0.0 ], [ 107.024120000138055, -6.439740000400587, 0.0 ], [ 107.024160000184096, -6.439509999686557, 0.0 ], [ 107.024149999722923, -6.439270000310096, 0.0 ], [ 107.024120000138055, -6.439090000103267, 0.0 ], [ 107.02400999956204, -6.43810000031463, 0.0 ], [ 107.024049999607982, -6.437960000153744, 0.0 ], [ 107.024160000184096, -6.437530000109195, 0.0 ], [ 107.024129999699866, -6.437269999810482, 0.0 ], [ 107.023950000392404, -6.436950000342136, 0.0 ], [ 107.023959999954201, -6.436670000020364, 0.0 ], [ 107.023979999977172, -6.43638000013679, 0.0 ], [ 107.023979999977172, -6.436190000368072, 0.0 ], [ 107.02400999956204, -6.435990000138272, 0.0 ], [ 107.024180000207068, -6.435660000208667, 0.0 ], [ 107.023580000416857, -6.435450000416978, 0.0 ], [ 107.022899999635484, -6.435430000394007, 0.0 ], [ 107.022720000327936, -6.43531000025618, 0.0 ], [ 107.022620000212996, -6.435230000164207, 0.0 ], [ 107.022299999845274, -6.435219999703037, 0.0 ], [ 107.021559999894265, -6.435540000070752, 0.0 ], [ 107.021140000310893, -6.435480000001839, 0.0 ], [ 107.020759999874258, -6.435430000394007, 0.0 ], [ 107.020449999967724, -6.435219999703037, 0.0 ], [ 107.020400000359885, -6.435190000118265, 0.0 ], [ 107.020149999622973, -6.435199999680066, 0.0 ], [ 107.020059999969206, -6.43529999979501, 0.0 ], [ 107.019990000338396, -6.435450000416978, 0.0 ], [ 107.019879999762367, -6.435580000116783, 0.0 ], [ 107.019779999647426, -6.435600000139754, 0.0 ], [ 107.019589999878718, -6.435620000162725, 0.0 ], [ 107.019469999740892, -6.435709999816499, 0.0 ], [ 107.019409999671879, -6.4359199996081, 0.0 ], [ 107.019349999602966, -6.436150000322041, 0.0 ], [ 107.019259999949199, -6.436300000044817, 0.0 ], [ 107.019199999880286, -6.436269999560675, 0.0 ], [ 107.01903000013462, -6.436190000368072, 0.0 ], [ 107.018889999973652, -6.436199999929872, 0.0 ], [ 107.018820000342942, -6.436269999560675, 0.0 ], [ 107.018649999697914, -6.436509999836417, 0.0 ], [ 107.018549999582959, -6.436560000343619, 0.0 ], [ 107.018470000390352, -6.436520000297588, 0.0 ], [ 107.018250000137584, -6.436489999813446, 0.0 ], [ 107.01808999995373, -6.436529999859388, 0.0 ], [ 107.018009999861761, -6.436629999974333, 0.0 ], [ 107.017809999631965, -6.436879999811964, 0.0 ], [ 107.017690000393415, -6.436879999811964, 0.0 ], [ 107.017511234955663, -6.43683034284587, 0.0 ], [ 107.017329999979665, -6.436779999697109, 0.0 ], [ 107.01714999977284, -6.436770000135219, 0.0 ], [ 107.017120000187973, -6.436850000227192, 0.0 ], [ 107.017040000096088, -6.437149999672656, 0.0 ], [ 107.016790000258453, -6.437240000225621, 0.0 ], [ 107.016540000420832, -6.437340000340566, 0.0 ], [ 107.016549999982715, -6.437140000110766, 0.0 ], [ 107.016480000351919, -6.437060000018882, 0.0 ], [ 107.01636999977589, -6.437030000434021, 0.0 ], [ 107.016260000099152, -6.437060000018882, 0.0 ], [ 107.016090000353401, -6.437080000041853, 0.0 ], [ 107.016019999823314, -6.437100000064824, 0.0 ], [ 107.015830000054592, -6.437049999557711, 0.0 ], [ 107.015740000400825, -6.437109999626625, 0.0 ], [ 107.015629999824796, -6.437240000225621, 0.0 ], [ 107.015529999709855, -6.437340000340566, 0.0 ], [ 107.015449999617971, -6.437360000363626, 0.0 ], [ 107.015319999918248, -6.437409999971369, 0.0 ], [ 107.015150000172497, -6.437389999948397, 0.0 ], [ 107.014709999666962, -6.437530000109195, 0.0 ], [ 107.014599999990224, -6.437539999671085, 0.0 ], [ 107.014470000290416, -6.437420000432539, 0.0 ], [ 107.0144199997833, -6.437369999925426, 0.0 ], [ 107.014310000106647, -6.437420000432539, 0.0 ], [ 107.014239999576475, -6.437559999694056, 0.0 ], [ 107.014080000291898, -6.437840000015829, 0.0 ], [ 107.014020000222985, -6.437960000153744, 0.0 ], [ 107.013969999715869, -6.438189999968316, 0.0 ], [ 107.013929999669926, -6.438259999599119, 0.0 ], [ 107.013819999993189, -6.438230000014258, 0.0 ], [ 107.013619999763378, -6.438040000245717, 0.0 ], [ 107.01351000008664, -6.437940000130773, 0.0 ], [ 107.013169999695862, -6.437960000153744, 0.0 ], [ 107.013052799147573, -6.437928906093973, 0.0 ], [ 107.012679999582488, -6.437829999554658, 0.0 ], [ 107.012560000343939, -6.437829999554658, 0.0 ], [ 107.01240000016, -6.437920000107713, 0.0 ], [ 107.012360000114057, -6.438129999899402, 0.0 ], [ 107.012529999859794, -6.438359999714063, 0.0 ], [ 107.012469999790795, -6.438459999829007, 0.0 ], [ 107.012349999652969, -6.438579999966834, 0.0 ], [ 107.012300000045144, -6.438700000104749, 0.0 ], [ 107.012489999813766, -6.438849999827525, 0.0 ], [ 107.012620000412852, -6.43894999994238, 0.0 ], [ 107.012600000389881, -6.439110000126238, 0.0 ], [ 107.01264999999772, -6.439239999825954, 0.0 ], [ 107.012640000435823, -6.439310000356038, 0.0 ], [ 107.012440000206027, -6.439520000147727, 0.0 ], [ 107.012280000022173, -6.43958999977853, 0.0 ], [ 107.012099999815248, -6.439620000262671, 0.0 ], [ 107.012050000207509, -6.439700000354556, 0.0 ], [ 107.012019999723364, -6.439749999962388, 0.0 ], [ 107.011749999862758, -6.439830000054272, 0.0 ], [ 107.011399999910196, -6.43999999979993, 0.0 ], [ 107.011219999703357, -6.440139999960905, 0.0 ], [ 107.011170000095618, -6.440229999614679, 0.0 ], [ 107.011179999657415, -6.440329999729535, 0.0 ], [ 107.011179999657415, -6.440440000305649, 0.0 ], [ 107.01088000021204, -6.440619999613109, 0.0 ], [ 107.010550000282436, -6.440699999705082, 0.0 ], [ 107.010439999706421, -6.440739999751024, 0.0 ], [ 107.010330000029668, -6.441009999611627, 0.0 ], [ 107.010300000444801, -6.44108000014171, 0.0 ], [ 107.01017211415197, -6.441054423422745, 0.0 ], [ 107.010149999822843, -6.441049999657569, 0.0 ], [ 107.010000000100064, -6.441020000072797, 0.0 ], [ 107.009739999801269, -6.44108000014171, 0.0 ], [ 107.009539999571459, -6.441120000187741, 0.0 ], [ 107.00944000035588, -6.44108000014171, 0.0 ], [ 107.00934000024094, -6.440730000189223, 0.0 ], [ 107.009309999756894, -6.440610000051308, 0.0 ], [ 107.009209999641939, -6.440489999913392, 0.0 ], [ 107.009039999896203, -6.440440000305649, 0.0 ], [ 107.008890000173508, -6.440460000328621, 0.0 ], [ 107.008759999574522, -6.440520000397534, 0.0 ], [ 107.008640000335873, -6.440520000397534, 0.0 ], [ 107.008469999690945, -6.440570000005366, 0.0 ], [ 107.008230000314398, -6.440440000305649, 0.0 ], [ 107.008159999784311, -6.440400000259707, 0.0 ], [ 107.008050000107559, -6.440489999913392, 0.0 ], [ 107.007909999946676, -6.440610000051308, 0.0 ], [ 107.007760000223982, -6.440619999613109, 0.0 ], [ 107.007350000202507, -6.440719999728053, 0.0 ], [ 107.007259999649449, -6.440750000212194, 0.0 ], [ 107.007250000087552, -6.440830000304079, 0.0 ], [ 107.007219999603507, -6.44108000014171, 0.0 ], [ 107.007149999972697, -6.441060000118739, 0.0 ], [ 107.006860000089119, -6.441020000072797, 0.0 ], [ 107.006809999582018, -6.44110000016477, 0.0 ], [ 107.00677999999715, -6.441269999910428, 0.0 ], [ 107.006770000435353, -6.441430000094286, 0.0 ], [ 107.006750000412381, -6.441570000255084, 0.0 ], [ 107.006820000043177, -6.441749999562632, 0.0 ], [ 107.006829999604989, -6.441869999700547, 0.0 ], [ 107.006889999673987, -6.442109999976378, 0.0 ], [ 107.006829999604989, -6.44215000002232, 0.0 ], [ 107.006699999905265, -6.442250000137264, 0.0 ], [ 107.006539999721412, -6.442560000043809, 0.0 ], [ 107.006410000021702, -6.442689999743525, 0.0 ], [ 107.00630000034495, -6.442720000227666, 0.0 ], [ 107.006180000207038, -6.442749999812438, 0.0 ], [ 107.006089999653895, -6.442889999973413, 0.0 ], [ 107.005959999954172, -6.44301000011124, 0.0 ], [ 107.00579000020852, -6.443119999787985, 0.0 ], [ 107.005639999586464, -6.443150000272126, 0.0 ], [ 107.004729999889804, -6.443110000226184, 0.0 ], [ 107.004410000421359, -6.443199999879958, 0.0 ], [ 107.004250000237505, -6.443230000364011, 0.0 ], [ 107.004159999684447, -6.443190000318069, 0.0 ], [ 107.004009999961681, -6.443090000203213, 0.0 ], [ 107.003869999800784, -6.443090000203213, 0.0 ], [ 107.003630000424408, -6.443110000226184, 0.0 ], [ 107.003370000125614, -6.443150000272126, 0.0 ], [ 107.00312999984979, -6.443190000318069, 0.0 ], [ 107.00312999984979, -6.443079999742043, 0.0 ], [ 107.00312999984979, -6.442740000250637, 0.0 ], [ 107.003169999895732, -6.441590000278143, 0.0 ], [ 107.003169999895732, -6.441470000140228, 0.0 ], [ 107.003169999895732, -6.441350000002313, 0.0 ], [ 107.003169999895732, -6.441120000187741, 0.0 ], [ 107.003169999895732, -6.440960000003795, 0.0 ], [ 107.003169999895732, -6.440532285136626, 0.0 ], [ 107.003169999895732, -6.44022000005279, 0.0 ], [ 107.003149999872761, -6.439970000215158, 0.0 ], [ 107.00314000031095, -6.439830000054272, 0.0 ], [ 107.003109999826819, -6.439199999780012, 0.0 ], [ 107.003120000287893, -6.439110000126238, 0.0 ], [ 107.003240000425905, -6.437849999577718, 0.0 ], [ 107.00327999957247, -6.437420000432539, 0.0 ], [ 107.003330000079586, -6.436629999974333, 0.0 ], [ 107.003390000148585, -6.435600000139754, 0.0 ], [ 107.003430000194527, -6.43506000041846, 0.0 ], [ 107.003470000240469, -6.434390000098258, 0.0 ], [ 107.003510509302714, -6.434390000098258, 0.0 ], [ 107.003769999685929, -6.434390000098258, 0.0 ], [ 107.004939999681397, -6.4344300001442, 0.0 ], [ 107.00522999956506, -6.434450000167171, 0.0 ], [ 107.005540000370885, -6.434479999752032, 0.0 ], [ 107.006679999882209, -6.434579999866887, 0.0 ], [ 107.007339999741333, -6.434639999935889, 0.0 ], [ 107.007559999994186, -6.43465000039706, 0.0 ], [ 107.007979999577486, -6.43488000021172, 0.0 ], [ 107.008110000176572, -6.434989999888465, 0.0 ], [ 107.008259999899252, -6.435159999634124, 0.0 ], [ 107.008319999968165, -6.435199999680066, 0.0 ], [ 107.008409999621932, -6.435250000187178, 0.0 ], [ 107.008560000243989, -6.435350000302122, 0.0 ], [ 107.008999999850261, -6.435509999586699, 0.0 ], [ 107.010550000282436, -6.435840000415496, 0.0 ], [ 107.010619999913246, -6.435470000440038, 0.0 ], [ 107.010289999983726, -6.435020000372518, 0.0 ], [ 107.010310000006697, -6.434359999614117, 0.0 ], [ 107.010060000169062, -6.433509999986367, 0.0 ], [ 107.010149999822843, -6.432959999803991, 0.0 ], [ 107.010260000398858, -6.432609999851504, 0.0 ], [ 107.010499999775334, -6.432230000314156, 0.0 ], [ 107.011029999934735, -6.431700000154663, 0.0 ], [ 107.011560000094136, -6.431149999972376, 0.0 ], [ 107.012039999746335, -6.430510000136227, 0.0 ], [ 107.012178546602811, -6.430188373794223, 0.0 ], [ 107.012320000068115, -6.429859999838996, 0.0 ], [ 107.012879999812284, -6.429059999818989, 0.0 ], [ 107.012939999881297, -6.428789999958386, 0.0 ], [ 107.013109999626948, -6.428279999821953, 0.0 ], [ 107.013303265733356, -6.427108687715624, 0.0 ], [ 107.013439999556553, -6.42628000022162, 0.0 ], [ 107.013699999855262, -6.425409999671619, 0.0 ], [ 107.013799999970217, -6.425039999696072, 0.0 ], [ 107.013819999993189, -6.424909999996355, 0.0 ], [ 107.013869999600928, -6.424620000112782, 0.0 ], [ 107.013969999715869, -6.424230000114264, 0.0 ], [ 107.014020000222985, -6.424129999999408, 0.0 ], [ 107.014029999784867, -6.423980000276632, 0.0 ], [ 107.014080000291898, -6.423780000046833, 0.0 ], [ 107.014140000360896, -6.42371999997783, 0.0 ], [ 107.0144199997833, -6.42349000016317, 0.0 ], [ 107.01449999987527, -6.423359999564173, 0.0 ], [ 107.014649999597964, -6.423180000256625, 0.0 ], [ 107.014609999552022, -6.423100000164741, 0.0 ], [ 107.014399999760329, -6.422810000281078, 0.0 ], [ 107.014439999806271, -6.422560000443536, 0.0 ], [ 107.014539999921212, -6.42244999986751, 0.0 ], [ 107.014749999712905, -6.422130000398987, 0.0 ], [ 107.014920000357932, -6.421760000423529, 0.0 ], [ 107.014980000426846, -6.421509999686617, 0.0 ], [ 107.015449999617971, -6.42156999975553, 0.0 ], [ 107.016329999729862, -6.421709999916416, 0.0 ], [ 107.016579999567483, -6.421720000377587, 0.0 ], [ 107.016650000097655, -6.421649999847414, 0.0 ], [ 107.016790000258453, -6.42156000019364, 0.0 ], [ 107.017069999680956, -6.421449999617614, 0.0 ], [ 107.017189999818783, -6.42135999996384, 0.0 ], [ 107.017329999979665, -6.421339999940869, 0.0 ], [ 107.017459999679474, -6.421299999894927, 0.0 ], [ 107.017610000301431, -6.421150000172151, 0.0 ], [ 107.018350000252525, -6.420279999622061, 0.0 ], [ 107.01845000036738, -6.420020000222717, 0.0 ], [ 107.018649999697914, -6.419779999946886, 0.0 ], [ 107.018809999881768, -6.419639999786, 0.0 ], [ 107.018950000042651, -6.419619999763029, 0.0 ], [ 107.019460000178995, -6.419590000178257, 0.0 ], [ 107.019620000362949, -6.419570000155197, 0.0 ], [ 107.020120000038204, -6.419539999671056, 0.0 ], [ 107.020770000335432, -6.419639999786, 0.0 ], [ 107.021220000402863, -6.419799999969857, 0.0 ], [ 107.021849999777842, -6.419849999577689, 0.0 ], [ 107.02346000027903, -6.419969999715516, 0.0 ], [ 107.02480000002015, -6.420109999876402, 0.0 ], [ 107.024971489043139, -6.420152213153898, 0.0 ], [ 107.025450000317477, -6.42027000006026, 0.0 ], [ 107.025589999578983, -6.420319999668092, 0.0 ], [ 107.025820000293024, -6.419929999669574, 0.0 ], [ 107.025999999600486, -6.419849999577689, 0.0 ], [ 107.026199999830283, -6.419829999554718, 0.0 ], [ 107.02638999959899, -6.419860000038771, 0.0 ], [ 107.026720000427886, -6.419940000130744, 0.0 ], [ 107.027110000426404, -6.419960000153715, 0.0 ], [ 107.027340000240969, -6.419860000038771, 0.0 ], [ 107.027539999571488, -6.419739999900944, 0.0 ], [ 107.027610000101575, -6.419670000270141, 0.0 ], [ 107.0277900003084, -6.419479999602142, 0.0 ], [ 107.02785999993921, -6.419320000317654, 0.0 ], [ 107.028029999684946, -6.419109999626684, 0.0 ], [ 107.028209999891786, -6.418999999949939, 0.0 ], [ 107.028559999844276, -6.418839999765993, 0.0 ], [ 107.028709999567042, -6.418759999674108, 0.0 ], [ 107.029170000095561, -6.418540000320618, 0.0 ], [ 107.029170000095561, -6.418429999744504, 0.0 ], [ 107.029239999726357, -6.418280000021817, 0.0 ], [ 107.029330000279415, -6.41813999986093, 0.0 ], [ 107.029419999933197, -6.418219999952903, 0.0 ], [ 107.029489999563992, -6.418269999560646, 0.0 ], [ 107.030030000184567, -6.418670000020334, 0.0 ], [ 107.030859999789342, -6.419309999856484, 0.0 ], [ 107.030939999881227, -6.419360000363596, 0.0 ], [ 107.031289999833803, -6.419579999716998, 0.0 ], [ 107.031409999971714, -6.419699999855002, 0.0 ], [ 107.031530000109541, -6.419829999554718, 0.0 ], [ 107.031949999692927, -6.420279999622061, 0.0 ], [ 107.032189999968665, -6.420530000359062, 0.0 ], [ 107.0324399998063, -6.420789999758583, 0.0 ], [ 107.032669999620964, -6.421050000057296, 0.0 ], [ 107.033099999665424, -6.421529999709588, 0.0 ], [ 107.033409999571973, -6.421870000100274, 0.0 ], [ 107.033846865940291, -6.422465148947278, 0.0 ], [ 107.03380241784744, -6.42298894378456, 0.0 ], [ 107.033758155015022, -6.423559282134974, 0.0 ], [ 107.033586219028948, -6.424199942972866, 0.0 ], [ 107.03333216504754, -6.424666390741187, 0.0 ], [ 107.033053562272201, -6.425045160006029, 0.0 ], [ 107.033053968765884, -6.425743708405243, 0.0 ], [ 107.033732041400725, -6.427028138137949, 0.0 ], [ 107.034229995118366, -6.42797137407948, 0.0 ], [ 107.034276961312941, -6.428246510867588, 0.0 ], [ 107.0344539326031, -6.42866417671021, 0.0 ], [ 107.035260000348899, -6.42993000036908, 0.0 ], [ 107.035450000117606, -6.430249999837514, 0.0 ], [ 107.035639999886243, -6.430300000344538, 0.0 ], [ 107.035730000439386, -6.430340000390569, 0.0 ], [ 107.035800000070097, -6.430410000021283, 0.0 ], [ 107.035800000070097, -6.430559999744059, 0.0 ], [ 107.035760000024155, -6.430880000111774, 0.0 ], [ 107.035710000416415, -6.431740000200694, 0.0 ], [ 107.035630000324431, -6.432569999805473, 0.0 ], [ 107.035679999932185, -6.432919999758049, 0.0 ], [ 107.036100000414848, -6.433610000101311, 0.0 ], [ 107.036529999560017, -6.434249999937371, 0.0 ], [ 107.037119999788331, -6.435040000395489, 0.0 ], [ 107.037569999855776, -6.435520000047781, 0.0 ], [ 107.03773000003963, -6.435959999654042, 0.0 ], [ 107.037589999878747, -6.436489999813446, 0.0 ], [ 107.037409999671908, -6.436970000365108, 0.0 ], [ 107.03734999960291, -6.437450000017311, 0.0 ], [ 107.037509999786863, -6.437960000153744, 0.0 ], [ 107.037589999878747, -6.438510000336031, 0.0 ], [ 107.037369999625966, -6.439059999619126, 0.0 ], [ 107.037090000203563, -6.43937000042504, 0.0 ], [ 107.03623999967644, -6.440349999752506, 0.0 ], [ 107.036139999561499, -6.44065000009725, 0.0 ], [ 107.036299999745353, -6.441149999772513, 0.0 ], [ 107.036430000344438, -6.441370000025284, 0.0 ], [ 107.036459999929221, -6.441570000255084, 0.0 ], [ 107.036479999952277, -6.441670000370028, 0.0 ] ] ] ] } },
{ "type": "Feature", "properties": { "PROVNO": "32", "KABKOTNO": "01", "KECNO": "180", "DESANO": "013", "PROVINSI": "JAWA BARAT", "KABKOT": "BOGOR", "KECAMATAN": "CILEUNGSI", "ID2013": "3201180013", "DESA": "CIPEUCANG", "DESA_1": "CIPEUCANG", "ID2012": "3201180013", "IDKAB2": "3201", "IDKEC_2": "3201180", "WILAYAH": "TIMUR" }, "geometry": { "type": "MultiPolygon", "coordinates": [ [ [ [ 107.053069999680929, -6.436560000343619, 0.0 ], [ 107.052980000027148, -6.436659999559193, 0.0 ], [ 107.052879999912292, -6.436719999628107, 0.0 ], [ 107.052400000260008, -6.436679999582164, 0.0 ], [ 107.052320000168024, -6.43658000036659, 0.0 ], [ 107.052130000399401, -6.436309999606618, 0.0 ], [ 107.051970000215533, -6.436199999929872, 0.0 ], [ 107.051790000008708, -6.436190000368072, 0.0 ], [ 107.051669999870796, -6.436269999560675, 0.0 ], [ 107.051560000193959, -6.436460000228674, 0.0 ], [ 107.051379999987219, -6.436850000227192, 0.0 ], [ 107.051299999895249, -6.436890000273134, 0.0 ], [ 107.051030000034643, -6.436919999857906, 0.0 ], [ 107.050860000288907, -6.436879999811964, 0.0 ], [ 107.050700000105138, -6.436759999674138, 0.0 ], [ 107.050530000359387, -6.43658000036659, 0.0 ], [ 107.050399999760387, -6.436560000343619, 0.0 ], [ 107.049960000154044, -6.436629999974333, 0.0 ], [ 107.049889999623957, -6.436659999559193, 0.0 ], [ 107.049320000317977, -6.436890000273134, 0.0 ], [ 107.049220000203036, -6.436999999949879, 0.0 ], [ 107.048850000227489, -6.437579999717027, 0.0 ], [ 107.048719999628489, -6.43808999985346, 0.0 ], [ 107.048560000343912, -6.438599999989805, 0.0 ], [ 107.048460000228971, -6.438660000058807, 0.0 ], [ 107.048239999976204, -6.438700000104749, 0.0 ], [ 107.048235330696116, -6.438697999113199, 0.0 ], [ 107.048030000184596, -6.438609999551694, 0.0 ], [ 107.047840000415874, -6.438430000244146, 0.0 ], [ 107.047780000346876, -6.438259999599119, 0.0 ], [ 107.047780000346876, -6.43810000031463, 0.0 ], [ 107.047860000438845, -6.437960000153744, 0.0 ], [ 107.047910000046585, -6.437770000385026, 0.0 ], [ 107.048019999723422, -6.437599999739998, 0.0 ], [ 107.048300000045117, -6.43722000020265, 0.0 ], [ 107.048389999698884, -6.436970000365108, 0.0 ], [ 107.048329999629971, -6.436859999788993, 0.0 ], [ 107.048210000391421, -6.436770000135219, 0.0 ], [ 107.048030000184596, -6.436710000066306, 0.0 ], [ 107.047870000000643, -6.436739999651078, 0.0 ], [ 107.047669999770847, -6.436879999811964, 0.0 ], [ 107.047150000072619, -6.437389999948397, 0.0 ], [ 107.047000000349925, -6.437539999671085, 0.0 ], [ 107.046780000097073, -6.437989999738516, 0.0 ], [ 107.046249999937757, -6.438330000129291, 0.0 ], [ 107.04602999968489, -6.438499999874949, 0.0 ], [ 107.04592999956995, -6.438700000104749, 0.0 ], [ 107.045799999870241, -6.438989999988323, 0.0 ], [ 107.045699999755385, -6.439059999619126, 0.0 ], [ 107.045530000009634, -6.439079999642097, 0.0 ], [ 107.045189999618941, -6.438960000403551, 0.0 ], [ 107.045027466044871, -6.438917861769724, 0.0 ], [ 107.044919999758349, -6.438889999873467, 0.0 ], [ 107.044799999620423, -6.438920000357609, 0.0 ], [ 107.044239999876254, -6.439059999619126, 0.0 ], [ 107.043999999600516, -6.439039999596154, 0.0 ], [ 107.043729999739909, -6.438869999850496, 0.0 ], [ 107.043459999879218, -6.438760000173751, 0.0 ], [ 107.043259999649422, -6.43872999968961, 0.0 ], [ 107.043089999903756, -6.43872999968961, 0.0 ], [ 107.042960000204033, -6.438849999827525, 0.0 ], [ 107.042759999974152, -6.439179999757041, 0.0 ], [ 107.042679999882267, -6.439310000356038, 0.0 ], [ 107.042419999583473, -6.439390000448011, 0.0 ], [ 107.042189999768809, -6.439469999640615, 0.0 ], [ 107.041830000254521, -6.439569999755559, 0.0 ], [ 107.041699999655435, -6.439669999870414, 0.0 ], [ 107.041560000393915, -6.439620000262671, 0.0 ], [ 107.041170000395397, -6.439469999640615, 0.0 ], [ 107.040950000142544, -6.439569999755559, 0.0 ], [ 107.040680000281938, -6.43979000000833, 0.0 ], [ 107.040150000122622, -6.440260000098732, 0.0 ], [ 107.039836233855254, -6.440538903247575, 0.0 ], [ 107.039610000401325, -6.440739999751024, 0.0 ], [ 107.039510000286469, -6.440730000189223, 0.0 ], [ 107.039350000102615, -6.440590000028337, 0.0 ], [ 107.039249999987675, -6.440409999821508, 0.0 ], [ 107.039160000333894, -6.440039999845961, 0.0 ], [ 107.039040000196067, -6.439549999732588, 0.0 ], [ 107.038850000427345, -6.439339999940898, 0.0 ], [ 107.03871999982826, -6.439290000333067, 0.0 ], [ 107.03857000010558, -6.439310000356038, 0.0 ], [ 107.038109999576974, -6.439540000170698, 0.0 ], [ 107.037850000177542, -6.439780000446529, 0.0 ], [ 107.037779999647455, -6.439910000146245, 0.0 ], [ 107.037609999901719, -6.43999999979993, 0.0 ], [ 107.037509999786863, -6.440119999937934, 0.0 ], [ 107.037489999763892, -6.440229999614679, 0.0 ], [ 107.037549999832805, -6.440389999798448, 0.0 ], [ 107.038070000430395, -6.440950000441994, 0.0 ], [ 107.038030000384367, -6.44110000016477, 0.0 ], [ 107.037910000246455, -6.441220000302597, 0.0 ], [ 107.037119999788331, -6.441579999816973, 0.0 ], [ 107.03658999962893, -6.441639999885886, 0.0 ], [ 107.036479999952277, -6.441670000370028, 0.0 ], [ 107.036459999929221, -6.441570000255084, 0.0 ], [ 107.036430000344438, -6.441370000025284, 0.0 ], [ 107.036299999745353, -6.441149999772513, 0.0 ], [ 107.036139999561499, -6.44065000009725, 0.0 ], [ 107.03623999967644, -6.440349999752506, 0.0 ], [ 107.037090000203563, -6.43937000042504, 0.0 ], [ 107.037369999625966, -6.439059999619126, 0.0 ], [ 107.037589999878747, -6.438510000336031, 0.0 ], [ 107.037509999786863, -6.437960000153744, 0.0 ], [ 107.03734999960291, -6.437450000017311, 0.0 ], [ 107.037409999671908, -6.436970000365108, 0.0 ], [ 107.037589999878747, -6.436489999813446, 0.0 ], [ 107.03773000003963, -6.435959999654042, 0.0 ], [ 107.037569999855776, -6.435520000047781, 0.0 ], [ 107.037119999788331, -6.435040000395489, 0.0 ], [ 107.036529999560017, -6.434249999937371, 0.0 ], [ 107.036100000414848, -6.433610000101311, 0.0 ], [ 107.035679999932185, -6.432919999758049, 0.0 ], [ 107.035630000324431, -6.432569999805473, 0.0 ], [ 107.035710000416415, -6.431740000200694, 0.0 ], [ 107.035760000024155, -6.430880000111774, 0.0 ], [ 107.035800000070097, -6.430559999744059, 0.0 ], [ 107.035800000070097, -6.430410000021283, 0.0 ], [ 107.035730000439386, -6.430340000390569, 0.0 ], [ 107.035639999886243, -6.430300000344538, 0.0 ], [ 107.035450000117606, -6.430249999837514, 0.0 ], [ 107.035260000348899, -6.42993000036908, 0.0 ], [ 107.0344539326031, -6.42866417671021, 0.0 ], [ 107.034276961312941, -6.428246510867588, 0.0 ], [ 107.034229995118366, -6.42797137407948, 0.0 ], [ 107.033732041400725, -6.427028138137949, 0.0 ], [ 107.033053968765884, -6.425743708405243, 0.0 ], [ 107.033053562272201, -6.425045160006029, 0.0 ], [ 107.03333216504754, -6.424666390741187, 0.0 ], [ 107.033586219028948, -6.424199942972866, 0.0 ], [ 107.033758155015022, -6.423559282134974, 0.0 ], [ 107.03380241784744, -6.42298894378456, 0.0 ], [ 107.033846865940291, -6.422465148947278, 0.0 ], [ 107.033409999571973, -6.421870000100274, 0.0 ], [ 107.033099999665424, -6.421529999709588, 0.0 ], [ 107.032669999620964, -6.421050000057296, 0.0 ], [ 107.0324399998063, -6.420789999758583, 0.0 ], [ 107.032189999968665, -6.420530000359062, 0.0 ], [ 107.031949999692927, -6.420279999622061, 0.0 ], [ 107.031530000109541, -6.419829999554718, 0.0 ], [ 107.031409999971714, -6.419699999855002, 0.0 ], [ 107.031289999833803, -6.419579999716998, 0.0 ], [ 107.030939999881227, -6.419360000363596, 0.0 ], [ 107.030859999789342, -6.419309999856484, 0.0 ], [ 107.030030000184567, -6.418670000020334, 0.0 ], [ 107.029489999563992, -6.418269999560646, 0.0 ], [ 107.029419999933197, -6.418219999952903, 0.0 ], [ 107.029330000279415, -6.41813999986093, 0.0 ], [ 107.029357935020869, -6.41809174763587, 0.0 ], [ 107.029549999632906, -6.417760000323582, 0.0 ], [ 107.029580000117136, -6.417569999655584, 0.0 ], [ 107.029549999632906, -6.417339999841012, 0.0 ], [ 107.029419999933197, -6.4160000000998, 0.0 ], [ 107.029470000440398, -6.415810000331081, 0.0 ], [ 107.029600000140107, -6.415550000032368, 0.0 ], [ 107.029649999747846, -6.415420000332563, 0.0 ], [ 107.029709999816845, -6.41534000024059, 0.0 ], [ 107.029890000023684, -6.415030000334045, 0.0 ], [ 107.030190000368421, -6.414440000105728, 0.0 ], [ 107.030480000251998, -6.413889999923441, 0.0 ], [ 107.030496584649853, -6.413824488808952, 0.0 ], [ 107.030679999582517, -6.413100000364604, 0.0 ], [ 107.030699999605488, -6.413040000295602, 0.0 ], [ 107.030959999904297, -6.412389999998371, 0.0 ], [ 107.031109999626977, -6.412109999676598, 0.0 ], [ 107.031100000065095, -6.411979999976793, 0.0 ], [ 107.031109999626977, -6.411659999609167, 0.0 ], [ 107.031169999695891, -6.411229999564707, 0.0 ], [ 107.031220000203007, -6.410910000096273, 0.0 ], [ 107.031400000409832, -6.410379999936868, 0.0 ], [ 107.031400271105738, -6.41037920223825, 0.0 ], [ 107.031402751435991, -6.410376187710689, 0.0 ], [ 107.031562964759217, -6.410150155704954, 0.0 ], [ 107.031807108211609, -6.409934159233934, 0.0 ], [ 107.032051249865447, -6.409821602784618, 0.0 ], [ 107.032165693092423, -6.409803008401962, 0.0 ], [ 107.032348805852934, -6.40977155101611, 0.0 ], [ 107.032745521988431, -6.409719080970646, 0.0 ], [ 107.033043053694101, -6.409599416279868, 0.0 ], [ 107.03337112367862, -6.409202191128074, 0.0 ], [ 107.033706835202437, -6.408610440819054, 0.0 ], [ 107.033897565220627, -6.407953841296568, 0.0 ], [ 107.034172221770831, -6.407557583815251, 0.0 ], [ 107.034214783085929, -6.407509110357026, 0.0 ], [ 107.034584195804115, -6.407088376926886, 0.0 ], [ 107.03486649389373, -6.406779385160313, 0.0 ], [ 107.03504196601412, -6.406355006778011, 0.0 ], [ 107.035133509803828, -6.405907729857709, 0.0 ], [ 107.03538529389634, -6.405669318683973, 0.0 ], [ 107.035972764331831, -6.405466185216149, 0.0 ], [ 107.03657549176566, -6.405363179566894, 0.0 ], [ 107.037590168951311, -6.405263051748324, 0.0 ], [ 107.037615403028639, -6.405264114746991, 0.0 ], [ 107.038292081714346, -6.40529262415507, 0.0 ], [ 107.038643025955125, -6.405534855648867, 0.0 ], [ 107.038803265358553, -6.40588865433779, 0.0 ], [ 107.039489895942054, -6.406076529907736, 0.0 ], [ 107.039886637258661, -6.406250117049108, 0.0 ], [ 107.040429121806696, -6.406609568876345, 0.0 ], [ 107.041122607022885, -6.406985373975651, 0.0 ], [ 107.041160738277568, -6.406984890140368, 0.0 ], [ 107.041526963798503, -6.406939602080755, 0.0 ], [ 107.041717670434309, -6.406807532141769, 0.0 ], [ 107.042300131645931, -6.405989026772065, 0.0 ], [ 107.042410014410777, -6.405920711571369, 0.0 ], [ 107.042460067078565, -6.405836501753051, 0.0 ], [ 107.042606426345671, -6.405684700688177, 0.0 ], [ 107.042808682075162, -6.405531037127545, 0.0 ], [ 107.043045183988241, -6.405392269937096, 0.0 ], [ 107.04321303885078, -6.405184372760466, 0.0 ], [ 107.043319841437736, -6.404980779739091, 0.0 ], [ 107.04358688162948, -6.404542547300576, 0.0 ], [ 107.043785252287776, -6.404403802593297, 0.0 ], [ 107.044006497202247, -6.404446238902697, 0.0 ], [ 107.044242998215964, -6.404553524425474, 0.0 ], [ 107.044372722723182, -6.404503932210517, 0.0 ], [ 107.044426135258107, -6.404408567201472, 0.0 ], [ 107.044563451841995, -6.404048072160631, 0.0 ], [ 107.044677895068986, -6.403950313156273, 0.0 ], [ 107.045128023739494, -6.40356454986394, 0.0 ], [ 107.045242466966471, -6.40342960299364, 0.0 ], [ 107.045700237176391, -6.40309964713083, 0.0 ], [ 107.046104593952009, -6.402846921448049, 0.0 ], [ 107.046226677819121, -6.402647583119272, 0.0 ], [ 107.046318198226459, -6.402441137448402, 0.0 ], [ 107.046318860127485, -6.402439620292046, 0.0 ], [ 107.046319999568468, -6.402439999805978, 0.0 ], [ 107.046410000121611, -6.402470000290119, 0.0 ], [ 107.046749999613013, -6.402510000336061, 0.0 ], [ 107.046920000257956, -6.402550000382092, 0.0 ], [ 107.04725000018756, -6.402649999597667, 0.0 ], [ 107.04721999970333, -6.40272999968964, 0.0 ], [ 107.047119999588475, -6.40292999991944, 0.0 ], [ 107.047090000003706, -6.403010000011324, 0.0 ], [ 107.047049999957764, -6.403099999665098, 0.0 ], [ 107.046889999773811, -6.4035600001937, 0.0 ], [ 107.046849999727868, -6.403680000331615, 0.0 ], [ 107.046729999589957, -6.403930000169247, 0.0 ], [ 107.046599999890248, -6.404189999568679, 0.0 ], [ 107.046490000213495, -6.404409999821539, 0.0 ], [ 107.046410000121611, -6.404619999613139, 0.0 ], [ 107.046330000029641, -6.404830000304109, 0.0 ], [ 107.04631000000667, -6.404980000026796, 0.0 ], [ 107.046269999960728, -6.405180000256596, 0.0 ], [ 107.046240000375946, -6.405379999587115, 0.0 ], [ 107.046220000352889, -6.405519999748002, 0.0 ], [ 107.04610999977686, -6.405690000393029, 0.0 ], [ 107.045980000077151, -6.405860000138688, 0.0 ], [ 107.045850000377442, -6.406020000322634, 0.0 ], [ 107.045750000262487, -6.40613999956118, 0.0 ], [ 107.045710000216459, -6.406250000137206, 0.0 ], [ 107.045650000147546, -6.406549999582669, 0.0 ], [ 107.045610000101604, -6.406709999766527, 0.0 ], [ 107.045598093977077, -6.406738574825201, 0.0 ], [ 107.045559999594488, -6.406829999904442, 0.0 ], [ 107.045409999871808, -6.406959999604069, 0.0 ], [ 107.045309999756853, -6.406979999627129, 0.0 ], [ 107.045200000080115, -6.406959999604069, 0.0 ], [ 107.045090000403377, -6.406900000434526, 0.0 ], [ 107.045010000311393, -6.406809999881471, 0.0 ], [ 107.044879999712407, -6.406600000089782, 0.0 ], [ 107.04473999955151, -6.406359999813951, 0.0 ], [ 107.044660000358903, -6.406250000137206, 0.0 ], [ 107.044569999805859, -6.406190000068293, 0.0 ], [ 107.044500000175049, -6.406179999607122, 0.0 ], [ 107.044369999576048, -6.406199999630093, 0.0 ], [ 107.044239999876254, -6.406259999699007, 0.0 ], [ 107.044139999761313, -6.406419999882953, 0.0 ], [ 107.044019999623487, -6.406600000089782, 0.0 ], [ 107.043729999739909, -6.407019999673071, 0.0 ], [ 107.043550000432361, -6.407279999971873, 0.0 ], [ 107.043439999856247, -6.407480000201673, 0.0 ], [ 107.043310000156524, -6.407569999855447, 0.0 ], [ 107.043029999834843, -6.407790000108307, 0.0 ], [ 107.042730000389383, -6.407979999876936, 0.0 ], [ 107.042519999698413, -6.408089999553681, 0.0 ], [ 107.042300000344923, -6.408200000129707, 0.0 ], [ 107.041939999931259, -6.408409999921396, 0.0 ], [ 107.041750000162551, -6.408539999621112, 0.0 ], [ 107.041569999955712, -6.408639999735968, 0.0 ], [ 107.041260000049164, -6.40869999980497, 0.0 ], [ 107.040970000165515, -6.408759999873972, 0.0 ], [ 107.040709999866706, -6.408810000380996, 0.0 ], [ 107.040560000144112, -6.408880000011798, 0.0 ], [ 107.040390000398361, -6.408989999688544, 0.0 ], [ 107.04025999979936, -6.409080000241687, 0.0 ], [ 107.039955313087418, -6.409262811729235, 0.0 ], [ 107.039909999846785, -6.409290000033288, 0.0 ], [ 107.039370000125587, -6.409619999962803, 0.0 ], [ 107.039140000310923, -6.409769999685579, 0.0 ], [ 107.038969999665895, -6.409920000307547, 0.0 ], [ 107.038659999759346, -6.410259999798953, 0.0 ], [ 107.038380000336943, -6.410560000143697, 0.0 ], [ 107.038129999599946, -6.410850000027359, 0.0 ], [ 107.037899999785367, -6.411099999864902, 0.0 ], [ 107.037759999624484, -6.411389999748476, 0.0 ], [ 107.037549999832805, -6.411830000254195, 0.0 ], [ 107.037250000387331, -6.412410000021342, 0.0 ], [ 107.03701999967339, -6.412809999581661, 0.0 ], [ 107.036909999996652, -6.413069999880374, 0.0 ], [ 107.03686999995071, -6.413319999718095, 0.0 ], [ 107.036900000434855, -6.413589999578697, 0.0 ], [ 107.03709999976536, -6.414110000176212, 0.0 ], [ 107.037340000041112, -6.414509999736531, 0.0 ], [ 107.037779999647455, -6.414959999804051, 0.0 ], [ 107.038120000038148, -6.41513000044899, 0.0 ], [ 107.038699999805289, -6.415590000078311, 0.0 ], [ 107.039080000242009, -6.415940000030886, 0.0 ], [ 107.039240000425863, -6.416269999960402, 0.0 ], [ 107.039450000217556, -6.416289999983373, 0.0 ], [ 107.039720000078063, -6.416319999568145, 0.0 ], [ 107.039900000284987, -6.416319999568145, 0.0 ], [ 107.040000000399843, -6.416269999960402, 0.0 ], [ 107.040250000237478, -6.416160000283657, 0.0 ], [ 107.040339999891245, -6.416120000237626, 0.0 ], [ 107.04101999977334, -6.415630000124253, 0.0 ], [ 107.041229999565033, -6.415409999871393, 0.0 ], [ 107.04138000018699, -6.41513000044899, 0.0 ], [ 107.041420000233032, -6.415030000334045, 0.0 ], [ 107.041710000116609, -6.414669999920388, 0.0 ], [ 107.04195999995423, -6.414549999782473, 0.0 ], [ 107.042490000113645, -6.414339999990872, 0.0 ], [ 107.042730000389383, -6.414150000222154, 0.0 ], [ 107.043190000018697, -6.413600000039779, 0.0 ], [ 107.043539999971188, -6.413129999949376, 0.0 ], [ 107.043840000315924, -6.412860000088774, 0.0 ], [ 107.043889999923763, -6.412889999673634, 0.0 ], [ 107.044039999646458, -6.413069999880374, 0.0 ], [ 107.044250000337428, -6.413319999718095, 0.0 ], [ 107.044360000014166, -6.413569999555637, 0.0 ], [ 107.044270000360399, -6.414010000061268, 0.0 ], [ 107.044172466186495, -6.415097507943504, 0.0 ], [ 107.044070000130588, -6.416240000375542, 0.0 ], [ 107.044050000107532, -6.417049999957349, 0.0 ], [ 107.044070000130588, -6.417450000417038, 0.0 ], [ 107.044019999623487, -6.418340000090819, 0.0 ], [ 107.043990000038619, -6.418970000365078, 0.0 ], [ 107.04401000006159, -6.419109999626684, 0.0 ], [ 107.044159999784284, -6.419180000156679, 0.0 ], [ 107.044649999897743, -6.419229999764511, 0.0 ], [ 107.045130000449319, -6.419129999649655, 0.0 ], [ 107.045249999687854, -6.419109999626684, 0.0 ], [ 107.045340000240998, -6.419240000225681, 0.0 ], [ 107.045440000355853, -6.419380000386568, 0.0 ], [ 107.045448126629907, -6.41939056472264, 0.0 ], [ 107.045539999571432, -6.419510000086284, 0.0 ], [ 107.045559999594488, -6.419770000384997, 0.0 ], [ 107.045568750897289, -6.419918773432478, 0.0 ], [ 107.045590000078633, -6.420279999622061, 0.0 ], [ 107.045539999571432, -6.420740000150751, 0.0 ], [ 107.045550000032691, -6.421050000057296, 0.0 ], [ 107.04559999964043, -6.421370000425011, 0.0 ], [ 107.045690000193488, -6.421540000170669, 0.0 ], [ 107.045819999893212, -6.421669999870474, 0.0 ], [ 107.045899999985181, -6.421729999939387, 0.0 ], [ 107.046080000192006, -6.421879999662075, 0.0 ], [ 107.046140000261005, -6.42199999979999, 0.0 ], [ 107.046120000237948, -6.422260000098792, 0.0 ], [ 107.046049999707947, -6.422500000374534, 0.0 ], [ 107.045920000008152, -6.422790000258107, 0.0 ], [ 107.045839999916183, -6.423129999749513, 0.0 ], [ 107.045830000354371, -6.423519999748031, 0.0 ], [ 107.045949999593006, -6.424009999861404, 0.0 ], [ 107.046000000100122, -6.42415999958418, 0.0 ], [ 107.046470000190524, -6.424310000206148, 0.0 ], [ 107.046639999936275, -6.424390000298121, 0.0 ], [ 107.046829999704897, -6.424629999674583, 0.0 ], [ 107.046877599921473, -6.424687120114339, 0.0 ], [ 107.046929999819838, -6.424749999812498, 0.0 ], [ 107.047090000003706, -6.424820000342581, 0.0 ], [ 107.047370000325387, -6.424860000388524, 0.0 ], [ 107.047439999956197, -6.424860000388524, 0.0 ], [ 107.047820000392903, -6.424909999996355, 0.0 ], [ 107.048170000345394, -6.424909999996355, 0.0 ], [ 107.048329999629971, -6.424950000042298, 0.0 ], [ 107.048649999997679, -6.425299999994785, 0.0 ], [ 107.048828498336732, -6.425390815333678, 0.0 ], [ 107.049220000203036, -6.425589999878447, 0.0 ], [ 107.049420000432832, -6.425830000154278, 0.0 ], [ 107.04959999974038, -6.426059999968849, 0.0 ], [ 107.049920000108102, -6.426169999645595, 0.0 ], [ 107.049989999738898, -6.426180000106765, 0.0 ], [ 107.050149999922752, -6.426249999737568, 0.0 ], [ 107.050166613998201, -6.426297888636459, 0.0 ], [ 107.050300605788493, -6.42668409979116, 0.0 ], [ 107.050319999668417, -6.426739999850941, 0.0 ], [ 107.050450000267503, -6.427240000425485, 0.0 ], [ 107.05057000040533, -6.427639999985804, 0.0 ], [ 107.050209999991665, -6.430180000206711, 0.0 ], [ 107.050069999830782, -6.431270000110292, 0.0 ], [ 107.049730000339466, -6.432440000105757, 0.0 ], [ 107.050080000291956, -6.432580000266643, 0.0 ], [ 107.050074743754607, -6.432608530359243, 0.0 ], [ 107.050009999761869, -6.432959999803991, 0.0 ], [ 107.049909999646928, -6.43336000026359, 0.0 ], [ 107.049719999878292, -6.434129999799456, 0.0 ], [ 107.049619999763351, -6.43465000039706, 0.0 ], [ 107.049610000201554, -6.435049999957378, 0.0 ], [ 107.049730000339466, -6.43506999998035, 0.0 ], [ 107.050049999807811, -6.435110000026292, 0.0 ], [ 107.051070000080585, -6.435250000187178, 0.0 ], [ 107.051310000356423, -6.43529999979501, 0.0 ], [ 107.052540000420805, -6.436070000230156, 0.0 ], [ 107.052879999912292, -6.436360000113819, 0.0 ], [ 107.05295000044238, -6.436420000182732, 0.0 ], [ 107.053040000096061, -6.436500000274616, 0.0 ], [ 107.053069999680929, -6.436560000343619, 0.0 ] ] ] ] } },
{ "type": "Feature", "properties": { "PROVNO": "32", "KABKOTNO": "01", "KECNO": "180", "DESANO": "014", "PROVINSI": "JAWA BARAT", "KABKOT": "BOGOR", "KECAMATAN": "CILEUNGSI", "ID2013": "3201180014", "DESA": "JATISARI", "DESA_1": "JATISARI", "ID2012": "3201180014", "IDKAB2": "3201", "IDKEC_2": "3201180", "WILAYAH": "TIMUR" }, "geometry": { "type": "MultiPolygon", "coordinates": [ [ [ [ 107.062179723715502, -6.399654043099492, 0.0 ], [ 107.0620729229272, -6.39987192724746, 0.0 ], [ 107.061882168627292, -6.400246252962063, 0.0 ], [ 107.061706697406365, -6.400589097009082, 0.0 ], [ 107.061569355641467, -6.400924323798343, 0.0 ], [ 107.061416782059069, -6.401305782935331, 0.0 ], [ 107.061271824835075, -6.401500817108854, 0.0 ], [ 107.061142124609574, -6.401579014060079, 0.0 ], [ 107.06085982741925, -6.401603821858739, 0.0 ], [ 107.060432594588718, -6.401488872313479, 0.0 ], [ 107.059913796384762, -6.401148421362404, 0.0 ], [ 107.059555209705394, -6.400877584232969, 0.0 ], [ 107.059250038258782, -6.400700201952549, 0.0 ], [ 107.058998279347293, -6.400693528083714, 0.0 ], [ 107.058799908688997, -6.400771725034939, 0.0 ], [ 107.058700724259253, -6.400896661551538, 0.0 ], [ 107.058609155288451, -6.40106069699339, 0.0 ], [ 107.058601538930063, -6.401177025199392, 0.0 ], [ 107.058616428105822, -6.401261567767005, 0.0 ], [ 107.05865495056571, -6.401480311666887, 0.0 ], [ 107.058944841631345, -6.402233703422535, 0.0 ], [ 107.059028794243673, -6.402466409297194, 0.0 ], [ 107.059059309139968, -6.402668599376184, 0.0 ], [ 107.059051667600571, -6.402847407981351, 0.0 ], [ 107.058975380809287, -6.403052428226843, 0.0 ], [ 107.058822807226903, -6.40319025202837, 0.0 ], [ 107.058632052927081, -6.403273697423053, 0.0 ], [ 107.058342139378354, -6.40327466419425, 0.0 ], [ 107.057998810596771, -6.403138748754102, 0.0 ], [ 107.057487652133574, -6.402920816942039, 0.0 ], [ 107.057228251682673, -6.40285311417971, 0.0 ], [ 107.056991726387238, -6.402908920709951, 0.0 ], [ 107.056854408904073, -6.403061011356428, 0.0 ], [ 107.056800996369049, -6.403266998373116, 0.0 ], [ 107.056861552219075, -6.403689999893416, 0.0 ], [ 107.056862026161738, -6.403693311197181, 0.0 ], [ 107.056846793444961, -6.403954137073544, 0.0 ], [ 107.056808637009169, -6.404078106818947, 0.0 ], [ 107.056640782146545, -6.404147719741307, 0.0 ], [ 107.056007538916958, -6.404260276190623, 0.0 ], [ 107.055694725931048, -6.404343719786656, 0.0 ], [ 107.055542152348565, -6.40445434269358, 0.0 ], [ 107.055366655946614, -6.404688934446625, 0.0 ], [ 107.055214082364145, -6.404799096900629, 0.0 ], [ 107.054832623227156, -6.404883508167227, 0.0 ], [ 107.054626636210457, -6.404952638153585, 0.0 ], [ 107.054512168701834, -6.405049428588097, 0.0 ], [ 107.054474038346342, -6.405118582856186, 0.0 ], [ 107.054489295344851, -6.405544387563324, 0.0 ], [ 107.054474038346342, -6.405915836346612, 0.0 ], [ 107.054397750655866, -6.406204808305151, 0.0 ], [ 107.054329081122347, -6.406479948690471, 0.0 ], [ 107.054313823224547, -6.406644926621876, 0.0 ], [ 107.054382493657357, -6.406795615225249, 0.0 ], [ 107.054466396806944, -6.406850430702651, 0.0 ], [ 107.054618971288704, -6.406890980234383, 0.0 ], [ 107.054779209792855, -6.406794188900591, 0.0 ], [ 107.055030992986175, -6.40662824329862, 0.0 ], [ 107.055221723004351, -6.406558630376349, 0.0 ], [ 107.055374320868381, -6.406544315867304, 0.0 ], [ 107.055511638351632, -6.406584865399036, 0.0 ], [ 107.055801551900274, -6.406707383638679, 0.0 ], [ 107.05606095235126, -6.406775110682652, 0.0 ], [ 107.056320351902869, -6.406856645017935, 0.0 ], [ 107.056663656402804, -6.406951527091156, 0.0 ], [ 107.056831511265358, -6.407074553447725, 0.0 ], [ 107.056915438696677, -6.40723907182549, 0.0 ], [ 107.056884923800368, -6.407404074038627, 0.0 ], [ 107.056793355729027, -6.407624351282628, 0.0 ], [ 107.056755223574882, -6.407773105444239, 0.0 ], [ 107.056755223574882, -6.407800818952438, 0.0 ], [ 107.056755223574882, -6.407893278252033, 0.0 ], [ 107.056785739370554, -6.408013451059738, 0.0 ], [ 107.056930695695172, -6.40823184242544, 0.0 ], [ 107.057350311268038, -6.40858041695255, 0.0 ], [ 107.057556321667093, -6.40884221139876, 0.0 ], [ 107.057671353949999, -6.409061768285831, 0.0 ], [ 107.057853853372862, -6.409410096398673, 0.0 ], [ 107.058242953149971, -6.410010454119011, 0.0 ], [ 107.058311623582682, -6.410272707219491, 0.0 ], [ 107.058334497838956, -6.410524466131076, 0.0 ], [ 107.058281108686387, -6.410787227348482, 0.0 ], [ 107.05816664207704, -6.410930274412454, 0.0 ], [ 107.058029326392528, -6.411083791383678, 0.0 ], [ 107.057777565682301, -6.411150550757174, 0.0 ], [ 107.057472394235788, -6.41109716340317, 0.0 ], [ 107.057046760399871, -6.411001632918847, 0.0 ], [ 107.057044398780164, -6.411001103218119, 0.0 ], [ 107.057042343829295, -6.411000641866007, 0.0 ], [ 107.056800996369049, -6.410946473900516, 0.0 ], [ 107.056503464663379, -6.410925970257111, 0.0 ], [ 107.056129622784056, -6.410971258316724, 0.0 ], [ 107.055549792988771, -6.411170111910938, 0.0 ], [ 107.05480972468925, -6.41163312876575, 0.0 ], [ 107.054504553242737, -6.411885855347812, 0.0 ], [ 107.054367212377116, -6.412127120969693, 0.0 ], [ 107.054306181685064, -6.41234645482486, 0.0 ], [ 107.054374853017237, -6.412650199946626, 0.0 ], [ 107.054588479774679, -6.413259602148749, 0.0 ], [ 107.054725820640286, -6.413541900238364, 0.0 ], [ 107.055069125140136, -6.413912405632818, 0.0 ], [ 107.055259854259035, -6.414060700240967, 0.0 ], [ 107.055755780005455, -6.414222340788225, 0.0 ], [ 107.056007538916958, -6.414310573274165, 0.0 ], [ 107.056137239142458, -6.414399264414374, 0.0 ], [ 107.056335609800755, -6.414562332185749, 0.0 ], [ 107.056648421887388, -6.414694885960017, 0.0 ], [ 107.057068013178423, -6.414782633711393, 0.0 ], [ 107.057365568266562, -6.414856067853094, 0.0 ], [ 107.057571579564893, -6.414959072602979, 0.0 ], [ 107.057754668043657, -6.415151712781189, 0.0 ], [ 107.057769925941543, -6.415345296348143, 0.0 ], [ 107.057647867255454, -6.415598989701401, 0.0 ], [ 107.057029881024377, -6.416137325676843, 0.0 ], [ 107.056732325936252, -6.416361448421917, 0.0 ], [ 107.056518698279532, -6.416421994379409, 0.0 ], [ 107.056076210249131, -6.416483507108008, 0.0 ], [ 107.055687109572574, -6.416574108408248, 0.0 ], [ 107.055496379554384, -6.416589849241952, 0.0 ], [ 107.055389553585158, -6.416545503671891, 0.0 ], [ 107.055404812382321, -6.416456328696398, 0.0 ], [ 107.055549792988771, -6.416053882080899, 0.0 ], [ 107.05561082278146, -6.415800695945197, 0.0 ], [ 107.055580307885066, -6.415696263971284, 0.0 ], [ 107.055442967019459, -6.415547945980773, 0.0 ], [ 107.055191183826224, -6.415459737776565, 0.0 ], [ 107.054763952794346, -6.415372472961103, 0.0 ], [ 107.054252794331148, -6.415389180566091, 0.0 ], [ 107.053482210235941, -6.415481667744629, 0.0 ], [ 107.052925278978563, -6.415394428110268, 0.0 ], [ 107.052482765767166, -6.415321937357401, 0.0 ], [ 107.052215725575422, -6.415352935189702, 0.0 ], [ 107.052078408991548, -6.415516946349822, 0.0 ], [ 107.05179613518365, -6.416039107118934, 0.0 ], [ 107.051791181717846, -6.416051738097064, 0.0 ], [ 107.051521477734155, -6.416739569275567, 0.0 ], [ 107.051353621972254, -6.417008035792051, 0.0 ], [ 107.051208664748245, -6.417232157637756, 0.0 ], [ 107.05117814985195, -6.417425741204887, 0.0 ], [ 107.051188558605276, -6.417486674770103, 0.0 ], [ 107.051193382568727, -6.417514915280922, 0.0 ], [ 107.051269670259288, -6.41761886431901, 0.0 ], [ 107.051567226246704, -6.417736618849759, 0.0 ], [ 107.051864781334729, -6.417839625398205, 0.0 ], [ 107.052078408991548, -6.417928315639045, 0.0 ], [ 107.052375964079658, -6.418135270326299, 0.0 ], [ 107.052940511695425, -6.418624014986154, 0.0 ], [ 107.053077852561046, -6.418846709607831, 0.0 ], [ 107.053215170044211, -6.419099437089173, 0.0 ], [ 107.053297209798572, -6.419260942738205, 0.0 ], [ 107.053367767908327, -6.419399844826881, 0.0 ], [ 107.053489826594415, -6.419575800782376, 0.0 ], [ 107.05358139466577, -6.419638256899898, 0.0 ], [ 107.053772148965678, -6.419675445665121, 0.0 ], [ 107.053970495342242, -6.419750306131569, 0.0 ], [ 107.054145991744278, -6.419900993835661, 0.0 ], [ 107.054390110015746, -6.420164698441901, 0.0 ], [ 107.054680025363027, -6.420453646118709, 0.0 ], [ 107.054832623227156, -6.420591469920236, 0.0 ], [ 107.05498519680954, -6.420679218570893, 0.0 ], [ 107.055160668929844, -6.420716407336116, 0.0 ], [ 107.055282751897664, -6.420640096263277, 0.0 ], [ 107.055397195124655, -6.420513733421931, 0.0 ], [ 107.055389553585158, -6.420400232684411, 0.0 ], [ 107.05529800979545, -6.420299646211571, 0.0 ], [ 107.055069125140136, -6.420199516594263, 0.0 ], [ 107.054802108330847, -6.42011271223172, 0.0 ], [ 107.054588479774679, -6.419949643561065, 0.0 ], [ 107.054512168701834, -6.419747937317268, 0.0 ], [ 107.054496935984972, -6.41958438481133, 0.0 ], [ 107.054550325137626, -6.419395082017267, 0.0 ], [ 107.054741054256439, -6.419255372337354, 0.0 ], [ 107.05509199939641, -6.419014566269112, 0.0 ], [ 107.055381938126146, -6.41883670105269, 0.0 ], [ 107.055442967019459, -6.418634993010333, 0.0 ], [ 107.055465841275719, -6.41842042286406, 0.0 ], [ 107.055389553585158, -6.418219198656896, 0.0 ], [ 107.055336141050233, -6.417929284208892, 0.0 ], [ 107.055366655946614, -6.417739981414829, 0.0 ], [ 107.055503996812149, -6.417525386986913, 0.0 ], [ 107.055587925142831, -6.417449100195629, 0.0 ], [ 107.055725265109075, -6.417423348108855, 0.0 ], [ 107.056244040830038, -6.41752253433733, 0.0 ], [ 107.056419512950328, -6.417622662155988, 0.0 ], [ 107.056526338919554, -6.417760946410436, 0.0 ], [ 107.056511081921059, -6.418000325254649, 0.0 ], [ 107.056465309126878, -6.418517214197852, 0.0 ], [ 107.056450052128369, -6.418984052272005, 0.0 ], [ 107.056526338919554, -6.419336422837532, 0.0 ], [ 107.056709451680064, -6.419878121378044, 0.0 ], [ 107.056803506376895, -6.42028336578452, 0.0 ], [ 107.056846793444961, -6.420469870787784, 0.0 ], [ 107.056892541058133, -6.420885690322145, 0.0 ], [ 107.056816254266934, -6.421327234963794, 0.0 ], [ 107.056678936783683, -6.421882739896336, 0.0 ], [ 107.056663656402804, -6.422159767059412, 0.0 ], [ 107.056694170399822, -6.422349094135207, 0.0 ], [ 107.056808536285033, -6.422466562681564, 0.0 ], [ 107.056816254266934, -6.422474490205357, 0.0 ], [ 107.057022264665903, -6.422549350671805, 0.0 ], [ 107.057403723802977, -6.422598484232491, 0.0 ], [ 107.057838596374353, -6.422596574072461, 0.0 ], [ 107.058029326392528, -6.422646142005686, 0.0 ], [ 107.058220054611965, -6.422771563256937, 0.0 ], [ 107.058349779119197, -6.422922225779928, 0.0 ], [ 107.058409405969499, -6.423069923238192, 0.0 ], [ 107.058410808911873, -6.423073398218584, 0.0 ], [ 107.058372653375457, -6.423212165408945, 0.0 ], [ 107.057991169956736, -6.423447723933187, 0.0 ], [ 107.057403723802977, -6.423825387031759, 0.0 ], [ 107.057190096146172, -6.424004655190476, 0.0 ], [ 107.057159581249863, -6.424201598624748, 0.0 ], [ 107.057411341060728, -6.424682726926125, 0.0 ], [ 107.057808080578681, -6.425252546367712, 0.0 ], [ 107.058357396376863, -6.425803771426732, 0.0 ], [ 107.058845680583886, -6.426391240962861, 0.0 ], [ 107.058855366282359, -6.426424005063627, 0.0 ], [ 107.058914326734964, -6.426623463002237, 0.0 ], [ 107.058921991656717, -6.426730264689819, 0.0 ], [ 107.05886855484006, -6.426784161959311, 0.0 ], [ 107.058593898289942, -6.426820865989971, 0.0 ], [ 107.058273492327999, -6.426858054755282, 0.0 ], [ 107.058044583391037, -6.426966307049256, 0.0 ], [ 107.057792800197717, -6.42723523401866, 0.0 ], [ 107.05761732717805, -6.427307240936244, 0.0 ], [ 107.05692308023616, -6.427381616668129, 0.0 ], [ 107.056391478384199, -6.427395413167627, 0.0 ], [ 107.056114340604452, -6.427402605046009, 0.0 ], [ 107.055915970845518, -6.427474611963593, 0.0 ], [ 107.055770090917122, -6.427564588235004, 0.0 ], [ 107.055740497825852, -6.427582840875203, 0.0 ], [ 107.055549792988771, -6.427922832272728, 0.0 ], [ 107.055336141050233, -6.42837010829366, 0.0 ], [ 107.055191183826224, -6.42854939983474, 0.0 ], [ 107.054886012379811, -6.428729176110473, 0.0 ], [ 107.054603737672551, -6.428944689645579, 0.0 ], [ 107.054550325137626, -6.429123499150027, 0.0 ], [ 107.054550325137626, -6.429301849100924, 0.0 ], [ 107.054575840702668, -6.42933590103091, 0.0 ], [ 107.054657151106852, -6.429444412329612, 0.0 ], [ 107.054763951895069, -6.429515475858363, 0.0 ], [ 107.054947064655494, -6.42951453336881, 0.0 ], [ 107.055389553585158, -6.429137813658983, 0.0 ], [ 107.05573288236674, -6.428993798924534, 0.0 ], [ 107.055893096589344, -6.429028617976176, 0.0 ], [ 107.056015156174709, -6.429153070657581, 0.0 ], [ 107.056053310811848, -6.429331880161939, 0.0 ], [ 107.056053310811848, -6.429372119427637, 0.0 ], [ 107.056053310811848, -6.429545967372388, 0.0 ], [ 107.056114340604452, -6.429852107388658, 0.0 ], [ 107.056190651677383, -6.430012320711889, 0.0 ], [ 107.056236423572273, -6.430074802010335, 0.0 ], [ 107.056240213315377, -6.430075748996469, 0.0 ], [ 107.056240000176089, -6.430080000091767, 0.0 ], [ 107.056220000153118, -6.430479999652086, 0.0 ], [ 107.056240000176089, -6.43077999999683, 0.0 ], [ 107.056389999898684, -6.431499999924863, 0.0 ], [ 107.056440000405885, -6.431820000292667, 0.0 ], [ 107.056389999898684, -6.431900000384552, 0.0 ], [ 107.05626000019906, -6.431929999969412, 0.0 ], [ 107.056089999554032, -6.43186999990041, 0.0 ], [ 107.055569999855805, -6.431769999785466, 0.0 ], [ 107.055190000318447, -6.431740000200694, 0.0 ], [ 107.054829999904797, -6.431740000200694, 0.0 ], [ 107.054239999676469, -6.431909999946352, 0.0 ], [ 107.054009999861734, -6.431909999946352, 0.0 ], [ 107.053769999585981, -6.431820000292667, 0.0 ], [ 107.053459999679433, -6.431689999693582, 0.0 ], [ 107.053280000371899, -6.431680000131692, 0.0 ], [ 107.053160000233973, -6.431769999785466, 0.0 ], [ 107.052989999588945, -6.431959999554184, 0.0 ], [ 107.052819999843294, -6.43231999996793, 0.0 ], [ 107.052659999659426, -6.432729999989331, 0.0 ], [ 107.052570000005659, -6.433099999964877, 0.0 ], [ 107.052449999867747, -6.433759999823998, 0.0 ], [ 107.052400000260008, -6.433980000076769, 0.0 ], [ 107.052349999752806, -6.434100000214684, 0.0 ], [ 107.052240000076054, -6.434280000421513, 0.0 ], [ 107.051939999731403, -6.434579999866887, 0.0 ], [ 107.051839999616448, -6.434780000096776, 0.0 ], [ 107.051769999985737, -6.434929999819463, 0.0 ], [ 107.051790000008708, -6.435090000003321, 0.0 ], [ 107.051839999616448, -6.435210000141236, 0.0 ], [ 107.051939999731403, -6.43531000025618, 0.0 ], [ 107.052170000445344, -6.435379999886983, 0.0 ], [ 107.052819999843294, -6.435569999655613, 0.0 ], [ 107.052939999981206, -6.435640000185696, 0.0 ], [ 107.053040000096061, -6.43574000030064, 0.0 ], [ 107.053149999772899, -6.435910000046299, 0.0 ], [ 107.05316999979587, -6.436059999768986, 0.0 ], [ 107.053180000256944, -6.436190000368072, 0.0 ], [ 107.053149999772899, -6.436400000159761, 0.0 ], [ 107.053069999680929, -6.436560000343619, 0.0 ], [ 107.053040000096061, -6.436500000274616, 0.0 ], [ 107.05295000044238, -6.436420000182732, 0.0 ], [ 107.052879999912292, -6.436360000113819, 0.0 ], [ 107.052540000420805, -6.436070000230156, 0.0 ], [ 107.051310000356423, -6.43529999979501, 0.0 ], [ 107.051070000080585, -6.435250000187178, 0.0 ], [ 107.050049999807811, -6.435110000026292, 0.0 ], [ 107.049730000339466, -6.43506999998035, 0.0 ], [ 107.049610000201554, -6.435049999957378, 0.0 ], [ 107.049619999763351, -6.43465000039706, 0.0 ], [ 107.049719999878292, -6.434129999799456, 0.0 ], [ 107.049909999646928, -6.43336000026359, 0.0 ], [ 107.050009999761869, -6.432959999803991, 0.0 ], [ 107.050074743754607, -6.432608530359243, 0.0 ], [ 107.050080000291956, -6.432580000266643, 0.0 ], [ 107.049730000339466, -6.432440000105757, 0.0 ], [ 107.050069999830782, -6.431270000110292, 0.0 ], [ 107.050209999991665, -6.430180000206711, 0.0 ], [ 107.05057000040533, -6.427639999985804, 0.0 ], [ 107.050450000267503, -6.427240000425485, 0.0 ], [ 107.050319999668417, -6.426739999850941, 0.0 ], [ 107.050300605788493, -6.42668409979116, 0.0 ], [ 107.050166613998201, -6.426297888636459, 0.0 ], [ 107.050149999922752, -6.426249999737568, 0.0 ], [ 107.049989999738898, -6.426180000106765, 0.0 ], [ 107.049920000108102, -6.426169999645595, 0.0 ], [ 107.04959999974038, -6.426059999968849, 0.0 ], [ 107.049420000432832, -6.425830000154278, 0.0 ], [ 107.049220000203036, -6.425589999878447, 0.0 ], [ 107.048828498336732, -6.425390815333678, 0.0 ], [ 107.048649999997679, -6.425299999994785, 0.0 ], [ 107.048329999629971, -6.424950000042298, 0.0 ], [ 107.048170000345394, -6.424909999996355, 0.0 ], [ 107.047820000392903, -6.424909999996355, 0.0 ], [ 107.047439999956197, -6.424860000388524, 0.0 ], [ 107.047370000325387, -6.424860000388524, 0.0 ], [ 107.047090000003706, -6.424820000342581, 0.0 ], [ 107.046929999819838, -6.424749999812498, 0.0 ], [ 107.046877599921473, -6.424687120114339, 0.0 ], [ 107.046829999704897, -6.424629999674583, 0.0 ], [ 107.046639999936275, -6.424390000298121, 0.0 ], [ 107.046470000190524, -6.424310000206148, 0.0 ], [ 107.046000000100122, -6.42415999958418, 0.0 ], [ 107.045949999593006, -6.424009999861404, 0.0 ], [ 107.045830000354371, -6.423519999748031, 0.0 ], [ 107.045839999916183, -6.423129999749513, 0.0 ], [ 107.045920000008152, -6.422790000258107, 0.0 ], [ 107.046049999707947, -6.422500000374534, 0.0 ], [ 107.046120000237948, -6.422260000098792, 0.0 ], [ 107.046140000261005, -6.42199999979999, 0.0 ], [ 107.046080000192006, -6.421879999662075, 0.0 ], [ 107.045899999985181, -6.421729999939387, 0.0 ], [ 107.045819999893212, -6.421669999870474, 0.0 ], [ 107.045690000193488, -6.421540000170669, 0.0 ], [ 107.04559999964043, -6.421370000425011, 0.0 ], [ 107.045550000032691, -6.421050000057296, 0.0 ], [ 107.045539999571432, -6.420740000150751, 0.0 ], [ 107.045590000078633, -6.420279999622061, 0.0 ], [ 107.045568750897289, -6.419918773432478, 0.0 ], [ 107.045559999594488, -6.419770000384997, 0.0 ], [ 107.045539999571432, -6.419510000086284, 0.0 ], [ 107.045448126629907, -6.41939056472264, 0.0 ], [ 107.045440000355853, -6.419380000386568, 0.0 ], [ 107.045340000240998, -6.419240000225681, 0.0 ], [ 107.045249999687854, -6.419109999626684, 0.0 ], [ 107.045130000449319, -6.419129999649655, 0.0 ], [ 107.044649999897743, -6.419229999764511, 0.0 ], [ 107.044159999784284, -6.419180000156679, 0.0 ], [ 107.04401000006159, -6.419109999626684, 0.0 ], [ 107.043990000038619, -6.418970000365078, 0.0 ], [ 107.044019999623487, -6.418340000090819, 0.0 ], [ 107.044070000130588, -6.417450000417038, 0.0 ], [ 107.044050000107532, -6.417049999957349, 0.0 ], [ 107.044070000130588, -6.416240000375542, 0.0 ], [ 107.044172466186495, -6.415097507943504, 0.0 ], [ 107.044270000360399, -6.414010000061268, 0.0 ], [ 107.044360000014166, -6.413569999555637, 0.0 ], [ 107.044250000337428, -6.413319999718095, 0.0 ], [ 107.044039999646458, -6.413069999880374, 0.0 ], [ 107.043889999923763, -6.412889999673634, 0.0 ], [ 107.043840000315924, -6.412860000088774, 0.0 ], [ 107.043539999971188, -6.413129999949376, 0.0 ], [ 107.043190000018697, -6.413600000039779, 0.0 ], [ 107.042730000389383, -6.414150000222154, 0.0 ], [ 107.042490000113645, -6.414339999990872, 0.0 ], [ 107.04195999995423, -6.414549999782473, 0.0 ], [ 107.041710000116609, -6.414669999920388, 0.0 ], [ 107.041420000233032, -6.415030000334045, 0.0 ], [ 107.04138000018699, -6.41513000044899, 0.0 ], [ 107.041229999565033, -6.415409999871393, 0.0 ], [ 107.04101999977334, -6.415630000124253, 0.0 ], [ 107.040339999891245, -6.416120000237626, 0.0 ], [ 107.040250000237478, -6.416160000283657, 0.0 ], [ 107.040000000399843, -6.416269999960402, 0.0 ], [ 107.039900000284987, -6.416319999568145, 0.0 ], [ 107.039720000078063, -6.416319999568145, 0.0 ], [ 107.039450000217556, -6.416289999983373, 0.0 ], [ 107.039240000425863, -6.416269999960402, 0.0 ], [ 107.039080000242009, -6.415940000030886, 0.0 ], [ 107.038699999805289, -6.415590000078311, 0.0 ], [ 107.038120000038148, -6.41513000044899, 0.0 ], [ 107.037779999647455, -6.414959999804051, 0.0 ], [ 107.037340000041112, -6.414509999736531, 0.0 ], [ 107.03709999976536, -6.414110000176212, 0.0 ], [ 107.036900000434855, -6.413589999578697, 0.0 ], [ 107.03686999995071, -6.413319999718095, 0.0 ], [ 107.036909999996652, -6.413069999880374, 0.0 ], [ 107.03701999967339, -6.412809999581661, 0.0 ], [ 107.037250000387331, -6.412410000021342, 0.0 ], [ 107.037549999832805, -6.411830000254195, 0.0 ], [ 107.037759999624484, -6.411389999748476, 0.0 ], [ 107.037899999785367, -6.411099999864902, 0.0 ], [ 107.038129999599946, -6.410850000027359, 0.0 ], [ 107.038380000336943, -6.410560000143697, 0.0 ], [ 107.038659999759346, -6.410259999798953, 0.0 ], [ 107.038969999665895, -6.409920000307547, 0.0 ], [ 107.039140000310923, -6.409769999685579, 0.0 ], [ 107.039370000125587, -6.409619999962803, 0.0 ], [ 107.039909999846785, -6.409290000033288, 0.0 ], [ 107.039955313087418, -6.409262811729235, 0.0 ], [ 107.04025999979936, -6.409080000241687, 0.0 ], [ 107.040390000398361, -6.408989999688544, 0.0 ], [ 107.040560000144112, -6.408880000011798, 0.0 ], [ 107.040709999866706, -6.408810000380996, 0.0 ], [ 107.040970000165515, -6.408759999873972, 0.0 ], [ 107.041260000049164, -6.40869999980497, 0.0 ], [ 107.041569999955712, -6.408639999735968, 0.0 ], [ 107.041750000162551, -6.408539999621112, 0.0 ], [ 107.041939999931259, -6.408409999921396, 0.0 ], [ 107.042300000344923, -6.408200000129707, 0.0 ], [ 107.042519999698413, -6.408089999553681, 0.0 ], [ 107.042730000389383, -6.407979999876936, 0.0 ], [ 107.043029999834843, -6.407790000108307, 0.0 ], [ 107.043310000156524, -6.407569999855447, 0.0 ], [ 107.043439999856247, -6.407480000201673, 0.0 ], [ 107.043550000432361, -6.407279999971873, 0.0 ], [ 107.043729999739909, -6.407019999673071, 0.0 ], [ 107.044019999623487, -6.406600000089782, 0.0 ], [ 107.044139999761313, -6.406419999882953, 0.0 ], [ 107.044239999876254, -6.406259999699007, 0.0 ], [ 107.044369999576048, -6.406199999630093, 0.0 ], [ 107.044500000175049, -6.406179999607122, 0.0 ], [ 107.044569999805859, -6.406190000068293, 0.0 ], [ 107.044660000358903, -6.406250000137206, 0.0 ], [ 107.04473999955151, -6.406359999813951, 0.0 ], [ 107.044879999712407, -6.406600000089782, 0.0 ], [ 107.045010000311393, -6.406809999881471, 0.0 ], [ 107.045090000403377, -6.406900000434526, 0.0 ], [ 107.045200000080115, -6.406959999604069, 0.0 ], [ 107.045309999756853, -6.406979999627129, 0.0 ], [ 107.045409999871808, -6.406959999604069, 0.0 ], [ 107.045559999594488, -6.406829999904442, 0.0 ], [ 107.045598093977077, -6.406738574825201, 0.0 ], [ 107.045610000101604, -6.406709999766527, 0.0 ], [ 107.045650000147546, -6.406549999582669, 0.0 ], [ 107.045710000216459, -6.406250000137206, 0.0 ], [ 107.045750000262487, -6.40613999956118, 0.0 ], [ 107.045850000377442, -6.406020000322634, 0.0 ], [ 107.045980000077151, -6.405860000138688, 0.0 ], [ 107.04610999977686, -6.405690000393029, 0.0 ], [ 107.046220000352889, -6.405519999748002, 0.0 ], [ 107.046240000375946, -6.405379999587115, 0.0 ], [ 107.046269999960728, -6.405180000256596, 0.0 ], [ 107.04631000000667, -6.404980000026796, 0.0 ], [ 107.046330000029641, -6.404830000304109, 0.0 ], [ 107.046410000121611, -6.404619999613139, 0.0 ], [ 107.046490000213495, -6.404409999821539, 0.0 ], [ 107.046599999890248, -6.404189999568679, 0.0 ], [ 107.046729999589957, -6.403930000169247, 0.0 ], [ 107.046849999727868, -6.403680000331615, 0.0 ], [ 107.046889999773811, -6.4035600001937, 0.0 ], [ 107.047049999957764, -6.403099999665098, 0.0 ], [ 107.047090000003706, -6.403010000011324, 0.0 ], [ 107.047119999588475, -6.40292999991944, 0.0 ], [ 107.04721999970333, -6.40272999968964, 0.0 ], [ 107.04725000018756, -6.402649999597667, 0.0 ], [ 107.046920000257956, -6.402550000382092, 0.0 ], [ 107.046749999613013, -6.402510000336061, 0.0 ], [ 107.046410000121611, -6.402470000290119, 0.0 ], [ 107.046319999568468, -6.402439999805978, 0.0 ], [ 107.046318860127485, -6.402439620292046, 0.0 ], [ 107.046394137879332, -6.402267238242345, 0.0 ], [ 107.046425024195685, -6.402196511060012, 0.0 ], [ 107.046455539092079, -6.402033419006905, 0.0 ], [ 107.046425024195685, -6.401617165099918, 0.0 ], [ 107.046486053088998, -6.401339171165645, 0.0 ], [ 107.046646291593248, -6.401073072564092, 0.0 ], [ 107.046760711437869, -6.400836087715103, 0.0 ], [ 107.047012493731728, -6.400151367291542, 0.0 ], [ 107.047233737747007, -6.399530044575688, 0.0 ], [ 107.047241355004672, -6.399285419086667, 0.0 ], [ 107.047220247916329, -6.398956253727963, 0.0 ], [ 107.047165068213488, -6.398095705052622, 0.0 ], [ 107.047180669652292, -6.398016426216948, 0.0 ], [ 107.047187965852117, -6.397979351665608, 0.0 ], [ 107.047264252643316, -6.397935006095548, 0.0 ], [ 107.047424492046829, -6.397928333125904, 0.0 ], [ 107.047592322627736, -6.397877796622922, 0.0 ], [ 107.047760155007282, -6.397766691679276, 0.0 ], [ 107.047790669903662, -6.397723312880412, 0.0 ], [ 107.047882237975102, -6.397566894696318, 0.0 ], [ 107.048050093737018, -6.397205456266644, 0.0 ], [ 107.048141638426003, -6.397073387226939, 0.0 ], [ 107.048149279066124, -6.396960371223983, 0.0 ], [ 107.048172176704753, -6.39671335084028, 0.0 ], [ 107.048301852648507, -6.396420582843501, 0.0 ], [ 107.048393397337591, -6.396311870995888, 0.0 ], [ 107.048530738203198, -6.396157845907648, 0.0 ], [ 107.048744340678994, -6.395951858891049, 0.0 ], [ 107.048858808187617, -6.395906086996153, 0.0 ], [ 107.049080053102188, -6.395942333271911, 0.0 ], [ 107.049301321399028, -6.395901324186539, 0.0 ], [ 107.049461512239176, -6.395815485695913, 0.0 ], [ 107.0495912115653, -6.39566479799182, 0.0 ], [ 107.049804839222105, -6.395432575952444, 0.0 ], [ 107.049911665191331, -6.395370580287842, 0.0 ], [ 107.05011765220803, -6.395262835211515, 0.0 ], [ 107.050651710108511, -6.394991031310884, 0.0 ], [ 107.051056066884129, -6.394691105609898, 0.0 ], [ 107.0514204416003, -6.394354701608087, 0.0 ], [ 107.051474721081661, -6.394299966170394, 0.0 ], [ 107.051526458179723, -6.394258222338891, 0.0 ], [ 107.051635802250686, -6.394346053727276, 0.0 ], [ 107.051727464750854, -6.394407381195535, 0.0 ], [ 107.052009738558738, -6.394557102128342, 0.0 ], [ 107.052269139009724, -6.394719711245536, 0.0 ], [ 107.052993925129726, -6.395018209722405, 0.0 ], [ 107.054504553242737, -6.395866047379997, 0.0 ], [ 107.055084382138745, -6.396367172107134, 0.0 ], [ 107.055360533362048, -6.396679538129959, 0.0 ], [ 107.055709983828834, -6.397074816249617, 0.0 ], [ 107.05597702491994, -6.397235998142694, 0.0 ], [ 107.056221166573764, -6.397323237777055, 0.0 ], [ 107.057129067252845, -6.39744578119771, 0.0 ], [ 107.057258766578968, -6.397485363058877, 0.0 ], [ 107.057663124253963, -6.39750301495198, 0.0 ], [ 107.05816664207704, -6.397488216607741, 0.0 ], [ 107.058571024033668, -6.397625558372724, 0.0 ], [ 107.05924239761876, -6.397732360060218, 0.0 ], [ 107.059542990616706, -6.397879150102561, 0.0 ], [ 107.060508882279279, -6.398350829227208, 0.0 ], [ 107.061180280146004, -6.398699403754318, 0.0 ], [ 107.061592254179374, -6.399093267240321, 0.0 ], [ 107.062050025288571, -6.399479490086293, 0.0 ], [ 107.062088155644062, -6.399514309137846, 0.0 ], [ 107.062179723715502, -6.399654043099492, 0.0 ] ] ] ] } },
{ "type": "Feature", "properties": { "PROVNO": "32", "KABKOTNO": "01", "KECNO": "180", "DESANO": "015", "PROVINSI": "JAWA BARAT", "KABKOT": "BOGOR", "KECAMATAN": "CILEUNGSI", "ID2013": "3201180015", "DESA": "GANDOANG", "DESA_1": "GANDOANG", "ID2012": "3201180015", "IDKAB2": "3201", "IDKEC_2": "3201180", "WILAYAH": "TIMUR" }, "geometry": { "type": "MultiPolygon", "coordinates": [ [ [ [ 107.023123796825956, -6.404207791756047, 0.0 ], [ 107.023088384221722, -6.40420372322307, 0.0 ], [ 107.023062032287129, -6.405321688444978, 0.0 ], [ 107.023083505399669, -6.405567737560904, 0.0 ], [ 107.023155508719952, -6.405628986788106, 0.0 ], [ 107.02321717972923, -6.405669767445623, 0.0 ], [ 107.02319881917029, -6.406213386938067, 0.0 ], [ 107.023254611311415, -6.406302881172845, 0.0 ], [ 107.02333265627729, -6.406356436700058, 0.0 ], [ 107.023384736916199, -6.406444039660499, 0.0 ], [ 107.023428154385996, -6.407176507789405, 0.0 ], [ 107.022936962670869, -6.407404068642677, 0.0 ], [ 107.022865605063757, -6.407506906118634, 0.0 ], [ 107.022949679084576, -6.408029610977586, 0.0 ], [ 107.02306564126647, -6.408839345259434, 0.0 ], [ 107.023156487182334, -6.409577906295141, 0.0 ], [ 107.02320218803068, -6.409669511238771, 0.0 ], [ 107.023355842598235, -6.409638138389209, 0.0 ], [ 107.023540575937005, -6.409688686583461, 0.0 ], [ 107.023755700065735, -6.409646815947614, 0.0 ], [ 107.024052353133797, -6.409481555629117, 0.0 ], [ 107.024246487985195, -6.409316700005565, 0.0 ], [ 107.024440703775582, -6.40917235432056, 0.0 ], [ 107.024635537400272, -6.40915236239147, 0.0 ], [ 107.024840561243067, -6.409181031878965, 0.0 ], [ 107.025168291283777, -6.409097692604284, 0.0 ], [ 107.02548613417791, -6.409106693019275, 0.0 ], [ 107.0255186302807, -6.409104651558231, 0.0 ], [ 107.025660373327781, -6.409095750068641, 0.0 ], [ 107.026049937155022, -6.409094211328661, 0.0 ], [ 107.026398535064487, -6.409103089435888, 0.0 ], [ 107.026828741953096, -6.409009088698294, 0.0 ], [ 107.026854226041877, -6.41027042474013, 0.0 ], [ 107.027069592987488, -6.410290083920103, 0.0 ], [ 107.02729508989664, -6.410278936823346, 0.0 ], [ 107.027733507595499, -6.41025680091051, 0.0 ], [ 107.027735833242275, -6.410256683998607, 0.0 ], [ 107.028073732816651, -6.410152791617865, 0.0 ], [ 107.02904895494548, -6.410004910697911, 0.0 ], [ 107.029323711320373, -6.409963246006836, 0.0 ], [ 107.029477364089274, -6.409931871358623, 0.0 ], [ 107.029610757830397, -6.409962110163061, 0.0 ], [ 107.029765101278556, -6.410105077187414, 0.0 ], [ 107.030399954294666, -6.411214570795689, 0.0 ], [ 107.030549667133599, -6.411476215055103, 0.0 ], [ 107.030713897728404, -6.411526843289064, 0.0 ], [ 107.030857299125216, -6.411495508210976, 0.0 ], [ 107.031060954199887, -6.411146011878746, 0.0 ], [ 107.031233770622208, -6.410776128815101, 0.0 ], [ 107.031316956112789, -6.410480447914182, 0.0 ], [ 107.031334867010713, -6.410416784007236, 0.0 ], [ 107.031400271105738, -6.41037920223825, 0.0 ], [ 107.031400000409832, -6.410379999936868, 0.0 ], [ 107.031220000203007, -6.410910000096273, 0.0 ], [ 107.031169999695891, -6.411229999564707, 0.0 ], [ 107.031109999626977, -6.411659999609167, 0.0 ], [ 107.031100000065095, -6.411979999976793, 0.0 ], [ 107.031109999626977, -6.412109999676598, 0.0 ], [ 107.030959999904297, -6.412389999998371, 0.0 ], [ 107.030699999605488, -6.413040000295602, 0.0 ], [ 107.030679999582517, -6.413100000364604, 0.0 ], [ 107.030496584649853, -6.413824488808952, 0.0 ], [ 107.030480000251998, -6.413889999923441, 0.0 ], [ 107.030190000368421, -6.414440000105728, 0.0 ], [ 107.029890000023684, -6.415030000334045, 0.0 ], [ 107.029709999816845, -6.41534000024059, 0.0 ], [ 107.029649999747846, -6.415420000332563, 0.0 ], [ 107.029600000140107, -6.415550000032368, 0.0 ], [ 107.029470000440398, -6.415810000331081, 0.0 ], [ 107.029419999933197, -6.4160000000998, 0.0 ], [ 107.029549999632906, -6.417339999841012, 0.0 ], [ 107.029580000117136, -6.417569999655584, 0.0 ], [ 107.029549999632906, -6.417760000323582, 0.0 ], [ 107.029357935020869, -6.41809174763587, 0.0 ], [ 107.029330000279415, -6.41813999986093, 0.0 ], [ 107.029239999726357, -6.418280000021817, 0.0 ], [ 107.029170000095561, -6.418429999744504, 0.0 ], [ 107.029170000095561, -6.418540000320618, 0.0 ], [ 107.028709999567042, -6.418759999674108, 0.0 ], [ 107.028559999844276, -6.418839999765993, 0.0 ], [ 107.028209999891786, -6.418999999949939, 0.0 ], [ 107.028029999684946, -6.419109999626684, 0.0 ], [ 107.02785999993921, -6.419320000317654, 0.0 ], [ 107.0277900003084, -6.419479999602142, 0.0 ], [ 107.027610000101575, -6.419670000270141, 0.0 ], [ 107.027539999571488, -6.419739999900944, 0.0 ], [ 107.027340000240969, -6.419860000038771, 0.0 ], [ 107.027110000426404, -6.419960000153715, 0.0 ], [ 107.026720000427886, -6.419940000130744, 0.0 ], [ 107.02638999959899, -6.419860000038771, 0.0 ], [ 107.026199999830283, -6.419829999554718, 0.0 ], [ 107.025999999600486, -6.419849999577689, 0.0 ], [ 107.025820000293024, -6.419929999669574, 0.0 ], [ 107.025589999578983, -6.420319999668092, 0.0 ], [ 107.025450000317477, -6.42027000006026, 0.0 ], [ 107.024971489043139, -6.420152213153898, 0.0 ], [ 107.02480000002015, -6.420109999876402, 0.0 ], [ 107.02346000027903, -6.419969999715516, 0.0 ], [ 107.021849999777842, -6.419849999577689, 0.0 ], [ 107.021220000402863, -6.419799999969857, 0.0 ], [ 107.020770000335432, -6.419639999786, 0.0 ], [ 107.020120000038204, -6.419539999671056, 0.0 ], [ 107.019620000362949, -6.419570000155197, 0.0 ], [ 107.01884999992771, -6.419189999718569, 0.0 ], [ 107.018410000321438, -6.419039999995881, 0.0 ], [ 107.017809999631965, -6.418830000204192, 0.0 ], [ 107.017129999749869, -6.418509999836477, 0.0 ], [ 107.016469999890745, -6.418259999998845, 0.0 ], [ 107.015950000192504, -6.418039999746075, 0.0 ], [ 107.015879663315928, -6.418052625328254, 0.0 ], [ 107.015560000194, -6.418110000276158, 0.0 ], [ 107.01499999955054, -6.418190000368043, 0.0 ], [ 107.014379999737358, -6.418269999560646, 0.0 ], [ 107.014100000314954, -6.418380000136761, 0.0 ], [ 107.013865508386687, -6.418547494371154, 0.0 ], [ 107.013819999993189, -6.418580000366561, 0.0 ], [ 107.013519999648437, -6.419060000018852, 0.0 ], [ 107.013240000226034, -6.419400000409539, 0.0 ], [ 107.012859999789313, -6.419510000086284, 0.0 ], [ 107.012429999744853, -6.419539999671056, 0.0 ], [ 107.011800000369874, -6.419570000155197, 0.0 ], [ 107.01158326555543, -6.419642245393167, 0.0 ], [ 107.011444785248827, -6.419688404895787, 0.0 ], [ 107.011439999956224, -6.419690000293112, 0.0 ], [ 107.010929999819879, -6.420129999899373, 0.0 ], [ 107.010390000098582, -6.420590000428064, 0.0 ], [ 107.010009999661946, -6.420769999735523, 0.0 ], [ 107.008870000150537, -6.420439999806007, 0.0 ], [ 107.007849999877763, -6.420319999668092, 0.0 ], [ 107.007609999602025, -6.420339999691063, 0.0 ], [ 107.007319999718362, -6.420109999876402, 0.0 ], [ 107.007179999557565, -6.419940000130744, 0.0 ], [ 107.007009999811814, -6.419790000408057, 0.0 ], [ 107.006800000020206, -6.419610000201228, 0.0 ], [ 107.00663000027447, -6.419389999948368, 0.0 ], [ 107.006590000228528, -6.419320000317654, 0.0 ], [ 107.006552610914383, -6.419334539657164, 0.0 ], [ 107.006410000021702, -6.419389999948368, 0.0 ], [ 107.006140000161096, -6.419490000063313, 0.0 ], [ 107.005520000347914, -6.419679999831942, 0.0 ], [ 107.005099999865251, -6.419779999946886, 0.0 ], [ 107.004809999981688, -6.419829999554718, 0.0 ], [ 107.004529999659908, -6.419880000061742, 0.0 ], [ 107.004379999937214, -6.419909999646602, 0.0 ], [ 107.003160000333921, -6.420180000406575, 0.0 ], [ 107.002610000151549, -6.420279999622061, 0.0 ], [ 107.002140000061146, -6.420359999714034, 0.0 ], [ 107.001779999647482, -6.420430000244117, 0.0 ], [ 107.001710000016686, -6.420439999806007, 0.0 ], [ 107.001409999671949, -6.42049999987492, 0.0 ], [ 107.001190000318445, -6.420550000382033, 0.0 ], [ 107.001070000180533, -6.420579999966893, 0.0 ], [ 107.000729999789854, -6.420649999597607, 0.0 ], [ 107.000453127310152, -6.420709066170307, 0.0 ], [ 106.999980000276963, -6.420809999781554, 0.0 ], [ 106.999719999978154, -6.420860000288577, 0.0 ], [ 106.999300000394868, -6.420920000357579, 0.0 ], [ 106.999169999795782, -6.420960000403522, 0.0 ], [ 106.999009999612014, -6.421000000449553, 0.0 ], [ 106.998839999866263, -6.421039999596125, 0.0 ], [ 106.998730000189511, -6.421070000080267, 0.0 ], [ 106.998110000376428, -6.421190000218182, 0.0 ], [ 106.997910000146632, -6.421239999825925, 0.0 ], [ 106.997812932720791, -6.421216249630071, 0.0 ], [ 106.997066463046991, -6.421033602718431, 0.0 ], [ 106.997004623864512, -6.421018471624986, 0.0 ], [ 106.996969999965728, -6.421010000011353, 0.0 ], [ 106.995759999924246, -6.420920000357579, 0.0 ], [ 106.995200000180063, -6.420820000242635, 0.0 ], [ 106.994890000273429, -6.42051000033609, 0.0 ], [ 106.994810000181545, -6.420219999553147, 0.0 ], [ 106.9949100002964, -6.419499999625113, 0.0 ], [ 106.9949100002964, -6.419089999603624, 0.0 ], [ 106.994871592949849, -6.419029453646221, 0.0 ], [ 106.99490022286713, -6.418977178753629, 0.0 ], [ 106.995119754573196, -6.418576335629247, 0.0 ], [ 106.99527263122711, -6.418326566917401, 0.0 ], [ 106.995314768062286, -6.418257722915435, 0.0 ], [ 106.995318090157951, -6.418252296406237, 0.0 ], [ 106.995480650711585, -6.418025648364836, 0.0 ], [ 106.995800205914946, -6.417580113431356, 0.0 ], [ 106.996008951152405, -6.417488975235877, 0.0 ], [ 106.996305274169202, -6.416978217870319, 0.0 ], [ 106.996315789941974, -6.416960092933746, 0.0 ], [ 106.996443054803294, -6.416803036230991, 0.0 ], [ 106.996632668762771, -6.416569036231881, 0.0 ], [ 106.996763952694408, -6.416487027054476, 0.0 ], [ 106.996831779563138, -6.416444658194322, 0.0 ], [ 106.996860362715694, -6.416432955316456, 0.0 ], [ 106.997020863821973, -6.416367238257283, 0.0 ], [ 106.997031057637372, -6.416363063604393, 0.0 ], [ 106.997320945105713, -6.416273853555268, 0.0 ], [ 106.997453503376647, -6.416233061206658, 0.0 ], [ 106.997468658751728, -6.416176603567205, 0.0 ], [ 106.997481608089956, -6.416128364831977, 0.0 ], [ 106.997396137421987, -6.415981704292086, 0.0 ], [ 106.997232827733015, -6.415701480938409, 0.0 ], [ 106.997112689998772, -6.415359666615164, 0.0 ], [ 106.996878674711269, -6.415242200766826, 0.0 ], [ 106.996755571912288, -6.415180409248347, 0.0 ], [ 106.995506163578696, -6.414989987697552, 0.0 ], [ 106.995143600996613, -6.414934729753821, 0.0 ], [ 106.995988933142939, -6.414685306381642, 0.0 ], [ 106.996652407982452, -6.414315595987787, 0.0 ], [ 106.996780475938422, -6.414253296352381, 0.0 ], [ 106.996922430326123, -6.414095862833626, 0.0 ], [ 106.99734160163375, -6.413639811228169, 0.0 ], [ 106.997506355633973, -6.413255130719566, 0.0 ], [ 106.997517834580563, -6.413228328224587, 0.0 ], [ 106.997518250966692, -6.413228071018509, 0.0 ], [ 106.997518527058546, -6.41322744419103, 0.0 ], [ 106.997879862066156, -6.412999566776403, 0.0 ], [ 106.997882695829873, -6.413003584047985, 0.0 ], [ 106.997882881090291, -6.413003470733472, 0.0 ], [ 106.997895328606731, -6.413021487751305, 0.0 ], [ 106.998184109908891, -6.413430773711095, 0.0 ], [ 106.998424922272548, -6.413563381444778, 0.0 ], [ 106.998470758019295, -6.413586083930447, 0.0 ], [ 106.998695378988685, -6.413132268938906, 0.0 ], [ 106.99919201430022, -6.412767980557668, 0.0 ], [ 106.999741653854443, -6.412681195080907, 0.0 ], [ 107.000170470391126, -6.412456242261602, 0.0 ], [ 107.000186177050566, -6.412447433402182, 0.0 ], [ 107.000123049139575, -6.412320585826183, 0.0 ], [ 107.000004352119362, -6.412085405017223, 0.0 ], [ 107.000002762117987, -6.411677765716153, 0.0 ], [ 107.00013629795194, -6.411088424690927, 0.0 ], [ 107.000264955863202, -6.410617982134017, 0.0 ], [ 107.00030193238841, -6.410481709663021, 0.0 ], [ 107.000302276828805, -6.41048151720808, 0.0 ], [ 107.000302480075561, -6.410480772569418, 0.0 ], [ 107.00067644066533, -6.410271029084615, 0.0 ], [ 107.000677786051185, -6.410271471551034, 0.0 ], [ 107.000677824722032, -6.410271449067952, 0.0 ], [ 107.000683369042406, -6.410273308865957, 0.0 ], [ 107.000948455007318, -6.410360554795638, 0.0 ], [ 107.001040868441564, -6.410513278564824, 0.0 ], [ 107.001085287756013, -6.410585596647813, 0.0 ], [ 107.00162590890875, -6.410582468805739, 0.0 ], [ 107.001808331889109, -6.410627588692055, 0.0 ], [ 107.002121858037441, -6.410178987070427, 0.0 ], [ 107.002124317683268, -6.410175689256494, 0.0 ], [ 107.002124942712086, -6.410174788135805, 0.0 ], [ 107.002206897930165, -6.410064581614918, 0.0 ], [ 107.002256488346475, -6.409996922919472, 0.0 ], [ 107.002257649371174, -6.409996336561488, 0.0 ], [ 107.002260066748846, -6.409993084612999, 0.0 ], [ 107.002440819688303, -6.409901791734143, 0.0 ], [ 107.002510511750828, -6.409815900183471, 0.0 ], [ 107.00267198502425, -6.409614053645498, 0.0 ], [ 107.002746646740519, -6.409618213009907, 0.0 ], [ 107.002832293675581, -6.409622983913401, 0.0 ], [ 107.003209999042383, -6.40964214936556, 0.0 ], [ 107.003667792634673, -6.409665377954656, 0.0 ], [ 107.003683335617566, -6.409666601032651, 0.0 ], [ 107.004734841839664, -6.409749336862305, 0.0 ], [ 107.004734951556969, -6.40974819742123, 0.0 ], [ 107.004775643181603, -6.409325519656797, 0.0 ], [ 107.004535011581723, -6.409133213127163, 0.0 ], [ 107.004534688725045, -6.409132661842722, 0.0 ], [ 107.00435443041286, -6.408824935422288, 0.0 ], [ 107.00441941992041, -6.408615506700102, 0.0 ], [ 107.004510096763781, -6.408479960881355, 0.0 ], [ 107.004592480958451, -6.408356813116214, 0.0 ], [ 107.004594096140835, -6.408356707895582, 0.0 ], [ 107.005129417588705, -6.4083217989117, 0.0 ], [ 107.005305748561653, -6.408241336568246, 0.0 ], [ 107.005314834412303, -6.408237191592949, 0.0 ], [ 107.005562651595255, -6.408125731417194, 0.0 ], [ 107.00556488820925, -6.408124725075783, 0.0 ], [ 107.005844435272621, -6.407682986180721, 0.0 ], [ 107.006092369367565, -6.407299768869059, 0.0 ], [ 107.006173153668229, -6.406786604018446, 0.0 ], [ 107.006091861250553, -6.406354770256275, 0.0 ], [ 107.006007090255167, -6.406119381703981, 0.0 ], [ 107.005569233733283, -6.405976688972927, 0.0 ], [ 107.005372676108266, -6.406066575312011, 0.0 ], [ 107.005342018219679, -6.40608265968682, 0.0 ], [ 107.004492148993663, -6.406528537262037, 0.0 ], [ 107.004320290349284, -6.40661870059235, 0.0 ], [ 107.003925585997237, -6.40649184762049, 0.0 ], [ 107.003687299829195, -6.406350086587089, 0.0 ], [ 107.003649915911097, -6.406327846352902, 0.0 ], [ 107.003651367416865, -6.406307161046456, 0.0 ], [ 107.003667285417109, -6.406080159571594, 0.0 ], [ 107.004415083389546, -6.405068425866958, 0.0 ], [ 107.004743501411653, -6.40465444724482, 0.0 ], [ 107.005191668660743, -6.404386736158809, 0.0 ], [ 107.005854442029019, -6.404083102552995, 0.0 ], [ 107.006463690447134, -6.403803990761361, 0.0 ], [ 107.006484302908376, -6.403779048064475, 0.0 ], [ 107.006691800786115, -6.403527968141045, 0.0 ], [ 107.007058354559575, -6.40348985127547, 0.0 ], [ 107.007076414744915, -6.403484724240496, 0.0 ], [ 107.007081405982305, -6.40348330690891, 0.0 ], [ 107.007370996674354, -6.403401102578634, 0.0 ], [ 107.007918592069515, -6.40307739070888, 0.0 ], [ 107.008174595781156, -6.402926053694316, 0.0 ], [ 107.008241729272555, -6.402905327019095, 0.0 ], [ 107.008385195420573, -6.402861032710341, 0.0 ], [ 107.008661007599542, -6.40277059958331, 0.0 ], [ 107.00890307271878, -6.402530871802128, 0.0 ], [ 107.008979499804241, -6.402455183060098, 0.0 ], [ 107.008983000865015, -6.402455168670897, 0.0 ], [ 107.009126178330632, -6.402454609292665, 0.0 ], [ 107.009406516797469, -6.402494387206072, 0.0 ], [ 107.009533060402575, -6.402512343070068, 0.0 ], [ 107.009566464820651, -6.402517083396511, 0.0 ], [ 107.009823044997674, -6.402488564995092, 0.0 ], [ 107.01015350178281, -6.402597323607431, 0.0 ], [ 107.010276557817065, -6.402575103158306, 0.0 ], [ 107.01030924007955, -6.402569200907706, 0.0 ], [ 107.010673702929239, -6.402829742598417, 0.0 ], [ 107.010856792307294, -6.402685244927966, 0.0 ], [ 107.011024648069196, -6.402515020351753, 0.0 ], [ 107.011230635085894, -6.402392476931098, 0.0 ], [ 107.012306389728323, -6.401958547748645, 0.0 ], [ 107.012741238017881, -6.401902281664853, 0.0 ], [ 107.012931992317789, -6.401834578902523, 0.0 ], [ 107.013412635884606, -6.401667231257537, 0.0 ], [ 107.013679676076336, -6.401653860137415, 0.0 ], [ 107.013961949884305, -6.401678185000073, 0.0 ], [ 107.014305277766525, -6.401694869222698, 0.0 ], [ 107.014633347750944, -6.401501770390219, 0.0 ], [ 107.014877491203421, -6.401448332674278, 0.0 ], [ 107.015187789684916, -6.401366732688398, 0.0 ], [ 107.015205561187855, -6.401362059811024, 0.0 ], [ 107.015457320099429, -6.40129196305347, 0.0 ], [ 107.015968478562627, -6.401149351261406, 0.0 ], [ 107.01640337631494, -6.401046829447434, 0.0 ], [ 107.016479663106125, -6.401028259346511, 0.0 ], [ 107.016601721792227, -6.401058290407615, 0.0 ], [ 107.016906894138017, -6.401004876973317, 0.0 ], [ 107.016952690314554, -6.400999170774959, 0.0 ], [ 107.017097648437925, -6.400933353891016, 0.0 ], [ 107.017410436242827, -6.400747411863374, 0.0 ], [ 107.017769021123641, -6.400628666279786, 0.0 ], [ 107.018058935571645, -6.400426475301426, 0.0 ], [ 107.018333593920417, -6.400403117209876, 0.0 ], [ 107.018737950696035, -6.400267227850112, 0.0 ], [ 107.01898209324915, -6.400178535810621, 0.0 ], [ 107.019043123041826, -6.400158491720855, 0.0 ], [ 107.019210977904464, -6.400199525087871, 0.0 ], [ 107.019851861774171, -6.400385950051337, 0.0 ], [ 107.020042566611338, -6.400470337935573, 0.0 ], [ 107.020134135582055, -6.400606711130621, 0.0 ], [ 107.020279092806049, -6.40071975141522, 0.0 ], [ 107.020523235359164, -6.400897593249191, 0.0 ], [ 107.020805534348057, -6.401352970363163, 0.0 ], [ 107.020775018552484, -6.401913746222245, 0.0 ], [ 107.020569008153331, -6.402272789757237, 0.0 ], [ 107.0203248889826, -6.402899383399632, 0.0 ], [ 107.02019516537473, -6.403441539695134, 0.0 ], [ 107.020118877684268, -6.403750533260357, 0.0 ], [ 107.02023332091116, -6.403978451144479, 0.0 ], [ 107.020996239185223, -6.403710927117459, 0.0 ], [ 107.023101976575106, -6.404177765191523, 0.0 ], [ 107.023123796825956, -6.404207791756047, 0.0 ] ] ] ] } },
{ "type": "Feature", "properties": { "PROVNO": "32", "KABKOTNO": "01", "KECNO": "180", "DESANO": "016", "PROVINSI": "JAWA BARAT", "KABKOT": "BOGOR", "KECAMATAN": "CILEUNGSI", "ID2013": "3201180016", "DESA": "MEKARSARI", "DESA_1": "MEKARSARI", "ID2012": "3201180016", "IDKAB2": "3201", "IDKEC_2": "3201180", "WILAYAH": "TIMUR" }, "geometry": { "type": "MultiPolygon", "coordinates": [ [ [ [ 107.010276557817065, -6.402575103158306, 0.0 ], [ 107.01015350178281, -6.402597323607431, 0.0 ], [ 107.009823044997674, -6.402488564995092, 0.0 ], [ 107.009566464820651, -6.402517083396511, 0.0 ], [ 107.009533060402575, -6.402512343070068, 0.0 ], [ 107.009406516797469, -6.402494387206072, 0.0 ], [ 107.009126178330632, -6.402454609292665, 0.0 ], [ 107.008983000865015, -6.402455168670897, 0.0 ], [ 107.008979499804241, -6.402455183060098, 0.0 ], [ 107.00890307271878, -6.402530871802128, 0.0 ], [ 107.008661007599542, -6.40277059958331, 0.0 ], [ 107.008385195420573, -6.402861032710341, 0.0 ], [ 107.008241729272555, -6.402905327019095, 0.0 ], [ 107.008174595781156, -6.402926053694316, 0.0 ], [ 107.007918592069515, -6.40307739070888, 0.0 ], [ 107.007370996674354, -6.403401102578634, 0.0 ], [ 107.007081405982305, -6.40348330690891, 0.0 ], [ 107.007076414744915, -6.403484724240496, 0.0 ], [ 107.007058354559575, -6.40348985127547, 0.0 ], [ 107.006691800786115, -6.403527968141045, 0.0 ], [ 107.006484302908376, -6.403779048064475, 0.0 ], [ 107.006463690447134, -6.403803990761361, 0.0 ], [ 107.005854442029019, -6.404083102552995, 0.0 ], [ 107.005191668660743, -6.404386736158809, 0.0 ], [ 107.004743501411653, -6.40465444724482, 0.0 ], [ 107.004415083389546, -6.405068425866958, 0.0 ], [ 107.003667285417109, -6.406080159571594, 0.0 ], [ 107.003651367416865, -6.406307161046456, 0.0 ], [ 107.003649915911097, -6.406327846352902, 0.0 ], [ 107.003687299829195, -6.406350086587089, 0.0 ], [ 107.003925585997237, -6.40649184762049, 0.0 ], [ 107.004320290349284, -6.40661870059235, 0.0 ], [ 107.004492148993663, -6.406528537262037, 0.0 ], [ 107.005342018219679, -6.40608265968682, 0.0 ], [ 107.005372676108266, -6.406066575312011, 0.0 ], [ 107.005569233733283, -6.405976688972927, 0.0 ], [ 107.006007090255167, -6.406119381703981, 0.0 ], [ 107.006091861250553, -6.406354770256275, 0.0 ], [ 107.006173153668229, -6.406786604018446, 0.0 ], [ 107.006092369367565, -6.407299768869059, 0.0 ], [ 107.005844435272621, -6.407682986180721, 0.0 ], [ 107.00556488820925, -6.408124725075783, 0.0 ], [ 107.005562651595255, -6.408125731417194, 0.0 ], [ 107.005314834412303, -6.408237191592949, 0.0 ], [ 107.005305748561653, -6.408241336568246, 0.0 ], [ 107.005129417588705, -6.4083217989117, 0.0 ], [ 107.004594096140835, -6.408356707895582, 0.0 ], [ 107.004592480958451, -6.408356813116214, 0.0 ], [ 107.004510096763781, -6.408479960881355, 0.0 ], [ 107.00441941992041, -6.408615506700102, 0.0 ], [ 107.00435443041286, -6.408824935422288, 0.0 ], [ 107.004534688725045, -6.409132661842722, 0.0 ], [ 107.004535011581723, -6.409133213127163, 0.0 ], [ 107.004775643181603, -6.409325519656797, 0.0 ], [ 107.004734951556969, -6.40974819742123, 0.0 ], [ 107.004734841839664, -6.409749336862305, 0.0 ], [ 107.003683335617566, -6.409666601032651, 0.0 ], [ 107.003667792634673, -6.409665377954656, 0.0 ], [ 107.003209999042383, -6.40964214936556, 0.0 ], [ 107.002832293675581, -6.409622983913401, 0.0 ], [ 107.002746646740519, -6.409618213009907, 0.0 ], [ 107.00267198502425, -6.409614053645498, 0.0 ], [ 107.002510511750828, -6.409815900183471, 0.0 ], [ 107.002440819688303, -6.409901791734143, 0.0 ], [ 107.002260066748846, -6.409993084612999, 0.0 ], [ 107.002257649371174, -6.409996336561488, 0.0 ], [ 107.002256488346475, -6.409996922919472, 0.0 ], [ 107.002206897930165, -6.410064581614918, 0.0 ], [ 107.002124942712086, -6.410174788135805, 0.0 ], [ 107.002124317683268, -6.410175689256494, 0.0 ], [ 107.002121858037441, -6.410178987070427, 0.0 ], [ 107.001808331889109, -6.410627588692055, 0.0 ], [ 107.00162590890875, -6.410582468805739, 0.0 ], [ 107.001085287756013, -6.410585596647813, 0.0 ], [ 107.001040868441564, -6.410513278564824, 0.0 ], [ 107.000948455007318, -6.410360554795638, 0.0 ], [ 107.000683369042406, -6.410273308865957, 0.0 ], [ 107.000677824722032, -6.410271449067952, 0.0 ], [ 107.000677786051185, -6.410271471551034, 0.0 ], [ 107.00067644066533, -6.410271029084615, 0.0 ], [ 107.000302480075561, -6.410480772569418, 0.0 ], [ 107.000302276828805, -6.41048151720808, 0.0 ], [ 107.00030193238841, -6.410481709663021, 0.0 ], [ 107.000264955863202, -6.410617982134017, 0.0 ], [ 107.00013629795194, -6.411088424690927, 0.0 ], [ 107.000002762117987, -6.411677765716153, 0.0 ], [ 107.000004352119362, -6.412085405017223, 0.0 ], [ 107.000123049139575, -6.412320585826183, 0.0 ], [ 107.000186177050566, -6.412447433402182, 0.0 ], [ 107.000170470391126, -6.412456242261602, 0.0 ], [ 106.999741653854443, -6.412681195080907, 0.0 ], [ 106.99919201430022, -6.412767980557668, 0.0 ], [ 106.998695378988685, -6.413132268938906, 0.0 ], [ 106.998470758019295, -6.413586083930447, 0.0 ], [ 106.998424922272548, -6.413563381444778, 0.0 ], [ 106.998184109908891, -6.413430773711095, 0.0 ], [ 106.997895328606731, -6.413021487751305, 0.0 ], [ 106.997882881090291, -6.413003470733472, 0.0 ], [ 106.997882695829873, -6.413003584047985, 0.0 ], [ 106.997879862066156, -6.412999566776403, 0.0 ], [ 106.997518527058546, -6.41322744419103, 0.0 ], [ 106.997518250966692, -6.413228071018509, 0.0 ], [ 106.997517834580563, -6.413228328224587, 0.0 ], [ 106.997506355633973, -6.413255130719566, 0.0 ], [ 106.99734160163375, -6.413639811228169, 0.0 ], [ 106.996922430326123, -6.414095862833626, 0.0 ], [ 106.996780475938422, -6.414253296352381, 0.0 ], [ 106.996652407982452, -6.414315595987787, 0.0 ], [ 106.995988933142939, -6.414685306381642, 0.0 ], [ 106.995143600996613, -6.414934729753821, 0.0 ], [ 106.995506163578696, -6.414989987697552, 0.0 ], [ 106.996755571912288, -6.415180409248347, 0.0 ], [ 106.996878674711269, -6.415242200766826, 0.0 ], [ 106.997112689998772, -6.415359666615164, 0.0 ], [ 106.997232827733015, -6.415701480938409, 0.0 ], [ 106.997396137421987, -6.415981704292086, 0.0 ], [ 106.997481608089956, -6.416128364831977, 0.0 ], [ 106.997468658751728, -6.416176603567205, 0.0 ], [ 106.997453503376647, -6.416233061206658, 0.0 ], [ 106.997320945105713, -6.416273853555268, 0.0 ], [ 106.997031057637372, -6.416363063604393, 0.0 ], [ 106.997020863821973, -6.416367238257283, 0.0 ], [ 106.996860362715694, -6.416432955316456, 0.0 ], [ 106.996831779563138, -6.416444658194322, 0.0 ], [ 106.996763952694408, -6.416487027054476, 0.0 ], [ 106.996632668762771, -6.416569036231881, 0.0 ], [ 106.996443054803294, -6.416803036230991, 0.0 ], [ 106.996315789941974, -6.416960092933746, 0.0 ], [ 106.996305274169202, -6.416978217870319, 0.0 ], [ 106.996008951152405, -6.417488975235877, 0.0 ], [ 106.995800205914946, -6.417580113431356, 0.0 ], [ 106.995480650711585, -6.418025648364836, 0.0 ], [ 106.995318090157951, -6.418252296406237, 0.0 ], [ 106.995314768062286, -6.418257722915435, 0.0 ], [ 106.99527263122711, -6.418326566917401, 0.0 ], [ 106.995119754573196, -6.418576335629247, 0.0 ], [ 106.99490022286713, -6.418977178753629, 0.0 ], [ 106.994871592949849, -6.419029453646221, 0.0 ], [ 106.9949100002964, -6.419089999603624, 0.0 ], [ 106.994820333391829, -6.418949093825468, 0.0 ], [ 106.994770000135603, -6.418870000250134, 0.0 ], [ 106.994653874277077, -6.418870000250134, 0.0 ], [ 106.994580000366881, -6.418870000250134, 0.0 ], [ 106.994309999606998, -6.418870000250134, 0.0 ], [ 106.994035420398475, -6.418889612665382, 0.0 ], [ 106.993890000023711, -6.418899999834995, 0.0 ], [ 106.993529999609962, -6.418939999880937, 0.0 ], [ 106.993430000394397, -6.418939999880937, 0.0 ], [ 106.993317998826726, -6.418927555062428, 0.0 ], [ 106.992980000326952, -6.418890000273105, 0.0 ], [ 106.992479999752334, -6.41877999969708, 0.0 ], [ 106.992160000283974, -6.418719999628166, 0.0 ], [ 106.991960000054092, -6.418699999605106, 0.0 ], [ 106.991819999893295, -6.418750000112219, 0.0 ], [ 106.991570000055574, -6.418899999834995, 0.0 ], [ 106.991010000311491, -6.419260000248652, 0.0 ], [ 106.990720000427913, -6.419450000017282, 0.0 ], [ 106.990669999920712, -6.419490000063313, 0.0 ], [ 106.990030000084658, -6.419880000061742, 0.0 ], [ 106.989880000361879, -6.419960000153715, 0.0 ], [ 106.98976999978585, -6.420040000245688, 0.0 ], [ 106.989539999971186, -6.420319999668092, 0.0 ], [ 106.989230000064651, -6.420889999873438, 0.0 ], [ 106.989089999903754, -6.421000000449553, 0.0 ], [ 106.988940000181074, -6.421030000034325, 0.0 ], [ 106.988670000320468, -6.421039999596125, 0.0 ], [ 106.988189999768807, -6.421019999573154, 0.0 ], [ 106.987658566090147, -6.420960120013355, 0.0 ], [ 106.987480000301943, -6.420940000380551, 0.0 ], [ 106.987099999865308, -6.420980000426582, 0.0 ], [ 106.985519999848265, -6.4213799999869, 0.0 ], [ 106.985359999664411, -6.421509999686617, 0.0 ], [ 106.985060000218951, -6.421440000055814, 0.0 ], [ 106.984980000127067, -6.421400000009871, 0.0 ], [ 106.984160000084088, -6.421070000080267, 0.0 ], [ 106.984149999622915, -6.420920000357579, 0.0 ], [ 106.984120000038146, -6.420809999781554, 0.0 ], [ 106.98399999990032, -6.420729999689581, 0.0 ], [ 106.983569999855774, -6.420490000313119, 0.0 ], [ 106.98342000013308, -6.420350000152233, 0.0 ], [ 106.983219999903284, -6.420149999922344, 0.0 ], [ 106.983019999673488, -6.419819999992828, 0.0 ], [ 106.982869999950708, -6.419710000316083, 0.0 ], [ 106.982720000228028, -6.419630000224199, 0.0 ], [ 106.982510000436335, -6.419490000063313, 0.0 ], [ 106.982459999929219, -6.419450000017282, 0.0 ], [ 106.982000000299905, -6.419149999672626, 0.0 ], [ 106.981780000047124, -6.419010000411021, 0.0 ], [ 106.981610000301472, -6.418939999880937, 0.0 ], [ 106.981390000048606, -6.418899999834995, 0.0 ], [ 106.980730000189482, -6.418939999880937, 0.0 ], [ 106.980659999659494, -6.418939999880937, 0.0 ], [ 106.980679999682465, -6.418580000366561, 0.0 ], [ 106.980759999774349, -6.41836000011379, 0.0 ], [ 106.980930000419377, -6.418409999721533, 0.0 ], [ 106.981060000119101, -6.418400000159732, 0.0 ], [ 106.981249999887808, -6.418300000044788, 0.0 ], [ 106.981390000048606, -6.418179999906872, 0.0 ], [ 106.981419999633474, -6.418090000253098, 0.0 ], [ 106.981552081263729, -6.417769231864359, 0.0 ], [ 106.981559999794356, -6.417749999862412, 0.0 ], [ 106.981659999909212, -6.417489999563699, 0.0 ], [ 106.981699999955154, -6.417339999841012, 0.0 ], [ 106.982179999607439, -6.416729999589634, 0.0 ], [ 106.982239999676452, -6.416639999935949, 0.0 ], [ 106.982330000229496, -6.416510000236144, 0.0 ], [ 106.982459999929219, -6.416350000052287, 0.0 ], [ 106.982889999973679, -6.415819999892882, 0.0 ], [ 106.983030000134562, -6.415710000216137, 0.0 ], [ 106.983219999903284, -6.415480000401566, 0.0 ], [ 106.983500000224964, -6.415140000010791, 0.0 ], [ 106.983630156406804, -6.414953254888669, 0.0 ], [ 106.983730000039628, -6.414810000081275, 0.0 ], [ 106.983839999716366, -6.414560000243643, 0.0 ], [ 106.98391999980835, -6.414380000036815, 0.0 ], [ 106.983931580378268, -6.414336837075254, 0.0 ], [ 106.984030000384365, -6.413970000015325, 0.0 ], [ 106.984169999645886, -6.413390000248178, 0.0 ], [ 106.984320000267942, -6.412770000435, 0.0 ], [ 106.984357933671916, -6.412609835675234, 0.0 ], [ 106.984409999921724, -6.412389999998371, 0.0 ], [ 106.984759999874299, -6.41087000005033, 0.0 ], [ 106.984819999943213, -6.41064000023567, 0.0 ], [ 106.984889999574008, -6.410259999798953, 0.0 ], [ 106.984989999688963, -6.40978000014675, 0.0 ], [ 106.985450000217469, -6.409829999754582, 0.0 ], [ 106.985450000217469, -6.409709999616577, 0.0 ], [ 106.985390000148556, -6.409410000171203, 0.0 ], [ 106.985359999664411, -6.40935000010229, 0.0 ], [ 106.985220176669984, -6.409090917112028, 0.0 ], [ 106.985020000173009, -6.408719999827941, 0.0 ], [ 106.984969999665893, -6.408420000382566, 0.0 ], [ 106.984920000058153, -6.408140000060794, 0.0 ], [ 106.984869999550952, -6.407589999878418, 0.0 ], [ 106.984859999989155, -6.407380000086818, 0.0 ], [ 106.984920000058153, -6.40721000034107, 0.0 ], [ 106.985209999941731, -6.406880000411554, 0.0 ], [ 106.985262705609557, -6.406812919980123, 0.0 ], [ 106.985319999618469, -6.406740000250668, 0.0 ], [ 106.985390000148556, -6.40654000002078, 0.0 ], [ 106.985399999710438, -6.406379999837011, 0.0 ], [ 106.985410000171527, -6.406259999699007, 0.0 ], [ 106.985419999733409, -6.406029999884435, 0.0 ], [ 106.985459999779351, -6.405760000023832, 0.0 ], [ 106.985463725670598, -6.405731889015289, 0.0 ], [ 106.985570000355381, -6.404930000419053, 0.0 ], [ 106.985590000378437, -6.404750000212136, 0.0 ], [ 106.985479999802322, -6.404540000420536, 0.0 ], [ 106.985430000194498, -6.404260000098763, 0.0 ], [ 106.985410000171527, -6.403970000215189, 0.0 ], [ 106.98533999964144, -6.4037600004235, 0.0 ], [ 106.985240000425875, -6.403600000239642, 0.0 ], [ 106.985089999803819, -6.403460000078756, 0.0 ], [ 106.984929999619951, -6.403000000449524, 0.0 ], [ 106.984759999874299, -6.402439999805978, 0.0 ], [ 106.984639999736373, -6.401590000178228, 0.0 ], [ 106.984699999805386, -6.401030000433963, 0.0 ], [ 106.984989999688963, -6.40034000009079, 0.0 ], [ 106.985419999733409, -6.39970000025464, 0.0 ], [ 106.986190000168563, -6.398960000303546, 0.0 ], [ 106.987520000347885, -6.39820000032957, 0.0 ], [ 106.987589999978695, -6.39820999989146, 0.0 ], [ 106.987790000208491, -6.398499999775034, 0.0 ], [ 106.987970000415402, -6.398700000004833, 0.0 ], [ 106.988120000138096, -6.398820000142749, 0.0 ], [ 106.988240000276008, -6.398849999727521, 0.0 ], [ 106.988430000044644, -6.398829999704549, 0.0 ], [ 106.988650000297497, -6.398679999981862, 0.0 ], [ 106.989179999557535, -6.398149999822458, 0.0 ], [ 106.989580000017128, -6.397910000445997, 0.0 ], [ 106.989809999831792, -6.397730000239168, 0.0 ], [ 106.990190000268427, -6.397509999986397, 0.0 ], [ 106.99056000024396, -6.397409999871453, 0.0 ], [ 106.990700000404857, -6.397369999825422, 0.0 ], [ 106.990930000219521, -6.39732999977948, 0.0 ], [ 106.991369999825778, -6.397280000171648, 0.0 ], [ 106.991779999847267, -6.397249999687595, 0.0 ], [ 106.991929999570033, -6.397229999664624, 0.0 ], [ 106.992149999822814, -6.397200000079764, 0.0 ], [ 106.992459999729363, -6.397130000449049, 0.0 ], [ 106.992550000282407, -6.39714000001085, 0.0 ], [ 106.992679999982215, -6.397220000102735, 0.0 ], [ 106.992709999566983, -6.397280000171648, 0.0 ], [ 106.993159999634415, -6.39732999977948, 0.0 ], [ 106.993279999772341, -6.397309999756509, 0.0 ], [ 106.994819999743342, -6.39668999994333, 0.0 ], [ 106.996029999784838, -6.395900000384493, 0.0 ], [ 106.996769999735847, -6.395580000016778, 0.0 ], [ 106.997429999594971, -6.395479999901923, 0.0 ], [ 106.99776999998565, -6.395550000432006, 0.0 ], [ 106.997790000008621, -6.395829999854499, 0.0 ], [ 106.998070000330401, -6.395940000430524, 0.0 ], [ 106.998110000376428, -6.396170000245185, 0.0 ], [ 106.998169127203681, -6.396307964340888, 0.0 ], [ 106.998170000445342, -6.396310000406071, 0.0 ], [ 106.998240000076152, -6.396500000174701, 0.0 ], [ 106.99820000003011, -6.396549999782533, 0.0 ], [ 106.998110000376428, -6.396580000266585, 0.0 ], [ 106.997689999893765, -6.396640000335587, 0.0 ], [ 106.997509999686855, -6.396680000381529, 0.0 ], [ 106.997469999640913, -6.396739999551162, 0.0 ], [ 106.997480000102087, -6.396839999666106, 0.0 ], [ 106.997540000171085, -6.396939999781051, 0.0 ], [ 106.997629999824852, -6.397130000449049, 0.0 ], [ 106.997617302296845, -6.397396651234324, 0.0 ], [ 106.997609999801796, -6.397550000032339, 0.0 ], [ 106.997780000446824, -6.397879999961855, 0.0 ], [ 106.998082400182824, -6.398055942427607, 0.0 ], [ 106.998329999729918, -6.39820000032957, 0.0 ], [ 106.998440000305948, -6.398249999937402, 0.0 ], [ 106.998610000051684, -6.398330000029286, 0.0 ], [ 106.998839999866263, -6.398339999591176, 0.0 ], [ 106.999200000280013, -6.398339999591176, 0.0 ], [ 106.999320000417839, -6.398269999960373, 0.0 ], [ 106.999610000301502, -6.398129999799487, 0.0 ], [ 106.999719999978154, -6.398080000191655, 0.0 ], [ 106.999989999838846, -6.397980000076799, 0.0 ], [ 107.000259999699352, -6.397879999961855, 0.0 ], [ 107.000553136418262, -6.397596319614287, 0.0 ], [ 107.000569999605901, -6.397579999617111, 0.0 ], [ 107.000620000113102, -6.397539999571169, 0.0 ], [ 107.000669999720941, -6.397389999848393, 0.0 ], [ 107.000649999697885, -6.396930000219161, 0.0 ], [ 107.000540000021132, -6.396159999784015, 0.0 ], [ 107.000540000021132, -6.39584000031558, 0.0 ], [ 107.00054999958293, -6.395589999578668, 0.0 ], [ 107.000620000113102, -6.395299999695094, 0.0 ], [ 107.000729999789854, -6.395100000364575, 0.0 ], [ 107.00093000001965, -6.394289999883398, 0.0 ], [ 107.000979999627475, -6.394140000160711, 0.0 ], [ 107.00067309069081, -6.392817931102481, 0.0 ], [ 107.000459999929248, -6.391900000284636, 0.0 ], [ 107.000439999906277, -6.391709999616637, 0.0 ], [ 107.000439999906277, -6.391530000309089, 0.0 ], [ 107.000540000021132, -6.391359999664061, 0.0 ], [ 107.001070000180533, -6.390940000080771, 0.0 ], [ 107.001099999765401, -6.390850000426997, 0.0 ], [ 107.001569999855803, -6.390140000060764, 0.0 ], [ 107.001750000062628, -6.389779999647107, 0.0 ], [ 107.001850000177484, -6.389759999624136, 0.0 ], [ 107.001879999762338, -6.389649999947391, 0.0 ], [ 107.00195000029251, -6.389500000224615, 0.0 ], [ 107.002120000038175, -6.389320000017875, 0.0 ], [ 107.002300000245, -6.38919000031807, 0.0 ], [ 107.002420000382827, -6.389130000249157, 0.0 ], [ 107.002590000128578, -6.389039999696102, 0.0 ], [ 107.002830000404316, -6.388849999927384, 0.0 ], [ 107.002900000035126, -6.388740000250639, 0.0 ], [ 107.00312999984979, -6.388299999745009, 0.0 ], [ 107.003260000448876, -6.388219999653035, 0.0 ], [ 107.003760000124132, -6.388020000322605, 0.0 ], [ 107.003940000330957, -6.387940000230721, 0.0 ], [ 107.004170000145535, -6.387889999723519, 0.0 ], [ 107.004677312208372, -6.387870488032412, 0.0 ], [ 107.004689999843762, -6.387869999700548, 0.0 ], [ 107.004776844675803, -6.387860350874366, 0.0 ], [ 107.004776175580176, -6.387862306000471, 0.0 ], [ 107.005066065746547, -6.387838923627278, 0.0 ], [ 107.005294951301138, -6.387771220864948, 0.0 ], [ 107.005539093854253, -6.387749289997604, 0.0 ], [ 107.005630661925679, -6.387902832149841, 0.0 ], [ 107.005653561362962, -6.388018700802292, 0.0 ], [ 107.005500961700193, -6.388664346582154, 0.0 ], [ 107.005447549165268, -6.388903727225017, 0.0 ], [ 107.005516219597979, -6.389233199252633, 0.0 ], [ 107.005630661925679, -6.389379582801293, 0.0 ], [ 107.006378346583602, -6.389581773779653, 0.0 ], [ 107.00704974534969, -6.389854980622758, 0.0 ], [ 107.007682964297544, -6.390229307236552, 0.0 ], [ 107.008392493419052, -6.390545480988976, 0.0 ], [ 107.009109663180581, -6.390811047191871, 0.0 ], [ 107.009796293764083, -6.39114008484686, 0.0 ], [ 107.010284578870397, -6.39140042778731, 0.0 ], [ 107.010696552903767, -6.39166268178716, 0.0 ], [ 107.01110093486048, -6.391941183838448, 0.0 ], [ 107.010476392571661, -6.392762603910853, 0.0 ], [ 107.010411350903269, -6.392848149222576, 0.0 ], [ 107.010231190617105, -6.393085100796583, 0.0 ], [ 107.009491122317655, -6.393905735760921, 0.0 ], [ 107.009201232151298, -6.394333935362653, 0.0 ], [ 107.008629018714402, -6.39552604339201, 0.0 ], [ 107.008484060591115, -6.39585408909479, 0.0 ], [ 107.008453546594097, -6.396393392740709, 0.0 ], [ 107.008506934847304, -6.396820165118324, 0.0 ], [ 107.008644252330555, -6.397182546037552, 0.0 ], [ 107.008781011334847, -6.397368358562741, 0.0 ], [ 107.008761987076241, -6.397725928108891, 0.0 ], [ 107.008677220577439, -6.398054192346905, 0.0 ], [ 107.008550767803854, -6.398543885791543, 0.0 ], [ 107.00850263069205, -6.399289707054159, 0.0 ], [ 107.008647288441821, -6.39972834958348, 0.0 ], [ 107.009104399448645, -6.400501316882092, 0.0 ], [ 107.009185604632108, -6.400638634365343, 0.0 ], [ 107.009262236762979, -6.400732611720485, 0.0 ], [ 107.009658978079486, -6.401320540810165, 0.0 ], [ 107.009875557311275, -6.401805323057044, 0.0 ], [ 107.010322639078709, -6.40256132464522, 0.0 ], [ 107.010270617794987, -6.402571293630146, 0.0 ], [ 107.010276557817065, -6.402575103158306, 0.0 ] ] ] ] } },
{ "type": "Feature", "properties": { "PROVNO": "32", "KABKOTNO": "01", "KECNO": "180", "DESANO": "018", "PROVINSI": "JAWA BARAT", "KABKOT": "BOGOR", "KECAMATAN": "CILEUNGSI", "ID2013": "3201180018", "DESA": "CILEUNGSI", "DESA_1": "CILEUNGSI", "ID2012": "3201180018", "IDKAB2": "3201", "IDKEC_2": "3201180", "WILAYAH": "TIMUR" }, "geometry": { "type": "MultiPolygon", "coordinates": [ [ [ [ 106.956561552074135, -6.388626709954561, 0.0 ], [ 106.956468572067166, -6.389637565021502, 0.0 ], [ 106.95642771316858, -6.390081769857616, 0.0 ], [ 106.956506855307296, -6.390480845814253, 0.0 ], [ 106.956740741092517, -6.390746207871025, 0.0 ], [ 106.956931577230705, -6.391355640650112, 0.0 ], [ 106.956844254858609, -6.391722070317165, 0.0 ], [ 106.956714270447378, -6.392060253177991, 0.0 ], [ 106.956690523848735, -6.39212203210592, 0.0 ], [ 106.957606942906267, -6.392377125703632, 0.0 ], [ 106.957634122217158, -6.392384691699995, 0.0 ], [ 106.957898227921035, -6.392490635434314, 0.0 ], [ 106.958045056634234, -6.392549533833716, 0.0 ], [ 106.958190188326668, -6.392804139099564, 0.0 ], [ 106.958281309435023, -6.393436138566724, 0.0 ], [ 106.958284432780516, -6.394245872848572, 0.0 ], [ 106.958285299727024, -6.394470741131588, 0.0 ], [ 106.958440000206025, -6.394479999652116, 0.0 ], [ 106.958819999743383, -6.394539999721118, 0.0 ], [ 106.959243627191782, -6.394550793384237, 0.0 ], [ 106.959501490701442, -6.39455736293181, 0.0 ], [ 106.95964377244232, -6.394560988098998, 0.0 ], [ 106.95983514727439, -6.394564504448166, 0.0 ], [ 106.961204036836989, -6.394589651291174, 0.0 ], [ 106.961896876339907, -6.394602377597494, 0.0 ], [ 106.962223912104065, -6.394601130237767, 0.0 ], [ 106.962573678232843, -6.394666521742423, 0.0 ], [ 106.962646014302237, -6.394680045747361, 0.0 ], [ 106.962787694396738, -6.394744385944442, 0.0 ], [ 106.962837434999841, -6.39485333071649, 0.0 ], [ 106.962945769132091, -6.395698024344156, 0.0 ], [ 106.962991641751032, -6.395815992913558, 0.0 ], [ 106.963182155032626, -6.395936255653503, 0.0 ], [ 106.963242067867327, -6.395974076642155, 0.0 ], [ 106.964130222132212, -6.395970749150628, 0.0 ], [ 106.964330000229467, -6.395970000015296, 0.0 ], [ 106.964889999973735, -6.395920000407553, 0.0 ], [ 106.964979999627516, -6.395920000407553, 0.0 ], [ 106.965360000064138, -6.395889999923412, 0.0 ], [ 106.965509999786832, -6.395900000384493, 0.0 ], [ 106.965559706215672, -6.39590342770088, 0.0 ], [ 106.965799999670395, -6.395920000407553, 0.0 ], [ 106.96591000024651, -6.395820000292609, 0.0 ], [ 106.966129999599914, -6.395620000062809, 0.0 ], [ 106.966180000107116, -6.395589999578668, 0.0 ], [ 106.966240000176029, -6.395550000432006, 0.0 ], [ 106.966469999990693, -6.395530000409035, 0.0 ], [ 106.966599999690402, -6.395569999555697, 0.0 ], [ 106.966819999943183, -6.395620000062809, 0.0 ], [ 106.96700697529181, -6.395636498125725, 0.0 ], [ 106.967160000333962, -6.395649999647581, 0.0 ], [ 106.967260000448817, -6.395649999647581, 0.0 ], [ 106.967390000148526, -6.395609999601639, 0.0 ], [ 106.967909999846768, -6.395600000039749, 0.0 ], [ 106.967974551384572, -6.395580137613113, 0.0 ], [ 106.968170000145562, -6.395519999947865, 0.0 ], [ 106.96842162865542, -6.395442291328504, 0.0 ], [ 106.968850000027658, -6.395310000156176, 0.0 ], [ 106.968966421763099, -6.395272957081168, 0.0 ], [ 106.969070000280425, -6.395239999626181, 0.0 ], [ 106.969149456282565, -6.395218967181417, 0.0 ], [ 106.969288305311281, -6.395182213688013, 0.0 ], [ 106.969409999771827, -6.395149999972407, 0.0 ], [ 106.96980680224236, -6.395021038989537, 0.0 ], [ 106.969795990592644, -6.394931995315147, 0.0 ], [ 106.969696487802821, -6.394081034312151, 0.0 ], [ 106.969666767907199, -6.393815948347239, 0.0 ], [ 106.969663099572585, -6.393739950238366, 0.0 ], [ 106.970590000228555, -6.393719999678051, 0.0 ], [ 106.970800000020148, -6.393719999678051, 0.0 ], [ 106.970829999605016, -6.394510000136258, 0.0 ], [ 106.970900000135103, -6.394530000159229, 0.0 ], [ 106.970940000181045, -6.394920000157658, 0.0 ], [ 106.972319999968192, -6.394820000042802, 0.0 ], [ 106.972342895808168, -6.394873425168281, 0.0 ], [ 106.972409999621973, -6.395029999834492, 0.0 ], [ 106.973070000380375, -6.394869999650634, 0.0 ], [ 106.973119999988199, -6.394380000436541, 0.0 ], [ 106.973619999663384, -6.394320000367539, 0.0 ], [ 106.973728998394748, -6.393393514299053, 0.0 ], [ 106.973779999847324, -6.392959999704075, 0.0 ], [ 106.974000000100091, -6.392990000188217, 0.0 ], [ 106.974069999730901, -6.392440000005841, 0.0 ], [ 106.974319999568436, -6.392549999682586, 0.0 ], [ 106.975219999703398, -6.392600000189699, 0.0 ], [ 106.975179999657456, -6.392950000142186, 0.0 ], [ 106.975049999957733, -6.39303999979596, 0.0 ], [ 106.975230000164558, -6.393380000186735, 0.0 ], [ 106.975809999931712, -6.393190000418016, 0.0 ], [ 106.975870000000711, -6.393300000094762, 0.0 ], [ 106.976999999950237, -6.392689999843473, 0.0 ], [ 106.976993132727088, -6.392676265397181, 0.0 ], [ 106.977108162311964, -6.392884497121667, 0.0 ], [ 106.977161915690075, -6.392981805565725, 0.0 ], [ 106.977304709145173, -6.393544012246224, 0.0 ], [ 106.977306092302499, -6.393549455842553, 0.0 ], [ 106.977727331151542, -6.393659272057608, 0.0 ], [ 106.977730053399398, -6.393659981622726, 0.0 ], [ 106.977745424611868, -6.393663989001688, 0.0 ], [ 106.977708440891973, -6.394778859656505, 0.0 ], [ 106.977708354557109, -6.394781459596501, 0.0 ], [ 106.976961016138148, -6.395372494944542, 0.0 ], [ 106.97685786479876, -6.395633378377532, 0.0 ], [ 106.976723187725099, -6.395821446402508, 0.0 ], [ 106.976651363369911, -6.396103048416748, 0.0 ], [ 106.976663098623305, -6.39644684394657, 0.0 ], [ 106.976779068899091, -6.396811079267675, 0.0 ], [ 106.977394289714894, -6.396996262267542, 0.0 ], [ 106.977957755446212, -6.397264998580656, 0.0 ], [ 106.978490655919202, -6.397710983175156, 0.0 ], [ 106.97876000017402, -6.398289999983344, 0.0 ], [ 106.978700000105107, -6.398319999568205, 0.0 ], [ 106.976239946916124, -6.398525824706915, 0.0 ], [ 106.973864146713154, -6.39872459736214, 0.0 ], [ 106.973547321851612, -6.398751103080738, 0.0 ], [ 106.972479930904242, -6.399575702256701, 0.0 ], [ 106.972259621284636, -6.39974589895397, 0.0 ], [ 106.971632881052827, -6.400240681661931, 0.0 ], [ 106.970920078399047, -6.400803408150537, 0.0 ], [ 106.970740400149509, -6.400869097330855, 0.0 ], [ 106.970670827696736, -6.400991915944001, 0.0 ], [ 106.970744375152947, -6.401158345381166, 0.0 ], [ 106.970849887212665, -6.401512203425277, 0.0 ], [ 106.971014285081409, -6.402236147779874, 0.0 ], [ 106.971135939072468, -6.402771862231518, 0.0 ], [ 106.971075004607968, -6.403178455621052, 0.0 ], [ 106.971055808578853, -6.403392120150055, 0.0 ], [ 106.971045039197378, -6.403511994382907, 0.0 ], [ 106.970668303299689, -6.405764048771658, 0.0 ], [ 106.970349999952731, -6.406159999584151, 0.0 ], [ 106.970209999791834, -6.406310000206208, 0.0 ], [ 106.970140000161038, -6.406499999974837, 0.0 ], [ 106.970029999585009, -6.406860000388495, 0.0 ], [ 106.970010981621627, -6.406974107269061, 0.0 ], [ 106.970009999562038, -6.406979999627129, 0.0 ], [ 106.969756157820626, -6.406944987221177, 0.0 ], [ 106.96971999967846, -6.406939999581098, 0.0 ], [ 106.969340000141116, -6.406919999558127, 0.0 ], [ 106.968800000419819, -6.406840000365523, 0.0 ], [ 106.968569999705878, -6.406769999835529, 0.0 ], [ 106.968119999638446, -6.40656999960564, 0.0 ], [ 106.967760000124073, -6.406430000344034, 0.0 ], [ 106.967160000333962, -6.40615000002235, 0.0 ], [ 106.966665962264571, -6.405968368445283, 0.0 ], [ 106.96647999955249, -6.405900000184719, 0.0 ], [ 106.966400000359897, -6.405860000138688, 0.0 ], [ 106.966297035180219, -6.405812636443855, 0.0 ], [ 106.96589999978535, -6.405630000324116, 0.0 ], [ 106.965620000362861, -6.405510000186201, 0.0 ], [ 106.965170000295515, -6.405329999979372, 0.0 ], [ 106.964829999904737, -6.405160000233625, 0.0 ], [ 106.964089999953728, -6.404830000304109, 0.0 ], [ 106.963809999631962, -6.404690000143223, 0.0 ], [ 106.963296132410733, -6.404522818872795, 0.0 ], [ 106.963158456097986, -6.404478028138296, 0.0 ], [ 106.962980000027088, -6.404590000028278, 0.0 ], [ 106.962977043056242, -6.404593214205292, 0.0 ], [ 106.962969070566288, -6.404601879173235, 0.0 ], [ 106.962750000212523, -6.40483999986591, 0.0 ], [ 106.962600776604745, -6.405016856942183, 0.0 ], [ 106.962480000351917, -6.405160000233625, 0.0 ], [ 106.9617009590322, -6.406136573144163, 0.0 ], [ 106.96020750707099, -6.406247151984292, 0.0 ], [ 106.959805160280084, -6.40627694292645, 0.0 ], [ 106.959663219382293, -6.406258477146789, 0.0 ], [ 106.958562497761235, -6.40611528079539, 0.0 ], [ 106.957319370292808, -6.405831585159341, 0.0 ], [ 106.956149872119042, -6.405469521700926, 0.0 ], [ 106.955570000055602, -6.40528999993343, 0.0 ], [ 106.955690000193528, -6.405180000256596, 0.0 ], [ 106.956109999776899, -6.404890000373111, 0.0 ], [ 106.956280000421927, -6.404770000235107, 0.0 ], [ 106.95555000003263, -6.404380000236678, 0.0 ], [ 106.955500000424891, -6.404340000190736, 0.0 ], [ 106.95540000030995, -6.404289999683535, 0.0 ], [ 106.955620668759053, -6.403867442428393, 0.0 ], [ 106.955870000400353, -6.403390000447953, 0.0 ], [ 106.956359999614449, -6.40272999968964, 0.0 ], [ 106.956869999750879, -6.401909999646573, 0.0 ], [ 106.956969999865734, -6.401479999602113, 0.0 ], [ 106.956939188193132, -6.401405538434659, 0.0 ], [ 106.956849999727908, -6.40118999971854, 0.0 ], [ 106.956639999936215, -6.401109999626655, 0.0 ], [ 106.956268927968836, -6.401109999626655, 0.0 ], [ 106.956120000237973, -6.401109999626655, 0.0 ], [ 106.955169999596009, -6.401670000270112, 0.0 ], [ 106.954839999666405, -6.401719999877944, 0.0 ], [ 106.954560000244001, -6.401519999648055, 0.0 ], [ 106.954360000014191, -6.401149999672597, 0.0 ], [ 106.954308013804024, -6.400820754274186, 0.0 ], [ 106.954299999945192, -6.40077000013525, 0.0 ], [ 106.954369999576002, -6.400429999744475, 0.0 ], [ 106.954629999874797, -6.399809999931385, 0.0 ], [ 106.954635619738212, -6.399795886870532, 0.0 ], [ 106.955079999942228, -6.398679999981862, 0.0 ], [ 106.955213147269092, -6.398217156696298, 0.0 ], [ 106.955289999733836, -6.397949999592658, 0.0 ], [ 106.955599999640469, -6.396930000219161, 0.0 ], [ 106.955509999986688, -6.396620000312616, 0.0 ], [ 106.955478335756794, -6.396573435215682, 0.0 ], [ 106.955340000241037, -6.396369999575615, 0.0 ], [ 106.95510039836492, -6.396312495125436, 0.0 ], [ 106.955090000403317, -6.396310000406071, 0.0 ], [ 106.954790000058566, -6.396389999598586, 0.0 ], [ 106.954199999830251, -6.396620000312616, 0.0 ], [ 106.953640000086168, -6.396640000335587, 0.0 ], [ 106.953430705362919, -6.396631627647267, 0.0 ], [ 106.953140000410897, -6.396620000312616, 0.0 ], [ 106.952759999974177, -6.396339999990843, 0.0 ], [ 106.95261312359699, -6.396205364285947, 0.0 ], [ 106.952519999698353, -6.396119999738072, 0.0 ], [ 106.952430000044586, -6.39584999987747, 0.0 ], [ 106.952430000044586, -6.395589999578668, 0.0 ], [ 106.952579999767352, -6.394530000159229, 0.0 ], [ 106.952619030344081, -6.394159218672826, 0.0 ], [ 106.952659999859321, -6.393770000185253, 0.0 ], [ 106.952579999767352, -6.393460000278619, 0.0 ], [ 106.952439999606469, -6.393229999564678, 0.0 ], [ 106.951719999678431, -6.392649999797442, 0.0 ], [ 106.951349999702884, -6.392110000076325, 0.0 ], [ 106.951340000141087, -6.391829999754552, 0.0 ], [ 106.951349999702884, -6.391669999570606, 0.0 ], [ 106.951489116729505, -6.391375398755486, 0.0 ], [ 106.951520000347912, -6.391310000056318, 0.0 ], [ 106.951739999701402, -6.390790000358084, 0.0 ], [ 106.952149999722891, -6.389939999830965, 0.0 ], [ 106.952289999883789, -6.389770000085306, 0.0 ], [ 106.952450000067643, -6.389369999625618, 0.0 ], [ 106.952479999652411, -6.389170000295099, 0.0 ], [ 106.952430000044586, -6.38899000008827, 0.0 ], [ 106.952209999791805, -6.38856000004381, 0.0 ], [ 106.952200000230008, -6.388350000252121, 0.0 ], [ 106.952269999860818, -6.388199999630064, 0.0 ], [ 106.952450000067643, -6.388100000414489, 0.0 ], [ 106.952809999582016, -6.388120000437461, 0.0 ], [ 106.954290000383395, -6.388159999584122, 0.0 ], [ 106.954680000381913, -6.388219999653035, 0.0 ], [ 106.955160000034112, -6.388370000275092, 0.0 ], [ 106.956319999568507, -6.388620000112812, 0.0 ], [ 106.956561552074135, -6.388626709954561, 0.0 ] ] ] ] } },
{ "type": "Feature", "properties": { "PROVNO": "32", "KABKOTNO": "01", "KECNO": "180", "DESANO": "020", "PROVINSI": "JAWA BARAT", "KABKOT": "BOGOR", "KECAMATAN": "CILEUNGSI", "ID2013": "3201180020", "DESA": "PASIR ANGIN", "DESA_1": "PASIR ANGIN", "ID2012": "3201180020", "IDKAB2": "3201", "IDKEC_2": "3201180", "WILAYAH": "TIMUR" }, "geometry": { "type": "MultiPolygon", "coordinates": [ [ [ [ 106.993972922912263, -6.36713371434924, 0.0 ], [ 106.993995822349547, -6.367365451654141, 0.0 ], [ 106.994018719988091, -6.367474648236318, 0.0 ], [ 106.994026360628212, -6.367661096582236, 0.0 ], [ 106.994026360628212, -6.367828469408146, 0.0 ], [ 106.993988205091696, -6.368070217966029, 0.0 ], [ 106.993927175299106, -6.368163672815133, 0.0 ], [ 106.993843247867787, -6.368356795929255, 0.0 ], [ 106.993759320436467, -6.368482675834688, 0.0 ], [ 106.993690650003657, -6.368633847373975, 0.0 ], [ 106.993665067888742, -6.368688875091379, 0.0 ], [ 106.993608336855459, -6.36881090859637, 0.0 ], [ 106.993599105314587, -6.368830767425795, 0.0 ], [ 106.993484662986972, -6.369062504730696, 0.0 ], [ 106.993316807225057, -6.369243224395085, 0.0 ], [ 106.993217621895866, -6.369430156576286, 0.0 ], [ 106.993110820208372, -6.369723409307717, 0.0 ], [ 106.993065048313483, -6.369974224830468, 0.0 ], [ 106.993035710629727, -6.370402724805704, 0.0 ], [ 106.993026916159423, -6.370531180369579, 0.0 ], [ 106.993049790415682, -6.370588872778118, 0.0 ], [ 106.993080709107659, -6.370708365698388, 0.0 ], [ 106.993095563209863, -6.370765772122535, 0.0 ], [ 106.993271035330167, -6.37123452035663, 0.0 ], [ 106.993568590418292, -6.371527288353498, 0.0 ], [ 106.993579374188968, -6.371602695607717, 0.0 ], [ 106.993602168405531, -6.371762091447177, 0.0 ], [ 106.993605050732697, -6.371782253348126, 0.0 ], [ 106.993629620210982, -6.371954059831832, 0.0 ], [ 106.993690649104295, -6.372385595018972, 0.0 ], [ 106.993827989969901, -6.372818073595035, 0.0 ], [ 106.993919534658986, -6.372955874014199, 0.0 ], [ 106.99406449188298, -6.373068429564235, 0.0 ], [ 106.994095006779375, -6.373076530657187, 0.0 ], [ 106.994163677212086, -6.37310228184468, 0.0 ], [ 106.994223614328519, -6.373194822083263, 0.0 ], [ 106.99449938783664, -6.373620598012089, 0.0 ], [ 106.994537519990686, -6.373838989377703, 0.0 ], [ 106.99454513634916, -6.373972026087973, 0.0 ], [ 106.99454513634916, -6.373996834785913, 0.0 ], [ 106.994547510559329, -6.374043824362854, 0.0 ], [ 106.994552776989195, -6.374147982043556, 0.0 ], [ 106.994552776989195, -6.374257637280003, 0.0 ], [ 106.994552776989195, -6.374360642929169, 0.0 ], [ 106.994552776989195, -6.374495589799469, 0.0 ], [ 106.99454513634916, -6.374633873154547, 0.0 ], [ 106.994529902733021, -6.374727328003651, 0.0 ], [ 106.99449938783664, -6.374843220937745, 0.0 ], [ 106.994468848658599, -6.374881836027715, 0.0 ], [ 106.9944078197652, -6.374999615739476, 0.0 ], [ 106.99445359166009, -6.375156033923659, 0.0 ], [ 106.994570778718639, -6.375593155699413, 0.0 ], [ 106.994644320778903, -6.375867474104471, 0.0 ], [ 106.994934260407916, -6.376854972878601, 0.0 ], [ 106.995054286626214, -6.37707777901614, 0.0 ], [ 106.995643765247777, -6.378172018323838, 0.0 ], [ 106.995651430169545, -6.378323165581481, 0.0 ], [ 106.995651430169545, -6.378432845099571, 0.0 ], [ 106.995651430169545, -6.378535849849456, 0.0 ], [ 106.995676151633262, -6.378608132858901, 0.0 ], [ 106.995681920784193, -6.378625001442497, 0.0 ], [ 106.995684030593765, -6.378623360179727, 0.0 ], [ 106.995679999832262, -6.378629999874388, 0.0 ], [ 106.995510000086611, -6.378910000196161, 0.0 ], [ 106.995280000271947, -6.379289999733508, 0.0 ], [ 106.995149999672947, -6.379389999848453, 0.0 ], [ 106.994950000342428, -6.379449999917455, 0.0 ], [ 106.994810000181545, -6.379520000447449, 0.0 ], [ 106.994730000089575, -6.379610000101223, 0.0 ], [ 106.994730000089575, -6.379699999754997, 0.0 ], [ 106.994790000158574, -6.379830000354083, 0.0 ], [ 106.994890000273429, -6.379920000007857, 0.0 ], [ 106.995039999996123, -6.37998000007677, 0.0 ], [ 106.99549000006364, -6.380169999845489, 0.0 ], [ 106.995539999671379, -6.380240000375572, 0.0 ], [ 106.995545674393583, -6.380296738603377, 0.0 ], [ 106.995550000132639, -6.380339999591147, 0.0 ], [ 106.995590000178581, -6.38043000014429, 0.0 ], [ 106.995559999694436, -6.380539999821035, 0.0 ], [ 106.995545570072139, -6.380540778633872, 0.0 ], [ 106.995467667199279, -6.380831447613069, 0.0 ], [ 106.995232189614029, -6.381464618896828, 0.0 ], [ 106.995193931554908, -6.381567491446418, 0.0 ], [ 106.995120000088093, -6.381740000300642, 0.0 ], [ 106.994998228285766, -6.382093718050488, 0.0 ], [ 106.994633168286285, -6.38307532176853, 0.0 ], [ 106.994630525178778, -6.383077987359034, 0.0 ], [ 106.994620045378994, -6.383088552594476, 0.0 ], [ 106.994435346214402, -6.383023367034593, 0.0 ], [ 106.994424158648243, -6.383020830047084, 0.0 ], [ 106.994369999675911, -6.382999999949881, 0.0 ], [ 106.994239999976202, -6.38297999992691, 0.0 ], [ 106.994226374347846, -6.3829909006094, 0.0 ], [ 106.994184927292721, -6.382997977374618, 0.0 ], [ 106.993804815340141, -6.383573192748528, 0.0 ], [ 106.993739592008779, -6.383671894242351, 0.0 ], [ 106.993379554722836, -6.38422974640557, 0.0 ], [ 106.993310000256471, -6.384189999968406, 0.0 ], [ 106.993170000095589, -6.384049999807431, 0.0 ], [ 106.993069999980648, -6.383949999692575, 0.0 ], [ 106.993011045823266, -6.383908869198809, 0.0 ], [ 106.992936604440871, -6.383846345632218, 0.0 ], [ 106.992685623442938, -6.38367597356714, 0.0 ], [ 106.992669732422343, -6.383670743110184, 0.0 ], [ 106.992639999936188, -6.383650000247112, 0.0 ], [ 106.992592192875563, -6.383645218551894, 0.0 ], [ 106.992494351133558, -6.383613012030711, 0.0 ], [ 106.992439999706392, -6.383630000224141, 0.0 ], [ 106.991929382635092, -6.383548597189872, 0.0 ], [ 106.991750000262499, -6.383519999648115, 0.0 ], [ 106.991249999687952, -6.383579999717028, 0.0 ], [ 106.991039999896259, -6.383690000293143, 0.0 ], [ 106.990830947990077, -6.383814627442899, 0.0 ], [ 106.990520000198018, -6.384000000199688, 0.0 ], [ 106.990449999667945, -6.38402999978446, 0.0 ], [ 106.990250000337426, -6.384080000291661, 0.0 ], [ 106.989709345909802, -6.384103852110936, 0.0 ], [ 106.989582671003674, -6.384109441397481, 0.0 ], [ 106.989569999556053, -6.384109999876433, 0.0 ], [ 106.989270000110594, -6.384140000360574, 0.0 ], [ 106.989069999880783, -6.384189999968406, 0.0 ], [ 106.988619999813267, -6.384350000152175, 0.0 ], [ 106.988240000276008, -6.384519999897922, 0.0 ], [ 106.988240000276008, -6.384620000012866, 0.0 ], [ 106.988269999860776, -6.384900000334639, 0.0 ], [ 106.988320000367892, -6.385090000103268, 0.0 ], [ 106.988389999998702, -6.385190000218213, 0.0 ], [ 106.988630000274441, -6.385529999709529, 0.0 ], [ 106.988690000343439, -6.385790000008331, 0.0 ], [ 106.98871000036641, -6.38620000002982, 0.0 ], [ 106.988650000297497, -6.38620000002982, 0.0 ], [ 106.988636101275205, -6.386198014326752, 0.0 ], [ 106.988229999814749, -6.386139999960818, 0.0 ], [ 106.987810000231462, -6.386050000307044, 0.0 ], [ 106.987630000024637, -6.386019999822992, 0.0 ], [ 106.987449999817798, -6.385990000238131, 0.0 ], [ 106.987269999610973, -6.385890000123275, 0.0 ], [ 106.987119999888279, -6.385850000077244, 0.0 ], [ 106.986979999727396, -6.385799999570132, 0.0 ], [ 106.986580000167081, -6.385680000331586, 0.0 ], [ 106.986440000006198, -6.385959999754078, 0.0 ], [ 106.986090000053622, -6.386540000420506, 0.0 ], [ 106.986009999961738, -6.386690000143194, 0.0 ], [ 106.98596999991571, -6.386759999773997, 0.0 ], [ 106.985599999940248, -6.387209999841428, 0.0 ], [ 106.985479999802322, -6.387370000025285, 0.0 ], [ 106.985129999849761, -6.387800000069745, 0.0 ], [ 106.984808602834889, -6.388121397084703, 0.0 ], [ 106.98479000035843, -6.388139999561151, 0.0 ], [ 106.984639623819746, -6.388241724575785, 0.0 ], [ 106.984449999967666, -6.388370000275092, 0.0 ], [ 106.984380000336856, -6.388410000321034, 0.0 ], [ 106.984100000015175, -6.388589999628582, 0.0 ], [ 106.98377000008557, -6.388800000319552, 0.0 ], [ 106.983199999880227, -6.389099999765016, 0.0 ], [ 106.982660000159015, -6.389389999648589, 0.0 ], [ 106.981969999815846, -6.389710000016393, 0.0 ], [ 106.981909999746847, -6.389739999601165, 0.0 ], [ 106.981596910669069, -6.390238706950626, 0.0 ], [ 106.98150501974105, -6.39071835496793, 0.0 ], [ 106.98136667613133, -6.391162569696665, 0.0 ], [ 106.98131983494261, -6.391312975013665, 0.0 ], [ 106.981195735694854, -6.391542679850684, 0.0 ], [ 106.981137297748276, -6.39163496737968, 0.0 ], [ 106.980957632089215, -6.391918697189993, 0.0 ], [ 106.980045768997257, -6.392700157685951, 0.0 ], [ 106.979711904680784, -6.392986276095627, 0.0 ], [ 106.978020163000267, -6.394534864592174, 0.0 ], [ 106.977779872243474, -6.394724900333717, 0.0 ], [ 106.977708440891973, -6.394778859656505, 0.0 ], [ 106.977745424611868, -6.393663989001688, 0.0 ], [ 106.977730053399398, -6.393659981622726, 0.0 ], [ 106.977727331151542, -6.393659272057608, 0.0 ], [ 106.977306092302499, -6.393549455842553, 0.0 ], [ 106.977304709145173, -6.393544012246224, 0.0 ], [ 106.977161915690075, -6.392981805565725, 0.0 ], [ 106.977108162311964, -6.392884497121667, 0.0 ], [ 106.976993132727088, -6.392676265397181, 0.0 ], [ 106.976950000342399, -6.392589999728528, 0.0 ], [ 106.976919999858268, -6.392339999890897, 0.0 ], [ 106.97691890898065, -6.392326912057147, 0.0 ], [ 106.976910000296456, -6.392219999752982, 0.0 ], [ 106.976839999766383, -6.391889999823466, 0.0 ], [ 106.976799999720441, -6.391639999985834, 0.0 ], [ 106.976790000158545, -6.391570000355031, 0.0 ], [ 106.976779999697371, -6.391459999779006, 0.0 ], [ 106.976775553449201, -6.3914199727534, 0.0 ], [ 106.976750000112602, -6.391189999918403, 0.0 ], [ 106.976690000043604, -6.391080000241658, 0.0 ], [ 106.976190000368334, -6.390839999965827, 0.0 ], [ 106.975800000369901, -6.390599999690085, 0.0 ], [ 106.975726103077363, -6.390554524571481, 0.0 ], [ 106.975540000071106, -6.390440000405508, 0.0 ], [ 106.975250000187529, -6.390340000290653, 0.0 ], [ 106.975049999957733, -6.390269999760481, 0.0 ], [ 106.97484000016604, -6.390240000175709, 0.0 ], [ 106.974929671567281, -6.390001728396868, 0.0 ], [ 106.975190000118531, -6.389309999556705, 0.0 ], [ 106.974931516076808, -6.389199221067035, 0.0 ], [ 106.97490999979685, -6.38919000031807, 0.0 ], [ 106.975029999934762, -6.388749999812529, 0.0 ], [ 106.974765795305387, -6.388666125441169, 0.0 ], [ 106.97439999966042, -6.38854999958264, 0.0 ], [ 106.974280000421871, -6.388529999559669, 0.0 ], [ 106.9742600003989, -6.388950000042328, 0.0 ], [ 106.974169999845842, -6.389059999719073, 0.0 ], [ 106.973839999916237, -6.389199999879871, 0.0 ], [ 106.973120833659735, -6.389138500641103, 0.0 ], [ 106.968710622197662, -6.388761360048569, 0.0 ], [ 106.968606202814129, -6.38807792655486, 0.0 ], [ 106.968550469128985, -6.387713141747966, 0.0 ], [ 106.968495548431051, -6.387353676430809, 0.0 ], [ 106.969513521631896, -6.387214923629649, 0.0 ], [ 106.970710253975156, -6.386820756172842, 0.0 ], [ 106.970707150414825, -6.386772566000989, 0.0 ], [ 106.970674127309323, -6.386259957830678, 0.0 ], [ 106.97064656039062, -6.385832048709918, 0.0 ], [ 106.97079392959634, -6.385202151857641, 0.0 ], [ 106.970893947697704, -6.384802261115254, 0.0 ], [ 106.971107507005982, -6.383948406993269, 0.0 ], [ 106.971196929295019, -6.383590878815806, 0.0 ], [ 106.971113797763763, -6.382997955790906, 0.0 ], [ 106.971102549043593, -6.382917720076566, 0.0 ], [ 106.972383939067726, -6.381902533874708, 0.0 ], [ 106.973007010065629, -6.381587879976482, 0.0 ], [ 106.973292305595578, -6.381384064822573, 0.0 ], [ 106.973119264342785, -6.380645287949473, 0.0 ], [ 106.973164993070171, -6.380610038122594, 0.0 ], [ 106.973441575068819, -6.380396840341742, 0.0 ], [ 106.973914137327739, -6.380017213123725, 0.0 ], [ 106.97459389079556, -6.379905339259864, 0.0 ], [ 106.974638701315214, -6.379352892022219, 0.0 ], [ 106.974328527839504, -6.378740152435949, 0.0 ], [ 106.974358486055422, -6.378098772140408, 0.0 ], [ 106.974601886667969, -6.377730465588307, 0.0 ], [ 106.975189649382997, -6.377387672802683, 0.0 ], [ 106.975459999979222, -6.377230000064262, 0.0 ], [ 106.975540000071106, -6.376949999742489, 0.0 ], [ 106.975609999701902, -6.376719999927918, 0.0 ], [ 106.975634681595508, -6.376547223075715, 0.0 ], [ 106.975640000186047, -6.376510000136228, 0.0 ], [ 106.975540000071106, -6.376209999791485, 0.0 ], [ 106.975459999979222, -6.376060000068797, 0.0 ], [ 106.975459999979222, -6.375999999999884, 0.0 ], [ 106.975020000372865, -6.375349999702564, 0.0 ], [ 106.975190000118531, -6.374999999749988, 0.0 ], [ 106.977452723164788, -6.372728575763045, 0.0 ], [ 106.977507524253085, -6.372673564233402, 0.0 ], [ 106.977790000408348, -6.372389999898456, 0.0 ], [ 106.978370000175502, -6.371699999555194, 0.0 ], [ 106.979039999596509, -6.370889999973386, 0.0 ], [ 106.979171084777974, -6.370565410365217, 0.0 ], [ 106.979213150566608, -6.370461246389283, 0.0 ], [ 106.979250000287479, -6.370370000275152, 0.0 ], [ 106.979379999987202, -6.369730000439002, 0.0 ], [ 106.979498694309484, -6.369265113893743, 0.0 ], [ 106.97962000026294, -6.368790000258198, 0.0 ], [ 106.97978000044688, -6.367859999639105, 0.0 ], [ 106.979895628080925, -6.36723230612585, 0.0 ], [ 106.979988189903224, -6.366729827019793, 0.0 ], [ 106.979990000238487, -6.366720000127781, 0.0 ], [ 106.980070000330457, -6.365940000130745, 0.0 ], [ 106.980070000330457, -6.365229999764512, 0.0 ], [ 106.980023489192845, -6.364831333898771, 0.0 ], [ 106.979999999800285, -6.364629999974305, 0.0 ], [ 106.979729999939678, -6.364280000021818, 0.0 ], [ 106.97972947473562, -6.364279319235013, 0.0 ], [ 106.980125615305127, -6.364247885231613, 0.0 ], [ 106.980613876129695, -6.364281252777495, 0.0 ], [ 106.982223664390787, -6.363924119402444, 0.0 ], [ 106.982574632913128, -6.363825900844446, 0.0 ], [ 106.983184976705516, -6.363713829129694, 0.0 ], [ 106.983275512355164, -6.363709015058774, 0.0 ], [ 106.983696136068005, -6.363686650718172, 0.0 ], [ 106.984070079570742, -6.363667680418885, 0.0 ], [ 106.98430650414204, -6.363661867201245, 0.0 ], [ 106.98454300605502, -6.363686192063902, 0.0 ], [ 106.984748993071719, -6.363748623899692, 0.0 ], [ 106.985115218592654, -6.363931277106563, 0.0 ], [ 106.985489061371254, -6.363642764701662, 0.0 ], [ 106.985649252211402, -6.363526920330944, 0.0 ], [ 106.985908676044744, -6.363455397248643, 0.0 ], [ 106.986175717135851, -6.363467292581362, 0.0 ], [ 106.9865253555609, -6.363537562008705, 0.0 ], [ 106.986602948167643, -6.363553156253001, 0.0 ], [ 106.986720719785609, -6.363645647028839, 0.0 ], [ 106.986831832822958, -6.363732908247002, 0.0 ], [ 106.986999688584973, -6.363719561408434, 0.0 ], [ 106.987078856803976, -6.36370753387542, 0.0 ], [ 106.987106491171829, -6.363703335840079, 0.0 ], [ 106.987243806856341, -6.363654711295776, 0.0 ], [ 106.987411662618257, -6.363622286239359, 0.0 ], [ 106.98757187684086, -6.363621802404076, 0.0 ], [ 106.987762606859036, -6.363608431283954, 0.0 ], [ 106.987922821980817, -6.363624196399389, 0.0 ], [ 106.988067779204826, -6.363652801135657, 0.0 ], [ 106.988250916246983, -6.363736244731779, 0.0 ], [ 106.988434004725761, -6.363844956579303, 0.0 ], [ 106.988563704951247, -6.363960366577484, 0.0 ], [ 106.988647608100834, -6.364034260272735, 0.0 ], [ 106.988762074710181, -6.364121041252915, 0.0 ], [ 106.988823081120501, -6.364169207143036, 0.0 ], [ 106.988922266449606, -6.364220225682651, 0.0 ], [ 106.989082504953856, -6.364265055088083, 0.0 ], [ 106.989265593432549, -6.364299874139725, 0.0 ], [ 106.98945634683308, -6.364315590691785, 0.0 ], [ 106.989822548971659, -6.364314648202321, 0.0 ], [ 106.989825650733437, -6.364314335238266, 0.0 ], [ 106.989921734300765, -6.364304637848619, 0.0 ], [ 106.990150618956079, -6.364314165266407, 0.0 ], [ 106.990242163645149, -6.36434898431796, 0.0 ], [ 106.990318451335625, -6.364442438267783, 0.0 ], [ 106.990356605972764, -6.364662255958233, 0.0 ], [ 106.99037874098623, -6.364919016899009, 0.0 ], [ 106.990379503611393, -6.364927869825223, 0.0 ], [ 106.990448150661749, -6.365237805879911, 0.0 ], [ 106.990554975731698, -6.365399931161733, 0.0 ], [ 106.990768580006147, -6.365554897840155, 0.0 ], [ 106.990883046615494, -6.365586839960571, 0.0 ], [ 106.991142422784748, -6.365592571339942, 0.0 ], [ 106.991424517627507, -6.36554493874776, 0.0 ], [ 106.991605773287944, -6.365514333919222, 0.0 ], [ 106.991935903619208, -6.365458591240838, 0.0 ], [ 106.992263950221258, -6.365444759667795, 0.0 ], [ 106.992502633889643, -6.365444276731793, 0.0 ], [ 106.992599660845798, -6.365444276731793, 0.0 ], [ 106.992729361071298, -6.365467175269792, 0.0 ], [ 106.992798007222376, -6.365479072401072, 0.0 ], [ 106.993034533417088, -6.365578256830897, 0.0 ], [ 106.993232903176107, -6.365783784294035, 0.0 ], [ 106.993332089404589, -6.365928257682842, 0.0 ], [ 106.993515176983991, -6.366230094443139, 0.0 ], [ 106.993604653232353, -6.36641638091108, 0.0 ], [ 106.993637260851102, -6.3664842707324, 0.0 ], [ 106.993714959577929, -6.366587515601232, 0.0 ], [ 106.993782218075097, -6.366676885729508, 0.0 ], [ 106.993896636120979, -6.366901975245778, 0.0 ], [ 106.993972922912263, -6.36713371434924, 0.0 ] ] ] ] } },
{ "type": "Feature", "properties": { "PROVNO": "32", "KABKOTNO": "01", "KECNO": "180", "DESANO": "021", "PROVINSI": "JAWA BARAT", "KABKOT": "BOGOR", "KECAMATAN": "CILEUNGSI", "ID2013": "3201180021", "DESA": "CIPENJO", "DESA_1": "CIPENJO", "ID2012": "3201180021", "IDKAB2": "3201", "IDKEC_2": "3201180", "WILAYAH": "TIMUR" }, "geometry": { "type": "MultiPolygon", "coordinates": [ [ [ [ 107.005970727966883, -6.382169368121673, 0.0 ], [ 107.005987805193257, -6.382234222731, 0.0 ], [ 107.00616471982616, -6.382776829586891, 0.0 ], [ 107.006485149170459, -6.383686640425914, 0.0 ], [ 107.006355448944973, -6.384491533657179, 0.0 ], [ 107.006195233823178, -6.384817234827391, 0.0 ], [ 107.00616471982616, -6.38530455316241, 0.0 ], [ 107.00608079239484, -6.385621162186741, 0.0 ], [ 107.0060274032422, -6.385761355701849, 0.0 ], [ 107.005897678735053, -6.385855753040417, 0.0 ], [ 107.005745080870938, -6.385967342718537, 0.0 ], [ 107.005539093854253, -6.386358835591679, 0.0 ], [ 107.005470423421443, -6.386458964309618, 0.0 ], [ 107.00523392240774, -6.38660010121356, 0.0 ], [ 107.005005061134867, -6.386734104695027, 0.0 ], [ 107.004921109421815, -6.386829952639985, 0.0 ], [ 107.004929305842964, -6.386874414222667, 0.0 ], [ 107.004959264058954, -6.38703690822652, 0.0 ], [ 107.004974546238486, -6.387299161327089, 0.0 ], [ 107.004951647700565, -6.387424557397239, 0.0 ], [ 107.004806689577194, -6.387773131025067, 0.0 ], [ 107.004776844675803, -6.387860350874366, 0.0 ], [ 107.004689999843762, -6.387869999700548, 0.0 ], [ 107.004677312208372, -6.387870488032412, 0.0 ], [ 107.004170000145535, -6.387889999723519, 0.0 ], [ 107.003940000330957, -6.387940000230721, 0.0 ], [ 107.003760000124132, -6.388020000322605, 0.0 ], [ 107.003260000448876, -6.388219999653035, 0.0 ], [ 107.00312999984979, -6.388299999745009, 0.0 ], [ 107.002900000035126, -6.388740000250639, 0.0 ], [ 107.002830000404316, -6.388849999927384, 0.0 ], [ 107.002590000128578, -6.389039999696102, 0.0 ], [ 107.002420000382827, -6.389130000249157, 0.0 ], [ 107.002300000245, -6.38919000031807, 0.0 ], [ 107.002120000038175, -6.389320000017875, 0.0 ], [ 107.00195000029251, -6.389500000224615, 0.0 ], [ 107.001879999762338, -6.389649999947391, 0.0 ], [ 107.001850000177484, -6.389759999624136, 0.0 ], [ 107.001750000062628, -6.389779999647107, 0.0 ], [ 107.001569999855803, -6.390140000060764, 0.0 ], [ 107.001099999765401, -6.390850000426997, 0.0 ], [ 107.001070000180533, -6.390940000080771, 0.0 ], [ 107.000540000021132, -6.391359999664061, 0.0 ], [ 107.000439999906277, -6.391530000309089, 0.0 ], [ 107.000439999906277, -6.391709999616637, 0.0 ], [ 107.000459999929248, -6.391900000284636, 0.0 ], [ 107.00067309069081, -6.392817931102481, 0.0 ], [ 107.000979999627475, -6.394140000160711, 0.0 ], [ 107.00093000001965, -6.394289999883398, 0.0 ], [ 107.000729999789854, -6.395100000364575, 0.0 ], [ 107.000620000113102, -6.395299999695094, 0.0 ], [ 107.00054999958293, -6.395589999578668, 0.0 ], [ 107.000540000021132, -6.39584000031558, 0.0 ], [ 107.000540000021132, -6.396159999784015, 0.0 ], [ 107.000649999697885, -6.396930000219161, 0.0 ], [ 107.000669999720941, -6.397389999848393, 0.0 ], [ 107.000620000113102, -6.397539999571169, 0.0 ], [ 107.000569999605901, -6.397579999617111, 0.0 ], [ 107.000553136418262, -6.397596319614287, 0.0 ], [ 107.000259999699352, -6.397879999961855, 0.0 ], [ 106.999989999838846, -6.397980000076799, 0.0 ], [ 106.999719999978154, -6.398080000191655, 0.0 ], [ 106.999610000301502, -6.398129999799487, 0.0 ], [ 106.999320000417839, -6.398269999960373, 0.0 ], [ 106.999200000280013, -6.398339999591176, 0.0 ], [ 106.998839999866263, -6.398339999591176, 0.0 ], [ 106.998610000051684, -6.398330000029286, 0.0 ], [ 106.998440000305948, -6.398249999937402, 0.0 ], [ 106.998329999729918, -6.39820000032957, 0.0 ], [ 106.998082400182824, -6.398055942427607, 0.0 ], [ 106.997780000446824, -6.397879999961855, 0.0 ], [ 106.997609999801796, -6.397550000032339, 0.0 ], [ 106.997617302296845, -6.397396651234324, 0.0 ], [ 106.997629999824852, -6.397130000449049, 0.0 ], [ 106.997540000171085, -6.396939999781051, 0.0 ], [ 106.997480000102087, -6.396839999666106, 0.0 ], [ 106.997469999640913, -6.396739999551162, 0.0 ], [ 106.997509999686855, -6.396680000381529, 0.0 ], [ 106.997689999893765, -6.396640000335587, 0.0 ], [ 106.998110000376428, -6.396580000266585, 0.0 ], [ 106.99820000003011, -6.396549999782533, 0.0 ], [ 106.998240000076152, -6.396500000174701, 0.0 ], [ 106.998170000445342, -6.396310000406071, 0.0 ], [ 106.998169127203681, -6.396307964340888, 0.0 ], [ 106.998110000376428, -6.396170000245185, 0.0 ], [ 106.998070000330401, -6.395940000430524, 0.0 ], [ 106.997790000008621, -6.395829999854499, 0.0 ], [ 106.99776999998565, -6.395550000432006, 0.0 ], [ 106.997429999594971, -6.395479999901923, 0.0 ], [ 106.996769999735847, -6.395580000016778, 0.0 ], [ 106.996029999784838, -6.395900000384493, 0.0 ], [ 106.994819999743342, -6.39668999994333, 0.0 ], [ 106.993279999772341, -6.397309999756509, 0.0 ], [ 106.993159999634415, -6.39732999977948, 0.0 ], [ 106.992709999566983, -6.397280000171648, 0.0 ], [ 106.992679999982215, -6.397220000102735, 0.0 ], [ 106.992550000282407, -6.39714000001085, 0.0 ], [ 106.992459999729363, -6.397130000449049, 0.0 ], [ 106.992149999822814, -6.397200000079764, 0.0 ], [ 106.991929999570033, -6.397229999664624, 0.0 ], [ 106.991779999847267, -6.397249999687595, 0.0 ], [ 106.991369999825778, -6.397280000171648, 0.0 ], [ 106.990930000219521, -6.39732999977948, 0.0 ], [ 106.990700000404857, -6.397369999825422, 0.0 ], [ 106.99056000024396, -6.397409999871453, 0.0 ], [ 106.990190000268427, -6.397509999986397, 0.0 ], [ 106.989809999831792, -6.397730000239168, 0.0 ], [ 106.989580000017128, -6.397910000445997, 0.0 ], [ 106.989179999557535, -6.398149999822458, 0.0 ], [ 106.988650000297497, -6.398679999981862, 0.0 ], [ 106.988430000044644, -6.398829999704549, 0.0 ], [ 106.988240000276008, -6.398849999727521, 0.0 ], [ 106.988120000138096, -6.398820000142749, 0.0 ], [ 106.987970000415402, -6.398700000004833, 0.0 ], [ 106.987790000208491, -6.398499999775034, 0.0 ], [ 106.987589999978695, -6.39820999989146, 0.0 ], [ 106.987520000347885, -6.39820000032957, 0.0 ], [ 106.98742000023303, -6.398169999845429, 0.0 ], [ 106.987170000395395, -6.398020000122742, 0.0 ], [ 106.987118199445561, -6.398030360312692, 0.0 ], [ 106.986970000165599, -6.398060000168684, 0.0 ], [ 106.986850000027601, -6.398060000168684, 0.0 ], [ 106.986449999567995, -6.398020000122742, 0.0 ], [ 106.986379999937284, -6.398049999707514, 0.0 ], [ 106.986230000214505, -6.398229999914431, 0.0 ], [ 106.985900000284985, -6.398590000328088, 0.0 ], [ 106.985800000170045, -6.398590000328088, 0.0 ], [ 106.985410000171527, -6.39863000037403, 0.0 ], [ 106.985209999941731, -6.398700000004833, 0.0 ], [ 106.985089999803819, -6.398809999681578, 0.0 ], [ 106.985020000173009, -6.398940000280575, 0.0 ], [ 106.984819999943213, -6.399359999863954, 0.0 ], [ 106.984369999875781, -6.399620000162756, 0.0 ], [ 106.984329999829839, -6.399749999862383, 0.0 ], [ 106.984260000199029, -6.400010000161185, 0.0 ], [ 106.984220000153087, -6.400110000276129, 0.0 ], [ 106.984186273777709, -6.400113122722342, 0.0 ], [ 106.983680000431804, -6.400159999883961, 0.0 ], [ 106.982829999904766, -6.399990000138214, 0.0 ], [ 106.982334013903781, -6.399761458124633, 0.0 ], [ 106.981809999631906, -6.399520000047811, 0.0 ], [ 106.980950000442348, -6.399060000418491, 0.0 ], [ 106.980705856090509, -6.398990245403393, 0.0 ], [ 106.980670000120568, -6.398980000326606, 0.0 ], [ 106.980217960390746, -6.398863879864027, 0.0 ], [ 106.979580000216998, -6.398700000004833, 0.0 ], [ 106.979259999849276, -6.398579999867007, 0.0 ], [ 106.979099999665422, -6.398499999775034, 0.0 ], [ 106.978949999942728, -6.398450000167202, 0.0 ], [ 106.978809999781845, -6.398319999568205, 0.0 ], [ 106.97876000017402, -6.398289999983344, 0.0 ], [ 106.978490655919202, -6.397710983175156, 0.0 ], [ 106.977957755446212, -6.397264998580656, 0.0 ], [ 106.977394289714894, -6.396996262267542, 0.0 ], [ 106.976779068899091, -6.396811079267675, 0.0 ], [ 106.976663098623305, -6.39644684394657, 0.0 ], [ 106.976651363369911, -6.396103048416748, 0.0 ], [ 106.976723187725099, -6.395821446402508, 0.0 ], [ 106.97685786479876, -6.395633378377532, 0.0 ], [ 106.976961016138148, -6.395372494944542, 0.0 ], [ 106.977708354557109, -6.394781459596501, 0.0 ], [ 106.977708440891973, -6.394778859656505, 0.0 ], [ 106.977779872243474, -6.394724900333717, 0.0 ], [ 106.978020163000267, -6.394534864592174, 0.0 ], [ 106.979711904680784, -6.392986276095627, 0.0 ], [ 106.980045768997257, -6.392700157685951, 0.0 ], [ 106.980957632089215, -6.391918697189993, 0.0 ], [ 106.981137297748276, -6.39163496737968, 0.0 ], [ 106.981195735694854, -6.391542679850684, 0.0 ], [ 106.98131983494261, -6.391312975013665, 0.0 ], [ 106.98136667613133, -6.391162569696665, 0.0 ], [ 106.98150501974105, -6.39071835496793, 0.0 ], [ 106.981596910669069, -6.390238706950626, 0.0 ], [ 106.981909999746847, -6.389739999601165, 0.0 ], [ 106.981969999815846, -6.389710000016393, 0.0 ], [ 106.982660000159015, -6.389389999648589, 0.0 ], [ 106.983199999880227, -6.389099999765016, 0.0 ], [ 106.98377000008557, -6.388800000319552, 0.0 ], [ 106.984100000015175, -6.388589999628582, 0.0 ], [ 106.984380000336856, -6.388410000321034, 0.0 ], [ 106.984449999967666, -6.388370000275092, 0.0 ], [ 106.984639623819746, -6.388241724575785, 0.0 ], [ 106.98479000035843, -6.388139999561151, 0.0 ], [ 106.984808602834889, -6.388121397084703, 0.0 ], [ 106.985129999849761, -6.387800000069745, 0.0 ], [ 106.985479999802322, -6.387370000025285, 0.0 ], [ 106.985599999940248, -6.387209999841428, 0.0 ], [ 106.98596999991571, -6.386759999773997, 0.0 ], [ 106.986009999961738, -6.386690000143194, 0.0 ], [ 106.986090000053622, -6.386540000420506, 0.0 ], [ 106.986440000006198, -6.385959999754078, 0.0 ], [ 106.986580000167081, -6.385680000331586, 0.0 ], [ 106.986979999727396, -6.385799999570132, 0.0 ], [ 106.987119999888279, -6.385850000077244, 0.0 ], [ 106.987269999610973, -6.385890000123275, 0.0 ], [ 106.987449999817798, -6.385990000238131, 0.0 ], [ 106.987630000024637, -6.386019999822992, 0.0 ], [ 106.987810000231462, -6.386050000307044, 0.0 ], [ 106.988229999814749, -6.386139999960818, 0.0 ], [ 106.988636101275205, -6.386198014326752, 0.0 ], [ 106.988650000297497, -6.38620000002982, 0.0 ], [ 106.98871000036641, -6.38620000002982, 0.0 ], [ 106.988690000343439, -6.385790000008331, 0.0 ], [ 106.988630000274441, -6.385529999709529, 0.0 ], [ 106.988389999998702, -6.385190000218213, 0.0 ], [ 106.988320000367892, -6.385090000103268, 0.0 ], [ 106.988269999860776, -6.384900000334639, 0.0 ], [ 106.988240000276008, -6.384620000012866, 0.0 ], [ 106.988240000276008, -6.384519999897922, 0.0 ], [ 106.988619999813267, -6.384350000152175, 0.0 ], [ 106.989069999880783, -6.384189999968406, 0.0 ], [ 106.989270000110594, -6.384140000360574, 0.0 ], [ 106.989569999556053, -6.384109999876433, 0.0 ], [ 106.989582671003674, -6.384109441397481, 0.0 ], [ 106.989709345909802, -6.384103852110936, 0.0 ], [ 106.990250000337426, -6.384080000291661, 0.0 ], [ 106.990449999667945, -6.38402999978446, 0.0 ], [ 106.990520000198018, -6.384000000199688, 0.0 ], [ 106.990830947990077, -6.383814627442899, 0.0 ], [ 106.991039999896259, -6.383690000293143, 0.0 ], [ 106.991249999687952, -6.383579999717028, 0.0 ], [ 106.991750000262499, -6.383519999648115, 0.0 ], [ 106.991929382635092, -6.383548597189872, 0.0 ], [ 106.992439999706392, -6.383630000224141, 0.0 ], [ 106.992494351133558, -6.383613012030711, 0.0 ], [ 106.992592192875563, -6.383645218551894, 0.0 ], [ 106.992639999936188, -6.383650000247112, 0.0 ], [ 106.992669732422343, -6.383670743110184, 0.0 ], [ 106.992685623442938, -6.38367597356714, 0.0 ], [ 106.992936604440871, -6.383846345632218, 0.0 ], [ 106.993011045823266, -6.383908869198809, 0.0 ], [ 106.993069999980648, -6.383949999692575, 0.0 ], [ 106.993170000095589, -6.384049999807431, 0.0 ], [ 106.993310000256471, -6.384189999968406, 0.0 ], [ 106.993379554722836, -6.38422974640557, 0.0 ], [ 106.993739592008779, -6.383671894242351, 0.0 ], [ 106.993804815340141, -6.383573192748528, 0.0 ], [ 106.994184927292721, -6.382997977374618, 0.0 ], [ 106.994226374347846, -6.3829909006094, 0.0 ], [ 106.994239999976202, -6.38297999992691, 0.0 ], [ 106.994369999675911, -6.382999999949881, 0.0 ], [ 106.994424158648243, -6.383020830047084, 0.0 ], [ 106.994435346214402, -6.383023367034593, 0.0 ], [ 106.994620045378994, -6.383088552594476, 0.0 ], [ 106.994630525178778, -6.383077987359034, 0.0 ], [ 106.994633168286285, -6.38307532176853, 0.0 ], [ 106.994998228285766, -6.382093718050488, 0.0 ], [ 106.995120000088093, -6.381740000300642, 0.0 ], [ 106.995193931554908, -6.381567491446418, 0.0 ], [ 106.995232189614029, -6.381464618896828, 0.0 ], [ 106.995467667199279, -6.380831447613069, 0.0 ], [ 106.995545570072139, -6.380540778633872, 0.0 ], [ 106.995559999694436, -6.380539999821035, 0.0 ], [ 106.995590000178581, -6.38043000014429, 0.0 ], [ 106.995550000132639, -6.380339999591147, 0.0 ], [ 106.995545674393583, -6.380296738603377, 0.0 ], [ 106.995539999671379, -6.380240000375572, 0.0 ], [ 106.99549000006364, -6.380169999845489, 0.0 ], [ 106.995039999996123, -6.37998000007677, 0.0 ], [ 106.994890000273429, -6.379920000007857, 0.0 ], [ 106.994790000158574, -6.379830000354083, 0.0 ], [ 106.994730000089575, -6.379699999754997, 0.0 ], [ 106.994730000089575, -6.379610000101223, 0.0 ], [ 106.994810000181545, -6.379520000447449, 0.0 ], [ 106.994950000342428, -6.379449999917455, 0.0 ], [ 106.995149999672947, -6.379389999848453, 0.0 ], [ 106.995280000271947, -6.379289999733508, 0.0 ], [ 106.995510000086611, -6.378910000196161, 0.0 ], [ 106.995679999832262, -6.378629999874388, 0.0 ], [ 106.995684030593765, -6.378623360179727, 0.0 ], [ 106.995750591217003, -6.378571612289932, 0.0 ], [ 106.996071020561303, -6.378540613558261, 0.0 ], [ 106.996399091445099, -6.378523422118079, 0.0 ], [ 106.996704262891612, -6.378481954378525, 0.0 ], [ 106.996765292684302, -6.378488144412167, 0.0 ], [ 106.996894992909702, -6.378501516431658, 0.0 ], [ 106.997238320792093, -6.378651235565904, 0.0 ], [ 106.997764737153091, -6.37890444688253, 0.0 ], [ 106.997797235953797, -6.378912042556575, 0.0 ], [ 106.998497164812491, -6.379075639129308, 0.0 ], [ 106.998588732883931, -6.379082312998232, 0.0 ], [ 106.9986421220365, -6.379059415359603, 0.0 ], [ 106.998718408827699, -6.378756127992737, 0.0 ], [ 106.998817594156804, -6.378749937959096, 0.0 ], [ 106.999107532886541, -6.378834325843243, 0.0 ], [ 106.999511889662159, -6.378822889164795, 0.0 ], [ 106.999694979040214, -6.378803352292763, 0.0 ], [ 106.99982470264807, -6.378814788971212, 0.0 ], [ 106.999992535027616, -6.378891558698321, 0.0 ], [ 107.00013749225171, -6.378933511172438, 0.0 ], [ 107.000328245652241, -6.378985981217902, 0.0 ], [ 107.000793715857469, -6.379149313389956, 0.0 ], [ 107.001159834359029, -6.379277782443484, 0.0 ], [ 107.002037219242453, -6.379157150082229, 0.0 ], [ 107.002571251961911, -6.378771894906912, 0.0 ], [ 107.003227417111773, -6.378276428714038, 0.0 ], [ 107.003723294294815, -6.377998434779766, 0.0 ], [ 107.003744273679445, -6.377987895624706, 0.0 ], [ 107.004333663268142, -6.377691836109225, 0.0 ], [ 107.004799074118097, -6.377533990700925, 0.0 ], [ 107.005066065746547, -6.377456761420266, 0.0 ], [ 107.00535600537556, -6.377516363988835, 0.0 ], [ 107.005603869323323, -6.377755324648362, 0.0 ], [ 107.005607764287049, -6.377759080217196, 0.0 ], [ 107.005851906840164, -6.378164381281017, 0.0 ], [ 107.00590532027455, -6.378544436576341, 0.0 ], [ 107.005895932251661, -6.378742932240336, 0.0 ], [ 107.005874805378156, -6.379189600319659, 0.0 ], [ 107.005565500647535, -6.379995210310554, 0.0 ], [ 107.005546735393736, -6.380044086665162, 0.0 ], [ 107.005394136630244, -6.380767906913167, 0.0 ], [ 107.005470423421443, -6.381278605822818, 0.0 ], [ 107.00584906498257, -6.381950860743437, 0.0 ], [ 107.005966169303477, -6.382159019622904, 0.0 ], [ 107.005966884264453, -6.382162523381609, 0.0 ], [ 107.005970727966883, -6.382169368121673, 0.0 ] ] ] ] } },
{ "type": "Feature", "properties": { "PROVNO": "32", "KABKOTNO": "01", "KECNO": "180", "DESANO": "019", "PROVINSI": "JAWA BARAT", "KABKOT": "BOGOR", "KECAMATAN": "CILEUNGSI", "ID2013": "3201180019", "DESA": "LIMUS NUNGGAL", "DESA_1": "LIMUS NUNGGAL", "ID2012": "3201180019", "IDKAB2": "3201", "IDKEC_2": "3201180", "WILAYAH": "TIMUR" }, "geometry": { "type": "MultiPolygon", "coordinates": [ [ [ [ 106.97972947473562, -6.364279319235013, 0.0 ], [ 106.979729999939678, -6.364280000021818, 0.0 ], [ 106.979999999800285, -6.364629999974305, 0.0 ], [ 106.980023489192845, -6.364831333898771, 0.0 ], [ 106.980070000330457, -6.365229999764512, 0.0 ], [ 106.980070000330457, -6.365940000130745, 0.0 ], [ 106.979990000238487, -6.366720000127781, 0.0 ], [ 106.979988189903224, -6.366729827019793, 0.0 ], [ 106.979895628080925, -6.36723230612585, 0.0 ], [ 106.97978000044688, -6.367859999639105, 0.0 ], [ 106.97962000026294, -6.368790000258198, 0.0 ], [ 106.979498694309484, -6.369265113893743, 0.0 ], [ 106.979379999987202, -6.369730000439002, 0.0 ], [ 106.979250000287479, -6.370370000275152, 0.0 ], [ 106.979213150566608, -6.370461246389283, 0.0 ], [ 106.979171084777974, -6.370565410365217, 0.0 ], [ 106.979039999596509, -6.370889999973386, 0.0 ], [ 106.978370000175502, -6.371699999555194, 0.0 ], [ 106.977790000408348, -6.372389999898456, 0.0 ], [ 106.977507524253085, -6.372673564233402, 0.0 ], [ 106.977452723164788, -6.372728575763045, 0.0 ], [ 106.975190000118531, -6.374999999749988, 0.0 ], [ 106.975020000372865, -6.375349999702564, 0.0 ], [ 106.975459999979222, -6.375999999999884, 0.0 ], [ 106.975459999979222, -6.376060000068797, 0.0 ], [ 106.975540000071106, -6.376209999791485, 0.0 ], [ 106.975640000186047, -6.376510000136228, 0.0 ], [ 106.975634681595508, -6.376547223075715, 0.0 ], [ 106.975609999701902, -6.376719999927918, 0.0 ], [ 106.975540000071106, -6.376949999742489, 0.0 ], [ 106.975459999979222, -6.377230000064262, 0.0 ], [ 106.975189649382997, -6.377387672802683, 0.0 ], [ 106.974601886667969, -6.377730465588307, 0.0 ], [ 106.974358486055422, -6.378098772140408, 0.0 ], [ 106.974328527839504, -6.378740152435949, 0.0 ], [ 106.974638701315214, -6.379352892022219, 0.0 ], [ 106.97459389079556, -6.379905339259864, 0.0 ], [ 106.973914137327739, -6.380017213123725, 0.0 ], [ 106.973441575068819, -6.380396840341742, 0.0 ], [ 106.973164993070171, -6.380610038122594, 0.0 ], [ 106.973119264342785, -6.380645287949473, 0.0 ], [ 106.973292305595578, -6.381384064822573, 0.0 ], [ 106.973007010065629, -6.381587879976482, 0.0 ], [ 106.972383939067726, -6.381902533874708, 0.0 ], [ 106.971102549043593, -6.382917720076566, 0.0 ], [ 106.971113797763763, -6.382997955790906, 0.0 ], [ 106.971196929295019, -6.383590878815806, 0.0 ], [ 106.971107507005982, -6.383948406993269, 0.0 ], [ 106.970893947697704, -6.384802261115254, 0.0 ], [ 106.97079392959634, -6.385202151857641, 0.0 ], [ 106.97064656039062, -6.385832048709918, 0.0 ], [ 106.970674127309323, -6.386259957830678, 0.0 ], [ 106.970707150414825, -6.386772566000989, 0.0 ], [ 106.970710253975156, -6.386820756172842, 0.0 ], [ 106.969513521631896, -6.387214923629649, 0.0 ], [ 106.968495548431051, -6.387353676430809, 0.0 ], [ 106.968550469128985, -6.387713141747966, 0.0 ], [ 106.968606202814129, -6.38807792655486, 0.0 ], [ 106.968710622197662, -6.388761360048569, 0.0 ], [ 106.973120833659735, -6.389138500641103, 0.0 ], [ 106.973839999916237, -6.389199999879871, 0.0 ], [ 106.974169999845842, -6.389059999719073, 0.0 ], [ 106.9742600003989, -6.388950000042328, 0.0 ], [ 106.974280000421871, -6.388529999559669, 0.0 ], [ 106.97439999966042, -6.38854999958264, 0.0 ], [ 106.974765795305387, -6.388666125441169, 0.0 ], [ 106.975029999934762, -6.388749999812529, 0.0 ], [ 106.97490999979685, -6.38919000031807, 0.0 ], [ 106.974931516076808, -6.389199221067035, 0.0 ], [ 106.975190000118531, -6.389309999556705, 0.0 ], [ 106.974929671567281, -6.390001728396868, 0.0 ], [ 106.97484000016604, -6.390240000175709, 0.0 ], [ 106.975049999957733, -6.390269999760481, 0.0 ], [ 106.975250000187529, -6.390340000290653, 0.0 ], [ 106.975540000071106, -6.390440000405508, 0.0 ], [ 106.975726103077363, -6.390554524571481, 0.0 ], [ 106.975800000369901, -6.390599999690085, 0.0 ], [ 106.976190000368334, -6.390839999965827, 0.0 ], [ 106.976690000043604, -6.391080000241658, 0.0 ], [ 106.976750000112602, -6.391189999918403, 0.0 ], [ 106.976775553449201, -6.3914199727534, 0.0 ], [ 106.976779999697371, -6.391459999779006, 0.0 ], [ 106.976790000158545, -6.391570000355031, 0.0 ], [ 106.976799999720441, -6.391639999985834, 0.0 ], [ 106.976839999766383, -6.391889999823466, 0.0 ], [ 106.976910000296456, -6.392219999752982, 0.0 ], [ 106.97691890898065, -6.392326912057147, 0.0 ], [ 106.976919999858268, -6.392339999890897, 0.0 ], [ 106.976950000342399, -6.392589999728528, 0.0 ], [ 106.976993132727088, -6.392676265397181, 0.0 ], [ 106.976999999950237, -6.392689999843473, 0.0 ], [ 106.975870000000711, -6.393300000094762, 0.0 ], [ 106.975809999931712, -6.393190000418016, 0.0 ], [ 106.975230000164558, -6.393380000186735, 0.0 ], [ 106.975049999957733, -6.39303999979596, 0.0 ], [ 106.975179999657456, -6.392950000142186, 0.0 ], [ 106.975219999703398, -6.392600000189699, 0.0 ], [ 106.974319999568436, -6.392549999682586, 0.0 ], [ 106.974069999730901, -6.392440000005841, 0.0 ], [ 106.974000000100091, -6.392990000188217, 0.0 ], [ 106.973779999847324, -6.392959999704075, 0.0 ], [ 106.973728998394748, -6.393393514299053, 0.0 ], [ 106.973619999663384, -6.394320000367539, 0.0 ], [ 106.973119999988199, -6.394380000436541, 0.0 ], [ 106.973070000380375, -6.394869999650634, 0.0 ], [ 106.972409999621973, -6.395029999834492, 0.0 ], [ 106.972342895808168, -6.394873425168281, 0.0 ], [ 106.972319999968192, -6.394820000042802, 0.0 ], [ 106.970940000181045, -6.394920000157658, 0.0 ], [ 106.970900000135103, -6.394530000159229, 0.0 ], [ 106.970829999605016, -6.394510000136258, 0.0 ], [ 106.970800000020148, -6.393719999678051, 0.0 ], [ 106.970590000228555, -6.393719999678051, 0.0 ], [ 106.969663099572585, -6.393739950238366, 0.0 ], [ 106.969666767907199, -6.393815948347239, 0.0 ], [ 106.969696487802821, -6.394081034312151, 0.0 ], [ 106.969795990592644, -6.394931995315147, 0.0 ], [ 106.96980680224236, -6.395021038989537, 0.0 ], [ 106.969409999771827, -6.395149999972407, 0.0 ], [ 106.969288305311281, -6.395182213688013, 0.0 ], [ 106.969149456282565, -6.395218967181417, 0.0 ], [ 106.969070000280425, -6.395239999626181, 0.0 ], [ 106.968966421763099, -6.395272957081168, 0.0 ], [ 106.968850000027658, -6.395310000156176, 0.0 ], [ 106.96842162865542, -6.395442291328504, 0.0 ], [ 106.968170000145562, -6.395519999947865, 0.0 ], [ 106.967974551384572, -6.395580137613113, 0.0 ], [ 106.967909999846768, -6.395600000039749, 0.0 ], [ 106.967390000148526, -6.395609999601639, 0.0 ], [ 106.967260000448817, -6.395649999647581, 0.0 ], [ 106.967160000333962, -6.395649999647581, 0.0 ], [ 106.96700697529181, -6.395636498125725, 0.0 ], [ 106.966819999943183, -6.395620000062809, 0.0 ], [ 106.966599999690402, -6.395569999555697, 0.0 ], [ 106.966469999990693, -6.395530000409035, 0.0 ], [ 106.966240000176029, -6.395550000432006, 0.0 ], [ 106.966180000107116, -6.395589999578668, 0.0 ], [ 106.966129999599914, -6.395620000062809, 0.0 ], [ 106.96591000024651, -6.395820000292609, 0.0 ], [ 106.965799999670395, -6.395920000407553, 0.0 ], [ 106.965559706215672, -6.39590342770088, 0.0 ], [ 106.965509999786832, -6.395900000384493, 0.0 ], [ 106.965360000064138, -6.395889999923412, 0.0 ], [ 106.964979999627516, -6.395920000407553, 0.0 ], [ 106.964889999973735, -6.395920000407553, 0.0 ], [ 106.964330000229467, -6.395970000015296, 0.0 ], [ 106.964130222132212, -6.395970749150628, 0.0 ], [ 106.963242067867327, -6.395974076642155, 0.0 ], [ 106.963182155032626, -6.395936255653503, 0.0 ], [ 106.962991641751032, -6.395815992913558, 0.0 ], [ 106.962945769132091, -6.395698024344156, 0.0 ], [ 106.962837434999841, -6.39485333071649, 0.0 ], [ 106.962787694396738, -6.394744385944442, 0.0 ], [ 106.962646014302237, -6.394680045747361, 0.0 ], [ 106.962573678232843, -6.394666521742423, 0.0 ], [ 106.962223912104065, -6.394601130237767, 0.0 ], [ 106.961896876339907, -6.394602377597494, 0.0 ], [ 106.961204036836989, -6.394589651291174, 0.0 ], [ 106.95983514727439, -6.394564504448166, 0.0 ], [ 106.95964377244232, -6.394560988098998, 0.0 ], [ 106.959501490701442, -6.39455736293181, 0.0 ], [ 106.959243627191782, -6.394550793384237, 0.0 ], [ 106.958819999743383, -6.394539999721118, 0.0 ], [ 106.958440000206025, -6.394479999652116, 0.0 ], [ 106.958285299727024, -6.394470741131588, 0.0 ], [ 106.958284432780516, -6.394245872848572, 0.0 ], [ 106.958281309435023, -6.393436138566724, 0.0 ], [ 106.958190188326668, -6.392804139099564, 0.0 ], [ 106.958045056634234, -6.392549533833716, 0.0 ], [ 106.957898227921035, -6.392490635434314, 0.0 ], [ 106.957634122217158, -6.392384691699995, 0.0 ], [ 106.957606942906267, -6.392377125703632, 0.0 ], [ 106.956690523848735, -6.39212203210592, 0.0 ], [ 106.956714270447378, -6.392060253177991, 0.0 ], [ 106.956844254858609, -6.391722070317165, 0.0 ], [ 106.956931577230705, -6.391355640650112, 0.0 ], [ 106.956740741092517, -6.390746207871025, 0.0 ], [ 106.956506855307296, -6.390480845814253, 0.0 ], [ 106.95642771316858, -6.390081769857616, 0.0 ], [ 106.956468572067166, -6.389637565021502, 0.0 ], [ 106.956561552074135, -6.388626709954561, 0.0 ], [ 106.956679999982242, -6.388629999674613, 0.0 ], [ 106.956869999750879, -6.388510000435978, 0.0 ], [ 106.957049999957704, -6.388199999630064, 0.0 ], [ 106.957219999703369, -6.387060000118741, 0.0 ], [ 106.957339999841281, -6.386340000190707, 0.0 ], [ 106.957139999611485, -6.385270000310097, 0.0 ], [ 106.957049999957704, -6.384640000035837, 0.0 ], [ 106.957150000072559, -6.384430000244148, 0.0 ], [ 106.957540000071077, -6.384290000083261, 0.0 ], [ 106.95782999995474, -6.384310000106233, 0.0 ], [ 106.958549999882777, -6.384390000198206, 0.0 ], [ 106.959779999947244, -6.384640000035837, 0.0 ], [ 106.960310279795721, -6.384653425115285, 0.0 ], [ 106.960570000405355, -6.384660000058808, 0.0 ], [ 106.960960000403873, -6.384539999920893, 0.0 ], [ 106.961150000172594, -6.384399999760006, 0.0 ], [ 106.961500000125085, -6.383799999969888, 0.0 ], [ 106.961649999847765, -6.383439999556142, 0.0 ], [ 106.961709999916764, -6.382999999949881, 0.0 ], [ 106.961651060148512, -6.382196941335607, 0.0 ], [ 106.961629999824794, -6.3819100000463, 0.0 ], [ 106.96159875917553, -6.381681699950317, 0.0 ], [ 106.961503566836271, -6.380986069851105, 0.0 ], [ 106.961573854250119, -6.380681866075157, 0.0 ], [ 106.96161450090861, -6.380505946092399, 0.0 ], [ 106.961849946118335, -6.380263208280237, 0.0 ], [ 106.962437718725894, -6.379657224401249, 0.0 ], [ 106.963225371953513, -6.379334779676196, 0.0 ], [ 106.96342347281518, -6.37911963486312, 0.0 ], [ 106.96385514020271, -6.378650826374379, 0.0 ], [ 106.964000000299961, -6.378380000036845, 0.0 ], [ 106.96398000027699, -6.377949999992296, 0.0 ], [ 106.963869999700876, -6.377720000177725, 0.0 ], [ 106.963679999932239, -6.377499999924865, 0.0 ], [ 106.963430000094604, -6.377399999810009, 0.0 ], [ 106.962969999566013, -6.377490000363064, 0.0 ], [ 106.962260000099064, -6.377720000177725, 0.0 ], [ 106.962223621622996, -6.377710371136605, 0.0 ], [ 106.961919999708371, -6.377629999624581, 0.0 ], [ 106.96170526588547, -6.377506115314837, 0.0 ], [ 106.961660000308939, -6.377479999901894, 0.0 ], [ 106.961489999663911, -6.377219999603181, 0.0 ], [ 106.961370000425362, -6.376889999673576, 0.0 ], [ 106.96125000028745, -6.376300000344628, 0.0 ], [ 106.961244298585669, -6.375912306207834, 0.0 ], [ 106.961239999826276, -6.375619999563167, 0.0 ], [ 106.961290000333392, -6.375360000163734, 0.0 ], [ 106.961460000079143, -6.375019999773048, 0.0 ], [ 106.961839999616487, -6.374009999961352, 0.0 ], [ 106.961910000146574, -6.373820000192634, 0.0 ], [ 106.962050000307457, -6.373610000401033, 0.0 ], [ 106.962220000053122, -6.373379999687092, 0.0 ], [ 106.962369999775802, -6.373220000402515, 0.0 ], [ 106.962434911941756, -6.373153863359917, 0.0 ], [ 106.962899999935203, -6.372679999782029, 0.0 ], [ 106.963329999979663, -6.372249999737569, 0.0 ], [ 106.96355000023253, -6.371970000315077, 0.0 ], [ 106.963809999631962, -6.371509999786475, 0.0 ], [ 106.964100000414902, -6.3709599996041, 0.0 ], [ 106.964250000137582, -6.370809999881413, 0.0 ], [ 106.964399999860277, -6.370729999789528, 0.0 ], [ 106.964769999835823, -6.370649999697555, 0.0 ], [ 106.964926557414813, -6.370609743344815, 0.0 ], [ 106.965119999788314, -6.370560000043781, 0.0 ], [ 106.9652500003874, -6.370459999928837, 0.0 ], [ 106.965299999995139, -6.37033999979101, 0.0 ], [ 106.965279999972168, -6.370129999999321, 0.0 ], [ 106.965219999903255, -6.369869999700519, 0.0 ], [ 106.965099999765343, -6.369530000209203, 0.0 ], [ 106.964780000296997, -6.369129999749514, 0.0 ], [ 106.964660000158986, -6.368799999819998, 0.0 ], [ 106.964620000113044, -6.368579999567139, 0.0 ], [ 106.964620000113044, -6.368547309210761, 0.0 ], [ 106.964620000113044, -6.368449999867423, 0.0 ], [ 106.964660000158986, -6.36818000000682, 0.0 ], [ 106.964729999789796, -6.36756000019373, 0.0 ], [ 106.964729999789796, -6.367420000032844, 0.0 ], [ 106.964680000182057, -6.367210000241155, 0.0 ], [ 106.964620000113044, -6.367030000034326, 0.0 ], [ 106.964290000183524, -6.366499999874922, 0.0 ], [ 106.96406730106527, -6.365871672339676, 0.0 ], [ 106.964047740810798, -6.365816481845012, 0.0 ], [ 106.964009999861759, -6.365710000316085, 0.0 ], [ 106.963920000207992, -6.365409999971341, 0.0 ], [ 106.963610000301443, -6.364340000090731, 0.0 ], [ 106.963559999794327, -6.364130000299131, 0.0 ], [ 106.96359999984027, -6.363829999954387, 0.0 ], [ 106.963710000416384, -6.363509999586672, 0.0 ], [ 106.96388000016205, -6.363330000279124, 0.0 ], [ 106.964159999584439, -6.363219999703098, 0.0 ], [ 106.964589999628998, -6.363159999634096, 0.0 ], [ 106.964860000388882, -6.36327000021021, 0.0 ], [ 106.965119999788314, -6.363450000417039, 0.0 ], [ 106.96532000001811, -6.363709999816471, 0.0 ], [ 106.96546999974089, -6.364119999837961, 0.0 ], [ 106.965596334703292, -6.364302483072972, 0.0 ], [ 106.965649999947715, -6.364380000136762, 0.0 ], [ 106.96575000006257, -6.36452999985945, 0.0 ], [ 106.965990000338394, -6.364589999928363, 0.0 ], [ 106.966249999737926, -6.364560000343591, 0.0 ], [ 106.966490000013664, -6.364500000274589, 0.0 ], [ 106.966679999782386, -6.364400000159733, 0.0 ], [ 106.967000000150009, -6.36432000006776, 0.0 ], [ 106.967330000079613, -6.364250000436957, 0.0 ], [ 106.967570000355437, -6.364230000413986, 0.0 ], [ 106.967909999846768, -6.364259999998847, 0.0 ], [ 106.967939335731955, -6.364270016647779, 0.0 ], [ 106.968319999868342, -6.364400000159733, 0.0 ], [ 106.968620000212994, -6.364469999790536, 0.0 ], [ 106.968899999635397, -6.364400000159733, 0.0 ], [ 106.969005912792753, -6.364342228610766, 0.0 ], [ 106.96911999988825, -6.364280000021818, 0.0 ], [ 106.969139184226108, -6.364262292370739, 0.0 ], [ 106.969249999587973, -6.364159999883992, 0.0 ], [ 106.969340000141116, -6.363970000115273, 0.0 ], [ 106.969340000141116, -6.363809999931416, 0.0 ], [ 106.969099999865279, -6.363399999909927, 0.0 ], [ 106.968850000027658, -6.363099999565183, 0.0 ], [ 106.968219999753387, -6.36241000012129, 0.0 ], [ 106.967809999731813, -6.361929999569629, 0.0 ], [ 106.967590000378408, -6.361690000193256, 0.0 ], [ 106.967563795033328, -6.361613567711757, 0.0 ], [ 106.967470000240496, -6.361340000240681, 0.0 ], [ 106.967466827432261, -6.36123213105785, 0.0 ], [ 106.967459999779322, -6.360999999849994, 0.0 ], [ 106.967510000286438, -6.360770000035334, 0.0 ], [ 106.967610000401379, -6.360480000151671, 0.0 ], [ 106.967687746792222, -6.360228817705629, 0.0 ], [ 106.967740000101102, -6.360059999669101, 0.0 ], [ 106.967829999754883, -6.35962000006284, 0.0 ], [ 106.967854994612438, -6.359487883358952, 0.0 ], [ 106.967900000284956, -6.359250000087293, 0.0 ], [ 106.967900000284956, -6.359060000318575, 0.0 ], [ 106.967869999800826, -6.358849999627605, 0.0 ], [ 106.96782863638262, -6.358629392332418, 0.0 ], [ 106.967809999731813, -6.35853000015917, 0.0 ], [ 106.967802503882638, -6.3584790238877, 0.0 ], [ 106.967760000124073, -6.358189999768484, 0.0 ], [ 106.967760000124073, -6.358009999561656, 0.0 ], [ 106.967840000216043, -6.35769000009331, 0.0 ], [ 106.96787129392527, -6.357525709243941, 0.0 ], [ 106.967878085605292, -6.357490051124817, 0.0 ], [ 106.967880000261985, -6.357480000301621, 0.0 ], [ 106.96802999998468, -6.35703999979599, 0.0 ], [ 106.968239999776358, -6.356460000028754, 0.0 ], [ 106.968376060007358, -6.356210555972233, 0.0 ], [ 106.968480000052111, -6.356020000422493, 0.0 ], [ 106.968492185865799, -6.355985472751193, 0.0 ], [ 106.968600000190023, -6.355680000031807, 0.0 ], [ 106.968631209362954, -6.355586373412194, 0.0 ], [ 106.968680000281907, -6.355439999755976, 0.0 ], [ 106.968700000304878, -6.355169999895374, 0.0 ], [ 106.968680000281907, -6.355020000172686, 0.0 ], [ 106.968552455731427, -6.354784840947527, 0.0 ], [ 106.968040000445853, -6.353839999716051, 0.0 ], [ 106.968018946417459, -6.353809170056959, 0.0 ], [ 106.968000402396825, -6.35378201682645, 0.0 ], [ 106.967760000124073, -6.353429999694562, 0.0 ], [ 106.967479999802293, -6.353110000226216, 0.0 ], [ 106.967290000033671, -6.352990000088212, 0.0 ], [ 106.966859999989211, -6.352789999858413, 0.0 ], [ 106.966490000013664, -6.352609999651584, 0.0 ], [ 106.966289999783868, -6.352350000252152, 0.0 ], [ 106.966229999714869, -6.35208999995335, 0.0 ], [ 106.966229999714869, -6.351869999700579, 0.0 ], [ 106.966289999783868, -6.351710000416002, 0.0 ], [ 106.966373752746648, -6.35157041124538, 0.0 ], [ 106.966409999921694, -6.351510000186202, 0.0 ], [ 106.966599999690402, -6.351309999956314, 0.0 ], [ 106.966606894792591, -6.351303104854225, 0.0 ], [ 106.966819999943183, -6.351089999703543, 0.0 ], [ 106.967060000219007, -6.350850000327082, 0.0 ], [ 106.967290000033671, -6.350690000143224, 0.0 ], [ 106.967650000447321, -6.350489999913425, 0.0 ], [ 106.968119999638446, -6.350240000075793, 0.0 ], [ 106.968540000121109, -6.34995999975402, 0.0 ], [ 106.969030000234483, -6.349589999778473, 0.0 ], [ 106.969597955381488, -6.34911172232794, 0.0 ], [ 106.969978502605969, -6.34953554313066, 0.0 ], [ 106.970016634760029, -6.349547948378955, 0.0 ], [ 106.970192131162065, -6.349634729359135, 0.0 ], [ 106.97055833330063, -6.349862670625619, 0.0 ], [ 106.970916918181359, -6.350082947869531, 0.0 ], [ 106.971023719868938, -6.350153044627085, 0.0 ], [ 106.9712526288059, -6.350332820902818, 0.0 ], [ 106.971740889630553, -6.350681396329207, 0.0 ], [ 106.972252073274689, -6.35104663079721, 0.0 ], [ 106.972351257704503, -6.351163950955421, 0.0 ], [ 106.972473293008235, -6.351220676592764, 0.0 ], [ 106.972717459843068, -6.351396148713153, 0.0 ], [ 106.972827186125897, -6.351463596067966, 0.0 ], [ 106.972900572603493, -6.35150870516247, 0.0 ], [ 106.972961602396182, -6.351543983767662, 0.0 ], [ 106.972999733650965, -6.351570701726352, 0.0 ], [ 106.973304930278488, -6.35166082009059, 0.0 ], [ 106.973823705999351, -6.351812451183516, 0.0 ], [ 106.973869477894254, -6.351826281857278, 0.0 ], [ 106.974533259402591, -6.352025112069128, 0.0 ], [ 106.975113089197876, -6.352292636096148, 0.0 ], [ 106.975364848109464, -6.352404202391906, 0.0 ], [ 106.975506814188265, -6.352466309572371, 0.0 ], [ 106.97553270387138, -6.352477635634237, 0.0 ], [ 106.976107313102233, -6.352729451203079, 0.0 ], [ 106.97616594620159, -6.352755145733227, 0.0 ], [ 106.976204100838729, -6.352810469327554, 0.0 ], [ 106.97637193321836, -6.352915844690301, 0.0 ], [ 106.976991586792423, -6.3532117971865, 0.0 ], [ 106.977073820800371, -6.353251072378931, 0.0 ], [ 106.97711270208967, -6.353314237162202, 0.0 ], [ 106.977134874874793, -6.353350257708126, 0.0 ], [ 106.977142492132458, -6.353485204578337, 0.0 ], [ 106.977098404667771, -6.353690945180759, 0.0 ], [ 106.97705052026545, -6.353835229711926, 0.0 ], [ 106.976974636370556, -6.354059302994344, 0.0 ], [ 106.976970912277963, -6.354075097787373, 0.0 ], [ 106.976822061888797, -6.35470635171659, 0.0 ], [ 106.976812593826281, -6.354762349802492, 0.0 ], [ 106.976799164250252, -6.354841783321454, 0.0 ], [ 106.976776289993978, -6.35499295486083, 0.0 ], [ 106.976783930634014, -6.355122655086323, 0.0 ], [ 106.976867833783686, -6.355223749676178, 0.0 ], [ 106.976982277010677, -6.355305284011461, 0.0 ], [ 106.977386633786296, -6.355434984236954, 0.0 ], [ 106.977691806132086, -6.355546548734061, 0.0 ], [ 106.978218246774816, -6.355890361350927, 0.0 ], [ 106.978279276567577, -6.355944256821857, 0.0 ], [ 106.978290725836501, -6.355954026157242, 0.0 ], [ 106.978408976792991, -6.356062979922363, 0.0 ], [ 106.978355587640422, -6.356205543151141, 0.0 ], [ 106.978340306360181, -6.356363388559352, 0.0 ], [ 106.978332690001793, -6.356500705143233, 0.0 ], [ 106.978335233284525, -6.356526931172759, 0.0 ], [ 106.978347947000302, -6.35665806671625, 0.0 ], [ 106.978386103436094, -6.356778240423324, 0.0 ], [ 106.978439490790009, -6.356841639030311, 0.0 ], [ 106.978500544864431, -6.356878368241983, 0.0 ], [ 106.97859970591189, -6.3569184096567, 0.0 ], [ 106.978684217003163, -6.356939239753991, 0.0 ], [ 106.978737046777411, -6.356952261037865, 0.0 ], [ 106.978820949927083, -6.35696802705267, 0.0 ], [ 106.97892777589631, -6.35696802705267, 0.0 ], [ 106.979011704226906, -6.356954655033089, 0.0 ], [ 106.97914902081088, -6.356925567360818, 0.0 ], [ 106.97924058888222, -6.356893165686852, 0.0 ], [ 106.979423678260375, -6.356834505607747, 0.0 ], [ 106.979599150380665, -6.356779666748071, 0.0 ], [ 106.979721234247776, -6.356779182912788, 0.0 ], [ 106.97991960400671, -6.356807787649146, 0.0 ], [ 106.980011147796404, -6.356865505238698, 0.0 ], [ 106.980026429975936, -6.356991359963118, 0.0 ], [ 106.980011147796404, -6.357095791937031, 0.0 ], [ 106.980026429975936, -6.357260311214255, 0.0 ], [ 106.980072177589093, -6.357369989832975, 0.0 ], [ 106.980148465279655, -6.357446761358823, 0.0 ], [ 106.980270548247404, -6.357501117282585, 0.0 ], [ 106.9804689189057, -6.357522565214015, 0.0 ], [ 106.980674930204032, -6.357521621825271, 0.0 ], [ 106.980952395336942, -6.357531204101665, 0.0 ], [ 106.981216603563524, -6.357524959209329, 0.0 ], [ 106.981346278608015, -6.357530205854136, 0.0 ], [ 106.981483620372984, -6.357556900430463, 0.0 ], [ 106.98162860187864, -6.357638917701749, 0.0 ], [ 106.981788791819412, -6.357737136259658, 0.0 ], [ 106.981848778398586, -6.357780054605691, 0.0 ], [ 106.981941389683627, -6.35786255571217, 0.0 ], [ 106.982002443757949, -6.357977481875157, 0.0 ], [ 106.982017677374103, -6.358154381219574, 0.0 ], [ 106.982010562837417, -6.358370855230646, 0.0 ], [ 106.981544650165588, -6.359247786855651, 0.0 ], [ 106.981506518011628, -6.359392744979022, 0.0 ], [ 106.981476003115233, -6.359456627421292, 0.0 ], [ 106.981430231220344, -6.359545318561501, 0.0 ], [ 106.980980101650545, -6.360189513734884, 0.0 ], [ 106.980905332914986, -6.360413410750123, 0.0 ], [ 106.980796964608388, -6.360723112081814, 0.0 ], [ 106.980598593950091, -6.360879023048351, 0.0 ], [ 106.980270458315161, -6.361108837602583, 0.0 ], [ 106.979484732334697, -6.36165913186332, 0.0 ], [ 106.979293978034789, -6.361777879245558, 0.0 ], [ 106.979171919348786, -6.361946193661741, 0.0 ], [ 106.979156662350277, -6.362068737082396, 0.0 ], [ 106.979194792705684, -6.362330046794042, 0.0 ], [ 106.979309260214308, -6.362556538353417, 0.0 ], [ 106.979349375373502, -6.362689475238916, 0.0 ], [ 106.979362647568308, -6.362733461080197, 0.0 ], [ 106.979400804004015, -6.362858857150435, 0.0 ], [ 106.97941606100261, -6.362918459719005, 0.0 ], [ 106.97962968865933, -6.363351905965544, 0.0 ], [ 106.97978990378121, -6.363516908178593, 0.0 ], [ 106.979866190572409, -6.363628957410263, 0.0 ], [ 106.97985857421402, -6.363747678712208, 0.0 ], [ 106.97976700614258, -6.36406764940233, 0.0 ], [ 106.979751773425804, -6.364147272678302, 0.0 ], [ 106.979729175261397, -6.364279342617376, 0.0 ], [ 106.97972947473562, -6.364279319235013, 0.0 ] ] ] ] } },
{ "type": "Feature", "properties": { "PROVNO": "32", "KABKOTNO": "01", "KECNO": "180", "DESANO": "017", "PROVINSI": "JAWA BARAT", "KABKOT": "BOGOR", "KECAMATAN": "CILEUNGSI", "ID2013": "3201180017", "DESA": "CILEUNGSI KIDUL", "DESA_1": "CILEUNGSI KIDUL", "ID2012": "3201180017", "IDKAB2": "3201", "IDKEC_2": "3201180", "WILAYAH": "TIMUR" }, "geometry": { "type": "MultiPolygon", "coordinates": [ [ [ [ 106.987520000347885, -6.39820000032957, 0.0 ], [ 106.986190000168563, -6.398960000303546, 0.0 ], [ 106.985419999733409, -6.39970000025464, 0.0 ], [ 106.984989999688963, -6.40034000009079, 0.0 ], [ 106.984699999805386, -6.401030000433963, 0.0 ], [ 106.984639999736373, -6.401590000178228, 0.0 ], [ 106.984759999874299, -6.402439999805978, 0.0 ], [ 106.984929999619951, -6.403000000449524, 0.0 ], [ 106.985089999803819, -6.403460000078756, 0.0 ], [ 106.985240000425875, -6.403600000239642, 0.0 ], [ 106.98533999964144, -6.4037600004235, 0.0 ], [ 106.985410000171527, -6.403970000215189, 0.0 ], [ 106.985430000194498, -6.404260000098763, 0.0 ], [ 106.985479999802322, -6.404540000420536, 0.0 ], [ 106.985590000378437, -6.404750000212136, 0.0 ], [ 106.985570000355381, -6.404930000419053, 0.0 ], [ 106.985463725670598, -6.405731889015289, 0.0 ], [ 106.985459999779351, -6.405760000023832, 0.0 ], [ 106.985419999733409, -6.406029999884435, 0.0 ], [ 106.985410000171527, -6.406259999699007, 0.0 ], [ 106.985399999710438, -6.406379999837011, 0.0 ], [ 106.985390000148556, -6.40654000002078, 0.0 ], [ 106.985319999618469, -6.406740000250668, 0.0 ], [ 106.985262705609557, -6.406812919980123, 0.0 ], [ 106.985209999941731, -6.406880000411554, 0.0 ], [ 106.984920000058153, -6.40721000034107, 0.0 ], [ 106.984859999989155, -6.407380000086818, 0.0 ], [ 106.984869999550952, -6.407589999878418, 0.0 ], [ 106.984920000058153, -6.408140000060794, 0.0 ], [ 106.984969999665893, -6.408420000382566, 0.0 ], [ 106.985020000173009, -6.408719999827941, 0.0 ], [ 106.985220176669984, -6.409090917112028, 0.0 ], [ 106.985359999664411, -6.40935000010229, 0.0 ], [ 106.985390000148556, -6.409410000171203, 0.0 ], [ 106.985450000217469, -6.409709999616577, 0.0 ], [ 106.985450000217469, -6.409829999754582, 0.0 ], [ 106.984989999688963, -6.40978000014675, 0.0 ], [ 106.984889999574008, -6.410259999798953, 0.0 ], [ 106.984819999943213, -6.41064000023567, 0.0 ], [ 106.984759999874299, -6.41087000005033, 0.0 ], [ 106.984409999921724, -6.412389999998371, 0.0 ], [ 106.984357933671916, -6.412609835675234, 0.0 ], [ 106.984320000267942, -6.412770000435, 0.0 ], [ 106.984169999645886, -6.413390000248178, 0.0 ], [ 106.984030000384365, -6.413970000015325, 0.0 ], [ 106.983931580378268, -6.414336837075254, 0.0 ], [ 106.98391999980835, -6.414380000036815, 0.0 ], [ 106.983839999716366, -6.414560000243643, 0.0 ], [ 106.983730000039628, -6.414810000081275, 0.0 ], [ 106.983630156406804, -6.414953254888669, 0.0 ], [ 106.983500000224964, -6.415140000010791, 0.0 ], [ 106.983219999903284, -6.415480000401566, 0.0 ], [ 106.983030000134562, -6.415710000216137, 0.0 ], [ 106.982889999973679, -6.415819999892882, 0.0 ], [ 106.982459999929219, -6.416350000052287, 0.0 ], [ 106.982330000229496, -6.416510000236144, 0.0 ], [ 106.982239999676452, -6.416639999935949, 0.0 ], [ 106.982179999607439, -6.416729999589634, 0.0 ], [ 106.981699999955154, -6.417339999841012, 0.0 ], [ 106.981659999909212, -6.417489999563699, 0.0 ], [ 106.981559999794356, -6.417749999862412, 0.0 ], [ 106.981552081263729, -6.417769231864359, 0.0 ], [ 106.981419999633474, -6.418090000253098, 0.0 ], [ 106.981390000048606, -6.418179999906872, 0.0 ], [ 106.981249999887808, -6.418300000044788, 0.0 ], [ 106.981060000119101, -6.418400000159732, 0.0 ], [ 106.980930000419377, -6.418409999721533, 0.0 ], [ 106.980759999774349, -6.41836000011379, 0.0 ], [ 106.980679999682465, -6.418580000366561, 0.0 ], [ 106.980659999659494, -6.418939999880937, 0.0 ], [ 106.980549999982742, -6.418950000342107, 0.0 ], [ 106.979792233025307, -6.419027499419396, 0.0 ], [ 106.979669999870765, -6.419039999995881, 0.0 ], [ 106.979549999732853, -6.419100000064795, 0.0 ], [ 106.979429999594942, -6.419140000110737, 0.0 ], [ 106.979239999826305, -6.419149999672626, 0.0 ], [ 106.979150000172538, -6.419100000064795, 0.0 ], [ 106.979019999573538, -6.418939999880937, 0.0 ], [ 106.978959655064244, -6.418870000250134, 0.0 ], [ 106.978769999735817, -6.418649999997363, 0.0 ], [ 106.978550000382327, -6.418420000182703, 0.0 ], [ 106.97833000012956, -6.418239999975874, 0.0 ], [ 106.978180000406866, -6.418170000345071, 0.0 ], [ 106.977699620341369, -6.418060822648677, 0.0 ], [ 106.977519999648464, -6.418019999723104, 0.0 ], [ 106.977109999626975, -6.418090000253098, 0.0 ], [ 106.97697000036537, -6.4181500003221, 0.0 ], [ 106.976770000135573, -6.41813999986093, 0.0 ], [ 106.976580000366852, -6.418090000253098, 0.0 ], [ 106.976509999836864, -6.418070000230127, 0.0 ], [ 106.976179999907259, -6.418039999746075, 0.0 ], [ 106.975589999678931, -6.417970000115272, 0.0 ], [ 106.975509999586961, -6.417950000092301, 0.0 ], [ 106.975469570564428, -6.417946890236639, 0.0 ], [ 106.975119999588443, -6.417919999608159, 0.0 ], [ 106.974920000257924, -6.417870000000327, 0.0 ], [ 106.974559999844274, -6.417789999908354, 0.0 ], [ 106.974419999683391, -6.417760000323582, 0.0 ], [ 106.973761802965015, -6.41761948575045, 0.0 ], [ 106.973530000009603, -6.417569999655584, 0.0 ], [ 106.973389999848806, -6.417549999632612, 0.0 ], [ 106.973260000149082, -6.417609999701526, 0.0 ], [ 106.973090000403346, -6.417879999562128, 0.0 ], [ 106.973030000334433, -6.417959999654101, 0.0 ], [ 106.97270999996671, -6.418050000207156, 0.0 ], [ 106.972589999828799, -6.418090000253098, 0.0 ], [ 106.972529999759885, -6.418170000345071, 0.0 ], [ 106.972513868620268, -6.418238733730366, 0.0 ], [ 106.972299999945221, -6.419149999672626, 0.0 ], [ 106.972267922027129, -6.419238215970715, 0.0 ], [ 106.972259999899194, -6.419260000248652, 0.0 ], [ 106.97217999980731, -6.419349999902426, 0.0 ], [ 106.972074772832713, -6.419358093800867, 0.0 ], [ 106.9720500001076, -6.419360000363596, 0.0 ], [ 106.971900000384906, -6.419309999856484, 0.0 ], [ 106.971660000109068, -6.419169999695598, 0.0 ], [ 106.97155000043233, -6.419030000433992, 0.0 ], [ 106.971510000386388, -6.418859999788964, 0.0 ], [ 106.971609999601966, -6.418469999790446, 0.0 ], [ 106.971474479863502, -6.418346641584129, 0.0 ], [ 106.970829999605016, -6.417760000323582, 0.0 ], [ 106.970320000367863, -6.417370000325064, 0.0 ], [ 106.969467232626911, -6.4169583185714, 0.0 ], [ 106.969159999934192, -6.416809999681519, 0.0 ], [ 106.968489999613908, -6.416570000305146, 0.0 ], [ 106.968219999753387, -6.416670000420002, 0.0 ], [ 106.968199999730331, -6.416729999589634, 0.0 ], [ 106.968230000214561, -6.416889999773492, 0.0 ], [ 106.968191663914382, -6.416955169145613, 0.0 ], [ 106.96804230360955, -6.417209072040855, 0.0 ], [ 106.967794883926942, -6.417325733895343, 0.0 ], [ 106.967447795079863, -6.417489391622002, 0.0 ], [ 106.966674382616802, -6.41771081909889, 0.0 ], [ 106.9660383388984, -6.417514662571513, 0.0 ], [ 106.965045252636457, -6.417399316425101, 0.0 ], [ 106.964804031081371, -6.417354978948921, 0.0 ], [ 106.964527326774885, -6.417330454436723, 0.0 ], [ 106.964240545564905, -6.417445040655902, 0.0 ], [ 106.963741231173032, -6.417666281073888, 0.0 ], [ 106.963085831346262, -6.417380355119153, 0.0 ], [ 106.96074224395953, -6.41643526657413, 0.0 ], [ 106.959551091010184, -6.41873111165129, 0.0 ], [ 106.959434480417102, -6.41938693326022, 0.0 ], [ 106.959002360670624, -6.419659122070644, 0.0 ], [ 106.958415321010449, -6.419849961806126, 0.0 ], [ 106.957726348592317, -6.419843566727081, 0.0 ], [ 106.955875621163131, -6.419826387877361, 0.0 ], [ 106.95583000035441, -6.419730000339054, 0.0 ], [ 106.955690000193528, -6.41942000043251, 0.0 ], [ 106.955610000101643, -6.419149999672626, 0.0 ], [ 106.955520000447862, -6.418079999792017, 0.0 ], [ 106.955429999894719, -6.417629999724586, 0.0 ], [ 106.955280000172024, -6.417379999886954, 0.0 ], [ 106.955110000426373, -6.417179999657066, 0.0 ], [ 106.954560000244001, -6.416880000211691, 0.0 ], [ 106.954556973125975, -6.416878038790266, 0.0 ], [ 106.954067003589472, -6.416560594295841, 0.0 ], [ 106.953849999877761, -6.41641999968309, 0.0 ], [ 106.953232415643612, -6.416190612306796, 0.0 ], [ 106.953149999972709, -6.416160000283657, 0.0 ], [ 106.952940000181101, -6.416189999868429, 0.0 ], [ 106.952719999928235, -6.416519999797945, 0.0 ], [ 106.952679999882292, -6.416929999819523, 0.0 ], [ 106.952759999974177, -6.417210000141207, 0.0 ], [ 106.952940000181101, -6.417660000208727, 0.0 ], [ 106.952940000181101, -6.417870000000327, 0.0 ], [ 106.952829999604987, -6.418070000230127, 0.0 ], [ 106.952100000115067, -6.418979999926879, 0.0 ], [ 106.951670000070607, -6.419409999971339, 0.0 ], [ 106.951429999794769, -6.419499999625113, 0.0 ], [ 106.951150000372365, -6.419490000063313, 0.0 ], [ 106.950990000188511, -6.419380000386568, 0.0 ], [ 106.950850000027629, -6.41877000013519, 0.0 ], [ 106.950843604948574, -6.418704981849235, 0.0 ], [ 106.950789999958715, -6.418159999883901, 0.0 ], [ 106.950839999566455, -6.417339999841012, 0.0 ], [ 106.950879522072427, -6.416562732883637, 0.0 ], [ 106.950899999635453, -6.416160000283657, 0.0 ], [ 106.950839999566455, -6.415770000285139, 0.0 ], [ 106.950350000352358, -6.414910000196219, 0.0 ], [ 106.950279914386712, -6.414501165696098, 0.0 ], [ 106.950230000214532, -6.414210000291156, 0.0 ], [ 106.950299999845342, -6.41386000033858, 0.0 ], [ 106.950520000098109, -6.413580000016808, 0.0 ], [ 106.950633501734913, -6.413516943152189, 0.0 ], [ 106.951150000372365, -6.413230000064321, 0.0 ], [ 106.951429999794769, -6.413009999811461, 0.0 ], [ 106.951890000323459, -6.41234999995234, 0.0 ], [ 106.952369999975673, -6.411750000162222, 0.0 ], [ 106.952579999767352, -6.411540000370533, 0.0 ], [ 106.952750000412379, -6.411329999679563, 0.0 ], [ 106.953000000250015, -6.410919999658162, 0.0 ], [ 106.953060000318928, -6.410689999843413, 0.0 ], [ 106.953057513693437, -6.410672599760527, 0.0 ], [ 106.953029999834783, -6.410480000051813, 0.0 ], [ 106.952920000158045, -6.410270000260123, 0.0 ], [ 106.952730000389408, -6.410040000445552, 0.0 ], [ 106.952679999882292, -6.409869999800524, 0.0 ], [ 106.952679999882292, -6.409519999847948, 0.0 ], [ 106.952679999882292, -6.408636094879707, 0.0 ], [ 106.952679999882292, -6.408479999552199, 0.0 ], [ 106.952539999721409, -6.407879999761992, 0.0 ], [ 106.95234000039089, -6.407400000109789, 0.0 ], [ 106.952100000115067, -6.407030000134242, 0.0 ], [ 106.951489999863782, -6.406439999905924, 0.0 ], [ 106.951210000441364, -6.406069999930377, 0.0 ], [ 106.951210000441364, -6.405740000000861, 0.0 ], [ 106.951289999633971, -6.405630000324116, 0.0 ], [ 106.951332336118611, -6.405626472283679, 0.0 ], [ 106.951770000185547, -6.405590000278174, 0.0 ], [ 106.952101867107672, -6.40561885772394, 0.0 ], [ 106.952229999814776, -6.405630000324116, 0.0 ], [ 106.953219999603419, -6.405949999792462, 0.0 ], [ 106.953615255240081, -6.405985396208926, 0.0 ], [ 106.953889999923703, -6.406009999861464, 0.0 ], [ 106.954219999853308, -6.405880000161748, 0.0 ], [ 106.954930000219548, -6.405009999611657, 0.0 ], [ 106.955369999825805, -6.404349999752537, 0.0 ], [ 106.95540000030995, -6.404289999683535, 0.0 ], [ 106.955500000424891, -6.404340000190736, 0.0 ], [ 106.95555000003263, -6.404380000236678, 0.0 ], [ 106.956280000421927, -6.404770000235107, 0.0 ], [ 106.956109999776899, -6.404890000373111, 0.0 ], [ 106.955690000193528, -6.405180000256596, 0.0 ], [ 106.955570000055602, -6.40528999993343, 0.0 ], [ 106.956149872119042, -6.405469521700926, 0.0 ], [ 106.957319370292808, -6.405831585159341, 0.0 ], [ 106.958562497761235, -6.40611528079539, 0.0 ], [ 106.959663219382293, -6.406258477146789, 0.0 ], [ 106.959805160280084, -6.40627694292645, 0.0 ], [ 106.96020750707099, -6.406247151984292, 0.0 ], [ 106.9617009590322, -6.406136573144163, 0.0 ], [ 106.962480000351917, -6.405160000233625, 0.0 ], [ 106.962600776604745, -6.405016856942183, 0.0 ], [ 106.962750000212523, -6.40483999986591, 0.0 ], [ 106.962969070566288, -6.404601879173235, 0.0 ], [ 106.962977043056242, -6.404593214205292, 0.0 ], [ 106.962980000027088, -6.404590000028278, 0.0 ], [ 106.963158456097986, -6.404478028138296, 0.0 ], [ 106.963296132410733, -6.404522818872795, 0.0 ], [ 106.963809999631962, -6.404690000143223, 0.0 ], [ 106.964089999953728, -6.404830000304109, 0.0 ], [ 106.964829999904737, -6.405160000233625, 0.0 ], [ 106.965170000295515, -6.405329999979372, 0.0 ], [ 106.965620000362861, -6.405510000186201, 0.0 ], [ 106.96589999978535, -6.405630000324116, 0.0 ], [ 106.966297035180219, -6.405812636443855, 0.0 ], [ 106.966400000359897, -6.405860000138688, 0.0 ], [ 106.96647999955249, -6.405900000184719, 0.0 ], [ 106.966665962264571, -6.405968368445283, 0.0 ], [ 106.967160000333962, -6.40615000002235, 0.0 ], [ 106.967760000124073, -6.406430000344034, 0.0 ], [ 106.968119999638446, -6.40656999960564, 0.0 ], [ 106.968569999705878, -6.406769999835529, 0.0 ], [ 106.968800000419819, -6.406840000365523, 0.0 ], [ 106.969340000141116, -6.406919999558127, 0.0 ], [ 106.96971999967846, -6.406939999581098, 0.0 ], [ 106.969756157820626, -6.406944987221177, 0.0 ], [ 106.970009999562038, -6.406979999627129, 0.0 ], [ 106.970010981621627, -6.406974107269061, 0.0 ], [ 106.970029999585009, -6.406860000388495, 0.0 ], [ 106.970140000161038, -6.406499999974837, 0.0 ], [ 106.970209999791834, -6.406310000206208, 0.0 ], [ 106.970349999952731, -6.406159999584151, 0.0 ], [ 106.970668303299689, -6.405764048771658, 0.0 ], [ 106.971045039197378, -6.403511994382907, 0.0 ], [ 106.971055808578853, -6.403392120150055, 0.0 ], [ 106.971075004607968, -6.403178455621052, 0.0 ], [ 106.971135939072468, -6.402771862231518, 0.0 ], [ 106.971014285081409, -6.402236147779874, 0.0 ], [ 106.970849887212665, -6.401512203425277, 0.0 ], [ 106.970744375152947, -6.401158345381166, 0.0 ], [ 106.970670827696736, -6.400991915944001, 0.0 ], [ 106.970740400149509, -6.400869097330855, 0.0 ], [ 106.970920078399047, -6.400803408150537, 0.0 ], [ 106.971632881052827, -6.400240681661931, 0.0 ], [ 106.972259621284636, -6.39974589895397, 0.0 ], [ 106.972479930904242, -6.399575702256701, 0.0 ], [ 106.973547321851612, -6.398751103080738, 0.0 ], [ 106.973864146713154, -6.39872459736214, 0.0 ], [ 106.976239946916124, -6.398525824706915, 0.0 ], [ 106.978700000105107, -6.398319999568205, 0.0 ], [ 106.97876000017402, -6.398289999983344, 0.0 ], [ 106.978809999781845, -6.398319999568205, 0.0 ], [ 106.978949999942728, -6.398450000167202, 0.0 ], [ 106.979099999665422, -6.398499999775034, 0.0 ], [ 106.979259999849276, -6.398579999867007, 0.0 ], [ 106.979580000216998, -6.398700000004833, 0.0 ], [ 106.980217960390746, -6.398863879864027, 0.0 ], [ 106.980670000120568, -6.398980000326606, 0.0 ], [ 106.980705856090509, -6.398990245403393, 0.0 ], [ 106.980950000442348, -6.399060000418491, 0.0 ], [ 106.981809999631906, -6.399520000047811, 0.0 ], [ 106.982334013903781, -6.399761458124633, 0.0 ], [ 106.982829999904766, -6.399990000138214, 0.0 ], [ 106.983680000431804, -6.400159999883961, 0.0 ], [ 106.984186273777709, -6.400113122722342, 0.0 ], [ 106.984220000153087, -6.400110000276129, 0.0 ], [ 106.984260000199029, -6.400010000161185, 0.0 ], [ 106.984329999829839, -6.399749999862383, 0.0 ], [ 106.984369999875781, -6.399620000162756, 0.0 ], [ 106.984819999943213, -6.399359999863954, 0.0 ], [ 106.985020000173009, -6.398940000280575, 0.0 ], [ 106.985089999803819, -6.398809999681578, 0.0 ], [ 106.985209999941731, -6.398700000004833, 0.0 ], [ 106.985410000171527, -6.39863000037403, 0.0 ], [ 106.985800000170045, -6.398590000328088, 0.0 ], [ 106.985900000284985, -6.398590000328088, 0.0 ], [ 106.986230000214505, -6.398229999914431, 0.0 ], [ 106.986379999937284, -6.398049999707514, 0.0 ], [ 106.986449999567995, -6.398020000122742, 0.0 ], [ 106.986850000027601, -6.398060000168684, 0.0 ], [ 106.986970000165599, -6.398060000168684, 0.0 ], [ 106.987118199445561, -6.398030360312692, 0.0 ], [ 106.987170000395395, -6.398020000122742, 0.0 ], [ 106.98742000023303, -6.398169999845429, 0.0 ], [ 106.987520000347885, -6.39820000032957, 0.0 ] ] ] ] } }
]
}
