{
"type": "FeatureCollection",
"name": "CITEUREUP",
"crs": { "type": "name", "properties": { "name": "urn:ogc:def:crs:OGC:1.3:CRS84" } },
"features": [
{ "type": "Feature", "properties": { "PROVNO": "32", "KABKOTNO": "01", "KECNO": "200", "DESANO": "001", "PROVINSI": "JAWA BARAT", "KABKOT": "BOGOR", "KECAMATAN": "CITEUREUP", "ID2013": "3201200001", "DESA": "TANGKIL", "DESA_1": "TANGKIL", "ID2012": "3201200001", "IDKAB2": "3201", "IDKEC_2": "3201200", "WILAYAH": "TENGAH" }, "geometry": { "type": "MultiPolygon", "coordinates": [ [ [ [ 106.872648947890838, -6.518841459165827, 0.0 ], [ 106.872846894069042, -6.51868482874173, 0.0 ], [ 106.873129862153561, -6.518399711277514, 0.0 ], [ 106.873467154685599, -6.518175262977834, 0.0 ], [ 106.873703990247165, -6.518214964448834, 0.0 ], [ 106.873988640063857, -6.518382993779994, 0.0 ], [ 106.87407011594324, -6.518470617424867, 0.0 ], [ 106.874120265737872, -6.519227942815089, 0.0 ], [ 106.874053596296605, -6.519485202879629, 0.0 ], [ 106.873885640709929, -6.519783420768057, 0.0 ], [ 106.873819724900585, -6.520243584074006, 0.0 ], [ 106.873902306046773, -6.520628796981178, 0.0 ], [ 106.874337917860771, -6.521384688852141, 0.0 ], [ 106.874631699393646, -6.52188773902779, 0.0 ], [ 106.874800607362317, -6.522147243800038, 0.0 ], [ 106.875031334728519, -6.522362817589791, 0.0 ], [ 106.875275588797578, -6.522578341017429, 0.0 ], [ 106.875526353958293, -6.52272620485034, 0.0 ], [ 106.875743684123904, -6.522975646208931, 0.0 ], [ 106.87599442410361, -6.523116746240678, 0.0 ], [ 106.876103203400291, -6.523271900877372, 0.0 ], [ 106.876188142568878, -6.523482011285644, 0.0 ], [ 106.876198758166339, -6.523508267892133, 0.0 ], [ 106.876368650892715, -6.523730831212706, 0.0 ], [ 106.876606369588472, -6.524007248635435, 0.0 ], [ 106.876969999665903, -6.524330000029313, 0.0 ], [ 106.877115923661094, -6.524422703045154, 0.0 ], [ 106.877174107998883, -6.524459666080631, 0.0 ], [ 106.877277796233514, -6.524525536923811, 0.0 ], [ 106.877528763741623, -6.524727505769548, 0.0 ], [ 106.878288279880394, -6.525292808815877, 0.0 ], [ 106.878303015272152, -6.525617401121977, 0.0 ], [ 106.878371245037101, -6.525779469746542, 0.0 ], [ 106.878561022673196, -6.525893742102387, 0.0 ], [ 106.878920116570299, -6.526075016648516, 0.0 ], [ 106.878996076907612, -6.526108984941494, 0.0 ], [ 106.879130108268015, -6.52616892205792, 0.0 ], [ 106.879414258961049, -6.526201679863455, 0.0 ], [ 106.879624375664633, -6.52632940158048, 0.0 ], [ 106.879665254348183, -6.526410410711705, 0.0 ], [ 106.879747690703525, -6.52675504081234, 0.0 ], [ 106.879771436402891, -6.526908120713006, 0.0 ], [ 106.879904238390068, -6.527024995706867, 0.0 ], [ 106.88014112791096, -6.527078219384155, 0.0 ], [ 106.880327301963575, -6.527125223350208, 0.0 ], [ 106.880405117602223, -6.52714486904026, 0.0 ], [ 106.880571985908603, -6.52718168009029, 0.0 ], [ 106.880736758794598, -6.52721802888875, 0.0 ], [ 106.881006139022233, -6.527384710136133, 0.0 ], [ 106.88147558962693, -6.527675185761019, 0.0 ], [ 106.881746469923797, -6.527775625644452, 0.0 ], [ 106.882111848283358, -6.527828369083846, 0.0 ], [ 106.882347444579082, -6.527849986987135, 0.0 ], [ 106.882470589646204, -6.527914954011784, 0.0 ], [ 106.882815858265403, -6.528015115105248, 0.0 ], [ 106.88301870844677, -6.528007593175769, 0.0 ], [ 106.883323476097701, -6.528128195859342, 0.0 ], [ 106.882720000427824, -6.529030000034322, 0.0 ], [ 106.882409999621999, -6.529520000147695, 0.0 ], [ 106.882290000383364, -6.530130000398984, 0.0 ], [ 106.88231000040642, -6.530590000028305, 0.0 ], [ 106.882330000429391, -6.531020000072765, 0.0 ], [ 106.882469999690912, -6.531390000048312, 0.0 ], [ 106.88285999968943, -6.531880000161685, 0.0 ], [ 106.883181156585266, -6.532108068232603, 0.0 ], [ 106.883550000032614, -6.532370000275147, 0.0 ], [ 106.883960000054088, -6.532720000227634, 0.0 ], [ 106.8840800001921, -6.533099999764982, 0.0 ], [ 106.88400000010013, -6.533349999602613, 0.0 ], [ 106.883870000400321, -6.533810000131304, 0.0 ], [ 106.88371999977835, -6.534409999921422, 0.0 ], [ 106.883590000078641, -6.53498999968857, 0.0 ], [ 106.883590000078641, -6.5352299999644, 0.0 ], [ 106.883579999617467, -6.5354300001942, 0.0 ], [ 106.883570000055585, -6.535920000307573, 0.0 ], [ 106.883699999755379, -6.536270000260149, 0.0 ], [ 106.883960000054088, -6.536789999958383, 0.0 ], [ 106.884169999845781, -6.537070000280156, 0.0 ], [ 106.884390000098648, -6.537639999586133, 0.0 ], [ 106.884499999775386, -6.537979999976908, 0.0 ], [ 106.884539999821328, -6.538160000183737, 0.0 ], [ 106.884479999752415, -6.538829999604658, 0.0 ], [ 106.884370000075592, -6.53929000013326, 0.0 ], [ 106.884009999661927, -6.540050000107236, 0.0 ], [ 106.883819999893291, -6.540440000105754, 0.0 ], [ 106.882959999804285, -6.541260000148732, 0.0 ], [ 106.882299999945161, -6.541690000193192, 0.0 ], [ 106.881430000294444, -6.542160000283594, 0.0 ], [ 106.88094000018107, -6.542599999889944, 0.0 ], [ 106.880678157171403, -6.542919321269505, 0.0 ], [ 106.880530000159581, -6.543099999565207, 0.0 ], [ 106.88006999963099, -6.543740000300637, 0.0 ], [ 106.879891243186492, -6.543869783263769, 0.0 ], [ 106.879830686437188, -6.543913749319898, 0.0 ], [ 106.879340000141056, -6.544269999560672, 0.0 ], [ 106.878789999958684, -6.544509999836503, 0.0 ], [ 106.878239999776312, -6.544839999766019, 0.0 ], [ 106.877680000032129, -6.545220000202647, 0.0 ], [ 106.876779999897181, -6.545779999946912, 0.0 ], [ 106.876160000084099, -6.54614000036057, 0.0 ], [ 106.875600000339915, -6.546330000129199, 0.0 ], [ 106.875230000364368, -6.54635999971406, 0.0 ], [ 106.874999999650427, -6.546350000152259, 0.0 ], [ 106.87470999976685, -6.54637000017523, 0.0 ], [ 106.874470000390389, -6.546379999737031, 0.0 ], [ 106.874270000160593, -6.546399999760002, 0.0 ], [ 106.874100000414842, -6.546430000244143, 0.0 ], [ 106.87394999979287, -6.546450000267114, 0.0 ], [ 106.873829999654959, -6.546479999851975, 0.0 ], [ 106.873719999978135, -6.546510000336028, 0.0 ], [ 106.87361999986328, -6.546550000382059, 0.0 ], [ 106.873530000209499, -6.546579999966831, 0.0 ], [ 106.873439999656441, -6.546620000012773, 0.0 ], [ 106.873359999564471, -6.546649999597633, 0.0 ], [ 106.873280000371864, -6.546689999643576, 0.0 ], [ 106.873200000279979, -6.546740000150777, 0.0 ], [ 106.87312000018801, -6.54678999975852, 0.0 ], [ 106.873049999657923, -6.546840000265632, 0.0 ], [ 106.872969999566038, -6.546889999873464, 0.0 ], [ 106.872899999935242, -6.546960000403548, 0.0 ], [ 106.872830000304432, -6.54701999957318, 0.0 ], [ 106.87275999977436, -6.547090000103264, 0.0 ], [ 106.872670000120578, -6.547170000195237, 0.0 ], [ 106.872610000051665, -6.547239999825951, 0.0 ], [ 106.872529999959696, -6.547319999917836, 0.0 ], [ 106.872449999867811, -6.547400000009809, 0.0 ], [ 106.87236000021403, -6.547480000101782, 0.0 ], [ 106.872269999660972, -6.547569999755556, 0.0 ], [ 106.872180000007205, -6.547660000308611, 0.0 ], [ 106.872079999892264, -6.547740000400584, 0.0 ], [ 106.871979999777324, -6.547819999593187, 0.0 ], [ 106.871870000100571, -6.547910000146242, 0.0 ], [ 106.871749999962745, -6.547979999776956, 0.0 ], [ 106.871629999824833, -6.548059999868929, 0.0 ], [ 106.87150000012511, -6.548130000399013, 0.0 ], [ 106.871359999964227, -6.548189999568645, 0.0 ], [ 106.871210000241447, -6.548249999637648, 0.0 ], [ 106.871059999619391, -6.548309999706561, 0.0 ], [ 106.870909999896796, -6.548360000213673, 0.0 ], [ 106.870749999712842, -6.548400000259615, 0.0 ], [ 106.870590000428365, -6.548449999867447, 0.0 ], [ 106.870430000244511, -6.548480000351589, 0.0 ], [ 106.870270000060643, -6.548520000397531, 0.0 ], [ 106.870120000337963, -6.548549999982392, 0.0 ], [ 106.869940000131038, -6.548579999567163, 0.0 ], [ 106.869779999947269, -6.548619999613194, 0.0 ], [ 106.86961999976333, -6.548650000097247, 0.0 ], [ 106.869459999579476, -6.548679999682108, 0.0 ], [ 106.869289999833811, -6.548710000166249, 0.0 ], [ 106.869129999649957, -6.548739999751021, 0.0 ], [ 106.868959999904206, -6.548770000235162, 0.0 ], [ 106.868779999697381, -6.548810000281193, 0.0 ], [ 106.868609999951715, -6.548850000327135, 0.0 ], [ 106.86842999974489, -6.548899999934878, 0.0 ], [ 106.868239999976169, -6.548950000441991, 0.0 ], [ 106.868050000207546, -6.549009999611624, 0.0 ], [ 106.867849999977651, -6.549069999680537, 0.0 ], [ 106.867629999724883, -6.549140000210709, 0.0 ], [ 106.867430000394364, -6.549209999841512, 0.0 ], [ 106.867210000141512, -6.549300000394567, 0.0 ], [ 106.866969999865759, -6.549390000048252, 0.0 ], [ 106.866749999612992, -6.549479999702026, 0.0 ], [ 106.866530000259502, -6.54957999981697, 0.0 ], [ 106.866319999568447, -6.549679999931826, 0.0 ], [ 106.866089999753868, -6.5497699995856, 0.0 ], [ 106.866000000100101, -6.54980000006983, 0.0 ], [ 106.865770000285437, -6.549880000161714, 0.0 ], [ 106.865710000216524, -6.54980000006983, 0.0 ], [ 106.86561999966338, -6.549719999977857, 0.0 ], [ 106.86555000003267, -6.549650000347054, 0.0 ], [ 106.86548000040186, -6.54957999981697, 0.0 ], [ 106.86540000030989, -6.549510000186256, 0.0 ], [ 106.865300000195035, -6.549430000094283, 0.0 ], [ 106.865229999664862, -6.54935000000231, 0.0 ], [ 106.865140000011181, -6.549269999910425, 0.0 ], [ 106.8650500003574, -6.549189999818452, 0.0 ], [ 106.864959999804341, -6.549120000187738, 0.0 ], [ 106.864879999712372, -6.549040000095765, 0.0 ], [ 106.864790000058605, -6.548980000026763, 0.0 ], [ 106.86470999996672, -6.548910000396049, 0.0 ], [ 106.86464000033591, -6.548850000327135, 0.0 ], [ 106.864560000244026, -6.548790000258133, 0.0 ], [ 106.864489999713854, -6.548739999751021, 0.0 ], [ 106.86442999964494, -6.548679999682108, 0.0 ], [ 106.864369999576027, -6.548639999636165, 0.0 ], [ 106.864319999968203, -6.548590000028334, 0.0 ], [ 106.864270000360449, -6.548549999982392, 0.0 ], [ 106.864230000314421, -6.54850000037456, 0.0 ], [ 106.864159999784334, -6.548440000305646, 0.0 ], [ 106.864099999715421, -6.548369999775474, 0.0 ], [ 106.864059999669479, -6.548320000167731, 0.0 ], [ 106.864010000061654, -6.548260000098729, 0.0 ], [ 106.863959999554538, -6.548200000029816, 0.0 ], [ 106.863909999946713, -6.548130000399013, 0.0 ], [ 106.863860000338974, -6.548050000307128, 0.0 ], [ 106.86378000024699, -6.547959999753985, 0.0 ], [ 106.863720000177992, -6.547879999662101, 0.0 ], [ 106.863660000109078, -6.547790000008327, 0.0 ], [ 106.863600000040165, -6.547700000354553, 0.0 ], [ 106.863539999971167, -6.547609999801498, 0.0 ], [ 106.863490000363413, -6.547529999709614, 0.0 ], [ 106.863450000317386, -6.547460000078811, 0.0 ], [ 106.863410000271443, -6.547390000448008, 0.0 ], [ 106.863379999787398, -6.547319999917836, 0.0 ], [ 106.863359999764327, -6.547250000287121, 0.0 ], [ 106.863330000179559, -6.547190000218208, 0.0 ], [ 106.863299999695414, -6.547099999665065, 0.0 ], [ 106.863279999672443, -6.54698999998832, 0.0 ], [ 106.863250000087589, -6.546909999896435, 0.0 ], [ 106.863219999603444, -6.546829999804462, 0.0 ], [ 106.863199999580473, -6.546749999712578, 0.0 ], [ 106.863169999995705, -6.546660000058804, 0.0 ], [ 106.863149999972649, -6.546579999966831, 0.0 ], [ 106.86312000038788, -6.546479999851975, 0.0 ], [ 106.863089999903735, -6.546410000221172, 0.0 ], [ 106.863069999880764, -6.546330000129199, 0.0 ], [ 106.863040000295896, -6.546250000037315, 0.0 ], [ 106.863020000272925, -6.546180000406512, 0.0 ], [ 106.863000000249954, -6.546109999876428, 0.0 ], [ 106.862969999765824, -6.546040000245714, 0.0 ], [ 106.862960355436215, -6.545982131569907, 0.0 ], [ 106.862960000204012, -6.545980000176712, 0.0 ], [ 106.862940000181041, -6.54592000010771, 0.0 ], [ 106.862900000135099, -6.545840000015826, 0.0 ], [ 106.862860000089071, -6.545730000339081, 0.0 ], [ 106.862809999581955, -6.545630000224136, 0.0 ], [ 106.86277000043529, -6.545539999671082, 0.0 ], [ 106.862719999928274, -6.545450000017397, 0.0 ], [ 106.862679999882332, -6.545369999925423, 0.0 ], [ 106.862639999836304, -6.54530000029462, 0.0 ], [ 106.862610000251522, -6.545240000225618, 0.0 ], [ 106.862570000205494, -6.545169999695624, 0.0 ], [ 106.862519999698378, -6.545100000064821, 0.0 ], [ 106.862479999652436, -6.545039999995819, 0.0 ], [ 106.862430000044611, -6.544950000342045, 0.0 ], [ 106.862389999998669, -6.544890000273131, 0.0 ], [ 106.862340000390844, -6.544799999720077, 0.0 ], [ 106.862289999883814, -6.544730000089274, 0.0 ], [ 106.862240000275989, -6.544649999997301, 0.0 ], [ 106.862180000206976, -6.544569999905416, 0.0 ], [ 106.862129999699874, -6.544500000274613, 0.0 ], [ 106.862080000092035, -6.544420000182729, 0.0 ], [ 106.862029999585019, -6.544349999652557, 0.0 ], [ 106.86197999997718, -6.544269999560672, 0.0 ], [ 106.861930000369441, -6.544199999929869, 0.0 ], [ 106.861879999862239, -6.544130000299067, 0.0 ], [ 106.861839999816297, -6.544050000207182, 0.0 ], [ 106.861799999770355, -6.543979999677099, 0.0 ], [ 106.861759999724413, -6.543910000046296, 0.0 ], [ 106.861719999678471, -6.543849999977382, 0.0 ], [ 106.861690000093603, -6.54378000034658, 0.0 ], [ 106.861659999609458, -6.543709999816496, 0.0 ], [ 106.861630000024689, -6.543649999747494, 0.0 ], [ 106.861600000439836, -6.54356000009372, 0.0 ], [ 106.861560000393894, -6.543450000416975, 0.0 ], [ 106.861540000370923, -6.543350000302119, 0.0 ], [ 106.861529999909749, -6.543290000233206, 0.0 ], [ 106.861509999886778, -6.543219999703034, 0.0 ], [ 106.861502682103236, -6.543168775218646, 0.0 ], [ 106.86150000032498, -6.543150000072231, 0.0 ], [ 106.861489999863721, -6.543080000441517, 0.0 ], [ 106.861480000301924, -6.543000000349632, 0.0 ], [ 106.86146999984075, -6.54292999981946, 0.0 ], [ 106.861460000278953, -6.542840000165686, 0.0 ], [ 106.861449999817779, -6.542780000096773, 0.0 ], [ 106.861440000255982, -6.542709999566689, 0.0 ], [ 106.861429999794808, -6.542639999935886, 0.0 ], [ 106.861409999771837, -6.542539999820942, 0.0 ], [ 106.861409999771837, -6.542459999729058, 0.0 ], [ 106.861389999748866, -6.542390000098255, 0.0 ], [ 106.861360000163998, -6.542310000006371, 0.0 ], [ 106.861329999679953, -6.542189999868455, 0.0 ], [ 106.861289999633925, -6.542100000214681, 0.0 ], [ 106.861249999587983, -6.542040000145768, 0.0 ], [ 106.861170000395376, -6.541940000030824, 0.0 ], [ 106.861079999842318, -6.541870000400021, 0.0 ], [ 106.861019999773404, -6.541810000331107, 0.0 ], [ 106.860970000165565, -6.541770000285076, 0.0 ], [ 106.860919999658464, -6.541730000239134, 0.0 ], [ 106.860859999589451, -6.541690000193192, 0.0 ], [ 106.860789999958655, -6.541630000124279, 0.0 ], [ 106.860729999889742, -6.541579999617078, 0.0 ], [ 106.860715244712935, -6.541565245339633, 0.0 ], [ 106.860669999820828, -6.541520000447534, 0.0 ], [ 106.860600000190033, -6.541460000378532, 0.0 ], [ 106.860529999659946, -6.541400000309618, 0.0 ], [ 106.860460000029136, -6.541320000217734, 0.0 ], [ 106.86039000039834, -6.541249999687562, 0.0 ], [ 106.860319999868253, -6.541169999595677, 0.0 ], [ 106.860250000237542, -6.541090000402985, 0.0 ], [ 106.860190000168529, -6.54099999984993, 0.0 ], [ 106.860130000099616, -6.540919999758046, 0.0 ], [ 106.860059999569543, -6.540839999666073, 0.0 ], [ 106.860020000422878, -6.540750000012299, 0.0 ], [ 106.85996000035388, -6.540669999920414, 0.0 ], [ 106.859909999846764, -6.54058000026664, 0.0 ], [ 106.859860000239024, -6.540489999713586, 0.0 ], [ 106.859800000170026, -6.540400000059812, 0.0 ], [ 106.85974999966291, -6.540310000406038, 0.0 ], [ 106.859689999593996, -6.540219999852894, 0.0 ], [ 106.859639999986157, -6.54013999976101, 0.0 ], [ 106.859590000378418, -6.540059999669126, 0.0 ], [ 106.859539999871302, -6.539979999577152, 0.0 ], [ 106.859490000263477, -6.539900000384549, 0.0 ], [ 106.859450000217535, -6.539829999854465, 0.0 ], [ 106.859410000171493, -6.539760000223662, 0.0 ], [ 106.859376297178571, -6.539709445734179, 0.0 ], [ 106.85935000010258, -6.539669999670608, 0.0 ], [ 106.85931999961845, -6.539580000016834, 0.0 ], [ 106.859279999572507, -6.539510000386031, 0.0 ], [ 106.859240000425842, -6.539410000271086, 0.0 ], [ 106.859209999941697, -6.539319999718032, 0.0 ], [ 106.859200626308009, -6.539245009749308, 0.0 ], [ 106.8592000003799, -6.539239999626147, 0.0 ], [ 106.859169999895755, -6.539149999972373, 0.0 ], [ 106.859169999895755, -6.539080000341571, 0.0 ], [ 106.859169999895755, -6.538989999788516, 0.0 ], [ 106.859169999895755, -6.538900000134742, 0.0 ], [ 106.859180000356929, -6.538829999604658, 0.0 ], [ 106.8592000003799, -6.538759999973855, 0.0 ], [ 106.859209999941697, -6.538670000320081, 0.0 ], [ 106.859240000425842, -6.538559999744056, 0.0 ], [ 106.859270000010696, -6.538470000090282, 0.0 ], [ 106.859290000033667, -6.53841000002128, 0.0 ], [ 106.85931999961845, -6.538320000367506, 0.0 ], [ 106.859330000079609, -6.538240000275621, 0.0 ], [ 106.859359999664477, -6.538160000183737, 0.0 ], [ 106.859390000148522, -6.538100000114735, 0.0 ], [ 106.859399999710419, -6.538029999584651, 0.0 ], [ 106.85941999973339, -6.537959999953937, 0.0 ], [ 106.859439999756361, -6.537870000300163, 0.0 ], [ 106.859430000194564, -6.53777999974702, 0.0 ], [ 106.85941999973339, -6.537670000070275, 0.0 ], [ 106.859399999710419, -6.537580000416501, 0.0 ], [ 106.859390000148522, -6.537509999886417, 0.0 ], [ 106.859359999664477, -6.537420000232643, 0.0 ], [ 106.859330000079609, -6.537320000117788, 0.0 ], [ 106.859310000056638, -6.537199999979872, 0.0 ], [ 106.859270000010696, -6.537070000280156, 0.0 ], [ 106.859229999964754, -6.5369199996581, 0.0 ], [ 106.8592000003799, -6.536749999912352, 0.0 ], [ 106.859140000310987, -6.536569999705524, 0.0 ], [ 106.859080000241988, -6.536359999913923, 0.0 ], [ 106.85902000017299, -6.536139999661064, 0.0 ], [ 106.858960000104076, -6.535909999846492, 0.0 ], [ 106.858889999573989, -6.535680000031832, 0.0 ], [ 106.858830000404353, -6.535439999756001, 0.0 ], [ 106.85877000033544, -6.535209999941429, 0.0 ], [ 106.858710000266441, -6.53498999968857, 0.0 ], [ 106.859096430855828, -6.531973114167702, 0.0 ], [ 106.859519999848331, -6.530549999982362, 0.0 ], [ 106.85956772956726, -6.530406809026825, 0.0 ], [ 106.859570000355447, -6.530400000259675, 0.0 ], [ 106.859619999963186, -6.530260000098789, 0.0 ], [ 106.859659876801999, -6.530173600431191, 0.0 ], [ 106.8596800000321, -6.530130000398984, 0.0 ], [ 106.859729999639939, -6.529999999799987, 0.0 ], [ 106.859769999685881, -6.529870000100271, 0.0 ], [ 106.859829999754879, -6.529749999962355, 0.0 ], [ 106.859880000261995, -6.529609999801469, 0.0 ], [ 106.859940000330909, -6.529480000101753, 0.0 ], [ 106.859989999938733, -6.529350000402037, 0.0 ], [ 106.860040000445849, -6.52921000024115, 0.0 ], [ 106.860099999615485, -6.529070000080264, 0.0 ], [ 106.860159999684399, -6.528929999919377, 0.0 ], [ 106.860219999753397, -6.52878000019669, 0.0 ], [ 106.860279999822311, -6.528629999574633, 0.0 ], [ 106.860339999891224, -6.528479999851946, 0.0 ], [ 106.860399999960137, -6.52833999969106, 0.0 ], [ 106.860460000029136, -6.528189999968372, 0.0 ], [ 106.860520000098148, -6.528060000268656, 0.0 ], [ 106.860569999705888, -6.527929999669571, 0.0 ], [ 106.860609999751915, -6.527810000431025, 0.0 ], [ 106.860640000235975, -6.52771000031608, 0.0 ], [ 106.860669999820828, -6.527610000201225, 0.0 ], [ 106.860700000304888, -6.527519999648081, 0.0 ], [ 106.860709999866771, -6.527429999994396, 0.0 ], [ 106.860720000327944, -6.527340000340622, 0.0 ], [ 106.860729999889742, -6.527249999787479, 0.0 ], [ 106.860740000350916, -6.527160000133705, 0.0 ], [ 106.860740000350916, -6.527060000018849, 0.0 ], [ 106.860740000350916, -6.526950000342104, 0.0 ], [ 106.860729999889742, -6.526819999743019, 0.0 ], [ 106.860729999889742, -6.526699999605103, 0.0 ], [ 106.860720000327944, -6.526569999905387, 0.0 ], [ 106.860720000327944, -6.526440000205671, 0.0 ], [ 106.860720000327944, -6.526300000044785, 0.0 ], [ 106.860720000327944, -6.526258356038142, 0.0 ], [ 106.860720000327944, -6.526170000345068, 0.0 ], [ 106.860720000327944, -6.526039999746072, 0.0 ], [ 106.860729999889742, -6.525919999608067, 0.0 ], [ 106.860740000350916, -6.525800000369522, 0.0 ], [ 106.860749999912713, -6.525680000231695, 0.0 ], [ 106.860769999935684, -6.52556000009378, 0.0 ], [ 106.860789999958655, -6.525439999955864, 0.0 ], [ 106.860830000004682, -6.525310000256148, 0.0 ], [ 106.860866855121429, -6.525181005998473, 0.0 ], [ 106.860870000050625, -6.525170000095262, 0.0 ], [ 106.860919999658464, -6.525020000372574, 0.0 ], [ 106.860979999727377, -6.524849999727547, 0.0 ], [ 106.861024802153054, -6.524723062219397, 0.0 ], [ 106.861039999796375, -6.524679999981888, 0.0 ], [ 106.861099999865289, -6.52449000021317, 0.0 ], [ 106.861112992370849, -6.524460768649423, 0.0 ], [ 106.861179999957173, -6.524310000006341, 0.0 ], [ 106.861249999587983, -6.524120000237623, 0.0 ], [ 106.861329999679953, -6.523940000030795, 0.0 ], [ 106.861409999771837, -6.523759999823966, 0.0 ], [ 106.861489999863721, -6.523599999640108, 0.0 ], [ 106.861560000393894, -6.523440000355532, 0.0 ], [ 106.861639999586487, -6.523300000194734, 0.0 ], [ 106.861730000139545, -6.523149999572677, 0.0 ], [ 106.86301909915224, -6.523331631149656, 0.0 ], [ 106.863498013322868, -6.522874112749957, 0.0 ], [ 106.864260519707386, -6.522145673583815, 0.0 ], [ 106.864694117040017, -6.52173144764804, 0.0 ], [ 106.865039507967069, -6.52140148638928, 0.0 ], [ 106.865476157598806, -6.521700288837131, 0.0 ], [ 106.865852532868246, -6.521828736306947, 0.0 ], [ 106.866334195367017, -6.521537268729762, 0.0 ], [ 106.866594755943424, -6.52137959599143, 0.0 ], [ 106.867079927596762, -6.520911115755226, 0.0 ], [ 106.867294774734276, -6.520490982172902, 0.0 ], [ 106.867124236294643, -6.520092566318727, 0.0 ], [ 106.867103196655364, -6.519889737720987, 0.0 ], [ 106.867166549396899, -6.519434175346763, 0.0 ], [ 106.867175656831265, -6.519368677722106, 0.0 ], [ 106.867546341190831, -6.51902912969037, 0.0 ], [ 106.867869237375643, -6.518526607416888, 0.0 ], [ 106.86816493086711, -6.518066418929926, 0.0 ], [ 106.868625552827154, -6.518274381757152, 0.0 ], [ 106.869289274980218, -6.518542464263124, 0.0 ], [ 106.870324028631245, -6.518565682959689, 0.0 ], [ 106.870499978291505, -6.518598848158188, 0.0 ], [ 106.87071023978595, -6.518767156279051, 0.0 ], [ 106.870920929357595, -6.519050441824294, 0.0 ], [ 106.871131868940822, -6.519401361783252, 0.0 ], [ 106.87131074409578, -6.51969703728831, 0.0 ], [ 106.871315584246986, -6.519705037657211, 0.0 ], [ 106.871518708721652, -6.519771920237751, 0.0 ], [ 106.871816181072049, -6.519750525366277, 0.0 ], [ 106.872011841173773, -6.519628055690099, 0.0 ], [ 106.872328319796281, -6.519261652103427, 0.0 ], [ 106.872648947890838, -6.518841459165827, 0.0 ] ] ] ] } },
{ "type": "Feature", "properties": { "PROVNO": "32", "KABKOTNO": "01", "KECNO": "200", "DESANO": "002", "PROVINSI": "JAWA BARAT", "KABKOT": "BOGOR", "KECAMATAN": "CITEUREUP", "ID2013": "3201200002", "DESA": "HAMBALANG", "DESA_1": "HAMBALANG", "ID2012": "3201200002", "IDKAB2": "3201", "IDKEC_2": "3201200", "WILAYAH": "TENGAH" }, "geometry": { "type": "MultiPolygon", "coordinates": [ [ [ [ 106.908579999567493, -6.570349999852478, 0.0 ], [ 106.908460000328944, -6.570280000221675, 0.0 ], [ 106.908249999637974, -6.570229999714563, 0.0 ], [ 106.908110000376368, -6.570189999668532, 0.0 ], [ 106.907890000123601, -6.570169999645561, 0.0 ], [ 106.907729999939747, -6.570180000106731, 0.0 ], [ 106.907440000056084, -6.570229999714563, 0.0 ], [ 106.907210000241506, -6.570249999737534, 0.0 ], [ 106.906999999550536, -6.570329999829507, 0.0 ], [ 106.90686000028893, -6.570429999944363, 0.0 ], [ 106.906769999735872, -6.570519999598137, 0.0 ], [ 106.90664999959796, -6.570539999621108, 0.0 ], [ 106.906559999944193, -6.570539999621108, 0.0 ], [ 106.90643000024447, -6.570490000013276, 0.0 ], [ 106.906290000083587, -6.570389999898421, 0.0 ], [ 106.906180000406934, -6.570229999714563, 0.0 ], [ 106.906089999853791, -6.570089999553677, 0.0 ], [ 106.906000000200009, -6.569839999716045, 0.0 ], [ 106.905900000085154, -6.569589999878414, 0.0 ], [ 106.905840000016155, -6.569460000178697, 0.0 ], [ 106.905750000362389, -6.569420000132755, 0.0 ], [ 106.905650000247434, -6.569389999648614, 0.0 ], [ 106.905490000063665, -6.569380000086724, 0.0 ], [ 106.905369999925753, -6.569400000109695, 0.0 ], [ 106.905200000180088, -6.569440000155726, 0.0 ], [ 106.905069999581002, -6.56950999978644, 0.0 ], [ 106.904890000273468, -6.56950999978644, 0.0 ], [ 106.904759999674383, -6.56950000022464, 0.0 ], [ 106.904560000343949, -6.569440000155726, 0.0 ], [ 106.904352201193348, -6.56937388199891, 0.0 ], [ 106.904340000091082, -6.569369999625643, 0.0 ], [ 106.904139999861286, -6.569279999971869, 0.0 ], [ 106.903990000138506, -6.569250000387097, 0.0 ], [ 106.903829999954738, -6.569239999925927, 0.0 ], [ 106.903669999770884, -6.569230000364126, 0.0 ], [ 106.903470000440365, -6.569250000387097, 0.0 ], [ 106.90321000014157, -6.569259999948898, 0.0 ], [ 106.902980000326906, -6.569279999971869, 0.0 ], [ 106.902789999658907, -6.569320000017811, 0.0 ], [ 106.902619999913242, -6.569389999648614, 0.0 ], [ 106.902459999729388, -6.569449999717527, 0.0 ], [ 106.902319999568505, -6.569569999855442, 0.0 ], [ 106.902160000284013, -6.569699999555159, 0.0 ], [ 106.901980000077089, -6.569819999693074, 0.0 ], [ 106.901790000308466, -6.569939999830989, 0.0 ], [ 106.901530000009672, -6.570100000014847, 0.0 ], [ 106.901340000241035, -6.57014999962259, 0.0 ], [ 106.901200000080152, -6.570120000037818, 0.0 ], [ 106.9010900004034, -6.570050000407015, 0.0 ], [ 106.901084740268772, -6.570044214169037, 0.0 ], [ 106.900990000288459, -6.569939999830989, 0.0 ], [ 106.90091000019649, -6.569819999693074, 0.0 ], [ 106.900779999597489, -6.569569999855442, 0.0 ], [ 106.900669999920751, -6.569360000063753, 0.0 ], [ 106.900529999759854, -6.569159999833953, 0.0 ], [ 106.900310000406364, -6.569019999673067, 0.0 ], [ 106.900139999761336, -6.568959999604154, 0.0 ], [ 106.900059999669367, -6.568959999604154, 0.0 ], [ 106.899920000407846, -6.568990000088295, 0.0 ], [ 106.899780000246963, -6.569039999696127, 0.0 ], [ 106.899689999693905, -6.56909000020315, 0.0 ], [ 106.899470000340415, -6.569259999948898, 0.0 ], [ 106.899299999695387, -6.569369999625643, 0.0 ], [ 106.898980000227041, -6.569549999832471, 0.0 ], [ 106.898659999859234, -6.56973999960119, 0.0 ], [ 106.898570000205467, -6.569830000154244, 0.0 ], [ 106.898530000159525, -6.569910000246217, 0.0 ], [ 106.898499999675465, -6.569979999876931, 0.0 ], [ 106.898499999675465, -6.570200000129702, 0.0 ], [ 106.898490000113583, -6.570670000220193, 0.0 ], [ 106.898459999629438, -6.570900000034854, 0.0 ], [ 106.898399999560525, -6.571160000333567, 0.0 ], [ 106.898355073927718, -6.57124236384389, 0.0 ], [ 106.898340000390903, -6.571270000010312, 0.0 ], [ 106.898180000206949, -6.571379999687057, 0.0 ], [ 106.898049999607949, -6.571470000240112, 0.0 ], [ 106.897890000323457, -6.571559999893886, 0.0 ], [ 106.897770000185545, -6.571570000355056, 0.0 ], [ 106.897600000439894, -6.571579999916857, 0.0 ], [ 106.897449999817837, -6.571579999916857, 0.0 ], [ 106.897260000049116, -6.571539999870915, 0.0 ], [ 106.897030000234537, -6.571479999802001, 0.0 ], [ 106.896830000004655, -6.571450000217141, 0.0 ], [ 106.89658000016702, -6.571430000194169, 0.0 ], [ 106.896259999799312, -6.571450000217141, 0.0 ], [ 106.895980000376909, -6.571490000263172, 0.0 ], [ 106.895860000238997, -6.571510000286143, 0.0 ], [ 106.895669999570998, -6.571559999893886, 0.0 ], [ 106.895339999641479, -6.571669999570631, 0.0 ], [ 106.895120000287903, -6.571769999685575, 0.0 ], [ 106.894810000381355, -6.571940000330603, 0.0 ], [ 106.894519999598501, -6.572130000099232, 0.0 ], [ 106.894100000015115, -6.572379999936953, 0.0 ], [ 106.894044501952351, -6.572417498968299, 0.0 ], [ 106.893730000039653, -6.572629999774495, 0.0 ], [ 106.893369999626003, -6.572820000442494, 0.0 ], [ 106.893179999857281, -6.572910000096268, 0.0 ], [ 106.892889999973704, -6.573019999773013, 0.0 ], [ 106.892780000296966, -6.573039999795984, 0.0 ], [ 106.89254999958294, -6.573039999795984, 0.0 ], [ 106.89229999974539, -6.573039999795984, 0.0 ], [ 106.891849999677873, -6.573019999773013, 0.0 ], [ 106.891610000301412, -6.572999999750042, 0.0 ], [ 106.891530000209528, -6.572979999727071, 0.0 ], [ 106.891399999610442, -6.572919999658069, 0.0 ], [ 106.891209999841806, -6.572789999958353, 0.0 ], [ 106.890919999958243, -6.572569999705493, 0.0 ], [ 106.89059999959052, -6.572330000329121, 0.0 ], [ 106.890320000168032, -6.572150000122203, 0.0 ], [ 106.890200000030205, -6.57209000005329, 0.0 ], [ 106.890100910029204, -6.57207037594695, 0.0 ], [ 106.890030000284455, -6.57207999959212, 0.0 ], [ 106.889938770358086, -6.572106409083336, 0.0 ], [ 106.889937619225918, -6.572106741832542, 0.0 ], [ 106.889936050808259, -6.572107195990142, 0.0 ], [ 106.889926919092161, -6.572109839097653, 0.0 ], [ 106.8899223298518, -6.572109875070478, 0.0 ], [ 106.889856165829542, -6.571682320282726, 0.0 ], [ 106.890342581245307, -6.57037818460541, 0.0 ], [ 106.890362679294398, -6.570292525979173, 0.0 ], [ 106.890329178648855, -6.570205441028101, 0.0 ], [ 106.890044563006327, -6.569890375240419, 0.0 ], [ 106.889840255023884, -6.569765368576732, 0.0 ], [ 106.889579910284795, -6.569731654791902, 0.0 ], [ 106.88919394374571, -6.569737449123849, 0.0 ], [ 106.888981817057399, -6.569746850636484, 0.0 ], [ 106.888873096216543, -6.569760345863109, 0.0 ], [ 106.888786651582862, -6.569864687005502, 0.0 ], [ 106.888622717764434, -6.570069227013011, 0.0 ], [ 106.888341211977576, -6.570174380243312, 0.0 ], [ 106.888090260657137, -6.570331463026449, 0.0 ], [ 106.888038725007348, -6.570466108623876, 0.0 ], [ 106.887895820036292, -6.57052303031346, 0.0 ], [ 106.887718024067766, -6.570528037738601, 0.0 ], [ 106.887536200935031, -6.570615467129883, 0.0 ], [ 106.887341286371438, -6.570681258832813, 0.0 ], [ 106.887054870286192, -6.570634629884111, 0.0 ], [ 106.886854980672965, -6.57053129238502, 0.0 ], [ 106.886668265228437, -6.570471276128345, 0.0 ], [ 106.886486344069681, -6.570532681837662, 0.0 ], [ 106.885327084677385, -6.57249309867737, 0.0 ], [ 106.885225955913342, -6.572477457668349, 0.0 ], [ 106.885131610735456, -6.572462866168163, 0.0 ], [ 106.884942414960676, -6.572442088231636, 0.0 ], [ 106.884748710884523, -6.572365448006892, 0.0 ], [ 106.884481712061557, -6.572228909336566, 0.0 ], [ 106.883940000031117, -6.572130000099232, 0.0 ], [ 106.88363999968638, -6.572029999984377, 0.0 ], [ 106.883334998211723, -6.571906093191462, 0.0 ], [ 106.883320000218035, -6.571900000284661, 0.0 ], [ 106.883468221981076, -6.570368110399851, 0.0 ], [ 106.883470230167134, -6.570347359442898, 0.0 ], [ 106.88351114212567, -6.569924534189777, 0.0 ], [ 106.883276798585541, -6.569940378445551, 0.0 ], [ 106.882891509235961, -6.569602679420008, 0.0 ], [ 106.882435778688432, -6.569100657169393, 0.0 ], [ 106.882051277144939, -6.568972428234812, 0.0 ], [ 106.882020659725853, -6.568788006061457, 0.0 ], [ 106.881885781203991, -6.568728663396897, 0.0 ], [ 106.881649074245516, -6.568599597193483, 0.0 ], [ 106.88163017769071, -6.568395462780288, 0.0 ], [ 106.881743421222055, -6.568006013166841, 0.0 ], [ 106.881707667774833, -6.567781710557288, 0.0 ], [ 106.881568101087197, -6.56780218542238, 0.0 ], [ 106.881448090157392, -6.567717848799539, 0.0 ], [ 106.881066216432927, -6.566961186209621, 0.0 ], [ 106.880796159015688, -6.566762700438158, 0.0 ], [ 106.880501316282889, -6.566604208417317, 0.0 ], [ 106.880362386315269, -6.56679425405148, 0.0 ], [ 106.880158061245695, -6.566834921394307, 0.0 ], [ 106.879998266107322, -6.566780659000084, 0.0 ], [ 106.880047462620496, -6.566600924093215, 0.0 ], [ 106.879967093806499, -6.566140300334435, 0.0 ], [ 106.879850661279235, -6.565988201594077, 0.0 ], [ 106.879405530141327, -6.565650722902419, 0.0 ], [ 106.879250571556781, -6.565556542300435, 0.0 ], [ 106.87921029991557, -6.565456943283134, 0.0 ], [ 106.87929986339816, -6.56540174469459, 0.0 ], [ 106.879369383690261, -6.56532168434806, 0.0 ], [ 106.879473264379811, -6.565180149943775, 0.0 ], [ 106.879398352651975, -6.565067213081246, 0.0 ], [ 106.879218516121767, -6.564988088029668, 0.0 ], [ 106.879088493939065, -6.564893812998864, 0.0 ], [ 106.879038023985771, -6.564734402770291, 0.0 ], [ 106.878843131005894, -6.564630396175666, 0.0 ], [ 106.878578793276859, -6.564626399588516, 0.0 ], [ 106.878394604027932, -6.564716865990441, 0.0 ], [ 106.878370098401518, -6.564831669845574, 0.0 ], [ 106.878246259957123, -6.565056572302765, 0.0 ], [ 106.878121488016433, -6.565032101749892, 0.0 ], [ 106.877537390038725, -6.564874691613589, 0.0 ], [ 106.877307213956968, -6.564671067115881, 0.0 ], [ 106.877789999708881, -6.564620000012802, 0.0 ], [ 106.878250000237472, -6.564430000244172, 0.0 ], [ 106.878419999983137, -6.564230000014373, 0.0 ], [ 106.8784494500823, -6.56410729021907, 0.0 ], [ 106.878480000052136, -6.563980000176652, 0.0 ], [ 106.878470120999452, -6.563910845009371, 0.0 ], [ 106.878440000006108, -6.563699999854968, 0.0 ], [ 106.878150000122531, -6.56308000004179, 0.0 ], [ 106.878190000168559, -6.562799999720017, 0.0 ], [ 106.87819999973037, -6.562640000435529, 0.0 ], [ 106.878250000237472, -6.562420000182758, 0.0 ], [ 106.878250000237472, -6.56221999995287, 0.0 ], [ 106.878230000214501, -6.561939999631097, 0.0 ], [ 106.878219999753341, -6.561729999839496, 0.0 ], [ 106.878190000168559, -6.561609999701581, 0.0 ], [ 106.878159999684428, -6.561390000348091, 0.0 ], [ 106.878150000122531, -6.561270000210175, 0.0 ], [ 106.878110000076589, -6.56115000007226, 0.0 ], [ 106.877989999938762, -6.561000000349573, 0.0 ], [ 106.877969999915791, -6.560889999773547, 0.0 ], [ 106.878139999661457, -6.560470000190168, 0.0 ], [ 106.878020000422822, -6.56008999975354, 0.0 ], [ 106.877940000330938, -6.560080000191739, 0.0 ], [ 106.877789999708881, -6.559949999592654, 0.0 ], [ 106.877680000032129, -6.559850000377079, 0.0 ], [ 106.87764924591616, -6.559647023391282, 0.0 ], [ 106.877630000424389, -6.559520000447474, 0.0 ], [ 106.877639999986187, -6.559289999733533, 0.0 ], [ 106.877610000401418, -6.559200000079759, 0.0 ], [ 106.877510000286478, -6.558999999849959, 0.0 ], [ 106.877430000194494, -6.55879000005827, 0.0 ], [ 106.877200000379929, -6.558729999989357, 0.0 ], [ 106.876739999851239, -6.558500000174696, 0.0 ], [ 106.876429999944691, -6.558400000059841, 0.0 ], [ 106.876289999783893, -6.55834999955264, 0.0 ], [ 106.875970000315462, -6.558130000199149, 0.0 ], [ 106.875770000085566, -6.558030000084294, 0.0 ], [ 106.875669999970711, -6.557829999854405, 0.0 ], [ 106.875540000271002, -6.557459999878947, 0.0 ], [ 106.875520000248031, -6.557339999741032, 0.0 ], [ 106.875320000018149, -6.5570899999034, 0.0 ], [ 106.875170000295455, -6.557069999880429, 0.0 ], [ 106.874999999650427, -6.557100000364571, 0.0 ], [ 106.874620000113083, -6.557219999603117, 0.0 ], [ 106.874310000206535, -6.557319999718061, 0.0 ], [ 106.874020000322957, -6.557399999810034, 0.0 ], [ 106.87376999958596, -6.557479999901918, 0.0 ], [ 106.873530000209499, -6.557539999970832, 0.0 ], [ 106.873309999956732, -6.557589999578664, 0.0 ], [ 106.87312000018801, -6.557640000085776, 0.0 ], [ 106.872930000419288, -6.557680000131807, 0.0 ], [ 106.872770000235519, -6.557709999716579, 0.0 ], [ 106.872610000051665, -6.55774000020072, 0.0 ], [ 106.872469999890782, -6.557769999785492, 0.0 ], [ 106.872329999729885, -6.557800000269634, 0.0 ], [ 106.872200000030176, -6.557820000292605, 0.0 ], [ 106.872152880051502, -6.55783087399552, 0.0 ], [ 106.872070000330467, -6.557849999877376, 0.0 ], [ 106.871950000192541, -6.557860000338547, 0.0 ], [ 106.871819999593455, -6.557880000361607, 0.0 ], [ 106.871689999893746, -6.557889999923407, 0.0 ], [ 106.871560000194023, -6.557909999946379, 0.0 ], [ 106.871429999594937, -6.557920000407549, 0.0 ], [ 106.871299999895228, -6.55792999996935, 0.0 ], [ 106.871159999734431, -6.55792999996935, 0.0 ], [ 106.871030000034622, -6.55794000043052, 0.0 ], [ 106.870889999873825, -6.55792999996935, 0.0 ], [ 106.870749999712842, -6.55792999996935, 0.0 ], [ 106.870620000013133, -6.557920000407549, 0.0 ], [ 106.870479999852336, -6.557900000384578, 0.0 ], [ 106.870350000152527, -6.557880000361607, 0.0 ], [ 106.870230000014615, -6.557860000338547, 0.0 ], [ 106.870100000314991, -6.557829999854405, 0.0 ], [ 106.869980000177065, -6.557800000269634, 0.0 ], [ 106.869869999600951, -6.557760000223691, 0.0 ], [ 106.869858570117117, -6.557755428070369, 0.0 ], [ 106.86977490708648, -6.557721963397736, 0.0 ], [ 106.869770000385387, -6.557720000177749, 0.0 ], [ 106.869670000270446, -6.557680000131807, 0.0 ], [ 106.869590000178562, -6.557640000085776, 0.0 ], [ 106.869510000086578, -6.557600000039834, 0.0 ], [ 106.869439999556505, -6.557559999993803, 0.0 ], [ 106.869380000386869, -6.55751000038606, 0.0 ], [ 106.869320000317956, -6.557459999878947, 0.0 ], [ 106.868867169184654, -6.557550516642898, 0.0 ], [ 106.868710635887311, -6.557032398326381, 0.0 ], [ 106.868840004262964, -6.556952115847317, 0.0 ], [ 106.868994047337608, -6.556801915575718, 0.0 ], [ 106.869183483231339, -6.556781259947044, 0.0 ], [ 106.869322360138995, -6.556576254090754, 0.0 ], [ 106.869371525175936, -6.556386544803008, 0.0 ], [ 106.869366301913487, -6.556181847414191, 0.0 ], [ 106.869275562117636, -6.556062714222701, 0.0 ], [ 106.869277322990229, -6.555992299105142, 0.0 ], [ 106.869280305142098, -6.555873040008677, 0.0 ], [ 106.869329713895354, -6.555872986049263, 0.0 ], [ 106.869078106969226, -6.554319854177795, 0.0 ], [ 106.868797030158959, -6.553961207243688, 0.0 ], [ 106.868394112298631, -6.55344709270901, 0.0 ], [ 106.868149950859745, -6.55316838920962, 0.0 ], [ 106.867439792212835, -6.551797282818175, 0.0 ], [ 106.867268206962379, -6.551421052339581, 0.0 ], [ 106.867108362361179, -6.551187579343178, 0.0 ], [ 106.866828196564214, -6.550778362631107, 0.0 ], [ 106.866572334046197, -6.550621272653459, 0.0 ], [ 106.866421816313959, -6.550649493379215, 0.0 ], [ 106.866389410143327, -6.550714917259484, 0.0 ], [ 106.866410647633501, -6.550841727963199, 0.0 ], [ 106.86641000012159, -6.550840000365579, 0.0 ], [ 106.866379999637445, -6.550780000296665, 0.0 ], [ 106.866339999591503, -6.550700000204692, 0.0 ], [ 106.866310000006649, -6.550629999674609, 0.0 ], [ 106.866269999960707, -6.550549999582636, 0.0 ], [ 106.866240000375925, -6.550490000413092, 0.0 ], [ 106.866209999891694, -6.55043999990589, 0.0 ], [ 106.866160000283955, -6.550350000252116, 0.0 ], [ 106.866100000215042, -6.550279999722033, 0.0 ], [ 106.866029999684869, -6.550179999607089, 0.0 ], [ 106.865960000054159, -6.550089999953403, 0.0 ], [ 106.865899999985146, -6.550020000322601, 0.0 ], [ 106.86583000035435, -6.549940000230627, 0.0 ], [ 106.865770000285437, -6.549880000161714, 0.0 ], [ 106.866000000100101, -6.54980000006983, 0.0 ], [ 106.866089999753868, -6.5497699995856, 0.0 ], [ 106.866319999568447, -6.549679999931826, 0.0 ], [ 106.866530000259502, -6.54957999981697, 0.0 ], [ 106.866749999612992, -6.549479999702026, 0.0 ], [ 106.866969999865759, -6.549390000048252, 0.0 ], [ 106.867210000141512, -6.549300000394567, 0.0 ], [ 106.867430000394364, -6.549209999841512, 0.0 ], [ 106.867629999724883, -6.549140000210709, 0.0 ], [ 106.867849999977651, -6.549069999680537, 0.0 ], [ 106.868050000207546, -6.549009999611624, 0.0 ], [ 106.868239999976169, -6.548950000441991, 0.0 ], [ 106.86842999974489, -6.548899999934878, 0.0 ], [ 106.868609999951715, -6.548850000327135, 0.0 ], [ 106.868779999697381, -6.548810000281193, 0.0 ], [ 106.868959999904206, -6.548770000235162, 0.0 ], [ 106.869129999649957, -6.548739999751021, 0.0 ], [ 106.869289999833811, -6.548710000166249, 0.0 ], [ 106.869459999579476, -6.548679999682108, 0.0 ], [ 106.86961999976333, -6.548650000097247, 0.0 ], [ 106.869779999947269, -6.548619999613194, 0.0 ], [ 106.869940000131038, -6.548579999567163, 0.0 ], [ 106.870120000337963, -6.548549999982392, 0.0 ], [ 106.870270000060643, -6.548520000397531, 0.0 ], [ 106.870430000244511, -6.548480000351589, 0.0 ], [ 106.870590000428365, -6.548449999867447, 0.0 ], [ 106.870749999712842, -6.548400000259615, 0.0 ], [ 106.870909999896796, -6.548360000213673, 0.0 ], [ 106.871059999619391, -6.548309999706561, 0.0 ], [ 106.871210000241447, -6.548249999637648, 0.0 ], [ 106.871359999964227, -6.548189999568645, 0.0 ], [ 106.87150000012511, -6.548130000399013, 0.0 ], [ 106.871629999824833, -6.548059999868929, 0.0 ], [ 106.871749999962745, -6.547979999776956, 0.0 ], [ 106.871870000100571, -6.547910000146242, 0.0 ], [ 106.871979999777324, -6.547819999593187, 0.0 ], [ 106.872079999892264, -6.547740000400584, 0.0 ], [ 106.872180000007205, -6.547660000308611, 0.0 ], [ 106.872269999660972, -6.547569999755556, 0.0 ], [ 106.87236000021403, -6.547480000101782, 0.0 ], [ 106.872449999867811, -6.547400000009809, 0.0 ], [ 106.872529999959696, -6.547319999917836, 0.0 ], [ 106.872610000051665, -6.547239999825951, 0.0 ], [ 106.872670000120578, -6.547170000195237, 0.0 ], [ 106.87275999977436, -6.547090000103264, 0.0 ], [ 106.872830000304432, -6.54701999957318, 0.0 ], [ 106.872899999935242, -6.546960000403548, 0.0 ], [ 106.872969999566038, -6.546889999873464, 0.0 ], [ 106.873049999657923, -6.546840000265632, 0.0 ], [ 106.87312000018801, -6.54678999975852, 0.0 ], [ 106.873200000279979, -6.546740000150777, 0.0 ], [ 106.873280000371864, -6.546689999643576, 0.0 ], [ 106.873359999564471, -6.546649999597633, 0.0 ], [ 106.873439999656441, -6.546620000012773, 0.0 ], [ 106.873530000209499, -6.546579999966831, 0.0 ], [ 106.87361999986328, -6.546550000382059, 0.0 ], [ 106.873719999978135, -6.546510000336028, 0.0 ], [ 106.873829999654959, -6.546479999851975, 0.0 ], [ 106.87394999979287, -6.546450000267114, 0.0 ], [ 106.874100000414842, -6.546430000244143, 0.0 ], [ 106.874270000160593, -6.546399999760002, 0.0 ], [ 106.874470000390389, -6.546379999737031, 0.0 ], [ 106.87470999976685, -6.54637000017523, 0.0 ], [ 106.874999999650427, -6.546350000152259, 0.0 ], [ 106.875230000364368, -6.54635999971406, 0.0 ], [ 106.875600000339915, -6.546330000129199, 0.0 ], [ 106.876160000084099, -6.54614000036057, 0.0 ], [ 106.876779999897181, -6.545779999946912, 0.0 ], [ 106.877680000032129, -6.545220000202647, 0.0 ], [ 106.878239999776312, -6.544839999766019, 0.0 ], [ 106.878789999958684, -6.544509999836503, 0.0 ], [ 106.879340000141056, -6.544269999560672, 0.0 ], [ 106.879830686437188, -6.543913749319898, 0.0 ], [ 106.879891243186492, -6.543869783263769, 0.0 ], [ 106.88006999963099, -6.543740000300637, 0.0 ], [ 106.880530000159581, -6.543099999565207, 0.0 ], [ 106.880678157171403, -6.542919321269505, 0.0 ], [ 106.88094000018107, -6.542599999889944, 0.0 ], [ 106.881430000294444, -6.542160000283594, 0.0 ], [ 106.882299999945161, -6.541690000193192, 0.0 ], [ 106.882959999804285, -6.541260000148732, 0.0 ], [ 106.883819999893291, -6.540440000105754, 0.0 ], [ 106.884009999661927, -6.540050000107236, 0.0 ], [ 106.884370000075592, -6.53929000013326, 0.0 ], [ 106.884479999752415, -6.538829999604658, 0.0 ], [ 106.884539999821328, -6.538160000183737, 0.0 ], [ 106.884499999775386, -6.537979999976908, 0.0 ], [ 106.884390000098648, -6.537639999586133, 0.0 ], [ 106.884169999845781, -6.537070000280156, 0.0 ], [ 106.883960000054088, -6.536789999958383, 0.0 ], [ 106.883699999755379, -6.536270000260149, 0.0 ], [ 106.883570000055585, -6.535920000307573, 0.0 ], [ 106.883579999617467, -6.5354300001942, 0.0 ], [ 106.883590000078641, -6.5352299999644, 0.0 ], [ 106.883590000078641, -6.53498999968857, 0.0 ], [ 106.88371999977835, -6.534409999921422, 0.0 ], [ 106.883870000400321, -6.533810000131304, 0.0 ], [ 106.88400000010013, -6.533349999602613, 0.0 ], [ 106.8840800001921, -6.533099999764982, 0.0 ], [ 106.883960000054088, -6.532720000227634, 0.0 ], [ 106.883550000032614, -6.532370000275147, 0.0 ], [ 106.883181156585266, -6.532108068232603, 0.0 ], [ 106.88285999968943, -6.531880000161685, 0.0 ], [ 106.882469999690912, -6.531390000048312, 0.0 ], [ 106.882330000429391, -6.531020000072765, 0.0 ], [ 106.88231000040642, -6.530590000028305, 0.0 ], [ 106.882290000383364, -6.530130000398984, 0.0 ], [ 106.882409999621999, -6.529520000147695, 0.0 ], [ 106.882720000427824, -6.529030000034322, 0.0 ], [ 106.883323476097701, -6.528128195859342, 0.0 ], [ 106.883450376733663, -6.527934055611997, 0.0 ], [ 106.883792706368439, -6.527410342613074, 0.0 ], [ 106.88431987096547, -6.526603860279714, 0.0 ], [ 106.884493476992546, -6.526338267996525, 0.0 ], [ 106.884840000166079, -6.524989999888433, 0.0 ], [ 106.884994329225123, -6.524693213720703, 0.0 ], [ 106.885099999565512, -6.52449000021317, 0.0 ], [ 106.88548999956403, -6.523949999592684, 0.0 ], [ 106.886250000437371, -6.523449999917332, 0.0 ], [ 106.886619977030463, -6.523253034000156, 0.0 ], [ 106.88763999978633, -6.522709999966327, 0.0 ], [ 106.888160000383934, -6.522270000360066, 0.0 ], [ 106.888339135442976, -6.522168750187554, 0.0 ], [ 106.888620000013162, -6.522010000061265, 0.0 ], [ 106.889390000448316, -6.521800000269664, 0.0 ], [ 106.889401761782082, -6.521796024366857, 0.0 ], [ 106.890099999915265, -6.521559999993833, 0.0 ], [ 106.890850000327433, -6.521339999741063, 0.0 ], [ 106.890989999589038, -6.52106000031857, 0.0 ], [ 106.891129999749836, -6.520900000134802, 0.0 ], [ 106.891331784234609, -6.520592013810269, 0.0 ], [ 106.891510000186557, -6.520320000367565, 0.0 ], [ 106.891650000347354, -6.520269999860453, 0.0 ], [ 106.891929999769843, -6.520229999814511, 0.0 ], [ 106.892020000322901, -6.520169999745509, 0.0 ], [ 106.892139999561536, -6.520160000183708, 0.0 ], [ 106.892319999768361, -6.520100000114795, 0.0 ], [ 106.892419999883217, -6.520009999561651, 0.0 ], [ 106.892741161275723, -6.519896998847265, 0.0 ], [ 106.892959999604514, -6.519819999793022, 0.0 ], [ 106.892959999604514, -6.519659999609164, 0.0 ], [ 106.892919999558487, -6.519500000324587, 0.0 ], [ 106.892950000042617, -6.519369999725502, 0.0 ], [ 106.893130000249457, -6.519190000418043, 0.0 ], [ 106.893509999786801, -6.519119999887959, 0.0 ], [ 106.893640000385886, -6.519010000211125, 0.0 ], [ 106.893790000108567, -6.518830000004385, 0.0 ], [ 106.89391999980829, -6.518560000143694, 0.0 ], [ 106.893979999877288, -6.518560000143694, 0.0 ], [ 106.894030000384404, -6.518600000189636, 0.0 ], [ 106.894160000084128, -6.518669999820439, 0.0 ], [ 106.894260000199068, -6.518649999797468, 0.0 ], [ 106.894369999875806, -6.518520000097752, 0.0 ], [ 106.894420000382837, -6.518370000375064, 0.0 ], [ 106.894389999898777, -6.51827000026012, 0.0 ], [ 106.894269999760866, -6.518119999638063, 0.0 ], [ 106.894280000222039, -6.518000000399518, 0.0 ], [ 106.894320000267982, -6.51784999977755, 0.0 ], [ 106.894420000382837, -6.517559999893976, 0.0 ], [ 106.894449999967691, -6.517470000240202, 0.0 ], [ 106.894510000036604, -6.517379999687059, 0.0 ], [ 106.894670000220557, -6.517299999595174, 0.0 ], [ 106.894839999966209, -6.517240000425542, 0.0 ], [ 106.89485999998918, -6.517140000310597, 0.0 ], [ 106.894900000035122, -6.516989999688541, 0.0 ], [ 106.894980000127106, -6.516900000034767, 0.0 ], [ 106.89506000021899, -6.516819999942882, 0.0 ], [ 106.895049999757902, -6.51657999966714, 0.0 ], [ 106.895049999757902, -6.516449999967424, 0.0 ], [ 106.895109999826815, -6.516320000267619, 0.0 ], [ 106.895189999918699, -6.516189999668622, 0.0 ], [ 106.89520999994167, -6.516260000198706, 0.0 ], [ 106.895310000056611, -6.51636000031365, 0.0 ], [ 106.895410000171552, -6.516400000359592, 0.0 ], [ 106.89557000035542, -6.516369999875451, 0.0 ], [ 106.895706164907764, -6.516315265337127, 0.0 ], [ 106.89581156365287, -6.516004253693222, 0.0 ], [ 106.895843155037753, -6.515977192193514, 0.0 ], [ 106.895932964934516, -6.515900259689058, 0.0 ], [ 106.895943335017094, -6.515910554228501, 0.0 ], [ 106.896061325170209, -6.516027678334559, 0.0 ], [ 106.89624133077298, -6.516124448984009, 0.0 ], [ 106.896436916230854, -6.516315564811261, 0.0 ], [ 106.896607593166024, -6.516360601960027, 0.0 ], [ 106.896833281630819, -6.516460246842772, 0.0 ], [ 106.897001201244592, -6.516581425092518, 0.0 ], [ 106.897087186324811, -6.51677599701447, 0.0 ], [ 106.896999300077823, -6.51688595712109, 0.0 ], [ 106.896932681897866, -6.516983654971522, 0.0 ], [ 106.896830000004655, -6.517020000172682, 0.0 ], [ 106.896609999751888, -6.517180000356539, 0.0 ], [ 106.896609999751888, -6.517310000056256, 0.0 ], [ 106.896669999820801, -6.517379999687059, 0.0 ], [ 106.896809999981684, -6.517430000194171, 0.0 ], [ 106.896939999681393, -6.517439999756061, 0.0 ], [ 106.897400000209998, -6.517439999756061, 0.0 ], [ 106.897549999932693, -6.517490000263173, 0.0 ], [ 106.897699999655458, -6.517579999916947, 0.0 ], [ 106.897719999678429, -6.517650000447031, 0.0 ], [ 106.897690000093576, -6.517720000077745, 0.0 ], [ 106.897569999955664, -6.51784000021566, 0.0 ], [ 106.897269999610913, -6.518079999592121, 0.0 ], [ 106.897030000234537, -6.518299999844981, 0.0 ], [ 106.897019999773377, -6.518370000375064, 0.0 ], [ 106.89707999984229, -6.518449999567668, 0.0 ], [ 106.897320000118114, -6.518709999866381, 0.0 ], [ 106.897460000278912, -6.518809999981325, 0.0 ], [ 106.897670000070605, -6.518950000142212, 0.0 ], [ 106.897790000208516, -6.518959999704101, 0.0 ], [ 106.897959999954182, -6.518919999658159, 0.0 ], [ 106.898080000092094, -6.518830000004385, 0.0 ], [ 106.898100000115065, -6.518740000350611, 0.0 ], [ 106.898080000092094, -6.518640000235667, 0.0 ], [ 106.898040000046151, -6.518390000398036, 0.0 ], [ 106.898080000092094, -6.518310000306062, 0.0 ], [ 106.898160000183978, -6.51827000026012, 0.0 ], [ 106.898249999837759, -6.51827999982201, 0.0 ], [ 106.898410000021698, -6.518370000375064, 0.0 ], [ 106.899000000250012, -6.518729999889441, 0.0 ], [ 106.899040000295955, -6.518839999566186, 0.0 ], [ 106.899060000318926, -6.519019999773015, 0.0 ], [ 106.898989999788853, -6.519429999794504, 0.0 ], [ 106.898980000227041, -6.519500000324587, 0.0 ], [ 106.898960000203985, -6.519719999678077, 0.0 ], [ 106.898989999788853, -6.519959999953908, 0.0 ], [ 106.899000000250012, -6.520089999653536, 0.0 ], [ 106.899069999880737, -6.520180000206679, 0.0 ], [ 106.899149999972707, -6.520220000252621, 0.0 ], [ 106.899230000064591, -6.520220000252621, 0.0 ], [ 106.89939000024853, -6.520149999722538, 0.0 ], [ 106.899760000223992, -6.519979999976879, 0.0 ], [ 106.900039999646395, -6.519910000346076, 0.0 ], [ 106.900301425370657, -6.519910000346076, 0.0 ], [ 106.900339999991132, -6.519910000346076, 0.0 ], [ 106.900569999805796, -6.519959999953908, 0.0 ], [ 106.900759999574518, -6.520060000068764, 0.0 ], [ 106.900819999643431, -6.520100000114795, 0.0 ], [ 106.900990000288459, -6.52018999976848, 0.0 ], [ 106.901140000011139, -6.520220000252621, 0.0 ], [ 106.901200000080152, -6.52020999979154, 0.0 ], [ 106.901280000172036, -6.52018999976848, 0.0 ], [ 106.901360000264006, -6.520109999676595, 0.0 ], [ 106.901500000424804, -6.519879999861935, 0.0 ], [ 106.901610000101556, -6.519619999563222, 0.0 ], [ 106.901690000193526, -6.519520000347558, 0.0 ], [ 106.901920000008175, -6.519349999702531, 0.0 ], [ 106.902009999661956, -6.519380000186672, 0.0 ], [ 106.902200000329955, -6.519429999794504, 0.0 ], [ 106.902319999568505, -6.519469999840446, 0.0 ], [ 106.902462974686728, -6.519540316032604, 0.0 ], [ 106.90292999981979, -6.51977000018519, 0.0 ], [ 106.902980000326906, -6.519850000277163, 0.0 ], [ 106.903000000349877, -6.519979999976879, 0.0 ], [ 106.903069999980673, -6.520559999744027, 0.0 ], [ 106.90321000014157, -6.520989999788487, 0.0 ], [ 106.903159999634454, -6.52127000011026, 0.0 ], [ 106.903069999980673, -6.521430000294117, 0.0 ], [ 106.902760000074124, -6.521789999808494, 0.0 ], [ 106.902519999798301, -6.521940000430462, 0.0 ], [ 106.902209999891753, -6.52211999973801, 0.0 ], [ 106.902060000169072, -6.522110000176209, 0.0 ], [ 106.90185000037738, -6.522030000084236, 0.0 ], [ 106.901719999778294, -6.522039999646125, 0.0 ], [ 106.901650000147583, -6.522070000130178, 0.0 ], [ 106.901550000032643, -6.522199999829983, 0.0 ], [ 106.9015099999867, -6.522310000406009, 0.0 ], [ 106.901500000424804, -6.522540000220669, 0.0 ], [ 106.901530000009672, -6.522629999874443, 0.0 ], [ 106.901610000101556, -6.522669999920385, 0.0 ], [ 106.901719999778294, -6.522669999920385, 0.0 ], [ 106.90185000037738, -6.522629999874443, 0.0 ], [ 106.9018821988046, -6.522620340256271, 0.0 ], [ 106.902049999707899, -6.52256999980553, 0.0 ], [ 106.902330000029679, -6.5225800002667, 0.0 ], [ 106.902550000282446, -6.522649999897414, 0.0 ], [ 106.902599999890271, -6.522720000427498, 0.0 ], [ 106.902630000374415, -6.522850000127214, 0.0 ], [ 106.902694288410828, -6.523318382337298, 0.0 ], [ 106.902700000005126, -6.523360000263647, 0.0 ], [ 106.902769999635936, -6.52340999987139, 0.0 ], [ 106.902869999750877, -6.52342000033256, 0.0 ], [ 106.902980000326906, -6.52340999987139, 0.0 ], [ 106.903520000048189, -6.523389999848419, 0.0 ], [ 106.903580000117103, -6.52342000033256, 0.0 ], [ 106.903580000117103, -6.523500000424534, 0.0 ], [ 106.90354000007116, -6.52365999970911, 0.0 ], [ 106.903450000417394, -6.523759999823966, 0.0 ], [ 106.902940000280964, -6.52428000042157, 0.0 ], [ 106.902869999750877, -6.524419999683087, 0.0 ], [ 106.902849999727906, -6.524610000351085, 0.0 ], [ 106.902889999773848, -6.52472000002783, 0.0 ], [ 106.902980000326906, -6.524800000119715, 0.0 ], [ 106.903090000003644, -6.524869999750518, 0.0 ], [ 106.903159999634454, -6.52490999979646, 0.0 ], [ 106.903319999818308, -6.524949999842491, 0.0 ], [ 106.903465806002316, -6.524957673757417, 0.0 ], [ 106.90350999958693, -6.524960000303661, 0.0 ], [ 106.904340000091082, -6.525009999911404, 0.0 ], [ 106.904670000020602, -6.525020000372574, 0.0 ], [ 106.904750000112571, -6.525069999980317, 0.0 ], [ 106.904819999743381, -6.525170000095262, 0.0 ], [ 106.904879999812294, -6.52535000030209, 0.0 ], [ 106.904870000250497, -6.525509999586667, 0.0 ], [ 106.904830000204555, -6.525769999885469, 0.0 ], [ 106.904750000112571, -6.526050000207153, 0.0 ], [ 106.904759999674383, -6.526280000021814, 0.0 ], [ 106.904819999743381, -6.526440000205671, 0.0 ], [ 106.905140000111089, -6.527129999649652, 0.0 ], [ 106.905175422607854, -6.527342538227412, 0.0 ], [ 106.905200000180088, -6.52749000006331, 0.0 ], [ 106.90524000022603, -6.527570000155194, 0.0 ], [ 106.90530999985684, -6.527630000224196, 0.0 ], [ 106.905409999971695, -6.527610000201225, 0.0 ], [ 106.905479999602406, -6.527550000132223, 0.0 ], [ 106.905670000270405, -6.52730000029468, 0.0 ], [ 106.905799999970213, -6.527080000041821, 0.0 ], [ 106.905920000108125, -6.526919999857963, 0.0 ], [ 106.906310000106558, -6.526520000297644, 0.0 ], [ 106.906390000198527, -6.526489999813503, 0.0 ], [ 106.906459999829252, -6.526509999836474, 0.0 ], [ 106.906490000313482, -6.526580000366557, 0.0 ], [ 106.90649999987528, -6.526719999628163, 0.0 ], [ 106.906459999829252, -6.526879999811932, 0.0 ], [ 106.9062199995535, -6.527439999556197, 0.0 ], [ 106.906189999968731, -6.527530000109252, 0.0 ], [ 106.906069999830819, -6.527799999969854, 0.0 ], [ 106.905949999692893, -6.527969999715513, 0.0 ], [ 106.905880000062183, -6.528100000314598, 0.0 ], [ 106.905900000085154, -6.528200000429543, 0.0 ], [ 106.905980000177038, -6.528279999622058, 0.0 ], [ 106.906149999922704, -6.528390000198172, 0.0 ], [ 106.906330000129529, -6.528499999874917, 0.0 ], [ 106.906510000336453, -6.528470000290056, 0.0 ], [ 106.906559999944193, -6.528419999783033, 0.0 ], [ 106.906590000428338, -6.528310000106288, 0.0 ], [ 106.906590000428338, -6.528029999784515, 0.0 ], [ 106.906620000013191, -6.527799999969854, 0.0 ], [ 106.906680000082105, -6.527750000362023, 0.0 ], [ 106.906780000197045, -6.527730000339051, 0.0 ], [ 106.906940000380899, -6.527770000384994, 0.0 ], [ 106.907330000379332, -6.527949999692542, 0.0 ], [ 106.907379999987171, -6.527980000176683, 0.0 ], [ 106.907609999801821, -6.52814999992243, 0.0 ], [ 106.907689999893805, -6.528279999622058, 0.0 ], [ 106.907819999593428, -6.528809999781551, 0.0 ], [ 106.907839999616399, -6.528900000334605, 0.0 ], [ 106.907850000077573, -6.529030000034322, 0.0 ], [ 106.907780000446849, -6.530150000421955, 0.0 ], [ 106.907819999593428, -6.530249999637618, 0.0 ], [ 106.90793999973134, -6.530389999798505, 0.0 ], [ 106.908050000307455, -6.530460000328588, 0.0 ], [ 106.908320000168061, -6.530520000397502, 0.0 ], [ 106.908489999913712, -6.530529999959391, 0.0 ], [ 106.908746555809088, -6.530548325444698, 0.0 ], [ 106.908770000235492, -6.530549999982362, 0.0 ], [ 106.908839999866302, -6.530560000443533, 0.0 ], [ 106.909009999611953, -6.530570000005333, 0.0 ], [ 106.909200000279952, -6.530540000420473, 0.0 ], [ 106.90930999995669, -6.530460000328588, 0.0 ], [ 106.909499999725327, -6.530360000213733, 0.0 ], [ 106.90980999963196, -6.530170000445015, 0.0 ], [ 106.91002000032293, -6.53007000033007, 0.0 ], [ 106.910279999722363, -6.530019999822958, 0.0 ], [ 106.910379999837303, -6.530119999937902, 0.0 ], [ 106.910470000390362, -6.53028000012176, 0.0 ], [ 106.910609999651882, -6.530590000028305, 0.0 ], [ 106.910680000182055, -6.530610000051276, 0.0 ], [ 106.910706227110865, -6.530615563257438, 0.0 ], [ 106.911010000111659, -6.530679999682079, 0.0 ], [ 106.911150000272457, -6.530770000235222, 0.0 ], [ 106.911219999903253, -6.530850000327106, 0.0 ], [ 106.911250000387398, -6.53112999974951, 0.0 ], [ 106.91150999978683, -6.531320000417509, 0.0 ], [ 106.911589999878714, -6.531309999956338, 0.0 ], [ 106.911689999993655, -6.531220000302564, 0.0 ], [ 106.911750000062653, -6.531120000187709, 0.0 ], [ 106.911750000062653, -6.531009999611594, 0.0 ], [ 106.911699999555552, -6.530770000235222, 0.0 ], [ 106.911620000362944, -6.530409999821476, 0.0 ], [ 106.911629999924742, -6.530240000075729, 0.0 ], [ 106.911719999578523, -6.529930000169184, 0.0 ], [ 106.911830000154538, -6.52962999982444, 0.0 ], [ 106.911919999808319, -6.529540000170666, 0.0 ], [ 106.911979999877232, -6.529540000170666, 0.0 ], [ 106.912070000430376, -6.529589999778498, 0.0 ], [ 106.912109999577041, -6.529660000308581, 0.0 ], [ 106.912169999645954, -6.530139999960873, 0.0 ], [ 106.912189999668925, -6.530420000282646, 0.0 ], [ 106.912240000176041, -6.530500000374531, 0.0 ], [ 106.91230000024504, -6.530529999959391, 0.0 ], [ 106.912380000336924, -6.53048000035156, 0.0 ], [ 106.912670000220487, -6.530220000052758, 0.0 ], [ 106.912880000012095, -6.530039999845929, 0.0 ], [ 106.913120000287932, -6.529689999893442, 0.0 ], [ 106.913200000379902, -6.529689999893442, 0.0 ], [ 106.913290000033669, -6.529729999939384, 0.0 ], [ 106.913370000125553, -6.529830000054329, 0.0 ], [ 106.913450000217523, -6.529999999799987, 0.0 ], [ 106.913550000332378, -6.530240000075729, 0.0 ], [ 106.91357000035535, -6.530329999729503, 0.0 ], [ 106.913789999708939, -6.530839999865936, 0.0 ], [ 106.913989999938735, -6.530980000026823, 0.0 ], [ 106.914159999684387, -6.531060000118796, 0.0 ], [ 106.915159999934289, -6.531439999656055, 0.0 ], [ 106.915210000441306, -6.531530000209198, 0.0 ], [ 106.915229999565, -6.531730000438998, 0.0 ], [ 106.91517999995726, -6.531920000207627, 0.0 ], [ 106.915059999819348, -6.532379999836948, 0.0 ], [ 106.915130000349421, -6.532430000344149, 0.0 ], [ 106.915220000003202, -6.532430000344149, 0.0 ], [ 106.915380000187056, -6.532379999836948, 0.0 ], [ 106.915830000254488, -6.532199999630119, 0.0 ], [ 106.915970000415371, -6.532190000068319, 0.0 ], [ 106.91608999965392, -6.532230000114261, 0.0 ], [ 106.916149999722933, -6.532310000206145, 0.0 ], [ 106.916140000161036, -6.532379999836948, 0.0 ], [ 106.91600999956195, -6.532749999812495, 0.0 ], [ 106.916069999630949, -6.532829999904468, 0.0 ], [ 106.916160000184007, -6.532880000411492, 0.0 ], [ 106.91628999988373, -6.53286999995041, 0.0 ], [ 106.916570000205496, -6.532760000273665, 0.0 ], [ 106.917259999649474, -6.532499999974863, 0.0 ], [ 106.917749999762847, -6.532499999974863, 0.0 ], [ 106.917849999877802, -6.532569999605666, 0.0 ], [ 106.917880000361848, -6.532660000158721, 0.0 ], [ 106.917849999877802, -6.532880000411492, 0.0 ], [ 106.917800000269963, -6.532990000088237, 0.0 ], [ 106.917720000178079, -6.533030000134268, 0.0 ], [ 106.917589999578993, -6.533050000157239, 0.0 ], [ 106.917399999810272, -6.532999999650126, 0.0 ], [ 106.917120000387868, -6.532930000019324, 0.0 ], [ 106.917179999557504, -6.533039999696069, 0.0 ], [ 106.917299999695416, -6.533119999787953, 0.0 ], [ 106.917900000384819, -6.533509999786471, 0.0 ], [ 106.918179999807307, -6.5336899999933, 0.0 ], [ 106.918389999599, -6.533759999624102, 0.0 ], [ 106.918660000358884, -6.533870000200217, 0.0 ], [ 106.918739999551491, -6.534220000152704, 0.0 ], [ 106.918779999597433, -6.53457000010528, 0.0 ], [ 106.918790000058607, -6.534759999873909, 0.0 ], [ 106.918794690023105, -6.53488849770584, 0.0 ], [ 106.918839999666432, -6.536130000099263, 0.0 ], [ 106.91889999973543, -6.536480000051839, 0.0 ], [ 106.918939999781372, -6.536899999635128, 0.0 ], [ 106.918999999850286, -6.53713999991087, 0.0 ], [ 106.9191100004264, -6.537409999771473, 0.0 ], [ 106.919209999641978, -6.537449999817415, 0.0 ], [ 106.919449999917717, -6.537449999817415, 0.0 ], [ 106.919739999801294, -6.537449999817415, 0.0 ], [ 106.920109999776841, -6.537480000301645, 0.0 ], [ 106.920129999799812, -6.537569999955419, 0.0 ], [ 106.920100000215044, -6.537679999632164, 0.0 ], [ 106.919980000077118, -6.537850000277103, 0.0 ], [ 106.919879999962177, -6.538020000022851, 0.0 ], [ 106.919920000008204, -6.538160000183737, 0.0 ], [ 106.92002000012306, -6.538419999583169, 0.0 ], [ 106.920169999845754, -6.538789999558716, 0.0 ], [ 106.920339999591505, -6.539129999949314, 0.0 ], [ 106.920450000167534, -6.539450000317117, 0.0 ], [ 106.920740000051097, -6.540259999898925, 0.0 ], [ 106.920900000235051, -6.540409999621613, 0.0 ], [ 106.921049999957646, -6.540500000174667, 0.0 ], [ 106.921159999634398, -6.540509999736557, 0.0 ], [ 106.921600000140103, -6.540489999713586, 0.0 ], [ 106.9217400003009, -6.540509999736557, 0.0 ], [ 106.921829999954682, -6.540620000312671, 0.0 ], [ 106.921939999631434, -6.540819999643102, 0.0 ], [ 106.921999999700432, -6.541050000357043, 0.0 ], [ 106.922070000230519, -6.54122000010279, 0.0 ], [ 106.922199999930228, -6.541369999825477, 0.0 ], [ 106.922489999813806, -6.541710000216163, 0.0 ], [ 106.922560000343978, -6.541899999984881, 0.0 ], [ 106.92264585861966, -6.542526768995085, 0.0 ], [ 106.922659999559556, -6.542630000374086, 0.0 ], [ 106.9227500001126, -6.542709999566689, 0.0 ], [ 106.923109999626973, -6.542900000234688, 0.0 ], [ 106.923539999671448, -6.543090000003318, 0.0 ], [ 106.923490000063609, -6.543290000233206, 0.0 ], [ 106.923389999948753, -6.543339999840949, 0.0 ], [ 106.923280000272001, -6.543370000325091, 0.0 ], [ 106.92308000004212, -6.54335999986392, 0.0 ], [ 106.92293000031944, -6.543299999795007, 0.0 ], [ 106.922580000366949, -6.54313000004926, 0.0 ], [ 106.922440000205967, -6.543179999657092, 0.0 ], [ 106.922340000091111, -6.543290000233206, 0.0 ], [ 106.922309999606966, -6.54337999988698, 0.0 ], [ 106.922309999606966, -6.543729999839467, 0.0 ], [ 106.922280000022198, -6.543840000415493, 0.0 ], [ 106.921609999701914, -6.543910000046296, 0.0 ], [ 106.921480000002191, -6.543959999654039, 0.0 ], [ 106.921130000049615, -6.544199999929869, 0.0 ], [ 106.921060000418819, -6.544320000067785, 0.0 ], [ 106.921009999911703, -6.544609999951359, 0.0 ], [ 106.921029999934674, -6.544810000181158, 0.0 ], [ 106.921099999565484, -6.544890000273131, 0.0 ], [ 106.921279999772395, -6.545019999972848, 0.0 ], [ 106.921629999724885, -6.545169999695624, 0.0 ], [ 106.921910000046651, -6.545249999787508, 0.0 ], [ 106.922620000412891, -6.54530000029462, 0.0 ], [ 106.922839999766296, -6.545400000409565, 0.0 ], [ 106.922999999950235, -6.545519999648111, 0.0 ], [ 106.922999999950235, -6.545579999717024, 0.0 ], [ 106.922939999881237, -6.545630000224136, 0.0 ], [ 106.922739999651441, -6.54571000031611, 0.0 ], [ 106.922480000251994, -6.545849999577715, 0.0 ], [ 106.922380000137053, -6.545940000130681, 0.0 ], [ 106.922380000137053, -6.546029999784455, 0.0 ], [ 106.922429999744892, -6.546089999853457, 0.0 ], [ 106.922540000320907, -6.546230000014344, 0.0 ], [ 106.922560000343978, -6.54635999971406, 0.0 ], [ 106.922659999559556, -6.546729999689518, 0.0 ], [ 106.922759999674412, -6.546829999804462, 0.0 ], [ 106.922859999789353, -6.546860000288603, 0.0 ], [ 106.922950000342411, -6.546809999781491, 0.0 ], [ 106.923189999718858, -6.546579999966831, 0.0 ], [ 106.923369999925782, -6.546410000221172, 0.0 ], [ 106.923499999625406, -6.54635999971406, 0.0 ], [ 106.923630000224492, -6.54635999971406, 0.0 ], [ 106.923710000316376, -6.546419999782973, 0.0 ], [ 106.923750000362418, -6.546479999851975, 0.0 ], [ 106.923730000339447, -6.546640000035833, 0.0 ], [ 106.923599999740361, -6.54700000044949, 0.0 ], [ 106.923619999763332, -6.547099999665065, 0.0 ], [ 106.923710000316376, -6.547370000425037, 0.0 ], [ 106.923770000385389, -6.547540000170695, 0.0 ], [ 106.923770000385389, -6.547819999593187, 0.0 ], [ 106.923710000316376, -6.547930000169213, 0.0 ], [ 106.923490000063609, -6.54828999968359, 0.0 ], [ 106.923209999741829, -6.548779999796963, 0.0 ], [ 106.923069999581031, -6.548839999865965, 0.0 ], [ 106.922910000296469, -6.54891999995785, 0.0 ], [ 106.922859999789353, -6.549029999634595, 0.0 ], [ 106.922790000158543, -6.549340000440509, 0.0 ], [ 106.922759999674412, -6.549619999862912, 0.0 ], [ 106.922830000204485, -6.549820000092801, 0.0 ], [ 106.923089999604002, -6.55023000011429, 0.0 ], [ 106.9232299997648, -6.550459999928862, 0.0 ], [ 106.923220000203003, -6.550609999651638, 0.0 ], [ 106.923140000111118, -6.55088999997341, 0.0 ], [ 106.923160000134089, -6.551010000111237, 0.0 ], [ 106.923269999810842, -6.551050000157179, 0.0 ], [ 106.923639999786388, -6.55127999997184, 0.0 ], [ 106.923690000293405, -6.551429999694527, 0.0 ], [ 106.923670000270434, -6.551569999855502, 0.0 ], [ 106.92357999971739, -6.551629999924415, 0.0 ], [ 106.923470000040638, -6.551649999947387, 0.0 ], [ 106.923300000294972, -6.551680000431528, 0.0 ], [ 106.92324999978787, -6.55173999960116, 0.0 ], [ 106.923240000226059, -6.551850000177186, 0.0 ], [ 106.923300000294972, -6.551999999899962, 0.0 ], [ 106.923530000109551, -6.552389999898391, 0.0 ], [ 106.92365999980936, -6.552610000151251, 0.0 ], [ 106.923739999901244, -6.552850000427082, 0.0 ], [ 106.923770000385389, -6.553290000033343, 0.0 ], [ 106.923819999993128, -6.553470000240171, 0.0 ], [ 106.923909999646895, -6.553610000401058, 0.0 ], [ 106.924029999784906, -6.55366000000889, 0.0 ], [ 106.924109999876791, -6.553650000447, 0.0 ], [ 106.924189999968675, -6.553570000355116, 0.0 ], [ 106.924259999599471, -6.553379999687117, 0.0 ], [ 106.924350000152529, -6.553160000333627, 0.0 ], [ 106.924559999944222, -6.552830000404022, 0.0 ], [ 106.924689999643931, -6.552739999850967, 0.0 ], [ 106.924769999735901, -6.552739999850967, 0.0 ], [ 106.924840000265988, -6.552819999942852, 0.0 ], [ 106.924909999896698, -6.552989999688599, 0.0 ], [ 106.924969999965711, -6.553310000056314, 0.0 ], [ 106.925019999573536, -6.553539999870974, 0.0 ], [ 106.925110000126594, -6.553809999731488, 0.0 ], [ 106.925210000241535, -6.553920000307603, 0.0 ], [ 106.925649999847792, -6.554339999890981, 0.0 ], [ 106.925689999893734, -6.55448999961358, 0.0 ], [ 106.925669999870763, -6.554649999797526, 0.0 ], [ 106.925580000216996, -6.554830000004355, 0.0 ], [ 106.925429999595025, -6.555039999796044, 0.0 ], [ 106.92531000035639, -6.55515000037207, 0.0 ], [ 106.925190000218478, -6.555139999910899, 0.0 ], [ 106.925110000126594, -6.555090000303068, 0.0 ], [ 106.924900000334901, -6.554820000442554, 0.0 ], [ 106.924909999896698, -6.55472000032761, 0.0 ], [ 106.924989999988682, -6.554600000189694, 0.0 ], [ 106.925159999734333, -6.554339999890981, 0.0 ], [ 106.925090000103623, -6.554210000191176, 0.0 ], [ 106.924999999550479, -6.554099999615151, 0.0 ], [ 106.92488000031193, -6.554050000007319, 0.0 ], [ 106.924809999781843, -6.55407000003029, 0.0 ], [ 106.924769999735901, -6.554150000122263, 0.0 ], [ 106.924729999689959, -6.554359999913952, 0.0 ], [ 106.924689999643931, -6.554520000097721, 0.0 ], [ 106.924379999737397, -6.554569999705553, 0.0 ], [ 106.924259999599471, -6.554580000166723, 0.0 ], [ 106.924129999899762, -6.554529999659611, 0.0 ], [ 106.924040000245981, -6.554430000444036, 0.0 ], [ 106.92379000040836, -6.554090000053261, 0.0 ], [ 106.923670000270434, -6.55407000003029, 0.0 ], [ 106.923559999694419, -6.554099999615151, 0.0 ], [ 106.92324999978787, -6.554290000283149, 0.0 ], [ 106.92318000015706, -6.554339999890981, 0.0 ], [ 106.922580000366949, -6.554769999935353, 0.0 ], [ 106.922500000274965, -6.554879999612098, 0.0 ], [ 106.922449999767863, -6.5549399996811, 0.0 ], [ 106.92232000006814, -6.555280000071786, 0.0 ], [ 106.922289999583995, -6.55558000041653, 0.0 ], [ 106.922289999583995, -6.555650000047333, 0.0 ], [ 106.922219999953199, -6.556060000068822, 0.0 ], [ 106.922119999838259, -6.556249999837451, 0.0 ], [ 106.921999999700432, -6.556349999952396, 0.0 ], [ 106.921899999585492, -6.556360000413477, 0.0 ], [ 106.921640000186045, -6.556329999929424, 0.0 ], [ 106.921569999655972, -6.556260000298622, 0.0 ], [ 106.921410000371395, -6.556040000045851, 0.0 ], [ 106.921339999841308, -6.556060000068822, 0.0 ], [ 106.921330000279426, -6.556149999722507, 0.0 ], [ 106.921359999864279, -6.556329999929424, 0.0 ], [ 106.921470000440394, -6.556579999766967, 0.0 ], [ 106.921470000440394, -6.556739999950914, 0.0 ], [ 106.921450000417337, -6.556840000065769, 0.0 ], [ 106.921350000302397, -6.556920000157742, 0.0 ], [ 106.921250000187541, -6.556940000180713, 0.0 ], [ 106.921199999680425, -6.556880000111711, 0.0 ], [ 106.920889999773877, -6.556499999675083, 0.0 ], [ 106.920769999635965, -6.556459999629141, 0.0 ], [ 106.920670000420301, -6.556499999675083, 0.0 ], [ 106.9205999998903, -6.556599999790027, 0.0 ], [ 106.920430000144563, -6.556789999558656, 0.0 ], [ 106.920069999730899, -6.556949999742514, 0.0 ], [ 106.919890000423351, -6.557040000295657, 0.0 ], [ 106.919810000331466, -6.557140000410513, 0.0 ], [ 106.919779999847236, -6.55727999967203, 0.0 ], [ 106.919830000354438, -6.557359999764003, 0.0 ], [ 106.919960000054147, -6.557450000317058, 0.0 ], [ 106.920049999707928, -6.557530000409031, 0.0 ], [ 106.920209999891782, -6.557629999624606, 0.0 ], [ 106.920310000006637, -6.557789999808463, 0.0 ], [ 106.92030000044484, -6.557889999923407, 0.0 ], [ 106.920240000375927, -6.558010000061323, 0.0 ], [ 106.920149999822783, -6.558050000107265, 0.0 ], [ 106.92002000012306, -6.558050000107265, 0.0 ], [ 106.919639999686439, -6.558010000061323, 0.0 ], [ 106.919550000032672, -6.558039999646095, 0.0 ], [ 106.919559999594469, -6.558130000199149, 0.0 ], [ 106.919630000124556, -6.558290000383096, 0.0 ], [ 106.919710000216526, -6.558489999713615, 0.0 ], [ 106.919699999755352, -6.558640000335583, 0.0 ], [ 106.919630000124556, -6.558739999551157, 0.0 ], [ 106.919469999940688, -6.558890000173214, 0.0 ], [ 106.919380000286921, -6.558999999849959, 0.0 ], [ 106.919320000218008, -6.55922999966462, 0.0 ], [ 106.919349999802776, -6.55944000035559, 0.0 ], [ 106.919420000332948, -6.559539999571165, 0.0 ], [ 106.919447274971944, -6.559561819821926, 0.0 ], [ 106.919570000055643, -6.55965999970908, 0.0 ], [ 106.919819999893264, -6.559750000262135, 0.0 ], [ 106.920069999730899, -6.559899999984822, 0.0 ], [ 106.920029999684957, -6.559980000076795, 0.0 ], [ 106.919879999962177, -6.56008999975354, 0.0 ], [ 106.919670000170498, -6.560180000306595, 0.0 ], [ 106.91944000035592, -6.560220000352537, 0.0 ], [ 106.91922999966495, -6.56028999998334, 0.0 ], [ 106.919169999595951, -6.560390000098284, 0.0 ], [ 106.919189999618922, -6.560490000213139, 0.0 ], [ 106.919240000126123, -6.560550000282142, 0.0 ], [ 106.919320000218008, -6.560550000282142, 0.0 ], [ 106.919469999940688, -6.560490000213139, 0.0 ], [ 106.919730000239497, -6.560399999660085, 0.0 ], [ 106.919830000354438, -6.560410000121255, 0.0 ], [ 106.919940000031175, -6.560470000190168, 0.0 ], [ 106.92002000012306, -6.560570000305113, 0.0 ], [ 106.920069999730899, -6.5607200000278, 0.0 ], [ 106.92008999975387, -6.560789999658603, 0.0 ], [ 106.92008999975387, -6.560969999865431, 0.0 ], [ 106.920049999707928, -6.561179999657121, 0.0 ], [ 106.919799999870293, -6.561270000210175, 0.0 ], [ 106.919340000240979, -6.561299999794947, 0.0 ], [ 106.919289999733863, -6.56137999988692, 0.0 ], [ 106.91903000033443, -6.561950000092267, 0.0 ], [ 106.918919999758401, -6.561990000138209, 0.0 ], [ 106.918810000081663, -6.561970000115238, 0.0 ], [ 106.918729999989694, -6.561950000092267, 0.0 ], [ 106.918620000312941, -6.561899999585155, 0.0 ], [ 106.918210000291452, -6.561760000323638, 0.0 ], [ 106.917929999969687, -6.561700000254636, 0.0 ], [ 106.917840000315906, -6.561769999885438, 0.0 ], [ 106.91778999980879, -6.561879999562183, 0.0 ], [ 106.917780000246992, -6.56201000016118, 0.0 ], [ 106.917840000315906, -6.562150000322067, 0.0 ], [ 106.917929999969687, -6.56223000041404, 0.0 ], [ 106.918070000130569, -6.562349999652586, 0.0 ], [ 106.918030000084627, -6.562429999744559, 0.0 ], [ 106.917970000015629, -6.562469999790501, 0.0 ], [ 106.917700000155023, -6.562520000297614, 0.0 ], [ 106.917589999578993, -6.562629999974359, 0.0 ], [ 106.917330000179561, -6.562859999789019, 0.0 ], [ 106.917179999557504, -6.562839999766048, 0.0 ], [ 106.916969999765811, -6.562699999605073, 0.0 ], [ 106.916739999951247, -6.562549999882474, 0.0 ], [ 106.916510000136583, -6.562489999813472, 0.0 ], [ 106.91628999988373, -6.562509999836443, 0.0 ], [ 106.916280000321919, -6.562589999928417, 0.0 ], [ 106.916340000390932, -6.562730000089303, 0.0 ], [ 106.916410000021642, -6.562890000273072, 0.0 ], [ 106.916410000021642, -6.562999999949817, 0.0 ], [ 106.916320000367861, -6.563010000411076, 0.0 ], [ 106.916109999676891, -6.562950000342074, 0.0 ], [ 106.915910000346372, -6.56287999981199, 0.0 ], [ 106.915739999701344, -6.562870000250101, 0.0 ], [ 106.915670000070634, -6.562930000319103, 0.0 ], [ 106.915500000324883, -6.56306999958062, 0.0 ], [ 106.915349999702926, -6.563039999995848, 0.0 ], [ 106.915170000395364, -6.563019999972877, 0.0 ], [ 106.914939999681422, -6.563060000018819, 0.0 ], [ 106.914870000050627, -6.563129999649622, 0.0 ], [ 106.914870000050627, -6.563189999718535, 0.0 ], [ 106.914919999658451, -6.563289999833479, 0.0 ], [ 106.915059999819348, -6.563470000040308, 0.0 ], [ 106.915019999773307, -6.563610000201194, 0.0 ], [ 106.914919999658451, -6.563819999992884, 0.0 ], [ 106.914729999889744, -6.564000000199712, 0.0 ], [ 106.914689999843802, -6.563929999669629, 0.0 ], [ 106.914629999774803, -6.563770000385052, 0.0 ], [ 106.914540000121022, -6.563779999946853, 0.0 ], [ 106.914259999799341, -6.563840000015855, 0.0 ], [ 106.913869999800824, -6.564049999807455, 0.0 ], [ 106.91370999961697, -6.5641499999224, 0.0 ], [ 106.91363999998616, -6.564129999899428, 0.0 ], [ 106.913499999825362, -6.564100000314657, 0.0 ], [ 106.913450000217523, -6.564020000222683, 0.0 ], [ 106.913419999733392, -6.563909999646658, 0.0 ], [ 106.913330000079611, -6.563659999808937, 0.0 ], [ 106.91322999996467, -6.563679999831908, 0.0 ], [ 106.913100000264961, -6.563790000408023, 0.0 ], [ 106.912969999665876, -6.56394000013071, 0.0 ], [ 106.912969999665876, -6.564029999784484, 0.0 ], [ 106.912980000127135, -6.564209999991402, 0.0 ], [ 106.912945099237135, -6.564251881418972, 0.0 ], [ 106.912929999619934, -6.564270000060315, 0.0 ], [ 106.91279999992021, -6.564339999691029, 0.0 ], [ 106.912530000059604, -6.56439000019823, 0.0 ], [ 106.912389999898807, -6.564330000129228, 0.0 ], [ 106.912229999714867, -6.564230000014373, 0.0 ], [ 106.912160000084057, -6.564270000060315, 0.0 ], [ 106.912160000084057, -6.564410000221201, 0.0 ], [ 106.912100000015144, -6.564880000311604, 0.0 ], [ 106.912039999946231, -6.564840000265662, 0.0 ], [ 106.911990000338406, -6.564740000150717, 0.0 ], [ 106.911930000269493, -6.564769999735489, 0.0 ], [ 106.911859999739406, -6.564789999758549, 0.0 ], [ 106.911730000039682, -6.564929999919435, 0.0 ], [ 106.911719999578523, -6.565000000449519, 0.0 ], [ 106.911699999555552, -6.565130000149235, 0.0 ], [ 106.911689999993655, -6.565279999871922, 0.0 ], [ 106.911549999832772, -6.565350000402006, 0.0 ], [ 106.911420000133063, -6.565359999963807, 0.0 ], [ 106.911329999580005, -6.565379999986867, 0.0 ], [ 106.911090000203544, -6.565600000239638, 0.0 ], [ 106.910970000065618, -6.565749999962325, 0.0 ], [ 106.910829999904735, -6.565930000169242, 0.0 ], [ 106.910769999835821, -6.566039999845898, 0.0 ], [ 106.910669999720881, -6.566119999937872, 0.0 ], [ 106.910629999674939, -6.566180000006874, 0.0 ], [ 106.910600000090085, -6.566389999798474, 0.0 ], [ 106.910549999582969, -6.566549999982332, 0.0 ], [ 106.91031999976839, -6.566679999682137, 0.0 ], [ 106.910080000391844, -6.566790000258163, 0.0 ], [ 106.909980000276988, -6.566859999888965, 0.0 ], [ 106.90992000020799, -6.567000000049763, 0.0 ], [ 106.909900000185019, -6.567209999841452, 0.0 ], [ 106.909800000070078, -6.567459999679084, 0.0 ], [ 106.909710000416297, -6.567539999770968, 0.0 ], [ 106.909690000393326, -6.567630000324112, 0.0 ], [ 106.90965999990928, -6.567769999585629, 0.0 ], [ 106.909639999886309, -6.567900000184714, 0.0 ], [ 106.90959000027847, -6.56802999988443, 0.0 ], [ 106.909559999794325, -6.568100000414514, 0.0 ], [ 106.909519999748298, -6.56823000011423, 0.0 ], [ 106.909499999725327, -6.568410000321059, 0.0 ], [ 106.909450000117587, -6.568589999628607, 0.0 ], [ 106.909419999633442, -6.568680000181661, 0.0 ], [ 106.90930999995669, -6.568820000342548, 0.0 ], [ 106.909300000394893, -6.568979999627125, 0.0 ], [ 106.909300000394893, -6.569279999971869, 0.0 ], [ 106.909260000348951, -6.569440000155726, 0.0 ], [ 106.909220000302923, -6.569540000270671, 0.0 ], [ 106.909069999680952, -6.569719999578219, 0.0 ], [ 106.908910000396375, -6.570010000361073, 0.0 ], [ 106.908960000004214, -6.570070000429986, 0.0 ], [ 106.908690000143608, -6.570180000106731, 0.0 ], [ 106.908650000097666, -6.570280000221675, 0.0 ], [ 106.908579999567493, -6.570349999852478, 0.0 ] ] ] ] } },
{ "type": "Feature", "properties": { "PROVNO": "32", "KABKOTNO": "01", "KECNO": "200", "DESANO": "003", "PROVINSI": "JAWA BARAT", "KABKOT": "BOGOR", "KECAMATAN": "CITEUREUP", "ID2013": "3201200003", "DESA": "TAJUR", "DESA_1": "TAJUR", "ID2012": "3201200003", "IDKAB2": "3201", "IDKEC_2": "3201200", "WILAYAH": "TENGAH" }, "geometry": { "type": "MultiPolygon", "coordinates": [ [ [ [ 106.935219999603476, -6.531599999839912, 0.0 ], [ 106.935210000041678, -6.531760000023858, 0.0 ], [ 106.935169999995651, -6.532089999953374, 0.0 ], [ 106.935100000364926, -6.532459999928921, 0.0 ], [ 106.935049999857725, -6.532689999743493, 0.0 ], [ 106.935089999903767, -6.532979999627155, 0.0 ], [ 106.935124825250725, -6.533279491854884, 0.0 ], [ 106.935140000410868, -6.533409999671527, 0.0 ], [ 106.935179999557533, -6.533790000108244, 0.0 ], [ 106.935259999649418, -6.534200000129733, 0.0 ], [ 106.935319999718416, -6.534369999875391, 0.0 ], [ 106.935450000317417, -6.534539999621138, 0.0 ], [ 106.935587604684343, -6.5346280666318, 0.0 ], [ 106.935700000155052, -6.534699999804996, 0.0 ], [ 106.935820000292964, -6.534819999942911, 0.0 ], [ 106.935829999854761, -6.535020000172711, 0.0 ], [ 106.935814952398331, -6.535087714626133, 0.0 ], [ 106.935789999808819, -6.53520000037954, 0.0 ], [ 106.935720000178023, -6.535319999618174, 0.0 ], [ 106.935589999579022, -6.535370000125198, 0.0 ], [ 106.935459999879214, -6.535370000125198, 0.0 ], [ 106.935279999672474, -6.535319999618174, 0.0 ], [ 106.935029999834754, -6.53520000037954, 0.0 ], [ 106.934800000020189, -6.535109999826485, 0.0 ], [ 106.934610000251467, -6.535049999757483, 0.0 ], [ 106.934510811325055, -6.535058266325802, 0.0 ], [ 106.934490000113641, -6.535060000218653, 0.0 ], [ 106.934340000390861, -6.535100000264684, 0.0 ], [ 106.934100000115123, -6.535220000402511, 0.0 ], [ 106.933899999885327, -6.535439999756001, 0.0 ], [ 106.933699999655431, -6.535809999731548, 0.0 ], [ 106.933650000047606, -6.536170000145205, 0.0 ], [ 106.93352999990978, -6.536560000143723, 0.0 ], [ 106.933329999679884, -6.537010000211154, 0.0 ], [ 106.933086155701716, -6.537226751213456, 0.0 ], [ 106.933059999819278, -6.537249999587615, 0.0 ], [ 106.932609999751861, -6.537699999655135, 0.0 ], [ 106.932284399305786, -6.537977952220544, 0.0 ], [ 106.932213780941382, -6.538038234676637, 0.0 ], [ 106.932199999730358, -6.538049999607622, 0.0 ], [ 106.932079999592446, -6.538169999745538, 0.0 ], [ 106.931880000261927, -6.538419999583169, 0.0 ], [ 106.931820000193014, -6.53865000029711, 0.0 ], [ 106.931710198367071, -6.539144111211606, 0.0 ], [ 106.931700000055102, -6.539190000018316, 0.0 ], [ 106.931630000424391, -6.539530000409091, 0.0 ], [ 106.931610000401321, -6.539820000292575, 0.0 ], [ 106.931639999986189, -6.540010000061294, 0.0 ], [ 106.93172999963997, -6.540310000406038, 0.0 ], [ 106.931889999823824, -6.540669999920414, 0.0 ], [ 106.931890455780064, -6.54067059527156, 0.0 ], [ 106.932119999638473, -6.540970000265158, 0.0 ], [ 106.932330000329443, -6.541149999572706, 0.0 ], [ 106.932440000006196, -6.541249999687562, 0.0 ], [ 106.932509999636906, -6.541380000286647, 0.0 ], [ 106.932525994079569, -6.541486623908401, 0.0 ], [ 106.932540000121051, -6.541579999617078, 0.0 ], [ 106.932569999705919, -6.541770000285076, 0.0 ], [ 106.932620000213021, -6.541839999915879, 0.0 ], [ 106.932918892592937, -6.542120211578286, 0.0 ], [ 106.932939999681452, -6.542140000260623, 0.0 ], [ 106.933269999610971, -6.542470000190139, 0.0 ], [ 106.933420000233028, -6.542659999958857, 0.0 ], [ 106.933532221235211, -6.542893073656266, 0.0 ], [ 106.933549999932751, -6.54292999981946, 0.0 ], [ 106.933596485889254, -6.543049535907155, 0.0 ], [ 106.933690000093549, -6.543290000233206, 0.0 ], [ 106.933819999793343, -6.543669999770465, 0.0 ], [ 106.933930000369372, -6.543990000138269, 0.0 ], [ 106.933990000438371, -6.544289999583643, 0.0 ], [ 106.934120000138094, -6.545010000411047, 0.0 ], [ 106.934189999768904, -6.545420000432536, 0.0 ], [ 106.934240000275921, -6.545530000109281, 0.0 ], [ 106.934419999583469, -6.545739999900881, 0.0 ], [ 106.934559119308091, -6.545861729435067, 0.0 ], [ 106.934574958167929, -6.545875588887142, 0.0 ], [ 106.934579999767323, -6.545880000061768, 0.0 ], [ 106.934659999859292, -6.546000000199683, 0.0 ], [ 106.934699999905234, -6.54616999994543, 0.0 ], [ 106.934694264928567, -6.546229259872263, 0.0 ], [ 106.934690912255945, -6.546263905354834, 0.0 ], [ 106.934670000320381, -6.546479999851975, 0.0 ], [ 106.934510000136612, -6.546889999873464, 0.0 ], [ 106.934340000390861, -6.547259999848922, 0.0 ], [ 106.934280000321863, -6.547429999594669, 0.0 ], [ 106.934249999837817, -6.547620000262668, 0.0 ], [ 106.934269999860788, -6.54785999963913, 0.0 ], [ 106.934269999860788, -6.548030000284157, 0.0 ], [ 106.934149999722862, -6.548170000444955, 0.0 ], [ 106.933549999932751, -6.548690000143189, 0.0 ], [ 106.933369999725826, -6.548890000373078, 0.0 ], [ 106.933280000072145, -6.549060000118736, 0.0 ], [ 106.933260000049174, -6.549260000348536, 0.0 ], [ 106.933300000095116, -6.549419999633113, 0.0 ], [ 106.933440000255999, -6.549749999562628, 0.0 ], [ 106.933580000416796, -6.550000000299629, 0.0 ], [ 106.933719999678402, -6.550319999768064, 0.0 ], [ 106.933790000208489, -6.55064000013569, 0.0 ], [ 106.933839999816314, -6.55086000038855, 0.0 ], [ 106.933830000254517, -6.551190000318154, 0.0 ], [ 106.933799999770372, -6.551449999717498, 0.0 ], [ 106.933830000254517, -6.551629999924415, 0.0 ], [ 106.93390350004664, -6.551767199596483, 0.0 ], [ 106.933979999977211, -6.551910000246188, 0.0 ], [ 106.934104877138537, -6.552034877407511, 0.0 ], [ 106.934188464626132, -6.552118464895109, 0.0 ], [ 106.934229999814846, -6.55216000008382, 0.0 ], [ 106.934316278973228, -6.5522175189232, 0.0 ], [ 106.93443999960644, -6.552300000244617, 0.0 ], [ 106.93465000029741, -6.552320000267589, 0.0 ], [ 106.934840000066131, -6.552289999783536, 0.0 ], [ 106.935009999811783, -6.552249999737505, 0.0 ], [ 106.935120000387897, -6.552120000037789, 0.0 ], [ 106.935210000041678, -6.551890000223217, 0.0 ], [ 106.935299999695445, -6.551810000131244, 0.0 ], [ 106.935459999879214, -6.551799999670074, 0.0 ], [ 106.935580000017225, -6.551819999693045, 0.0 ], [ 106.935820000292964, -6.551970000315102, 0.0 ], [ 106.935990000038629, -6.552109999576619, 0.0 ], [ 106.936079999692396, -6.552200000129762, 0.0 ], [ 106.93615999978428, -6.552400000359562, 0.0 ], [ 106.936220438722401, -6.552569227587615, 0.0 ], [ 106.936259999899306, -6.552679999782054, 0.0 ], [ 106.936288907707109, -6.552757088768448, 0.0 ], [ 106.936380000037133, -6.55300000014968, 0.0 ], [ 106.936489999713885, -6.553120000287596, 0.0 ], [ 106.936617714236306, -6.553237888817378, 0.0 ], [ 106.936620000312971, -6.553240000425511, 0.0 ], [ 106.936662328703719, -6.553241763996045, 0.0 ], [ 106.936859999689432, -6.553249999987401, 0.0 ], [ 106.937079999942199, -6.553339999641086, 0.0 ], [ 106.937160000034169, -6.55343000019414, 0.0 ], [ 106.937200000080111, -6.553760000123745, 0.0 ], [ 106.937200000080111, -6.553882521960688, 0.0 ], [ 106.937200000080111, -6.553882548040981, 0.0 ], [ 106.937200000080111, -6.553929999869403, 0.0 ], [ 106.937130000449315, -6.554079999592179, 0.0 ], [ 106.937010000311403, -6.554279999821979, 0.0 ], [ 106.936839999666375, -6.554449999567638, 0.0 ], [ 106.936480000152088, -6.554709999866439, 0.0 ], [ 106.936199999830308, -6.554910000096239, 0.0 ], [ 106.936079999692396, -6.555030000234154, 0.0 ], [ 106.936039999646454, -6.555099999864957, 0.0 ], [ 106.936043781295666, -6.555120794888616, 0.0 ], [ 106.936059999669425, -6.555210000440983, 0.0 ], [ 106.936099999715367, -6.555389999748531, 0.0 ], [ 106.93619000026851, -6.555529999909417, 0.0 ], [ 106.936319999968219, -6.555589999978331, 0.0 ], [ 106.936513236396948, -6.555598402344245, 0.0 ], [ 106.936549999782798, -6.555600000439501, 0.0 ], [ 106.936576325637091, -6.555595460661792, 0.0 ], [ 106.936839999666375, -6.555549999932389, 0.0 ], [ 106.937110000426344, -6.555520000347617, 0.0 ], [ 106.937320000218037, -6.555520000347617, 0.0 ], [ 106.937639999686382, -6.555540000370588, 0.0 ], [ 106.937910000446351, -6.555560000393559, 0.0 ], [ 106.938060000169031, -6.555650000047333, 0.0 ], [ 106.938220000352899, -6.555830000254161, 0.0 ], [ 106.938280000421898, -6.556040000045851, 0.0 ], [ 106.938299661400436, -6.556393897660087, 0.0 ], [ 106.938300000444869, -6.556399999560227, 0.0 ], [ 106.93829182740609, -6.556418163167557, 0.0 ], [ 106.938209999891725, -6.556599999790027, 0.0 ], [ 106.938020000123089, -6.556940000180713, 0.0 ], [ 106.937870000400409, -6.55727999967203, 0.0 ], [ 106.937750000262497, -6.557609999601635, 0.0 ], [ 106.937690000193498, -6.557880000361607, 0.0 ], [ 106.937690000193498, -6.558090000153207, 0.0 ], [ 106.937719999778352, -6.558239999875894, 0.0 ], [ 106.937859999939235, -6.558449999667584, 0.0 ], [ 106.938020000123089, -6.558689999943415, 0.0 ], [ 106.938049348598753, -6.558716681029821, 0.0 ], [ 106.938129999799841, -6.55879000005827, 0.0 ], [ 106.938229999914697, -6.558850000127183, 0.0 ], [ 106.937770000285468, -6.559110000425985, 0.0 ], [ 106.936850000127635, -6.559380000286676, 0.0 ], [ 106.936319999968219, -6.559570000055306, 0.0 ], [ 106.935290000133563, -6.559890000423021, 0.0 ], [ 106.933799999770372, -6.56028999998334, 0.0 ], [ 106.93313000034945, -6.560470000190168, 0.0 ], [ 106.932359999914226, -6.560659999958887, 0.0 ], [ 106.931720000078073, -6.560840000165715, 0.0 ], [ 106.931020000173007, -6.560969999865431, 0.0 ], [ 106.930460000428837, -6.561179999657121, 0.0 ], [ 106.930309999806781, -6.561130000049289, 0.0 ], [ 106.930180000107057, -6.561170000095231, 0.0 ], [ 106.929790000108625, -6.561279999771976, 0.0 ], [ 106.929730000039626, -6.561250000187204, 0.0 ], [ 106.92952999980983, -6.561110000026318, 0.0 ], [ 106.929400000110121, -6.561040000395604, 0.0 ], [ 106.929279999972195, -6.561069999980376, 0.0 ], [ 106.928470000390391, -6.561179999657121, 0.0 ], [ 106.928430000344449, -6.561259999749005, 0.0 ], [ 106.928330000229508, -6.561439999955923, 0.0 ], [ 106.927909999746845, -6.561879999562183, 0.0 ], [ 106.9273999996105, -6.562770000135245, 0.0 ], [ 106.927120000188012, -6.56373000033911, 0.0 ], [ 106.926839999866232, -6.564189999968431, 0.0 ], [ 106.926159999984151, -6.565379999986867, 0.0 ], [ 106.925870000100574, -6.565769999985385, 0.0 ], [ 106.925560000194025, -6.5660900003531, 0.0 ], [ 106.925119999688391, -6.566440000305587, 0.0 ], [ 106.92474999971293, -6.566610000051334, 0.0 ], [ 106.924129999899762, -6.56696999956571, 0.0 ], [ 106.923639999786388, -6.567280000371536, 0.0 ], [ 106.92308000004212, -6.567670000370054, 0.0 ], [ 106.922480000251994, -6.568159999584147, 0.0 ], [ 106.922059999769345, -6.568549999582665, 0.0 ], [ 106.921480000002191, -6.569079999742069, 0.0 ], [ 106.921049999957646, -6.56950000022464, 0.0 ], [ 106.920760000074068, -6.569910000246217, 0.0 ], [ 106.920590000328417, -6.570650000197222, 0.0 ], [ 106.920459999729331, -6.570679999781994, 0.0 ], [ 106.920339999591505, -6.570710000266136, 0.0 ], [ 106.920220000352955, -6.570839999965852, 0.0 ], [ 106.920160000283957, -6.570900000034854, 0.0 ], [ 106.919859999939206, -6.570909999596655, 0.0 ], [ 106.919699999755352, -6.570900000034854, 0.0 ], [ 106.919599999640496, -6.570909999596655, 0.0 ], [ 106.919340000240979, -6.570920000057825, 0.0 ], [ 106.919240000126123, -6.570920000057825, 0.0 ], [ 106.9191100004264, -6.570980000126738, 0.0 ], [ 106.918939999781372, -6.571149999872397, 0.0 ], [ 106.91889999973543, -6.571220000402569, 0.0 ], [ 106.918850000127605, -6.571299999595173, 0.0 ], [ 106.918850000127605, -6.571450000217141, 0.0 ], [ 106.918799999620404, -6.571570000355056, 0.0 ], [ 106.918680000381855, -6.571669999570631, 0.0 ], [ 106.91850000017503, -6.571800000169716, 0.0 ], [ 106.918409999621971, -6.571929999869432, 0.0 ], [ 106.918369999576029, -6.572119999638151, 0.0 ], [ 106.918360000014133, -6.572210000191205, 0.0 ], [ 106.918239999876306, -6.572290000283179, 0.0 ], [ 106.918159999784336, -6.572350000352092, 0.0 ], [ 106.918119999738394, -6.572469999590638, 0.0 ], [ 106.917949999992658, -6.572689999843497, 0.0 ], [ 106.917889999923744, -6.572809999981324, 0.0 ], [ 106.917860000338877, -6.572899999635098, 0.0 ], [ 106.917620000063138, -6.572870000050326, 0.0 ], [ 106.917490000363415, -6.572890000073297, 0.0 ], [ 106.917419999833328, -6.57297000016527, 0.0 ], [ 106.917390000248474, -6.5731599999339, 0.0 ], [ 106.917479999902241, -6.573249999587674, 0.0 ], [ 106.917530000409357, -6.573340000140728, 0.0 ], [ 106.917530000409357, -6.57340000020973, 0.0 ], [ 106.917499999925212, -6.573520000347557, 0.0 ], [ 106.916889999673927, -6.573360000163699, 0.0 ], [ 106.91687857288801, -6.573358961446765, 0.0 ], [ 106.916670000320437, -6.573340000140728, 0.0 ], [ 106.916550000182525, -6.573349999702529, 0.0 ], [ 106.916459999629467, -6.573409999771531, 0.0 ], [ 106.916410000021642, -6.573469999840444, 0.0 ], [ 106.916389999998671, -6.573529999909358, 0.0 ], [ 106.916360000413903, -6.573639999586103, 0.0 ], [ 106.916340000390932, -6.573730000139246, 0.0 ], [ 106.916280000321919, -6.573870000300133, 0.0 ], [ 106.916149999722933, -6.573990000438048, 0.0 ], [ 106.916000000000153, -6.574069999630652, 0.0 ], [ 106.915890000323401, -6.574100000114793, 0.0 ], [ 106.915710000116576, -6.574060000068851, 0.0 ], [ 106.915489999863809, -6.573990000438048, 0.0 ], [ 106.91532825589448, -6.573927790734793, 0.0 ], [ 106.915229999565, -6.573890000323104, 0.0 ], [ 106.915050000257452, -6.573830000254102, 0.0 ], [ 106.914879999612509, -6.573810000231131, 0.0 ], [ 106.914620000212992, -6.573779999747078, 0.0 ], [ 106.914370000375456, -6.573739999701047, 0.0 ], [ 106.914250000237445, -6.573699999655105, 0.0 ], [ 106.914159999684387, -6.573619999563132, 0.0 ], [ 106.914119999638444, -6.573520000347557, 0.0 ], [ 106.914130000099618, -6.573429999794502, 0.0 ], [ 106.914179999707457, -6.573289999633616, 0.0 ], [ 106.914259999799341, -6.573110000326068, 0.0 ], [ 106.914370000375456, -6.572850000027266, 0.0 ], [ 106.914410000421398, -6.572709999866468, 0.0 ], [ 106.914399999960224, -6.572589999728553, 0.0 ], [ 106.914370000375456, -6.572489999613609, 0.0 ], [ 106.914339999891226, -6.572419999982895, 0.0 ], [ 106.914270000260501, -6.572330000329121, 0.0 ], [ 106.914163399121747, -6.572241166196715, 0.0 ], [ 106.914150000122589, -6.572230000214176, 0.0 ], [ 106.914009999961706, -6.57209999961518, 0.0 ], [ 106.913820000192985, -6.571949999892404, 0.0 ], [ 106.913660000009131, -6.57186999980043, 0.0 ], [ 106.913470000240494, -6.571829999754488, 0.0 ], [ 106.91331000005664, -6.571829999754488, 0.0 ], [ 106.913149999872786, -6.57186999980043, 0.0 ], [ 106.913000000150106, -6.571940000330603, 0.0 ], [ 106.912770000335442, -6.57207999959212, 0.0 ], [ 106.912570000105546, -6.572170000145174, 0.0 ], [ 106.912389999898807, -6.572230000214176, 0.0 ], [ 106.912189999668925, -6.572230000214176, 0.0 ], [ 106.912010000361462, -6.572179999707064, 0.0 ], [ 106.911810000131567, -6.572040000445458, 0.0 ], [ 106.911680000431858, -6.571920000307632, 0.0 ], [ 106.911580000316917, -6.571749999662604, 0.0 ], [ 106.911529999809801, -6.571579999916857, 0.0 ], [ 106.911546960124284, -6.571444321897815, 0.0 ], [ 106.911549999832772, -6.571419999733088, 0.0 ], [ 106.911549999832772, -6.571209999941399, 0.0 ], [ 106.911540000270975, -6.571009999711599, 0.0 ], [ 106.911529999809801, -6.570819999942881, 0.0 ], [ 106.91150999978683, -6.570699999804965, 0.0 ], [ 106.911409999671974, -6.570619999713081, 0.0 ], [ 106.911309999557034, -6.570550000082278, 0.0 ], [ 106.911190000318399, -6.570550000082278, 0.0 ], [ 106.911039999696428, -6.570570000105249, 0.0 ], [ 106.910900000434822, -6.570619999713081, 0.0 ], [ 106.91078000029691, -6.570719999828025, 0.0 ], [ 106.910560000044143, -6.570859999988823, 0.0 ], [ 106.910439999906217, -6.570929999619626, 0.0 ], [ 106.910339999791361, -6.570929999619626, 0.0 ], [ 106.910170000045611, -6.570889999573595, 0.0 ], [ 106.910000000299959, -6.57081000038108, 0.0 ], [ 106.909945557141896, -6.570777828933529, 0.0 ], [ 106.909780000047107, -6.570679999781994, 0.0 ], [ 106.909599999840268, -6.57061000015128, 0.0 ], [ 106.909410000071645, -6.570559999644079, 0.0 ], [ 106.909180000256981, -6.570519999598137, 0.0 ], [ 106.909009999611953, -6.570460000428504, 0.0 ], [ 106.908790000258463, -6.570389999898421, 0.0 ], [ 106.908579999567493, -6.570349999852478, 0.0 ], [ 106.908650000097666, -6.570280000221675, 0.0 ], [ 106.908690000143608, -6.570180000106731, 0.0 ], [ 106.908960000004214, -6.570070000429986, 0.0 ], [ 106.908910000396375, -6.570010000361073, 0.0 ], [ 106.909069999680952, -6.569719999578219, 0.0 ], [ 106.909220000302923, -6.569540000270671, 0.0 ], [ 106.909260000348951, -6.569440000155726, 0.0 ], [ 106.909300000394893, -6.569279999971869, 0.0 ], [ 106.909300000394893, -6.568979999627125, 0.0 ], [ 106.90930999995669, -6.568820000342548, 0.0 ], [ 106.909419999633442, -6.568680000181661, 0.0 ], [ 106.909450000117587, -6.568589999628607, 0.0 ], [ 106.909499999725327, -6.568410000321059, 0.0 ], [ 106.909519999748298, -6.56823000011423, 0.0 ], [ 106.909559999794325, -6.568100000414514, 0.0 ], [ 106.90959000027847, -6.56802999988443, 0.0 ], [ 106.909639999886309, -6.567900000184714, 0.0 ], [ 106.90965999990928, -6.567769999585629, 0.0 ], [ 106.909690000393326, -6.567630000324112, 0.0 ], [ 106.909710000416297, -6.567539999770968, 0.0 ], [ 106.909800000070078, -6.567459999679084, 0.0 ], [ 106.909900000185019, -6.567209999841452, 0.0 ], [ 106.90992000020799, -6.567000000049763, 0.0 ], [ 106.909980000276988, -6.566859999888965, 0.0 ], [ 106.910080000391844, -6.566790000258163, 0.0 ], [ 106.91031999976839, -6.566679999682137, 0.0 ], [ 106.910549999582969, -6.566549999982332, 0.0 ], [ 106.910600000090085, -6.566389999798474, 0.0 ], [ 106.910629999674939, -6.566180000006874, 0.0 ], [ 106.910669999720881, -6.566119999937872, 0.0 ], [ 106.910769999835821, -6.566039999845898, 0.0 ], [ 106.910829999904735, -6.565930000169242, 0.0 ], [ 106.910970000065618, -6.565749999962325, 0.0 ], [ 106.911090000203544, -6.565600000239638, 0.0 ], [ 106.911329999580005, -6.565379999986867, 0.0 ], [ 106.911420000133063, -6.565359999963807, 0.0 ], [ 106.911549999832772, -6.565350000402006, 0.0 ], [ 106.911689999993655, -6.565279999871922, 0.0 ], [ 106.911699999555552, -6.565130000149235, 0.0 ], [ 106.911719999578523, -6.565000000449519, 0.0 ], [ 106.911730000039682, -6.564929999919435, 0.0 ], [ 106.911859999739406, -6.564789999758549, 0.0 ], [ 106.911930000269493, -6.564769999735489, 0.0 ], [ 106.911990000338406, -6.564740000150717, 0.0 ], [ 106.912039999946231, -6.564840000265662, 0.0 ], [ 106.912100000015144, -6.564880000311604, 0.0 ], [ 106.912160000084057, -6.564410000221201, 0.0 ], [ 106.912160000084057, -6.564270000060315, 0.0 ], [ 106.912229999714867, -6.564230000014373, 0.0 ], [ 106.912389999898807, -6.564330000129228, 0.0 ], [ 106.912530000059604, -6.56439000019823, 0.0 ], [ 106.91279999992021, -6.564339999691029, 0.0 ], [ 106.912929999619934, -6.564270000060315, 0.0 ], [ 106.912945099237135, -6.564251881418972, 0.0 ], [ 106.912980000127135, -6.564209999991402, 0.0 ], [ 106.912969999665876, -6.564029999784484, 0.0 ], [ 106.912969999665876, -6.56394000013071, 0.0 ], [ 106.913100000264961, -6.563790000408023, 0.0 ], [ 106.91322999996467, -6.563679999831908, 0.0 ], [ 106.913330000079611, -6.563659999808937, 0.0 ], [ 106.913419999733392, -6.563909999646658, 0.0 ], [ 106.913450000217523, -6.564020000222683, 0.0 ], [ 106.913499999825362, -6.564100000314657, 0.0 ], [ 106.91363999998616, -6.564129999899428, 0.0 ], [ 106.91370999961697, -6.5641499999224, 0.0 ], [ 106.913869999800824, -6.564049999807455, 0.0 ], [ 106.914259999799341, -6.563840000015855, 0.0 ], [ 106.914540000121022, -6.563779999946853, 0.0 ], [ 106.914629999774803, -6.563770000385052, 0.0 ], [ 106.914689999843802, -6.563929999669629, 0.0 ], [ 106.914729999889744, -6.564000000199712, 0.0 ], [ 106.914919999658451, -6.563819999992884, 0.0 ], [ 106.915019999773307, -6.563610000201194, 0.0 ], [ 106.915059999819348, -6.563470000040308, 0.0 ], [ 106.914919999658451, -6.563289999833479, 0.0 ], [ 106.914870000050627, -6.563189999718535, 0.0 ], [ 106.914870000050627, -6.563129999649622, 0.0 ], [ 106.914939999681422, -6.563060000018819, 0.0 ], [ 106.915170000395364, -6.563019999972877, 0.0 ], [ 106.915349999702926, -6.563039999995848, 0.0 ], [ 106.915500000324883, -6.56306999958062, 0.0 ], [ 106.915670000070634, -6.562930000319103, 0.0 ], [ 106.915739999701344, -6.562870000250101, 0.0 ], [ 106.915910000346372, -6.56287999981199, 0.0 ], [ 106.916109999676891, -6.562950000342074, 0.0 ], [ 106.916320000367861, -6.563010000411076, 0.0 ], [ 106.916410000021642, -6.562999999949817, 0.0 ], [ 106.916410000021642, -6.562890000273072, 0.0 ], [ 106.916340000390932, -6.562730000089303, 0.0 ], [ 106.916280000321919, -6.562589999928417, 0.0 ], [ 106.91628999988373, -6.562509999836443, 0.0 ], [ 106.916510000136583, -6.562489999813472, 0.0 ], [ 106.916739999951247, -6.562549999882474, 0.0 ], [ 106.916969999765811, -6.562699999605073, 0.0 ], [ 106.917179999557504, -6.562839999766048, 0.0 ], [ 106.917330000179561, -6.562859999789019, 0.0 ], [ 106.917589999578993, -6.562629999974359, 0.0 ], [ 106.917700000155023, -6.562520000297614, 0.0 ], [ 106.917970000015629, -6.562469999790501, 0.0 ], [ 106.918030000084627, -6.562429999744559, 0.0 ], [ 106.918070000130569, -6.562349999652586, 0.0 ], [ 106.917929999969687, -6.56223000041404, 0.0 ], [ 106.917840000315906, -6.562150000322067, 0.0 ], [ 106.917780000246992, -6.56201000016118, 0.0 ], [ 106.91778999980879, -6.561879999562183, 0.0 ], [ 106.917840000315906, -6.561769999885438, 0.0 ], [ 106.917929999969687, -6.561700000254636, 0.0 ], [ 106.918210000291452, -6.561760000323638, 0.0 ], [ 106.918620000312941, -6.561899999585155, 0.0 ], [ 106.918729999989694, -6.561950000092267, 0.0 ], [ 106.918810000081663, -6.561970000115238, 0.0 ], [ 106.918919999758401, -6.561990000138209, 0.0 ], [ 106.91903000033443, -6.561950000092267, 0.0 ], [ 106.919289999733863, -6.56137999988692, 0.0 ], [ 106.919340000240979, -6.561299999794947, 0.0 ], [ 106.919799999870293, -6.561270000210175, 0.0 ], [ 106.920049999707928, -6.561179999657121, 0.0 ], [ 106.92008999975387, -6.560969999865431, 0.0 ], [ 106.92008999975387, -6.560789999658603, 0.0 ], [ 106.920069999730899, -6.5607200000278, 0.0 ], [ 106.92002000012306, -6.560570000305113, 0.0 ], [ 106.919940000031175, -6.560470000190168, 0.0 ], [ 106.919830000354438, -6.560410000121255, 0.0 ], [ 106.919730000239497, -6.560399999660085, 0.0 ], [ 106.919469999940688, -6.560490000213139, 0.0 ], [ 106.919320000218008, -6.560550000282142, 0.0 ], [ 106.919240000126123, -6.560550000282142, 0.0 ], [ 106.919189999618922, -6.560490000213139, 0.0 ], [ 106.919169999595951, -6.560390000098284, 0.0 ], [ 106.91922999966495, -6.56028999998334, 0.0 ], [ 106.91944000035592, -6.560220000352537, 0.0 ], [ 106.919670000170498, -6.560180000306595, 0.0 ], [ 106.919879999962177, -6.56008999975354, 0.0 ], [ 106.920029999684957, -6.559980000076795, 0.0 ], [ 106.920069999730899, -6.559899999984822, 0.0 ], [ 106.919819999893264, -6.559750000262135, 0.0 ], [ 106.919570000055643, -6.55965999970908, 0.0 ], [ 106.919447274971944, -6.559561819821926, 0.0 ], [ 106.919420000332948, -6.559539999571165, 0.0 ], [ 106.919349999802776, -6.55944000035559, 0.0 ], [ 106.919320000218008, -6.55922999966462, 0.0 ], [ 106.919380000286921, -6.558999999849959, 0.0 ], [ 106.919469999940688, -6.558890000173214, 0.0 ], [ 106.919630000124556, -6.558739999551157, 0.0 ], [ 106.919699999755352, -6.558640000335583, 0.0 ], [ 106.919710000216526, -6.558489999713615, 0.0 ], [ 106.919630000124556, -6.558290000383096, 0.0 ], [ 106.919559999594469, -6.558130000199149, 0.0 ], [ 106.919550000032672, -6.558039999646095, 0.0 ], [ 106.919639999686439, -6.558010000061323, 0.0 ], [ 106.92002000012306, -6.558050000107265, 0.0 ], [ 106.920149999822783, -6.558050000107265, 0.0 ], [ 106.920240000375927, -6.558010000061323, 0.0 ], [ 106.92030000044484, -6.557889999923407, 0.0 ], [ 106.920310000006637, -6.557789999808463, 0.0 ], [ 106.920209999891782, -6.557629999624606, 0.0 ], [ 106.920049999707928, -6.557530000409031, 0.0 ], [ 106.919960000054147, -6.557450000317058, 0.0 ], [ 106.919830000354438, -6.557359999764003, 0.0 ], [ 106.919779999847236, -6.55727999967203, 0.0 ], [ 106.919810000331466, -6.557140000410513, 0.0 ], [ 106.919890000423351, -6.557040000295657, 0.0 ], [ 106.920069999730899, -6.556949999742514, 0.0 ], [ 106.920430000144563, -6.556789999558656, 0.0 ], [ 106.9205999998903, -6.556599999790027, 0.0 ], [ 106.920670000420301, -6.556499999675083, 0.0 ], [ 106.920769999635965, -6.556459999629141, 0.0 ], [ 106.920889999773877, -6.556499999675083, 0.0 ], [ 106.921199999680425, -6.556880000111711, 0.0 ], [ 106.921250000187541, -6.556940000180713, 0.0 ], [ 106.921350000302397, -6.556920000157742, 0.0 ], [ 106.921450000417337, -6.556840000065769, 0.0 ], [ 106.921470000440394, -6.556739999950914, 0.0 ], [ 106.921470000440394, -6.556579999766967, 0.0 ], [ 106.921359999864279, -6.556329999929424, 0.0 ], [ 106.921330000279426, -6.556149999722507, 0.0 ], [ 106.921339999841308, -6.556060000068822, 0.0 ], [ 106.921410000371395, -6.556040000045851, 0.0 ], [ 106.921569999655972, -6.556260000298622, 0.0 ], [ 106.921640000186045, -6.556329999929424, 0.0 ], [ 106.921899999585492, -6.556360000413477, 0.0 ], [ 106.921999999700432, -6.556349999952396, 0.0 ], [ 106.922119999838259, -6.556249999837451, 0.0 ], [ 106.922219999953199, -6.556060000068822, 0.0 ], [ 106.922289999583995, -6.555650000047333, 0.0 ], [ 106.922289999583995, -6.55558000041653, 0.0 ], [ 106.92232000006814, -6.555280000071786, 0.0 ], [ 106.922449999767863, -6.5549399996811, 0.0 ], [ 106.922500000274965, -6.554879999612098, 0.0 ], [ 106.922580000366949, -6.554769999935353, 0.0 ], [ 106.92318000015706, -6.554339999890981, 0.0 ], [ 106.92324999978787, -6.554290000283149, 0.0 ], [ 106.923559999694419, -6.554099999615151, 0.0 ], [ 106.923670000270434, -6.55407000003029, 0.0 ], [ 106.92379000040836, -6.554090000053261, 0.0 ], [ 106.924040000245981, -6.554430000444036, 0.0 ], [ 106.924129999899762, -6.554529999659611, 0.0 ], [ 106.924259999599471, -6.554580000166723, 0.0 ], [ 106.924379999737397, -6.554569999705553, 0.0 ], [ 106.924689999643931, -6.554520000097721, 0.0 ], [ 106.924729999689959, -6.554359999913952, 0.0 ], [ 106.924769999735901, -6.554150000122263, 0.0 ], [ 106.924809999781843, -6.55407000003029, 0.0 ], [ 106.92488000031193, -6.554050000007319, 0.0 ], [ 106.924999999550479, -6.554099999615151, 0.0 ], [ 106.925090000103623, -6.554210000191176, 0.0 ], [ 106.925159999734333, -6.554339999890981, 0.0 ], [ 106.924989999988682, -6.554600000189694, 0.0 ], [ 106.924909999896698, -6.55472000032761, 0.0 ], [ 106.924900000334901, -6.554820000442554, 0.0 ], [ 106.925110000126594, -6.555090000303068, 0.0 ], [ 106.925190000218478, -6.555139999910899, 0.0 ], [ 106.92531000035639, -6.55515000037207, 0.0 ], [ 106.925429999595025, -6.555039999796044, 0.0 ], [ 106.925580000216996, -6.554830000004355, 0.0 ], [ 106.925669999870763, -6.554649999797526, 0.0 ], [ 106.925689999893734, -6.55448999961358, 0.0 ], [ 106.925649999847792, -6.554339999890981, 0.0 ], [ 106.925210000241535, -6.553920000307603, 0.0 ], [ 106.925110000126594, -6.553809999731488, 0.0 ], [ 106.925019999573536, -6.553539999870974, 0.0 ], [ 106.924969999965711, -6.553310000056314, 0.0 ], [ 106.924909999896698, -6.552989999688599, 0.0 ], [ 106.924840000265988, -6.552819999942852, 0.0 ], [ 106.924769999735901, -6.552739999850967, 0.0 ], [ 106.924689999643931, -6.552739999850967, 0.0 ], [ 106.924559999944222, -6.552830000404022, 0.0 ], [ 106.924350000152529, -6.553160000333627, 0.0 ], [ 106.924259999599471, -6.553379999687117, 0.0 ], [ 106.924189999968675, -6.553570000355116, 0.0 ], [ 106.924109999876791, -6.553650000447, 0.0 ], [ 106.924029999784906, -6.55366000000889, 0.0 ], [ 106.923909999646895, -6.553610000401058, 0.0 ], [ 106.923819999993128, -6.553470000240171, 0.0 ], [ 106.923770000385389, -6.553290000033343, 0.0 ], [ 106.923739999901244, -6.552850000427082, 0.0 ], [ 106.92365999980936, -6.552610000151251, 0.0 ], [ 106.923530000109551, -6.552389999898391, 0.0 ], [ 106.923300000294972, -6.551999999899962, 0.0 ], [ 106.923240000226059, -6.551850000177186, 0.0 ], [ 106.92324999978787, -6.55173999960116, 0.0 ], [ 106.923300000294972, -6.551680000431528, 0.0 ], [ 106.923470000040638, -6.551649999947387, 0.0 ], [ 106.92357999971739, -6.551629999924415, 0.0 ], [ 106.923670000270434, -6.551569999855502, 0.0 ], [ 106.923690000293405, -6.551429999694527, 0.0 ], [ 106.923639999786388, -6.55127999997184, 0.0 ], [ 106.923269999810842, -6.551050000157179, 0.0 ], [ 106.923160000134089, -6.551010000111237, 0.0 ], [ 106.923140000111118, -6.55088999997341, 0.0 ], [ 106.923220000203003, -6.550609999651638, 0.0 ], [ 106.9232299997648, -6.550459999928862, 0.0 ], [ 106.923089999604002, -6.55023000011429, 0.0 ], [ 106.922830000204485, -6.549820000092801, 0.0 ], [ 106.922759999674412, -6.549619999862912, 0.0 ], [ 106.922790000158543, -6.549340000440509, 0.0 ], [ 106.922859999789353, -6.549029999634595, 0.0 ], [ 106.922910000296469, -6.54891999995785, 0.0 ], [ 106.923069999581031, -6.548839999865965, 0.0 ], [ 106.923209999741829, -6.548779999796963, 0.0 ], [ 106.923490000063609, -6.54828999968359, 0.0 ], [ 106.923710000316376, -6.547930000169213, 0.0 ], [ 106.923770000385389, -6.547819999593187, 0.0 ], [ 106.923770000385389, -6.547540000170695, 0.0 ], [ 106.923710000316376, -6.547370000425037, 0.0 ], [ 106.923619999763332, -6.547099999665065, 0.0 ], [ 106.923599999740361, -6.54700000044949, 0.0 ], [ 106.923730000339447, -6.546640000035833, 0.0 ], [ 106.923750000362418, -6.546479999851975, 0.0 ], [ 106.923710000316376, -6.546419999782973, 0.0 ], [ 106.923630000224492, -6.54635999971406, 0.0 ], [ 106.923499999625406, -6.54635999971406, 0.0 ], [ 106.923369999925782, -6.546410000221172, 0.0 ], [ 106.923189999718858, -6.546579999966831, 0.0 ], [ 106.922950000342411, -6.546809999781491, 0.0 ], [ 106.922859999789353, -6.546860000288603, 0.0 ], [ 106.922759999674412, -6.546829999804462, 0.0 ], [ 106.922659999559556, -6.546729999689518, 0.0 ], [ 106.922560000343978, -6.54635999971406, 0.0 ], [ 106.922540000320907, -6.546230000014344, 0.0 ], [ 106.922429999744892, -6.546089999853457, 0.0 ], [ 106.922380000137053, -6.546029999784455, 0.0 ], [ 106.922380000137053, -6.545940000130681, 0.0 ], [ 106.922480000251994, -6.545849999577715, 0.0 ], [ 106.922739999651441, -6.54571000031611, 0.0 ], [ 106.922939999881237, -6.545630000224136, 0.0 ], [ 106.922999999950235, -6.545579999717024, 0.0 ], [ 106.922999999950235, -6.545519999648111, 0.0 ], [ 106.922839999766296, -6.545400000409565, 0.0 ], [ 106.922620000412891, -6.54530000029462, 0.0 ], [ 106.921910000046651, -6.545249999787508, 0.0 ], [ 106.921629999724885, -6.545169999695624, 0.0 ], [ 106.921279999772395, -6.545019999972848, 0.0 ], [ 106.921099999565484, -6.544890000273131, 0.0 ], [ 106.921029999934674, -6.544810000181158, 0.0 ], [ 106.921009999911703, -6.544609999951359, 0.0 ], [ 106.921060000418819, -6.544320000067785, 0.0 ], [ 106.921130000049615, -6.544199999929869, 0.0 ], [ 106.921480000002191, -6.543959999654039, 0.0 ], [ 106.921609999701914, -6.543910000046296, 0.0 ], [ 106.922280000022198, -6.543840000415493, 0.0 ], [ 106.922309999606966, -6.543729999839467, 0.0 ], [ 106.922309999606966, -6.54337999988698, 0.0 ], [ 106.922340000091111, -6.543290000233206, 0.0 ], [ 106.922440000205967, -6.543179999657092, 0.0 ], [ 106.922580000366949, -6.54313000004926, 0.0 ], [ 106.92293000031944, -6.543299999795007, 0.0 ], [ 106.92308000004212, -6.54335999986392, 0.0 ], [ 106.923280000272001, -6.543370000325091, 0.0 ], [ 106.923389999948753, -6.543339999840949, 0.0 ], [ 106.923490000063609, -6.543290000233206, 0.0 ], [ 106.923539999671448, -6.543090000003318, 0.0 ], [ 106.923109999626973, -6.542900000234688, 0.0 ], [ 106.9227500001126, -6.542709999566689, 0.0 ], [ 106.922659999559556, -6.542630000374086, 0.0 ], [ 106.92264585861966, -6.542526768995085, 0.0 ], [ 106.922560000343978, -6.541899999984881, 0.0 ], [ 106.922489999813806, -6.541710000216163, 0.0 ], [ 106.922199999930228, -6.541369999825477, 0.0 ], [ 106.922070000230519, -6.54122000010279, 0.0 ], [ 106.921999999700432, -6.541050000357043, 0.0 ], [ 106.921939999631434, -6.540819999643102, 0.0 ], [ 106.921829999954682, -6.540620000312671, 0.0 ], [ 106.9217400003009, -6.540509999736557, 0.0 ], [ 106.921600000140103, -6.540489999713586, 0.0 ], [ 106.921159999634398, -6.540509999736557, 0.0 ], [ 106.921049999957646, -6.540500000174667, 0.0 ], [ 106.920900000235051, -6.540409999621613, 0.0 ], [ 106.920740000051097, -6.540259999898925, 0.0 ], [ 106.920450000167534, -6.539450000317117, 0.0 ], [ 106.920339999591505, -6.539129999949314, 0.0 ], [ 106.920169999845754, -6.538789999558716, 0.0 ], [ 106.92002000012306, -6.538419999583169, 0.0 ], [ 106.919920000008204, -6.538160000183737, 0.0 ], [ 106.919879999962177, -6.538020000022851, 0.0 ], [ 106.919980000077118, -6.537850000277103, 0.0 ], [ 106.920100000215044, -6.537679999632164, 0.0 ], [ 106.920129999799812, -6.537569999955419, 0.0 ], [ 106.920109999776841, -6.537480000301645, 0.0 ], [ 106.919739999801294, -6.537449999817415, 0.0 ], [ 106.919449999917717, -6.537449999817415, 0.0 ], [ 106.919209999641978, -6.537449999817415, 0.0 ], [ 106.9191100004264, -6.537409999771473, 0.0 ], [ 106.918999999850286, -6.53713999991087, 0.0 ], [ 106.918939999781372, -6.536899999635128, 0.0 ], [ 106.91889999973543, -6.536480000051839, 0.0 ], [ 106.918839999666432, -6.536130000099263, 0.0 ], [ 106.918794690023105, -6.53488849770584, 0.0 ], [ 106.918790000058607, -6.534759999873909, 0.0 ], [ 106.918779999597433, -6.53457000010528, 0.0 ], [ 106.918739999551491, -6.534220000152704, 0.0 ], [ 106.918660000358884, -6.533870000200217, 0.0 ], [ 106.918389999599, -6.533759999624102, 0.0 ], [ 106.918179999807307, -6.5336899999933, 0.0 ], [ 106.917900000384819, -6.533509999786471, 0.0 ], [ 106.917299999695416, -6.533119999787953, 0.0 ], [ 106.917179999557504, -6.533039999696069, 0.0 ], [ 106.917120000387868, -6.532930000019324, 0.0 ], [ 106.917399999810272, -6.532999999650126, 0.0 ], [ 106.917589999578993, -6.533050000157239, 0.0 ], [ 106.917720000178079, -6.533030000134268, 0.0 ], [ 106.917800000269963, -6.532990000088237, 0.0 ], [ 106.917849999877802, -6.532880000411492, 0.0 ], [ 106.917880000361848, -6.532660000158721, 0.0 ], [ 106.917849999877802, -6.532569999605666, 0.0 ], [ 106.917749999762847, -6.532499999974863, 0.0 ], [ 106.917259999649474, -6.532499999974863, 0.0 ], [ 106.916570000205496, -6.532760000273665, 0.0 ], [ 106.91628999988373, -6.53286999995041, 0.0 ], [ 106.916160000184007, -6.532880000411492, 0.0 ], [ 106.916069999630949, -6.532829999904468, 0.0 ], [ 106.91600999956195, -6.532749999812495, 0.0 ], [ 106.916140000161036, -6.532379999836948, 0.0 ], [ 106.916149999722933, -6.532310000206145, 0.0 ], [ 106.91608999965392, -6.532230000114261, 0.0 ], [ 106.915970000415371, -6.532190000068319, 0.0 ], [ 106.915830000254488, -6.532199999630119, 0.0 ], [ 106.915380000187056, -6.532379999836948, 0.0 ], [ 106.915220000003202, -6.532430000344149, 0.0 ], [ 106.915130000349421, -6.532430000344149, 0.0 ], [ 106.915059999819348, -6.532379999836948, 0.0 ], [ 106.91517999995726, -6.531920000207627, 0.0 ], [ 106.915229999565, -6.531730000438998, 0.0 ], [ 106.915210000441306, -6.531530000209198, 0.0 ], [ 106.915159999934289, -6.531439999656055, 0.0 ], [ 106.914159999684387, -6.531060000118796, 0.0 ], [ 106.913989999938735, -6.530980000026823, 0.0 ], [ 106.913789999708939, -6.530839999865936, 0.0 ], [ 106.91357000035535, -6.530329999729503, 0.0 ], [ 106.913550000332378, -6.530240000075729, 0.0 ], [ 106.913450000217523, -6.529999999799987, 0.0 ], [ 106.913370000125553, -6.529830000054329, 0.0 ], [ 106.913290000033669, -6.529729999939384, 0.0 ], [ 106.913200000379902, -6.529689999893442, 0.0 ], [ 106.913120000287932, -6.529689999893442, 0.0 ], [ 106.912880000012095, -6.530039999845929, 0.0 ], [ 106.912670000220487, -6.530220000052758, 0.0 ], [ 106.912380000336924, -6.53048000035156, 0.0 ], [ 106.91230000024504, -6.530529999959391, 0.0 ], [ 106.912240000176041, -6.530500000374531, 0.0 ], [ 106.912189999668925, -6.530420000282646, 0.0 ], [ 106.912169999645954, -6.530139999960873, 0.0 ], [ 106.912109999577041, -6.529660000308581, 0.0 ], [ 106.912070000430376, -6.529589999778498, 0.0 ], [ 106.911979999877232, -6.529540000170666, 0.0 ], [ 106.911919999808319, -6.529540000170666, 0.0 ], [ 106.911830000154538, -6.52962999982444, 0.0 ], [ 106.911719999578523, -6.529930000169184, 0.0 ], [ 106.911629999924742, -6.530240000075729, 0.0 ], [ 106.911620000362944, -6.530409999821476, 0.0 ], [ 106.911699999555552, -6.530770000235222, 0.0 ], [ 106.911750000062653, -6.531009999611594, 0.0 ], [ 106.911750000062653, -6.531120000187709, 0.0 ], [ 106.911689999993655, -6.531220000302564, 0.0 ], [ 106.911589999878714, -6.531309999956338, 0.0 ], [ 106.91150999978683, -6.531320000417509, 0.0 ], [ 106.911250000387398, -6.53112999974951, 0.0 ], [ 106.911219999903253, -6.530850000327106, 0.0 ], [ 106.911150000272457, -6.530770000235222, 0.0 ], [ 106.911010000111659, -6.530679999682079, 0.0 ], [ 106.910706227110865, -6.530615563257438, 0.0 ], [ 106.910680000182055, -6.530610000051276, 0.0 ], [ 106.910609999651882, -6.530590000028305, 0.0 ], [ 106.910470000390362, -6.53028000012176, 0.0 ], [ 106.910379999837303, -6.530119999937902, 0.0 ], [ 106.910279999722363, -6.530019999822958, 0.0 ], [ 106.91002000032293, -6.53007000033007, 0.0 ], [ 106.90980999963196, -6.530170000445015, 0.0 ], [ 106.909499999725327, -6.530360000213733, 0.0 ], [ 106.90930999995669, -6.530460000328588, 0.0 ], [ 106.909200000279952, -6.530540000420473, 0.0 ], [ 106.909009999611953, -6.530570000005333, 0.0 ], [ 106.908839999866302, -6.530560000443533, 0.0 ], [ 106.908770000235492, -6.530549999982362, 0.0 ], [ 106.908746555809088, -6.530548325444698, 0.0 ], [ 106.908489999913712, -6.530529999959391, 0.0 ], [ 106.908320000168061, -6.530520000397502, 0.0 ], [ 106.908050000307455, -6.530460000328588, 0.0 ], [ 106.90793999973134, -6.530389999798505, 0.0 ], [ 106.907819999593428, -6.530249999637618, 0.0 ], [ 106.907780000446849, -6.530150000421955, 0.0 ], [ 106.907850000077573, -6.529030000034322, 0.0 ], [ 106.907839999616399, -6.528900000334605, 0.0 ], [ 106.907819999593428, -6.528809999781551, 0.0 ], [ 106.907689999893805, -6.528279999622058, 0.0 ], [ 106.907609999801821, -6.52814999992243, 0.0 ], [ 106.907379999987171, -6.527980000176683, 0.0 ], [ 106.907330000379332, -6.527949999692542, 0.0 ], [ 106.906940000380899, -6.527770000384994, 0.0 ], [ 106.906780000197045, -6.527730000339051, 0.0 ], [ 106.906680000082105, -6.527750000362023, 0.0 ], [ 106.906620000013191, -6.527799999969854, 0.0 ], [ 106.906590000428338, -6.528029999784515, 0.0 ], [ 106.906590000428338, -6.528310000106288, 0.0 ], [ 106.906559999944193, -6.528419999783033, 0.0 ], [ 106.906510000336453, -6.528470000290056, 0.0 ], [ 106.906330000129529, -6.528499999874917, 0.0 ], [ 106.906149999922704, -6.528390000198172, 0.0 ], [ 106.905980000177038, -6.528279999622058, 0.0 ], [ 106.905900000085154, -6.528200000429543, 0.0 ], [ 106.905880000062183, -6.528100000314598, 0.0 ], [ 106.905949999692893, -6.527969999715513, 0.0 ], [ 106.906069999830819, -6.527799999969854, 0.0 ], [ 106.906189999968731, -6.527530000109252, 0.0 ], [ 106.9062199995535, -6.527439999556197, 0.0 ], [ 106.906459999829252, -6.526879999811932, 0.0 ], [ 106.90649999987528, -6.526719999628163, 0.0 ], [ 106.906490000313482, -6.526580000366557, 0.0 ], [ 106.906459999829252, -6.526509999836474, 0.0 ], [ 106.906390000198527, -6.526489999813503, 0.0 ], [ 106.906310000106558, -6.526520000297644, 0.0 ], [ 106.905920000108125, -6.526919999857963, 0.0 ], [ 106.905799999970213, -6.527080000041821, 0.0 ], [ 106.905670000270405, -6.52730000029468, 0.0 ], [ 106.905479999602406, -6.527550000132223, 0.0 ], [ 106.905409999971695, -6.527610000201225, 0.0 ], [ 106.90530999985684, -6.527630000224196, 0.0 ], [ 106.90524000022603, -6.527570000155194, 0.0 ], [ 106.905200000180088, -6.52749000006331, 0.0 ], [ 106.905175422607854, -6.527342538227412, 0.0 ], [ 106.905140000111089, -6.527129999649652, 0.0 ], [ 106.904819999743381, -6.526440000205671, 0.0 ], [ 106.904759999674383, -6.526280000021814, 0.0 ], [ 106.904750000112571, -6.526050000207153, 0.0 ], [ 106.904830000204555, -6.525769999885469, 0.0 ], [ 106.904870000250497, -6.525509999586667, 0.0 ], [ 106.904879999812294, -6.52535000030209, 0.0 ], [ 106.904819999743381, -6.525170000095262, 0.0 ], [ 106.904750000112571, -6.525069999980317, 0.0 ], [ 106.904670000020602, -6.525020000372574, 0.0 ], [ 106.904340000091082, -6.525009999911404, 0.0 ], [ 106.90350999958693, -6.524960000303661, 0.0 ], [ 106.903465806002316, -6.524957673757417, 0.0 ], [ 106.903319999818308, -6.524949999842491, 0.0 ], [ 106.903159999634454, -6.52490999979646, 0.0 ], [ 106.903090000003644, -6.524869999750518, 0.0 ], [ 106.902980000326906, -6.524800000119715, 0.0 ], [ 106.902889999773848, -6.52472000002783, 0.0 ], [ 106.902849999727906, -6.524610000351085, 0.0 ], [ 106.902869999750877, -6.524419999683087, 0.0 ], [ 106.902940000280964, -6.52428000042157, 0.0 ], [ 106.903450000417394, -6.523759999823966, 0.0 ], [ 106.90354000007116, -6.52365999970911, 0.0 ], [ 106.903580000117103, -6.523500000424534, 0.0 ], [ 106.903580000117103, -6.52342000033256, 0.0 ], [ 106.903520000048189, -6.523389999848419, 0.0 ], [ 106.902980000326906, -6.52340999987139, 0.0 ], [ 106.902869999750877, -6.52342000033256, 0.0 ], [ 106.902769999635936, -6.52340999987139, 0.0 ], [ 106.902700000005126, -6.523360000263647, 0.0 ], [ 106.902694288410828, -6.523318382337298, 0.0 ], [ 106.902630000374415, -6.522850000127214, 0.0 ], [ 106.902599999890271, -6.522720000427498, 0.0 ], [ 106.902550000282446, -6.522649999897414, 0.0 ], [ 106.902330000029679, -6.5225800002667, 0.0 ], [ 106.902049999707899, -6.52256999980553, 0.0 ], [ 106.9018821988046, -6.522620340256271, 0.0 ], [ 106.90185000037738, -6.522629999874443, 0.0 ], [ 106.901719999778294, -6.522669999920385, 0.0 ], [ 106.901610000101556, -6.522669999920385, 0.0 ], [ 106.901530000009672, -6.522629999874443, 0.0 ], [ 106.901500000424804, -6.522540000220669, 0.0 ], [ 106.9015099999867, -6.522310000406009, 0.0 ], [ 106.901550000032643, -6.522199999829983, 0.0 ], [ 106.901650000147583, -6.522070000130178, 0.0 ], [ 106.901719999778294, -6.522039999646125, 0.0 ], [ 106.90185000037738, -6.522030000084236, 0.0 ], [ 106.902060000169072, -6.522110000176209, 0.0 ], [ 106.902209999891753, -6.52211999973801, 0.0 ], [ 106.902519999798301, -6.521940000430462, 0.0 ], [ 106.902760000074124, -6.521789999808494, 0.0 ], [ 106.903069999980673, -6.521430000294117, 0.0 ], [ 106.903159999634454, -6.52127000011026, 0.0 ], [ 106.90321000014157, -6.520989999788487, 0.0 ], [ 106.903069999980673, -6.520559999744027, 0.0 ], [ 106.903000000349877, -6.519979999976879, 0.0 ], [ 106.902980000326906, -6.519850000277163, 0.0 ], [ 106.90292999981979, -6.51977000018519, 0.0 ], [ 106.902462974686728, -6.519540316032604, 0.0 ], [ 106.902319999568505, -6.519469999840446, 0.0 ], [ 106.902200000329955, -6.519429999794504, 0.0 ], [ 106.902009999661956, -6.519380000186672, 0.0 ], [ 106.901920000008175, -6.519349999702531, 0.0 ], [ 106.901690000193526, -6.519520000347558, 0.0 ], [ 106.901610000101556, -6.519619999563222, 0.0 ], [ 106.901500000424804, -6.519879999861935, 0.0 ], [ 106.901360000264006, -6.520109999676595, 0.0 ], [ 106.901280000172036, -6.52018999976848, 0.0 ], [ 106.901200000080152, -6.52020999979154, 0.0 ], [ 106.901140000011139, -6.520220000252621, 0.0 ], [ 106.900990000288459, -6.52018999976848, 0.0 ], [ 106.900819999643431, -6.520100000114795, 0.0 ], [ 106.900759999574518, -6.520060000068764, 0.0 ], [ 106.900569999805796, -6.519959999953908, 0.0 ], [ 106.900339999991132, -6.519910000346076, 0.0 ], [ 106.900301425370657, -6.519910000346076, 0.0 ], [ 106.900039999646395, -6.519910000346076, 0.0 ], [ 106.899760000223992, -6.519979999976879, 0.0 ], [ 106.89939000024853, -6.520149999722538, 0.0 ], [ 106.899230000064591, -6.520220000252621, 0.0 ], [ 106.899149999972707, -6.520220000252621, 0.0 ], [ 106.899069999880737, -6.520180000206679, 0.0 ], [ 106.899000000250012, -6.520089999653536, 0.0 ], [ 106.898989999788853, -6.519959999953908, 0.0 ], [ 106.898960000203985, -6.519719999678077, 0.0 ], [ 106.898980000227041, -6.519500000324587, 0.0 ], [ 106.898989999788853, -6.519429999794504, 0.0 ], [ 106.899060000318926, -6.519019999773015, 0.0 ], [ 106.899040000295955, -6.518839999566186, 0.0 ], [ 106.899000000250012, -6.518729999889441, 0.0 ], [ 106.898410000021698, -6.518370000375064, 0.0 ], [ 106.898249999837759, -6.51827999982201, 0.0 ], [ 106.898160000183978, -6.51827000026012, 0.0 ], [ 106.898080000092094, -6.518310000306062, 0.0 ], [ 106.898040000046151, -6.518390000398036, 0.0 ], [ 106.898080000092094, -6.518640000235667, 0.0 ], [ 106.898100000115065, -6.518740000350611, 0.0 ], [ 106.898080000092094, -6.518830000004385, 0.0 ], [ 106.897959999954182, -6.518919999658159, 0.0 ], [ 106.897790000208516, -6.518959999704101, 0.0 ], [ 106.897670000070605, -6.518950000142212, 0.0 ], [ 106.897460000278912, -6.518809999981325, 0.0 ], [ 106.897320000118114, -6.518709999866381, 0.0 ], [ 106.89707999984229, -6.518449999567668, 0.0 ], [ 106.897019999773377, -6.518370000375064, 0.0 ], [ 106.897030000234537, -6.518299999844981, 0.0 ], [ 106.897269999610913, -6.518079999592121, 0.0 ], [ 106.897569999955664, -6.51784000021566, 0.0 ], [ 106.897690000093576, -6.517720000077745, 0.0 ], [ 106.897719999678429, -6.517650000447031, 0.0 ], [ 106.897699999655458, -6.517579999916947, 0.0 ], [ 106.897549999932693, -6.517490000263173, 0.0 ], [ 106.897400000209998, -6.517439999756061, 0.0 ], [ 106.896939999681393, -6.517439999756061, 0.0 ], [ 106.896809999981684, -6.517430000194171, 0.0 ], [ 106.896669999820801, -6.517379999687059, 0.0 ], [ 106.896609999751888, -6.517310000056256, 0.0 ], [ 106.896609999751888, -6.517180000356539, 0.0 ], [ 106.896830000004655, -6.517020000172682, 0.0 ], [ 106.896932681897866, -6.516983654971522, 0.0 ], [ 106.896999300077823, -6.51688595712109, 0.0 ], [ 106.897087186324811, -6.51677599701447, 0.0 ], [ 106.897001201244592, -6.516581425092518, 0.0 ], [ 106.896833281630819, -6.516460246842772, 0.0 ], [ 106.896607593166024, -6.516360601960027, 0.0 ], [ 106.896436916230854, -6.516315564811261, 0.0 ], [ 106.89624133077298, -6.516124448984009, 0.0 ], [ 106.896061325170209, -6.516027678334559, 0.0 ], [ 106.895943335017094, -6.515910554228501, 0.0 ], [ 106.895932964934516, -6.515900259689058, 0.0 ], [ 106.895937423773233, -6.515897050008714, 0.0 ], [ 106.896099999615444, -6.515779999647133, 0.0 ], [ 106.896607490643319, -6.515523159566019, 0.0 ], [ 106.897012538997643, -6.515383511939401, 0.0 ], [ 106.897312967419694, -6.515279934321363, 0.0 ], [ 106.897697566089931, -6.515534288676275, 0.0 ], [ 106.897806432620925, -6.515594075605904, 0.0 ], [ 106.898347445878059, -6.515891182831659, 0.0 ], [ 106.898381316145006, -6.515991548071334, 0.0 ], [ 106.898397387929265, -6.516216836337776, 0.0 ], [ 106.898488992872899, -6.516286531997686, 0.0 ], [ 106.898301558870003, -6.516643529575052, 0.0 ], [ 106.899652837008972, -6.516595825037133, 0.0 ], [ 106.899653265086286, -6.516595809748651, 0.0 ], [ 106.900898827918724, -6.516661158985162, 0.0 ], [ 106.902250692415691, -6.516656064325712, 0.0 ], [ 106.902208837967692, -6.516053265845336, 0.0 ], [ 106.902182791802645, -6.515770642201204, 0.0 ], [ 106.902148521337423, -6.515398768038541, 0.0 ], [ 106.902239773746686, -6.51538768209571, 0.0 ], [ 106.902352519953013, -6.515373985420894, 0.0 ], [ 106.902458945723964, -6.51536105496854, 0.0 ], [ 106.902539318135183, -6.514873515400268, 0.0 ], [ 106.902739088138574, -6.514559103419728, 0.0 ], [ 106.902713398105007, -6.514529647025427, 0.0 ], [ 106.902029637258124, -6.513745654038541, 0.0 ], [ 106.902089940398568, -6.513738096136059, 0.0 ], [ 106.902355272777839, -6.513704839206849, 0.0 ], [ 106.902467756382038, -6.513658736361396, 0.0 ], [ 106.902591602021033, -6.513396378939564, 0.0 ], [ 106.902920294336269, -6.513358598420407, 0.0 ], [ 106.903240594178286, -6.513176041441007, 0.0 ], [ 106.903318302797658, -6.513131749830183, 0.0 ], [ 106.903829999954738, -6.512540000420532, 0.0 ], [ 106.903919999608519, -6.512440000305588, 0.0 ], [ 106.904059999769316, -6.512280000121731, 0.0 ], [ 106.904099999815259, -6.512229999614618, 0.0 ], [ 106.904210000391373, -6.512189999568676, 0.0 ], [ 106.904340000091082, -6.512220000052817, 0.0 ], [ 106.904440000206023, -6.51226000009876, 0.0 ], [ 106.904569999905746, -6.512309999706591, 0.0 ], [ 106.904690000043573, -6.512349999752534, 0.0 ], [ 106.904759999674383, -6.512360000213704, 0.0 ], [ 106.904919999858322, -6.512289999683532, 0.0 ], [ 106.90501000041138, -6.512209999591647, 0.0 ], [ 106.905069999581002, -6.512150000422015, 0.0 ], [ 106.905140000111089, -6.512090000353012, 0.0 ], [ 106.905289999833869, -6.512019999823018, 0.0 ], [ 106.905429999994666, -6.511990000238157, 0.0 ], [ 106.905539999671419, -6.512010000261128, 0.0 ], [ 106.905679999832302, -6.51205999986896, 0.0 ], [ 106.905759999924186, -6.512099999914902, 0.0 ], [ 106.905940000131096, -6.512189999568676, 0.0 ], [ 106.906149999922704, -6.512309999706591, 0.0 ], [ 106.906290000083587, -6.512369999775505, 0.0 ], [ 106.906459999829252, -6.512420000282617, 0.0 ], [ 106.906530000359425, -6.512420000282617, 0.0 ], [ 106.906669999621016, -6.512360000213704, 0.0 ], [ 106.906740000151018, -6.512320000167762, 0.0 ], [ 106.90686000028893, -6.51226000009876, 0.0 ], [ 106.90703000003468, -6.512200000029758, 0.0 ], [ 106.907090000103594, -6.512189999568676, 0.0 ], [ 106.907159999734304, -6.512209999591647, 0.0 ], [ 106.907210000241506, -6.512240000075789, 0.0 ], [ 106.907319999918258, -6.512309999706591, 0.0 ], [ 106.907400000010142, -6.512360000213704, 0.0 ], [ 106.907560000194081, -6.512449999867478, 0.0 ], [ 106.907729999939747, -6.512549999982333, 0.0 ], [ 106.908679999682434, -6.512389999798476, 0.0 ], [ 106.909269999910748, -6.512110000376072, 0.0 ], [ 106.909390000048674, -6.512090000353012, 0.0 ], [ 106.909824662178607, -6.511945113276187, 0.0 ], [ 106.909840000116105, -6.511939999731045, 0.0 ], [ 106.910150000022639, -6.511760000423497, 0.0 ], [ 106.910379999837303, -6.51160999980144, 0.0 ], [ 106.910510000436304, -6.51140999957164, 0.0 ], [ 106.910729999789879, -6.511030000034381, 0.0 ], [ 106.910840000365909, -6.510769999735579, 0.0 ], [ 106.910950000042646, -6.510490000313087, 0.0 ], [ 106.911150000272457, -6.510290000083288, 0.0 ], [ 106.911329999580005, -6.510200000429514, 0.0 ], [ 106.911500000225033, -6.510200000429514, 0.0 ], [ 106.911680000431858, -6.510270000060316, 0.0 ], [ 106.911830000154538, -6.510430000244085, 0.0 ], [ 106.911959999854261, -6.51076000017369, 0.0 ], [ 106.912030000384433, -6.511259999848953, 0.0 ], [ 106.912039999946231, -6.511930000169244, 0.0 ], [ 106.912027215184011, -6.512294368590101, 0.0 ], [ 106.91201999992326, -6.512500000374501, 0.0 ], [ 106.911999999900289, -6.512659999659078, 0.0 ], [ 106.912039999946231, -6.512859999888878, 0.0 ], [ 106.912189999668925, -6.513109999726598, 0.0 ], [ 106.912339917553339, -6.513287176062157, 0.0 ], [ 106.91251999959853, -6.513499999725028, 0.0 ], [ 106.912544265105907, -6.513521916203349, 0.0 ], [ 106.912830000404355, -6.5137800000468, 0.0 ], [ 106.913279999572495, -6.514139999561177, 0.0 ], [ 106.913729999639941, -6.514589999628608, 0.0 ], [ 106.914079999592502, -6.514900000434523, 0.0 ], [ 106.91411252717154, -6.514920329609399, 0.0 ], [ 106.91423999977637, -6.514999999650097, 0.0 ], [ 106.914359999914197, -6.515059999719011, 0.0 ], [ 106.914410000421398, -6.515139999810984, 0.0 ], [ 106.914419999983195, -6.51527999997187, 0.0 ], [ 106.914390000398427, -6.515520000247612, 0.0 ], [ 106.914259999799341, -6.515939999830991, 0.0 ], [ 106.914259999799341, -6.516089999553678, 0.0 ], [ 106.914359999914197, -6.516389999898422, 0.0 ], [ 106.914449999567964, -6.516659999759025, 0.0 ], [ 106.914589999728861, -6.516940000080709, 0.0 ], [ 106.914709999866773, -6.517160000333568, 0.0 ], [ 106.914769999935771, -6.517290000033285, 0.0 ], [ 106.91478000039686, -6.517550000332086, 0.0 ], [ 106.914809999981713, -6.51782999975449, 0.0 ], [ 106.914879999612509, -6.51807000003032, 0.0 ], [ 106.914979999727365, -6.51827000026012, 0.0 ], [ 106.915150000372392, -6.518410000421007, 0.0 ], [ 106.915349999702926, -6.518609999751526, 0.0 ], [ 106.915610000001635, -6.518789999958354, 0.0 ], [ 106.915790000208546, -6.518999999750044, 0.0 ], [ 106.915800447632719, -6.519012014692596, 0.0 ], [ 106.915990000438342, -6.519229999564704, 0.0 ], [ 106.916120000138065, -6.519380000186672, 0.0 ], [ 106.916240000275977, -6.519420000232703, 0.0 ], [ 106.916380000436874, -6.519409999771533, 0.0 ], [ 106.916730000389435, -6.519249999587675, 0.0 ], [ 106.916889999673927, -6.519190000418043, 0.0 ], [ 106.917049999857795, -6.5191500003721, 0.0 ], [ 106.91716000043381, -6.519159999933901, 0.0 ], [ 106.91723000006462, -6.519190000418043, 0.0 ], [ 106.917270000110562, -6.519249999587675, 0.0 ], [ 106.917330000179561, -6.519380000186672, 0.0 ], [ 106.917359999764329, -6.51956999995539, 0.0 ], [ 106.917410000271445, -6.519790000208161, 0.0 ], [ 106.917479999902241, -6.519910000346076, 0.0 ], [ 106.917589999578993, -6.519979999976879, 0.0 ], [ 106.917749999762847, -6.520049999607593, 0.0 ], [ 106.918119999738394, -6.520060000068764, 0.0 ], [ 106.918427067855106, -6.520053467393474, 0.0 ], [ 106.918589999828797, -6.520049999607593, 0.0 ], [ 106.918859999689403, -6.520020000022821, 0.0 ], [ 106.9191100004264, -6.520020000022821, 0.0 ], [ 106.919240000126123, -6.520060000068764, 0.0 ], [ 106.919369999825747, -6.520180000206679, 0.0 ], [ 106.919550000032672, -6.520349999952337, 0.0 ], [ 106.919759999824265, -6.520699999904913, 0.0 ], [ 106.920049999707928, -6.521250000087289, 0.0 ], [ 106.920269999960695, -6.521600000039864, 0.0 ], [ 106.920510000236533, -6.521820000292635, 0.0 ], [ 106.920829999704878, -6.521949999992351, 0.0 ], [ 106.921069999980702, -6.522030000084236, 0.0 ], [ 106.921399999910221, -6.522030000084236, 0.0 ], [ 106.921729999839826, -6.521979999577212, 0.0 ], [ 106.921910000046651, -6.521869999900378, 0.0 ], [ 106.922130000299433, -6.52168999969355, 0.0 ], [ 106.922280000022198, -6.521370000225115, 0.0 ], [ 106.922449999767863, -6.521140000410544, 0.0 ], [ 106.922659999559556, -6.520969999765516, 0.0 ], [ 106.922779999697383, -6.520929999719574, 0.0 ], [ 106.922950000342411, -6.520900000134802, 0.0 ], [ 106.923109999626973, -6.520940000180744, 0.0 ], [ 106.92351000008658, -6.521160000433515, 0.0 ], [ 106.923920000108069, -6.521370000225115, 0.0 ], [ 106.924044209073145, -6.521463157398646, 0.0 ], [ 106.924080000291923, -6.521490000363119, 0.0 ], [ 106.9242399995765, -6.521709999716521, 0.0 ], [ 106.924390000198471, -6.521990000038294, 0.0 ], [ 106.924649999597989, -6.52254999978247, 0.0 ], [ 106.924869999850756, -6.52299999984999, 0.0 ], [ 106.925019999573536, -6.523229999664562, 0.0 ], [ 106.925199999780276, -6.523400000309589, 0.0 ], [ 106.925350000402332, -6.523509999986334, 0.0 ], [ 106.925580000216996, -6.523599999640108, 0.0 ], [ 106.9258599996394, -6.523650000147221, 0.0 ], [ 106.926130000399368, -6.523679999732082, 0.0 ], [ 106.926389999798801, -6.523679999732082, 0.0 ], [ 106.926659999659407, -6.523710000216134, 0.0 ], [ 106.926784931679421, -6.523719995281354, 0.0 ], [ 106.926910000396404, -6.523730000239105, 0.0 ], [ 106.927100000165041, -6.523810000331078, 0.0 ], [ 106.92732999997969, -6.523980000076826, 0.0 ], [ 106.927570000255443, -6.524200000329596, 0.0 ], [ 106.927719999978223, -6.524330000029313, 0.0 ], [ 106.927880000162077, -6.524390000098226, 0.0 ], [ 106.928129999999697, -6.524439999706058, 0.0 ], [ 106.928350000252479, -6.524550000282172, 0.0 ], [ 106.928524073927065, -6.524675720108277, 0.0 ], [ 106.928529999560027, -6.524679999981888, 0.0 ], [ 106.928600000090114, -6.524820000142686, 0.0 ], [ 106.928640000136056, -6.525090000003289, 0.0 ], [ 106.92866999972091, -6.525410000371004, 0.0 ], [ 106.928640000136056, -6.525540000070809, 0.0 ], [ 106.92858999962894, -6.525709999816467, 0.0 ], [ 106.928510000436333, -6.525849999977353, 0.0 ], [ 106.928410761147902, -6.52596728326337, 0.0 ], [ 106.928399999860304, -6.52597999967707, 0.0 ], [ 106.928370000275535, -6.526150000322097, 0.0 ], [ 106.928399999860304, -6.526280000021814, 0.0 ], [ 106.928470000390391, -6.5264200001827, 0.0 ], [ 106.92858999962894, -6.526500000274584, 0.0 ], [ 106.928780000296939, -6.526580000366557, 0.0 ], [ 106.92903000013456, -6.526690000043303, 0.0 ], [ 106.929400000110121, -6.526730000089245, 0.0 ], [ 106.929770000085654, -6.52664999999736, 0.0 ], [ 106.930360000313982, -6.526449999767561, 0.0 ], [ 106.9307500003125, -6.526309999606585, 0.0 ], [ 106.931040000196077, -6.52619000036804, 0.0 ], [ 106.931249999987671, -6.526170000345068, 0.0 ], [ 106.931490000263494, -6.526170000345068, 0.0 ], [ 106.93166000000916, -6.526230000414071, 0.0 ], [ 106.931789999708883, -6.526349999652616, 0.0 ], [ 106.931889999823824, -6.526580000366557, 0.0 ], [ 106.931929999869766, -6.526970000365075, 0.0 ], [ 106.931880000261927, -6.527249999787479, 0.0 ], [ 106.931809999731854, -6.527420000432507, 0.0 ], [ 106.931720000078073, -6.52749999962511, 0.0 ], [ 106.931519999848277, -6.527590000178165, 0.0 ], [ 106.931240000425873, -6.527619999763026, 0.0 ], [ 106.930739999851326, -6.527630000224196, 0.0 ], [ 106.929939999831319, -6.527650000247167, 0.0 ], [ 106.929480000202005, -6.527690000293109, 0.0 ], [ 106.929170000295457, -6.527779999946883, 0.0 ], [ 106.92895000004259, -6.527949999692542, 0.0 ], [ 106.928837126132635, -6.528108024065862, 0.0 ], [ 106.92880000031991, -6.528160000383512, 0.0 ], [ 106.928689999743881, -6.528419999783033, 0.0 ], [ 106.928641932779158, -6.528660333707261, 0.0 ], [ 106.928640000136056, -6.528669999620575, 0.0 ], [ 106.928660000159027, -6.528860000288574, 0.0 ], [ 106.928740000250997, -6.529019999573151, 0.0 ], [ 106.92895000004259, -6.529139999711067, 0.0 ], [ 106.929400000110121, -6.529359999963837, 0.0 ], [ 106.929939999831319, -6.529549999732556, 0.0 ], [ 106.930209999691925, -6.52964000028561, 0.0 ], [ 106.930559999644501, -6.529769999985415, 0.0 ], [ 106.931209999941728, -6.530039999845929, 0.0 ], [ 106.931370000125582, -6.5300599998689, 0.0 ], [ 106.931869999800853, -6.530039999845929, 0.0 ], [ 106.93204000044588, -6.530039999845929, 0.0 ], [ 106.932339999891255, -6.53007000033007, 0.0 ], [ 106.932640000235992, -6.530090000353042, 0.0 ], [ 106.932879999612453, -6.530099999914931, 0.0 ], [ 106.933070000280452, -6.530110000376013, 0.0 ], [ 106.933480000301941, -6.53007000033007, 0.0 ], [ 106.933799999770372, -6.530050000307099, 0.0 ], [ 106.934060000069096, -6.530050000307099, 0.0 ], [ 106.934249999837817, -6.53007999989196, 0.0 ], [ 106.934430000044642, -6.530110000376013, 0.0 ], [ 106.934550000182554, -6.530170000445015, 0.0 ], [ 106.934558639070119, -6.530178062867122, 0.0 ], [ 106.934699999905234, -6.530309999706532, 0.0 ], [ 106.934889999673956, -6.530650000097218, 0.0 ], [ 106.935000000249985, -6.530899999934849, 0.0 ], [ 106.935219999603476, -6.531599999839912, 0.0 ] ] ] ] } },
{ "type": "Feature", "properties": { "PROVNO": "32", "KABKOTNO": "01", "KECNO": "200", "DESANO": "004", "PROVINSI": "JAWA BARAT", "KABKOT": "BOGOR", "KECAMATAN": "CITEUREUP", "ID2013": "3201200004", "DESA": "PASIR MUKTI", "DESA_1": "PASIR MUKTI", "ID2012": "3201200004", "IDKAB2": "3201", "IDKEC_2": "3201200", "WILAYAH": "TENGAH" }, "geometry": { "type": "MultiPolygon", "coordinates": [ [ [ [ 106.898896047614713, -6.502268286651915, 0.0 ], [ 106.899075712374412, -6.502627941725994, 0.0 ], [ 106.89920863577008, -6.502894033132947, 0.0 ], [ 106.899230726716837, -6.502894374875314, 0.0 ], [ 106.899537888363085, -6.502899128691677, 0.0 ], [ 106.899860451798602, -6.502809262137568, 0.0 ], [ 106.900303786990364, -6.502845591150965, 0.0 ], [ 106.90048758503417, -6.502895560181834, 0.0 ], [ 106.900544218940709, -6.502859486575865, 0.0 ], [ 106.900727604195779, -6.50274267813197, 0.0 ], [ 106.900886029666751, -6.502780077338546, 0.0 ], [ 106.90118334013917, -6.502709301592837, 0.0 ], [ 106.901512901199652, -6.502796718393657, 0.0 ], [ 106.901729070340465, -6.503036539704379, 0.0 ], [ 106.901863003674833, -6.503295670358735, 0.0 ], [ 106.901977990991668, -6.503567535413293, 0.0 ], [ 106.902174547717408, -6.503642786185484, 0.0 ], [ 106.902283181323952, -6.503908343395128, 0.0 ], [ 106.902368896607456, -6.50415535658432, 0.0 ], [ 106.902436799918604, -6.504351040068315, 0.0 ], [ 106.902440604950101, -6.504437984725033, 0.0 ], [ 106.902457580553062, -6.504825900994362, 0.0 ], [ 106.902232296783296, -6.505529657367628, 0.0 ], [ 106.902139027194522, -6.506258701777448, 0.0 ], [ 106.902136256383301, -6.506280363747621, 0.0 ], [ 106.90212773800485, -6.506346945055288, 0.0 ], [ 106.90252901999844, -6.506985017644276, 0.0 ], [ 106.902893952294207, -6.507429367271325, 0.0 ], [ 106.903132642257816, -6.507720000277608, 0.0 ], [ 106.903145998988833, -6.507736263617527, 0.0 ], [ 106.9037228196526, -6.507727610340766, 0.0 ], [ 106.904230000414344, -6.507720000277608, 0.0 ], [ 106.905340000340885, -6.507569999655551, 0.0 ], [ 106.906069999830819, -6.507210000141264, 0.0 ], [ 106.906700000105076, -6.50670999956672, 0.0 ], [ 106.907440000056084, -6.505989999638597, 0.0 ], [ 106.907400000010142, -6.506120000237683, 0.0 ], [ 106.9073599999642, -6.506419999683057, 0.0 ], [ 106.907370000425374, -6.507150000072262, 0.0 ], [ 106.907370000425374, -6.508010000161182, 0.0 ], [ 106.907330000379332, -6.508520000297615, 0.0 ], [ 106.907310000356361, -6.508799999720019, 0.0 ], [ 106.907250000287448, -6.509019999972878, 0.0 ], [ 106.907130000149536, -6.509289999833481, 0.0 ], [ 106.907050000057652, -6.509639999785968, 0.0 ], [ 106.907019999573507, -6.509929999669541, 0.0 ], [ 106.907070000080623, -6.510239999576175, 0.0 ], [ 106.907159999734304, -6.510579999966861, 0.0 ], [ 106.907420000033113, -6.510980000426549, 0.0 ], [ 106.907979999777382, -6.511569999755498, 0.0 ], [ 106.908400000259945, -6.511899999685014, 0.0 ], [ 106.908779999797289, -6.512079999891931, 0.0 ], [ 106.909060000119069, -6.512139999960844, 0.0 ], [ 106.909269999910748, -6.512110000376072, 0.0 ], [ 106.908679999682434, -6.512389999798476, 0.0 ], [ 106.907729999939747, -6.512549999982333, 0.0 ], [ 106.907560000194081, -6.512449999867478, 0.0 ], [ 106.907400000010142, -6.512360000213704, 0.0 ], [ 106.907319999918258, -6.512309999706591, 0.0 ], [ 106.907210000241506, -6.512240000075789, 0.0 ], [ 106.907159999734304, -6.512209999591647, 0.0 ], [ 106.907090000103594, -6.512189999568676, 0.0 ], [ 106.90703000003468, -6.512200000029758, 0.0 ], [ 106.90686000028893, -6.51226000009876, 0.0 ], [ 106.906740000151018, -6.512320000167762, 0.0 ], [ 106.906669999621016, -6.512360000213704, 0.0 ], [ 106.906530000359425, -6.512420000282617, 0.0 ], [ 106.906459999829252, -6.512420000282617, 0.0 ], [ 106.906290000083587, -6.512369999775505, 0.0 ], [ 106.906149999922704, -6.512309999706591, 0.0 ], [ 106.905940000131096, -6.512189999568676, 0.0 ], [ 106.905759999924186, -6.512099999914902, 0.0 ], [ 106.905679999832302, -6.51205999986896, 0.0 ], [ 106.905539999671419, -6.512010000261128, 0.0 ], [ 106.905429999994666, -6.511990000238157, 0.0 ], [ 106.905289999833869, -6.512019999823018, 0.0 ], [ 106.905140000111089, -6.512090000353012, 0.0 ], [ 106.905069999581002, -6.512150000422015, 0.0 ], [ 106.90501000041138, -6.512209999591647, 0.0 ], [ 106.904919999858322, -6.512289999683532, 0.0 ], [ 106.904759999674383, -6.512360000213704, 0.0 ], [ 106.904690000043573, -6.512349999752534, 0.0 ], [ 106.904569999905746, -6.512309999706591, 0.0 ], [ 106.904440000206023, -6.51226000009876, 0.0 ], [ 106.904340000091082, -6.512220000052817, 0.0 ], [ 106.904210000391373, -6.512189999568676, 0.0 ], [ 106.904099999815259, -6.512229999614618, 0.0 ], [ 106.904059999769316, -6.512280000121731, 0.0 ], [ 106.903919999608519, -6.512440000305588, 0.0 ], [ 106.903829999954738, -6.512540000420532, 0.0 ], [ 106.903318302797658, -6.513131749830183, 0.0 ], [ 106.903240594178286, -6.513176041441007, 0.0 ], [ 106.902920294336269, -6.513358598420407, 0.0 ], [ 106.902591602021033, -6.513396378939564, 0.0 ], [ 106.902467756382038, -6.513658736361396, 0.0 ], [ 106.902355272777839, -6.513704839206849, 0.0 ], [ 106.902089940398568, -6.513738096136059, 0.0 ], [ 106.902029637258124, -6.513745654038541, 0.0 ], [ 106.902713398105007, -6.514529647025427, 0.0 ], [ 106.902739088138574, -6.514559103419728, 0.0 ], [ 106.902539318135183, -6.514873515400268, 0.0 ], [ 106.902458945723964, -6.51536105496854, 0.0 ], [ 106.902352519953013, -6.515373985420894, 0.0 ], [ 106.902239773746686, -6.51538768209571, 0.0 ], [ 106.902148521337423, -6.515398768038541, 0.0 ], [ 106.902182791802645, -6.515770642201204, 0.0 ], [ 106.902208837967692, -6.516053265845336, 0.0 ], [ 106.902250692415691, -6.516656064325712, 0.0 ], [ 106.900898827918724, -6.516661158985162, 0.0 ], [ 106.899653265086286, -6.516595809748651, 0.0 ], [ 106.899652837008972, -6.516595825037133, 0.0 ], [ 106.898301558870003, -6.516643529575052, 0.0 ], [ 106.898488992872899, -6.516286531997686, 0.0 ], [ 106.898397387929265, -6.516216836337776, 0.0 ], [ 106.898381316145006, -6.515991548071334, 0.0 ], [ 106.898347445878059, -6.515891182831659, 0.0 ], [ 106.897806432620925, -6.515594075605904, 0.0 ], [ 106.897697566089931, -6.515534288676275, 0.0 ], [ 106.897312967419694, -6.515279934321363, 0.0 ], [ 106.897012538997643, -6.515383511939401, 0.0 ], [ 106.896607490643319, -6.515523159566019, 0.0 ], [ 106.896099999615444, -6.515779999647133, 0.0 ], [ 106.895937423773233, -6.515897050008714, 0.0 ], [ 106.895932964934516, -6.515900259689058, 0.0 ], [ 106.895843155037753, -6.515977192193514, 0.0 ], [ 106.89581156365287, -6.516004253693222, 0.0 ], [ 106.895706164907764, -6.516315265337127, 0.0 ], [ 106.89557000035542, -6.516369999875451, 0.0 ], [ 106.895410000171552, -6.516400000359592, 0.0 ], [ 106.895310000056611, -6.51636000031365, 0.0 ], [ 106.89520999994167, -6.516260000198706, 0.0 ], [ 106.895189999918699, -6.516189999668622, 0.0 ], [ 106.895100000264932, -6.515899999785049, 0.0 ], [ 106.89502999973493, -6.515320000017812, 0.0 ], [ 106.89502999973493, -6.51505000015721, 0.0 ], [ 106.895169999895728, -6.514700000204723, 0.0 ], [ 106.89520999994167, -6.514540000020776, 0.0 ], [ 106.89520999994167, -6.514459999928892, 0.0 ], [ 106.89514000031096, -6.514359999813948, 0.0 ], [ 106.89506000021899, -6.514319999768006, 0.0 ], [ 106.89485999998918, -6.514299999745035, 0.0 ], [ 106.894650000197586, -6.514350000252147, 0.0 ], [ 106.894269999760866, -6.514339999790977, 0.0 ], [ 106.894120000038086, -6.514299999745035, 0.0 ], [ 106.894059999969173, -6.514250000137203, 0.0 ], [ 106.89420000013007, -6.514009999861461, 0.0 ], [ 106.894260000199068, -6.513829999654632, 0.0 ], [ 106.894260000199068, -6.513639999885914, 0.0 ], [ 106.893799999670463, -6.513410000071342, 0.0 ], [ 106.893649999947769, -6.513320000417568, 0.0 ], [ 106.893520000247975, -6.513180000256593, 0.0 ], [ 106.893460000179061, -6.513100000164709, 0.0 ], [ 106.893420000133034, -6.513009999611654, 0.0 ], [ 106.893320000018178, -6.512910000396079, 0.0 ], [ 106.893250000387368, -6.512830000304106, 0.0 ], [ 106.893211873629269, -6.512812208116738, 0.0 ], [ 106.893099999765312, -6.512759999774023, 0.0 ], [ 106.892760000273995, -6.512599999590165, 0.0 ], [ 106.89258000006717, -6.512540000420532, 0.0 ], [ 106.892239999676391, -6.512529999959362, 0.0 ], [ 106.891940000231017, -6.512540000420532, 0.0 ], [ 106.891927056288836, -6.512534822124163, 0.0 ], [ 106.891740000001136, -6.512460000328559, 0.0 ], [ 106.891510000186557, -6.512309999706591, 0.0 ], [ 106.891379999587471, -6.512180000006786, 0.0 ], [ 106.89122000030298, -6.511899999685014, 0.0 ], [ 106.891149999772807, -6.511680000331612, 0.0 ], [ 106.891100000165068, -6.511560000193697, 0.0 ], [ 106.891089999703894, -6.511489999663613, 0.0 ], [ 106.890839999866273, -6.51119000021815, 0.0 ], [ 106.890659999659434, -6.510969999965379, 0.0 ], [ 106.89059999959052, -6.510880000311605, 0.0 ], [ 106.890589070129636, -6.510849033056267, 0.0 ], [ 106.890583752438374, -6.51083396401603, 0.0 ], [ 106.890540000420884, -6.510709999666577, 0.0 ], [ 106.890480000351886, -6.510530000359118, 0.0 ], [ 106.890400000260001, -6.510279999622117, 0.0 ], [ 106.890289999683887, -6.510040000245656, 0.0 ], [ 106.890170000445352, -6.509599999740026, 0.0 ], [ 106.890070000330397, -6.509200000179707, 0.0 ], [ 106.889879999662398, -6.508870000250191, 0.0 ], [ 106.889819999593485, -6.508730000089216, 0.0 ], [ 106.889780000446819, -6.508489999813474, 0.0 ], [ 106.889620000262966, -6.508099999814956, 0.0 ], [ 106.889420000033169, -6.50776999988544, 0.0 ], [ 106.889286522655041, -6.507580322074027, 0.0 ], [ 106.889251823213229, -6.50753101224625, 0.0 ], [ 106.889230000264448, -6.507500000024837, 0.0 ], [ 106.889150000172563, -6.507419999932864, 0.0 ], [ 106.88905999961942, -6.507379999886922, 0.0 ], [ 106.888780000197016, -6.507419999932864, 0.0 ], [ 106.888680000082076, -6.507450000417005, 0.0 ], [ 106.888590000428309, -6.507520000047808, 0.0 ], [ 106.888490000313453, -6.507620000162753, 0.0 ], [ 106.888359999714368, -6.507509999586638, 0.0 ], [ 106.88808000029195, -6.507399999909893, 0.0 ], [ 106.887770000385416, -6.507290000233148, 0.0 ], [ 106.887764000108689, -6.507283999956517, 0.0 ], [ 106.887579999717417, -6.507099999565149, 0.0 ], [ 106.887389999948695, -6.506869999750489, 0.0 ], [ 106.887280000271943, -6.506849999727518, 0.0 ], [ 106.886799999720381, -6.506800000119775, 0.0 ], [ 106.886580000366891, -6.506729999589691, 0.0 ], [ 106.886429999744834, -6.506630000374027, 0.0 ], [ 106.886350085088509, -6.506572350233633, 0.0 ], [ 106.886070622561348, -6.506370748311188, 0.0 ], [ 106.885917614606427, -6.506540353254522, 0.0 ], [ 106.885754100771322, -6.506982755849346, 0.0 ], [ 106.885435472769032, -6.506765620836532, 0.0 ], [ 106.885342125838676, -6.5067020072917, 0.0 ], [ 106.884919503832208, -6.506690060697586, 0.0 ], [ 106.884557649915791, -6.50647627565947, 0.0 ], [ 106.884446289564806, -6.506484374953772, 0.0 ], [ 106.884342998830519, -6.506596168778014, 0.0 ], [ 106.884378413233406, -6.506822696310213, 0.0 ], [ 106.884225517693707, -6.507023032886519, 0.0 ], [ 106.883903463274393, -6.507181743442594, 0.0 ], [ 106.883853478055755, -6.507206973023241, 0.0 ], [ 106.883742442360017, -6.507263018773148, 0.0 ], [ 106.883519750436363, -6.507286899370737, 0.0 ], [ 106.883293045737616, -6.507264694210093, 0.0 ], [ 106.883054246956064, -6.507088866857504, 0.0 ], [ 106.882877361101563, -6.507035742105618, 0.0 ], [ 106.882674948889957, -6.50683775455855, 0.0 ], [ 106.882615215020365, -6.50677932560523, 0.0 ], [ 106.882483033565336, -6.506781557722565, 0.0 ], [ 106.882153952742925, -6.506688843015542, 0.0 ], [ 106.882157178611038, -6.506523639354302, 0.0 ], [ 106.882364249310825, -6.506430667441201, 0.0 ], [ 106.882690617777911, -6.506398718126185, 0.0 ], [ 106.883028038013748, -6.506239951812134, 0.0 ], [ 106.883115535753475, -6.506012965625665, 0.0 ], [ 106.883014224427129, -6.505787671963361, 0.0 ], [ 106.882799245988608, -6.505656868269707, 0.0 ], [ 106.88271794098037, -6.505484294664345, 0.0 ], [ 106.882909717809454, -6.505410588028084, 0.0 ], [ 106.882983037737176, -6.505383798123567, 0.0 ], [ 106.883047806910938, -6.505360131564633, 0.0 ], [ 106.88316038134667, -6.505447704847569, 0.0 ], [ 106.883190337764105, -6.505471009879074, 0.0 ], [ 106.883305654232743, -6.505493629627193, 0.0 ], [ 106.883325359278075, -6.505628016219802, 0.0 ], [ 106.883394883167483, -6.505731482321888, 0.0 ], [ 106.88345659104904, -6.505736736161296, 0.0 ], [ 106.883567784126086, -6.505746204223808, 0.0 ], [ 106.883641911645057, -6.50569251559693, 0.0 ], [ 106.883832782856786, -6.505737532960634, 0.0 ], [ 106.883863868822672, -6.50583346004602, 0.0 ], [ 106.883837612216183, -6.506002591945883, 0.0 ], [ 106.883907136105591, -6.506106058047969, 0.0 ], [ 106.884038754585077, -6.50615486515477, 0.0 ], [ 106.884060990322595, -6.506163110139287, 0.0 ], [ 106.884191697788779, -6.506193356138326, 0.0 ], [ 106.884322234383745, -6.506177501989931, 0.0 ], [ 106.884479699378829, -6.506173073728263, 0.0 ], [ 106.884591488706405, -6.506280224352725, 0.0 ], [ 106.88459961498036, -6.506399285598388, 0.0 ], [ 106.884619091598012, -6.506472205327842, 0.0 ], [ 106.88492710130491, -6.506666982295286, 0.0 ], [ 106.885361216646984, -6.506688413139585, 0.0 ], [ 106.885742462644686, -6.506952065585239, 0.0 ], [ 106.885901028409918, -6.506535224420897, 0.0 ], [ 106.886059057279823, -6.506359265767383, 0.0 ], [ 106.886199034058336, -6.506143173968173, 0.0 ], [ 106.886256379328657, -6.506054647403872, 0.0 ], [ 106.886548464740059, -6.505998741948229, 0.0 ], [ 106.887413251920236, -6.506019875116955, 0.0 ], [ 106.88849154444938, -6.506525930826914, 0.0 ], [ 106.888810193136095, -6.506675477291282, 0.0 ], [ 106.888982967290289, -6.506467753683722, 0.0 ], [ 106.889165330016183, -6.506381804576424, 0.0 ], [ 106.889275086875955, -6.506420982642016, 0.0 ], [ 106.889763115675379, -6.506653642651319, 0.0 ], [ 106.889884948631632, -6.506665368911548, 0.0 ], [ 106.890485746120461, -6.506928058183217, 0.0 ], [ 106.89066236307778, -6.506992106999956, 0.0 ], [ 106.891790666006656, -6.507401279645233, 0.0 ], [ 106.891968867569318, -6.507016911201315, 0.0 ], [ 106.892213139624872, -6.50638867359822, 0.0 ], [ 106.891609937348932, -6.506296529061419, 0.0 ], [ 106.892202274915206, -6.50511275415008, 0.0 ], [ 106.8926687163883, -6.505272406296339, 0.0 ], [ 106.89295220338164, -6.505359656722689, 0.0 ], [ 106.893263908402815, -6.505545653608849, 0.0 ], [ 106.893312284734378, -6.505574520947235, 0.0 ], [ 106.893421714240901, -6.505377349085197, 0.0 ], [ 106.893566327923892, -6.505116781314282, 0.0 ], [ 106.893850494804667, -6.504534175311818, 0.0 ], [ 106.893962148334651, -6.504305261878187, 0.0 ], [ 106.894128988761992, -6.504140194014543, 0.0 ], [ 106.89396341368078, -6.503830197705298, 0.0 ], [ 106.894215231947555, -6.503591726277005, 0.0 ], [ 106.894299877937243, -6.503430010186619, 0.0 ], [ 106.894320678356763, -6.50329289595021, 0.0 ], [ 106.894435727726801, -6.503127266010402, 0.0 ], [ 106.894477368136222, -6.503067319900726, 0.0 ], [ 106.89446189530041, -6.502789900633257, 0.0 ], [ 106.894490309380473, -6.502729260247033, 0.0 ], [ 106.894621985416421, -6.502448232899507, 0.0 ], [ 106.894774275712436, -6.50246288915092, 0.0 ], [ 106.895021531718513, -6.502632495892815, 0.0 ], [ 106.895155429079978, -6.502613723444419, 0.0 ], [ 106.895368373251955, -6.502564201376639, 0.0 ], [ 106.89567523362534, -6.502389471196981, 0.0 ], [ 106.895985321665378, -6.502263453695303, 0.0 ], [ 106.896159155221028, -6.502312425377923, 0.0 ], [ 106.896312600246418, -6.502355652191429, 0.0 ], [ 106.896591631998348, -6.502373853570322, 0.0 ], [ 106.896841591366481, -6.502452092789692, 0.0 ], [ 106.897314312805449, -6.502663487429885, 0.0 ], [ 106.897524555414108, -6.502705331085981, 0.0 ], [ 106.897776189319913, -6.502481464647705, 0.0 ], [ 106.898111131024052, -6.502315562213248, 0.0 ], [ 106.898357169348088, -6.502228395423995, 0.0 ], [ 106.898364050960339, -6.502225957361887, 0.0 ], [ 106.898680544871425, -6.502205771179295, 0.0 ], [ 106.898860449750146, -6.502257959736859, 0.0 ], [ 106.898896047614713, -6.502268286651915, 0.0 ] ] ] ] } },
{ "type": "Feature", "properties": { "PROVNO": "32", "KABKOTNO": "01", "KECNO": "200", "DESANO": "005", "PROVINSI": "JAWA BARAT", "KABKOT": "BOGOR", "KECAMATAN": "CITEUREUP", "ID2013": "3201200005", "DESA": "SUKAHATI", "DESA_1": "SUKAHATI", "ID2012": "3201200005", "IDKAB2": "3201", "IDKEC_2": "3201200", "WILAYAH": "TENGAH" }, "geometry": { "type": "MultiPolygon", "coordinates": [ [ [ [ 106.879611150234552, -6.502891047383699, 0.0 ], [ 106.879630000024633, -6.502889999673602, 0.0 ], [ 106.879790000208487, -6.503089999903402, 0.0 ], [ 106.879919999908211, -6.503259999649149, 0.0 ], [ 106.880109999676932, -6.503539999970922, 0.0 ], [ 106.8803299999297, -6.503990000038264, 0.0 ], [ 106.880499999675436, -6.504250000337066, 0.0 ], [ 106.880594045379027, -6.504344045141366, 0.0 ], [ 106.880650000297493, -6.504400000059753, 0.0 ], [ 106.880820000043158, -6.504400000059753, 0.0 ], [ 106.881310000156532, -6.504689999943327, 0.0 ], [ 106.881866974581428, -6.504951710752707, 0.0 ], [ 106.882139999761392, -6.505079999941845, 0.0 ], [ 106.882326104566204, -6.505210189398571, 0.0 ], [ 106.88271794098037, -6.505484294664345, 0.0 ], [ 106.882799245988608, -6.505656868269707, 0.0 ], [ 106.883014224427129, -6.505787671963361, 0.0 ], [ 106.883115535753475, -6.506012965625665, 0.0 ], [ 106.883028038013748, -6.506239951812134, 0.0 ], [ 106.882690617777911, -6.506398718126185, 0.0 ], [ 106.882364249310825, -6.506430667441201, 0.0 ], [ 106.882157178611038, -6.506523639354302, 0.0 ], [ 106.882153952742925, -6.506688843015542, 0.0 ], [ 106.882483033565336, -6.506781557722565, 0.0 ], [ 106.882615215020365, -6.50677932560523, 0.0 ], [ 106.882674948889957, -6.50683775455855, 0.0 ], [ 106.882877361101563, -6.507035742105618, 0.0 ], [ 106.883054246956064, -6.507088866857504, 0.0 ], [ 106.883293045737616, -6.507264694210093, 0.0 ], [ 106.883519750436363, -6.507286899370737, 0.0 ], [ 106.883742442360017, -6.507263018773148, 0.0 ], [ 106.883853478055755, -6.507206973023241, 0.0 ], [ 106.883903463274393, -6.507181743442594, 0.0 ], [ 106.884225517693707, -6.507023032886519, 0.0 ], [ 106.884378413233406, -6.506822696310213, 0.0 ], [ 106.884342998830519, -6.506596168778014, 0.0 ], [ 106.884446289564806, -6.506484374953772, 0.0 ], [ 106.884557649915791, -6.50647627565947, 0.0 ], [ 106.884919503832208, -6.506690060697586, 0.0 ], [ 106.885342125838676, -6.5067020072917, 0.0 ], [ 106.885435472769032, -6.506765620836532, 0.0 ], [ 106.885754100771322, -6.506982755849346, 0.0 ], [ 106.885917614606427, -6.506540353254522, 0.0 ], [ 106.886070622561348, -6.506370748311188, 0.0 ], [ 106.886350085088509, -6.506572350233633, 0.0 ], [ 106.886429999744834, -6.506630000374027, 0.0 ], [ 106.886580000366891, -6.506729999589691, 0.0 ], [ 106.886799999720381, -6.506800000119775, 0.0 ], [ 106.887280000271943, -6.506849999727518, 0.0 ], [ 106.887389999948695, -6.506869999750489, 0.0 ], [ 106.887579999717417, -6.507099999565149, 0.0 ], [ 106.887764000108689, -6.507283999956517, 0.0 ], [ 106.887770000385416, -6.507290000233148, 0.0 ], [ 106.88808000029195, -6.507399999909893, 0.0 ], [ 106.888359999714368, -6.507509999586638, 0.0 ], [ 106.888490000313453, -6.507620000162753, 0.0 ], [ 106.888590000428309, -6.507520000047808, 0.0 ], [ 106.888680000082076, -6.507450000417005, 0.0 ], [ 106.888780000197016, -6.507419999932864, 0.0 ], [ 106.88905999961942, -6.507379999886922, 0.0 ], [ 106.889150000172563, -6.507419999932864, 0.0 ], [ 106.889230000264448, -6.507500000024837, 0.0 ], [ 106.889251823213229, -6.50753101224625, 0.0 ], [ 106.889286522655041, -6.507580322074027, 0.0 ], [ 106.889420000033169, -6.50776999988544, 0.0 ], [ 106.889620000262966, -6.508099999814956, 0.0 ], [ 106.889780000446819, -6.508489999813474, 0.0 ], [ 106.889819999593485, -6.508730000089216, 0.0 ], [ 106.889879999662398, -6.508870000250191, 0.0 ], [ 106.890070000330397, -6.509200000179707, 0.0 ], [ 106.890170000445352, -6.509599999740026, 0.0 ], [ 106.890289999683887, -6.510040000245656, 0.0 ], [ 106.890400000260001, -6.510279999622117, 0.0 ], [ 106.890480000351886, -6.510530000359118, 0.0 ], [ 106.890540000420884, -6.510709999666577, 0.0 ], [ 106.890583752438374, -6.51083396401603, 0.0 ], [ 106.890589070129636, -6.510849033056267, 0.0 ], [ 106.89059999959052, -6.510880000311605, 0.0 ], [ 106.890659999659434, -6.510969999965379, 0.0 ], [ 106.890839999866273, -6.51119000021815, 0.0 ], [ 106.891089999703894, -6.511489999663613, 0.0 ], [ 106.891100000165068, -6.511560000193697, 0.0 ], [ 106.891149999772807, -6.511680000331612, 0.0 ], [ 106.89122000030298, -6.511899999685014, 0.0 ], [ 106.891379999587471, -6.512180000006786, 0.0 ], [ 106.891510000186557, -6.512309999706591, 0.0 ], [ 106.891740000001136, -6.512460000328559, 0.0 ], [ 106.891927056288836, -6.512534822124163, 0.0 ], [ 106.891940000231017, -6.512540000420532, 0.0 ], [ 106.892239999676391, -6.512529999959362, 0.0 ], [ 106.89258000006717, -6.512540000420532, 0.0 ], [ 106.892760000273995, -6.512599999590165, 0.0 ], [ 106.893099999765312, -6.512759999774023, 0.0 ], [ 106.893211873629269, -6.512812208116738, 0.0 ], [ 106.893250000387368, -6.512830000304106, 0.0 ], [ 106.893320000018178, -6.512910000396079, 0.0 ], [ 106.893420000133034, -6.513009999611654, 0.0 ], [ 106.893460000179061, -6.513100000164709, 0.0 ], [ 106.893520000247975, -6.513180000256593, 0.0 ], [ 106.893649999947769, -6.513320000417568, 0.0 ], [ 106.893799999670463, -6.513410000071342, 0.0 ], [ 106.894260000199068, -6.513639999885914, 0.0 ], [ 106.894260000199068, -6.513829999654632, 0.0 ], [ 106.89420000013007, -6.514009999861461, 0.0 ], [ 106.894059999969173, -6.514250000137203, 0.0 ], [ 106.894120000038086, -6.514299999745035, 0.0 ], [ 106.894269999760866, -6.514339999790977, 0.0 ], [ 106.894650000197586, -6.514350000252147, 0.0 ], [ 106.89485999998918, -6.514299999745035, 0.0 ], [ 106.89506000021899, -6.514319999768006, 0.0 ], [ 106.89514000031096, -6.514359999813948, 0.0 ], [ 106.89520999994167, -6.514459999928892, 0.0 ], [ 106.89520999994167, -6.514540000020776, 0.0 ], [ 106.895169999895728, -6.514700000204723, 0.0 ], [ 106.89502999973493, -6.51505000015721, 0.0 ], [ 106.89502999973493, -6.515320000017812, 0.0 ], [ 106.895100000264932, -6.515899999785049, 0.0 ], [ 106.895189999918699, -6.516189999668622, 0.0 ], [ 106.895109999826815, -6.516320000267619, 0.0 ], [ 106.895049999757902, -6.516449999967424, 0.0 ], [ 106.895049999757902, -6.51657999966714, 0.0 ], [ 106.89506000021899, -6.516819999942882, 0.0 ], [ 106.894980000127106, -6.516900000034767, 0.0 ], [ 106.894900000035122, -6.516989999688541, 0.0 ], [ 106.89485999998918, -6.517140000310597, 0.0 ], [ 106.894839999966209, -6.517240000425542, 0.0 ], [ 106.894670000220557, -6.517299999595174, 0.0 ], [ 106.894510000036604, -6.517379999687059, 0.0 ], [ 106.894449999967691, -6.517470000240202, 0.0 ], [ 106.894420000382837, -6.517559999893976, 0.0 ], [ 106.894320000267982, -6.51784999977755, 0.0 ], [ 106.894280000222039, -6.518000000399518, 0.0 ], [ 106.894269999760866, -6.518119999638063, 0.0 ], [ 106.894389999898777, -6.51827000026012, 0.0 ], [ 106.894420000382837, -6.518370000375064, 0.0 ], [ 106.894369999875806, -6.518520000097752, 0.0 ], [ 106.894260000199068, -6.518649999797468, 0.0 ], [ 106.894160000084128, -6.518669999820439, 0.0 ], [ 106.894030000384404, -6.518600000189636, 0.0 ], [ 106.893979999877288, -6.518560000143694, 0.0 ], [ 106.89391999980829, -6.518560000143694, 0.0 ], [ 106.893790000108567, -6.518830000004385, 0.0 ], [ 106.893640000385886, -6.519010000211125, 0.0 ], [ 106.893509999786801, -6.519119999887959, 0.0 ], [ 106.893130000249457, -6.519190000418043, 0.0 ], [ 106.892950000042617, -6.519369999725502, 0.0 ], [ 106.892919999558487, -6.519500000324587, 0.0 ], [ 106.892959999604514, -6.519659999609164, 0.0 ], [ 106.892959999604514, -6.519819999793022, 0.0 ], [ 106.892741161275723, -6.519896998847265, 0.0 ], [ 106.892419999883217, -6.520009999561651, 0.0 ], [ 106.892319999768361, -6.520100000114795, 0.0 ], [ 106.892139999561536, -6.520160000183708, 0.0 ], [ 106.892020000322901, -6.520169999745509, 0.0 ], [ 106.891929999769843, -6.520229999814511, 0.0 ], [ 106.891650000347354, -6.520269999860453, 0.0 ], [ 106.891510000186557, -6.520320000367565, 0.0 ], [ 106.891331784234609, -6.520592013810269, 0.0 ], [ 106.891129999749836, -6.520900000134802, 0.0 ], [ 106.890989999589038, -6.52106000031857, 0.0 ], [ 106.890850000327433, -6.521339999741063, 0.0 ], [ 106.890099999915265, -6.521559999993833, 0.0 ], [ 106.889401761782082, -6.521796024366857, 0.0 ], [ 106.889390000448316, -6.521800000269664, 0.0 ], [ 106.888620000013162, -6.522010000061265, 0.0 ], [ 106.888339135442976, -6.522168750187554, 0.0 ], [ 106.888160000383934, -6.522270000360066, 0.0 ], [ 106.88763999978633, -6.522709999966327, 0.0 ], [ 106.886619977030463, -6.523253034000156, 0.0 ], [ 106.886250000437371, -6.523449999917332, 0.0 ], [ 106.88548999956403, -6.523949999592684, 0.0 ], [ 106.885099999565512, -6.52449000021317, 0.0 ], [ 106.884994329225123, -6.524693213720703, 0.0 ], [ 106.884840000166079, -6.524989999888433, 0.0 ], [ 106.884493476992546, -6.526338267996525, 0.0 ], [ 106.88431987096547, -6.526603860279714, 0.0 ], [ 106.883792706368439, -6.527410342613074, 0.0 ], [ 106.883450376733663, -6.527934055611997, 0.0 ], [ 106.883323476097701, -6.528128195859342, 0.0 ], [ 106.88301870844677, -6.528007593175769, 0.0 ], [ 106.882815858265403, -6.528015115105248, 0.0 ], [ 106.882470589646204, -6.527914954011784, 0.0 ], [ 106.882347444579082, -6.527849986987135, 0.0 ], [ 106.882111848283358, -6.527828369083846, 0.0 ], [ 106.881746469923797, -6.527775625644452, 0.0 ], [ 106.88147558962693, -6.527675185761019, 0.0 ], [ 106.881006139022233, -6.527384710136133, 0.0 ], [ 106.880736758794598, -6.52721802888875, 0.0 ], [ 106.880571985908603, -6.52718168009029, 0.0 ], [ 106.880405117602223, -6.52714486904026, 0.0 ], [ 106.880327301963575, -6.527125223350208, 0.0 ], [ 106.88014112791096, -6.527078219384155, 0.0 ], [ 106.879904238390068, -6.527024995706867, 0.0 ], [ 106.879771436402891, -6.526908120713006, 0.0 ], [ 106.879747690703525, -6.52675504081234, 0.0 ], [ 106.879665254348183, -6.526410410711705, 0.0 ], [ 106.879624375664633, -6.52632940158048, 0.0 ], [ 106.879414258961049, -6.526201679863455, 0.0 ], [ 106.879130108268015, -6.52616892205792, 0.0 ], [ 106.878996076907612, -6.526108984941494, 0.0 ], [ 106.878920116570299, -6.526075016648516, 0.0 ], [ 106.878561022673196, -6.525893742102387, 0.0 ], [ 106.878371245037101, -6.525779469746542, 0.0 ], [ 106.878303015272152, -6.525617401121977, 0.0 ], [ 106.878288279880394, -6.525292808815877, 0.0 ], [ 106.877528763741623, -6.524727505769548, 0.0 ], [ 106.877277796233514, -6.524525536923811, 0.0 ], [ 106.877174107998883, -6.524459666080631, 0.0 ], [ 106.877115923661094, -6.524422703045154, 0.0 ], [ 106.876969999665903, -6.524330000029313, 0.0 ], [ 106.876606369588472, -6.524007248635435, 0.0 ], [ 106.876368650892715, -6.523730831212706, 0.0 ], [ 106.876198758166339, -6.523508267892133, 0.0 ], [ 106.876188142568878, -6.523482011285644, 0.0 ], [ 106.876103203400291, -6.523271900877372, 0.0 ], [ 106.87599442410361, -6.523116746240678, 0.0 ], [ 106.875743684123904, -6.522975646208931, 0.0 ], [ 106.875526353958293, -6.52272620485034, 0.0 ], [ 106.875275588797578, -6.522578341017429, 0.0 ], [ 106.875031334728519, -6.522362817589791, 0.0 ], [ 106.874800607362317, -6.522147243800038, 0.0 ], [ 106.874631699393646, -6.52188773902779, 0.0 ], [ 106.874337917860771, -6.521384688852141, 0.0 ], [ 106.873902306046773, -6.520628796981178, 0.0 ], [ 106.873819724900585, -6.520243584074006, 0.0 ], [ 106.873885640709929, -6.519783420768057, 0.0 ], [ 106.874053596296605, -6.519485202879629, 0.0 ], [ 106.874120265737872, -6.519227942815089, 0.0 ], [ 106.87407011594324, -6.518470617424867, 0.0 ], [ 106.873988640063857, -6.518382993779994, 0.0 ], [ 106.873703990247165, -6.518214964448834, 0.0 ], [ 106.873467154685599, -6.518175262977834, 0.0 ], [ 106.873129862153561, -6.518399711277514, 0.0 ], [ 106.872846894069042, -6.51868482874173, 0.0 ], [ 106.872648947890838, -6.518841459165827, 0.0 ], [ 106.872394287766298, -6.518815016399717, 0.0 ], [ 106.872170801741234, -6.518727919757552, 0.0 ], [ 106.872089074951006, -6.518572661698876, 0.0 ], [ 106.872461120884182, -6.516778953086035, 0.0 ], [ 106.872553537016259, -6.515832155829173, 0.0 ], [ 106.872667829157166, -6.514661249317069, 0.0 ], [ 106.872668837297141, -6.514438008806902, 0.0 ], [ 106.87274441632195, -6.513950668888082, 0.0 ], [ 106.872752149592159, -6.513554536412549, 0.0 ], [ 106.872753262053578, -6.51349756885752, 0.0 ], [ 106.872764294037069, -6.5134906710575, 0.0 ], [ 106.873090602249619, -6.513286649059449, 0.0 ], [ 106.873345626599615, -6.513311342644226, 0.0 ], [ 106.873646981323276, -6.512787106239806, 0.0 ], [ 106.873849227160321, -6.512435277965558, 0.0 ], [ 106.874096612668765, -6.512201586433921, 0.0 ], [ 106.874323714867757, -6.512076596857277, 0.0 ], [ 106.874737673704843, -6.511908552237724, 0.0 ], [ 106.87506426430447, -6.51163926913684, 0.0 ], [ 106.875345961646985, -6.511310581318099, 0.0 ], [ 106.876013567971967, -6.511032736671343, 0.0 ], [ 106.876104200748443, -6.510995017306023, 0.0 ], [ 106.876355564857619, -6.510517514171834, 0.0 ], [ 106.876375528008396, -6.509832471790968, 0.0 ], [ 106.876633854668825, -6.509844429176894, 0.0 ], [ 106.876709609960727, -6.509858108764579, 0.0 ], [ 106.876793142589634, -6.509848141578303, 0.0 ], [ 106.876909767571831, -6.509955344363529, 0.0 ], [ 106.877082242251873, -6.510032201324858, 0.0 ], [ 106.87718564180409, -6.510011116719507, 0.0 ], [ 106.877254124278537, -6.509949758674285, 0.0 ], [ 106.877318646138832, -6.509936603391377, 0.0 ], [ 106.877340328793352, -6.509979576596017, 0.0 ], [ 106.87785317528396, -6.508978816419067, 0.0 ], [ 106.877929233647393, -6.508595352693227, 0.0 ], [ 106.877970251725927, -6.508366275582969, 0.0 ], [ 106.878055749373544, -6.507888795831054, 0.0 ], [ 106.878182042067721, -6.507224070034603, 0.0 ], [ 106.878376630177527, -6.506199885216315, 0.0 ], [ 106.877815974827556, -6.505917811957342, 0.0 ], [ 106.87756984387336, -6.505712066858251, 0.0 ], [ 106.876613884323532, -6.504681814314086, 0.0 ], [ 106.876610368873557, -6.504678027269009, 0.0 ], [ 106.87696558219605, -6.504312139893145, 0.0 ], [ 106.876805870694596, -6.504027106965307, 0.0 ], [ 106.876728752929708, -6.50376715702853, 0.0 ], [ 106.87662039901241, -6.503640614322705, 0.0 ], [ 106.876656349411149, -6.503404628620526, 0.0 ], [ 106.876728716057613, -6.502929592326669, 0.0 ], [ 106.876831563426094, -6.502804352738547, 0.0 ], [ 106.876990673281071, -6.502760708639634, 0.0 ], [ 106.87717143431442, -6.502751426736744, 0.0 ], [ 106.877295660366613, -6.502587359818648, 0.0 ], [ 106.877381112148797, -6.502414826682781, 0.0 ], [ 106.877426837278875, -6.502241435593561, 0.0 ], [ 106.877441545690971, -6.502226937622915, 0.0 ], [ 106.877517883743479, -6.502151688649374, 0.0 ], [ 106.877818294179107, -6.501905165590784, 0.0 ], [ 106.877917282556695, -6.501900492713411, 0.0 ], [ 106.878021522975033, -6.501860783148441, 0.0 ], [ 106.878162069024413, -6.501744588941474, 0.0 ], [ 106.878217485248911, -6.501597999447952, 0.0 ], [ 106.878316522189962, -6.501606241734539, 0.0 ], [ 106.87839816534327, -6.501567191372573, 0.0 ], [ 106.878540119730886, -6.501540831344101, 0.0 ], [ 106.878568832385895, -6.501484802681325, 0.0 ], [ 106.878604225204967, -6.501415735647544, 0.0 ], [ 106.879119999888289, -6.502380000436538, 0.0 ], [ 106.879249999588012, -6.502630000274081, 0.0 ], [ 106.879449999817808, -6.502900000134773, 0.0 ], [ 106.879611150234552, -6.502891047383699, 0.0 ] ] ] ] } },
{ "type": "Feature", "properties": { "PROVNO": "32", "KABKOTNO": "01", "KECNO": "200", "DESANO": "006", "PROVINSI": "JAWA BARAT", "KABKOT": "BOGOR", "KECAMATAN": "CITEUREUP", "ID2013": "3201200006", "DESA": "LEUWINUTUG", "DESA_1": "LEUWINUTUG", "ID2012": "3201200006", "IDKAB2": "3201", "IDKEC_2": "3201200", "WILAYAH": "TENGAH" }, "geometry": { "type": "MultiPolygon", "coordinates": [ [ [ [ 106.858673386168022, -6.501089913968219, 0.0 ], [ 106.858587963164155, -6.501499544368308, 0.0 ], [ 106.858505633828088, -6.502140375177969, 0.0 ], [ 106.858643805667299, -6.502293383132987, 0.0 ], [ 106.858583076248124, -6.503050595208695, 0.0 ], [ 106.858805638669509, -6.503123887257392, 0.0 ], [ 106.858822196986978, -6.503309102632873, 0.0 ], [ 106.858949355728384, -6.50334569065091, 0.0 ], [ 106.859141569627923, -6.503915073022029, 0.0 ], [ 106.859349223088401, -6.50413826496882, 0.0 ], [ 106.859757768006745, -6.504412030290787, 0.0 ], [ 106.859439790214282, -6.504798462678743, 0.0 ], [ 106.85945868317188, -6.504813207063744, 0.0 ], [ 106.860031527932847, -6.505260259153491, 0.0 ], [ 106.860150492951036, -6.505353099765578, 0.0 ], [ 106.860646880049671, -6.505809072230786, 0.0 ], [ 106.860675211392092, -6.50583509681212, 0.0 ], [ 106.860756930987719, -6.505894473650855, 0.0 ], [ 106.861236041210503, -6.506242591322344, 0.0 ], [ 106.861334052024986, -6.506228219256762, 0.0 ], [ 106.861598085783214, -6.505990181301726, 0.0 ], [ 106.861903741064936, -6.505696210011926, 0.0 ], [ 106.862192157242447, -6.50567524771434, 0.0 ], [ 106.862307969237548, -6.505666830959314, 0.0 ], [ 106.862503008807025, -6.505624276838731, 0.0 ], [ 106.862614650645824, -6.505651755623845, 0.0 ], [ 106.862976846304619, -6.50556675080475, 0.0 ], [ 106.863491995959023, -6.505369622110226, 0.0 ], [ 106.864188294254575, -6.505143935444071, 0.0 ], [ 106.864398909182469, -6.505076888287622, 0.0 ], [ 106.864235734391812, -6.505426410700146, 0.0 ], [ 106.864076790012021, -6.505571549587188, 0.0 ], [ 106.863878361797106, -6.505821511653256, 0.0 ], [ 106.863969373188141, -6.506175081914325, 0.0 ], [ 106.864024524112679, -6.506264601330116, 0.0 ], [ 106.864128824785581, -6.506388015294498, 0.0 ], [ 106.864101154444896, -6.506772746165126, 0.0 ], [ 106.864026695076092, -6.506777276050304, 0.0 ], [ 106.86400696035308, -6.506907677747034, 0.0 ], [ 106.863957968885302, -6.507137148760247, 0.0 ], [ 106.86379252960171, -6.507356561755753, 0.0 ], [ 106.863745085867251, -6.507521748329861, 0.0 ], [ 106.863696561147549, -6.507767699419578, 0.0 ], [ 106.863651503314344, -6.507929000922488, 0.0 ], [ 106.863627297162239, -6.508015655997514, 0.0 ], [ 106.863647819691337, -6.508175087809889, 0.0 ], [ 106.86372792590322, -6.508274483580436, 0.0 ], [ 106.864112751202669, -6.508414162683298, 0.0 ], [ 106.864122171601181, -6.508417581905714, 0.0 ], [ 106.86350844815658, -6.509831959177372, 0.0 ], [ 106.86377048092308, -6.509953365854972, 0.0 ], [ 106.863895975918723, -6.510011510622551, 0.0 ], [ 106.864374376576393, -6.510233168325854, 0.0 ], [ 106.86445704585617, -6.510163746959243, 0.0 ], [ 106.864457775206347, -6.510163135420246, 0.0 ], [ 106.864459735728403, -6.510164477208704, 0.0 ], [ 106.864808630414174, -6.510403236420039, 0.0 ], [ 106.864863138323386, -6.510440537600584, 0.0 ], [ 106.864766312815235, -6.510650069744752, 0.0 ], [ 106.865479184716747, -6.511135512094004, 0.0 ], [ 106.865528498141828, -6.511048455022053, 0.0 ], [ 106.86597787228115, -6.510255136065481, 0.0 ], [ 106.866296438230222, -6.509682214862114, 0.0 ], [ 106.866393416623012, -6.509514517380879, 0.0 ], [ 106.866419692115286, -6.509502136414316, 0.0 ], [ 106.86660219423608, -6.509416130649761, 0.0 ], [ 106.867103917911663, -6.509358496697129, 0.0 ], [ 106.867759679265944, -6.509481577912304, 0.0 ], [ 106.867983016902855, -6.509550475873596, 0.0 ], [ 106.868277106003845, -6.509048477904802, 0.0 ], [ 106.868343252938885, -6.508935566223197, 0.0 ], [ 106.868453356937067, -6.508755789048273, 0.0 ], [ 106.86863429243877, -6.508460360856851, 0.0 ], [ 106.868744594287747, -6.508125275261047, 0.0 ], [ 106.868774532718689, -6.508155442119836, 0.0 ], [ 106.869682246338783, -6.509070061633828, 0.0 ], [ 106.869891744308774, -6.509166900631804, 0.0 ], [ 106.870184363917403, -6.509378099219756, 0.0 ], [ 106.870316343024953, -6.509473353612218, 0.0 ], [ 106.87035308392781, -6.509499871022086, 0.0 ], [ 106.870715555678558, -6.509985230633699, 0.0 ], [ 106.871235850354338, -6.510681921033648, 0.0 ], [ 106.871796390591058, -6.511446815118251, 0.0 ], [ 106.872005941621097, -6.511557597205222, 0.0 ], [ 106.872025482090521, -6.511754214185519, 0.0 ], [ 106.872066981306318, -6.512171783800582, 0.0 ], [ 106.872201292355982, -6.512175483611529, 0.0 ], [ 106.872289299111998, -6.512141578271038, 0.0 ], [ 106.872682873016302, -6.511892468762284, 0.0 ], [ 106.872922616086058, -6.512034292748261, 0.0 ], [ 106.872580456423151, -6.512626567362059, 0.0 ], [ 106.871974128103687, -6.513162726978141, 0.0 ], [ 106.871817266553791, -6.513187526682831, 0.0 ], [ 106.871484166661148, -6.513449970439602, 0.0 ], [ 106.871308556944513, -6.513626913850814, 0.0 ], [ 106.871339290376142, -6.513696077112154, 0.0 ], [ 106.871401662856655, -6.513836442397771, 0.0 ], [ 106.87157823844511, -6.513919735807008, 0.0 ], [ 106.871739381667254, -6.513861440852722, 0.0 ], [ 106.871951266437961, -6.513788232440767, 0.0 ], [ 106.872335949644494, -6.513404837063455, 0.0 ], [ 106.872764294037069, -6.5134906710575, 0.0 ], [ 106.872753262053578, -6.51349756885752, 0.0 ], [ 106.872752149592159, -6.513554536412549, 0.0 ], [ 106.87274441632195, -6.513950668888082, 0.0 ], [ 106.872668837297141, -6.514438008806902, 0.0 ], [ 106.872667829157166, -6.514661249317069, 0.0 ], [ 106.872553537016259, -6.515832155829173, 0.0 ], [ 106.872461120884182, -6.516778953086035, 0.0 ], [ 106.872089074951006, -6.518572661698876, 0.0 ], [ 106.872170801741234, -6.518727919757552, 0.0 ], [ 106.872394287766298, -6.518815016399717, 0.0 ], [ 106.872648947890838, -6.518841459165827, 0.0 ], [ 106.872328319796281, -6.519261652103427, 0.0 ], [ 106.872011841173773, -6.519628055690099, 0.0 ], [ 106.871816181072049, -6.519750525366277, 0.0 ], [ 106.871518708721652, -6.519771920237751, 0.0 ], [ 106.871315584246986, -6.519705037657211, 0.0 ], [ 106.87131074409578, -6.51969703728831, 0.0 ], [ 106.871131868940822, -6.519401361783252, 0.0 ], [ 106.870920929357595, -6.519050441824294, 0.0 ], [ 106.87071023978595, -6.518767156279051, 0.0 ], [ 106.870499978291505, -6.518598848158188, 0.0 ], [ 106.870324028631245, -6.518565682959689, 0.0 ], [ 106.869289274980218, -6.518542464263124, 0.0 ], [ 106.868625552827154, -6.518274381757152, 0.0 ], [ 106.86816493086711, -6.518066418929926, 0.0 ], [ 106.867869237375643, -6.518526607416888, 0.0 ], [ 106.867546341190831, -6.51902912969037, 0.0 ], [ 106.867175656831265, -6.519368677722106, 0.0 ], [ 106.867166549396899, -6.519434175346763, 0.0 ], [ 106.867103196655364, -6.519889737720987, 0.0 ], [ 106.867124236294643, -6.520092566318727, 0.0 ], [ 106.867294774734276, -6.520490982172902, 0.0 ], [ 106.867079927596762, -6.520911115755226, 0.0 ], [ 106.866594755943424, -6.52137959599143, 0.0 ], [ 106.866334195367017, -6.521537268729762, 0.0 ], [ 106.865852532868246, -6.521828736306947, 0.0 ], [ 106.865476157598806, -6.521700288837131, 0.0 ], [ 106.865039507967069, -6.52140148638928, 0.0 ], [ 106.864694117040017, -6.52173144764804, 0.0 ], [ 106.864260519707386, -6.522145673583815, 0.0 ], [ 106.863498013322868, -6.522874112749957, 0.0 ], [ 106.86301909915224, -6.523331631149656, 0.0 ], [ 106.861730000139545, -6.523149999572677, 0.0 ], [ 106.861639999586487, -6.523300000194734, 0.0 ], [ 106.861560000393894, -6.523440000355532, 0.0 ], [ 106.861489999863721, -6.523599999640108, 0.0 ], [ 106.861409999771837, -6.523759999823966, 0.0 ], [ 106.861329999679953, -6.523940000030795, 0.0 ], [ 106.861249999587983, -6.524120000237623, 0.0 ], [ 106.861179999957173, -6.524310000006341, 0.0 ], [ 106.861112992370849, -6.524460768649423, 0.0 ], [ 106.85966110167864, -6.524059011813801, 0.0 ], [ 106.859620750897164, -6.524047845831262, 0.0 ], [ 106.859616945865497, -6.524053743585192, 0.0 ], [ 106.858932158892159, -6.523864525327419, 0.0 ], [ 106.858753450111848, -6.523847752971292, 0.0 ], [ 106.858386979076016, -6.523722725623173, 0.0 ], [ 106.858204428391844, -6.523654289014083, 0.0 ], [ 106.857712490239408, -6.523469865042077, 0.0 ], [ 106.857309533708161, -6.523318798723423, 0.0 ], [ 106.856637303069277, -6.523066781706479, 0.0 ], [ 106.857234190305803, -6.522095945571262, 0.0 ], [ 106.857297418041554, -6.521993105397286, 0.0 ], [ 106.856316490613736, -6.521729490723285, 0.0 ], [ 106.856030796684067, -6.521652713801487, 0.0 ], [ 106.856111723077746, -6.521146906304534, 0.0 ], [ 106.856103466402047, -6.520833973708786, 0.0 ], [ 106.85475999977433, -6.52070142802831, 0.0 ], [ 106.854332051083446, -6.520659205757564, 0.0 ], [ 106.854731154019731, -6.516885362669225, 0.0 ], [ 106.854736292745898, -6.516836774097658, 0.0 ], [ 106.854753419434942, -6.516719968351694, 0.0 ], [ 106.854493197003606, -6.516701126655491, 0.0 ], [ 106.854352448606761, -6.51669093733668, 0.0 ], [ 106.854143194353099, -6.516661201253307, 0.0 ], [ 106.854073463619642, -6.516657099445435, 0.0 ], [ 106.854086208811651, -6.516499022911439, 0.0 ], [ 106.854102634928836, -6.516295289595799, 0.0 ], [ 106.854191174083596, -6.515488762296364, 0.0 ], [ 106.854199408276301, -6.515357996374274, 0.0 ], [ 106.854238142076824, -6.51522711803695, 0.0 ], [ 106.854241715083248, -6.515013570419761, 0.0 ], [ 106.854339801440858, -6.514433614719408, 0.0 ], [ 106.854582035632589, -6.513532251212286, 0.0 ], [ 106.854597707218574, -6.513473940070149, 0.0 ], [ 106.854709028898711, -6.513457986996354, 0.0 ], [ 106.85478496675303, -6.513447105199557, 0.0 ], [ 106.854910504016729, -6.513542195915392, 0.0 ], [ 106.854951002287152, -6.513572871790387, 0.0 ], [ 106.854958386620382, -6.513562210327564, 0.0 ], [ 106.855025925706087, -6.513464698636753, 0.0 ], [ 106.855140000211037, -6.513300000394597, 0.0 ], [ 106.855315239406906, -6.513092169767667, 0.0 ], [ 106.855480071648188, -6.5128911029419, 0.0 ], [ 106.855482399992894, -6.512887974200545, 0.0 ], [ 106.855701196053545, -6.512593957045301, 0.0 ], [ 106.855769999585931, -6.512420000282617, 0.0 ], [ 106.855760000024134, -6.512329999729563, 0.0 ], [ 106.855809999631958, -6.512240000075789, 0.0 ], [ 106.85599899126062, -6.511962347883884, 0.0 ], [ 106.856164239887931, -6.511719574998178, 0.0 ], [ 106.856620000113054, -6.511050000057352, 0.0 ], [ 106.856710315428899, -6.510934263605197, 0.0 ], [ 106.856715466745612, -6.510928423407805, 0.0 ], [ 106.856814453324546, -6.510816218593476, 0.0 ], [ 106.856845536592402, -6.510783890663809, 0.0 ], [ 106.856949009889092, -6.510676274190565, 0.0 ], [ 106.857100756095178, -6.510470896914224, 0.0 ], [ 106.856985328110596, -6.510399838781424, 0.0 ], [ 106.856513058131299, -6.509963674783616, 0.0 ], [ 106.856383746412888, -6.509844249312504, 0.0 ], [ 106.856048355047719, -6.509636306270341, 0.0 ], [ 106.856256777428499, -6.509440308922922, 0.0 ], [ 106.856232920213273, -6.509422769445141, 0.0 ], [ 106.855879303187479, -6.509162795226633, 0.0 ], [ 106.855501727323031, -6.508857390855685, 0.0 ], [ 106.855167719115101, -6.509025957981365, 0.0 ], [ 106.854721557354139, -6.509027595646835, 0.0 ], [ 106.854288467239172, -6.50879211986032, 0.0 ], [ 106.854077894579333, -6.508402431027207, 0.0 ], [ 106.853838620955742, -6.507789725615201, 0.0 ], [ 106.85386487036763, -6.507343387587152, 0.0 ], [ 106.854057610370617, -6.506673318019054, 0.0 ], [ 106.854501929420707, -6.506169665297659, 0.0 ], [ 106.855418655146963, -6.505218036882745, 0.0 ], [ 106.855570947241546, -6.504924632165867, 0.0 ], [ 106.855841411152369, -6.50488786698137, 0.0 ], [ 106.855923493174799, -6.504841497037308, 0.0 ], [ 106.855992342572705, -6.504775431041168, 0.0 ], [ 106.856343261632389, -6.504224357967594, 0.0 ], [ 106.856761083057762, -6.503568225193348, 0.0 ], [ 106.856684469812592, -6.503311834773164, 0.0 ], [ 106.856495585203305, -6.502943974284872, 0.0 ], [ 106.85634644613171, -6.502648361732302, 0.0 ], [ 106.855991853341564, -6.501952042752404, 0.0 ], [ 106.85578066104884, -6.501639638958014, 0.0 ], [ 106.855634585967564, -6.501423557950616, 0.0 ], [ 106.855607445327522, -6.501199892061251, 0.0 ], [ 106.855705373404462, -6.500988929994946, 0.0 ], [ 106.85591217430752, -6.5008598359125, 0.0 ], [ 106.856352542635904, -6.500723301738844, 0.0 ], [ 106.85663637766686, -6.500965769754288, 0.0 ], [ 106.856906884745101, -6.501162215863445, 0.0 ], [ 106.856969563894438, -6.50120805520741, 0.0 ], [ 106.857463067766517, -6.501206243073501, 0.0 ], [ 106.857816363734372, -6.5011434524083, 0.0 ], [ 106.858068046203556, -6.501098720129708, 0.0 ], [ 106.858285392557008, -6.501153862960187, 0.0 ], [ 106.858545256158834, -6.501139745402753, 0.0 ], [ 106.858673386168022, -6.501089913968219, 0.0 ] ] ] ] } },
{ "type": "Feature", "properties": { "PROVNO": "32", "KABKOTNO": "01", "KECNO": "200", "DESANO": "008", "PROVINSI": "JAWA BARAT", "KABKOT": "BOGOR", "KECAMATAN": "CITEUREUP", "ID2013": "3201200008", "DESA": "KARANG ASEM BARAT", "DESA_1": "KARANG ASEM BARAT", "ID2012": "3201200008", "IDKAB2": "3201", "IDKEC_2": "3201200", "WILAYAH": "TENGAH" }, "geometry": { "type": "MultiPolygon", "coordinates": [ [ [ [ 106.873820000093076, -6.485430000294148, 0.0 ], [ 106.874999999650427, -6.485809999831496, 0.0 ], [ 106.875063437827535, -6.485833260796205, 0.0 ], [ 106.875299999995178, -6.485920000407521, 0.0 ], [ 106.875400000110119, -6.485940000430492, 0.0 ], [ 106.875529999809828, -6.485979999577154, 0.0 ], [ 106.875600000339915, -6.486019999623096, 0.0 ], [ 106.87563045498166, -6.486033842887409, 0.0 ], [ 106.875819999693405, -6.48611999973804, 0.0 ], [ 106.875950000292491, -6.486159999783982, 0.0 ], [ 106.875987734946207, -6.486172577702156, 0.0 ], [ 106.876189999668952, -6.486239999875956, 0.0 ], [ 106.876269999760837, -6.486270000360097, 0.0 ], [ 106.876360000313895, -6.486299999944869, 0.0 ], [ 106.876598182160492, -6.486402078393052, 0.0 ], [ 106.876710000266471, -6.486449999667556, 0.0 ], [ 106.876819999943208, -6.486480000151786, 0.0 ], [ 106.877169999895699, -6.486649999897356, 0.0 ], [ 106.878075160340515, -6.486990473331513, 0.0 ], [ 106.878259999799283, -6.487059999918934, 0.0 ], [ 106.878440932603127, -6.48712293267705, 0.0 ], [ 106.878489999613947, -6.487140000010818, 0.0 ], [ 106.878729999889771, -6.487229999664592, 0.0 ], [ 106.878754022580267, -6.48723960892065, 0.0 ], [ 106.879130000349363, -6.48738999984845, 0.0 ], [ 106.87956999995572, -6.487509999986365, 0.0 ], [ 106.880033755153875, -6.487683134768698, 0.0 ], [ 106.880172998984918, -6.48773512007951, 0.0 ], [ 106.880320000367902, -6.487790000308138, 0.0 ], [ 106.880840000066129, -6.487960000053796, 0.0 ], [ 106.880969999765853, -6.488000000099738, 0.0 ], [ 106.881034848079935, -6.488024085742818, 0.0 ], [ 106.881319999718414, -6.488129999799455, 0.0 ], [ 106.881655565552123, -6.488229129370673, 0.0 ], [ 106.881684276408393, -6.488237609977556, 0.0 ], [ 106.881272876142447, -6.489850464926885, 0.0 ], [ 106.881002834013785, -6.490635195357832, 0.0 ], [ 106.880966674972257, -6.490740267649056, 0.0 ], [ 106.880805448113094, -6.491208784757454, 0.0 ], [ 106.880759919934533, -6.491247020333581, 0.0 ], [ 106.880615458237003, -6.491368340676242, 0.0 ], [ 106.880610550636533, -6.491372462269176, 0.0 ], [ 106.880036808352187, -6.491521249705769, 0.0 ], [ 106.879917879306817, -6.491549110702746, 0.0 ], [ 106.879864227552233, -6.491561677829019, 0.0 ], [ 106.879393806579031, -6.491671879853147, 0.0 ], [ 106.879365343036312, -6.49167854832621, 0.0 ], [ 106.87922769190466, -6.49176605955585, 0.0 ], [ 106.879178424344943, -6.491797382043387, 0.0 ], [ 106.87894540820416, -6.492119154974887, 0.0 ], [ 106.878771345321553, -6.492359520375448, 0.0 ], [ 106.878606120076512, -6.492587680177078, 0.0 ], [ 106.878327563166721, -6.492972338202687, 0.0 ], [ 106.877885746030501, -6.493582442775327, 0.0 ], [ 106.877771611271086, -6.493715258252433, 0.0 ], [ 106.877749414204317, -6.493741088580265, 0.0 ], [ 106.876831415937232, -6.494809331185571, 0.0 ], [ 106.876632333015976, -6.495040997443926, 0.0 ], [ 106.876496530890336, -6.495199025414546, 0.0 ], [ 106.875878414257613, -6.495964933035072, 0.0 ], [ 106.875859566266172, -6.495994864271406, 0.0 ], [ 106.87573644188349, -6.496190382280123, 0.0 ], [ 106.875526130027026, -6.496524353615865, 0.0 ], [ 106.875281696992857, -6.496905765088847, 0.0 ], [ 106.874971324766989, -6.497390065299093, 0.0 ], [ 106.874573443110108, -6.497935129102785, 0.0 ], [ 106.873763671056707, -6.499044444645232, 0.0 ], [ 106.87339032110664, -6.499555785670754, 0.0 ], [ 106.873188378341197, -6.49983236766948, 0.0 ], [ 106.872408902648843, -6.500899934883932, 0.0 ], [ 106.872084390382454, -6.501344387932964, 0.0 ], [ 106.871820540086091, -6.50170575621555, 0.0 ], [ 106.871804556435237, -6.501694682863182, 0.0 ], [ 106.871313064346609, -6.50135417615413, 0.0 ], [ 106.871238554615786, -6.501302555968049, 0.0 ], [ 106.871250473330861, -6.501221035122509, 0.0 ], [ 106.870953902101064, -6.501017487067209, 0.0 ], [ 106.870267319181579, -6.500546259402231, 0.0 ], [ 106.869780420829983, -6.500212082121717, 0.0 ], [ 106.869668117989448, -6.500135921235586, 0.0 ], [ 106.869360408656135, -6.499927241648731, 0.0 ], [ 106.868645253375902, -6.499442243564548, 0.0 ], [ 106.868669526077966, -6.499397342213378, 0.0 ], [ 106.868073959046185, -6.499069708400143, 0.0 ], [ 106.868036908776489, -6.499049326165309, 0.0 ], [ 106.868290336829787, -6.498178196966045, 0.0 ], [ 106.86854639989663, -6.497298013392463, 0.0 ], [ 106.868633616148628, -6.496998218093122, 0.0 ], [ 106.868104821980083, -6.496874597284688, 0.0 ], [ 106.86773625822191, -6.497212040003522, 0.0 ], [ 106.867435247938459, -6.4974876318486, 0.0 ], [ 106.867411818800534, -6.497504129012146, 0.0 ], [ 106.866417766666771, -6.496958935706179, 0.0 ], [ 106.866107309904606, -6.496788664365241, 0.0 ], [ 106.865422168598428, -6.496412891641459, 0.0 ], [ 106.865131017582513, -6.496253208018956, 0.0 ], [ 106.865248627322416, -6.495760940714703, 0.0 ], [ 106.86456214872436, -6.495338386157403, 0.0 ], [ 106.864091732247829, -6.495322693887076, 0.0 ], [ 106.863993065827543, -6.495319403267654, 0.0 ], [ 106.863672857716409, -6.495162493154396, 0.0 ], [ 106.8634900597186, -6.495121009226992, 0.0 ], [ 106.863166027690198, -6.495087578728622, 0.0 ], [ 106.862569456115665, -6.495026030027109, 0.0 ], [ 106.862400318819851, -6.494936055554348, 0.0 ], [ 106.862280871765023, -6.494872514854535, 0.0 ], [ 106.861749066666306, -6.494590282415427, 0.0 ], [ 106.861601370107323, -6.494435876914064, 0.0 ], [ 106.861454572870372, -6.494633150399434, 0.0 ], [ 106.860912312253532, -6.49426626837343, 0.0 ], [ 106.860673598907638, -6.494302276328803, 0.0 ], [ 106.860040016633704, -6.493935728850655, 0.0 ], [ 106.859688792703849, -6.493940532129674, 0.0 ], [ 106.859105273889426, -6.493178418748826, 0.0 ], [ 106.859085274765818, -6.493152298839302, 0.0 ], [ 106.8596800000321, -6.493090000103265, 0.0 ], [ 106.859845361074747, -6.493074967035941, 0.0 ], [ 106.860339999891224, -6.493030000034352, 0.0 ], [ 106.860509999636974, -6.49296999996535, 0.0 ], [ 106.860760000373887, -6.49276999973555, 0.0 ], [ 106.86105000025745, -6.492490000313147, 0.0 ], [ 106.861142791406891, -6.492355031859045, 0.0 ], [ 106.861159999934202, -6.492330000129201, 0.0 ], [ 106.861170000395376, -6.492180000406513, 0.0 ], [ 106.861170000395376, -6.492040000245627, 0.0 ], [ 106.861170000395376, -6.49190999964663, 0.0 ], [ 106.861139999911231, -6.491779999946825, 0.0 ], [ 106.860820000442885, -6.49145999957911, 0.0 ], [ 106.860600000190033, -6.491249999787509, 0.0 ], [ 106.860419999983193, -6.49104999955771, 0.0 ], [ 106.860199999730341, -6.490759999674047, 0.0 ], [ 106.85992999986982, -6.490230000414012, 0.0 ], [ 106.859820000193082, -6.489999999700071, 0.0 ], [ 106.859820000193082, -6.489978784692987, 0.0 ], [ 106.859820000193082, -6.489899999585127, 0.0 ], [ 106.859860000239024, -6.489780000346581, 0.0 ], [ 106.859909999846764, -6.489709999816498, 0.0 ], [ 106.859931955895206, -6.489697454273937, 0.0 ], [ 106.859980000376851, -6.489669999770555, 0.0 ], [ 106.860150000122587, -6.489640000185695, 0.0 ], [ 106.860629999774886, -6.489419999932835, 0.0 ], [ 106.861610000001718, -6.488960000303603, 0.0 ], [ 106.861919999908267, -6.488800000119745, 0.0 ], [ 106.862020000023122, -6.488700000004801, 0.0 ], [ 106.862060000069064, -6.488639999935888, 0.0 ], [ 106.862120000138063, -6.488539999821032, 0.0 ], [ 106.862148629156067, -6.488444569161391, 0.0 ], [ 106.862180000206976, -6.488339999591144, 0.0 ], [ 106.862289999883814, -6.48781999989291, 0.0 ], [ 106.862450000067582, -6.487440000355562, 0.0 ], [ 106.862499999675407, -6.487260000148733, 0.0 ], [ 106.86249000011361, -6.486939999781018, 0.0 ], [ 106.862419999583523, -6.486609999851414, 0.0 ], [ 106.862240000275989, -6.486429999644585, 0.0 ], [ 106.862080000092035, -6.486360000013782, 0.0 ], [ 106.862009999562048, -6.486360000013782, 0.0 ], [ 106.861859999839268, -6.486360000013782, 0.0 ], [ 106.861630000024689, -6.486440000105755, 0.0 ], [ 106.861240000026172, -6.486649999897356, 0.0 ], [ 106.860859999589451, -6.4867500000123, 0.0 ], [ 106.860789999958655, -6.4867500000123, 0.0 ], [ 106.860709999866771, -6.486729999989329, 0.0 ], [ 106.860660000258946, -6.486689999943387, 0.0 ], [ 106.860642023710597, -6.48665404774599, 0.0 ], [ 106.860620000213004, -6.486609999851414, 0.0 ], [ 106.860620000213004, -6.486509999736558, 0.0 ], [ 106.860709999866771, -6.486219999852985, 0.0 ], [ 106.860879999612422, -6.48590000038455, 0.0 ], [ 106.861240000026172, -6.485179999557147, 0.0 ], [ 106.861489999863721, -6.484739999950886, 0.0 ], [ 106.861739999701442, -6.484450000067312, 0.0 ], [ 106.86204999960799, -6.484200000229681, 0.0 ], [ 106.862289999883814, -6.484129999699597, 0.0 ], [ 106.86255999974432, -6.484080000091765, 0.0 ], [ 106.862800000020158, -6.484080000091765, 0.0 ], [ 106.863140000410851, -6.484140000160679, 0.0 ], [ 106.863609999601962, -6.484240000275623, 0.0 ], [ 106.863740000200963, -6.484240000275623, 0.0 ], [ 106.863909999946713, -6.484229999814453, 0.0 ], [ 106.864059999669479, -6.484149999722568, 0.0 ], [ 106.864123626704156, -6.484073647280777, 0.0 ], [ 106.864159999784334, -6.484029999584653, 0.0 ], [ 106.864250000337393, -6.483899999884937, 0.0 ], [ 106.864299999945231, -6.483679999632077, 0.0 ], [ 106.864299999945231, -6.483469999840477, 0.0 ], [ 106.864199999830277, -6.483280000071758, 0.0 ], [ 106.864090000153539, -6.483159999933932, 0.0 ], [ 106.863789999808802, -6.483070000280158, 0.0 ], [ 106.863279999672443, -6.483019999773045, 0.0 ], [ 106.862639999836304, -6.482979999727014, 0.0 ], [ 106.862240000275989, -6.482839999566217, 0.0 ], [ 106.862140000161034, -6.482760000373524, 0.0 ], [ 106.862140000161034, -6.48266999982047, 0.0 ], [ 106.862100000115092, -6.482540000120753, 0.0 ], [ 106.862200000230047, -6.482319999867894, 0.0 ], [ 106.862389999998669, -6.482159999684125, 0.0 ], [ 106.862550000182523, -6.482059999569181, 0.0 ], [ 106.862800000020158, -6.482059999569181, 0.0 ], [ 106.863080000341938, -6.482170000145207, 0.0 ], [ 106.863439999856311, -6.482279999821952, 0.0 ], [ 106.863720000177992, -6.482330000329153, 0.0 ], [ 106.864400000060172, -6.482359999913925, 0.0 ], [ 106.864830000104547, -6.482299999844923, 0.0 ], [ 106.8650500003574, -6.482239999776009, 0.0 ], [ 106.865300000195035, -6.482059999569181, 0.0 ], [ 106.865530000009613, -6.481969999915407, 0.0 ], [ 106.865610000101583, -6.481940000330635, 0.0 ], [ 106.865690000193553, -6.481989999938378, 0.0 ], [ 106.865759999824348, -6.482119999638094, 0.0 ], [ 106.86591000044632, -6.482569999705525, 0.0 ], [ 106.866140000260984, -6.482919999658101, 0.0 ], [ 106.866729999590021, -6.483309999656619, 0.0 ], [ 106.866858489327981, -6.48339115088076, 0.0 ], [ 106.86692000025802, -6.483429999794534, 0.0 ], [ 106.867049999957743, -6.483409999771563, 0.0 ], [ 106.86713999961151, -6.483220000002845, 0.0 ], [ 106.867370000325451, -6.482449999567699, 0.0 ], [ 106.867470000440306, -6.482070000030351, 0.0 ], [ 106.867609999701912, -6.481700000054804, 0.0 ], [ 106.867622774571515, -6.481684902236253, 0.0 ], [ 106.867829999954679, -6.481439999756091, 0.0 ], [ 106.868010000161604, -6.481260000448543, 0.0 ], [ 106.868070000230517, -6.481129999849458, 0.0 ], [ 106.868059999769343, -6.481029999734513, 0.0 ], [ 106.868059999769343, -6.4809699996656, 0.0 ], [ 106.867840000415853, -6.480699999804997, 0.0 ], [ 106.867749999862795, -6.480610000151223, 0.0 ], [ 106.867809999931708, -6.480590000128252, 0.0 ], [ 106.867899999585489, -6.48053999962114, 0.0 ], [ 106.868309999606979, -6.480449999967366, 0.0 ], [ 106.868460000229035, -6.480490000013308, 0.0 ], [ 106.868609999951715, -6.480579999667082, 0.0 ], [ 106.868739999651439, -6.480699999804997, 0.0 ], [ 106.86885999978935, -6.480880000011826, 0.0 ], [ 106.868959999904206, -6.48098000012677, 0.0 ], [ 106.869080000042118, -6.481149999872429, 0.0 ], [ 106.869129999649957, -6.481220000402512, 0.0 ], [ 106.869249999787868, -6.481390000148259, 0.0 ], [ 106.869349956735306, -6.481525235700971, 0.0 ], [ 106.869590000178562, -6.481849999777491, 0.0 ], [ 106.869960000154009, -6.482609999751467, 0.0 ], [ 106.870180000406876, -6.483240000025816, 0.0 ], [ 106.870510000336395, -6.48397000041502, 0.0 ], [ 106.870620000013133, -6.484149999722568, 0.0 ], [ 106.870720000128074, -6.484240000275623, 0.0 ], [ 106.871005777694663, -6.48441245157322, 0.0 ], [ 106.871069296810759, -6.484450783376818, 0.0 ], [ 106.871299999895228, -6.484590000228199, 0.0 ], [ 106.871449999617909, -6.484659999858913, 0.0 ], [ 106.871928385886463, -6.484842656663083, 0.0 ], [ 106.871999999800295, -6.484869999650602, 0.0 ], [ 106.872136311841501, -6.484892719223492, 0.0 ], [ 106.872180000007205, -6.484900000134743, 0.0 ], [ 106.872269999660972, -6.484940000180686, 0.0 ], [ 106.872540000420855, -6.48502999983446, 0.0 ], [ 106.872583955685172, -6.485044651589291, 0.0 ], [ 106.872719999728318, -6.485089999903462, 0.0 ], [ 106.873249999887818, -6.48525999964912, 0.0 ], [ 106.87361999986328, -6.485379999787035, 0.0 ], [ 106.873820000093076, -6.485430000294148, 0.0 ] ] ] ] } },
{ "type": "Feature", "properties": { "PROVNO": "32", "KABKOTNO": "01", "KECNO": "200", "DESANO": "009", "PROVINSI": "JAWA BARAT", "KABKOT": "BOGOR", "KECAMATAN": "CITEUREUP", "ID2013": "3201200009", "DESA": "KARANG ASEM TIMUR", "DESA_1": "KARANG ASEM TIMUR", "ID2012": "3201200009", "IDKAB2": "3201", "IDKEC_2": "3201200", "WILAYAH": "TENGAH" }, "geometry": { "type": "MultiPolygon", "coordinates": [ [ [ [ 106.886912206333449, -6.490655501150258, 0.0 ], [ 106.886887376051703, -6.49070033415299, 0.0 ], [ 106.886605878358722, -6.491208603993694, 0.0 ], [ 106.88637623377636, -6.491741452306012, 0.0 ], [ 106.886376676242776, -6.49186010436015, 0.0 ], [ 106.886378087279041, -6.492239116441869, 0.0 ], [ 106.88630263505874, -6.492711326166614, 0.0 ], [ 106.886133010330354, -6.493235370116093, 0.0 ], [ 106.886091425678899, -6.493587326094055, 0.0 ], [ 106.886093864640287, -6.493607185822761, 0.0 ], [ 106.886135662431016, -6.493947544143666, 0.0 ], [ 106.885885048356457, -6.494244674751783, 0.0 ], [ 106.885845262349164, -6.494291845991675, 0.0 ], [ 106.885610862151694, -6.494489764291025, 0.0 ], [ 106.885528838585273, -6.494559021081816, 0.0 ], [ 106.885340141034888, -6.494658387174681, 0.0 ], [ 106.885331911338852, -6.494662721007618, 0.0 ], [ 106.885123647238657, -6.494767843660867, 0.0 ], [ 106.885023649821733, -6.494818319010012, 0.0 ], [ 106.884922735995644, -6.494965278124933, 0.0 ], [ 106.88479326869458, -6.495153817394641, 0.0 ], [ 106.884752917013657, -6.495270523315835, 0.0 ], [ 106.884674443970567, -6.495497480723991, 0.0 ], [ 106.884684268164648, -6.495832085182442, 0.0 ], [ 106.884694476369148, -6.496269653921196, 0.0 ], [ 106.884688349288083, -6.497089255564461, 0.0 ], [ 106.884711150699246, -6.497103011594554, 0.0 ], [ 106.882773017261144, -6.498368242600208, 0.0 ], [ 106.882762667863005, -6.498375054964658, 0.0 ], [ 106.883840910030116, -6.499953078271794, 0.0 ], [ 106.882383464225626, -6.500937220775906, 0.0 ], [ 106.882237311802669, -6.501286350184756, 0.0 ], [ 106.882054312356757, -6.501521093023879, 0.0 ], [ 106.881943809059663, -6.501662840567448, 0.0 ], [ 106.881730184100888, -6.501891557049557, 0.0 ], [ 106.881167891984816, -6.502081348175484, 0.0 ], [ 106.880632906883349, -6.502405108608702, 0.0 ], [ 106.880471953418038, -6.502378893371077, 0.0 ], [ 106.880297644121086, -6.502366133789863, 0.0 ], [ 106.879611150234552, -6.502891047383699, 0.0 ], [ 106.879449999817808, -6.502900000134773, 0.0 ], [ 106.879249999588012, -6.502630000274081, 0.0 ], [ 106.879119999888289, -6.502380000436538, 0.0 ], [ 106.878604225204967, -6.501415735647544, 0.0 ], [ 106.878568832385895, -6.501484802681325, 0.0 ], [ 106.878540119730886, -6.501540831344101, 0.0 ], [ 106.87839816534327, -6.501567191372573, 0.0 ], [ 106.878316522189962, -6.501606241734539, 0.0 ], [ 106.878217485248911, -6.501597999447952, 0.0 ], [ 106.878162069024413, -6.501744588941474, 0.0 ], [ 106.878021522975033, -6.501860783148441, 0.0 ], [ 106.877917282556695, -6.501900492713411, 0.0 ], [ 106.877818294179107, -6.501905165590784, 0.0 ], [ 106.877517883743479, -6.502151688649374, 0.0 ], [ 106.877441545690971, -6.502226937622915, 0.0 ], [ 106.877426837278875, -6.502241435593561, 0.0 ], [ 106.877381112148797, -6.502414826682781, 0.0 ], [ 106.877295660366613, -6.502587359818648, 0.0 ], [ 106.87717143431442, -6.502751426736744, 0.0 ], [ 106.876990673281071, -6.502760708639634, 0.0 ], [ 106.876831563426094, -6.502804352738547, 0.0 ], [ 106.876728716057613, -6.502929592326669, 0.0 ], [ 106.876656349411149, -6.503404628620526, 0.0 ], [ 106.87662039901241, -6.503640614322705, 0.0 ], [ 106.876728752929708, -6.50376715702853, 0.0 ], [ 106.876805870694596, -6.504027106965307, 0.0 ], [ 106.87696558219605, -6.504312139893145, 0.0 ], [ 106.876610368873557, -6.504678027269009, 0.0 ], [ 106.876613884323532, -6.504681814314086, 0.0 ], [ 106.876472098109019, -6.50472019468106, 0.0 ], [ 106.87428756841669, -6.502614666833253, 0.0 ], [ 106.873600340683396, -6.503829537602925, 0.0 ], [ 106.872976409933571, -6.503409825802677, 0.0 ], [ 106.872849626209515, -6.503324540395052, 0.0 ], [ 106.872225528185766, -6.502736557346136, 0.0 ], [ 106.872231710125533, -6.502692102957965, 0.0 ], [ 106.872214218311655, -6.502679683320558, 0.0 ], [ 106.87220379157192, -6.502672280101454, 0.0 ], [ 106.871505039925779, -6.502176122330052, 0.0 ], [ 106.871493620334462, -6.5021680140425, 0.0 ], [ 106.871804556435237, -6.501694682863182, 0.0 ], [ 106.871820540086091, -6.50170575621555, 0.0 ], [ 106.872084390382454, -6.501344387932964, 0.0 ], [ 106.872408902648843, -6.500899934883932, 0.0 ], [ 106.873188378341197, -6.49983236766948, 0.0 ], [ 106.87339032110664, -6.499555785670754, 0.0 ], [ 106.873763671056707, -6.499044444645232, 0.0 ], [ 106.874573443110108, -6.497935129102785, 0.0 ], [ 106.874971324766989, -6.497390065299093, 0.0 ], [ 106.875281696992857, -6.496905765088847, 0.0 ], [ 106.875526130027026, -6.496524353615865, 0.0 ], [ 106.87573644188349, -6.496190382280123, 0.0 ], [ 106.875859566266172, -6.495994864271406, 0.0 ], [ 106.875878414257613, -6.495964933035072, 0.0 ], [ 106.876496530890336, -6.495199025414546, 0.0 ], [ 106.876632333015976, -6.495040997443926, 0.0 ], [ 106.876831415937232, -6.494809331185571, 0.0 ], [ 106.877749414204317, -6.493741088580265, 0.0 ], [ 106.877771611271086, -6.493715258252433, 0.0 ], [ 106.877885746030501, -6.493582442775327, 0.0 ], [ 106.878327563166721, -6.492972338202687, 0.0 ], [ 106.878606120076512, -6.492587680177078, 0.0 ], [ 106.878771345321553, -6.492359520375448, 0.0 ], [ 106.87894540820416, -6.492119154974887, 0.0 ], [ 106.879178424344943, -6.491797382043387, 0.0 ], [ 106.87922769190466, -6.49176605955585, 0.0 ], [ 106.879365343036312, -6.49167854832621, 0.0 ], [ 106.879393806579031, -6.491671879853147, 0.0 ], [ 106.879864227552233, -6.491561677829019, 0.0 ], [ 106.879917879306817, -6.491549110702746, 0.0 ], [ 106.880036808352187, -6.491521249705769, 0.0 ], [ 106.880610550636533, -6.491372462269176, 0.0 ], [ 106.880615458237003, -6.491368340676242, 0.0 ], [ 106.880759919934533, -6.491247020333581, 0.0 ], [ 106.880805448113094, -6.491208784757454, 0.0 ], [ 106.880966674972257, -6.490740267649056, 0.0 ], [ 106.881002834013785, -6.490635195357832, 0.0 ], [ 106.881272876142447, -6.489850464926885, 0.0 ], [ 106.881687147943666, -6.489968768044054, 0.0 ], [ 106.882039455556622, -6.490091876238893, 0.0 ], [ 106.882477204159841, -6.490253768596368, 0.0 ], [ 106.882879585124925, -6.490462003918154, 0.0 ], [ 106.883103030680502, -6.49067915421945, 0.0 ], [ 106.883190247831863, -6.490855427635758, 0.0 ], [ 106.883364961823673, -6.491007633395398, 0.0 ], [ 106.884148059085817, -6.490137360350747, 0.0 ], [ 106.884665913001655, -6.489619993867493, 0.0 ], [ 106.885635194209044, -6.4898367817419, 0.0 ], [ 106.886009459668998, -6.490130433772325, 0.0 ], [ 106.886035713577471, -6.490159262439867, 0.0 ], [ 106.886244989414848, -6.490389053611736, 0.0 ], [ 106.886604589630309, -6.490561897913096, 0.0 ], [ 106.88677646086515, -6.490631935315374, 0.0 ], [ 106.886846632266469, -6.490660529259831, 0.0 ], [ 106.886912206333449, -6.490655501150258, 0.0 ] ] ] ] } },
{ "type": "Feature", "properties": { "PROVNO": "32", "KABKOTNO": "01", "KECNO": "200", "DESANO": "010", "PROVINSI": "JAWA BARAT", "KABKOT": "BOGOR", "KECAMATAN": "CITEUREUP", "ID2013": "3201200010", "DESA": "TARIKOLOT", "DESA_1": "TARIKOLOT", "ID2012": "3201200010", "IDKAB2": "3201", "IDKEC_2": "3201200", "WILAYAH": "TENGAH" }, "geometry": { "type": "MultiPolygon", "coordinates": [ [ [ [ 106.896509999636947, -6.485339999741004, 0.0 ], [ 106.896218842325879, -6.485187702250474, 0.0 ], [ 106.89610156443581, -6.485432458141229, 0.0 ], [ 106.896137255829828, -6.485709631893801, 0.0 ], [ 106.895956609909746, -6.486056941974141, 0.0 ], [ 106.895796537780143, -6.486113869059675, 0.0 ], [ 106.895610814287835, -6.486261883079294, 0.0 ], [ 106.895376855657588, -6.486254092252377, 0.0 ], [ 106.895294921123849, -6.486354056394408, 0.0 ], [ 106.895152500887349, -6.486497574703112, 0.0 ], [ 106.895040549681795, -6.486679976099854, 0.0 ], [ 106.89509751274025, -6.486853081204593, 0.0 ], [ 106.895201950110106, -6.486978345074448, 0.0 ], [ 106.895198153172416, -6.487121346272975, 0.0 ], [ 106.895311286087178, -6.48725524363444, 0.0 ], [ 106.89534206268624, -6.487376450662499, 0.0 ], [ 106.895441430577748, -6.487559018433799, 0.0 ], [ 106.895429597298232, -6.487682023206656, 0.0 ], [ 106.895387053070266, -6.487811290858261, 0.0 ], [ 106.895313615331276, -6.487897639264464, 0.0 ], [ 106.895357262128115, -6.488063473350483, 0.0 ], [ 106.895314878878679, -6.488235777159215, 0.0 ], [ 106.895352126999256, -6.488334005609744, 0.0 ], [ 106.895348287793411, -6.488342732630805, 0.0 ], [ 106.895303366657274, -6.488444853347133, 0.0 ], [ 106.895427014445289, -6.488634979920196, 0.0 ], [ 106.895692908001521, -6.4890582008751, 0.0 ], [ 106.895754614983716, -6.489407005628625, 0.0 ], [ 106.895745197283219, -6.489820054351849, 0.0 ], [ 106.895733985435243, -6.489982651777773, 0.0 ], [ 106.895717466687898, -6.490222205989884, 0.0 ], [ 106.895692708351987, -6.490441598300958, 0.0 ], [ 106.895658386625456, -6.490560759371391, 0.0 ], [ 106.895598916257171, -6.490767241914543, 0.0 ], [ 106.895418097667203, -6.491205098436428, 0.0 ], [ 106.895429698022284, -6.491444047404684, 0.0 ], [ 106.89550681938438, -6.491546097973835, 0.0 ], [ 106.895507605391828, -6.491648447118017, 0.0 ], [ 106.895616991730918, -6.491691885272157, 0.0 ], [ 106.895675486334838, -6.491698976426488, 0.0 ], [ 106.895774355102589, -6.49175343127574, 0.0 ], [ 106.895913351620081, -6.491789459915456, 0.0 ], [ 106.896023128264915, -6.491829254016714, 0.0 ], [ 106.896019801672679, -6.491916985580239, 0.0 ], [ 106.896027425225668, -6.492001021829577, 0.0 ], [ 106.896107818321312, -6.492000720556614, 0.0 ], [ 106.896122803724637, -6.492099350104787, 0.0 ], [ 106.896221357729672, -6.492069740825759, 0.0 ], [ 106.896334666012166, -6.492076626035317, 0.0 ], [ 106.896396814561498, -6.492083703699816, 0.0 ], [ 106.896480860703363, -6.492083388937111, 0.0 ], [ 106.896531664305044, -6.492172287820654, 0.0 ], [ 106.896565305244764, -6.492189067371381, 0.0 ], [ 106.896568140807219, -6.492214643191065, 0.0 ], [ 106.896576650192415, -6.492291364354799, 0.0 ], [ 106.896814188124409, -6.492294128870792, 0.0 ], [ 106.896847595240502, -6.492432894262503, 0.0 ], [ 106.896960917012905, -6.492443434316932, 0.0 ], [ 106.897067093671666, -6.492497861287152, 0.0 ], [ 106.897074690244992, -6.492574586947466, 0.0 ], [ 106.897129967973783, -6.492698649323039, 0.0 ], [ 106.897112435690516, -6.492896083787016, 0.0 ], [ 106.897036136308856, -6.493013329301558, 0.0 ], [ 106.897003837157513, -6.493170614432167, 0.0 ], [ 106.897000891877838, -6.493179221843395, 0.0 ], [ 106.896970164741532, -6.493269026344297, 0.0 ], [ 106.896932709776905, -6.493693543222303, 0.0 ], [ 106.896900532933486, -6.493883721956042, 0.0 ], [ 106.896869096231981, -6.49427126770469, 0.0 ], [ 106.89662849610842, -6.494951784696958, 0.0 ], [ 106.896605130822266, -6.495017872276811, 0.0 ], [ 106.896671385676058, -6.495145549027672, 0.0 ], [ 106.896913153119627, -6.495301807132527, 0.0 ], [ 106.897052780961275, -6.495505962230155, 0.0 ], [ 106.897123018912367, -6.495721342665686, 0.0 ], [ 106.897056720891158, -6.496017272678802, 0.0 ], [ 106.89703402020406, -6.496118601092373, 0.0 ], [ 106.897081071834208, -6.496229542359302, 0.0 ], [ 106.897140857864457, -6.496322061913453, 0.0 ], [ 106.897172960963488, -6.49637174226191, 0.0 ], [ 106.897206027236592, -6.496544546093777, 0.0 ], [ 106.897217688745499, -6.496605493148824, 0.0 ], [ 106.897163833744145, -6.496861542725831, 0.0 ], [ 106.897208122656963, -6.496978335881334, 0.0 ], [ 106.897380133286703, -6.497047135816505, 0.0 ], [ 106.897632837385672, -6.497196042862932, 0.0 ], [ 106.897742792995714, -6.49728334994645, 0.0 ], [ 106.897790668404781, -6.49738185538812, 0.0 ], [ 106.897817151640467, -6.497622984313125, 0.0 ], [ 106.897770879722529, -6.497952104705664, 0.0 ], [ 106.897699028387692, -6.498281323124413, 0.0 ], [ 106.897736173985393, -6.498442002296425, 0.0 ], [ 106.897842229235664, -6.498463533864864, 0.0 ], [ 106.897956099594495, -6.498620271308333, 0.0 ], [ 106.897982607111828, -6.498794961917778, 0.0 ], [ 106.898049772978837, -6.499237610926869, 0.0 ], [ 106.898160168357279, -6.499441874842518, 0.0 ], [ 106.898413503780404, -6.499758908346767, 0.0 ], [ 106.898333275260569, -6.499803067757206, 0.0 ], [ 106.898300743184876, -6.499898219626967, 0.0 ], [ 106.898436265621342, -6.499981775638233, 0.0 ], [ 106.898623510766612, -6.500214991428557, 0.0 ], [ 106.898900885967279, -6.501094799085507, 0.0 ], [ 106.898931149053453, -6.5013688081239, 0.0 ], [ 106.898986594056254, -6.50153672863695, 0.0 ], [ 106.898988541987848, -6.502055728289093, 0.0 ], [ 106.898896047614713, -6.502268286651915, 0.0 ], [ 106.898860449750146, -6.502257959736859, 0.0 ], [ 106.898680544871425, -6.502205771179295, 0.0 ], [ 106.898364050960339, -6.502225957361887, 0.0 ], [ 106.898357169348088, -6.502228395423995, 0.0 ], [ 106.898111131024052, -6.502315562213248, 0.0 ], [ 106.897776189319913, -6.502481464647705, 0.0 ], [ 106.897524555414108, -6.502705331085981, 0.0 ], [ 106.897314312805449, -6.502663487429885, 0.0 ], [ 106.896841591366481, -6.502452092789692, 0.0 ], [ 106.896591631998348, -6.502373853570322, 0.0 ], [ 106.896312600246418, -6.502355652191429, 0.0 ], [ 106.896159155221028, -6.502312425377923, 0.0 ], [ 106.895985321665378, -6.502263453695303, 0.0 ], [ 106.89567523362534, -6.502389471196981, 0.0 ], [ 106.895368373251955, -6.502564201376639, 0.0 ], [ 106.895155429079978, -6.502613723444419, 0.0 ], [ 106.895021531718513, -6.502632495892815, 0.0 ], [ 106.894774275712436, -6.50246288915092, 0.0 ], [ 106.894621985416421, -6.502448232899507, 0.0 ], [ 106.894490309380473, -6.502729260247033, 0.0 ], [ 106.89446189530041, -6.502789900633257, 0.0 ], [ 106.894477368136222, -6.503067319900726, 0.0 ], [ 106.894435727726801, -6.503127266010402, 0.0 ], [ 106.894320678356763, -6.50329289595021, 0.0 ], [ 106.894299877937243, -6.503430010186619, 0.0 ], [ 106.894215231947555, -6.503591726277005, 0.0 ], [ 106.89396341368078, -6.503830197705298, 0.0 ], [ 106.894128988761992, -6.504140194014543, 0.0 ], [ 106.893962148334651, -6.504305261878187, 0.0 ], [ 106.893850494804667, -6.504534175311818, 0.0 ], [ 106.893566327923892, -6.505116781314282, 0.0 ], [ 106.893421714240901, -6.505377349085197, 0.0 ], [ 106.893312284734378, -6.505574520947235, 0.0 ], [ 106.893263908402815, -6.505545653608849, 0.0 ], [ 106.89295220338164, -6.505359656722689, 0.0 ], [ 106.8926687163883, -6.505272406296339, 0.0 ], [ 106.892202274915206, -6.50511275415008, 0.0 ], [ 106.891609937348932, -6.506296529061419, 0.0 ], [ 106.892213139624872, -6.50638867359822, 0.0 ], [ 106.891968867569318, -6.507016911201315, 0.0 ], [ 106.891790666006656, -6.507401279645233, 0.0 ], [ 106.89066236307778, -6.506992106999956, 0.0 ], [ 106.890485746120461, -6.506928058183217, 0.0 ], [ 106.889884948631632, -6.506665368911548, 0.0 ], [ 106.889763115675379, -6.506653642651319, 0.0 ], [ 106.889275086875955, -6.506420982642016, 0.0 ], [ 106.889165330016183, -6.506381804576424, 0.0 ], [ 106.888982967290289, -6.506467753683722, 0.0 ], [ 106.888810193136095, -6.506675477291282, 0.0 ], [ 106.88849154444938, -6.506525930826914, 0.0 ], [ 106.887413251920236, -6.506019875116955, 0.0 ], [ 106.886548464740059, -6.505998741948229, 0.0 ], [ 106.886256379328657, -6.506054647403872, 0.0 ], [ 106.886199034058336, -6.506143173968173, 0.0 ], [ 106.886059057279823, -6.506359265767383, 0.0 ], [ 106.885901028409918, -6.506535224420897, 0.0 ], [ 106.885742462644686, -6.506952065585239, 0.0 ], [ 106.885361216646984, -6.506688413139585, 0.0 ], [ 106.88492710130491, -6.506666982295286, 0.0 ], [ 106.884619091598012, -6.506472205327842, 0.0 ], [ 106.88459961498036, -6.506399285598388, 0.0 ], [ 106.884591488706405, -6.506280224352725, 0.0 ], [ 106.884479699378829, -6.506173073728263, 0.0 ], [ 106.884322234383745, -6.506177501989931, 0.0 ], [ 106.884191697788779, -6.506193356138326, 0.0 ], [ 106.884060990322595, -6.506163110139287, 0.0 ], [ 106.884038754585077, -6.50615486515477, 0.0 ], [ 106.883907136105591, -6.506106058047969, 0.0 ], [ 106.883837612216183, -6.506002591945883, 0.0 ], [ 106.883863868822672, -6.50583346004602, 0.0 ], [ 106.883832782856786, -6.505737532960634, 0.0 ], [ 106.883641911645057, -6.50569251559693, 0.0 ], [ 106.883567784126086, -6.505746204223808, 0.0 ], [ 106.88345659104904, -6.505736736161296, 0.0 ], [ 106.883394883167483, -6.505731482321888, 0.0 ], [ 106.883325359278075, -6.505628016219802, 0.0 ], [ 106.883305654232743, -6.505493629627193, 0.0 ], [ 106.883190337764105, -6.505471009879074, 0.0 ], [ 106.88316038134667, -6.505447704847569, 0.0 ], [ 106.883047806910938, -6.505360131564633, 0.0 ], [ 106.882983037737176, -6.505383798123567, 0.0 ], [ 106.882909717809454, -6.505410588028084, 0.0 ], [ 106.88271794098037, -6.505484294664345, 0.0 ], [ 106.882326104566204, -6.505210189398571, 0.0 ], [ 106.882139999761392, -6.505079999941845, 0.0 ], [ 106.881866974581428, -6.504951710752707, 0.0 ], [ 106.881310000156532, -6.504689999943327, 0.0 ], [ 106.880820000043158, -6.504400000059753, 0.0 ], [ 106.880650000297493, -6.504400000059753, 0.0 ], [ 106.880594045379027, -6.504344045141366, 0.0 ], [ 106.880499999675436, -6.504250000337066, 0.0 ], [ 106.8803299999297, -6.503990000038264, 0.0 ], [ 106.880109999676932, -6.503539999970922, 0.0 ], [ 106.879919999908211, -6.503259999649149, 0.0 ], [ 106.879790000208487, -6.503089999903402, 0.0 ], [ 106.879630000024633, -6.502889999673602, 0.0 ], [ 106.879611150234552, -6.502891047383699, 0.0 ], [ 106.880297644121086, -6.502366133789863, 0.0 ], [ 106.880471953418038, -6.502378893371077, 0.0 ], [ 106.880632906883349, -6.502405108608702, 0.0 ], [ 106.881167891984816, -6.502081348175484, 0.0 ], [ 106.881730184100888, -6.501891557049557, 0.0 ], [ 106.881943809059663, -6.501662840567448, 0.0 ], [ 106.882054312356757, -6.501521093023879, 0.0 ], [ 106.882237311802669, -6.501286350184756, 0.0 ], [ 106.882383464225626, -6.500937220775906, 0.0 ], [ 106.883840910030116, -6.499953078271794, 0.0 ], [ 106.882762667863005, -6.498375054964658, 0.0 ], [ 106.882773017261144, -6.498368242600208, 0.0 ], [ 106.884711150699246, -6.497103011594554, 0.0 ], [ 106.884688349288083, -6.497089255564461, 0.0 ], [ 106.884694476369148, -6.496269653921196, 0.0 ], [ 106.884684268164648, -6.495832085182442, 0.0 ], [ 106.884674443970567, -6.495497480723991, 0.0 ], [ 106.884752917013657, -6.495270523315835, 0.0 ], [ 106.88479326869458, -6.495153817394641, 0.0 ], [ 106.884922735995644, -6.494965278124933, 0.0 ], [ 106.885023649821733, -6.494818319010012, 0.0 ], [ 106.885123647238657, -6.494767843660867, 0.0 ], [ 106.885331911338852, -6.494662721007618, 0.0 ], [ 106.885340141034888, -6.494658387174681, 0.0 ], [ 106.885528838585273, -6.494559021081816, 0.0 ], [ 106.885610862151694, -6.494489764291025, 0.0 ], [ 106.885845262349164, -6.494291845991675, 0.0 ], [ 106.885885048356457, -6.494244674751783, 0.0 ], [ 106.886135662431016, -6.493947544143666, 0.0 ], [ 106.886093864640287, -6.493607185822761, 0.0 ], [ 106.886091425678899, -6.493587326094055, 0.0 ], [ 106.886133010330354, -6.493235370116093, 0.0 ], [ 106.88630263505874, -6.492711326166614, 0.0 ], [ 106.886378087279041, -6.492239116441869, 0.0 ], [ 106.886376676242776, -6.49186010436015, 0.0 ], [ 106.88637623377636, -6.491741452306012, 0.0 ], [ 106.886605878358722, -6.491208603993694, 0.0 ], [ 106.886887376051703, -6.49070033415299, 0.0 ], [ 106.886912206333449, -6.490655501150258, 0.0 ], [ 106.887528812105217, -6.490608221092344, 0.0 ], [ 106.888116397653789, -6.490922403745838, 0.0 ], [ 106.888671747003684, -6.491169166024005, 0.0 ], [ 106.889041627369394, -6.491238882368346, 0.0 ], [ 106.889540000171081, -6.491269999810481, 0.0 ], [ 106.889921373872511, -6.491069277425012, 0.0 ], [ 106.890300000145061, -6.490870000250162, 0.0 ], [ 106.891470000140529, -6.490099999814927, 0.0 ], [ 106.89200000029993, -6.489930000069268, 0.0 ], [ 106.892379999837274, -6.489689999793526, 0.0 ], [ 106.892649999697881, -6.489159999634122, 0.0 ], [ 106.892760520981383, -6.488936654802604, 0.0 ], [ 106.892891166394449, -6.48867264532619, 0.0 ], [ 106.893130000249457, -6.488189999868457, 0.0 ], [ 106.893586958371642, -6.487198850746214, 0.0 ], [ 106.893839999716405, -6.486649999897356, 0.0 ], [ 106.894037007901815, -6.48610937424813, 0.0 ], [ 106.894269999760866, -6.48547000034009, 0.0 ], [ 106.894318558654746, -6.485400572678159, 0.0 ], [ 106.894489025148559, -6.485156845611719, 0.0 ], [ 106.894592425600138, -6.485004807125918, 0.0 ], [ 106.89486776383643, -6.484921064955032, 0.0 ], [ 106.89498186442168, -6.484886362815203, 0.0 ], [ 106.895536272181388, -6.484862625209811, 0.0 ], [ 106.896230518224002, -6.485163334220303, 0.0 ], [ 106.896509999636947, -6.485339999741004, 0.0 ] ] ] ] } },
{ "type": "Feature", "properties": { "PROVNO": "32", "KABKOTNO": "01", "KECNO": "200", "DESANO": "011", "PROVINSI": "JAWA BARAT", "KABKOT": "BOGOR", "KECAMATAN": "CITEUREUP", "ID2013": "3201200011", "DESA": "GUNUNG SARI", "DESA_1": "GUNUNG SARI", "ID2012": "3201200011", "IDKAB2": "3201", "IDKEC_2": "3201200", "WILAYAH": "TENGAH" }, "geometry": { "type": "MultiPolygon", "coordinates": [ [ [ [ 106.90501000041138, -6.481949999892436, 0.0 ], [ 106.904489999813777, -6.482279999821952, 0.0 ], [ 106.904239999976227, -6.482640000235698, 0.0 ], [ 106.904124489253917, -6.482979738024355, 0.0 ], [ 106.90407000023049, -6.483139999910961, 0.0 ], [ 106.904050000207519, -6.483460000278587, 0.0 ], [ 106.904130000299489, -6.483719999678108, 0.0 ], [ 106.904320000068111, -6.483859999838995, 0.0 ], [ 106.904890000273468, -6.484089999653566, 0.0 ], [ 106.905020775188802, -6.484167064358317, 0.0 ], [ 106.905450000017638, -6.484419999583171, 0.0 ], [ 106.906319999668455, -6.48525999964912, 0.0 ], [ 106.906980000426842, -6.485829999854467, 0.0 ], [ 106.907420000033113, -6.486360000013782, 0.0 ], [ 106.90754688897789, -6.486692329187473, 0.0 ], [ 106.907629999824792, -6.486910000196158, 0.0 ], [ 106.907950000192514, -6.487920000007854, 0.0 ], [ 106.908035951997746, -6.48827608477335, 0.0 ], [ 106.908090000353397, -6.488499999775001, 0.0 ], [ 106.908030000284398, -6.488800000119745, 0.0 ], [ 106.907700000354879, -6.489489999563638, 0.0 ], [ 106.907477130365493, -6.489896412189502, 0.0 ], [ 106.907460302251295, -6.489927096158379, 0.0 ], [ 106.907190000218534, -6.490420000182731, 0.0 ], [ 106.90705191291562, -6.490635761031385, 0.0 ], [ 106.906869999850827, -6.490919999857994, 0.0 ], [ 106.906669999621016, -6.491499999625141, 0.0 ], [ 106.906279999622512, -6.492499999874948, 0.0 ], [ 106.906279999622512, -6.492749999712579, 0.0 ], [ 106.90641999978331, -6.492949999942379, 0.0 ], [ 106.906685066862522, -6.493207154786198, 0.0 ], [ 106.907090000103594, -6.493600000239699, 0.0 ], [ 106.907660000308937, -6.49403000028407, 0.0 ], [ 106.908038545642597, -6.494314642906254, 0.0 ], [ 106.908950000442317, -6.495000000049824, 0.0 ], [ 106.90920999984175, -6.495120000187651, 0.0 ], [ 106.909558906218706, -6.495189781283219, 0.0 ], [ 106.909960000254017, -6.495269999910427, 0.0 ], [ 106.910529999559998, -6.49553000020914, 0.0 ], [ 106.910709999766823, -6.495800000069742, 0.0 ], [ 106.910689999743852, -6.496100000414486, 0.0 ], [ 106.910459999929188, -6.497219999902928, 0.0 ], [ 106.910433585042114, -6.497283922814603, 0.0 ], [ 106.909960000254017, -6.498429999944424, 0.0 ], [ 106.909610000301441, -6.499249999987313, 0.0 ], [ 106.909578645438287, -6.49929522419507, 0.0 ], [ 106.909089999703923, -6.500000000399577, 0.0 ], [ 106.908830000304405, -6.500789999958414, 0.0 ], [ 106.908814516676784, -6.5008712851815, 0.0 ], [ 106.908750000212521, -6.501210000440985, 0.0 ], [ 106.908750000212521, -6.501710000116248, 0.0 ], [ 106.908870000350433, -6.502590000228139, 0.0 ], [ 106.908890000373404, -6.502809999581629, 0.0 ], [ 106.908930000419346, -6.503080000341601, 0.0 ], [ 106.908950000442317, -6.50347999990192, 0.0 ], [ 106.908950000442317, -6.503829999854496, 0.0 ], [ 106.908932593164835, -6.50389527714518, 0.0 ], [ 106.908870000350433, -6.50413000019924, 0.0 ], [ 106.908739999751347, -6.504540000220729, 0.0 ], [ 106.908520000397857, -6.504859999689074, 0.0 ], [ 106.908010000261427, -6.50518999961859, 0.0 ], [ 106.90772000037785, -6.505509999986394, 0.0 ], [ 106.907500000125083, -6.505810000331138, 0.0 ], [ 106.907440000056084, -6.505989999638597, 0.0 ], [ 106.906700000105076, -6.50670999956672, 0.0 ], [ 106.906069999830819, -6.507210000141264, 0.0 ], [ 106.905340000340885, -6.507569999655551, 0.0 ], [ 106.904230000414344, -6.507720000277608, 0.0 ], [ 106.9037228196526, -6.507727610340766, 0.0 ], [ 106.903145998988833, -6.507736263617527, 0.0 ], [ 106.903132642257816, -6.507720000277608, 0.0 ], [ 106.902893952294207, -6.507429367271325, 0.0 ], [ 106.90252901999844, -6.506985017644276, 0.0 ], [ 106.90212773800485, -6.506346945055288, 0.0 ], [ 106.902136256383301, -6.506280363747621, 0.0 ], [ 106.902139027194522, -6.506258701777448, 0.0 ], [ 106.902232296783296, -6.505529657367628, 0.0 ], [ 106.902457580553062, -6.504825900994362, 0.0 ], [ 106.902440604950101, -6.504437984725033, 0.0 ], [ 106.902436799918604, -6.504351040068315, 0.0 ], [ 106.902368896607456, -6.50415535658432, 0.0 ], [ 106.902283181323952, -6.503908343395128, 0.0 ], [ 106.902174547717408, -6.503642786185484, 0.0 ], [ 106.901977990991668, -6.503567535413293, 0.0 ], [ 106.901863003674833, -6.503295670358735, 0.0 ], [ 106.901729070340465, -6.503036539704379, 0.0 ], [ 106.901512901199652, -6.502796718393657, 0.0 ], [ 106.90118334013917, -6.502709301592837, 0.0 ], [ 106.900886029666751, -6.502780077338546, 0.0 ], [ 106.900727604195779, -6.50274267813197, 0.0 ], [ 106.900544218940709, -6.502859486575865, 0.0 ], [ 106.90048758503417, -6.502895560181834, 0.0 ], [ 106.900303786990364, -6.502845591150965, 0.0 ], [ 106.899860451798602, -6.502809262137568, 0.0 ], [ 106.899537888363085, -6.502899128691677, 0.0 ], [ 106.899230726716837, -6.502894374875314, 0.0 ], [ 106.89920863577008, -6.502894033132947, 0.0 ], [ 106.899075712374412, -6.502627941725994, 0.0 ], [ 106.898896047614713, -6.502268286651915, 0.0 ], [ 106.898988541987848, -6.502055728289093, 0.0 ], [ 106.898986594056254, -6.50153672863695, 0.0 ], [ 106.898931149053453, -6.5013688081239, 0.0 ], [ 106.898900885967279, -6.501094799085507, 0.0 ], [ 106.898623510766612, -6.500214991428557, 0.0 ], [ 106.898436265621342, -6.499981775638233, 0.0 ], [ 106.898300743184876, -6.499898219626967, 0.0 ], [ 106.898333275260569, -6.499803067757206, 0.0 ], [ 106.898413503780404, -6.499758908346767, 0.0 ], [ 106.898160168357279, -6.499441874842518, 0.0 ], [ 106.898049772978837, -6.499237610926869, 0.0 ], [ 106.897982607111828, -6.498794961917778, 0.0 ], [ 106.897956099594495, -6.498620271308333, 0.0 ], [ 106.897842229235664, -6.498463533864864, 0.0 ], [ 106.897736173985393, -6.498442002296425, 0.0 ], [ 106.897699028387692, -6.498281323124413, 0.0 ], [ 106.897770879722529, -6.497952104705664, 0.0 ], [ 106.897817151640467, -6.497622984313125, 0.0 ], [ 106.897790668404781, -6.49738185538812, 0.0 ], [ 106.897742792995714, -6.49728334994645, 0.0 ], [ 106.897632837385672, -6.497196042862932, 0.0 ], [ 106.897380133286703, -6.497047135816505, 0.0 ], [ 106.897208122656963, -6.496978335881334, 0.0 ], [ 106.897163833744145, -6.496861542725831, 0.0 ], [ 106.897217688745499, -6.496605493148824, 0.0 ], [ 106.897206027236592, -6.496544546093777, 0.0 ], [ 106.897172960963488, -6.49637174226191, 0.0 ], [ 106.897140857864457, -6.496322061913453, 0.0 ], [ 106.897081071834208, -6.496229542359302, 0.0 ], [ 106.89703402020406, -6.496118601092373, 0.0 ], [ 106.897056720891158, -6.496017272678802, 0.0 ], [ 106.897123018912367, -6.495721342665686, 0.0 ], [ 106.897052780961275, -6.495505962230155, 0.0 ], [ 106.896913153119627, -6.495301807132527, 0.0 ], [ 106.896671385676058, -6.495145549027672, 0.0 ], [ 106.896605130822266, -6.495017872276811, 0.0 ], [ 106.89662849610842, -6.494951784696958, 0.0 ], [ 106.896869096231981, -6.49427126770469, 0.0 ], [ 106.896900532933486, -6.493883721956042, 0.0 ], [ 106.896932709776905, -6.493693543222303, 0.0 ], [ 106.896970164741532, -6.493269026344297, 0.0 ], [ 106.897000891877838, -6.493179221843395, 0.0 ], [ 106.897003837157513, -6.493170614432167, 0.0 ], [ 106.897036136308856, -6.493013329301558, 0.0 ], [ 106.897112435690516, -6.492896083787016, 0.0 ], [ 106.897129967973783, -6.492698649323039, 0.0 ], [ 106.897074690244992, -6.492574586947466, 0.0 ], [ 106.897067093671666, -6.492497861287152, 0.0 ], [ 106.896960917012905, -6.492443434316932, 0.0 ], [ 106.896847595240502, -6.492432894262503, 0.0 ], [ 106.896814188124409, -6.492294128870792, 0.0 ], [ 106.896576650192415, -6.492291364354799, 0.0 ], [ 106.896568140807219, -6.492214643191065, 0.0 ], [ 106.896565305244764, -6.492189067371381, 0.0 ], [ 106.896531664305044, -6.492172287820654, 0.0 ], [ 106.896480860703363, -6.492083388937111, 0.0 ], [ 106.896396814561498, -6.492083703699816, 0.0 ], [ 106.896334666012166, -6.492076626035317, 0.0 ], [ 106.896221357729672, -6.492069740825759, 0.0 ], [ 106.896122803724637, -6.492099350104787, 0.0 ], [ 106.896107818321312, -6.492000720556614, 0.0 ], [ 106.896027425225668, -6.492001021829577, 0.0 ], [ 106.896019801672679, -6.491916985580239, 0.0 ], [ 106.896023128264915, -6.491829254016714, 0.0 ], [ 106.895913351620081, -6.491789459915456, 0.0 ], [ 106.895774355102589, -6.49175343127574, 0.0 ], [ 106.895675486334838, -6.491698976426488, 0.0 ], [ 106.895616991730918, -6.491691885272157, 0.0 ], [ 106.895507605391828, -6.491648447118017, 0.0 ], [ 106.89550681938438, -6.491546097973835, 0.0 ], [ 106.895429698022284, -6.491444047404684, 0.0 ], [ 106.895418097667203, -6.491205098436428, 0.0 ], [ 106.895598916257171, -6.490767241914543, 0.0 ], [ 106.895658386625456, -6.490560759371391, 0.0 ], [ 106.895692708351987, -6.490441598300958, 0.0 ], [ 106.895717466687898, -6.490222205989884, 0.0 ], [ 106.895733985435243, -6.489982651777773, 0.0 ], [ 106.895745197283219, -6.489820054351849, 0.0 ], [ 106.895754614983716, -6.489407005628625, 0.0 ], [ 106.895692908001521, -6.4890582008751, 0.0 ], [ 106.895427014445289, -6.488634979920196, 0.0 ], [ 106.895303366657274, -6.488444853347133, 0.0 ], [ 106.895348287793411, -6.488342732630805, 0.0 ], [ 106.895352126999256, -6.488334005609744, 0.0 ], [ 106.895314878878679, -6.488235777159215, 0.0 ], [ 106.895357262128115, -6.488063473350483, 0.0 ], [ 106.895313615331276, -6.487897639264464, 0.0 ], [ 106.895387053070266, -6.487811290858261, 0.0 ], [ 106.895429597298232, -6.487682023206656, 0.0 ], [ 106.895441430577748, -6.487559018433799, 0.0 ], [ 106.89534206268624, -6.487376450662499, 0.0 ], [ 106.895311286087178, -6.48725524363444, 0.0 ], [ 106.895198153172416, -6.487121346272975, 0.0 ], [ 106.895201950110106, -6.486978345074448, 0.0 ], [ 106.89509751274025, -6.486853081204593, 0.0 ], [ 106.895040549681795, -6.486679976099854, 0.0 ], [ 106.895152500887349, -6.486497574703112, 0.0 ], [ 106.895294921123849, -6.486354056394408, 0.0 ], [ 106.895376855657588, -6.486254092252377, 0.0 ], [ 106.895610814287835, -6.486261883079294, 0.0 ], [ 106.895796537780143, -6.486113869059675, 0.0 ], [ 106.895956609909746, -6.486056941974141, 0.0 ], [ 106.896137255829828, -6.485709631893801, 0.0 ], [ 106.89610156443581, -6.485432458141229, 0.0 ], [ 106.896218842325879, -6.485187702250474, 0.0 ], [ 106.896509999636947, -6.485339999741004, 0.0 ], [ 106.896862886413274, -6.485412387071889, 0.0 ], [ 106.896899999635451, -6.485419999832978, 0.0 ], [ 106.897460000278912, -6.485450000317119, 0.0 ], [ 106.89773130235794, -6.485368608973943, 0.0 ], [ 106.897959999954182, -6.485299999695062, 0.0 ], [ 106.898499999675465, -6.485000000249688, 0.0 ], [ 106.898819046761815, -6.484729503063971, 0.0 ], [ 106.898960000203985, -6.48461000025117, 0.0 ], [ 106.8991001901218, -6.484324428629265, 0.0 ], [ 106.899230000064591, -6.484060000068794, 0.0 ], [ 106.899680000132108, -6.483429999794534, 0.0 ], [ 106.900750000012721, -6.482099999615123, 0.0 ], [ 106.901630000124527, -6.481729999639576, 0.0 ], [ 106.903040000395904, -6.481379999687089, 0.0 ], [ 106.90387000000068, -6.481370000125288, 0.0 ], [ 106.904460000228994, -6.481519999847976, 0.0 ], [ 106.904859999789323, -6.481749999662636, 0.0 ], [ 106.90501000041138, -6.481949999892436, 0.0 ] ] ] ] } },
{ "type": "Feature", "properties": { "PROVNO": "32", "KABKOTNO": "01", "KECNO": "200", "DESANO": "012", "PROVINSI": "JAWA BARAT", "KABKOT": "BOGOR", "KECAMATAN": "CITEUREUP", "ID2013": "3201200012", "DESA": "CITEUREUP", "DESA_1": "CITEUREUP", "ID2012": "3201200012", "IDKAB2": "3201", "IDKEC_2": "3201200", "WILAYAH": "TENGAH" }, "geometry": { "type": "MultiPolygon", "coordinates": [ [ [ [ 106.907839999616399, -6.480759999873911, 0.0 ], [ 106.907689999893805, -6.481220000402512, 0.0 ], [ 106.907310000356361, -6.481780000146689, 0.0 ], [ 106.90664999959796, -6.482009999961349, 0.0 ], [ 106.90559000017852, -6.48205000000738, 0.0 ], [ 106.90501000041138, -6.481949999892436, 0.0 ], [ 106.904859999789323, -6.481749999662636, 0.0 ], [ 106.904460000228994, -6.481519999847976, 0.0 ], [ 106.90387000000068, -6.481370000125288, 0.0 ], [ 106.903040000395904, -6.481379999687089, 0.0 ], [ 106.901630000124527, -6.481729999639576, 0.0 ], [ 106.900750000012721, -6.482099999615123, 0.0 ], [ 106.899680000132108, -6.483429999794534, 0.0 ], [ 106.899230000064591, -6.484060000068794, 0.0 ], [ 106.8991001901218, -6.484324428629265, 0.0 ], [ 106.898960000203985, -6.48461000025117, 0.0 ], [ 106.898819046761815, -6.484729503063971, 0.0 ], [ 106.898499999675465, -6.485000000249688, 0.0 ], [ 106.897959999954182, -6.485299999695062, 0.0 ], [ 106.89773130235794, -6.485368608973943, 0.0 ], [ 106.897460000278912, -6.485450000317119, 0.0 ], [ 106.896899999635451, -6.485419999832978, 0.0 ], [ 106.896862886413274, -6.485412387071889, 0.0 ], [ 106.896509999636947, -6.485339999741004, 0.0 ], [ 106.896230518224002, -6.485163334220303, 0.0 ], [ 106.895536272181388, -6.484862625209811, 0.0 ], [ 106.89498186442168, -6.484886362815203, 0.0 ], [ 106.89486776383643, -6.484921064955032, 0.0 ], [ 106.894592425600138, -6.485004807125918, 0.0 ], [ 106.894489025148559, -6.485156845611719, 0.0 ], [ 106.894318558654746, -6.485400572678159, 0.0 ], [ 106.894269999760866, -6.48547000034009, 0.0 ], [ 106.894037007901815, -6.48610937424813, 0.0 ], [ 106.893839999716405, -6.486649999897356, 0.0 ], [ 106.893586958371642, -6.487198850746214, 0.0 ], [ 106.893130000249457, -6.488189999868457, 0.0 ], [ 106.892891166394449, -6.48867264532619, 0.0 ], [ 106.892760520981383, -6.488936654802604, 0.0 ], [ 106.892649999697881, -6.489159999634122, 0.0 ], [ 106.892379999837274, -6.489689999793526, 0.0 ], [ 106.89200000029993, -6.489930000069268, 0.0 ], [ 106.891470000140529, -6.490099999814927, 0.0 ], [ 106.890300000145061, -6.490870000250162, 0.0 ], [ 106.889921373872511, -6.491069277425012, 0.0 ], [ 106.889540000171081, -6.491269999810481, 0.0 ], [ 106.889041627369394, -6.491238882368346, 0.0 ], [ 106.888671747003684, -6.491169166024005, 0.0 ], [ 106.888116397653789, -6.490922403745838, 0.0 ], [ 106.887528812105217, -6.490608221092344, 0.0 ], [ 106.886912206333449, -6.490655501150258, 0.0 ], [ 106.886846632266469, -6.490660529259831, 0.0 ], [ 106.88677646086515, -6.490631935315374, 0.0 ], [ 106.886604589630309, -6.490561897913096, 0.0 ], [ 106.886244989414848, -6.490389053611736, 0.0 ], [ 106.886035713577471, -6.490159262439867, 0.0 ], [ 106.886009459668998, -6.490130433772325, 0.0 ], [ 106.885635194209044, -6.4898367817419, 0.0 ], [ 106.884665913001655, -6.489619993867493, 0.0 ], [ 106.884148059085817, -6.490137360350747, 0.0 ], [ 106.883364961823673, -6.491007633395398, 0.0 ], [ 106.883190247831863, -6.490855427635758, 0.0 ], [ 106.883103030680502, -6.49067915421945, 0.0 ], [ 106.882879585124925, -6.490462003918154, 0.0 ], [ 106.882477204159841, -6.490253768596368, 0.0 ], [ 106.882039455556622, -6.490091876238893, 0.0 ], [ 106.881687147943666, -6.489968768044054, 0.0 ], [ 106.881272876142447, -6.489850464926885, 0.0 ], [ 106.881684276408393, -6.488237609977556, 0.0 ], [ 106.882001241564197, -6.48718073030631, 0.0 ], [ 106.882100353148914, -6.486850259131973, 0.0 ], [ 106.882234407891787, -6.486403271793364, 0.0 ], [ 106.88228509368227, -6.486234267597215, 0.0 ], [ 106.882325665697095, -6.486074220648632, 0.0 ], [ 106.882447207272918, -6.485594773180061, 0.0 ], [ 106.882455607840186, -6.485561632263384, 0.0 ], [ 106.882509960166729, -6.48534722939095, 0.0 ], [ 106.882753698024985, -6.484422086909571, 0.0 ], [ 106.882863793029827, -6.483977995387971, 0.0 ], [ 106.882957810854464, -6.483598753079836, 0.0 ], [ 106.883000969319454, -6.483424665016138, 0.0 ], [ 106.883016625616946, -6.483238997281706, 0.0 ], [ 106.883061278755207, -6.482709462971172, 0.0 ], [ 106.883062889440922, -6.482690370364121, 0.0 ], [ 106.88308447586806, -6.482359390173578, 0.0 ], [ 106.883087149552438, -6.482055104559272, 0.0 ], [ 106.883040602442009, -6.481808052699325, 0.0 ], [ 106.8830172353573, -6.481697917224984, 0.0 ], [ 106.882982546707382, -6.481534421376303, 0.0 ], [ 106.882949511910624, -6.481375525559887, 0.0 ], [ 106.882943829993906, -6.481348195162919, 0.0 ], [ 106.882910594648408, -6.481212231159397, 0.0 ], [ 106.882811213267061, -6.480805664749525, 0.0 ], [ 106.882746908143446, -6.480542595064556, 0.0 ], [ 106.882673474901111, -6.480223378006347, 0.0 ], [ 106.882588817220324, -6.479953647942374, 0.0 ], [ 106.882526878212985, -6.479685658066483, 0.0 ], [ 106.882511524987095, -6.479619231442193, 0.0 ], [ 106.882507484333146, -6.479538859930258, 0.0 ], [ 106.882500000175057, -6.479389999648646, 0.0 ], [ 106.882528916076822, -6.479181769722722, 0.0 ], [ 106.8825660625739, -6.479090236724829, 0.0 ], [ 106.882649497176686, -6.478884654403174, 0.0 ], [ 106.883124569443538, -6.478020778236129, 0.0 ], [ 106.88335581841649, -6.477600271435193, 0.0 ], [ 106.883469892921354, -6.477443462945267, 0.0 ], [ 106.883494591002801, -6.47740951263879, 0.0 ], [ 106.883645527819084, -6.477202031848108, 0.0 ], [ 106.883730363565604, -6.477085415859065, 0.0 ], [ 106.883960000054088, -6.476719999728022, 0.0 ], [ 106.884071917984755, -6.476561998737154, 0.0 ], [ 106.884390176365741, -6.476112693845639, 0.0 ], [ 106.884639999936184, -6.475760000423527, 0.0 ], [ 106.88464020767961, -6.475759705445885, 0.0 ], [ 106.885018396881691, -6.475224725740372, 0.0 ], [ 106.885023909725831, -6.475216926819574, 0.0 ], [ 106.885099438388536, -6.475075919417996, 0.0 ], [ 106.885284731105614, -6.474797580144056, 0.0 ], [ 106.885620918370847, -6.474314836660202, 0.0 ], [ 106.885680000232028, -6.474230000014316, 0.0 ], [ 106.885910000046593, -6.47388999962363, 0.0 ], [ 106.886139999861257, -6.473530000109253, 0.0 ], [ 106.886300000045111, -6.473300000294593, 0.0 ], [ 106.886429999744834, -6.473109999626594, 0.0 ], [ 106.886544101229447, -6.472944429941343, 0.0 ], [ 106.886666060990052, -6.472766223882012, 0.0 ], [ 106.886805061104837, -6.472563117393761, 0.0 ], [ 106.886971451871162, -6.472315275029796, 0.0 ], [ 106.887169999695928, -6.471990000138241, 0.0 ], [ 106.887400000409869, -6.472119999837957, 0.0 ], [ 106.887799999970184, -6.472320000067757, 0.0 ], [ 106.888109999876733, -6.472420000182701, 0.0 ], [ 106.888780000197016, -6.472449999767473, 0.0 ], [ 106.889179999757346, -6.472469999790533, 0.0 ], [ 106.889589999778821, -6.472569999905389, 0.0 ], [ 106.889760000423848, -6.472670000020333, 0.0 ], [ 106.889913881620529, -6.47279310461796, 0.0 ], [ 106.889959999754382, -6.472830000204191, 0.0 ], [ 106.890070000330397, -6.472979999926878, 0.0 ], [ 106.890269999660916, -6.473400000409537, 0.0 ], [ 106.890321365338934, -6.47345136518819, 0.0 ], [ 106.890440000305944, -6.473570000155195, 0.0 ], [ 106.890610000051694, -6.473650000247169, 0.0 ], [ 106.89068071644212, -6.473675782011625, 0.0 ], [ 106.890876809117643, -6.473747273617594, 0.0 ], [ 106.89157000025547, -6.474000000199656, 0.0 ], [ 106.891940000231017, -6.474129999899372, 0.0 ], [ 106.892170000045681, -6.474250000037287, 0.0 ], [ 106.89221999965342, -6.474290000083229, 0.0 ], [ 106.892399999860245, -6.474000000199656, 0.0 ], [ 106.892470000390418, -6.473860000038858, 0.0 ], [ 106.892479999952229, -6.473770000385084, 0.0 ], [ 106.892437767788948, -6.473680003429241, 0.0 ], [ 106.892242719226218, -6.473584624030995, 0.0 ], [ 106.892163617557088, -6.473545944189798, 0.0 ], [ 106.892049722017248, -6.473500156107139, 0.0 ], [ 106.892059185583179, -6.473437515628646, 0.0 ], [ 106.892072949707071, -6.47334641430545, 0.0 ], [ 106.892087874855648, -6.473247628275249, 0.0 ], [ 106.892189348060157, -6.472820679630544, 0.0 ], [ 106.892191248327563, -6.472801487198723, 0.0 ], [ 106.892230000114594, -6.472409999721531, 0.0 ], [ 106.892237749572644, -6.472100006110217, 0.0 ], [ 106.892239999676391, -6.472010000161212, 0.0 ], [ 106.892259999699363, -6.47195000009221, 0.0 ], [ 106.892900000434878, -6.471390000348123, 0.0 ], [ 106.893150000272428, -6.471179999657153, 0.0 ], [ 106.893369999626003, -6.471040000395547, 0.0 ], [ 106.893839999716405, -6.470610000351087, 0.0 ], [ 106.893853245830826, -6.470592338565453, 0.0 ], [ 106.893899429615189, -6.470530759286888, 0.0 ], [ 106.893899999785319, -6.470530000259114, 0.0 ], [ 106.89391999980829, -6.470300000444542, 0.0 ], [ 106.894010000361433, -6.470080000191683, 0.0 ], [ 106.895129999849786, -6.470639999935859, 0.0 ], [ 106.895389339146845, -6.470741304067786, 0.0 ], [ 106.896410000421369, -6.471139999611122, 0.0 ], [ 106.897460000278912, -6.47131000025615, 0.0 ], [ 106.897480896026707, -6.471313516605317, 0.0 ], [ 106.897965170156667, -6.471395029356977, 0.0 ], [ 106.898470000090612, -6.471480000001897, 0.0 ], [ 106.898896365974721, -6.471568054422008, 0.0 ], [ 106.89939000024853, -6.471669999770526, 0.0 ], [ 106.900337993603642, -6.471697610756024, 0.0 ], [ 106.900420000083116, -6.471700000254668, 0.0 ], [ 106.90058000026697, -6.471840000415554, 0.0 ], [ 106.900626795590313, -6.471940791933797, 0.0 ], [ 106.900709999966693, -6.472119999837957, 0.0 ], [ 106.900759999574518, -6.472629999974302, 0.0 ], [ 106.901019999873228, -6.473089999603623, 0.0 ], [ 106.90163999968641, -6.473920000107771, 0.0 ], [ 106.902490000213533, -6.474769999735521, 0.0 ], [ 106.903110000026615, -6.475319999917897, 0.0 ], [ 106.903689999793855, -6.475979999777017, 0.0 ], [ 106.903950000092564, -6.476570000005335, 0.0 ], [ 106.904529999859804, -6.477399999610114, 0.0 ], [ 106.905120000088118, -6.478519999997836, 0.0 ], [ 106.905479999602406, -6.479150000272096, 0.0 ], [ 106.905849999577953, -6.479480000201701, 0.0 ], [ 106.906629999574989, -6.479730000039332, 0.0 ], [ 106.907440000056084, -6.480070000430018, 0.0 ], [ 106.907669999870834, -6.48032000026765, 0.0 ], [ 106.907839999616399, -6.480759999873911, 0.0 ] ] ] ] } },
{ "type": "Feature", "properties": { "PROVNO": "32", "KABKOTNO": "01", "KECNO": "200", "DESANO": "013", "PROVINSI": "JAWA BARAT", "KABKOT": "BOGOR", "KECAMATAN": "CITEUREUP", "ID2013": "3201200013", "DESA": "PUSPANEGARA", "DESA_1": "PUSPANEGARA", "ID2012": "3201200013", "IDKAB2": "3201", "IDKEC_2": "3201200", "WILAYAH": "TENGAH" }, "geometry": { "type": "MultiPolygon", "coordinates": [ [ [ [ 106.887169999695928, -6.471990000138241, 0.0 ], [ 106.886971451871162, -6.472315275029796, 0.0 ], [ 106.886805061104837, -6.472563117393761, 0.0 ], [ 106.886666060990052, -6.472766223882012, 0.0 ], [ 106.886544101229447, -6.472944429941343, 0.0 ], [ 106.886429999744834, -6.473109999626594, 0.0 ], [ 106.886300000045111, -6.473300000294593, 0.0 ], [ 106.886139999861257, -6.473530000109253, 0.0 ], [ 106.885910000046593, -6.47388999962363, 0.0 ], [ 106.885680000232028, -6.474230000014316, 0.0 ], [ 106.885620918370847, -6.474314836660202, 0.0 ], [ 106.885284731105614, -6.474797580144056, 0.0 ], [ 106.885099438388536, -6.475075919417996, 0.0 ], [ 106.885023909725831, -6.475216926819574, 0.0 ], [ 106.885018396881691, -6.475224725740372, 0.0 ], [ 106.88464020767961, -6.475759705445885, 0.0 ], [ 106.884639999936184, -6.475760000423527, 0.0 ], [ 106.884390176365741, -6.476112693845639, 0.0 ], [ 106.884071917984755, -6.476561998737154, 0.0 ], [ 106.883960000054088, -6.476719999728022, 0.0 ], [ 106.883730363565604, -6.477085415859065, 0.0 ], [ 106.883645527819084, -6.477202031848108, 0.0 ], [ 106.883494591002801, -6.47740951263879, 0.0 ], [ 106.883469892921354, -6.477443462945267, 0.0 ], [ 106.88335581841649, -6.477600271435193, 0.0 ], [ 106.883124569443538, -6.478020778236129, 0.0 ], [ 106.882649497176686, -6.478884654403174, 0.0 ], [ 106.8825660625739, -6.479090236724829, 0.0 ], [ 106.882528916076822, -6.479181769722722, 0.0 ], [ 106.882500000175057, -6.479389999648646, 0.0 ], [ 106.882507484333146, -6.479538859930258, 0.0 ], [ 106.882511524987095, -6.479619231442193, 0.0 ], [ 106.882526878212985, -6.479685658066483, 0.0 ], [ 106.882588817220324, -6.479953647942374, 0.0 ], [ 106.882673474901111, -6.480223378006347, 0.0 ], [ 106.882746908143446, -6.480542595064556, 0.0 ], [ 106.882811213267061, -6.480805664749525, 0.0 ], [ 106.882910594648408, -6.481212231159397, 0.0 ], [ 106.882943829993906, -6.481348195162919, 0.0 ], [ 106.882949511910624, -6.481375525559887, 0.0 ], [ 106.882982546707382, -6.481534421376303, 0.0 ], [ 106.8830172353573, -6.481697917224984, 0.0 ], [ 106.883040602442009, -6.481808052699325, 0.0 ], [ 106.883087149552438, -6.482055104559272, 0.0 ], [ 106.88308447586806, -6.482359390173578, 0.0 ], [ 106.883062889440922, -6.482690370364121, 0.0 ], [ 106.883061278755207, -6.482709462971172, 0.0 ], [ 106.883016625616946, -6.483238997281706, 0.0 ], [ 106.883000969319454, -6.483424665016138, 0.0 ], [ 106.882957810854464, -6.483598753079836, 0.0 ], [ 106.882863793029827, -6.483977995387971, 0.0 ], [ 106.882753698024985, -6.484422086909571, 0.0 ], [ 106.882509960166729, -6.48534722939095, 0.0 ], [ 106.882455607840186, -6.485561632263384, 0.0 ], [ 106.882447207272918, -6.485594773180061, 0.0 ], [ 106.882325665697095, -6.486074220648632, 0.0 ], [ 106.88228509368227, -6.486234267597215, 0.0 ], [ 106.882234407891787, -6.486403271793364, 0.0 ], [ 106.882100353148914, -6.486850259131973, 0.0 ], [ 106.882001241564197, -6.48718073030631, 0.0 ], [ 106.881684276408393, -6.488237609977556, 0.0 ], [ 106.881655565552123, -6.488229129370673, 0.0 ], [ 106.881319999718414, -6.488129999799455, 0.0 ], [ 106.881034848079935, -6.488024085742818, 0.0 ], [ 106.880969999765853, -6.488000000099738, 0.0 ], [ 106.880840000066129, -6.487960000053796, 0.0 ], [ 106.880320000367902, -6.487790000308138, 0.0 ], [ 106.880172998984918, -6.48773512007951, 0.0 ], [ 106.880033755153875, -6.487683134768698, 0.0 ], [ 106.87956999995572, -6.487509999986365, 0.0 ], [ 106.879130000349363, -6.48738999984845, 0.0 ], [ 106.878754022580267, -6.48723960892065, 0.0 ], [ 106.878729999889771, -6.487229999664592, 0.0 ], [ 106.878489999613947, -6.487140000010818, 0.0 ], [ 106.878440932603127, -6.48712293267705, 0.0 ], [ 106.878259999799283, -6.487059999918934, 0.0 ], [ 106.878075160340515, -6.486990473331513, 0.0 ], [ 106.877169999895699, -6.486649999897356, 0.0 ], [ 106.876819999943208, -6.486480000151786, 0.0 ], [ 106.876710000266471, -6.486449999667556, 0.0 ], [ 106.876598182160492, -6.486402078393052, 0.0 ], [ 106.876360000313895, -6.486299999944869, 0.0 ], [ 106.876269999760837, -6.486270000360097, 0.0 ], [ 106.876189999668952, -6.486239999875956, 0.0 ], [ 106.875987734946207, -6.486172577702156, 0.0 ], [ 106.875950000292491, -6.486159999783982, 0.0 ], [ 106.875819999693405, -6.48611999973804, 0.0 ], [ 106.87563045498166, -6.486033842887409, 0.0 ], [ 106.875600000339915, -6.486019999623096, 0.0 ], [ 106.875529999809828, -6.485979999577154, 0.0 ], [ 106.875400000110119, -6.485940000430492, 0.0 ], [ 106.875299999995178, -6.485920000407521, 0.0 ], [ 106.875063437827535, -6.485833260796205, 0.0 ], [ 106.874999999650427, -6.485809999831496, 0.0 ], [ 106.873820000093076, -6.485430000294148, 0.0 ], [ 106.874109999976639, -6.484690000343143, 0.0 ], [ 106.874159999584478, -6.484570000205139, 0.0 ], [ 106.874310000206535, -6.48416000018365, 0.0 ], [ 106.874450084004337, -6.483840920721775, 0.0 ], [ 106.87449000041336, -6.483750000162249, 0.0 ], [ 106.874540000021199, -6.483619999563164, 0.0 ], [ 106.874649999697937, -6.483429999794534, 0.0 ], [ 106.874880000411878, -6.48334000014076, 0.0 ], [ 106.875010000111601, -6.483220000002845, 0.0 ], [ 106.87505999971934, -6.483179999956903, 0.0 ], [ 106.875239999926265, -6.483039999796016, 0.0 ], [ 106.875403298823329, -6.482840412354953, 0.0 ], [ 106.87542000013309, -6.482820000442526, 0.0 ], [ 106.875819999693405, -6.482319999867894, 0.0 ], [ 106.876089999554011, -6.481949999892436, 0.0 ], [ 106.876124554204978, -6.48190042296596, 0.0 ], [ 106.876320000267953, -6.481619999962831, 0.0 ], [ 106.876368947669022, -6.481496464589966, 0.0 ], [ 106.876530000059631, -6.481089999803515, 0.0 ], [ 106.876559999644414, -6.4809699996656, 0.0 ], [ 106.876630000174586, -6.480570000105281, 0.0 ], [ 106.87662433084833, -6.480551733075881, 0.0 ], [ 106.876539999621443, -6.480280000221708, 0.0 ], [ 106.8765821994091, -6.479959285792205, 0.0 ], [ 106.876590000128644, -6.47989999978499, 0.0 ], [ 106.876619999713412, -6.479830000154188, 0.0 ], [ 106.876690000243499, -6.479569999855475, 0.0 ], [ 106.876710000266471, -6.479429999694588, 0.0 ], [ 106.876690000243499, -6.479329999579644, 0.0 ], [ 106.8772200004029, -6.478129999999318, 0.0 ], [ 106.877268502639438, -6.478026063551869, 0.0 ], [ 106.877290000033696, -6.477980000276631, 0.0 ], [ 106.87755000033242, -6.477550000232171, 0.0 ], [ 106.87765000044736, -6.477399999610114, 0.0 ], [ 106.877869999800851, -6.477160000233653, 0.0 ], [ 106.87789737156659, -6.477131822675322, 0.0 ], [ 106.87821000019153, -6.476810000281166, 0.0 ], [ 106.878271071352998, -6.476773603818611, 0.0 ], [ 106.879199999980173, -6.476220000052848, 0.0 ], [ 106.879400000209969, -6.476050000307101, 0.0 ], [ 106.879540000370866, -6.475839999616131, 0.0 ], [ 106.879589999978691, -6.475769999985328, 0.0 ], [ 106.879593475858371, -6.47558455258487, 0.0 ], [ 106.879601383597191, -6.475162623056487, 0.0 ], [ 106.879648697829367, -6.475056640651324, 0.0 ], [ 106.879815298137657, -6.474683456176447, 0.0 ], [ 106.879843166329238, -6.474621032434538, 0.0 ], [ 106.879961188857976, -6.474248256251904, 0.0 ], [ 106.880021275261825, -6.47405847411914, 0.0 ], [ 106.880187916938993, -6.473726703424489, 0.0 ], [ 106.880210667988123, -6.473681406371625, 0.0 ], [ 106.880580090598841, -6.47326126469542, 0.0 ], [ 106.880690000343435, -6.473069999580652, 0.0 ], [ 106.880780201445319, -6.472915962801231, 0.0 ], [ 106.880972352392376, -6.47270032605908, 0.0 ], [ 106.881012422585414, -6.472655357258752, 0.0 ], [ 106.880968969142799, -6.472628627608881, 0.0 ], [ 106.880761846282411, -6.47250121975528, 0.0 ], [ 106.879487973691184, -6.471717623369457, 0.0 ], [ 106.879507837017186, -6.471714325555524, 0.0 ], [ 106.880574661391719, -6.471537231957516, 0.0 ], [ 106.880668163904829, -6.471521709658958, 0.0 ], [ 106.880797827258135, -6.471363395703946, 0.0 ], [ 106.881304810168984, -6.470744386943785, 0.0 ], [ 106.881637419031833, -6.470338281886026, 0.0 ], [ 106.881979999577453, -6.469920000007825, 0.0 ], [ 106.882190000268423, -6.469949999592686, 0.0 ], [ 106.882580000266941, -6.46940999987148, 0.0 ], [ 106.882747977437333, -6.468987857203636, 0.0 ], [ 106.882926177201526, -6.468540023603033, 0.0 ], [ 106.882975202843468, -6.46826802095223, 0.0 ], [ 106.883236122249372, -6.467875298705863, 0.0 ], [ 106.883844136797677, -6.468163105143034, 0.0 ], [ 106.883921776169146, -6.468199855039138, 0.0 ], [ 106.884043933780646, -6.468328719794449, 0.0 ], [ 106.884040385055954, -6.468397195074296, 0.0 ], [ 106.884033273217099, -6.468530342401237, 0.0 ], [ 106.884460970097848, -6.468808463139943, 0.0 ], [ 106.884597405346113, -6.468897183957747, 0.0 ], [ 106.8849125583681, -6.468774305989236, 0.0 ], [ 106.885241989926044, -6.468400346298822, 0.0 ], [ 106.88537163439365, -6.468331807167029, 0.0 ], [ 106.885401383067574, -6.468316078923788, 0.0 ], [ 106.88596634706947, -6.468907320216513, 0.0 ], [ 106.886106906608674, -6.469001720253011, 0.0 ], [ 106.886333023150698, -6.469153577975053, 0.0 ], [ 106.886591517085037, -6.469327182203557, 0.0 ], [ 106.885693239151848, -6.470114025142006, 0.0 ], [ 106.886799136371252, -6.470726675695317, 0.0 ], [ 106.887099305788482, -6.470892965737587, 0.0 ], [ 106.88754542618058, -6.471140109328424, 0.0 ], [ 106.887705108004525, -6.471228570242129, 0.0 ], [ 106.88764802623561, -6.471308871606976, 0.0 ], [ 106.887369999925724, -6.471700000254668, 0.0 ], [ 106.887169999695928, -6.471990000138241, 0.0 ] ] ] ] } },
{ "type": "Feature", "properties": { "PROVNO": "32", "KABKOTNO": "01", "KECNO": "200", "DESANO": "014", "PROVINSI": "JAWA BARAT", "KABKOT": "BOGOR", "KECAMATAN": "CITEUREUP", "ID2013": "3201200014", "DESA": "PUSPASARI", "DESA_1": "PUSPASARI", "ID2012": "3201200014", "IDKAB2": "3201", "IDKEC_2": "3201200", "WILAYAH": "TENGAH" }, "geometry": { "type": "MultiPolygon", "coordinates": [ [ [ [ 106.880333419152109, -6.470071874816998, 0.0 ], [ 106.880170220979096, -6.470389559430458, 0.0 ], [ 106.879628257138535, -6.471444547827456, 0.0 ], [ 106.879487973691184, -6.471717623369457, 0.0 ], [ 106.880761846282411, -6.47250121975528, 0.0 ], [ 106.880968969142799, -6.472628627608881, 0.0 ], [ 106.881012422585414, -6.472655357258752, 0.0 ], [ 106.880972352392376, -6.47270032605908, 0.0 ], [ 106.880780201445319, -6.472915962801231, 0.0 ], [ 106.880690000343435, -6.473069999580652, 0.0 ], [ 106.880580090598841, -6.47326126469542, 0.0 ], [ 106.880210667988123, -6.473681406371625, 0.0 ], [ 106.880187916938993, -6.473726703424489, 0.0 ], [ 106.880021275261825, -6.47405847411914, 0.0 ], [ 106.879961188857976, -6.474248256251904, 0.0 ], [ 106.879843166329238, -6.474621032434538, 0.0 ], [ 106.879815298137657, -6.474683456176447, 0.0 ], [ 106.879648697829367, -6.475056640651324, 0.0 ], [ 106.879601383597191, -6.475162623056487, 0.0 ], [ 106.879593475858371, -6.47558455258487, 0.0 ], [ 106.879589999978691, -6.475769999985328, 0.0 ], [ 106.879540000370866, -6.475839999616131, 0.0 ], [ 106.879400000209969, -6.476050000307101, 0.0 ], [ 106.879199999980173, -6.476220000052848, 0.0 ], [ 106.878271071352998, -6.476773603818611, 0.0 ], [ 106.87821000019153, -6.476810000281166, 0.0 ], [ 106.87789737156659, -6.477131822675322, 0.0 ], [ 106.877869999800851, -6.477160000233653, 0.0 ], [ 106.87765000044736, -6.477399999610114, 0.0 ], [ 106.87755000033242, -6.477550000232171, 0.0 ], [ 106.877290000033696, -6.477980000276631, 0.0 ], [ 106.877268502639438, -6.478026063551869, 0.0 ], [ 106.8772200004029, -6.478129999999318, 0.0 ], [ 106.876690000243499, -6.479329999579644, 0.0 ], [ 106.876710000266471, -6.479429999694588, 0.0 ], [ 106.876690000243499, -6.479569999855475, 0.0 ], [ 106.876619999713412, -6.479830000154188, 0.0 ], [ 106.876590000128644, -6.47989999978499, 0.0 ], [ 106.8765821994091, -6.479959285792205, 0.0 ], [ 106.876539999621443, -6.480280000221708, 0.0 ], [ 106.87662433084833, -6.480551733075881, 0.0 ], [ 106.876630000174586, -6.480570000105281, 0.0 ], [ 106.876559999644414, -6.4809699996656, 0.0 ], [ 106.876530000059631, -6.481089999803515, 0.0 ], [ 106.876368947669022, -6.481496464589966, 0.0 ], [ 106.876320000267953, -6.481619999962831, 0.0 ], [ 106.876124554204978, -6.48190042296596, 0.0 ], [ 106.876089999554011, -6.481949999892436, 0.0 ], [ 106.875819999693405, -6.482319999867894, 0.0 ], [ 106.87542000013309, -6.482820000442526, 0.0 ], [ 106.875403298823329, -6.482840412354953, 0.0 ], [ 106.875239999926265, -6.483039999796016, 0.0 ], [ 106.87505999971934, -6.483179999956903, 0.0 ], [ 106.875010000111601, -6.483220000002845, 0.0 ], [ 106.874880000411878, -6.48334000014076, 0.0 ], [ 106.874649999697937, -6.483429999794534, 0.0 ], [ 106.874540000021199, -6.483619999563164, 0.0 ], [ 106.87449000041336, -6.483750000162249, 0.0 ], [ 106.874450084004337, -6.483840920721775, 0.0 ], [ 106.874310000206535, -6.48416000018365, 0.0 ], [ 106.874159999584478, -6.484570000205139, 0.0 ], [ 106.874109999976639, -6.484690000343143, 0.0 ], [ 106.873820000093076, -6.485430000294148, 0.0 ], [ 106.87361999986328, -6.485379999787035, 0.0 ], [ 106.873249999887818, -6.48525999964912, 0.0 ], [ 106.872719999728318, -6.485089999903462, 0.0 ], [ 106.872583955685172, -6.485044651589291, 0.0 ], [ 106.872540000420855, -6.48502999983446, 0.0 ], [ 106.872269999660972, -6.484940000180686, 0.0 ], [ 106.872180000007205, -6.484900000134743, 0.0 ], [ 106.872136311841501, -6.484892719223492, 0.0 ], [ 106.871999999800295, -6.484869999650602, 0.0 ], [ 106.871928385886463, -6.484842656663083, 0.0 ], [ 106.871449999617909, -6.484659999858913, 0.0 ], [ 106.871299999895228, -6.484590000228199, 0.0 ], [ 106.871069296810759, -6.484450783376818, 0.0 ], [ 106.871005777694663, -6.48441245157322, 0.0 ], [ 106.870720000128074, -6.484240000275623, 0.0 ], [ 106.870620000013133, -6.484149999722568, 0.0 ], [ 106.870510000336395, -6.48397000041502, 0.0 ], [ 106.870180000406876, -6.483240000025816, 0.0 ], [ 106.869960000154009, -6.482609999751467, 0.0 ], [ 106.869590000178562, -6.481849999777491, 0.0 ], [ 106.869349956735306, -6.481525235700971, 0.0 ], [ 106.869249999787868, -6.481390000148259, 0.0 ], [ 106.869129999649957, -6.481220000402512, 0.0 ], [ 106.869080000042118, -6.481149999872429, 0.0 ], [ 106.868959999904206, -6.48098000012677, 0.0 ], [ 106.86885999978935, -6.480880000011826, 0.0 ], [ 106.868739999651439, -6.480699999804997, 0.0 ], [ 106.868609999951715, -6.480579999667082, 0.0 ], [ 106.868460000229035, -6.480490000013308, 0.0 ], [ 106.868309999606979, -6.480449999967366, 0.0 ], [ 106.867899999585489, -6.48053999962114, 0.0 ], [ 106.867809999931708, -6.480590000128252, 0.0 ], [ 106.867749999862795, -6.480610000151223, 0.0 ], [ 106.867520000048131, -6.480300000244679, 0.0 ], [ 106.867399999910219, -6.480079999991819, 0.0 ], [ 106.867310000256452, -6.479810000131216, 0.0 ], [ 106.867310000256452, -6.479660000408529, 0.0 ], [ 106.867399999910219, -6.47946999974053, 0.0 ], [ 106.867580000117044, -6.479199999879928, 0.0 ], [ 106.867784370152705, -6.478982300992211, 0.0 ], [ 106.868039999746372, -6.478709999766554, 0.0 ], [ 106.868239999976169, -6.478640000135751, 0.0 ], [ 106.868380000137051, -6.478640000135751, 0.0 ], [ 106.868480000252006, -6.478640000135751, 0.0 ], [ 106.868569999905688, -6.478660000158722, 0.0 ], [ 106.86867999958244, -6.478720000227636, 0.0 ], [ 106.868810000181526, -6.47880999988141, 0.0 ], [ 106.869160000134087, -6.479079999742012, 0.0 ], [ 106.869490000063607, -6.479210000341098, 0.0 ], [ 106.869730000339445, -6.479270000410011, 0.0 ], [ 106.869960000154009, -6.479259999948841, 0.0 ], [ 106.870140000360934, -6.47923999992587, 0.0 ], [ 106.870230000014615, -6.479199999879928, 0.0 ], [ 106.870285204898479, -6.479161032255689, 0.0 ], [ 106.870399999760366, -6.479079999742012, 0.0 ], [ 106.870433375400125, -6.47903709038923, 0.0 ], [ 106.870539999921249, -6.478900000434553, 0.0 ], [ 106.870640000036104, -6.478640000135751, 0.0 ], [ 106.870689999643929, -6.478370000275149, 0.0 ], [ 106.870680000082132, -6.478060000368515, 0.0 ], [ 106.870620000013133, -6.477800000069802, 0.0 ], [ 106.870570000405394, -6.477710000416028, 0.0 ], [ 106.870450000267482, -6.477670000369997, 0.0 ], [ 106.870310000106585, -6.477679999931887, 0.0 ], [ 106.87004999980779, -6.477679999931887, 0.0 ], [ 106.869630000224504, -6.477820000092773, 0.0 ], [ 106.869329999879753, -6.477820000092773, 0.0 ], [ 106.869279067674995, -6.477782957916958, 0.0 ], [ 106.869109999626986, -6.477659999908916, 0.0 ], [ 106.868999999950233, -6.477599999840002, 0.0 ], [ 106.86885999978935, -6.4775300002092, 0.0 ], [ 106.868810000181526, -6.477419999633085, 0.0 ], [ 106.868750546900372, -6.477323388163683, 0.0 ], [ 106.868730000089641, -6.477289999933369, 0.0 ], [ 106.86864000043586, -6.477169999795453, 0.0 ], [ 106.868633688094363, -6.477157375112554, 0.0 ], [ 106.868600000389918, -6.477089999703569, 0.0 ], [ 106.868549999882717, -6.476939999980882, 0.0 ], [ 106.868600000389918, -6.476830000304137, 0.0 ], [ 106.868620000412889, -6.476659999659109, 0.0 ], [ 106.868730000089641, -6.476500000374532, 0.0 ], [ 106.868770000135584, -6.476369999775535, 0.0 ], [ 106.868899999835293, -6.47626000009879, 0.0 ], [ 106.868990000388436, -6.476170000445016, 0.0 ], [ 106.869209999741926, -6.476150000422045, 0.0 ], [ 106.869759999924213, -6.476039999845931, 0.0 ], [ 106.870219999553541, -6.475919999708104, 0.0 ], [ 106.870749999712842, -6.475729999939386, 0.0 ], [ 106.871030000034622, -6.475660000308583, 0.0 ], [ 106.871210000241447, -6.475529999709586, 0.0 ], [ 106.87127000031046, -6.475460000078783, 0.0 ], [ 106.871290000333431, -6.475290000333036, 0.0 ], [ 106.871258339700731, -6.475218764134496, 0.0 ], [ 106.87125000028739, -6.475199999779981, 0.0 ], [ 106.871159999734431, -6.475130000149267, 0.0 ], [ 106.87092000035787, -6.474980000426491, 0.0 ], [ 106.870905981725841, -6.474951963162425, 0.0 ], [ 106.870809999781855, -6.47476000017372, 0.0 ], [ 106.870789999758884, -6.474649999597695, 0.0 ], [ 106.870789999758884, -6.47453999992095, 0.0 ], [ 106.870829999804826, -6.474419999782945, 0.0 ], [ 106.87092000035787, -6.47431999966809, 0.0 ], [ 106.871030000034622, -6.474270000060258, 0.0 ], [ 106.871489999663936, -6.474399999759974, 0.0 ], [ 106.871819999593455, -6.47453999992095, 0.0 ], [ 106.871930000169485, -6.474490000313118, 0.0 ], [ 106.872019999823266, -6.474490000313118, 0.0 ], [ 106.872059999869293, -6.474419999782945, 0.0 ], [ 106.872039999846237, -6.474339999691061, 0.0 ], [ 106.872039999846237, -6.474160000383602, 0.0 ], [ 106.872039999846237, -6.47408999985343, 0.0 ], [ 106.871970000215512, -6.474009999761545, 0.0 ], [ 106.871954870920717, -6.473981253831642, 0.0 ], [ 106.871870000100571, -6.473819999992827, 0.0 ], [ 106.871674848115873, -6.473490680850116, 0.0 ], [ 106.871549999732849, -6.473280000271622, 0.0 ], [ 106.871219999803344, -6.472739999651047, 0.0 ], [ 106.870980000426883, -6.472360000113788, 0.0 ], [ 106.870880000311928, -6.472130000299128, 0.0 ], [ 106.870849999827797, -6.471999999700042, 0.0 ], [ 106.870900000334899, -6.471800000369612, 0.0 ], [ 106.870950054801341, -6.47162123403259, 0.0 ], [ 106.870969999965709, -6.471549999632611, 0.0 ], [ 106.871310000356402, -6.470909999796461, 0.0 ], [ 106.871640000285907, -6.470370000075256, 0.0 ], [ 106.871649999847804, -6.470149999822485, 0.0 ], [ 106.871640000285907, -6.470020000122769, 0.0 ], [ 106.871580000216994, -6.469920000007825, 0.0 ], [ 106.871469999640965, -6.469730000239196, 0.0 ], [ 106.871429999594937, -6.469630000124251, 0.0 ], [ 106.871379999987198, -6.469449999917423, 0.0 ], [ 106.8713199999182, -6.469300000194647, 0.0 ], [ 106.87127000031046, -6.469140000010878, 0.0 ], [ 106.871290000333431, -6.469050000357104, 0.0 ], [ 106.871339999941171, -6.468919999758018, 0.0 ], [ 106.871409999571966, -6.468870000150186, 0.0 ], [ 106.871520000148081, -6.468790000058302, 0.0 ], [ 106.871879999662468, -6.468830000104244, 0.0 ], [ 106.872170000445323, -6.46895000024216, 0.0 ], [ 106.872249999638001, -6.469059999918905, 0.0 ], [ 106.872340000190974, -6.469149999572679, 0.0 ], [ 106.872340000190974, -6.469240000125733, 0.0 ], [ 106.872340000190974, -6.469329999779507, 0.0 ], [ 106.872269999660972, -6.469449999917423, 0.0 ], [ 106.872209999591973, -6.46959999964011, 0.0 ], [ 106.872180000007205, -6.469710000216224, 0.0 ], [ 106.872200000030176, -6.469859999938912, 0.0 ], [ 106.872249999638001, -6.469969999615657, 0.0 ], [ 106.872449999867811, -6.470149999822485, 0.0 ], [ 106.873020000073069, -6.470419999683088, 0.0 ], [ 106.873430000094643, -6.470599999889917, 0.0 ], [ 106.87384999967793, -6.470869999750519, 0.0 ], [ 106.873989999838813, -6.470909999796461, 0.0 ], [ 106.874089999953668, -6.47088999977349, 0.0 ], [ 106.874170000045652, -6.470829999704577, 0.0 ], [ 106.874210000091594, -6.470780000096745, 0.0 ], [ 106.874210000091594, -6.470650000397029, 0.0 ], [ 106.874250000137621, -6.470539999821003, 0.0 ], [ 106.874204720171889, -6.470329705951041, 0.0 ], [ 106.874246922657477, -6.470355383394057, 0.0 ], [ 106.875278413568125, -6.47098295729748, 0.0 ], [ 106.875510158966819, -6.470676230023855, 0.0 ], [ 106.87574748825611, -6.470362112121588, 0.0 ], [ 106.876293794922859, -6.47002672705165, 0.0 ], [ 106.876382717188847, -6.469963343733145, 0.0 ], [ 106.876763921817684, -6.469691621670872, 0.0 ], [ 106.877079695371833, -6.469295750897999, 0.0 ], [ 106.877394527335724, -6.468901060035694, 0.0 ], [ 106.877541168989922, -6.468717220623112, 0.0 ], [ 106.878053230372458, -6.468134316045706, 0.0 ], [ 106.87810937684641, -6.468088625089798, 0.0 ], [ 106.878431051751789, -6.467826850428651, 0.0 ], [ 106.878515133866486, -6.467758424611461, 0.0 ], [ 106.878781451003363, -6.46793906783353, 0.0 ], [ 106.878983653672819, -6.468059406116513, 0.0 ], [ 106.879361297885694, -6.46833717881762, 0.0 ], [ 106.879466234379407, -6.468525146118456, 0.0 ], [ 106.880245869251624, -6.46929922497911, 0.0 ], [ 106.880095597034384, -6.469582312673463, 0.0 ], [ 106.880052329751379, -6.469703559271736, 0.0 ], [ 106.880106655098274, -6.46984462422985, 0.0 ], [ 106.880088885393974, -6.469977464887968, 0.0 ], [ 106.880333419152109, -6.470071874816998, 0.0 ] ] ] ] } },
{ "type": "Feature", "properties": { "PROVNO": "32", "KABKOTNO": "01", "KECNO": "200", "DESANO": "007", "PROVINSI": "JAWA BARAT", "KABKOT": "BOGOR", "KECAMATAN": "CITEUREUP", "ID2013": "3201200007", "DESA": "SANJA", "DESA_1": "SANJA", "ID2012": "3201200007", "IDKAB2": "3201", "IDKEC_2": "3201200", "WILAYAH": "TENGAH" }, "geometry": { "type": "MultiPolygon", "coordinates": [ [ [ [ 106.871804556435237, -6.501694682863182, 0.0 ], [ 106.871493620334462, -6.5021680140425, 0.0 ], [ 106.871505039925779, -6.502176122330052, 0.0 ], [ 106.87220379157192, -6.502672280101454, 0.0 ], [ 106.872214218311655, -6.502679683320558, 0.0 ], [ 106.872231710125533, -6.502692102957965, 0.0 ], [ 106.872225528185766, -6.502736557346136, 0.0 ], [ 106.872849626209515, -6.503324540395052, 0.0 ], [ 106.872976409933571, -6.503409825802677, 0.0 ], [ 106.873600340683396, -6.503829537602925, 0.0 ], [ 106.87428756841669, -6.502614666833253, 0.0 ], [ 106.876472098109019, -6.50472019468106, 0.0 ], [ 106.876613884323532, -6.504681814314086, 0.0 ], [ 106.87756984387336, -6.505712066858251, 0.0 ], [ 106.877815974827556, -6.505917811957342, 0.0 ], [ 106.878376630177527, -6.506199885216315, 0.0 ], [ 106.878182042067721, -6.507224070034603, 0.0 ], [ 106.878055749373544, -6.507888795831054, 0.0 ], [ 106.877970251725927, -6.508366275582969, 0.0 ], [ 106.877929233647393, -6.508595352693227, 0.0 ], [ 106.87785317528396, -6.508978816419067, 0.0 ], [ 106.877340328793352, -6.509979576596017, 0.0 ], [ 106.877318646138832, -6.509936603391377, 0.0 ], [ 106.877254124278537, -6.509949758674285, 0.0 ], [ 106.87718564180409, -6.510011116719507, 0.0 ], [ 106.877082242251873, -6.510032201324858, 0.0 ], [ 106.876909767571831, -6.509955344363529, 0.0 ], [ 106.876793142589634, -6.509848141578303, 0.0 ], [ 106.876709609960727, -6.509858108764579, 0.0 ], [ 106.876633854668825, -6.509844429176894, 0.0 ], [ 106.876375528008396, -6.509832471790968, 0.0 ], [ 106.876355564857619, -6.510517514171834, 0.0 ], [ 106.876104200748443, -6.510995017306023, 0.0 ], [ 106.876013567971967, -6.511032736671343, 0.0 ], [ 106.875345961646985, -6.511310581318099, 0.0 ], [ 106.87506426430447, -6.51163926913684, 0.0 ], [ 106.874737673704843, -6.511908552237724, 0.0 ], [ 106.874323714867757, -6.512076596857277, 0.0 ], [ 106.874096612668765, -6.512201586433921, 0.0 ], [ 106.873849227160321, -6.512435277965558, 0.0 ], [ 106.873646981323276, -6.512787106239806, 0.0 ], [ 106.873345626599615, -6.513311342644226, 0.0 ], [ 106.873090602249619, -6.513286649059449, 0.0 ], [ 106.872764294037069, -6.5134906710575, 0.0 ], [ 106.872335949644494, -6.513404837063455, 0.0 ], [ 106.871951266437961, -6.513788232440767, 0.0 ], [ 106.871739381667254, -6.513861440852722, 0.0 ], [ 106.87157823844511, -6.513919735807008, 0.0 ], [ 106.871401662856655, -6.513836442397771, 0.0 ], [ 106.871339290376142, -6.513696077112154, 0.0 ], [ 106.871308556944513, -6.513626913850814, 0.0 ], [ 106.871484166661148, -6.513449970439602, 0.0 ], [ 106.871817266553791, -6.513187526682831, 0.0 ], [ 106.871974128103687, -6.513162726978141, 0.0 ], [ 106.872580456423151, -6.512626567362059, 0.0 ], [ 106.872922616086058, -6.512034292748261, 0.0 ], [ 106.872682873016302, -6.511892468762284, 0.0 ], [ 106.872289299111998, -6.512141578271038, 0.0 ], [ 106.872201292355982, -6.512175483611529, 0.0 ], [ 106.872066981306318, -6.512171783800582, 0.0 ], [ 106.872025482090521, -6.511754214185519, 0.0 ], [ 106.872005941621097, -6.511557597205222, 0.0 ], [ 106.871796390591058, -6.511446815118251, 0.0 ], [ 106.871235850354338, -6.510681921033648, 0.0 ], [ 106.870715555678558, -6.509985230633699, 0.0 ], [ 106.87035308392781, -6.509499871022086, 0.0 ], [ 106.870316343024953, -6.509473353612218, 0.0 ], [ 106.870184363917403, -6.509378099219756, 0.0 ], [ 106.869891744308774, -6.509166900631804, 0.0 ], [ 106.869682246338783, -6.509070061633828, 0.0 ], [ 106.868774532718689, -6.508155442119836, 0.0 ], [ 106.868744594287747, -6.508125275261047, 0.0 ], [ 106.86863429243877, -6.508460360856851, 0.0 ], [ 106.868453356937067, -6.508755789048273, 0.0 ], [ 106.868343252938885, -6.508935566223197, 0.0 ], [ 106.868277106003845, -6.509048477904802, 0.0 ], [ 106.867983016902855, -6.509550475873596, 0.0 ], [ 106.867759679265944, -6.509481577912304, 0.0 ], [ 106.867103917911663, -6.509358496697129, 0.0 ], [ 106.86660219423608, -6.509416130649761, 0.0 ], [ 106.866419692115286, -6.509502136414316, 0.0 ], [ 106.866393416623012, -6.509514517380879, 0.0 ], [ 106.866296438230222, -6.509682214862114, 0.0 ], [ 106.86597787228115, -6.510255136065481, 0.0 ], [ 106.865528498141828, -6.511048455022053, 0.0 ], [ 106.865479184716747, -6.511135512094004, 0.0 ], [ 106.864766312815235, -6.510650069744752, 0.0 ], [ 106.864863138323386, -6.510440537600584, 0.0 ], [ 106.864808630414174, -6.510403236420039, 0.0 ], [ 106.864459735728403, -6.510164477208704, 0.0 ], [ 106.864457775206347, -6.510163135420246, 0.0 ], [ 106.86445704585617, -6.510163746959243, 0.0 ], [ 106.864374376576393, -6.510233168325854, 0.0 ], [ 106.863895975918723, -6.510011510622551, 0.0 ], [ 106.86377048092308, -6.509953365854972, 0.0 ], [ 106.86350844815658, -6.509831959177372, 0.0 ], [ 106.864122171601181, -6.508417581905714, 0.0 ], [ 106.864112751202669, -6.508414162683298, 0.0 ], [ 106.86372792590322, -6.508274483580436, 0.0 ], [ 106.863647819691337, -6.508175087809889, 0.0 ], [ 106.863627297162239, -6.508015655997514, 0.0 ], [ 106.863651503314344, -6.507929000922488, 0.0 ], [ 106.863696561147549, -6.507767699419578, 0.0 ], [ 106.863745085867251, -6.507521748329861, 0.0 ], [ 106.86379252960171, -6.507356561755753, 0.0 ], [ 106.863957968885302, -6.507137148760247, 0.0 ], [ 106.86400696035308, -6.506907677747034, 0.0 ], [ 106.864026695076092, -6.506777276050304, 0.0 ], [ 106.864101154444896, -6.506772746165126, 0.0 ], [ 106.864128824785581, -6.506388015294498, 0.0 ], [ 106.864024524112679, -6.506264601330116, 0.0 ], [ 106.863969373188141, -6.506175081914325, 0.0 ], [ 106.863878361797106, -6.505821511653256, 0.0 ], [ 106.864076790012021, -6.505571549587188, 0.0 ], [ 106.864235734391812, -6.505426410700146, 0.0 ], [ 106.864398909182469, -6.505076888287622, 0.0 ], [ 106.864188294254575, -6.505143935444071, 0.0 ], [ 106.863491995959023, -6.505369622110226, 0.0 ], [ 106.862976846304619, -6.50556675080475, 0.0 ], [ 106.862614650645824, -6.505651755623845, 0.0 ], [ 106.862503008807025, -6.505624276838731, 0.0 ], [ 106.862307969237548, -6.505666830959314, 0.0 ], [ 106.862192157242447, -6.50567524771434, 0.0 ], [ 106.861903741064936, -6.505696210011926, 0.0 ], [ 106.861598085783214, -6.505990181301726, 0.0 ], [ 106.861334052024986, -6.506228219256762, 0.0 ], [ 106.861236041210503, -6.506242591322344, 0.0 ], [ 106.860756930987719, -6.505894473650855, 0.0 ], [ 106.860675211392092, -6.50583509681212, 0.0 ], [ 106.860646880049671, -6.505809072230786, 0.0 ], [ 106.860150492951036, -6.505353099765578, 0.0 ], [ 106.860031527932847, -6.505260259153491, 0.0 ], [ 106.85945868317188, -6.504813207063744, 0.0 ], [ 106.859439790214282, -6.504798462678743, 0.0 ], [ 106.859757768006745, -6.504412030290787, 0.0 ], [ 106.859349223088401, -6.50413826496882, 0.0 ], [ 106.859141569627923, -6.503915073022029, 0.0 ], [ 106.858949355728384, -6.50334569065091, 0.0 ], [ 106.858822196986978, -6.503309102632873, 0.0 ], [ 106.858805638669509, -6.503123887257392, 0.0 ], [ 106.858583076248124, -6.503050595208695, 0.0 ], [ 106.858643805667299, -6.502293383132987, 0.0 ], [ 106.858505633828088, -6.502140375177969, 0.0 ], [ 106.858587963164155, -6.501499544368308, 0.0 ], [ 106.858673386168022, -6.501089913968219, 0.0 ], [ 106.858676773014821, -6.501085525276586, 0.0 ], [ 106.858810914092629, -6.500911713304749, 0.0 ], [ 106.858973186863224, -6.500674050366975, 0.0 ], [ 106.858984353745129, -6.500657695296255, 0.0 ], [ 106.859111830846444, -6.500430171315177, 0.0 ], [ 106.859229992770068, -6.50035405179791, 0.0 ], [ 106.859433974298625, -6.500353301763298, 0.0 ], [ 106.859707396079585, -6.500447726081529, 0.0 ], [ 106.859901397831393, -6.500417397344851, 0.0 ], [ 106.860029213077866, -6.500282009806782, 0.0 ], [ 106.860100904333379, -6.500094179202822, 0.0 ], [ 106.860113302387163, -6.499886821619363, 0.0 ], [ 106.860023587818503, -6.499646933758854, 0.0 ], [ 106.85986290325063, -6.499468065798411, 0.0 ], [ 106.859805552584362, -6.499404227423025, 0.0 ], [ 106.859564620610882, -6.499197800637848, 0.0 ], [ 106.859382867625428, -6.499013488181795, 0.0 ], [ 106.859349548642911, -6.498866234988601, 0.0 ], [ 106.859440932353294, -6.498665169062114, 0.0 ], [ 106.859464536859022, -6.498657370141316, 0.0 ], [ 106.859653577950425, -6.498594906829371, 0.0 ], [ 106.860006122984387, -6.498475525425054, 0.0 ], [ 106.861181693380615, -6.497859139987163, 0.0 ], [ 106.861299685332384, -6.497736951798707, 0.0 ], [ 106.861318820207572, -6.497572348884653, 0.0 ], [ 106.861275579004968, -6.497444172110747, 0.0 ], [ 106.861188073171178, -6.497329590388148, 0.0 ], [ 106.861149519235056, -6.497161640197326, 0.0 ], [ 106.861099357749325, -6.496941350362864, 0.0 ], [ 106.861036122818973, -6.496744143427282, 0.0 ], [ 106.860441770771303, -6.496101206405438, 0.0 ], [ 106.859930847930471, -6.495548516350738, 0.0 ], [ 106.859925698412411, -6.495542945050694, 0.0 ], [ 106.859614029364153, -6.495181951785458, 0.0 ], [ 106.859293539765204, -6.494976594294268, 0.0 ], [ 106.858991876573981, -6.494783299409548, 0.0 ], [ 106.858434314891909, -6.494352831717656, 0.0 ], [ 106.857976435863975, -6.493999324409074, 0.0 ], [ 106.857941490907265, -6.493972344747725, 0.0 ], [ 106.857935541891848, -6.493956653376678, 0.0 ], [ 106.857900665283665, -6.493864658127304, 0.0 ], [ 106.857863147366544, -6.493765696729383, 0.0 ], [ 106.857900516895526, -6.49337755473022, 0.0 ], [ 106.858120339981923, -6.493376748038351, 0.0 ], [ 106.858344706443248, -6.493302568358708, 0.0 ], [ 106.859085274765818, -6.493152298839302, 0.0 ], [ 106.859105273889426, -6.493178418748826, 0.0 ], [ 106.859688792703849, -6.493940532129674, 0.0 ], [ 106.860040016633704, -6.493935728850655, 0.0 ], [ 106.860673598907638, -6.494302276328803, 0.0 ], [ 106.860912312253532, -6.49426626837343, 0.0 ], [ 106.861454572870372, -6.494633150399434, 0.0 ], [ 106.861601370107323, -6.494435876914064, 0.0 ], [ 106.861749066666306, -6.494590282415427, 0.0 ], [ 106.862280871765023, -6.494872514854535, 0.0 ], [ 106.862400318819851, -6.494936055554348, 0.0 ], [ 106.862569456115665, -6.495026030027109, 0.0 ], [ 106.863166027690198, -6.495087578728622, 0.0 ], [ 106.8634900597186, -6.495121009226992, 0.0 ], [ 106.863672857716409, -6.495162493154396, 0.0 ], [ 106.863993065827543, -6.495319403267654, 0.0 ], [ 106.864091732247829, -6.495322693887076, 0.0 ], [ 106.86456214872436, -6.495338386157403, 0.0 ], [ 106.865248627322416, -6.495760940714703, 0.0 ], [ 106.865131017582513, -6.496253208018956, 0.0 ], [ 106.865422168598428, -6.496412891641459, 0.0 ], [ 106.866107309904606, -6.496788664365241, 0.0 ], [ 106.866417766666771, -6.496958935706179, 0.0 ], [ 106.867411818800534, -6.497504129012146, 0.0 ], [ 106.867435247938459, -6.4974876318486, 0.0 ], [ 106.86773625822191, -6.497212040003522, 0.0 ], [ 106.868104821980083, -6.496874597284688, 0.0 ], [ 106.868633616148628, -6.496998218093122, 0.0 ], [ 106.86854639989663, -6.497298013392463, 0.0 ], [ 106.868290336829787, -6.498178196966045, 0.0 ], [ 106.868036908776489, -6.499049326165309, 0.0 ], [ 106.868073959046185, -6.499069708400143, 0.0 ], [ 106.868669526077966, -6.499397342213378, 0.0 ], [ 106.868645253375902, -6.499442243564548, 0.0 ], [ 106.869360408656135, -6.499927241648731, 0.0 ], [ 106.869668117989448, -6.500135921235586, 0.0 ], [ 106.869780420829983, -6.500212082121717, 0.0 ], [ 106.870267319181579, -6.500546259402231, 0.0 ], [ 106.870953902101064, -6.501017487067209, 0.0 ], [ 106.871250473330861, -6.501221035122509, 0.0 ], [ 106.871238554615786, -6.501302555968049, 0.0 ], [ 106.871313064346609, -6.50135417615413, 0.0 ], [ 106.871804556435237, -6.501694682863182, 0.0 ] ] ] ] } }
]
}
