{
"type": "FeatureCollection",
"name": "DRAMAGA",
"crs": { "type": "name", "properties": { "name": "urn:ogc:def:crs:OGC:1.3:CRS84" } },
"features": [
{ "type": "Feature", "properties": { "PROVNO": "32", "KABKOTNO": "01", "KECNO": "060", "DESANO": "001", "PROVINSI": "JAWA BARAT", "KABKOT": "BOGOR", "KECAMATAN": "DRAMAGA", "ID2013": "3201060001", "DESA": "PURWASARI", "DESA_1": "PURWASARI", "ID2012": "3201060001", "IDKAB2": "3201", "IDKEC_2": "3201060", "WILAYAH": "TENGAH" }, "geometry": { "type": "MultiPolygon", "coordinates": [ [ [ [ 106.722236251102274, -6.62914272985299, 0.0 ], [ 106.722310000006672, -6.629430000294114, 0.0 ], [ 106.722100000214994, -6.629470000340056, 0.0 ], [ 106.721730000239532, -6.629600000039861, 0.0 ], [ 106.721539999571533, -6.629740000200659, 0.0 ], [ 106.721209999641928, -6.630079999692065, 0.0 ], [ 106.721198877726181, -6.630097477116728, 0.0 ], [ 106.721070000380408, -6.630299999944924, 0.0 ], [ 106.720910000196554, -6.630569999805438, 0.0 ], [ 106.720790000058628, -6.630779999597127, 0.0 ], [ 106.720700000404861, -6.630950000242155, 0.0 ], [ 106.72060000028992, -6.631169999595645, 0.0 ], [ 106.720580000266949, -6.631340000240673, 0.0 ], [ 106.720489999713891, -6.631500000424531, 0.0 ], [ 106.72048711468878, -6.631506155384628, 0.0 ], [ 106.720403839265956, -6.631683811058888, 0.0 ], [ 106.720343573896997, -6.631812376339976, 0.0 ], [ 106.720339999991111, -6.631819999892876, 0.0 ], [ 106.720348898782859, -6.631866720572557, 0.0 ], [ 106.720420000083095, -6.632240000375536, 0.0 ], [ 106.72049994891367, -6.632462078961634, 0.0 ], [ 106.720509999736862, -6.632490000213167, 0.0 ], [ 106.720510556417167, -6.632503888443555, 0.0 ], [ 106.720513487307713, -6.632577170599809, 0.0 ], [ 106.720520000198036, -6.632740000050799, 0.0 ], [ 106.720435891103676, -6.633079619128992, 0.0 ], [ 106.720348014749305, -6.633192243926747, 0.0 ], [ 106.720305529876526, -6.633246695178698, 0.0 ], [ 106.720045671670562, -6.63386062097068, 0.0 ], [ 106.720212118194851, -6.634056490614384, 0.0 ], [ 106.72017600591812, -6.634265341072467, 0.0 ], [ 106.720286707965386, -6.634320207811175, 0.0 ], [ 106.720321614251247, -6.634577586586179, 0.0 ], [ 106.720330813416496, -6.634645419750154, 0.0 ], [ 106.720328647848959, -6.634645542957287, 0.0 ], [ 106.720287294323285, -6.634647901879056, 0.0 ], [ 106.720055567810377, -6.634661121013821, 0.0 ], [ 106.720009627742272, -6.634513654681253, 0.0 ], [ 106.719887981845005, -6.634489766889065, 0.0 ], [ 106.719888017817908, -6.634500124381084, 0.0 ], [ 106.719887001584055, -6.634499895953319, 0.0 ], [ 106.719854166436747, -6.634492553888052, 0.0 ], [ 106.719507316809327, -6.634414996354856, 0.0 ], [ 106.719356349416159, -6.63435133964251, 0.0 ], [ 106.718949999742875, -6.634179999906866, 0.0 ], [ 106.718744917444184, -6.634098413410907, 0.0 ], [ 106.718609827581687, -6.634092742286004, 0.0 ], [ 106.718579279410406, -6.634135820711364, 0.0 ], [ 106.717897183208578, -6.633960154337473, 0.0 ], [ 106.71749172296488, -6.633887891113179, 0.0 ], [ 106.717184494768759, -6.63381528704571, 0.0 ], [ 106.717061705833288, -6.633815712424997, 0.0 ], [ 106.716871403892327, -6.633822510400336, 0.0 ], [ 106.71668000028194, -6.633800000369519, 0.0 ], [ 106.716496578154675, -6.633731722940563, 0.0 ], [ 106.716463900388845, -6.633728206591307, 0.0 ], [ 106.716441302224538, -6.6337257757238, 0.0 ], [ 106.716318767797048, -6.633799868169223, 0.0 ], [ 106.716189817606164, -6.633794174561327, 0.0 ], [ 106.716061484350135, -6.633966509846392, 0.0 ], [ 106.715975723201197, -6.634022058271185, 0.0 ], [ 106.715860000238962, -6.634030000184268, 0.0 ], [ 106.715625518203311, -6.633949601692581, 0.0 ], [ 106.715502793119612, -6.633968444288065, 0.0 ], [ 106.715367470332595, -6.633895243970169, 0.0 ], [ 106.715257002109141, -6.633907903726612, 0.0 ], [ 106.715021751153088, -6.633981387330969, 0.0 ], [ 106.714938408281114, -6.634099315430877, 0.0 ], [ 106.714723496392466, -6.634099537563412, 0.0 ], [ 106.714661876644499, -6.634026603444845, 0.0 ], [ 106.714238316645151, -6.634046484757263, 0.0 ], [ 106.713833005688883, -6.634017191140309, 0.0 ], [ 106.713384740413588, -6.633994183784377, 0.0 ], [ 106.713139076207639, -6.633970476755948, 0.0 ], [ 106.713040781207226, -6.633952400382839, 0.0 ], [ 106.71291805522425, -6.633971240280303, 0.0 ], [ 106.712506709817006, -6.633972661209189, 0.0 ], [ 106.712316470828625, -6.633997873702793, 0.0 ], [ 106.712095196236461, -6.6339249701611, 0.0 ], [ 106.711947784762586, -6.6339070619612, 0.0 ], [ 106.711800352604371, -6.633883014989053, 0.0 ], [ 106.711745308699207, -6.63394459516681, 0.0 ], [ 106.711690201841549, -6.63398775902774, 0.0 ], [ 106.711385301990319, -6.634011046972024, 0.0 ], [ 106.711470542431783, -6.633819256653197, 0.0 ], [ 106.711525699651546, -6.633276871929841, 0.0 ], [ 106.711351033323666, -6.632844803444673, 0.0 ], [ 106.711277488565557, -6.632706907697496, 0.0 ], [ 106.711351033323666, -6.632357575941263, 0.0 ], [ 106.711369419063615, -6.63210936485509, 0.0 ], [ 106.711314260944647, -6.631851961798443, 0.0 ], [ 106.711351033323666, -6.631594558741618, 0.0 ], [ 106.711452155792543, -6.631291191335222, 0.0 ], [ 106.711525699651546, -6.630877507690727, 0.0 ], [ 106.711643464974117, -6.630693009074964, 0.0 ], [ 106.711906067011554, -6.630714929150496, 0.0 ], [ 106.712176224253554, -6.630720136225179, 0.0 ], [ 106.712415556333042, -6.63068861498747, 0.0 ], [ 106.712777548745095, -6.630619835736731, 0.0 ], [ 106.712882358434285, -6.63057102683128, 0.0 ], [ 106.713070117991691, -6.630629298403203, 0.0 ], [ 106.713244785218777, -6.630528175035035, 0.0 ], [ 106.713456223026483, -6.630344315837391, 0.0 ], [ 106.713648993606341, -6.630077401550718, 0.0 ], [ 106.713719999578473, -6.630099999715036, 0.0 ], [ 106.713959999854296, -6.63019999982998, 0.0 ], [ 106.71412000003815, -6.630259999898893, 0.0 ], [ 106.714469999990641, -6.630279999921953, 0.0 ], [ 106.714659999759363, -6.630219999852951, 0.0 ], [ 106.714665252699405, -6.63021136636134, 0.0 ], [ 106.714835167908859, -6.630215613859338, 0.0 ], [ 106.714982254727403, -6.630206420989406, 0.0 ], [ 106.715110956705459, -6.630031754661605, 0.0 ], [ 106.715579797569802, -6.629415826079335, 0.0 ], [ 106.716168148441483, -6.628579265920234, 0.0 ], [ 106.716489901587821, -6.628220740394699, 0.0 ], [ 106.716379587148467, -6.627853021099863, 0.0 ], [ 106.716039447362789, -6.627733512891112, 0.0 ], [ 106.715956993920315, -6.627752252064614, 0.0 ], [ 106.715744533583532, -6.627588354219007, 0.0 ], [ 106.715533833219979, -6.627301442607383, 0.0 ], [ 106.714936291277027, -6.626308602759625, 0.0 ], [ 106.715028219976517, -6.624856114018343, 0.0 ], [ 106.714889999574012, -6.62483935964854, 0.0 ], [ 106.714889999574012, -6.624799999919908, 0.0 ], [ 106.714869999551041, -6.624650000197132, 0.0 ], [ 106.714859999989159, -6.624539999621106, 0.0 ], [ 106.714850000427361, -6.62442000038256, 0.0 ], [ 106.71483000040439, -6.624329999829417, 0.0 ], [ 106.714810000381334, -6.624220000152761, 0.0 ], [ 106.714779999897274, -6.624120000037816, 0.0 ], [ 106.714759999874303, -6.624030000384042, 0.0 ], [ 106.714710000266479, -6.623959999853959, 0.0 ], [ 106.714650000197565, -6.623879999762075, 0.0 ], [ 106.714590000128553, -6.623819999693072, 0.0 ], [ 106.71455000008261, -6.623770000085329, 0.0 ], [ 106.714499999575509, -6.623730000039298, 0.0 ], [ 106.71444999996767, -6.623689999993356, 0.0 ], [ 106.71440000035993, -6.623640000385524, 0.0 ], [ 106.714340000291017, -6.623589999878412, 0.0 ], [ 106.714260000199033, -6.623529999809499, 0.0 ], [ 106.71418999966896, -6.623480000201667, 0.0 ], [ 106.71412000003815, -6.623420000132754, 0.0 ], [ 106.714050000407354, -6.623349999602581, 0.0 ], [ 106.713959999854296, -6.623279999971867, 0.0 ], [ 106.713899999785298, -6.623210000341064, 0.0 ], [ 106.713850000177558, -6.62313000024918, 0.0 ], [ 106.713799999670442, -6.623039999696037, 0.0 ], [ 106.7137599996245, -6.622959999604152, 0.0 ], [ 106.713719999578473, -6.622869999950378, 0.0 ], [ 106.71368999999369, -6.622800000319575, 0.0 ], [ 106.713649999947748, -6.622720000227691, 0.0 ], [ 106.713620000362894, -6.622649999697519, 0.0 ], [ 106.713569999855778, -6.622569999605634, 0.0 ], [ 106.713520000247939, -6.62247999995186, 0.0 ], [ 106.713429999694895, -6.622390000298175, 0.0 ], [ 106.713360000064171, -6.622310000206202, 0.0 ], [ 106.713309999556969, -6.622259999699089, 0.0 ], [ 106.71325999994923, -6.622210000091258, 0.0 ], [ 106.713210000341405, -6.622170000045315, 0.0 ], [ 106.713159999834289, -6.622120000437484, 0.0 ], [ 106.713099999765376, -6.6220499999074, 0.0 ], [ 106.713050000157551, -6.622000000299657, 0.0 ], [ 106.713010000111609, -6.621929999769485, 0.0 ], [ 106.712979999627464, -6.621860000138682, 0.0 ], [ 106.712950000042696, -6.621789999608598, 0.0 ], [ 106.712930000019625, -6.621719999977884, 0.0 ], [ 106.712919999558466, -6.621639999885911, 0.0 ], [ 106.712919999558466, -6.621530000209166, 0.0 ], [ 106.712922020335157, -6.621505758084059, 0.0 ], [ 106.712930000019625, -6.621410000071339, 0.0 ], [ 106.712939999581437, -6.621300000394594, 0.0 ], [ 106.712970000065667, -6.62118999981848, 0.0 ], [ 106.712990000088638, -6.621100000164706, 0.0 ], [ 106.713010000111609, -6.621009999611651, 0.0 ], [ 106.71303000013458, -6.620899999934906, 0.0 ], [ 106.713059999719434, -6.620790000258161, 0.0 ], [ 106.713079999742405, -6.620690000143217, 0.0 ], [ 106.713090000203493, -6.620619999613133, 0.0 ], [ 106.713110000226465, -6.62054999998233, 0.0 ], [ 106.713110000226465, -6.620480000351527, 0.0 ], [ 106.713099999765376, -6.620400000259643, 0.0 ], [ 106.713070000180522, -6.620289999683528, 0.0 ], [ 106.713039999696377, -6.620200000029755, 0.0 ], [ 106.713010000111609, -6.62013000039904, 0.0 ], [ 106.712979999627464, -6.620050000307156, 0.0 ], [ 106.712930000019625, -6.619950000192212, 0.0 ], [ 106.712881965430526, -6.619844323556592, 0.0 ], [ 106.712880000411886, -6.619839999616186, 0.0 ], [ 106.712849999927741, -6.619740000400522, 0.0 ], [ 106.712849999927741, -6.619640000285667, 0.0 ], [ 106.712869999950712, -6.619569999755495, 0.0 ], [ 106.712889999973683, -6.619509999686581, 0.0 ], [ 106.712919999558466, -6.619429999594697, 0.0 ], [ 106.712950000042696, -6.619350000402093, 0.0 ], [ 106.712990000088638, -6.61925999984895, 0.0 ], [ 106.713039999696377, -6.619170000195176, 0.0 ], [ 106.713070000180522, -6.619079999642121, 0.0 ], [ 106.713099999765376, -6.618989999988347, 0.0 ], [ 106.713119999788347, -6.618929999919345, 0.0 ], [ 106.713130000249436, -6.61884000026566, 0.0 ], [ 106.713119999788347, -6.618740000150716, 0.0 ], [ 106.713103692381637, -6.618658458620832, 0.0 ], [ 106.713099999765376, -6.61864000003586, 0.0 ], [ 106.713059999719434, -6.618590000428028, 0.0 ], [ 106.713019999673406, -6.618539999920916, 0.0 ], [ 106.712950000042696, -6.618490000313084, 0.0 ], [ 106.712880000411886, -6.618439999805972, 0.0 ], [ 106.712800000319916, -6.61839999976003, 0.0 ], [ 106.712740000251003, -6.618370000175258, 0.0 ], [ 106.712669999720916, -6.618330000129227, 0.0 ], [ 106.712609999651917, -6.618299999645085, 0.0 ], [ 106.712540000021107, -6.618279999622114, 0.0 ], [ 106.712479999952194, -6.618239999576172, 0.0 ], [ 106.712430000344369, -6.618209999991311, 0.0 ], [ 106.712359999814367, -6.618180000406539, 0.0 ], [ 106.712310000206543, -6.618149999922398, 0.0 ], [ 106.71223999967637, -6.618109999876456, 0.0 ], [ 106.712179999607457, -6.618060000268624, 0.0 ], [ 106.712109999976647, -6.618000000199711, 0.0 ], [ 106.712040000345937, -6.617900000084767, 0.0 ], [ 106.711989999838821, -6.617840000015764, 0.0 ], [ 106.711949999792793, -6.61777000038505, 0.0 ], [ 106.711909999746851, -6.617719999877938, 0.0 ], [ 106.711869999700909, -6.617659999809025, 0.0 ], [ 106.711829999654967, -6.617610000201193, 0.0 ], [ 106.711769999586053, -6.61753000010922, 0.0 ], [ 106.711699999955243, -6.617450000017335, 0.0 ], [ 106.711619999863274, -6.617369999925451, 0.0 ], [ 106.711559999794275, -6.617320000317619, 0.0 ], [ 106.71145999967942, -6.617269999810507, 0.0 ], [ 106.711379999587535, -6.617209999741505, 0.0 ], [ 106.71130999995674, -6.617169999695562, 0.0 ], [ 106.711241289054428, -6.617135643794771, 0.0 ], [ 106.711229999864756, -6.61712999964962, 0.0 ], [ 106.711149999772786, -6.617069999580707, 0.0 ], [ 106.711100000165047, -6.617030000433957, 0.0 ], [ 106.711040000096133, -6.616990000388014, 0.0 ], [ 106.71098000002722, -6.616939999880902, 0.0 ], [ 106.710919999958207, -6.61689999983496, 0.0 ], [ 106.710859999889209, -6.616850000227128, 0.0 ], [ 106.710799999820296, -6.616810000181186, 0.0 ], [ 106.710739999751382, -6.616759999674073, 0.0 ], [ 106.710690000143558, -6.616719999628131, 0.0 ], [ 106.710599999590499, -6.616659999559129, 0.0 ], [ 106.710500000374921, -6.616600000389585, 0.0 ], [ 106.710440000305923, -6.616549999882384, 0.0 ], [ 106.710369999775835, -6.616509999836442, 0.0 ], [ 106.710320000168096, -6.6164699997905, 0.0 ], [ 106.710260000099098, -6.616429999744557, 0.0 ], [ 106.71018999956901, -6.616369999675644, 0.0 ], [ 106.710130000399374, -6.616309999606642, 0.0 ], [ 106.710039999846316, -6.616219999952868, 0.0 ], [ 106.709990000238491, -6.616159999883866, 0.0 ], [ 106.709930000169578, -6.616099999814953, 0.0 ], [ 106.709890000123636, -6.616019999723068, 0.0 ], [ 106.709839999616435, -6.615930000069294, 0.0 ], [ 106.709790000008695, -6.615870000000292, 0.0 ], [ 106.709760000423827, -6.615780000346607, 0.0 ], [ 106.709729999939697, -6.615720000277605, 0.0 ], [ 106.709709999916726, -6.615640000185721, 0.0 ], [ 106.709689999893754, -6.615580000116807, 0.0 ], [ 106.709680000331858, -6.615520000047805, 0.0 ], [ 106.709669999870783, -6.615450000417002, 0.0 ], [ 106.709680000331858, -6.615379999886919, 0.0 ], [ 106.709689999893754, -6.615310000256116, 0.0 ], [ 106.709690517003921, -6.615309096437496, 0.0 ], [ 106.709729999939697, -6.615239999726032, 0.0 ], [ 106.709769999985639, -6.615150000072259, 0.0 ], [ 106.709819999593464, -6.615049999957403, 0.0 ], [ 106.70987000010058, -6.61496999986543, 0.0 ], [ 106.709886015227582, -6.614932632135098, 0.0 ], [ 106.709899999685433, -6.614900000234716, 0.0 ], [ 106.709939999731375, -6.614829999704543, 0.0 ], [ 106.70997000021552, -6.614760000073741, 0.0 ], [ 106.710010000261462, -6.614679999981856, 0.0 ], [ 106.710050000307405, -6.614610000351053, 0.0 ], [ 106.710099999915229, -6.61453999982097, 0.0 ], [ 106.710130000399374, -6.614470000190167, 0.0 ], [ 106.710170000445316, -6.614399999660083, 0.0 ], [ 106.710200000030184, -6.61435000005234, 0.0 ], [ 106.710229999614953, -6.614280000421537, 0.0 ], [ 106.710280000122069, -6.614209999891454, 0.0 ], [ 106.710340000191067, -6.61410999977651, 0.0 ], [ 106.71040000025998, -6.614029999684625, 0.0 ], [ 106.710460000328894, -6.613949999592652, 0.0 ], [ 106.710520000397892, -6.613850000377077, 0.0 ], [ 106.710560000443834, -6.613790000308075, 0.0 ], [ 106.710599999590499, -6.613710000216191, 0.0 ], [ 106.710630000074644, -6.613639999686107, 0.0 ], [ 106.710659999659413, -6.613550000032333, 0.0 ], [ 106.710690000143558, -6.613440000355588, 0.0 ], [ 106.710719999728411, -6.613340000240644, 0.0 ], [ 106.710750000212471, -6.61326999971056, 0.0 ], [ 106.710770000235442, -6.613200000079758, 0.0 ], [ 106.710799999820296, -6.613130000449043, 0.0 ], [ 106.710810000281469, -6.61305000035707, 0.0 ], [ 106.710850000327412, -6.612970000265097, 0.0 ], [ 106.710870236872125, -6.612916033747798, 0.0 ], [ 106.710879999912265, -6.612890000173213, 0.0 ], [ 106.710919999958207, -6.612799999620069, 0.0 ], [ 106.710950000442352, -6.612720000427554, 0.0 ], [ 106.710989999589017, -6.612640000335581, 0.0 ], [ 106.711020000073162, -6.612549999782527, 0.0 ], [ 106.711060000119105, -6.612469999690553, 0.0 ], [ 106.711100000165047, -6.612389999598669, 0.0 ], [ 106.711122151366368, -6.612354558216129, 0.0 ], [ 106.711149999772786, -6.612310000405976, 0.0 ], [ 106.711252702350521, -6.612146713200087, 0.0 ], [ 106.711403158029455, -6.611790709373579, 0.0 ], [ 106.71144757284732, -6.611685617297205, 0.0 ], [ 106.711890231748953, -6.610819591750641, 0.0 ], [ 106.712057394133595, -6.610492553288552, 0.0 ], [ 106.712085788428595, -6.609823304801523, 0.0 ], [ 106.712244793962313, -6.609644727322141, 0.0 ], [ 106.712403608839651, -6.609410898194259, 0.0 ], [ 106.712759004724461, -6.609213228107826, 0.0 ], [ 106.712875734028103, -6.609085384083038, 0.0 ], [ 106.713107626915672, -6.608831410141338, 0.0 ], [ 106.713223320200214, -6.608554757096243, 0.0 ], [ 106.713449476312462, -6.608265446093267, 0.0 ], [ 106.713633545052261, -6.608234117310499, 0.0 ], [ 106.713791615290944, -6.608280344262276, 0.0 ], [ 106.713897423227664, -6.608202513335151, 0.0 ], [ 106.714012206398365, -6.607661886786467, 0.0 ], [ 106.714206861957322, -6.607139402261488, 0.0 ], [ 106.714249158871738, -6.606942808663554, 0.0 ], [ 106.714266159655722, -6.606531438075294, 0.0 ], [ 106.714610000151524, -6.606889999573653, 0.0 ], [ 106.714926625363617, -6.607282577029174, 0.0 ], [ 106.715223911554489, -6.607651178558918, 0.0 ], [ 106.715278007574142, -6.607782657643426, 0.0 ], [ 106.715414940147525, -6.607894345347578, 0.0 ], [ 106.715586208836697, -6.608064432327545, 0.0 ], [ 106.715708377240006, -6.608137157803409, 0.0 ], [ 106.715820538886916, -6.608136771094966, 0.0 ], [ 106.715996517325578, -6.608258077048426, 0.0 ], [ 106.715928480015478, -6.608326582005954, 0.0 ], [ 106.715845897070636, -6.608419519744881, 0.0 ], [ 106.715505727607379, -6.608766923354672, 0.0 ], [ 106.715272708768666, -6.609074943853468, 0.0 ], [ 106.715180000356867, -6.609309999656645, 0.0 ], [ 106.715260000448851, -6.609710000116245, 0.0 ], [ 106.715256447227404, -6.610016161716317, 0.0 ], [ 106.715398826994402, -6.610293631345812, 0.0 ], [ 106.715618847032317, -6.610458672229793, 0.0 ], [ 106.715700000055108, -6.610510000136252, 0.0 ], [ 106.715663292427152, -6.610619443132606, 0.0 ], [ 106.715722281658159, -6.61075578125411, 0.0 ], [ 106.715844652408933, -6.610887023816971, 0.0 ], [ 106.715882947340333, -6.610922815935041, 0.0 ], [ 106.71592782440969, -6.610964761214557, 0.0 ], [ 106.716171723246546, -6.610983425744301, 0.0 ], [ 106.716571757880502, -6.611025933999528, 0.0 ], [ 106.717250014876498, -6.61114062903664, 0.0 ], [ 106.717455118758906, -6.611222820776366, 0.0 ], [ 106.717596643270653, -6.611251591887282, 0.0 ], [ 106.717824913689043, -6.611276156868975, 0.0 ], [ 106.717860081677571, -6.611279941216122, 0.0 ], [ 106.71785005423682, -6.611338801844049, 0.0 ], [ 106.717783605129455, -6.611728841412781, 0.0 ], [ 106.717892592169562, -6.6122209891072, 0.0 ], [ 106.71797000041532, -6.612460000128753, 0.0 ], [ 106.718067712654957, -6.612647283944852, 0.0 ], [ 106.718089999653955, -6.612689999943413, 0.0 ], [ 106.718149999722868, -6.612899999735014, 0.0 ], [ 106.718209999791867, -6.613019999872929, 0.0 ], [ 106.718305448437931, -6.613150969941142, 0.0 ], [ 106.71837431132559, -6.613321408556008, 0.0 ], [ 106.718493018238334, -6.613803769827911, 0.0 ], [ 106.718649290732387, -6.613866624345057, 0.0 ], [ 106.718957109782991, -6.614036235583622, 0.0 ], [ 106.718886869133868, -6.614245418790823, 0.0 ], [ 106.718783337381282, -6.614553743260512, 0.0 ], [ 106.718745300555327, -6.614836710445662, 0.0 ], [ 106.718828727064221, -6.614987593302626, 0.0 ], [ 106.718946189315346, -6.615109098905627, 0.0 ], [ 106.719014663695916, -6.61516737857152, 0.0 ], [ 106.719137154056526, -6.615332755801919, 0.0 ], [ 106.719135108098982, -6.615394327885795, 0.0 ], [ 106.719119485975654, -6.61586435315721, 0.0 ], [ 106.71907662428697, -6.616161965801872, 0.0 ], [ 106.719048088798417, -6.616371753353558, 0.0 ], [ 106.719068421570597, -6.616610630376165, 0.0 ], [ 106.719055024370007, -6.616966659383685, 0.0 ], [ 106.719061351100706, -6.617386014153084, 0.0 ], [ 106.719275873582887, -6.617370642041323, 0.0 ], [ 106.71934511508519, -6.617363476243234, 0.0 ], [ 106.719373373582513, -6.617360551648002, 0.0 ], [ 106.719431506658907, -6.617248192150207, 0.0 ], [ 106.719524011823864, -6.617203984176303, 0.0 ], [ 106.720323890435381, -6.617230474606597, 0.0 ], [ 106.720382123336464, -6.617147372752843, 0.0 ], [ 106.720464571383076, -6.617015423322972, 0.0 ], [ 106.720576650292344, -6.616990653295787, 0.0 ], [ 106.720593713129517, -6.616990076830422, 0.0 ], [ 106.720737564187431, -6.616985219592078, 0.0 ], [ 106.721015771260994, -6.617052526652625, 0.0 ], [ 106.721377017235724, -6.617158559419813, 0.0 ], [ 106.721929999570051, -6.617439999556165, 0.0 ], [ 106.722036618695228, -6.617517131710073, 0.0 ], [ 106.722069999730849, -6.617810000430993, 0.0 ], [ 106.722027656051608, -6.617886096565897, 0.0 ], [ 106.721950595843538, -6.618024583167816, 0.0 ], [ 106.721659262265291, -6.618391326698205, 0.0 ], [ 106.721475146760767, -6.618738194312037, 0.0 ], [ 106.721383250436787, -6.618957954445861, 0.0 ], [ 106.720953066930733, -6.619869845416861, 0.0 ], [ 106.720903970242233, -6.619973918561364, 0.0 ], [ 106.720812477713835, -6.620310711969637, 0.0 ], [ 106.720657233144905, -6.620545319910445, 0.0 ], [ 106.7205794930493, -6.620628489213267, 0.0 ], [ 106.720394447645859, -6.620707153811924, 0.0 ], [ 106.720204762639838, -6.620854104832876, 0.0 ], [ 106.719548683824925, -6.621514699143951, 0.0 ], [ 106.719166769630874, -6.62183518604488, 0.0 ], [ 106.719081868233758, -6.621906433035321, 0.0 ], [ 106.719028443108371, -6.621970012405978, 0.0 ], [ 106.719063289139683, -6.622174702600283, 0.0 ], [ 106.719284397357185, -6.622651831616579, 0.0 ], [ 106.719319997919769, -6.622774717678883, 0.0 ], [ 106.719208394751732, -6.623237272282125, 0.0 ], [ 106.719170141189196, -6.623456846256239, 0.0 ], [ 106.719116919310551, -6.623578941814614, 0.0 ], [ 106.719244727362522, -6.623871088379865, 0.0 ], [ 106.719299030226239, -6.624061081853263, 0.0 ], [ 106.719377362075775, -6.624148586787673, 0.0 ], [ 106.71943731897727, -6.624562880172604, 0.0 ], [ 106.719485422814188, -6.624730860041019, 0.0 ], [ 106.719501492799878, -6.624786975038734, 0.0 ], [ 106.719660797807734, -6.625010416997004, 0.0 ], [ 106.719707922282993, -6.625249525145307, 0.0 ], [ 106.719698894888239, -6.625459244348466, 0.0 ], [ 106.719738449769835, -6.625615154415723, 0.0 ], [ 106.719831362327653, -6.625687979716268, 0.0 ], [ 106.720041130993565, -6.625706759359264, 0.0 ], [ 106.720177782079119, -6.625735543960012, 0.0 ], [ 106.720360000014182, -6.626020000422486, 0.0 ], [ 106.72046999969092, -6.626270000260117, 0.0 ], [ 106.720580000266949, -6.626410000421004, 0.0 ], [ 106.720739999551526, -6.626580000166751, 0.0 ], [ 106.720759999574497, -6.626669999820436, 0.0 ], [ 106.720850000127641, -6.627070000280124, 0.0 ], [ 106.720959999804293, -6.627280000071814, 0.0 ], [ 106.72111000042635, -6.62740999977153, 0.0 ], [ 106.721170707362447, -6.627466210097346, 0.0 ], [ 106.721380000286956, -6.627659999609161, 0.0 ], [ 106.721391963968102, -6.627680936725735, 0.0 ], [ 106.721500000424868, -6.627870000300131, 0.0 ], [ 106.72183999991627, -6.628619999813026, 0.0 ], [ 106.72204000014608, -6.628980000226683, 0.0 ], [ 106.722129999799847, -6.629069999880457, 0.0 ], [ 106.722236251102274, -6.62914272985299, 0.0 ] ] ] ] } },
{ "type": "Feature", "properties": { "PROVNO": "32", "KABKOTNO": "01", "KECNO": "060", "DESANO": "002", "PROVINSI": "JAWA BARAT", "KABKOT": "BOGOR", "KECAMATAN": "DRAMAGA", "ID2013": "3201060002", "DESA": "PETIR", "DESA_1": "PETIR", "ID2012": "3201060002", "IDKAB2": "3201", "IDKEC_2": "3201060", "WILAYAH": "TENGAH" }, "geometry": { "type": "MultiPolygon", "coordinates": [ [ [ [ 106.730553742561398, -6.592855656363241, 0.0 ], [ 106.73056059989193, -6.593245535852645, 0.0 ], [ 106.7306209309114, -6.593461981085404, 0.0 ], [ 106.730621759186974, -6.593700717813746, 0.0 ], [ 106.730622862655139, -6.594018755860755, 0.0 ], [ 106.73062427638942, -6.594426080399121, 0.0 ], [ 106.730562599084834, -6.594602325936396, 0.0 ], [ 106.730454761378326, -6.594743524893634, 0.0 ], [ 106.730368333831706, -6.594811528928748, 0.0 ], [ 106.730227669071866, -6.594858056254118, 0.0 ], [ 106.730154464257296, -6.594833936436864, 0.0 ], [ 106.730111142115689, -6.594836795381678, 0.0 ], [ 106.730027227274917, -6.594847919095983, 0.0 ], [ 106.729975968616273, -6.594904967590001, 0.0 ], [ 106.7300359426048, -6.595018504300345, 0.0 ], [ 106.730031025111899, -6.595162054085382, 0.0 ], [ 106.730058603721787, -6.595305492354466, 0.0 ], [ 106.730054136789093, -6.595579032845968, 0.0 ], [ 106.729874285869784, -6.596040046910492, 0.0 ], [ 106.730046640040626, -6.596540462072511, 0.0 ], [ 106.730061567887233, -6.596563699654858, 0.0 ], [ 106.730185508854319, -6.59675663391134, 0.0 ], [ 106.730272589308726, -6.596953803974728, 0.0 ], [ 106.730300155328052, -6.597016221421317, 0.0 ], [ 106.730290000183516, -6.597150000072318, 0.0 ], [ 106.730296639878162, -6.597176560649611, 0.0 ], [ 106.730319999768369, -6.597270000210145, 0.0 ], [ 106.73033999979134, -6.597399999909861, 0.0 ], [ 106.730279999722342, -6.597489999563635, 0.0 ], [ 106.729942081262195, -6.597626802634728, 0.0 ], [ 106.729839508186913, -6.597724653369887, 0.0 ], [ 106.729731668681765, -6.597865853226406, 0.0 ], [ 106.7295320992272, -6.598107573005887, 0.0 ], [ 106.729467982061934, -6.598231191116479, 0.0 ], [ 106.729454285387121, -6.598316373101945, 0.0 ], [ 106.729484375803409, -6.598402930150939, 0.0 ], [ 106.729775675207392, -6.598840643680628, 0.0 ], [ 106.729735249782152, -6.598897656201732, 0.0 ], [ 106.729719356962917, -6.599000621381403, 0.0 ], [ 106.729828484297286, -6.599230437734374, 0.0 ], [ 106.729815141056022, -6.599287355826657, 0.0 ], [ 106.729736810105848, -6.599347208406794, 0.0 ], [ 106.729723522622649, -6.599420373651146, 0.0 ], [ 106.729813354103129, -6.599552762849594, 0.0 ], [ 106.729732136329204, -6.599561169712089, 0.0 ], [ 106.729714721857107, -6.59959078798428, 0.0 ], [ 106.729689057903926, -6.599634440177073, 0.0 ], [ 106.729909325255306, -6.5998936598643, 0.0 ], [ 106.730039694576419, -6.60000153534245, 0.0 ], [ 106.73014008589648, -6.600055349874303, 0.0 ], [ 106.73012456989315, -6.600266641092425, 0.0 ], [ 106.730123732624321, -6.600805570620452, 0.0 ], [ 106.730135723285144, -6.601138635439465, 0.0 ], [ 106.730165936009286, -6.601260398248634, 0.0 ], [ 106.730213045196052, -6.601328589342739, 0.0 ], [ 106.730231261863437, -6.60135495836446, 0.0 ], [ 106.730424343608689, -6.601584482437808, 0.0 ], [ 106.730573747080953, -6.601713955134727, 0.0 ], [ 106.730733982887173, -6.601843390959541, 0.0 ], [ 106.730801979727772, -6.601927107949503, 0.0 ], [ 106.730818718809019, -6.602067875232045, 0.0 ], [ 106.730778565878254, -6.602203423748811, 0.0 ], [ 106.730681419312262, -6.602303964356295, 0.0 ], [ 106.730719746619187, -6.602422989629133, 0.0 ], [ 106.730684935661429, -6.602536853692733, 0.0 ], [ 106.730380317298, -6.602673886090784, 0.0 ], [ 106.730196924848343, -6.602936638315029, 0.0 ], [ 106.730116151339473, -6.603264562609326, 0.0 ], [ 106.729989855047918, -6.603457492369227, 0.0 ], [ 106.729976000991797, -6.603522303811129, 0.0 ], [ 106.729969703938878, -6.603551760205431, 0.0 ], [ 106.729888972698149, -6.60389197103747, 0.0 ], [ 106.729873686021961, -6.604207381265539, 0.0 ], [ 106.729959936402139, -6.604276706404768, 0.0 ], [ 106.730119736037167, -6.604296628186681, 0.0 ], [ 106.730201762301618, -6.604329108101705, 0.0 ], [ 106.730247055757189, -6.60439857533385, 0.0 ], [ 106.730214816860467, -6.604550221715257, 0.0 ], [ 106.730059297998338, -6.604583527207843, 0.0 ], [ 106.73005151886268, -6.604702324952196, 0.0 ], [ 106.730047864017905, -6.60482929933254, 0.0 ], [ 106.729974654706751, -6.604976993193503, 0.0 ], [ 106.729996950698919, -6.605043111350408, 0.0 ], [ 106.730061559793342, -6.605234711012944, 0.0 ], [ 106.730013251810306, -6.605476516228084, 0.0 ], [ 106.729969295646626, -6.605792026280835, 0.0 ], [ 106.730146290319226, -6.6060453347243, 0.0 ], [ 106.730245283193398, -6.606245673099167, 0.0 ], [ 106.730238700156079, -6.606708493002369, 0.0 ], [ 106.730231990314252, -6.606723664565308, 0.0 ], [ 106.730139272909298, -6.606933297433528, 0.0 ], [ 106.73013710644247, -6.606938196040737, 0.0 ], [ 106.729990587995403, -6.607204916073819, 0.0 ], [ 106.72990999974688, -6.607359999664055, 0.0 ], [ 106.729869999700938, -6.607459999779, 0.0 ], [ 106.729940000231025, -6.607809999731575, 0.0 ], [ 106.729980000276967, -6.607989999938404, 0.0 ], [ 106.729940000231025, -6.608379999936922, 0.0 ], [ 106.72990999974688, -6.608800000419492, 0.0 ], [ 106.729829999654996, -6.609229999564672, 0.0 ], [ 106.729769999585997, -6.609380000186729, 0.0 ], [ 106.72969000039339, -6.609540000370586, 0.0 ], [ 106.729670000370419, -6.609690000093273, 0.0 ], [ 106.729679999932216, -6.609790000208218, 0.0 ], [ 106.729710000416361, -6.609950000391986, 0.0 ], [ 106.729689824126211, -6.610228476362892, 0.0 ], [ 106.72961000030142, -6.610439999606079, 0.0 ], [ 106.729498451992157, -6.61055268915506, 0.0 ], [ 106.729519272196825, -6.610650910411078, 0.0 ], [ 106.729565008118811, -6.610847336735084, 0.0 ], [ 106.729547212334154, -6.610878322876115, 0.0 ], [ 106.729520226377559, -6.610925307956474, 0.0 ], [ 106.729426324565367, -6.611011641074285, 0.0 ], [ 106.729220000302988, -6.611179999557173, 0.0 ], [ 106.729013558229326, -6.611271094585138, 0.0 ], [ 106.728924179107807, -6.611480278691797, 0.0 ], [ 106.728949351131831, -6.611652204785248, 0.0 ], [ 106.729005800677299, -6.612002058148239, 0.0 ], [ 106.729123161305012, -6.612094301610529, 0.0 ], [ 106.72904672432702, -6.612167971374596, 0.0 ], [ 106.729023171981964, -6.612349418590604, 0.0 ], [ 106.729038593556382, -6.612410205566412, 0.0 ], [ 106.729010675902146, -6.612504450020165, 0.0 ], [ 106.728993490757119, -6.612562465285379, 0.0 ], [ 106.728932964584857, -6.612653937129345, 0.0 ], [ 106.728842071004905, -6.612760724427726, 0.0 ], [ 106.728827177332562, -6.612852037091645, 0.0 ], [ 106.728751546147166, -6.612973981563854, 0.0 ], [ 106.728721442240953, -6.613065348187099, 0.0 ], [ 106.728691707956145, -6.613263183748721, 0.0 ], [ 106.728631128723848, -6.613339446258273, 0.0 ], [ 106.728555708878986, -6.613522230766158, 0.0 ], [ 106.728571448813497, -6.61367427824521, 0.0 ], [ 106.728617557054804, -6.613811010269757, 0.0 ], [ 106.728679299110553, -6.614069369305788, 0.0 ], [ 106.728664563718795, -6.614206312671058, 0.0 ], [ 106.728513037846596, -6.614374152245119, 0.0 ], [ 106.728376934448164, -6.614602777895708, 0.0 ], [ 106.728164564043624, -6.614770828810581, 0.0 ], [ 106.728073563444383, -6.614847195641396, 0.0 ], [ 106.728013459953402, -6.615060347556803, 0.0 ], [ 106.727938040108626, -6.615243132964057, 0.0 ], [ 106.727832145837056, -6.61541081425753, 0.0 ], [ 106.727741302619222, -6.615532810890326, 0.0 ], [ 106.727604617359404, -6.615594126667492, 0.0 ], [ 106.727467984260258, -6.615670652678354, 0.0 ], [ 106.72739240523552, -6.615807808283627, 0.0 ], [ 106.727331772943188, -6.615868858760656, 0.0 ], [ 106.727302143879001, -6.616097115689215, 0.0 ], [ 106.727332882706577, -6.616188270072456, 0.0 ], [ 106.727317830753464, -6.616233952934394, 0.0 ], [ 106.727226883214286, -6.616325530898362, 0.0 ], [ 106.72716709628466, -6.616629943317101, 0.0 ], [ 106.727121622065425, -6.61667573229904, 0.0 ], [ 106.727061094993701, -6.616767204143006, 0.0 ], [ 106.727061360293675, -6.616843254412554, 0.0 ], [ 106.72710730935502, -6.616934355735751, 0.0 ], [ 106.727153365435669, -6.617055876627234, 0.0 ], [ 106.727199685017609, -6.617253449586915, 0.0 ], [ 106.727230529065821, -6.617375024437635, 0.0 ], [ 106.72723089868721, -6.617481495174751, 0.0 ], [ 106.727231533608574, -6.617664015281957, 0.0 ], [ 106.727232273750559, -6.617876955856641, 0.0 ], [ 106.727217592318226, -6.618029108556325, 0.0 ], [ 106.727142488135442, -6.618303153567542, 0.0 ], [ 106.72712733006243, -6.618318416861282, 0.0 ], [ 106.727051751037692, -6.618455571567186, 0.0 ], [ 106.727052650359738, -6.618714142843221, 0.0 ], [ 106.727038126308713, -6.618911926244255, 0.0 ], [ 106.727007587130586, -6.618973536099606, 0.0 ], [ 106.726932390317728, -6.619125237339709, 0.0 ], [ 106.72691760186602, -6.619246969571826, 0.0 ], [ 106.726933393961119, -6.619414228183942, 0.0 ], [ 106.726933500081117, -6.61944464775214, 0.0 ], [ 106.726979450041753, -6.619535749974705, 0.0 ], [ 106.726981526576338, -6.619565349361203, 0.0 ], [ 106.726995454376862, -6.619763847723217, 0.0 ], [ 106.726965295612132, -6.619840004112767, 0.0 ], [ 106.72695040283898, -6.619931316776686, 0.0 ], [ 106.726950442409191, -6.619942724676822, 0.0 ], [ 106.72690487466042, -6.619961896424211, 0.0 ], [ 106.72682903213429, -6.620022999961286, 0.0 ], [ 106.726738400257176, -6.620205838428586, 0.0 ], [ 106.726726141598292, -6.620268254975805, 0.0 ], [ 106.726723454424075, -6.620281940858721, 0.0 ], [ 106.726678296766195, -6.620418990343993, 0.0 ], [ 106.726618245435887, -6.620647351593814, 0.0 ], [ 106.726770673328062, -6.620738084195068, 0.0 ], [ 106.726831834421759, -6.620829133357589, 0.0 ], [ 106.726528195420002, -6.620997500833816, 0.0 ], [ 106.726406770756071, -6.621073973784721, 0.0 ], [ 106.726301351326441, -6.621378545383418, 0.0 ], [ 106.726180138902436, -6.62151585837, 0.0 ], [ 106.726210824669963, -6.621591803418827, 0.0 ], [ 106.726409045141551, -6.621728005742646, 0.0 ], [ 106.726515575233762, -6.621742846355119, 0.0 ], [ 106.72659189440057, -6.621818632223988, 0.0 ], [ 106.726485893109626, -6.621955893049893, 0.0 ], [ 106.726482014333669, -6.621959443573324, 0.0 ], [ 106.726485946169674, -6.621971103283588, 0.0 ], [ 106.726517054618554, -6.622168728403945, 0.0 ], [ 106.726669906091459, -6.622381140177271, 0.0 ], [ 106.726716174412104, -6.622563502003889, 0.0 ], [ 106.726722948105788, -6.622569387167356, 0.0 ], [ 106.726736722122212, -6.622581354445813, 0.0 ], [ 106.726726238725121, -6.622611387305568, 0.0 ], [ 106.726868596009041, -6.622879096592929, 0.0 ], [ 106.726863940218806, -6.622942506891007, 0.0 ], [ 106.726795902908705, -6.623011013647186, 0.0 ], [ 106.72673260772379, -6.623040493423851, 0.0 ], [ 106.726649619184727, -6.623016398787609, 0.0 ], [ 106.726522687971809, -6.622977827764345, 0.0 ], [ 106.726337576018494, -6.623036988765865, 0.0 ], [ 106.72620454470416, -6.623132877180318, 0.0 ], [ 106.726113940706, -6.623237701258713, 0.0 ], [ 106.726060619002595, -6.623330539172869, 0.0 ], [ 106.726027386355014, -6.623475231996192, 0.0 ], [ 106.726026990653239, -6.623476949701281, 0.0 ], [ 106.7260420623915, -6.623603684862047, 0.0 ], [ 106.726097663876246, -6.623665266838454, 0.0 ], [ 106.726169347937244, -6.623744659887922, 0.0 ], [ 106.726282022197751, -6.623890562299408, 0.0 ], [ 106.726340553673765, -6.623979518739667, 0.0 ], [ 106.726326386653582, -6.624026948085007, 0.0 ], [ 106.726282801909946, -6.624114875700773, 0.0 ], [ 106.726195207043389, -6.62416882243301, 0.0 ], [ 106.726078386008936, -6.62423262213764, 0.0 ], [ 106.725917775185366, -6.624325833270408, 0.0 ], [ 106.725867661363651, -6.624442584157766, 0.0 ], [ 106.725854885594686, -6.624472345422241, 0.0 ], [ 106.725894290289474, -6.624584365875688, 0.0 ], [ 106.725962565020581, -6.624584129353952, 0.0 ], [ 106.726097924679621, -6.624659765035936, 0.0 ], [ 106.726148456686118, -6.624749281753797, 0.0 ], [ 106.726153792363789, -6.624880928112233, 0.0 ], [ 106.726125124674951, -6.625051703073517, 0.0 ], [ 106.726052533198029, -6.625212878671274, 0.0 ], [ 106.725950714653948, -6.625383909039986, 0.0 ], [ 106.725932588818097, -6.625401347793805, 0.0 ], [ 106.726008300942482, -6.625647027288331, 0.0 ], [ 106.726024780119701, -6.625829183170087, 0.0 ], [ 106.726038159333797, -6.625977073083291, 0.0 ], [ 106.726153400259392, -6.626091507317025, 0.0 ], [ 106.726225825361752, -6.626277861234122, 0.0 ], [ 106.726226924333247, -6.626593652774684, 0.0 ], [ 106.726221900720347, -6.626613186049592, 0.0 ], [ 106.726141941097865, -6.626924097868638, 0.0 ], [ 106.725956270665506, -6.627197475582882, 0.0 ], [ 106.725856433327905, -6.627384429347796, 0.0 ], [ 106.72581406626631, -6.627585536643057, 0.0 ], [ 106.72572853264586, -6.627758086866056, 0.0 ], [ 106.725728932844135, -6.627872920398783, 0.0 ], [ 106.725786554206309, -6.627930137066009, 0.0 ], [ 106.725858529647653, -6.627987304270491, 0.0 ], [ 106.72591669959624, -6.628202416708042, 0.0 ], [ 106.725903143215689, -6.628432133236153, 0.0 ], [ 106.725946658711521, -6.628561170661342, 0.0 ], [ 106.726018734876902, -6.628647046024163, 0.0 ], [ 106.725933202155744, -6.628819596247162, 0.0 ], [ 106.725804852711946, -6.629064066153525, 0.0 ], [ 106.725733826055404, -6.629279628252096, 0.0 ], [ 106.72567685400378, -6.629409014614165, 0.0 ], [ 106.72562265006539, -6.629610505919938, 0.0 ], [ 106.725233786810008, -6.629286187007768, 0.0 ], [ 106.725142101826663, -6.629260861199651, 0.0 ], [ 106.72497835416786, -6.629128144648035, 0.0 ], [ 106.724782030366555, -6.628969027598366, 0.0 ], [ 106.724557895031012, -6.628850022110679, 0.0 ], [ 106.724426130861488, -6.628823722336765, 0.0 ], [ 106.72425399522588, -6.628842637777357, 0.0 ], [ 106.724195437669465, -6.628861159314905, 0.0 ], [ 106.724144092675886, -6.628846682927971, 0.0 ], [ 106.72407065223895, -6.628799312038449, 0.0 ], [ 106.723890475765032, -6.628613096616967, 0.0 ], [ 106.723725158789193, -6.628485445946399, 0.0 ], [ 106.723626222572278, -6.628482125649473, 0.0 ], [ 106.72342490393639, -6.628537779294899, 0.0 ], [ 106.723033133172734, -6.628691181152959, 0.0 ], [ 106.722971088045384, -6.628682233797925, 0.0 ], [ 106.722517627386765, -6.62892926677209, 0.0 ], [ 106.722495872786425, -6.628995286902786, 0.0 ], [ 106.722437218103352, -6.629025493331699, 0.0 ], [ 106.722397051682762, -6.629024937550678, 0.0 ], [ 106.722236251102274, -6.62914272985299, 0.0 ], [ 106.722129999799847, -6.629069999880457, 0.0 ], [ 106.72204000014608, -6.628980000226683, 0.0 ], [ 106.72183999991627, -6.628619999813026, 0.0 ], [ 106.721500000424868, -6.627870000300131, 0.0 ], [ 106.721391963968102, -6.627680936725735, 0.0 ], [ 106.721380000286956, -6.627659999609161, 0.0 ], [ 106.721170707362447, -6.627466210097346, 0.0 ], [ 106.72111000042635, -6.62740999977153, 0.0 ], [ 106.720959999804293, -6.627280000071814, 0.0 ], [ 106.720850000127641, -6.627070000280124, 0.0 ], [ 106.720759999574497, -6.626669999820436, 0.0 ], [ 106.720739999551526, -6.626580000166751, 0.0 ], [ 106.720580000266949, -6.626410000421004, 0.0 ], [ 106.72046999969092, -6.626270000260117, 0.0 ], [ 106.720360000014182, -6.626020000422486, 0.0 ], [ 106.720177782079119, -6.625735543960012, 0.0 ], [ 106.720041130993565, -6.625706759359264, 0.0 ], [ 106.719831362327653, -6.625687979716268, 0.0 ], [ 106.719738449769835, -6.625615154415723, 0.0 ], [ 106.719698894888239, -6.625459244348466, 0.0 ], [ 106.719707922282993, -6.625249525145307, 0.0 ], [ 106.719660797807734, -6.625010416997004, 0.0 ], [ 106.719501492799878, -6.624786975038734, 0.0 ], [ 106.719485422814188, -6.624730860041019, 0.0 ], [ 106.71943731897727, -6.624562880172604, 0.0 ], [ 106.719377362075775, -6.624148586787673, 0.0 ], [ 106.719299030226239, -6.624061081853263, 0.0 ], [ 106.719244727362522, -6.623871088379865, 0.0 ], [ 106.719116919310551, -6.623578941814614, 0.0 ], [ 106.719170141189196, -6.623456846256239, 0.0 ], [ 106.719208394751732, -6.623237272282125, 0.0 ], [ 106.719319997919769, -6.622774717678883, 0.0 ], [ 106.719284397357185, -6.622651831616579, 0.0 ], [ 106.719063289139683, -6.622174702600283, 0.0 ], [ 106.719028443108371, -6.621970012405978, 0.0 ], [ 106.719081868233758, -6.621906433035321, 0.0 ], [ 106.719166769630874, -6.62183518604488, 0.0 ], [ 106.719548683824925, -6.621514699143951, 0.0 ], [ 106.720204762639838, -6.620854104832876, 0.0 ], [ 106.720394447645859, -6.620707153811924, 0.0 ], [ 106.7205794930493, -6.620628489213267, 0.0 ], [ 106.720657233144905, -6.620545319910445, 0.0 ], [ 106.720812477713835, -6.620310711969637, 0.0 ], [ 106.720903970242233, -6.619973918561364, 0.0 ], [ 106.720953066930733, -6.619869845416861, 0.0 ], [ 106.721383250436787, -6.618957954445861, 0.0 ], [ 106.721475146760767, -6.618738194312037, 0.0 ], [ 106.721659262265291, -6.618391326698205, 0.0 ], [ 106.721950595843538, -6.618024583167816, 0.0 ], [ 106.722027656051608, -6.617886096565897, 0.0 ], [ 106.722069999730849, -6.617810000430993, 0.0 ], [ 106.722036618695228, -6.617517131710073, 0.0 ], [ 106.721929999570051, -6.617439999556165, 0.0 ], [ 106.721377017235724, -6.617158559419813, 0.0 ], [ 106.721015771260994, -6.617052526652625, 0.0 ], [ 106.720737564187431, -6.616985219592078, 0.0 ], [ 106.720593713129517, -6.616990076830422, 0.0 ], [ 106.720576650292344, -6.616990653295787, 0.0 ], [ 106.720464571383076, -6.617015423322972, 0.0 ], [ 106.720382123336464, -6.617147372752843, 0.0 ], [ 106.720323890435381, -6.617230474606597, 0.0 ], [ 106.719524011823864, -6.617203984176303, 0.0 ], [ 106.719431506658907, -6.617248192150207, 0.0 ], [ 106.719373373582513, -6.617360551648002, 0.0 ], [ 106.71934511508519, -6.617363476243234, 0.0 ], [ 106.719275873582887, -6.617370642041323, 0.0 ], [ 106.719061351100706, -6.617386014153084, 0.0 ], [ 106.719055024370007, -6.616966659383685, 0.0 ], [ 106.719068421570597, -6.616610630376165, 0.0 ], [ 106.719048088798417, -6.616371753353558, 0.0 ], [ 106.71907662428697, -6.616161965801872, 0.0 ], [ 106.719119485975654, -6.61586435315721, 0.0 ], [ 106.719135108098982, -6.615394327885795, 0.0 ], [ 106.719137154056526, -6.615332755801919, 0.0 ], [ 106.719014663695916, -6.61516737857152, 0.0 ], [ 106.718946189315346, -6.615109098905627, 0.0 ], [ 106.718828727064221, -6.614987593302626, 0.0 ], [ 106.718745300555327, -6.614836710445662, 0.0 ], [ 106.718783337381282, -6.614553743260512, 0.0 ], [ 106.718886869133868, -6.614245418790823, 0.0 ], [ 106.718957109782991, -6.614036235583622, 0.0 ], [ 106.718649290732387, -6.613866624345057, 0.0 ], [ 106.718493018238334, -6.613803769827911, 0.0 ], [ 106.71837431132559, -6.613321408556008, 0.0 ], [ 106.718305448437931, -6.613150969941142, 0.0 ], [ 106.718209999791867, -6.613019999872929, 0.0 ], [ 106.718149999722868, -6.612899999735014, 0.0 ], [ 106.718089999653955, -6.612689999943413, 0.0 ], [ 106.718067712654957, -6.612647283944852, 0.0 ], [ 106.71797000041532, -6.612460000128753, 0.0 ], [ 106.717892592169562, -6.6122209891072, 0.0 ], [ 106.717783605129455, -6.611728841412781, 0.0 ], [ 106.71785005423682, -6.611338801844049, 0.0 ], [ 106.717860081677571, -6.611279941216122, 0.0 ], [ 106.717824913689043, -6.611276156868975, 0.0 ], [ 106.717596643270653, -6.611251591887282, 0.0 ], [ 106.717455118758906, -6.611222820776366, 0.0 ], [ 106.717250014876498, -6.61114062903664, 0.0 ], [ 106.716571757880502, -6.611025933999528, 0.0 ], [ 106.716171723246546, -6.610983425744301, 0.0 ], [ 106.71592782440969, -6.610964761214557, 0.0 ], [ 106.715882947340333, -6.610922815935041, 0.0 ], [ 106.715844652408933, -6.610887023816971, 0.0 ], [ 106.715722281658159, -6.61075578125411, 0.0 ], [ 106.715663292427152, -6.610619443132606, 0.0 ], [ 106.715700000055108, -6.610510000136252, 0.0 ], [ 106.715618847032317, -6.610458672229793, 0.0 ], [ 106.715398826994402, -6.610293631345812, 0.0 ], [ 106.715256447227404, -6.610016161716317, 0.0 ], [ 106.715260000448851, -6.609710000116245, 0.0 ], [ 106.715180000356867, -6.609309999656645, 0.0 ], [ 106.715272708768666, -6.609074943853468, 0.0 ], [ 106.715505727607379, -6.608766923354672, 0.0 ], [ 106.715845897070636, -6.608419519744881, 0.0 ], [ 106.715928480015478, -6.608326582005954, 0.0 ], [ 106.715996517325578, -6.608258077048426, 0.0 ], [ 106.715820538886916, -6.608136771094966, 0.0 ], [ 106.715708377240006, -6.608137157803409, 0.0 ], [ 106.715586208836697, -6.608064432327545, 0.0 ], [ 106.715414940147525, -6.607894345347578, 0.0 ], [ 106.715278007574142, -6.607782657643426, 0.0 ], [ 106.715223911554489, -6.607651178558918, 0.0 ], [ 106.714926625363617, -6.607282577029174, 0.0 ], [ 106.714610000151524, -6.606889999573653, 0.0 ], [ 106.714266159655722, -6.606531438075294, 0.0 ], [ 106.714339323101427, -6.606383850334243, 0.0 ], [ 106.714430690624027, -6.606174810119239, 0.0 ], [ 106.714564841594367, -6.605910370766779, 0.0 ], [ 106.714674774721232, -6.605822372104644, 0.0 ], [ 106.715042383399492, -6.605528109434502, 0.0 ], [ 106.715176850931087, -6.605355754364464, 0.0 ], [ 106.715579472914484, -6.604611550082797, 0.0 ], [ 106.715533094876633, -6.603623331851107, 0.0 ], [ 106.715722286154744, -6.603297314119541, 0.0 ], [ 106.716242627595335, -6.602865792422232, 0.0 ], [ 106.716400297635829, -6.60230046239624, 0.0 ], [ 106.716558445216293, -6.601849495557612, 0.0 ], [ 106.716660395061382, -6.60155877801504, 0.0 ], [ 106.716905270561966, -6.600972700629484, 0.0 ], [ 106.717008239338952, -6.600567173835827, 0.0 ], [ 106.717107091918933, -6.600036589117089, 0.0 ], [ 106.717189067821352, -6.599596591309478, 0.0 ], [ 106.717455716808075, -6.598854448274007, 0.0 ], [ 106.71763296508945, -6.598361126064969, 0.0 ], [ 106.717718792788176, -6.598035838582952, 0.0 ], [ 106.717948935595032, -6.597414632778911, 0.0 ], [ 106.717949349283231, -6.597135370800569, 0.0 ], [ 106.717950683877092, -6.596234106218848, 0.0 ], [ 106.717950781003935, -6.596168413441408, 0.0 ], [ 106.7179990251351, -6.595916549309191, 0.0 ], [ 106.718346768688619, -6.595283036282886, 0.0 ], [ 106.718376934648035, -6.595129457258544, 0.0 ], [ 106.718344420558751, -6.594601617270648, 0.0 ], [ 106.718389078193582, -6.594397828197032, 0.0 ], [ 106.718441291032974, -6.594208387806724, 0.0 ], [ 106.718582148247748, -6.594109679118212, 0.0 ], [ 106.718827601113077, -6.594078138095441, 0.0 ], [ 106.719090288586088, -6.594124258927216, 0.0 ], [ 106.71923670181252, -6.594148143122105, 0.0 ], [ 106.719440187814612, -6.594220605996028, 0.0 ], [ 106.719622074799105, -6.594385928367732, 0.0 ], [ 106.719680760958511, -6.594439268956922, 0.0 ], [ 106.719754288629659, -6.594544698278995, 0.0 ], [ 106.719771683316679, -6.594873877127529, 0.0 ], [ 106.719825814409973, -6.595247641665161, 0.0 ], [ 106.719993558655943, -6.595564108596577, 0.0 ], [ 106.720079675037169, -6.595783304855498, 0.0 ], [ 106.720173261187284, -6.595811434749734, 0.0 ], [ 106.720238212023986, -6.595786823003316, 0.0 ], [ 106.72035125500652, -6.595657603015805, 0.0 ], [ 106.72108334092357, -6.594511659885018, 0.0 ], [ 106.720968799670544, -6.594300692422852, 0.0 ], [ 106.720630577239518, -6.594053913057465, 0.0 ], [ 106.720357319135104, -6.593786585981967, 0.0 ], [ 106.720212486916878, -6.593498692310575, 0.0 ], [ 106.720172348375328, -6.593189714933292, 0.0 ], [ 106.720063918015612, -6.592800752752428, 0.0 ], [ 106.720033243039893, -6.592690714404839, 0.0 ], [ 106.721979459584617, -6.592760935268807, 0.0 ], [ 106.722309698733795, -6.592728494024627, 0.0 ], [ 106.723343625907816, -6.592774744358767, 0.0 ], [ 106.723453466404507, -6.592779657355177, 0.0 ], [ 106.723472460086157, -6.59285601069616, 0.0 ], [ 106.723581219597776, -6.592844716110626, 0.0 ], [ 106.724221123206462, -6.592778261607393, 0.0 ], [ 106.724231683945234, -6.592727224181907, 0.0 ], [ 106.724532187010951, -6.592685920118981, 0.0 ], [ 106.724803238179035, -6.592666192590571, 0.0 ], [ 106.725751674900025, -6.592771263982513, 0.0 ], [ 106.72713165310347, -6.592924137938407, 0.0 ], [ 106.727434899101468, -6.592957732113494, 0.0 ], [ 106.729166155194079, -6.592916838141463, 0.0 ], [ 106.729963976156711, -6.592881660260232, 0.0 ], [ 106.730553742561398, -6.592855656363241, 0.0 ] ] ] ] } },
{ "type": "Feature", "properties": { "PROVNO": "32", "KABKOTNO": "01", "KECNO": "060", "DESANO": "003", "PROVINSI": "JAWA BARAT", "KABKOT": "BOGOR", "KECAMATAN": "DRAMAGA", "ID2013": "3201060003", "DESA": "SUKADAMAI", "DESA_1": "SUKADAMAI", "ID2012": "3201060003", "IDKAB2": "3201", "IDKEC_2": "3201060", "WILAYAH": "TENGAH" }, "geometry": { "type": "MultiPolygon", "coordinates": [ [ [ [ 106.741602898655032, -6.606609223136974, 0.0 ], [ 106.741470000440373, -6.606730000289165, 0.0 ], [ 106.741279999772374, -6.606989999688508, 0.0 ], [ 106.741230000164535, -6.607080000241652, 0.0 ], [ 106.741259999749403, -6.607200000379567, 0.0 ], [ 106.741390000348389, -6.607410000171257, 0.0 ], [ 106.741430000394331, -6.607490000263141, 0.0 ], [ 106.741430000394331, -6.607619999962857, 0.0 ], [ 106.741290000233533, -6.607880000261659, 0.0 ], [ 106.740929999819798, -6.608259999799007, 0.0 ], [ 106.740659999959192, -6.608410000421063, 0.0 ], [ 106.740499999775338, -6.608480000051866, 0.0 ], [ 106.74010999977682, -6.608680000281666, 0.0 ], [ 106.739929999569995, -6.608839999566154, 0.0 ], [ 106.739830000354416, -6.60897000016524, 0.0 ], [ 106.739810000331445, -6.609079999841985, 0.0 ], [ 106.739819999893243, -6.609249999587643, 0.0 ], [ 106.740029999684936, -6.609549999932387, 0.0 ], [ 106.740049999707907, -6.609719999678045, 0.0 ], [ 106.740039759127697, -6.60977120437737, 0.0 ], [ 106.740009999661964, -6.609919999907934, 0.0 ], [ 106.740006618211027, -6.60994931420932, 0.0 ], [ 106.739980000077097, -6.610180000206736, 0.0 ], [ 106.739969999615937, -6.610300000344562, 0.0 ], [ 106.739799999870272, -6.610519999698052, 0.0 ], [ 106.739599999640475, -6.610880000111798, 0.0 ], [ 106.739567400115618, -6.611197846603236, 0.0 ], [ 106.739559999594434, -6.611270000110228, 0.0 ], [ 106.739579999617504, -6.611410000271114, 0.0 ], [ 106.739630000124606, -6.611550000432, 0.0 ], [ 106.73946000037887, -6.61197000001529, 0.0 ], [ 106.73934999980284, -6.612170000245179, 0.0 ], [ 106.739110000426379, -6.612380000036779, 0.0 ], [ 106.739019999873236, -6.612480000151724, 0.0 ], [ 106.738990000288467, -6.612600000289639, 0.0 ], [ 106.739010000311438, -6.612729999989355, 0.0 ], [ 106.739079999942149, -6.613229999664618, 0.0 ], [ 106.739079999942149, -6.613340000240644, 0.0 ], [ 106.738999999850265, -6.613440000355588, 0.0 ], [ 106.738998551042442, -6.613442370069169, 0.0 ], [ 106.738890000173612, -6.613619999663136, 0.0 ], [ 106.738709999966687, -6.613929999569681, 0.0 ], [ 106.738600000289949, -6.614209999891454, 0.0 ], [ 106.738369999576008, -6.61453999982097, 0.0 ], [ 106.738259999899256, -6.614740000050769, 0.0 ], [ 106.738219999853314, -6.614909999796517, 0.0 ], [ 106.738090000153505, -6.615600000139779, 0.0 ], [ 106.737999999600461, -6.615919999608124, 0.0 ], [ 106.737779094629701, -6.616352204790257, 0.0 ], [ 106.737769999785797, -6.616369999675644, 0.0 ], [ 106.737747139019362, -6.616421436400035, 0.0 ], [ 106.737729999739855, -6.61646000022861, 0.0 ], [ 106.737583483091441, -6.616671634987839, 0.0 ], [ 106.737550000432307, -6.616719999628131, 0.0 ], [ 106.736909999696877, -6.617670000270195, 0.0 ], [ 106.736779999997168, -6.617989999738541, 0.0 ], [ 106.736730000389414, -6.618120000337537, 0.0 ], [ 106.736750000412385, -6.618550000382086, 0.0 ], [ 106.736750000412385, -6.618700000104774, 0.0 ], [ 106.736719999928255, -6.618869999850432, 0.0 ], [ 106.736559999744387, -6.619030000034289, 0.0 ], [ 106.73647000009062, -6.61946000007875, 0.0 ], [ 106.736419999583504, -6.619669999870439, 0.0 ], [ 106.73641297228103, -6.619684056274036, 0.0 ], [ 106.736360000413868, -6.619790000008354, 0.0 ], [ 106.736229999814867, -6.619899999685099, 0.0 ], [ 106.736089999653899, -6.619979999776984, 0.0 ], [ 106.736000000000132, -6.620099999914899, 0.0 ], [ 106.735960535950142, -6.620209075088592, 0.0 ], [ 106.735911569663386, -6.620365391649354, 0.0 ], [ 106.735927284416789, -6.620502440235256, 0.0 ], [ 106.736076484642211, -6.620692340179204, 0.0 ], [ 106.736260204445045, -6.620950670436923, 0.0 ], [ 106.73643669190001, -6.621319469817557, 0.0 ], [ 106.73657000020556, -6.621829999654629, 0.0 ], [ 106.736490000113591, -6.622040000345599, 0.0 ], [ 106.736380000436839, -6.622170000045315, 0.0 ], [ 106.736269999860809, -6.62227999972206, 0.0 ], [ 106.736209999791811, -6.622390000298175, 0.0 ], [ 106.736229999814867, -6.622580000066804, 0.0 ], [ 106.736280000321898, -6.622880000411548, 0.0 ], [ 106.736260000298927, -6.622979999627123, 0.0 ], [ 106.736209999791811, -6.62332999957961, 0.0 ], [ 106.736200000230014, -6.623420000132754, 0.0 ], [ 106.736169999745869, -6.623489999763557, 0.0 ], [ 106.735930000369407, -6.623730000039298, 0.0 ], [ 106.735930000369407, -6.623819999693072, 0.0 ], [ 106.73597000041535, -6.624129999599617, 0.0 ], [ 106.735910000346351, -6.624269999760504, 0.0 ], [ 106.735750000162582, -6.624659999759022, 0.0 ], [ 106.73556000039386, -6.625000000149708, 0.0 ], [ 106.735389999748833, -6.625299999595171, 0.0 ], [ 106.7353419076031, -6.625486819361051, 0.0 ], [ 106.735202820254088, -6.626027122153779, 0.0 ], [ 106.735171420424862, -6.626149098102232, 0.0 ], [ 106.7351300003494, -6.626310000306059, 0.0 ], [ 106.735090000303458, -6.626419999982804, 0.0 ], [ 106.73503000023446, -6.62676999993538, 0.0 ], [ 106.735050000257516, -6.626999999750041, 0.0 ], [ 106.735090000303458, -6.627469999840443, 0.0 ], [ 106.735063020642116, -6.627572520755045, 0.0 ], [ 106.735039999796257, -6.627659999609161, 0.0 ], [ 106.734899999635459, -6.627930000369044, 0.0 ], [ 106.73478000039691, -6.62804000004579, 0.0 ], [ 106.734689999843766, -6.628109999676592, 0.0 ], [ 106.734589999728911, -6.628200000229647, 0.0 ], [ 106.73448999961397, -6.628349999952334, 0.0 ], [ 106.734481713260593, -6.62837604431882, 0.0 ], [ 106.734419999983174, -6.628570000205194, 0.0 ], [ 106.734399999960203, -6.628650000297078, 0.0 ], [ 106.734350000352464, -6.62888999967354, 0.0 ], [ 106.734279999822292, -6.629379999787002, 0.0 ], [ 106.734299999845263, -6.629470000340056, 0.0 ], [ 106.734359999914261, -6.62955000043203, 0.0 ], [ 106.734399999960203, -6.629609999601662, 0.0 ], [ 106.734480000052173, -6.629789999808491, 0.0 ], [ 106.734689999843766, -6.630310000406006, 0.0 ], [ 106.73476999993575, -6.630509999736525, 0.0 ], [ 106.734967426305843, -6.631036392715242, 0.0 ], [ 106.734978890863317, -6.631171904359725, 0.0 ], [ 106.735067668338388, -6.63141338761756, 0.0 ], [ 106.735215104993273, -6.631665656444721, 0.0 ], [ 106.735315374005467, -6.632049977224455, 0.0 ], [ 106.735283900431853, -6.632478721815396, 0.0 ], [ 106.734970000165546, -6.632459999729026, 0.0 ], [ 106.734430000444348, -6.632459999729026, 0.0 ], [ 106.73427000026048, -6.632470000190196, 0.0 ], [ 106.734050000007628, -6.632490000213167, 0.0 ], [ 106.733709999616934, -6.632530000259109, 0.0 ], [ 106.733268913629644, -6.632518739847839, 0.0 ], [ 106.732910065247523, -6.632578611313669, 0.0 ], [ 106.732631460673531, -6.632535621021898, 0.0 ], [ 106.732206354739702, -6.632507797796485, 0.0 ], [ 106.731861903604184, -6.632494346636655, 0.0 ], [ 106.731669999970663, -6.632499999774968, 0.0 ], [ 106.731150000272436, -6.632459999729026, 0.0 ], [ 106.730900000434886, -6.632470000190196, 0.0 ], [ 106.73033999979134, -6.632499999774968, 0.0 ], [ 106.730020000322995, -6.632499999774968, 0.0 ], [ 106.729860000139041, -6.632490000213167, 0.0 ], [ 106.729414288938472, -6.632451598262481, 0.0 ], [ 106.728718443001966, -6.632534621875177, 0.0 ], [ 106.728323106426402, -6.632638579906338, 0.0 ], [ 106.728329923287518, -6.632596784813618, 0.0 ], [ 106.728111215360457, -6.632631778333788, 0.0 ], [ 106.728121625013159, -6.632552496800184, 0.0 ], [ 106.728099552952173, -6.63245122684252, 0.0 ], [ 106.72804867380745, -6.632393492165747, 0.0 ], [ 106.727983214853651, -6.632306850580463, 0.0 ], [ 106.727975596696609, -6.632198291617755, 0.0 ], [ 106.727960713816074, -6.632082519192775, 0.0 ], [ 106.727953146920342, -6.631988436616911, 0.0 ], [ 106.72793156588925, -6.631870575966161, 0.0 ], [ 106.727804360383118, -6.631385370138556, 0.0 ], [ 106.727099526622084, -6.63095895479179, 0.0 ], [ 106.726892744604612, -6.630845025977052, 0.0 ], [ 106.726890844337206, -6.630842133757344, 0.0 ], [ 106.72688937034836, -6.630839889948827, 0.0 ], [ 106.726880556092993, -6.630826480157772, 0.0 ], [ 106.726890731022593, -6.630591977437597, 0.0 ], [ 106.726780600044833, -6.630530079799204, 0.0 ], [ 106.726659515324542, -6.630479211446296, 0.0 ], [ 106.72654926923353, -6.630384342862996, 0.0 ], [ 106.726474148863076, -6.630274132744898, 0.0 ], [ 106.726464568385325, -6.630260076341301, 0.0 ], [ 106.726383386584232, -6.63019844760008, 0.0 ], [ 106.72633966694228, -6.630165258120027, 0.0 ], [ 106.726097294254842, -6.630004905401901, 0.0 ], [ 106.725953262433265, -6.629898278182846, 0.0 ], [ 106.725880568433638, -6.629844461852255, 0.0 ], [ 106.7257630072572, -6.629753282288, 0.0 ], [ 106.725693101155855, -6.629669264025164, 0.0 ], [ 106.72562265006539, -6.629610505919938, 0.0 ], [ 106.72567685400378, -6.629409014614165, 0.0 ], [ 106.725733826055404, -6.629279628252096, 0.0 ], [ 106.725804852711946, -6.629064066153525, 0.0 ], [ 106.725933202155744, -6.628819596247162, 0.0 ], [ 106.726018734876902, -6.628647046024163, 0.0 ], [ 106.725946658711521, -6.628561170661342, 0.0 ], [ 106.725903143215689, -6.628432133236153, 0.0 ], [ 106.72591669959624, -6.628202416708042, 0.0 ], [ 106.725858529647653, -6.627987304270491, 0.0 ], [ 106.725786554206309, -6.627930137066009, 0.0 ], [ 106.725728932844135, -6.627872920398783, 0.0 ], [ 106.72572853264586, -6.627758086866056, 0.0 ], [ 106.72581406626631, -6.627585536643057, 0.0 ], [ 106.725856433327905, -6.627384429347796, 0.0 ], [ 106.725956270665506, -6.627197475582882, 0.0 ], [ 106.726141941097865, -6.626924097868638, 0.0 ], [ 106.726221900720347, -6.626613186049592, 0.0 ], [ 106.726226924333247, -6.626593652774684, 0.0 ], [ 106.726225825361752, -6.626277861234122, 0.0 ], [ 106.726153400259392, -6.626091507317025, 0.0 ], [ 106.726038159333797, -6.625977073083291, 0.0 ], [ 106.726024780119701, -6.625829183170087, 0.0 ], [ 106.726008300942482, -6.625647027288331, 0.0 ], [ 106.725932588818097, -6.625401347793805, 0.0 ], [ 106.725950714653948, -6.625383909039986, 0.0 ], [ 106.726052533198029, -6.625212878671274, 0.0 ], [ 106.726125124674951, -6.625051703073517, 0.0 ], [ 106.726153792363789, -6.624880928112233, 0.0 ], [ 106.726148456686118, -6.624749281753797, 0.0 ], [ 106.726097924679621, -6.624659765035936, 0.0 ], [ 106.725962565020581, -6.624584129353952, 0.0 ], [ 106.725894290289474, -6.624584365875688, 0.0 ], [ 106.725854885594686, -6.624472345422241, 0.0 ], [ 106.725867661363651, -6.624442584157766, 0.0 ], [ 106.725917775185366, -6.624325833270408, 0.0 ], [ 106.726078386008936, -6.62423262213764, 0.0 ], [ 106.726195207043389, -6.62416882243301, 0.0 ], [ 106.726282801909946, -6.624114875700773, 0.0 ], [ 106.726326386653582, -6.624026948085007, 0.0 ], [ 106.726340553673765, -6.623979518739667, 0.0 ], [ 106.726282022197751, -6.623890562299408, 0.0 ], [ 106.726169347937244, -6.623744659887922, 0.0 ], [ 106.726097663876246, -6.623665266838454, 0.0 ], [ 106.7260420623915, -6.623603684862047, 0.0 ], [ 106.726026990653239, -6.623476949701281, 0.0 ], [ 106.726027386355014, -6.623475231996192, 0.0 ], [ 106.726060619002595, -6.623330539172869, 0.0 ], [ 106.726113940706, -6.623237701258713, 0.0 ], [ 106.72620454470416, -6.623132877180318, 0.0 ], [ 106.726337576018494, -6.623036988765865, 0.0 ], [ 106.726522687971809, -6.622977827764345, 0.0 ], [ 106.726649619184727, -6.623016398787609, 0.0 ], [ 106.72673260772379, -6.623040493423851, 0.0 ], [ 106.726795902908705, -6.623011013647186, 0.0 ], [ 106.726863940218806, -6.622942506891007, 0.0 ], [ 106.726868596009041, -6.622879096592929, 0.0 ], [ 106.726726238725121, -6.622611387305568, 0.0 ], [ 106.726736722122212, -6.622581354445813, 0.0 ], [ 106.726722948105788, -6.622569387167356, 0.0 ], [ 106.726716174412104, -6.622563502003889, 0.0 ], [ 106.726669906091459, -6.622381140177271, 0.0 ], [ 106.726517054618554, -6.622168728403945, 0.0 ], [ 106.726485946169674, -6.621971103283588, 0.0 ], [ 106.726482014333669, -6.621959443573324, 0.0 ], [ 106.726485893109626, -6.621955893049893, 0.0 ], [ 106.72659189440057, -6.621818632223988, 0.0 ], [ 106.726515575233762, -6.621742846355119, 0.0 ], [ 106.726409045141551, -6.621728005742646, 0.0 ], [ 106.726210824669963, -6.621591803418827, 0.0 ], [ 106.726180138902436, -6.62151585837, 0.0 ], [ 106.726301351326441, -6.621378545383418, 0.0 ], [ 106.726406770756071, -6.621073973784721, 0.0 ], [ 106.726528195420002, -6.620997500833816, 0.0 ], [ 106.726831834421759, -6.620829133357589, 0.0 ], [ 106.726770673328062, -6.620738084195068, 0.0 ], [ 106.726618245435887, -6.620647351593814, 0.0 ], [ 106.726678296766195, -6.620418990343993, 0.0 ], [ 106.726723454424075, -6.620281940858721, 0.0 ], [ 106.726726141598292, -6.620268254975805, 0.0 ], [ 106.726738400257176, -6.620205838428586, 0.0 ], [ 106.72682903213429, -6.620022999961286, 0.0 ], [ 106.72690487466042, -6.619961896424211, 0.0 ], [ 106.726950442409191, -6.619942724676822, 0.0 ], [ 106.72695040283898, -6.619931316776686, 0.0 ], [ 106.726965295612132, -6.619840004112767, 0.0 ], [ 106.726995454376862, -6.619763847723217, 0.0 ], [ 106.726981526576338, -6.619565349361203, 0.0 ], [ 106.726979450041753, -6.619535749974705, 0.0 ], [ 106.726933500081117, -6.61944464775214, 0.0 ], [ 106.726933393961119, -6.619414228183942, 0.0 ], [ 106.72691760186602, -6.619246969571826, 0.0 ], [ 106.726932390317728, -6.619125237339709, 0.0 ], [ 106.727007587130586, -6.618973536099606, 0.0 ], [ 106.727038126308713, -6.618911926244255, 0.0 ], [ 106.727052650359738, -6.618714142843221, 0.0 ], [ 106.727051751037692, -6.618455571567186, 0.0 ], [ 106.72712733006243, -6.618318416861282, 0.0 ], [ 106.727142488135442, -6.618303153567542, 0.0 ], [ 106.727217592318226, -6.618029108556325, 0.0 ], [ 106.727232273750559, -6.617876955856641, 0.0 ], [ 106.727231533608574, -6.617664015281957, 0.0 ], [ 106.72723089868721, -6.617481495174751, 0.0 ], [ 106.727230529065821, -6.617375024437635, 0.0 ], [ 106.727199685017609, -6.617253449586915, 0.0 ], [ 106.727153365435669, -6.617055876627234, 0.0 ], [ 106.72710730935502, -6.616934355735751, 0.0 ], [ 106.727061360293675, -6.616843254412554, 0.0 ], [ 106.727061094993701, -6.616767204143006, 0.0 ], [ 106.727121622065425, -6.61667573229904, 0.0 ], [ 106.72716709628466, -6.616629943317101, 0.0 ], [ 106.727226883214286, -6.616325530898362, 0.0 ], [ 106.727317830753464, -6.616233952934394, 0.0 ], [ 106.727332882706577, -6.616188270072456, 0.0 ], [ 106.727302143879001, -6.616097115689215, 0.0 ], [ 106.727331772943188, -6.615868858760656, 0.0 ], [ 106.72739240523552, -6.615807808283627, 0.0 ], [ 106.727467984260258, -6.615670652678354, 0.0 ], [ 106.727604617359404, -6.615594126667492, 0.0 ], [ 106.727741302619222, -6.615532810890326, 0.0 ], [ 106.727832145837056, -6.61541081425753, 0.0 ], [ 106.727938040108626, -6.615243132964057, 0.0 ], [ 106.728013459953402, -6.615060347556803, 0.0 ], [ 106.728073563444383, -6.614847195641396, 0.0 ], [ 106.728164564043624, -6.614770828810581, 0.0 ], [ 106.728376934448164, -6.614602777895708, 0.0 ], [ 106.728513037846596, -6.614374152245119, 0.0 ], [ 106.728664563718795, -6.614206312671058, 0.0 ], [ 106.728679299110553, -6.614069369305788, 0.0 ], [ 106.728617557054804, -6.613811010269757, 0.0 ], [ 106.728571448813497, -6.61367427824521, 0.0 ], [ 106.728555708878986, -6.613522230766158, 0.0 ], [ 106.728631128723848, -6.613339446258273, 0.0 ], [ 106.728691707956145, -6.613263183748721, 0.0 ], [ 106.728721442240953, -6.613065348187099, 0.0 ], [ 106.728751546147166, -6.612973981563854, 0.0 ], [ 106.728827177332562, -6.612852037091645, 0.0 ], [ 106.728842071004905, -6.612760724427726, 0.0 ], [ 106.728932964584857, -6.612653937129345, 0.0 ], [ 106.728993490757119, -6.612562465285379, 0.0 ], [ 106.729010675902146, -6.612504450020165, 0.0 ], [ 106.729038593556382, -6.612410205566412, 0.0 ], [ 106.729023171981964, -6.612349418590604, 0.0 ], [ 106.72904672432702, -6.612167971374596, 0.0 ], [ 106.729123161305012, -6.612094301610529, 0.0 ], [ 106.729201610965731, -6.612120825315717, 0.0 ], [ 106.72938580111402, -6.612128310373091, 0.0 ], [ 106.729564527880825, -6.612122272324807, 0.0 ], [ 106.729732422313589, -6.612116272048176, 0.0 ], [ 106.729894880344617, -6.612104874040572, 0.0 ], [ 106.730049250772524, -6.612104337145333, 0.0 ], [ 106.730122355762234, -6.612098666919799, 0.0 ], [ 106.730211775353339, -6.612111896846375, 0.0 ], [ 106.730306715882378, -6.612154897030766, 0.0 ], [ 106.730410044388222, -6.612273696573681, 0.0 ], [ 106.730464727665236, -6.612422457030611, 0.0 ], [ 106.730505606348871, -6.612495435215973, 0.0 ], [ 106.730581551397705, -6.612527668716819, 0.0 ], [ 106.730698204258857, -6.612584135349344, 0.0 ], [ 106.730774261722999, -6.612648865852258, 0.0 ], [ 106.730912806780822, -6.612770251845426, 0.0 ], [ 106.730999717263373, -6.6128403620929, 0.0 ], [ 106.731016212628262, -6.612846319202106, 0.0 ], [ 106.731170555177144, -6.61290205558517, 0.0 ], [ 106.73124909387073, -6.612901782191329, 0.0 ], [ 106.731375026836218, -6.612889892254561, 0.0 ], [ 106.731457564814974, -6.612882098729713, 0.0 ], [ 106.731576860783633, -6.612919598660341, 0.0 ], [ 106.731731439854244, -6.612978640052027, 0.0 ], [ 106.731923905564017, -6.613029424768015, 0.0 ], [ 106.73205935695394, -6.613039785857246, 0.0 ], [ 106.732170478085266, -6.613038599651446, 0.0 ], [ 106.732435796974613, -6.613035766787014, 0.0 ], [ 106.732755437613548, -6.613053611135058, 0.0 ], [ 106.733137359901463, -6.61306852908913, 0.0 ], [ 106.733205209253214, -6.613108914944323, 0.0 ], [ 106.733416529249638, -6.613129843967016, 0.0 ], [ 106.733709247783764, -6.613193819938648, 0.0 ], [ 106.733811472821444, -6.612995766741072, 0.0 ], [ 106.734009958592907, -6.612442609039029, 0.0 ], [ 106.734039438369564, -6.612353137287332, 0.0 ], [ 106.734033076565424, -6.612082342425953, 0.0 ], [ 106.733994056780503, -6.611765621885848, 0.0 ], [ 106.734097857430356, -6.61124258427769, 0.0 ], [ 106.734085844286454, -6.610904103741202, 0.0 ], [ 106.734109677219948, -6.610687198954892, 0.0 ], [ 106.734143595150996, -6.610378518353812, 0.0 ], [ 106.734145576357392, -6.610169981759064, 0.0 ], [ 106.734164194122499, -6.610072423303528, 0.0 ], [ 106.734320205813091, -6.609765857008512, 0.0 ], [ 106.734463109884771, -6.609583910668828, 0.0 ], [ 106.73455169040831, -6.609356115991751, 0.0 ], [ 106.734556990113163, -6.6093313846355, 0.0 ], [ 106.734582773676266, -6.609211074231549, 0.0 ], [ 106.7346422971045, -6.608933325812174, 0.0 ], [ 106.734710464816246, -6.608288544280718, 0.0 ], [ 106.734778503025623, -6.607785340320973, 0.0 ], [ 106.734787031296605, -6.607722269966612, 0.0 ], [ 106.734792286934663, -6.607676212986693, 0.0 ], [ 106.734838261177032, -6.607657096097999, 0.0 ], [ 106.735231030188032, -6.607677391997893, 0.0 ], [ 106.735731903105034, -6.607632315279002, 0.0 ], [ 106.735831984158892, -6.607596759682579, 0.0 ], [ 106.736131955725313, -6.607411558696299, 0.0 ], [ 106.736296846422505, -6.60732161390122, 0.0 ], [ 106.736303092214115, -6.607314570410985, 0.0 ], [ 106.736364288381367, -6.60724555014184, 0.0 ], [ 106.736482514156847, -6.60697702876675, 0.0 ], [ 106.736525657333431, -6.606922715111043, 0.0 ], [ 106.736710000366358, -6.606819999942939, 0.0 ], [ 106.736840000066167, -6.606790000358078, 0.0 ], [ 106.737237137084364, -6.606695456430014, 0.0 ], [ 106.737347785172304, -6.60671777490526, 0.0 ], [ 106.737540675361998, -6.606756684073591, 0.0 ], [ 106.737936275438955, -6.606812174941759, 0.0 ], [ 106.738193621838349, -6.606830233328456, 0.0 ], [ 106.738602564257121, -6.606967960003232, 0.0 ], [ 106.739127569581839, -6.60714477661001, 0.0 ], [ 106.739440000355899, -6.60724999998731, 0.0 ], [ 106.739500471669629, -6.607250849846693, 0.0 ], [ 106.739557211696166, -6.607212738377068, 0.0 ], [ 106.739594976027476, -6.607169275041826, 0.0 ], [ 106.739915513290526, -6.606669852731386, 0.0 ], [ 106.739964053298621, -6.606610103573232, 0.0 ], [ 106.740026218935085, -6.606574681076474, 0.0 ], [ 106.740085808913108, -6.606577181191788, 0.0 ], [ 106.740275555072955, -6.60662526434427, 0.0 ], [ 106.740340551775205, -6.606625036815874, 0.0 ], [ 106.740432640554104, -6.606627422717217, 0.0 ], [ 106.740567221400312, -6.606604156356557, 0.0 ], [ 106.74059070989351, -6.606596987860538, 0.0 ], [ 106.740925446552254, -6.606494832969947, 0.0 ], [ 106.741092536991161, -6.606513897698054, 0.0 ], [ 106.741338533047042, -6.606621107677793, 0.0 ], [ 106.741602898655032, -6.606609223136974, 0.0 ] ] ] ] } },
{ "type": "Feature", "properties": { "PROVNO": "32", "KABKOTNO": "01", "KECNO": "060", "DESANO": "004", "PROVINSI": "JAWA BARAT", "KABKOT": "BOGOR", "KECAMATAN": "DRAMAGA", "ID2013": "3201060004", "DESA": "SUKAWENING", "DESA_1": "SUKAWENING", "ID2012": "3201060004", "IDKAB2": "3201", "IDKEC_2": "3201060", "WILAYAH": "TENGAH" }, "geometry": { "type": "MultiPolygon", "coordinates": [ [ [ [ 106.73696015938404, -6.591818236222515, 0.0 ], [ 106.737065435821378, -6.591844698773688, 0.0 ], [ 106.737194561380079, -6.59187715620563, 0.0 ], [ 106.737349965128971, -6.591732532630115, 0.0 ], [ 106.737397281159787, -6.591695467072025, 0.0 ], [ 106.73748693457452, -6.591705697759611, 0.0 ], [ 106.73757666173374, -6.591737014851198, 0.0 ], [ 106.737655773295486, -6.591747283310347, 0.0 ], [ 106.738220055611208, -6.591808576604343, 0.0 ], [ 106.73817334572351, -6.592019606119806, 0.0 ], [ 106.738179076203522, -6.592151376584567, 0.0 ], [ 106.738427360134708, -6.592154982866063, 0.0 ], [ 106.738720068776303, -6.592170221878071, 0.0 ], [ 106.739785027057508, -6.592174638448647, 0.0 ], [ 106.739855228136406, -6.592082275376523, 0.0 ], [ 106.739944550600683, -6.591997617695746, 0.0 ], [ 106.740060397669325, -6.591960312018621, 0.0 ], [ 106.740292807667146, -6.592091292878735, 0.0 ], [ 106.740329929882506, -6.592154422588372, 0.0 ], [ 106.740660664558234, -6.592169621130974, 0.0 ], [ 106.741289527190077, -6.592198519945516, 0.0 ], [ 106.741482653002208, -6.592216834639011, 0.0 ], [ 106.741611205692749, -6.592229026748022, 0.0 ], [ 106.741758571301176, -6.592159981297954, 0.0 ], [ 106.742138182331431, -6.592174470275438, 0.0 ], [ 106.742301822071596, -6.592237159317307, 0.0 ], [ 106.742545326106125, -6.592286944886396, 0.0 ], [ 106.742817513117899, -6.592245347644479, 0.0 ], [ 106.743532968771646, -6.592267236243767, 0.0 ], [ 106.743943502990447, -6.592244888090928, 0.0 ], [ 106.743898472136905, -6.592431588247063, 0.0 ], [ 106.743830478893599, -6.592584105172108, 0.0 ], [ 106.74375101209975, -6.59272143434654, 0.0 ], [ 106.743717255147402, -6.592866217102102, 0.0 ], [ 106.743725401206433, -6.593018467827818, 0.0 ], [ 106.743744981246067, -6.593174485813726, 0.0 ], [ 106.743809765708306, -6.593193295134316, 0.0 ], [ 106.743878159149887, -6.593154985813801, 0.0 ], [ 106.743969539262963, -6.593158474284024, 0.0 ], [ 106.744045638995161, -6.593146786694728, 0.0 ], [ 106.744125638187853, -6.593161735225763, 0.0 ], [ 106.744137298797483, -6.59323022039823, 0.0 ], [ 106.744092027825005, -6.593348394912315, 0.0 ], [ 106.744091586257866, -6.593470050702113, 0.0 ], [ 106.744062357392053, -6.593573111209974, 0.0 ], [ 106.743679276777357, -6.593981797321948, 0.0 ], [ 106.743641686914486, -6.594118979906884, 0.0 ], [ 106.743667625160882, -6.594206747443234, 0.0 ], [ 106.74375267404686, -6.594286100023297, 0.0 ], [ 106.743825059579009, -6.594301074634714, 0.0 ], [ 106.743885944580853, -6.594293247834973, 0.0 ], [ 106.743927915041382, -6.594319749956359, 0.0 ], [ 106.743958663761475, -6.594403395899864, 0.0 ], [ 106.743947508570841, -6.594479574772407, 0.0 ], [ 106.743875363157642, -6.59453312490367, 0.0 ], [ 106.743826019155605, -6.594575173605257, 0.0 ], [ 106.743841565735892, -6.594666487168457, 0.0 ], [ 106.743914245346303, -6.59476521474275, 0.0 ], [ 106.743990909852783, -6.594790472202341, 0.0 ], [ 106.743994284109036, -6.594791583764383, 0.0 ], [ 106.744158316853046, -6.594886185249074, 0.0 ], [ 106.744253518185474, -6.594893466160414, 0.0 ], [ 106.744344858728425, -6.594885533240582, 0.0 ], [ 106.744451121722108, -6.594789985669127, 0.0 ], [ 106.744531081344505, -6.594793513709565, 0.0 ], [ 106.74466079775776, -6.594873006583803, 0.0 ], [ 106.744645783576217, -6.594933970725982, 0.0 ], [ 106.744558355983585, -6.594972346596375, 0.0 ], [ 106.744524480320678, -6.595082867879878, 0.0 ], [ 106.744479114919386, -6.59517439368317, 0.0 ], [ 106.744460705797067, -6.595353386649307, 0.0 ], [ 106.744449711585133, -6.595475249283158, 0.0 ], [ 106.744444735636222, -6.595503690342888, 0.0 ], [ 106.744431049753317, -6.595581908877826, 0.0 ], [ 106.744503768933953, -6.595692057841998, 0.0 ], [ 106.744549785444377, -6.595787071216233, 0.0 ], [ 106.744561751823539, -6.595943116181715, 0.0 ], [ 106.744547017331172, -6.596084025557172, 0.0 ], [ 106.744416195651098, -6.596294975032926, 0.0 ], [ 106.744414519314788, -6.596297680193643, 0.0 ], [ 106.744217261117896, -6.596500140968544, 0.0 ], [ 106.744000000200018, -6.59651999979797, 0.0 ], [ 106.743889999623903, -6.596510000236169, 0.0 ], [ 106.743779483736347, -6.59650928617447, 0.0 ], [ 106.743726385064846, -6.596566575686804, 0.0 ], [ 106.743726664753922, -6.596646521819363, 0.0 ], [ 106.743730831313016, -6.596749296342832, 0.0 ], [ 106.743735011361849, -6.596855876797161, 0.0 ], [ 106.743743105260208, -6.596992900201961, 0.0 ], [ 106.74375491156006, -6.597103262305595, 0.0 ], [ 106.743789480600213, -6.597190700690128, 0.0 ], [ 106.74389240261246, -6.597228411062108, 0.0 ], [ 106.744003058794277, -6.597300356825855, 0.0 ], [ 106.744296584020361, -6.597409733272421, 0.0 ], [ 106.744514115634061, -6.597561251050745, 0.0 ], [ 106.744579367743825, -6.597713302127008, 0.0 ], [ 106.744580153751258, -6.597937911405296, 0.0 ], [ 106.744497226366121, -6.598174234353262, 0.0 ], [ 106.744258277397776, -6.598430139139424, 0.0 ], [ 106.744174489361356, -6.598504873700808, 0.0 ], [ 106.744125444833543, -6.598548620322422, 0.0 ], [ 106.743996232940006, -6.598613790593824, 0.0 ], [ 106.743901178196992, -6.598648385714281, 0.0 ], [ 106.743779472944453, -6.598683075263558, 0.0 ], [ 106.743413947096101, -6.598669125879244, 0.0 ], [ 106.743227589581707, -6.598723075309501, 0.0 ], [ 106.743117347088088, -6.59876914487997, 0.0 ], [ 106.743045466075557, -6.598898834313651, 0.0 ], [ 106.74292424106109, -6.599070572448831, 0.0 ], [ 106.742909371670308, -6.599173412622719, 0.0 ], [ 106.742986152189317, -6.599355878770599, 0.0 ], [ 106.743112622050035, -6.599595277399963, 0.0 ], [ 106.743109932177802, -6.599812667820206, 0.0 ], [ 106.743109654287281, -6.599835128388278, 0.0 ], [ 106.742996122073521, -6.600029681424449, 0.0 ], [ 106.742951011180452, -6.60019353969993, 0.0 ], [ 106.743046972440027, -6.600417816229101, 0.0 ], [ 106.743064224134756, -6.600495579707069, 0.0 ], [ 106.743093389148811, -6.600627038107145, 0.0 ], [ 106.743102055015939, -6.600927759708188, 0.0 ], [ 106.743098322829468, -6.601012348141158, 0.0 ], [ 106.743091472693465, -6.601167636776797, 0.0 ], [ 106.743107260291978, -6.601327475082766, 0.0 ], [ 106.743119276133896, -6.601365717853405, 0.0 ], [ 106.743141910271135, -6.601437756247233, 0.0 ], [ 106.743203342060738, -6.601586013983187, 0.0 ], [ 106.743203518327917, -6.60159349634263, 0.0 ], [ 106.743204504884176, -6.601635503675354, 0.0 ], [ 106.743207815288571, -6.601776348299673, 0.0 ], [ 106.743166576876234, -6.601959227236378, 0.0 ], [ 106.742984504631323, -6.602150213561355, 0.0 ], [ 106.742711131413742, -6.602360554196043, 0.0 ], [ 106.742635335652338, -6.602459800679075, 0.0 ], [ 106.742715857351158, -6.602623220085349, 0.0 ], [ 106.742849516392241, -6.602740768671325, 0.0 ], [ 106.742933697432335, -6.602862297656777, 0.0 ], [ 106.742998684242053, -6.602938210329992, 0.0 ], [ 106.743128535553609, -6.603055773305169, 0.0 ], [ 106.743127295388575, -6.603065830423596, 0.0 ], [ 106.743098919079983, -6.603295716024284, 0.0 ], [ 106.743077129406188, -6.60359654464461, 0.0 ], [ 106.743078049412659, -6.603859223124466, 0.0 ], [ 106.743059465821901, -6.603988726398438, 0.0 ], [ 106.742942740115552, -6.60435841161128, 0.0 ], [ 106.742692619768818, -6.604686688439756, 0.0 ], [ 106.742476217703484, -6.604858760223422, 0.0 ], [ 106.742293745260369, -6.604935538044501, 0.0 ], [ 106.742088337407068, -6.604985748093597, 0.0 ], [ 106.741924860444072, -6.605051037974832, 0.0 ], [ 106.741795606282395, -6.605104787755547, 0.0 ], [ 106.741715897570757, -6.605173593086668, 0.0 ], [ 106.741580000117111, -6.60511000022618, 0.0 ], [ 106.741391485129142, -6.604942500595747, 0.0 ], [ 106.741223415328577, -6.604783194688526, 0.0 ], [ 106.741048063717386, -6.604719090113722, 0.0 ], [ 106.740869093234238, -6.604708293752584, 0.0 ], [ 106.740702153881415, -6.604872578306722, 0.0 ], [ 106.740619170738299, -6.605093673933773, 0.0 ], [ 106.740563076425019, -6.605383200773964, 0.0 ], [ 106.740510270033127, -6.605524245047736, 0.0 ], [ 106.740407957761235, -6.605661654261787, 0.0 ], [ 106.740374293439061, -6.605833085728143, 0.0 ], [ 106.740367238257562, -6.605993004073731, 0.0 ], [ 106.740405680677824, -6.606099465817508, 0.0 ], [ 106.740485803077561, -6.606148676719883, 0.0 ], [ 106.740565685358263, -6.606129361980297, 0.0 ], [ 106.740637858650402, -6.606083426408773, 0.0 ], [ 106.740717341632205, -6.605949904064659, 0.0 ], [ 106.740800617954307, -6.605812561400484, 0.0 ], [ 106.740909999796827, -6.605710000016298, 0.0 ], [ 106.741000000349885, -6.605680000431526, 0.0 ], [ 106.741058940118236, -6.605651764417289, 0.0 ], [ 106.74113902114911, -6.605689553929608, 0.0 ], [ 106.741215388879283, -6.605754005642641, 0.0 ], [ 106.741250038858354, -6.605864286807197, 0.0 ], [ 106.741273360077713, -6.60600125715213, 0.0 ], [ 106.741323105177301, -6.60607341605516, 0.0 ], [ 106.741411161396158, -6.606213966601118, 0.0 ], [ 106.74149511580714, -6.60627077767403, 0.0 ], [ 106.741609407947948, -6.606293220255779, 0.0 ], [ 106.741640091017544, -6.60635783204814, 0.0 ], [ 106.741621375226501, -6.606449265221261, 0.0 ], [ 106.741602898655032, -6.606609223136974, 0.0 ], [ 106.741338533047042, -6.606621107677793, 0.0 ], [ 106.741092536991161, -6.606513897698054, 0.0 ], [ 106.740925446552254, -6.606494832969947, 0.0 ], [ 106.74059070989351, -6.606596987860538, 0.0 ], [ 106.740567221400312, -6.606604156356557, 0.0 ], [ 106.740432640554104, -6.606627422717217, 0.0 ], [ 106.740340551775205, -6.606625036815874, 0.0 ], [ 106.740275555072955, -6.60662526434427, 0.0 ], [ 106.740085808913108, -6.606577181191788, 0.0 ], [ 106.740026218935085, -6.606574681076474, 0.0 ], [ 106.739964053298621, -6.606610103573232, 0.0 ], [ 106.739915513290526, -6.606669852731386, 0.0 ], [ 106.739594976027476, -6.607169275041826, 0.0 ], [ 106.739557211696166, -6.607212738377068, 0.0 ], [ 106.739500471669629, -6.607250849846693, 0.0 ], [ 106.739440000355899, -6.60724999998731, 0.0 ], [ 106.739127569581839, -6.60714477661001, 0.0 ], [ 106.738602564257121, -6.606967960003232, 0.0 ], [ 106.738193621838349, -6.606830233328456, 0.0 ], [ 106.737936275438955, -6.606812174941759, 0.0 ], [ 106.737540675361998, -6.606756684073591, 0.0 ], [ 106.737347785172304, -6.60671777490526, 0.0 ], [ 106.737237137084364, -6.606695456430014, 0.0 ], [ 106.736840000066167, -6.606790000358078, 0.0 ], [ 106.736710000366358, -6.606819999942939, 0.0 ], [ 106.736525657333431, -6.606922715111043, 0.0 ], [ 106.736482514156847, -6.60697702876675, 0.0 ], [ 106.736364288381367, -6.60724555014184, 0.0 ], [ 106.736303092214115, -6.607314570410985, 0.0 ], [ 106.736296846422505, -6.60732161390122, 0.0 ], [ 106.736131955725313, -6.607411558696299, 0.0 ], [ 106.735831984158892, -6.607596759682579, 0.0 ], [ 106.735731903105034, -6.607632315279002, 0.0 ], [ 106.735231030188032, -6.607677391997893, 0.0 ], [ 106.734838261177032, -6.607657096097999, 0.0 ], [ 106.734792286934663, -6.607676212986693, 0.0 ], [ 106.734787031296605, -6.607722269966612, 0.0 ], [ 106.734778503025623, -6.607785340320973, 0.0 ], [ 106.734710464816246, -6.608288544280718, 0.0 ], [ 106.7346422971045, -6.608933325812174, 0.0 ], [ 106.734582773676266, -6.609211074231549, 0.0 ], [ 106.734556990113163, -6.6093313846355, 0.0 ], [ 106.73455169040831, -6.609356115991751, 0.0 ], [ 106.734463109884771, -6.609583910668828, 0.0 ], [ 106.734320205813091, -6.609765857008512, 0.0 ], [ 106.734164194122499, -6.610072423303528, 0.0 ], [ 106.734145576357392, -6.610169981759064, 0.0 ], [ 106.734143595150996, -6.610378518353812, 0.0 ], [ 106.734109677219948, -6.610687198954892, 0.0 ], [ 106.734085844286454, -6.610904103741202, 0.0 ], [ 106.734097857430356, -6.61124258427769, 0.0 ], [ 106.733994056780503, -6.611765621885848, 0.0 ], [ 106.734033076565424, -6.612082342425953, 0.0 ], [ 106.734039438369564, -6.612353137287332, 0.0 ], [ 106.734009958592907, -6.612442609039029, 0.0 ], [ 106.733811472821444, -6.612995766741072, 0.0 ], [ 106.733709247783764, -6.613193819938648, 0.0 ], [ 106.733416529249638, -6.613129843967016, 0.0 ], [ 106.733205209253214, -6.613108914944323, 0.0 ], [ 106.733137359901463, -6.61306852908913, 0.0 ], [ 106.732755437613548, -6.613053611135058, 0.0 ], [ 106.732435796974613, -6.613035766787014, 0.0 ], [ 106.732170478085266, -6.613038599651446, 0.0 ], [ 106.73205935695394, -6.613039785857246, 0.0 ], [ 106.731923905564017, -6.613029424768015, 0.0 ], [ 106.731731439854244, -6.612978640052027, 0.0 ], [ 106.731576860783633, -6.612919598660341, 0.0 ], [ 106.731457564814974, -6.612882098729713, 0.0 ], [ 106.731375026836218, -6.612889892254561, 0.0 ], [ 106.73124909387073, -6.612901782191329, 0.0 ], [ 106.731170555177144, -6.61290205558517, 0.0 ], [ 106.731016212628262, -6.612846319202106, 0.0 ], [ 106.730999717263373, -6.6128403620929, 0.0 ], [ 106.730912806780822, -6.612770251845426, 0.0 ], [ 106.730774261722999, -6.612648865852258, 0.0 ], [ 106.730698204258857, -6.612584135349344, 0.0 ], [ 106.730581551397705, -6.612527668716819, 0.0 ], [ 106.730505606348871, -6.612495435215973, 0.0 ], [ 106.730464727665236, -6.612422457030611, 0.0 ], [ 106.730410044388222, -6.612273696573681, 0.0 ], [ 106.730306715882378, -6.612154897030766, 0.0 ], [ 106.730211775353339, -6.612111896846375, 0.0 ], [ 106.730122355762234, -6.612098666919799, 0.0 ], [ 106.730049250772524, -6.612104337145333, 0.0 ], [ 106.729894880344617, -6.612104874040572, 0.0 ], [ 106.729732422313589, -6.612116272048176, 0.0 ], [ 106.729564527880825, -6.612122272324807, 0.0 ], [ 106.72938580111402, -6.612128310373091, 0.0 ], [ 106.729201610965731, -6.612120825315717, 0.0 ], [ 106.729123161305012, -6.612094301610529, 0.0 ], [ 106.729005800677299, -6.612002058148239, 0.0 ], [ 106.728949351131831, -6.611652204785248, 0.0 ], [ 106.728924179107807, -6.611480278691797, 0.0 ], [ 106.729013558229326, -6.611271094585138, 0.0 ], [ 106.729220000302988, -6.611179999557173, 0.0 ], [ 106.729426324565367, -6.611011641074285, 0.0 ], [ 106.729520226377559, -6.610925307956474, 0.0 ], [ 106.729547212334154, -6.610878322876115, 0.0 ], [ 106.729565008118811, -6.610847336735084, 0.0 ], [ 106.729519272196825, -6.610650910411078, 0.0 ], [ 106.729498451992157, -6.61055268915506, 0.0 ], [ 106.72961000030142, -6.610439999606079, 0.0 ], [ 106.729689824126211, -6.610228476362892, 0.0 ], [ 106.729710000416361, -6.609950000391986, 0.0 ], [ 106.729679999932216, -6.609790000208218, 0.0 ], [ 106.729670000370419, -6.609690000093273, 0.0 ], [ 106.72969000039339, -6.609540000370586, 0.0 ], [ 106.729769999585997, -6.609380000186729, 0.0 ], [ 106.729829999654996, -6.609229999564672, 0.0 ], [ 106.72990999974688, -6.608800000419492, 0.0 ], [ 106.729940000231025, -6.608379999936922, 0.0 ], [ 106.729980000276967, -6.607989999938404, 0.0 ], [ 106.729940000231025, -6.607809999731575, 0.0 ], [ 106.729869999700938, -6.607459999779, 0.0 ], [ 106.72990999974688, -6.607359999664055, 0.0 ], [ 106.729990587995403, -6.607204916073819, 0.0 ], [ 106.73013710644247, -6.606938196040737, 0.0 ], [ 106.730139272909298, -6.606933297433528, 0.0 ], [ 106.730231990314252, -6.606723664565308, 0.0 ], [ 106.730238700156079, -6.606708493002369, 0.0 ], [ 106.730245283193398, -6.606245673099167, 0.0 ], [ 106.730146290319226, -6.6060453347243, 0.0 ], [ 106.729969295646626, -6.605792026280835, 0.0 ], [ 106.730013251810306, -6.605476516228084, 0.0 ], [ 106.730061559793342, -6.605234711012944, 0.0 ], [ 106.729996950698919, -6.605043111350408, 0.0 ], [ 106.729974654706751, -6.604976993193503, 0.0 ], [ 106.730047864017905, -6.60482929933254, 0.0 ], [ 106.73005151886268, -6.604702324952196, 0.0 ], [ 106.730059297998338, -6.604583527207843, 0.0 ], [ 106.730214816860467, -6.604550221715257, 0.0 ], [ 106.730247055757189, -6.60439857533385, 0.0 ], [ 106.730201762301618, -6.604329108101705, 0.0 ], [ 106.730119736037167, -6.604296628186681, 0.0 ], [ 106.729959936402139, -6.604276706404768, 0.0 ], [ 106.729873686021961, -6.604207381265539, 0.0 ], [ 106.729888972698149, -6.60389197103747, 0.0 ], [ 106.729969703938878, -6.603551760205431, 0.0 ], [ 106.729976000991797, -6.603522303811129, 0.0 ], [ 106.729989855047918, -6.603457492369227, 0.0 ], [ 106.730116151339473, -6.603264562609326, 0.0 ], [ 106.730196924848343, -6.602936638315029, 0.0 ], [ 106.730380317298, -6.602673886090784, 0.0 ], [ 106.730684935661429, -6.602536853692733, 0.0 ], [ 106.730719746619187, -6.602422989629133, 0.0 ], [ 106.730681419312262, -6.602303964356295, 0.0 ], [ 106.730778565878254, -6.602203423748811, 0.0 ], [ 106.730818718809019, -6.602067875232045, 0.0 ], [ 106.730801979727772, -6.601927107949503, 0.0 ], [ 106.730733982887173, -6.601843390959541, 0.0 ], [ 106.730573747080953, -6.601713955134727, 0.0 ], [ 106.730424343608689, -6.601584482437808, 0.0 ], [ 106.730231261863437, -6.60135495836446, 0.0 ], [ 106.730213045196052, -6.601328589342739, 0.0 ], [ 106.730165936009286, -6.601260398248634, 0.0 ], [ 106.730135723285144, -6.601138635439465, 0.0 ], [ 106.730123732624321, -6.600805570620452, 0.0 ], [ 106.73012456989315, -6.600266641092425, 0.0 ], [ 106.73014008589648, -6.600055349874303, 0.0 ], [ 106.730039694576419, -6.60000153534245, 0.0 ], [ 106.729909325255306, -6.5998936598643, 0.0 ], [ 106.729689057903926, -6.599634440177073, 0.0 ], [ 106.729714721857107, -6.59959078798428, 0.0 ], [ 106.729732136329204, -6.599561169712089, 0.0 ], [ 106.729813354103129, -6.599552762849594, 0.0 ], [ 106.729723522622649, -6.599420373651146, 0.0 ], [ 106.729736810105848, -6.599347208406794, 0.0 ], [ 106.729815141056022, -6.599287355826657, 0.0 ], [ 106.729828484297286, -6.599230437734374, 0.0 ], [ 106.729719356962917, -6.599000621381403, 0.0 ], [ 106.729735249782152, -6.598897656201732, 0.0 ], [ 106.729775675207392, -6.598840643680628, 0.0 ], [ 106.729484375803409, -6.598402930150939, 0.0 ], [ 106.729454285387121, -6.598316373101945, 0.0 ], [ 106.729467982061934, -6.598231191116479, 0.0 ], [ 106.7295320992272, -6.598107573005887, 0.0 ], [ 106.729731668681765, -6.597865853226406, 0.0 ], [ 106.729839508186913, -6.597724653369887, 0.0 ], [ 106.729942081262195, -6.597626802634728, 0.0 ], [ 106.730279999722342, -6.597489999563635, 0.0 ], [ 106.73033999979134, -6.597399999909861, 0.0 ], [ 106.730319999768369, -6.597270000210145, 0.0 ], [ 106.730296639878162, -6.597176560649611, 0.0 ], [ 106.730290000183516, -6.597150000072318, 0.0 ], [ 106.730300155328052, -6.597016221421317, 0.0 ], [ 106.730272589308726, -6.596953803974728, 0.0 ], [ 106.730185508854319, -6.59675663391134, 0.0 ], [ 106.730061567887233, -6.596563699654858, 0.0 ], [ 106.730046640040626, -6.596540462072511, 0.0 ], [ 106.729874285869784, -6.596040046910492, 0.0 ], [ 106.730054136789093, -6.595579032845968, 0.0 ], [ 106.730058603721787, -6.595305492354466, 0.0 ], [ 106.730031025111899, -6.595162054085382, 0.0 ], [ 106.7300359426048, -6.595018504300345, 0.0 ], [ 106.729975968616273, -6.594904967590001, 0.0 ], [ 106.730027227274917, -6.594847919095983, 0.0 ], [ 106.730111142115689, -6.594836795381678, 0.0 ], [ 106.730154464257296, -6.594833936436864, 0.0 ], [ 106.730227669071866, -6.594858056254118, 0.0 ], [ 106.730368333831706, -6.594811528928748, 0.0 ], [ 106.730454761378326, -6.594743524893634, 0.0 ], [ 106.730562599084834, -6.594602325936396, 0.0 ], [ 106.73062427638942, -6.594426080399121, 0.0 ], [ 106.730622862655139, -6.594018755860755, 0.0 ], [ 106.730621759186974, -6.593700717813746, 0.0 ], [ 106.7306209309114, -6.593461981085404, 0.0 ], [ 106.73056059989193, -6.593245535852645, 0.0 ], [ 106.730553742561398, -6.592855656363241, 0.0 ], [ 106.730515595118774, -6.592692045401396, 0.0 ], [ 106.730621963333107, -6.592683491050124, 0.0 ], [ 106.730864461026229, -6.592663991050198, 0.0 ], [ 106.731337828178454, -6.592554724320934, 0.0 ], [ 106.731342917441864, -6.592501989874791, 0.0 ], [ 106.731711712325833, -6.592437450028079, 0.0 ], [ 106.731727783210815, -6.592511197133923, 0.0 ], [ 106.732254946009107, -6.592509367013513, 0.0 ], [ 106.732265745967553, -6.59258313300505, 0.0 ], [ 106.732429167172484, -6.592582566432128, 0.0 ], [ 106.732740100575413, -6.592555128116508, 0.0 ], [ 106.732756300962663, -6.592665776204445, 0.0 ], [ 106.733230508980938, -6.592595596709252, 0.0 ], [ 106.733551804372482, -6.592515405961077, 0.0 ], [ 106.733677938785974, -6.592404263246046, 0.0 ], [ 106.73387827895958, -6.59240883809721, 0.0 ], [ 106.734151162046629, -6.592391895769225, 0.0 ], [ 106.734247163775777, -6.592370654681847, 0.0 ], [ 106.734429773815137, -6.592425862263553, 0.0 ], [ 106.734505749441013, -6.592448830948641, 0.0 ], [ 106.734526926676537, -6.592475115434073, 0.0 ], [ 106.734838191029851, -6.592542564587536, 0.0 ], [ 106.734858599345074, -6.592347442280513, 0.0 ], [ 106.734974538144598, -6.592336495732489, 0.0 ], [ 106.735016562564553, -6.592311497277628, 0.0 ], [ 106.735095987090261, -6.592394062235964, 0.0 ], [ 106.735264843797637, -6.592440918713329, 0.0 ], [ 106.735237900109198, -6.592272320111316, 0.0 ], [ 106.735263835657662, -6.592150981782154, 0.0 ], [ 106.735368700205555, -6.591987194553219, 0.0 ], [ 106.735405032816161, -6.591823648342512, 0.0 ], [ 106.735578318684659, -6.591850288959513, 0.0 ], [ 106.735874462736433, -6.591895818037443, 0.0 ], [ 106.736138393072594, -6.591995060923175, 0.0 ], [ 106.736275161070054, -6.591910238666401, 0.0 ], [ 106.736359121776175, -6.591799241641496, 0.0 ], [ 106.736521845107248, -6.591598352881558, 0.0 ], [ 106.736654039152739, -6.59171386899974, 0.0 ], [ 106.73696015938404, -6.591818236222515, 0.0 ] ] ] ] } },
{ "type": "Feature", "properties": { "PROVNO": "32", "KABKOTNO": "01", "KECNO": "060", "DESANO": "005", "PROVINSI": "JAWA BARAT", "KABKOT": "BOGOR", "KECAMATAN": "DRAMAGA", "ID2013": "3201060005", "DESA": "NEGLASARI", "DESA_1": "NEGLASARI", "ID2012": "3201060005", "IDKAB2": "3201", "IDKEC_2": "3201060", "WILAYAH": "TENGAH" }, "geometry": { "type": "MultiPolygon", "coordinates": [ [ [ [ 106.732254946009107, -6.592509367013513, 0.0 ], [ 106.731727783210815, -6.592511197133923, 0.0 ], [ 106.731711712325833, -6.592437450028079, 0.0 ], [ 106.731342917441864, -6.592501989874791, 0.0 ], [ 106.731337828178454, -6.592554724320934, 0.0 ], [ 106.730864461026229, -6.592663991050198, 0.0 ], [ 106.730621963333107, -6.592683491050124, 0.0 ], [ 106.730515595118774, -6.592692045401396, 0.0 ], [ 106.730553742561398, -6.592855656363241, 0.0 ], [ 106.729963976156711, -6.592881660260232, 0.0 ], [ 106.729166155194079, -6.592916838141463, 0.0 ], [ 106.727434899101468, -6.592957732113494, 0.0 ], [ 106.72713165310347, -6.592924137938407, 0.0 ], [ 106.725751674900025, -6.592771263982513, 0.0 ], [ 106.724803238179035, -6.592666192590571, 0.0 ], [ 106.724532187010951, -6.592685920118981, 0.0 ], [ 106.724231683945234, -6.592727224181907, 0.0 ], [ 106.724221123206462, -6.592778261607393, 0.0 ], [ 106.723581219597776, -6.592844716110626, 0.0 ], [ 106.723472460086157, -6.59285601069616, 0.0 ], [ 106.723453466404507, -6.592779657355177, 0.0 ], [ 106.723343625907816, -6.592774744358767, 0.0 ], [ 106.722309698733795, -6.592728494024627, 0.0 ], [ 106.721979459584617, -6.592760935268807, 0.0 ], [ 106.720033243039893, -6.592690714404839, 0.0 ], [ 106.720000449261448, -6.592521713805901, 0.0 ], [ 106.720122774146873, -6.591779438570047, 0.0 ], [ 106.720138416055264, -6.591600539133449, 0.0 ], [ 106.720080739834401, -6.59137717991273, 0.0 ], [ 106.719915814063754, -6.590698946299192, 0.0 ], [ 106.719875681817427, -6.590558785159697, 0.0 ], [ 106.719862329582995, -6.590512154412256, 0.0 ], [ 106.719886212878606, -6.590365742984474, 0.0 ], [ 106.719963175060656, -6.590288249303136, 0.0 ], [ 106.720263580999628, -6.590177467216165, 0.0 ], [ 106.720317923433555, -6.590164050230598, 0.0 ], [ 106.720564111944384, -6.59010326685209, 0.0 ], [ 106.720803785766321, -6.590061792817306, 0.0 ], [ 106.720966203327762, -6.590012456909236, 0.0 ], [ 106.721136498051152, -6.589889928777062, 0.0 ], [ 106.721611233072139, -6.58964847609619, 0.0 ], [ 106.722053730995071, -6.589488426449588, 0.0 ], [ 106.722236386899866, -6.589414631679738, 0.0 ], [ 106.722374191815703, -6.58930034493487, 0.0 ], [ 106.722397103843434, -6.589230809354198, 0.0 ], [ 106.722434530029687, -6.589117225879129, 0.0 ], [ 106.722421760555932, -6.588950618376224, 0.0 ], [ 106.722270303931538, -6.588642224658727, 0.0 ], [ 106.72145864060397, -6.587832086581393, 0.0 ], [ 106.721368363959044, -6.587584452860042, 0.0 ], [ 106.721376030679465, -6.587450291997268, 0.0 ], [ 106.721460980639861, -6.587332122878955, 0.0 ], [ 106.721338269046001, -6.586989823821146, 0.0 ], [ 106.72125577513404, -6.586759709792602, 0.0 ], [ 106.721185626215885, -6.586455100422342, 0.0 ], [ 106.721160200583, -6.586154401304469, 0.0 ], [ 106.721200206924181, -6.586045229903306, 0.0 ], [ 106.721200468626833, -6.586044515841607, 0.0 ], [ 106.721181254611395, -6.585186933130274, 0.0 ], [ 106.72135450630563, -6.584743284974461, 0.0 ], [ 106.721528848877384, -6.584616679316149, 0.0 ], [ 106.721684320974802, -6.584526133773885, 0.0 ], [ 106.72189393405796, -6.584404057101381, 0.0 ], [ 106.721974777713996, -6.584273707565416, 0.0 ], [ 106.721859385702231, -6.583814796115774, 0.0 ], [ 106.721776622893003, -6.583388289937488, 0.0 ], [ 106.721856682340245, -6.583030321092256, 0.0 ], [ 106.721904267268343, -6.582684658570006, 0.0 ], [ 106.721956308337127, -6.58245279266211, 0.0 ], [ 106.72203294586393, -6.582281811756054, 0.0 ], [ 106.722089640025033, -6.582220646165773, 0.0 ], [ 106.722341853993584, -6.582280746958737, 0.0 ], [ 106.722675612189875, -6.582413730608963, 0.0 ], [ 106.72310324701742, -6.582660202406245, 0.0 ], [ 106.723498491862102, -6.582943367442287, 0.0 ], [ 106.723628768553041, -6.583003888218677, 0.0 ], [ 106.723726177721147, -6.582962905213687, 0.0 ], [ 106.723774687152286, -6.582885507759819, 0.0 ], [ 106.723811814763593, -6.582796718593489, 0.0 ], [ 106.723851283310239, -6.582702333845472, 0.0 ], [ 106.723882775769638, -6.582405502711577, 0.0 ], [ 106.723784454689024, -6.582182284684492, 0.0 ], [ 106.723657555851631, -6.581922582960633, 0.0 ], [ 106.723571176868546, -6.581626159219702, 0.0 ], [ 106.723648207399037, -6.581568988417921, 0.0 ], [ 106.723700429231585, -6.5813899621768, 0.0 ], [ 106.723675481138756, -6.581227460079067, 0.0 ], [ 106.723569157890495, -6.581040851653821, 0.0 ], [ 106.723478398309581, -6.580961987405622, 0.0 ], [ 106.723373469909831, -6.580870809640018, 0.0 ], [ 106.722990533186703, -6.58062012002242, 0.0 ], [ 106.722807558022538, -6.580600426668184, 0.0 ], [ 106.722624652106163, -6.580601057992244, 0.0 ], [ 106.722258324062622, -6.580451927014721, 0.0 ], [ 106.722168536648852, -6.580532660054086, 0.0 ], [ 106.722107311703297, -6.580370594127452, 0.0 ], [ 106.722151919875387, -6.580117816283995, 0.0 ], [ 106.72235513338282, -6.579770866831893, 0.0 ], [ 106.722621684343409, -6.579253921231345, 0.0 ], [ 106.722563303054187, -6.579265312044349, 0.0 ], [ 106.722493913163731, -6.579245485590537, 0.0 ], [ 106.722528608108959, -6.579116619036576, 0.0 ], [ 106.722627736780808, -6.578759757256805, 0.0 ], [ 106.722771472725469, -6.578457415077512, 0.0 ], [ 106.723039119060246, -6.578303765905904, 0.0 ], [ 106.723122833352278, -6.578340971758259, 0.0 ], [ 106.72327931538824, -6.578318513888117, 0.0 ], [ 106.723592480908422, -6.57837434020351, 0.0 ], [ 106.723854787968222, -6.57829263679556, 0.0 ], [ 106.72401474408538, -6.578242814354187, 0.0 ], [ 106.724063181570685, -6.578145094920043, 0.0 ], [ 106.724181664552333, -6.578128335154378, 0.0 ], [ 106.724652259993974, -6.578061769135193, 0.0 ], [ 106.725107515699463, -6.578068327890865, 0.0 ], [ 106.725347224594955, -6.578039047763653, 0.0 ], [ 106.725400366433888, -6.577874149871956, 0.0 ], [ 106.725254639390201, -6.577832906063588, 0.0 ], [ 106.725279421108567, -6.577500826002183, 0.0 ], [ 106.725274464944818, -6.577139008058666, 0.0 ], [ 106.725497504006796, -6.576846579106146, 0.0 ], [ 106.725661066405266, -6.576752406598132, 0.0 ], [ 106.725839497295155, -6.576514499044741, 0.0 ], [ 106.725933668903892, -6.575954422858157, 0.0 ], [ 106.725983734162227, -6.575940611969457, 0.0 ], [ 106.726052623130187, -6.575404260797804, 0.0 ], [ 106.726126969184463, -6.57485409783817, 0.0 ], [ 106.72633018269191, -6.574546800394412, 0.0 ], [ 106.72678447972018, -6.574289245352229, 0.0 ], [ 106.726811435999167, -6.574375168379145, 0.0 ], [ 106.726810019566955, -6.574375789810674, 0.0 ], [ 106.726855233882176, -6.574521962018789, 0.0 ], [ 106.727237998834795, -6.574723874207269, 0.0 ], [ 106.727282876803514, -6.57477249515436, 0.0 ], [ 106.727287263696411, -6.574865967989876, 0.0 ], [ 106.727328190044048, -6.574947120113297, 0.0 ], [ 106.727388174824569, -6.575051609643925, 0.0 ], [ 106.727442698022259, -6.575149957704198, 0.0 ], [ 106.727552748061029, -6.575239001378677, 0.0 ], [ 106.727598894073907, -6.575330502900236, 0.0 ], [ 106.72760595195335, -6.575344499049187, 0.0 ], [ 106.72765080204303, -6.575384991024382, 0.0 ], [ 106.727675778014898, -6.57555562119482, 0.0 ], [ 106.727810580993719, -6.575750258767279, 0.0 ], [ 106.72792907027052, -6.575928695952395, 0.0 ], [ 106.727978756914297, -6.576192727911891, 0.0 ], [ 106.728044196082948, -6.576310377221919, 0.0 ], [ 106.728051450014547, -6.576417085379962, 0.0 ], [ 106.728052760326847, -6.576436353354822, 0.0 ], [ 106.728118705813785, -6.576700328657061, 0.0 ], [ 106.728115442174115, -6.576932026391749, 0.0 ], [ 106.728143406593162, -6.576966436251865, 0.0 ], [ 106.728303209825498, -6.577163064024063, 0.0 ], [ 106.728348776674906, -6.577410850630052, 0.0 ], [ 106.728240313040203, -6.577781111409067, 0.0 ], [ 106.728504506877684, -6.577780197697827, 0.0 ], [ 106.728683979182435, -6.577962487578617, 0.0 ], [ 106.728830596554985, -6.578047338613615, 0.0 ], [ 106.728981405667554, -6.578168757881677, 0.0 ], [ 106.729124297148786, -6.578351173667532, 0.0 ], [ 106.729320209060546, -6.57858624655784, 0.0 ], [ 106.729410036943818, -6.578703812230948, 0.0 ], [ 106.729451034337913, -6.578805287234015, 0.0 ], [ 106.729399220797603, -6.579102186716437, 0.0 ], [ 106.729306379286157, -6.579242027697276, 0.0 ], [ 106.729273786056609, -6.57937881997638, 0.0 ], [ 106.729151465667769, -6.579705510400782, 0.0 ], [ 106.729094997236515, -6.579950405686521, 0.0 ], [ 106.7289755097122, -6.579989751026041, 0.0 ], [ 106.728988322353359, -6.580168552436607, 0.0 ], [ 106.728997014300973, -6.580331109393036, 0.0 ], [ 106.729111312737103, -6.580472977445808, 0.0 ], [ 106.729118099021179, -6.580646204858311, 0.0 ], [ 106.729120228615812, -6.580700567976674, 0.0 ], [ 106.729108514046857, -6.580838807264957, 0.0 ], [ 106.728994721029707, -6.580843265204308, 0.0 ], [ 106.729019516237912, -6.580961054808689, 0.0 ], [ 106.72893449792889, -6.581058901047268, 0.0 ], [ 106.728918492694419, -6.581132121150315, 0.0 ], [ 106.7288376661256, -6.581266533823307, 0.0 ], [ 106.728890926675092, -6.581388290337156, 0.0 ], [ 106.728883232975008, -6.581514322228035, 0.0 ], [ 106.728891657823908, -6.581599650803085, 0.0 ], [ 106.728908169376666, -6.58167275759153, 0.0 ], [ 106.728863795927651, -6.581770462636563, 0.0 ], [ 106.728868170230001, -6.581859871435771, 0.0 ], [ 106.728884668293006, -6.581928913288539, 0.0 ], [ 106.728949882631113, -6.581981528124849, 0.0 ], [ 106.729051441271196, -6.581964917646612, 0.0 ], [ 106.729173419917572, -6.581976689772286, 0.0 ], [ 106.729279295303371, -6.582033229250008, 0.0 ], [ 106.729312191604521, -6.582142861104003, 0.0 ], [ 106.729418418625301, -6.582301015878969, 0.0 ], [ 106.72951640425886, -6.582426681745837, 0.0 ], [ 106.729517362936079, -6.582703699016381, 0.0 ], [ 106.729517656115078, -6.582788433139477, 0.0 ], [ 106.729506278791902, -6.583024222789504, 0.0 ], [ 106.729506740144103, -6.583040253204988, 0.0 ], [ 106.729515520225306, -6.583345299645718, 0.0 ], [ 106.729511806924521, -6.583446929332162, 0.0 ], [ 106.729597429577936, -6.583523861836529, 0.0 ], [ 106.729630735070515, -6.583751367831194, 0.0 ], [ 106.72947999970242, -6.583799999570186, 0.0 ], [ 106.729550000232507, -6.584059999868899, 0.0 ], [ 106.729519999748362, -6.58452999995939, 0.0 ], [ 106.729457338585433, -6.584651473186778, 0.0 ], [ 106.729366005237083, -6.584772517437578, 0.0 ], [ 106.729256415651236, -6.58481760674702, 0.0 ], [ 106.729158921946834, -6.584834203735337, 0.0 ], [ 106.729051500626468, -6.584884437166885, 0.0 ], [ 106.728992541972417, -6.584912007682888, 0.0 ], [ 106.728964596439155, -6.585058432600412, 0.0 ], [ 106.728981135870924, -6.585139669260212, 0.0 ], [ 106.728969350255511, -6.585257585668938, 0.0 ], [ 106.729092470141538, -6.585598592400945, 0.0 ], [ 106.729194830976809, -6.585813665268283, 0.0 ], [ 106.729354222319685, -6.586065122007625, 0.0 ], [ 106.7295091970919, -6.586214977838747, 0.0 ], [ 106.729668110894735, -6.5863282393566, 0.0 ], [ 106.729899919246094, -6.586364017984838, 0.0 ], [ 106.730038270050244, -6.586408250240385, 0.0 ], [ 106.730274199095163, -6.586460273322849, 0.0 ], [ 106.730601992088438, -6.58655168491217, 0.0 ], [ 106.730648507722634, -6.586564656733387, 0.0 ], [ 106.731090000203523, -6.586829999904378, 0.0 ], [ 106.731290000433404, -6.586950000042293, 0.0 ], [ 106.731460000179055, -6.587099999765069, 0.0 ], [ 106.731580000316882, -6.587279999971898, 0.0 ], [ 106.731721484359156, -6.587711236584184, 0.0 ], [ 106.731740833272994, -6.587855023790148, 0.0 ], [ 106.731800756000311, -6.588300339289024, 0.0 ], [ 106.731904176236952, -6.588820257148988, 0.0 ], [ 106.731864531423213, -6.589108986290473, 0.0 ], [ 106.731854015650512, -6.5891638449353, 0.0 ], [ 106.731779999647415, -6.589550000332114, 0.0 ], [ 106.731910000246501, -6.589900000284601, 0.0 ], [ 106.731779999647415, -6.590040000445487, 0.0 ], [ 106.731799999670471, -6.590150000122232, 0.0 ], [ 106.731819999693442, -6.590410000421034, 0.0 ], [ 106.73191814540624, -6.590502978629367, 0.0 ], [ 106.732032122784446, -6.590551360356791, 0.0 ], [ 106.732162177342758, -6.590546843062253, 0.0 ], [ 106.732300233169354, -6.590505717964348, 0.0 ], [ 106.732292612314382, -6.590652071835503, 0.0 ], [ 106.732301199940551, -6.590823872923259, 0.0 ], [ 106.732310083443821, -6.591001571765034, 0.0 ], [ 106.732286387207211, -6.591200822859591, 0.0 ], [ 106.732263312402111, -6.591578916733489, 0.0 ], [ 106.732252007024684, -6.591835030162354, 0.0 ], [ 106.732254946009107, -6.592509367013513, 0.0 ] ] ] ] } },
{ "type": "Feature", "properties": { "PROVNO": "32", "KABKOTNO": "01", "KECNO": "060", "DESANO": "006", "PROVINSI": "JAWA BARAT", "KABKOT": "BOGOR", "KECAMATAN": "DRAMAGA", "ID2013": "3201060006", "DESA": "SINAR SARI", "DESA_1": "SINAR SARI", "ID2012": "3201060006", "IDKAB2": "3201", "IDKEC_2": "3201060", "WILAYAH": "TENGAH" }, "geometry": { "type": "MultiPolygon", "coordinates": [ [ [ [ 106.739527990024868, -6.580229533665918, 0.0 ], [ 106.73947544893295, -6.580315075380252, 0.0 ], [ 106.739386311729021, -6.580396678064062, 0.0 ], [ 106.739406803681248, -6.580445381748792, 0.0 ], [ 106.73939658918141, -6.580507369319513, 0.0 ], [ 106.739435496551096, -6.580514381333415, 0.0 ], [ 106.739447959356028, -6.580591565648088, 0.0 ], [ 106.739418717000376, -6.58064809972986, 0.0 ], [ 106.739440509372187, -6.580786695149712, 0.0 ], [ 106.739501406065216, -6.580766160030151, 0.0 ], [ 106.739562444851146, -6.580786270669705, 0.0 ], [ 106.739586987349753, -6.580830896828296, 0.0 ], [ 106.739575133385898, -6.580928490357376, 0.0 ], [ 106.739559324203668, -6.580984357142174, 0.0 ], [ 106.739502227146289, -6.581001907411945, 0.0 ], [ 106.739488466619605, -6.581055399087212, 0.0 ], [ 106.739522832412931, -6.581083127883893, 0.0 ], [ 106.739571635023154, -6.5810910877833, 0.0 ], [ 106.739604264225605, -6.581123491255916, 0.0 ], [ 106.73961668386309, -6.581188481662927, 0.0 ], [ 106.739568715823779, -6.581420334080992, 0.0 ], [ 106.739468023230842, -6.581684886747965, 0.0 ], [ 106.73942638012349, -6.581704268037338, 0.0 ], [ 106.739338383260005, -6.581745222264015, 0.0 ], [ 106.739293700444065, -6.581815562737816, 0.0 ], [ 106.739237221220989, -6.581937698765596, 0.0 ], [ 106.739233879340262, -6.582047544658245, 0.0 ], [ 106.739225947319795, -6.582201940267165, 0.0 ], [ 106.739156079889383, -6.582349239325804, 0.0 ], [ 106.739165940955559, -6.582478544748884, 0.0 ], [ 106.739100443330997, -6.582564993879227, 0.0 ], [ 106.73897146616045, -6.58265806741575, 0.0 ], [ 106.739020650083077, -6.582775769785734, 0.0 ], [ 106.739114404406408, -6.582852671713315, 0.0 ], [ 106.739062470356899, -6.583112991271403, 0.0 ], [ 106.739014403392176, -6.583316390039187, 0.0 ], [ 106.738937911555496, -6.583528017603815, 0.0 ], [ 106.738958687693454, -6.583658014605511, 0.0 ], [ 106.738783890064639, -6.583736114429986, 0.0 ], [ 106.738711132213169, -6.583768622224042, 0.0 ], [ 106.738584933048358, -6.583712155591339, 0.0 ], [ 106.738604817058885, -6.583586083231054, 0.0 ], [ 106.738523539929588, -6.583590429654453, 0.0 ], [ 106.738377754430005, -6.583745393634857, 0.0 ], [ 106.738378263446307, -6.58389171962698, 0.0 ], [ 106.738398812055692, -6.583956683054328, 0.0 ], [ 106.738415734598703, -6.584147663083986, 0.0 ], [ 106.738517617893933, -6.584224536233165, 0.0 ], [ 106.738420563958016, -6.584367137233418, 0.0 ], [ 106.738465641576283, -6.5844726609844, 0.0 ], [ 106.738490283899665, -6.584545738994532, 0.0 ], [ 106.738454551136783, -6.584789742152743, 0.0 ], [ 106.738467084988159, -6.584887250246254, 0.0 ], [ 106.738637669293155, -6.584850074970774, 0.0 ], [ 106.738800576985199, -6.584942994723288, 0.0 ], [ 106.739020161751213, -6.584970683050386, 0.0 ], [ 106.738992201828836, -6.585122724234207, 0.0 ], [ 106.738984259915838, -6.58516591057813, 0.0 ], [ 106.738964532387428, -6.585336695431945, 0.0 ], [ 106.738880590567007, -6.585743451598827, 0.0 ], [ 106.738819919603728, -6.585829021192282, 0.0 ], [ 106.738796862785136, -6.586211178203119, 0.0 ], [ 106.738708093403957, -6.586398461119938, 0.0 ], [ 106.73860684682866, -6.586504494786407, 0.0 ], [ 106.738558680039176, -6.586679441702739, 0.0 ], [ 106.738502215205202, -6.586805642666107, 0.0 ], [ 106.73849850370317, -6.586907272352551, 0.0 ], [ 106.738393844200772, -6.587200291260267, 0.0 ], [ 106.73835362292148, -6.587322370630702, 0.0 ], [ 106.738435296651843, -6.587431831613557, 0.0 ], [ 106.738516814799269, -6.587496582800902, 0.0 ], [ 106.738570192260738, -6.58765085430332, 0.0 ], [ 106.73859524467494, -6.587841804655383, 0.0 ], [ 106.738657020005647, -6.588073274861586, 0.0 ], [ 106.738690626771202, -6.588386136410875, 0.0 ], [ 106.73864672276828, -6.588617974439828, 0.0 ], [ 106.738593526969851, -6.588800723874169, 0.0 ], [ 106.738554341709659, -6.588935337995263, 0.0 ], [ 106.738443815929571, -6.589456641710481, 0.0 ], [ 106.738487381787422, -6.589549333035141, 0.0 ], [ 106.738313680432171, -6.589858851804422, 0.0 ], [ 106.7382292053138, -6.589894936202203, 0.0 ], [ 106.738024219242476, -6.590069614221097, 0.0 ], [ 106.737961272095248, -6.590159451996982, 0.0 ], [ 106.737857419284637, -6.590613175257634, 0.0 ], [ 106.737794581854615, -6.590734642189791, 0.0 ], [ 106.737610497826424, -6.590856530904023, 0.0 ], [ 106.737573890023143, -6.59094100512311, 0.0 ], [ 106.737563641349141, -6.591025386712115, 0.0 ], [ 106.737543049572238, -6.591167794358057, 0.0 ], [ 106.737390706216274, -6.591321201611979, 0.0 ], [ 106.737364696923407, -6.591421454436421, 0.0 ], [ 106.737222565369251, -6.591479937349067, 0.0 ], [ 106.737154328409702, -6.591564521285456, 0.0 ], [ 106.737112632242372, -6.591701729051405, 0.0 ], [ 106.73696015938404, -6.591818236222515, 0.0 ], [ 106.736654039152739, -6.59171386899974, 0.0 ], [ 106.736521845107248, -6.591598352881558, 0.0 ], [ 106.736359121776175, -6.591799241641496, 0.0 ], [ 106.736275161070054, -6.591910238666401, 0.0 ], [ 106.736138393072594, -6.591995060923175, 0.0 ], [ 106.735874462736433, -6.591895818037443, 0.0 ], [ 106.735578318684659, -6.591850288959513, 0.0 ], [ 106.735405032816161, -6.591823648342512, 0.0 ], [ 106.735368700205555, -6.591987194553219, 0.0 ], [ 106.735263835657662, -6.592150981782154, 0.0 ], [ 106.735237900109198, -6.592272320111316, 0.0 ], [ 106.735264843797637, -6.592440918713329, 0.0 ], [ 106.735095987090261, -6.592394062235964, 0.0 ], [ 106.735016562564553, -6.592311497277628, 0.0 ], [ 106.734974538144598, -6.592336495732489, 0.0 ], [ 106.734858599345074, -6.592347442280513, 0.0 ], [ 106.734838191029851, -6.592542564587536, 0.0 ], [ 106.734526926676537, -6.592475115434073, 0.0 ], [ 106.734505749441013, -6.592448830948641, 0.0 ], [ 106.734429773815137, -6.592425862263553, 0.0 ], [ 106.734247163775777, -6.592370654681847, 0.0 ], [ 106.734151162046629, -6.592391895769225, 0.0 ], [ 106.73387827895958, -6.59240883809721, 0.0 ], [ 106.733677938785974, -6.592404263246046, 0.0 ], [ 106.733551804372482, -6.592515405961077, 0.0 ], [ 106.733230508980938, -6.592595596709252, 0.0 ], [ 106.732756300962663, -6.592665776204445, 0.0 ], [ 106.732740100575413, -6.592555128116508, 0.0 ], [ 106.732429167172484, -6.592582566432128, 0.0 ], [ 106.732265745967553, -6.59258313300505, 0.0 ], [ 106.732254946009107, -6.592509367013513, 0.0 ], [ 106.732252007024684, -6.591835030162354, 0.0 ], [ 106.732263312402111, -6.591578916733489, 0.0 ], [ 106.732286387207211, -6.591200822859591, 0.0 ], [ 106.732310083443821, -6.591001571765034, 0.0 ], [ 106.732301199940551, -6.590823872923259, 0.0 ], [ 106.732292612314382, -6.590652071835503, 0.0 ], [ 106.732300233169354, -6.590505717964348, 0.0 ], [ 106.732162177342758, -6.590546843062253, 0.0 ], [ 106.732032122784446, -6.590551360356791, 0.0 ], [ 106.73191814540624, -6.590502978629367, 0.0 ], [ 106.731819999693442, -6.590410000421034, 0.0 ], [ 106.731799999670471, -6.590150000122232, 0.0 ], [ 106.731779999647415, -6.590040000445487, 0.0 ], [ 106.731910000246501, -6.589900000284601, 0.0 ], [ 106.731779999647415, -6.589550000332114, 0.0 ], [ 106.731854015650512, -6.5891638449353, 0.0 ], [ 106.731864531423213, -6.589108986290473, 0.0 ], [ 106.731904176236952, -6.588820257148988, 0.0 ], [ 106.731800756000311, -6.588300339289024, 0.0 ], [ 106.731740833272994, -6.587855023790148, 0.0 ], [ 106.731721484359156, -6.587711236584184, 0.0 ], [ 106.731580000316882, -6.587279999971898, 0.0 ], [ 106.731460000179055, -6.587099999765069, 0.0 ], [ 106.731290000433404, -6.586950000042293, 0.0 ], [ 106.731090000203523, -6.586829999904378, 0.0 ], [ 106.730648507722634, -6.586564656733387, 0.0 ], [ 106.730601992088438, -6.58655168491217, 0.0 ], [ 106.730274199095163, -6.586460273322849, 0.0 ], [ 106.730038270050244, -6.586408250240385, 0.0 ], [ 106.729899919246094, -6.586364017984838, 0.0 ], [ 106.729668110894735, -6.5863282393566, 0.0 ], [ 106.7295091970919, -6.586214977838747, 0.0 ], [ 106.729354222319685, -6.586065122007625, 0.0 ], [ 106.729194830976809, -6.585813665268283, 0.0 ], [ 106.729092470141538, -6.585598592400945, 0.0 ], [ 106.728969350255511, -6.585257585668938, 0.0 ], [ 106.728981135870924, -6.585139669260212, 0.0 ], [ 106.728964596439155, -6.585058432600412, 0.0 ], [ 106.728992541972417, -6.584912007682888, 0.0 ], [ 106.729051500626468, -6.584884437166885, 0.0 ], [ 106.729158921946834, -6.584834203735337, 0.0 ], [ 106.729256415651236, -6.58481760674702, 0.0 ], [ 106.729366005237083, -6.584772517437578, 0.0 ], [ 106.729457338585433, -6.584651473186778, 0.0 ], [ 106.729519999748362, -6.58452999995939, 0.0 ], [ 106.729550000232507, -6.584059999868899, 0.0 ], [ 106.72947999970242, -6.583799999570186, 0.0 ], [ 106.729630735070515, -6.583751367831194, 0.0 ], [ 106.729597429577936, -6.583523861836529, 0.0 ], [ 106.729511806924521, -6.583446929332162, 0.0 ], [ 106.729515520225306, -6.583345299645718, 0.0 ], [ 106.729506740144103, -6.583040253204988, 0.0 ], [ 106.729506278791902, -6.583024222789504, 0.0 ], [ 106.729517656115078, -6.582788433139477, 0.0 ], [ 106.729517362936079, -6.582703699016381, 0.0 ], [ 106.72951640425886, -6.582426681745837, 0.0 ], [ 106.729418418625301, -6.582301015878969, 0.0 ], [ 106.729312191604521, -6.582142861104003, 0.0 ], [ 106.729279295303371, -6.582033229250008, 0.0 ], [ 106.729173419917572, -6.581976689772286, 0.0 ], [ 106.729051441271196, -6.581964917646612, 0.0 ], [ 106.728949882631113, -6.581981528124849, 0.0 ], [ 106.728884668293006, -6.581928913288539, 0.0 ], [ 106.728868170230001, -6.581859871435771, 0.0 ], [ 106.728863795927651, -6.581770462636563, 0.0 ], [ 106.728908169376666, -6.58167275759153, 0.0 ], [ 106.728891657823908, -6.581599650803085, 0.0 ], [ 106.728883232975008, -6.581514322228035, 0.0 ], [ 106.728890926675092, -6.581388290337156, 0.0 ], [ 106.7288376661256, -6.581266533823307, 0.0 ], [ 106.728918492694419, -6.581132121150315, 0.0 ], [ 106.72893449792889, -6.581058901047268, 0.0 ], [ 106.729019516237912, -6.580961054808689, 0.0 ], [ 106.728994721029707, -6.580843265204308, 0.0 ], [ 106.729108514046857, -6.580838807264957, 0.0 ], [ 106.729120228615812, -6.580700567976674, 0.0 ], [ 106.729118099021179, -6.580646204858311, 0.0 ], [ 106.729111312737103, -6.580472977445808, 0.0 ], [ 106.728997014300973, -6.580331109393036, 0.0 ], [ 106.728988322353359, -6.580168552436607, 0.0 ], [ 106.7289755097122, -6.579989751026041, 0.0 ], [ 106.729094997236515, -6.579950405686521, 0.0 ], [ 106.729151465667769, -6.579705510400782, 0.0 ], [ 106.729273786056609, -6.57937881997638, 0.0 ], [ 106.729306379286157, -6.579242027697276, 0.0 ], [ 106.729399220797603, -6.579102186716437, 0.0 ], [ 106.729451034337913, -6.578805287234015, 0.0 ], [ 106.729410036943818, -6.578703812230948, 0.0 ], [ 106.729320209060546, -6.57858624655784, 0.0 ], [ 106.729124297148786, -6.578351173667532, 0.0 ], [ 106.728981405667554, -6.578168757881677, 0.0 ], [ 106.728830596554985, -6.578047338613615, 0.0 ], [ 106.728683979182435, -6.577962487578617, 0.0 ], [ 106.728504506877684, -6.577780197697827, 0.0 ], [ 106.728240313040203, -6.577781111409067, 0.0 ], [ 106.728348776674906, -6.577410850630052, 0.0 ], [ 106.728303209825498, -6.577163064024063, 0.0 ], [ 106.728143406593162, -6.576966436251865, 0.0 ], [ 106.728115442174115, -6.576932026391749, 0.0 ], [ 106.728118705813785, -6.576700328657061, 0.0 ], [ 106.728052760326847, -6.576436353354822, 0.0 ], [ 106.728051450014547, -6.576417085379962, 0.0 ], [ 106.728044196082948, -6.576310377221919, 0.0 ], [ 106.727978756914297, -6.576192727911891, 0.0 ], [ 106.72792907027052, -6.575928695952395, 0.0 ], [ 106.727810580993719, -6.575750258767279, 0.0 ], [ 106.727675778014898, -6.57555562119482, 0.0 ], [ 106.72765080204303, -6.575384991024382, 0.0 ], [ 106.72760595195335, -6.575344499049187, 0.0 ], [ 106.727598894073907, -6.575330502900236, 0.0 ], [ 106.727552748061029, -6.575239001378677, 0.0 ], [ 106.727442698022259, -6.575149957704198, 0.0 ], [ 106.727388174824569, -6.575051609643925, 0.0 ], [ 106.727328190044048, -6.574947120113297, 0.0 ], [ 106.727287263696411, -6.574865967989876, 0.0 ], [ 106.727282876803514, -6.57477249515436, 0.0 ], [ 106.727237998834795, -6.574723874207269, 0.0 ], [ 106.726855233882176, -6.574521962018789, 0.0 ], [ 106.726810019566955, -6.574375789810674, 0.0 ], [ 106.726811435999167, -6.574375168379145, 0.0 ], [ 106.72678447972018, -6.574289245352229, 0.0 ], [ 106.726959647869677, -6.574189937715271, 0.0 ], [ 106.727395812766673, -6.5739520292626, 0.0 ], [ 106.727544504875169, -6.573619949201106, 0.0 ], [ 106.727566771189643, -6.573387751443462, 0.0 ], [ 106.727514891998837, -6.573343461631289, 0.0 ], [ 106.727406688268246, -6.573251088666634, 0.0 ], [ 106.727306597321771, -6.573253174194473, 0.0 ], [ 106.727133122595717, -6.573163958749575, 0.0 ], [ 106.7271132970412, -6.572901267679168, 0.0 ], [ 106.727207468649922, -6.571850506995105, 0.0 ], [ 106.727281787724465, -6.571873479277492, 0.0 ], [ 106.72727686663427, -6.571854079102337, 0.0 ], [ 106.727288892368719, -6.571805261203636, 0.0 ], [ 106.727378071840704, -6.571735854226137, 0.0 ], [ 106.727483749375693, -6.571735489101407, 0.0 ], [ 106.72760991616488, -6.571783830359337, 0.0 ], [ 106.727711527864827, -6.571783478724438, 0.0 ], [ 106.727788724769965, -6.571775082653843, 0.0 ], [ 106.727951963412565, -6.571965559063155, 0.0 ], [ 106.728017655290728, -6.572156371818973, 0.0 ], [ 106.728058987232686, -6.572355398982346, 0.0 ], [ 106.728148616365687, -6.572416059153632, 0.0 ], [ 106.728181286937001, -6.57246065833256, 0.0 ], [ 106.728226010222343, -6.57246456768549, 0.0 ], [ 106.728323726059273, -6.57251300696954, 0.0 ], [ 106.72840000026001, -6.572560000143692, 0.0 ], [ 106.728482478883407, -6.572581557792514, 0.0 ], [ 106.728551617863019, -6.57259351337979, 0.0 ], [ 106.728580055325537, -6.572589350417992, 0.0 ], [ 106.728628759010178, -6.572568857566576, 0.0 ], [ 106.728701587908105, -6.572566951003846, 0.0 ], [ 106.728857956629554, -6.572410583181689, 0.0 ], [ 106.728877783083448, -6.572177630892764, 0.0 ], [ 106.728884377811937, -6.572032528878005, 0.0 ], [ 106.728858862246824, -6.572025408045992, 0.0 ], [ 106.728749560444015, -6.571322075253452, 0.0 ], [ 106.728835100359788, -6.5707565572691, 0.0 ], [ 106.728972915168058, -6.570162526279368, 0.0 ], [ 106.729110730875703, -6.569744328038176, 0.0 ], [ 106.729234060303796, -6.569797584091077, 0.0 ], [ 106.729357961700757, -6.569517834680152, 0.0 ], [ 106.729496518449764, -6.56962303827239, 0.0 ], [ 106.729497108404956, -6.569793752079836, 0.0 ], [ 106.729652104760987, -6.569951738681681, 0.0 ], [ 106.729778144745737, -6.569963497317346, 0.0 ], [ 106.730002224323385, -6.570117179763848, 0.0 ], [ 106.730258978968934, -6.570261297920368, 0.0 ], [ 106.731146572056844, -6.570759506146153, 0.0 ], [ 106.731322623340617, -6.571128782167381, 0.0 ], [ 106.731360813950587, -6.571176186331797, 0.0 ], [ 106.731436919978023, -6.571270650220153, 0.0 ], [ 106.731498492061903, -6.571445217622554, 0.0 ], [ 106.731560387002446, -6.571713272249582, 0.0 ], [ 106.731654882367053, -6.572005601377242, 0.0 ], [ 106.73174490540319, -6.572180069854241, 0.0 ], [ 106.731831384211205, -6.572504943648063, 0.0 ], [ 106.731970110931996, -6.572658921072119, 0.0 ], [ 106.73206356578109, -6.572650468344268, 0.0 ], [ 106.732177778781661, -6.572767947682436, 0.0 ], [ 106.732235117756659, -6.572893753843481, 0.0 ], [ 106.732271712070002, -6.572897691974724, 0.0 ], [ 106.732308476355314, -6.572950405736524, 0.0 ], [ 106.73232989640772, -6.573267375388916, 0.0 ], [ 106.732281247581682, -6.573304126184301, 0.0 ], [ 106.732135784938677, -6.573552573792121, 0.0 ], [ 106.732140357092007, -6.573698886294412, 0.0 ], [ 106.732047689149709, -6.573934958331531, 0.0 ], [ 106.732064553236725, -6.574109680417308, 0.0 ], [ 106.732263628064189, -6.57408460192265, 0.0 ], [ 106.732337098178718, -6.574173770602911, 0.0 ], [ 106.732357829350519, -6.574291573697035, 0.0 ], [ 106.732453448867801, -6.574394645895989, 0.0 ], [ 106.732589730331952, -6.574355805975554, 0.0 ], [ 106.732862261784121, -6.57441583212476, 0.0 ], [ 106.732837864975636, -6.575586538987412, 0.0 ], [ 106.732891957398081, -6.575948106919451, 0.0 ], [ 106.733063708123808, -6.576248297021117, 0.0 ], [ 106.733083352914591, -6.576297253415344, 0.0 ], [ 106.733182606592223, -6.576544604749515, 0.0 ], [ 106.733350082840204, -6.576783839702252, 0.0 ], [ 106.733502231043303, -6.577291394582065, 0.0 ], [ 106.733543214048296, -6.577388804649456, 0.0 ], [ 106.733539854181146, -6.577592049633232, 0.0 ], [ 106.733674462007016, -6.577729781703869, 0.0 ], [ 106.733702677336822, -6.577764802203703, 0.0 ], [ 106.733756105160325, -6.57783111461411, 0.0 ], [ 106.733902512091433, -6.577854995211698, 0.0 ], [ 106.733824054336822, -6.578672264013576, 0.0 ], [ 106.73382936843079, -6.57873346557686, 0.0 ], [ 106.733840988570932, -6.578867308978911, 0.0 ], [ 106.733817108872628, -6.579013720406692, 0.0 ], [ 106.733843197305902, -6.579236852998207, 0.0 ], [ 106.733863187436341, -6.579407832105613, 0.0 ], [ 106.733871752579518, -6.579533807339235, 0.0 ], [ 106.733828439431164, -6.579936359175456, 0.0 ], [ 106.733873515250679, -6.580041883825718, 0.0 ], [ 106.733942795423843, -6.580094484272916, 0.0 ], [ 106.734036476902048, -6.580151064220132, 0.0 ], [ 106.734075541653141, -6.580168264653565, 0.0 ], [ 106.734439485593981, -6.58032851125169, 0.0 ], [ 106.734610534848485, -6.580425468960041, 0.0 ], [ 106.734720574095348, -6.580510445000911, 0.0 ], [ 106.73483860022138, -6.580554747403458, 0.0 ], [ 106.734997229838456, -6.580586712906324, 0.0 ], [ 106.735102978419917, -6.580606668862501, 0.0 ], [ 106.735196406289262, -6.580590086263296, 0.0 ], [ 106.735228682957541, -6.58052087533795, 0.0 ], [ 106.735212644448168, -6.580405211730991, 0.0 ], [ 106.735207837571849, -6.580370554557327, 0.0 ], [ 106.735154505076537, -6.580228476962482, 0.0 ], [ 106.735210858394552, -6.580069760111176, 0.0 ], [ 106.735222656600513, -6.579955908638127, 0.0 ], [ 106.735205919317849, -6.579817768275245, 0.0 ], [ 106.735164399417712, -6.579565904143028, 0.0 ], [ 106.735050338402587, -6.579493136399019, 0.0 ], [ 106.734927964953783, -6.57936755596781, 0.0 ], [ 106.734874886966622, -6.579298640919387, 0.0 ], [ 106.734902788433104, -6.579140022993482, 0.0 ], [ 106.735040601442819, -6.579029799385552, 0.0 ], [ 106.735438048727147, -6.578776410003186, 0.0 ], [ 106.735449555552776, -6.578684109883639, 0.0 ], [ 106.73545782122163, -6.578617819956225, 0.0 ], [ 106.735526551009713, -6.578511899604358, 0.0 ], [ 106.735632002814867, -6.578446500005821, 0.0 ], [ 106.735550359661559, -6.578345167095581, 0.0 ], [ 106.735776510377846, -6.578355358213042, 0.0 ], [ 106.735969075012932, -6.578364035771447, 0.0 ], [ 106.736554619100545, -6.578435165850074, 0.0 ], [ 106.736790882693242, -6.578584738394824, 0.0 ], [ 106.736844428327828, -6.578787784628428, 0.0 ], [ 106.737344955905172, -6.578956760945545, 0.0 ], [ 106.737252108098488, -6.579139993315888, 0.0 ], [ 106.737252376995826, -6.579217220797986, 0.0 ], [ 106.73714723635608, -6.579372042685474, 0.0 ], [ 106.737196362722173, -6.579473488010859, 0.0 ], [ 106.737196828570944, -6.579607620095409, 0.0 ], [ 106.737315251297957, -6.579765729904388, 0.0 ], [ 106.73742087217569, -6.579749105037038, 0.0 ], [ 106.737489587574572, -6.579639119749405, 0.0 ], [ 106.737619948801722, -6.579724024743729, 0.0 ], [ 106.737543188967138, -6.579858424826259, 0.0 ], [ 106.73766561997256, -6.580000262302157, 0.0 ], [ 106.737791917163406, -6.580085180786313, 0.0 ], [ 106.737780020032034, -6.58017058040782, 0.0 ], [ 106.737824913289231, -6.580223263592568, 0.0 ], [ 106.737748336916439, -6.580410505140524, 0.0 ], [ 106.737890990976638, -6.580523818819053, 0.0 ], [ 106.738086301242021, -6.580584110268308, 0.0 ], [ 106.738277333432364, -6.580583444769985, 0.0 ], [ 106.738378267942892, -6.580387990613126, 0.0 ], [ 106.738484002135223, -6.580403881633714, 0.0 ], [ 106.738540396822003, -6.5802573577907, 0.0 ], [ 106.738564542719644, -6.580188174744297, 0.0 ], [ 106.738649757080807, -6.580147232208802, 0.0 ], [ 106.738828624141888, -6.580154738849977, 0.0 ], [ 106.738946623288157, -6.580190911381258, 0.0 ], [ 106.739084873368341, -6.580206688187964, 0.0 ], [ 106.739100919072314, -6.580145662891859, 0.0 ], [ 106.739149368248974, -6.580052006594652, 0.0 ], [ 106.739527990024868, -6.580229533665918, 0.0 ] ] ] ] } },
{ "type": "Feature", "properties": { "PROVNO": "32", "KABKOTNO": "01", "KECNO": "060", "DESANO": "007", "PROVINSI": "JAWA BARAT", "KABKOT": "BOGOR", "KECAMATAN": "DRAMAGA", "ID2013": "3201060007", "DESA": "CIHERANG", "DESA_1": "CIHERANG", "ID2012": "3201060007", "IDKAB2": "3201", "IDKEC_2": "3201060", "WILAYAH": "TENGAH" }, "geometry": { "type": "MultiPolygon", "coordinates": [ [ [ [ 106.751604667421645, -6.573539260228536, 0.0 ], [ 106.751773578987624, -6.573744602431333, 0.0 ], [ 106.751907720964709, -6.573927701701923, 0.0 ], [ 106.751933907424103, -6.573963445256616, 0.0 ], [ 106.751904442935924, -6.573961657404439, 0.0 ], [ 106.75175500439012, -6.574012053613245, 0.0 ], [ 106.751582707775896, -6.574108567955896, 0.0 ], [ 106.75142816827551, -6.574266791978669, 0.0 ], [ 106.751379944828756, -6.574316164759022, 0.0 ], [ 106.751278045345686, -6.574391180808128, 0.0 ], [ 106.751239109197684, -6.574493484086865, 0.0 ], [ 106.751239467127903, -6.574595648869987, 0.0 ], [ 106.751279103847764, -6.574693746019413, 0.0 ], [ 106.751346313781568, -6.574811395329441, 0.0 ], [ 106.751461071771246, -6.574883871693107, 0.0 ], [ 106.751492083093382, -6.574920909372253, 0.0 ], [ 106.751599468440844, -6.575289903006478, 0.0 ], [ 106.751642799575706, -6.575321186823171, 0.0 ], [ 106.751745003029669, -6.575332617206389, 0.0 ], [ 106.751835542276609, -6.575379452999144, 0.0 ], [ 106.751867140856092, -6.57542649563613, 0.0 ], [ 106.751941935671951, -6.575465528910875, 0.0 ], [ 106.751930340712818, -6.575520581809293, 0.0 ], [ 106.751985391812596, -6.575532176768419, 0.0 ], [ 106.752048769735055, -6.575677345333055, 0.0 ], [ 106.752052864348414, -6.575724485096792, 0.0 ], [ 106.752088571930287, -6.575822595736049, 0.0 ], [ 106.752179056318624, -6.575853714976834, 0.0 ], [ 106.752245937100511, -6.575877056880532, 0.0 ], [ 106.752309054219694, -6.575947566426823, 0.0 ], [ 106.752310869051527, -6.575999810742541, 0.0 ], [ 106.752322162737784, -6.576324748388309, 0.0 ], [ 106.752322686143188, -6.576474066424822, 0.0 ], [ 106.752354980797875, -6.576504852916489, 0.0 ], [ 106.752421249141491, -6.576568027592291, 0.0 ], [ 106.752445237657724, -6.576685827089115, 0.0 ], [ 106.752446380696099, -6.577011968027726, 0.0 ], [ 106.752411553550488, -6.577165339308824, 0.0 ], [ 106.752435501597319, -6.57727135139158, 0.0 ], [ 106.752341309304157, -6.577303117244906, 0.0 ], [ 106.752365187203822, -6.577389480939679, 0.0 ], [ 106.752404782554819, -6.577475789775669, 0.0 ], [ 106.752345981282161, -6.577515290697935, 0.0 ], [ 106.752409360104082, -6.57766045926266, 0.0 ], [ 106.75248400293458, -6.577656268421919, 0.0 ], [ 106.752559872440287, -6.578001794247292, 0.0 ], [ 106.752726005101238, -6.578315567709083, 0.0 ], [ 106.752788971134251, -6.578342854039345, 0.0 ], [ 106.752922595101879, -6.578350243768529, 0.0 ], [ 106.752938666886138, -6.578422257880714, 0.0 ], [ 106.752958523916917, -6.578511226012065, 0.0 ], [ 106.752967319286498, -6.578778398404186, 0.0 ], [ 106.753172154271653, -6.578923069643796, 0.0 ], [ 106.75324280231365, -6.579030020618806, 0.0 ], [ 106.753405224371761, -6.579275904259454, 0.0 ], [ 106.753499816863197, -6.579358089703948, 0.0 ], [ 106.753464906080751, -6.57939389980843, 0.0 ], [ 106.753142952385502, -6.57955974378698, 0.0 ], [ 106.753060490849151, -6.579575750820101, 0.0 ], [ 106.753048965137822, -6.579650451207222, 0.0 ], [ 106.753053349332788, -6.579780108265201, 0.0 ], [ 106.752915850186497, -6.579788448577819, 0.0 ], [ 106.7527785156162, -6.579843943043375, 0.0 ], [ 106.752664538238008, -6.579836484066295, 0.0 ], [ 106.752566181184477, -6.57980146356655, 0.0 ], [ 106.752516350649216, -6.579866362242672, 0.0 ], [ 106.752203479207395, -6.579899469884456, 0.0 ], [ 106.752249391396475, -6.579806834317772, 0.0 ], [ 106.752153274554161, -6.579782272933379, 0.0 ], [ 106.752071047740898, -6.579661631578873, 0.0 ], [ 106.751914631355277, -6.579683521077442, 0.0 ], [ 106.751857177267127, -6.579527225201112, 0.0 ], [ 106.751806661448398, -6.57932110958134, 0.0 ], [ 106.751734331674228, -6.578979914891061, 0.0 ], [ 106.751584766324072, -6.578927087814659, 0.0 ], [ 106.751357166800048, -6.57893499915069, 0.0 ], [ 106.751300123701895, -6.578896074693965, 0.0 ], [ 106.751044134379441, -6.578921869048884, 0.0 ], [ 106.750738039329249, -6.578858919203547, 0.0 ], [ 106.750759776842457, -6.578972659160733, 0.0 ], [ 106.750817330755382, -6.579157408687344, 0.0 ], [ 106.75082504244196, -6.57932810630685, 0.0 ], [ 106.750840739208869, -6.57974774796001, 0.0 ], [ 106.750837668024133, -6.579886471982945, 0.0 ], [ 106.75087035118591, -6.580078422381099, 0.0 ], [ 106.750848216172443, -6.580356076371654, 0.0 ], [ 106.750914488113366, -6.580494408290107, 0.0 ], [ 106.750966263882191, -6.580640947421603, 0.0 ], [ 106.751009678653972, -6.580763820893445, 0.0 ], [ 106.750939369656322, -6.580891255726709, 0.0 ], [ 106.750858001695605, -6.580983847226598, 0.0 ], [ 106.750751380771774, -6.58102312781498, 0.0 ], [ 106.75064756573272, -6.581090468150421, 0.0 ], [ 106.750585838066186, -6.581199894059733, 0.0 ], [ 106.750473606272109, -6.581309320868325, 0.0 ], [ 106.750459576848172, -6.581407524137752, 0.0 ], [ 106.750507275990145, -6.581536591240535, 0.0 ], [ 106.750720516938514, -6.581738608649648, 0.0 ], [ 106.750874836104927, -6.581808753970666, 0.0 ], [ 106.750930952901385, -6.581935016087961, 0.0 ], [ 106.750919729362224, -6.582064083190744, 0.0 ], [ 106.750923555078231, -6.582064465402606, 0.0 ], [ 106.750905699938286, -6.582075305830539, 0.0 ], [ 106.750852389926052, -6.582367109754141, 0.0 ], [ 106.75077663283551, -6.582496176856925, 0.0 ], [ 106.75065317840162, -6.582630855729246, 0.0 ], [ 106.750641953963182, -6.5827346707683, 0.0 ], [ 106.750782244605134, -6.583020862922364, 0.0 ], [ 106.750936563771546, -6.583225687115615, 0.0 ], [ 106.750940629606504, -6.58322609270984, 0.0 ], [ 106.750930952901385, -6.583262161819139, 0.0 ], [ 106.751029156170816, -6.583391228921922, 0.0 ], [ 106.751088077952573, -6.583438928063892, 0.0 ], [ 106.751187908095659, -6.583423954351844, 0.0 ], [ 106.751202238792473, -6.583441947987314, 0.0 ], [ 106.751568476004493, -6.583412210105291, 0.0 ], [ 106.751643339168965, -6.583439493737533, 0.0 ], [ 106.751609958133244, -6.583458569257363, 0.0 ], [ 106.751699743748361, -6.583722315232468, 0.0 ], [ 106.751534201042688, -6.583868216744673, 0.0 ], [ 106.751601539579568, -6.584061817398759, 0.0 ], [ 106.751638016081742, -6.58421613656536, 0.0 ], [ 106.751522978402903, -6.584440601052712, 0.0 ], [ 106.75148369691523, -6.584488300194682, 0.0 ], [ 106.751413550694934, -6.58474362761611, 0.0 ], [ 106.751329376849441, -6.584962481233294, 0.0 ], [ 106.751390001047895, -6.584981004569581, 0.0 ], [ 106.751381940424352, -6.584988505814717, 0.0 ], [ 106.751374939202265, -6.585020540565303, 0.0 ], [ 106.751236228669157, -6.585021027098517, 0.0 ], [ 106.751015927143513, -6.585082264634625, 0.0 ], [ 106.750656690254218, -6.585079966866871, 0.0 ], [ 106.750496788995846, -6.585123208968771, 0.0 ], [ 106.750422287358816, -6.585143057905576, 0.0 ], [ 106.749725700380935, -6.585328645600299, 0.0 ], [ 106.749751445273105, -6.585570414842614, 0.0 ], [ 106.749584305371542, -6.585578113938642, 0.0 ], [ 106.749599404089366, -6.585827033690475, 0.0 ], [ 106.749496211381214, -6.585813167943169, 0.0 ], [ 106.749347360992047, -6.58582499762538, 0.0 ], [ 106.749302758215904, -6.585828542752861, 0.0 ], [ 106.749215307240831, -6.585835492713645, 0.0 ], [ 106.748916633396149, -6.585861436355991, 0.0 ], [ 106.74891820720967, -6.585875721187442, 0.0 ], [ 106.748787316281792, -6.585851922428123, 0.0 ], [ 106.748781703612892, -6.586174590184992, 0.0 ], [ 106.748641413870303, -6.586547762069408, 0.0 ], [ 106.748430978806795, -6.586777838326476, 0.0 ], [ 106.748240184037485, -6.586856401301713, 0.0 ], [ 106.748111116934695, -6.587106117852883, 0.0 ], [ 106.748127951344031, -6.587254826149138, 0.0 ], [ 106.748202536617995, -6.587266966996754, 0.0 ], [ 106.748259824331583, -6.587198709352773, 0.0 ], [ 106.748672277703662, -6.587086476659412, 0.0 ], [ 106.748969694296179, -6.586929351608131, 0.0 ], [ 106.749432651795615, -6.586665605633026, 0.0 ], [ 106.749512847939741, -6.58669590289346, 0.0 ], [ 106.749534818377398, -6.586680882416598, 0.0 ], [ 106.749627682371752, -6.586714626778392, 0.0 ], [ 106.749606612155603, -6.586777838326476, 0.0 ], [ 106.749637475988877, -6.587019138122532, 0.0 ], [ 106.74942423414123, -6.587285689083124, 0.0 ], [ 106.749146458742274, -6.58759152243066, 0.0 ], [ 106.749121206678552, -6.587712171879048, 0.0 ], [ 106.749163294050987, -6.587765481891363, 0.0 ], [ 106.749243704233763, -6.587746184238821, 0.0 ], [ 106.749246945390354, -6.587759586835276, 0.0 ], [ 106.749520985005617, -6.58780842182102, 0.0 ], [ 106.749798457333128, -6.587821676029328, 0.0 ], [ 106.750381681169813, -6.587798290958204, 0.0 ], [ 106.750812789179022, -6.588010184722073, 0.0 ], [ 106.750934253413249, -6.588162698949276, 0.0 ], [ 106.751008690298974, -6.588410390227164, 0.0 ], [ 106.751031418865111, -6.588486023211217, 0.0 ], [ 106.751071828102582, -6.588852227148347, 0.0 ], [ 106.750986953685128, -6.588991238055044, 0.0 ], [ 106.75086644992686, -6.589112589873949, 0.0 ], [ 106.750824280716159, -6.589258565130542, 0.0 ], [ 106.750910178562066, -6.58941120436344, 0.0 ], [ 106.751066778409296, -6.589525763602957, 0.0 ], [ 106.75199751557308, -6.589670154254037, 0.0 ], [ 106.752108866031534, -6.589687428431947, 0.0 ], [ 106.7520969563097, -6.589724859114767, 0.0 ], [ 106.752470847651679, -6.589979313294538, 0.0 ], [ 106.752491620192345, -6.59023376657494, 0.0 ], [ 106.752387761086496, -6.590503800609717, 0.0 ], [ 106.752148884963248, -6.590846534939523, 0.0 ], [ 106.75189443078348, -6.591272356733704, 0.0 ], [ 106.751858080186466, -6.591568355095347, 0.0 ], [ 106.751889238098002, -6.591999368675729, 0.0 ], [ 106.752039833171921, -6.59232133226352, 0.0 ], [ 106.752124559201235, -6.592419295414, 0.0 ], [ 106.751972105228674, -6.592412707880015, 0.0 ], [ 106.751617070871291, -6.592397367244498, 0.0 ], [ 106.751359558097334, -6.592378010236857, 0.0 ], [ 106.751127714672435, -6.59236058227485, 0.0 ], [ 106.749974090432119, -6.592330366852774, 0.0 ], [ 106.749062703980755, -6.592325071644591, 0.0 ], [ 106.748933797856665, -6.592324323408629, 0.0 ], [ 106.748748212859965, -6.592323245121481, 0.0 ], [ 106.748611350433592, -6.592377021881859, 0.0 ], [ 106.747876568349085, -6.592368176150245, 0.0 ], [ 106.747747024605701, -6.592338173867454, 0.0 ], [ 106.746848583895172, -6.592341319696029, 0.0 ], [ 106.746302630662058, -6.592323138102198, 0.0 ], [ 106.746227970744428, -6.592320650577435, 0.0 ], [ 106.74524188930198, -6.592301260294811, 0.0 ], [ 106.744674598753932, -6.592288015978944, 0.0 ], [ 106.744392976954444, -6.592315649447524, 0.0 ], [ 106.744259746890037, -6.592319922126535, 0.0 ], [ 106.744107188596047, -6.592240509291916, 0.0 ], [ 106.743943502990447, -6.592244888090928, 0.0 ], [ 106.743532968771646, -6.592267236243767, 0.0 ], [ 106.742817513117899, -6.592245347644479, 0.0 ], [ 106.742545326106125, -6.592286944886396, 0.0 ], [ 106.742301822071596, -6.592237159317307, 0.0 ], [ 106.742138182331431, -6.592174470275438, 0.0 ], [ 106.741758571301176, -6.592159981297954, 0.0 ], [ 106.741611205692749, -6.592229026748022, 0.0 ], [ 106.741482653002208, -6.592216834639011, 0.0 ], [ 106.741289527190077, -6.592198519945516, 0.0 ], [ 106.740660664558234, -6.592169621130974, 0.0 ], [ 106.740329929882506, -6.592154422588372, 0.0 ], [ 106.740292807667146, -6.592091292878735, 0.0 ], [ 106.740060397669325, -6.591960312018621, 0.0 ], [ 106.739944550600683, -6.591997617695746, 0.0 ], [ 106.739855228136406, -6.592082275376523, 0.0 ], [ 106.739785027057508, -6.592174638448647, 0.0 ], [ 106.738720068776303, -6.592170221878071, 0.0 ], [ 106.738427360134708, -6.592154982866063, 0.0 ], [ 106.738179076203522, -6.592151376584567, 0.0 ], [ 106.73817334572351, -6.592019606119806, 0.0 ], [ 106.738220055611208, -6.591808576604343, 0.0 ], [ 106.737655773295486, -6.591747283310347, 0.0 ], [ 106.73757666173374, -6.591737014851198, 0.0 ], [ 106.73748693457452, -6.591705697759611, 0.0 ], [ 106.737397281159787, -6.591695467072025, 0.0 ], [ 106.737349965128971, -6.591732532630115, 0.0 ], [ 106.737194561380079, -6.59187715620563, 0.0 ], [ 106.737065435821378, -6.591844698773688, 0.0 ], [ 106.73696015938404, -6.591818236222515, 0.0 ], [ 106.737112632242372, -6.591701729051405, 0.0 ], [ 106.737154328409702, -6.591564521285456, 0.0 ], [ 106.737222565369251, -6.591479937349067, 0.0 ], [ 106.737364696923407, -6.591421454436421, 0.0 ], [ 106.737390706216274, -6.591321201611979, 0.0 ], [ 106.737543049572238, -6.591167794358057, 0.0 ], [ 106.737563641349141, -6.591025386712115, 0.0 ], [ 106.737573890023143, -6.59094100512311, 0.0 ], [ 106.737610497826424, -6.590856530904023, 0.0 ], [ 106.737794581854615, -6.590734642189791, 0.0 ], [ 106.737857419284637, -6.590613175257634, 0.0 ], [ 106.737961272095248, -6.590159451996982, 0.0 ], [ 106.738024219242476, -6.590069614221097, 0.0 ], [ 106.7382292053138, -6.589894936202203, 0.0 ], [ 106.738313680432171, -6.589858851804422, 0.0 ], [ 106.738487381787422, -6.589549333035141, 0.0 ], [ 106.738443815929571, -6.589456641710481, 0.0 ], [ 106.738554341709659, -6.588935337995263, 0.0 ], [ 106.738593526969851, -6.588800723874169, 0.0 ], [ 106.73864672276828, -6.588617974439828, 0.0 ], [ 106.738690626771202, -6.588386136410875, 0.0 ], [ 106.738657020005647, -6.588073274861586, 0.0 ], [ 106.73859524467494, -6.587841804655383, 0.0 ], [ 106.738570192260738, -6.58765085430332, 0.0 ], [ 106.738516814799269, -6.587496582800902, 0.0 ], [ 106.738435296651843, -6.587431831613557, 0.0 ], [ 106.73835362292148, -6.587322370630702, 0.0 ], [ 106.738393844200772, -6.587200291260267, 0.0 ], [ 106.73849850370317, -6.586907272352551, 0.0 ], [ 106.738502215205202, -6.586805642666107, 0.0 ], [ 106.738558680039176, -6.586679441702739, 0.0 ], [ 106.73860684682866, -6.586504494786407, 0.0 ], [ 106.738708093403957, -6.586398461119938, 0.0 ], [ 106.738796862785136, -6.586211178203119, 0.0 ], [ 106.738819919603728, -6.585829021192282, 0.0 ], [ 106.738880590567007, -6.585743451598827, 0.0 ], [ 106.738964532387428, -6.585336695431945, 0.0 ], [ 106.738984259915838, -6.58516591057813, 0.0 ], [ 106.738992201828836, -6.585122724234207, 0.0 ], [ 106.739020161751213, -6.584970683050386, 0.0 ], [ 106.738800576985199, -6.584942994723288, 0.0 ], [ 106.738637669293155, -6.584850074970774, 0.0 ], [ 106.738467084988159, -6.584887250246254, 0.0 ], [ 106.738454551136783, -6.584789742152743, 0.0 ], [ 106.738490283899665, -6.584545738994532, 0.0 ], [ 106.738465641576283, -6.5844726609844, 0.0 ], [ 106.738420563958016, -6.584367137233418, 0.0 ], [ 106.738517617893933, -6.584224536233165, 0.0 ], [ 106.738415734598703, -6.584147663083986, 0.0 ], [ 106.738398812055692, -6.583956683054328, 0.0 ], [ 106.738378263446307, -6.58389171962698, 0.0 ], [ 106.738377754430005, -6.583745393634857, 0.0 ], [ 106.738523539929588, -6.583590429654453, 0.0 ], [ 106.738604817058885, -6.583586083231054, 0.0 ], [ 106.738584933048358, -6.583712155591339, 0.0 ], [ 106.738711132213169, -6.583768622224042, 0.0 ], [ 106.738783890064639, -6.583736114429986, 0.0 ], [ 106.738958687693454, -6.583658014605511, 0.0 ], [ 106.738937911555496, -6.583528017603815, 0.0 ], [ 106.739014403392176, -6.583316390039187, 0.0 ], [ 106.739062470356899, -6.583112991271403, 0.0 ], [ 106.739114404406408, -6.582852671713315, 0.0 ], [ 106.739020650083077, -6.582775769785734, 0.0 ], [ 106.73897146616045, -6.58265806741575, 0.0 ], [ 106.739100443330997, -6.582564993879227, 0.0 ], [ 106.739165940955559, -6.582478544748884, 0.0 ], [ 106.739156079889383, -6.582349239325804, 0.0 ], [ 106.739225947319795, -6.582201940267165, 0.0 ], [ 106.739233879340262, -6.582047544658245, 0.0 ], [ 106.739237221220989, -6.581937698765596, 0.0 ], [ 106.739293700444065, -6.581815562737816, 0.0 ], [ 106.739338383260005, -6.581745222264015, 0.0 ], [ 106.73942638012349, -6.581704268037338, 0.0 ], [ 106.739468023230842, -6.581684886747965, 0.0 ], [ 106.739568715823779, -6.581420334080992, 0.0 ], [ 106.73961668386309, -6.581188481662927, 0.0 ], [ 106.739604264225605, -6.581123491255916, 0.0 ], [ 106.739571635023154, -6.5810910877833, 0.0 ], [ 106.739522832412931, -6.581083127883893, 0.0 ], [ 106.739488466619605, -6.581055399087212, 0.0 ], [ 106.739502227146289, -6.581001907411945, 0.0 ], [ 106.739559324203668, -6.580984357142174, 0.0 ], [ 106.739575133385898, -6.580928490357376, 0.0 ], [ 106.739586987349753, -6.580830896828296, 0.0 ], [ 106.739562444851146, -6.580786270669705, 0.0 ], [ 106.739501406065216, -6.580766160030151, 0.0 ], [ 106.739440509372187, -6.580786695149712, 0.0 ], [ 106.739418717000376, -6.58064809972986, 0.0 ], [ 106.739447959356028, -6.580591565648088, 0.0 ], [ 106.739435496551096, -6.580514381333415, 0.0 ], [ 106.73939658918141, -6.580507369319513, 0.0 ], [ 106.739406803681248, -6.580445381748792, 0.0 ], [ 106.739386311729021, -6.580396678064062, 0.0 ], [ 106.73947544893295, -6.580315075380252, 0.0 ], [ 106.739527990024868, -6.580229533665918, 0.0 ], [ 106.739588476627091, -6.580091125305056, 0.0 ], [ 106.739575463437092, -6.579855421090688, 0.0 ], [ 106.739636162279226, -6.579777982267867, 0.0 ], [ 106.739696917778701, -6.579716799590454, 0.0 ], [ 106.739932550946691, -6.579822921390512, 0.0 ], [ 106.740189501644394, -6.579938640755536, 0.0 ], [ 106.740584411941214, -6.580124240141441, 0.0 ], [ 106.740881658561861, -6.580277660885194, 0.0 ], [ 106.740995210560698, -6.580204101737799, 0.0 ], [ 106.741068075431457, -6.580118490775568, 0.0 ], [ 106.74112472282782, -6.580045130378345, 0.0 ], [ 106.741140769431155, -6.579984104182959, 0.0 ], [ 106.741181158883563, -6.579910800442903, 0.0 ], [ 106.741241764196246, -6.579856420237409, 0.0 ], [ 106.741429705416778, -6.579663133446658, 0.0 ], [ 106.741407625261843, -6.579580775332374, 0.0 ], [ 106.741468324104062, -6.579503334710992, 0.0 ], [ 106.741517790413866, -6.579472917840725, 0.0 ], [ 106.741545237722733, -6.579413645323342, 0.0 ], [ 106.741508629020174, -6.579405643155702, 0.0 ], [ 106.74146197668901, -6.579364750083041, 0.0 ], [ 106.741476813704097, -6.579298468249508, 0.0 ], [ 106.741503770882545, -6.579178040034375, 0.0 ], [ 106.741446529034221, -6.579080688422891, 0.0 ], [ 106.741385022600852, -6.578926445698787, 0.0 ], [ 106.741372306187145, -6.578776097938412, 0.0 ], [ 106.741351842113957, -6.578735523225667, 0.0 ], [ 106.74134327427285, -6.578609548891414, 0.0 ], [ 106.741371540864051, -6.578556610299149, 0.0 ], [ 106.741395673271853, -6.578483362317158, 0.0 ], [ 106.741371046236964, -6.578414349242703, 0.0 ], [ 106.74135856904293, -6.578333099992353, 0.0 ], [ 106.741342225663388, -6.578308768834464, 0.0 ], [ 106.741248587352601, -6.57826438369419, 0.0 ], [ 106.741220035676278, -6.57823603076805, 0.0 ], [ 106.74118727966939, -6.578167045572538, 0.0 ], [ 106.741199302705837, -6.578118227673926, 0.0 ], [ 106.741231465160212, -6.578016499961361, 0.0 ], [ 106.741150019857713, -6.577972072552942, 0.0 ], [ 106.741097026406848, -6.577927546219122, 0.0 ], [ 106.741035477705239, -6.577761109587357, 0.0 ], [ 106.74103509639275, -6.57765136621741, 0.0 ], [ 106.741095582095596, -6.577512956957268, 0.0 ], [ 106.741091092679909, -6.577391033169491, 0.0 ], [ 106.741272396004447, -6.576931097392027, 0.0 ], [ 106.741312857402676, -6.576878115632425, 0.0 ], [ 106.741357041994121, -6.576727570021248, 0.0 ], [ 106.741409824104281, -6.576711127716219, 0.0 ], [ 106.741442071094866, -6.576633786919519, 0.0 ], [ 106.741405222273357, -6.576491526762354, 0.0 ], [ 106.741392631764725, -6.576442921103745, 0.0 ], [ 106.741343391184756, -6.576308958991053, 0.0 ], [ 106.741354976251358, -6.576134138879244, 0.0 ], [ 106.74139913116521, -6.576000350335711, 0.0 ], [ 106.7414450829244, -6.575920568779061, 0.0 ], [ 106.74141644671181, -6.575810225561298, 0.0 ], [ 106.741503367086878, -6.575560507211478, 0.0 ], [ 106.741515088850434, -6.575516927863791, 0.0 ], [ 106.741598970416305, -6.575531328707687, 0.0 ], [ 106.74165726716933, -6.575527103692682, 0.0 ], [ 106.741727053660767, -6.575522046804885, 0.0 ], [ 106.741778805147959, -6.575510487818583, 0.0 ], [ 106.741822977148857, -6.575580618750401, 0.0 ], [ 106.741874716944764, -6.575637871390452, 0.0 ], [ 106.741913133284655, -6.575674553837398, 0.0 ], [ 106.742018385440275, -6.575783543575522, 0.0 ], [ 106.742080006087605, -6.575809455741624, 0.0 ], [ 106.742139053774522, -6.575861645198557, 0.0 ], [ 106.742223117003434, -6.575950344432648, 0.0 ], [ 106.74229667435219, -6.57602860883312, 0.0 ], [ 106.74237844161199, -6.57608821769692, 0.0 ], [ 106.742466935800593, -6.576127670955092, 0.0 ], [ 106.742561282777132, -6.576156794600276, 0.0 ], [ 106.742595152144702, -6.576163532320969, 0.0 ], [ 106.742621710024068, -6.576168815837971, 0.0 ], [ 106.742715986853526, -6.576184190647751, 0.0 ], [ 106.742801472809887, -6.576201609616419, 0.0 ], [ 106.742890759301247, -6.576214819758022, 0.0 ], [ 106.742947335651152, -6.576223190647603, 0.0 ], [ 106.743059288655445, -6.576233109270415, 0.0 ], [ 106.743145385251523, -6.576229807859182, 0.0 ], [ 106.743224089420394, -6.576195719057001, 0.0 ], [ 106.743272627629835, -6.576179351395819, 0.0 ], [ 106.743346266816943, -6.576182038570035, 0.0 ], [ 106.743427906372943, -6.576186945271125, 0.0 ], [ 106.74348625528657, -6.576208058654789, 0.0 ], [ 106.743537810721506, -6.576212297159625, 0.0 ], [ 106.743638039264312, -6.576238454840713, 0.0 ], [ 106.743811896202217, -6.576264356214914, 0.0 ], [ 106.743919475803352, -6.576287544334516, 0.0 ], [ 106.744010828037489, -6.5763019523731, 0.0 ], [ 106.744097767298257, -6.5763178469909, 0.0 ], [ 106.744189139317456, -6.576338144689444, 0.0 ], [ 106.744256867260788, -6.576334963787325, 0.0 ], [ 106.744291973196198, -6.576267100046476, 0.0 ], [ 106.744306550307186, -6.57622434267914, 0.0 ], [ 106.74432308973897, -6.576204762639506, 0.0 ], [ 106.744349181769536, -6.576203577333075, 0.0 ], [ 106.744394869128058, -6.576213726182303, 0.0 ], [ 106.744478908075337, -6.576242885800312, 0.0 ], [ 106.744523208679311, -6.576278075372723, 0.0 ], [ 106.744598513410835, -6.576177889997439, 0.0 ], [ 106.744599704113213, -6.576176305392014, 0.0 ], [ 106.744812832646261, -6.575898122600101, 0.0 ], [ 106.744760545163203, -6.57583041084461, 0.0 ], [ 106.744707379042453, -6.575761559648043, 0.0 ], [ 106.744528754798353, -6.575584172871132, 0.0 ], [ 106.7443869478995, -6.575493380914601, 0.0 ], [ 106.744240512190075, -6.575384347109772, 0.0 ], [ 106.744228149209931, -6.575343034053596, 0.0 ], [ 106.744192694337556, -6.575224551072036, 0.0 ], [ 106.744180477946898, -6.575183723649793, 0.0 ], [ 106.744170506264041, -6.574941848287477, 0.0 ], [ 106.744210803985553, -6.574718052895658, 0.0 ], [ 106.744228034996041, -6.574663233821045, 0.0 ], [ 106.744244692238908, -6.574610243967385, 0.0 ], [ 106.744274002043724, -6.574517001358373, 0.0 ], [ 106.744286945985905, -6.5743024312121, 0.0 ], [ 106.744327450551566, -6.574137973088892, 0.0 ], [ 106.744372327620994, -6.573918727367225, 0.0 ], [ 106.744454117363802, -6.573813461721691, 0.0 ], [ 106.744549423916936, -6.573657941060986, 0.0 ], [ 106.744631387228907, -6.573602882766707, 0.0 ], [ 106.744759581989314, -6.573716545382116, 0.0 ], [ 106.744807139038443, -6.573772762902532, 0.0 ], [ 106.744855827434691, -6.573830317714826, 0.0 ], [ 106.744915797825925, -6.574012683138655, 0.0 ], [ 106.744893565685715, -6.574181642368728, 0.0 ], [ 106.744920444623006, -6.574290854239386, 0.0 ], [ 106.744930605163418, -6.574332136718599, 0.0 ], [ 106.745017260238541, -6.574313577409487, 0.0 ], [ 106.745068711352133, -6.57430052285072, 0.0 ], [ 106.745126704134265, -6.574285809042681, 0.0 ], [ 106.745219915267029, -6.574247290180182, 0.0 ], [ 106.745231100135342, -6.574245573374373, 0.0 ], [ 106.745299966620308, -6.574234997347119, 0.0 ], [ 106.745396291206035, -6.574255837336853, 0.0 ], [ 106.745475671665048, -6.574273010790623, 0.0 ], [ 106.745528350353297, -6.574284407898947, 0.0 ], [ 106.74563790576488, -6.574395401326552, 0.0 ], [ 106.74568010015669, -6.574318572244167, 0.0 ], [ 106.745865071815743, -6.573981769842643, 0.0 ], [ 106.746048698089126, -6.573615759259734, 0.0 ], [ 106.74616759835618, -6.573659004059564, 0.0 ], [ 106.746295222946372, -6.573700470899837, 0.0 ], [ 106.74643326528313, -6.573724437832364, 0.0 ], [ 106.746490374031708, -6.573575797884548, 0.0 ], [ 106.746528395569186, -6.573462150557621, 0.0 ], [ 106.746543948444611, -6.573414946042746, 0.0 ], [ 106.746650671891217, -6.573472203179467, 0.0 ], [ 106.746711829387621, -6.573482468041316, 0.0 ], [ 106.746762471111325, -6.573482290874857, 0.0 ], [ 106.746839374837464, -6.573501232395831, 0.0 ], [ 106.746895225434415, -6.573492304825859, 0.0 ], [ 106.746921205949135, -6.573431091571482, 0.0 ], [ 106.746936464746199, -6.573300062147993, 0.0 ], [ 106.746939647446979, -6.57321098609799, 0.0 ], [ 106.746963784351365, -6.57312183720288, 0.0 ], [ 106.746974126554818, -6.573083381292868, 0.0 ], [ 106.74698251722954, -6.572985555738633, 0.0 ], [ 106.746996067314868, -6.572865008812947, 0.0 ], [ 106.746994035746354, -6.572772706894749, 0.0 ], [ 106.746994021357153, -6.572772042295796, 0.0 ], [ 106.747127802706174, -6.5727406343726, 0.0 ], [ 106.747196079235849, -6.572725409749705, 0.0 ], [ 106.747469812182288, -6.572664376359718, 0.0 ], [ 106.747748358300285, -6.5726001512758, 0.0 ], [ 106.747826811558298, -6.572582061412859, 0.0 ], [ 106.748099075911767, -6.572523312300884, 0.0 ], [ 106.748306820203766, -6.572473794729685, 0.0 ], [ 106.748474202922296, -6.572435533972545, 0.0 ], [ 106.748520383109422, -6.572424977730353, 0.0 ], [ 106.748750083449778, -6.572375415193079, 0.0 ], [ 106.748968567445644, -6.572323733853072, 0.0 ], [ 106.749124198722939, -6.572292039945484, 0.0 ], [ 106.749206732205124, -6.572260853255631, 0.0 ], [ 106.749354628413556, -6.572243564688609, 0.0 ], [ 106.749401231281965, -6.572238116595699, 0.0 ], [ 106.749544567028266, -6.572253191031798, 0.0 ], [ 106.749744165261134, -6.572324136749366, 0.0 ], [ 106.749785301150851, -6.572345147610328, 0.0 ], [ 106.749822783095155, -6.572345849081476, 0.0 ], [ 106.749826539563358, -6.572356988983721, 0.0 ], [ 106.749830296031561, -6.572368128885877, 0.0 ], [ 106.749978796584301, -6.572470944778122, 0.0 ], [ 106.750084004673212, -6.572543787165888, 0.0 ], [ 106.750214100600402, -6.572672980173735, 0.0 ], [ 106.750303230609816, -6.572713984762437, 0.0 ], [ 106.750493784360813, -6.572801649776174, 0.0 ], [ 106.750704868734886, -6.572928804920277, 0.0 ], [ 106.750773605717484, -6.572970210606535, 0.0 ], [ 106.750993489957722, -6.573109063232465, 0.0 ], [ 106.751104864697908, -6.573183841860644, 0.0 ], [ 106.751333357248825, -6.573337251812585, 0.0 ], [ 106.751396367348633, -6.573384166745679, 0.0 ], [ 106.751506128705074, -6.573465892636623, 0.0 ], [ 106.751596012346326, -6.573532816586027, 0.0 ], [ 106.751604667421645, -6.573539260228536, 0.0 ] ] ] ] } },
{ "type": "Feature", "properties": { "PROVNO": "32", "KABKOTNO": "01", "KECNO": "060", "DESANO": "008", "PROVINSI": "JAWA BARAT", "KABKOT": "BOGOR", "KECAMATAN": "DRAMAGA", "ID2013": "3201060008", "DESA": "DRAMAGA", "DESA_1": "DRAMAGA", "ID2012": "3201060008", "IDKAB2": "3201", "IDKEC_2": "3201060", "WILAYAH": "TENGAH" }, "geometry": { "type": "MultiPolygon", "coordinates": [ [ [ [ 106.736532326705685, -6.566401810594904, 0.0 ], [ 106.736577523933775, -6.566401654112877, 0.0 ], [ 106.737018561357701, -6.566400125265428, 0.0 ], [ 106.7375148027661, -6.566362947292017, 0.0 ], [ 106.737965477325105, -6.56633099168177, 0.0 ], [ 106.738009228443303, -6.566324525556269, 0.0 ], [ 106.738491967430576, -6.566253185935658, 0.0 ], [ 106.738572988252983, -6.56624783856671, 0.0 ], [ 106.738841307280694, -6.566211451097406, 0.0 ], [ 106.739114742551564, -6.566190240586991, 0.0 ], [ 106.739347624693309, -6.566159041306587, 0.0 ], [ 106.739504603155098, -6.566148364555193, 0.0 ], [ 106.739639498764006, -6.566121089016832, 0.0 ], [ 106.739878903688592, -6.566116326207307, 0.0 ], [ 106.739864353557266, -6.566283383371321, 0.0 ], [ 106.739820052953206, -6.566478457114968, 0.0 ], [ 106.739807707959557, -6.566624153581682, 0.0 ], [ 106.739784831904629, -6.566821294866756, 0.0 ], [ 106.739793800843387, -6.566936930594682, 0.0 ], [ 106.739813450130825, -6.567043960710031, 0.0 ], [ 106.739856554636475, -6.56712092289208, 0.0 ], [ 106.739875999777709, -6.567157261798098, 0.0 ], [ 106.739906136958808, -6.567212856088336, 0.0 ], [ 106.73995540002187, -6.567212685217108, 0.0 ], [ 106.740023871704494, -6.567193169029419, 0.0 ], [ 106.740077224884232, -6.567137292352001, 0.0 ], [ 106.740182048962538, -6.567057190636696, 0.0 ], [ 106.740263075180991, -6.566995275911083, 0.0 ], [ 106.740349003603768, -6.566903084609557, 0.0 ], [ 106.740463894693121, -6.566846780754201, 0.0 ], [ 106.740527823900123, -6.566836056338801, 0.0 ], [ 106.740607316774444, -6.566822721191414, 0.0 ], [ 106.740716662644047, -6.566854470856978, 0.0 ], [ 106.740778932601771, -6.566899236410464, 0.0 ], [ 106.740813441387374, -6.566967658630443, 0.0 ], [ 106.74079928336036, -6.567015123049327, 0.0 ], [ 106.74075204197338, -6.567173502654846, 0.0 ], [ 106.740675515962522, -6.56734084310532, 0.0 ], [ 106.740586072089769, -6.56748894975502, 0.0 ], [ 106.740485716742626, -6.567579262372849, 0.0 ], [ 106.7404238460838, -6.567668698151721, 0.0 ], [ 106.74038768344505, -6.567720973044313, 0.0 ], [ 106.740327135688915, -6.567863625305872, 0.0 ], [ 106.740311711416467, -6.567904888899392, 0.0 ], [ 106.7402910593851, -6.567960138749243, 0.0 ], [ 106.740331238396067, -6.568119576856848, 0.0 ], [ 106.740379519399525, -6.568188187934378, 0.0 ], [ 106.740421583389505, -6.56823064492821, 0.0 ], [ 106.740552296251636, -6.568247325553447, 0.0 ], [ 106.740596723660062, -6.568241615757788, 0.0 ], [ 106.740689315159955, -6.568229715029208, 0.0 ], [ 106.740772765051219, -6.568205863209844, 0.0 ], [ 106.740919344652198, -6.568165725567567, 0.0 ], [ 106.741060581380907, -6.568128821887456, 0.0 ], [ 106.74112381721055, -6.568116978715413, 0.0 ], [ 106.741165463915223, -6.568109179794615, 0.0 ], [ 106.741295058919988, -6.568070409121898, 0.0 ], [ 106.741401860607567, -6.568065622030641, 0.0 ], [ 106.741498318292969, -6.568049117672494, 0.0 ], [ 106.741605396072401, -6.568044460982971, 0.0 ], [ 106.74189576197999, -6.568085220056687, 0.0 ], [ 106.742011451667338, -6.568093385001497, 0.0 ], [ 106.742160620416513, -6.568168104274399, 0.0 ], [ 106.742168192708107, -6.568176914033188, 0.0 ], [ 106.742265950813092, -6.568290632406573, 0.0 ], [ 106.742266860027755, -6.568318274868314, 0.0 ], [ 106.742273137295612, -6.568509089422783, 0.0 ], [ 106.742254515933297, -6.568697646678903, 0.0 ], [ 106.74224025178637, -6.568738212398486, 0.0 ], [ 106.742220581814578, -6.568794153826953, 0.0 ], [ 106.742157878383594, -6.568932529812201, 0.0 ], [ 106.742128123414346, -6.56899903377818, 0.0 ], [ 106.742095758612578, -6.56904574006866, 0.0 ], [ 106.7420098418809, -6.569169733196514, 0.0 ], [ 106.741945907277952, -6.569262060295635, 0.0 ], [ 106.741888479270088, -6.569377927149436, 0.0 ], [ 106.74184006786507, -6.56948774066656, 0.0 ], [ 106.741798162155675, -6.569582799906151, 0.0 ], [ 106.741759942767317, -6.569679321443314, 0.0 ], [ 106.741737673754812, -6.569742586950635, 0.0 ], [ 106.741699485842787, -6.56984767722836, 0.0 ], [ 106.741663342089723, -6.56992491370362, 0.0 ], [ 106.741644849330498, -6.569966775346217, 0.0 ], [ 106.741593212057282, -6.57008366382982, 0.0 ], [ 106.741490632686777, -6.570150422303946, 0.0 ], [ 106.741355747869676, -6.570165885247228, 0.0 ], [ 106.741231593763217, -6.570187736974322, 0.0 ], [ 106.741104329801175, -6.570199964156878, 0.0 ], [ 106.741035659368379, -6.570216648379503, 0.0 ], [ 106.740990668085047, -6.570198214076175, 0.0 ], [ 106.740872820924125, -6.570185771056316, 0.0 ], [ 106.740725076701054, -6.570199136780577, 0.0 ], [ 106.740682217710386, -6.570192860411996, 0.0 ], [ 106.740588086571151, -6.570225316944658, 0.0 ], [ 106.740547414731566, -6.570231883794211, 0.0 ], [ 106.74047136716004, -6.570320602813453, 0.0 ], [ 106.740439685843, -6.57035756494956, 0.0 ], [ 106.740382175996785, -6.570449869565689, 0.0 ], [ 106.740055126742874, -6.570552657578901, 0.0 ], [ 106.739750558741477, -6.570725781569422, 0.0 ], [ 106.739745164607811, -6.570727619783625, 0.0 ], [ 106.739679244301882, -6.570750089344948, 0.0 ], [ 106.739558733349014, -6.570791164080827, 0.0 ], [ 106.739246333151925, -6.570882213243436, 0.0 ], [ 106.739062311176852, -6.570934259708174, 0.0 ], [ 106.738777709923539, -6.571012360431929, 0.0 ], [ 106.738666133735251, -6.571021872561236, 0.0 ], [ 106.738607479951455, -6.571026873691057, 0.0 ], [ 106.738459742922984, -6.571042380701133, 0.0 ], [ 106.738517971327482, -6.571214206070621, 0.0 ], [ 106.738517971327482, -6.571543678098148, 0.0 ], [ 106.738563743222372, -6.571654808222629, 0.0 ], [ 106.73866290426983, -6.571758273425434, 0.0 ], [ 106.738998614894385, -6.57236815766419, 0.0 ], [ 106.739021514331569, -6.572391007638725, 0.0 ], [ 106.739166470656201, -6.572528833238902, 0.0 ], [ 106.73921714295696, -6.572550000581892, 0.0 ], [ 106.739311403598563, -6.572589379196394, 0.0 ], [ 106.739575908601438, -6.572695188032398, 0.0 ], [ 106.739584014191067, -6.572698430088355, 0.0 ], [ 106.739654732380146, -6.572726719162549, 0.0 ], [ 106.739693379845818, -6.572745345920818, 0.0 ], [ 106.740051472797376, -6.572917933016011, 0.0 ], [ 106.740152868660104, -6.572963345182039, 0.0 ], [ 106.740354682822556, -6.573053732443626, 0.0 ], [ 106.740417674036664, -6.57308194417622, 0.0 ], [ 106.740638772361649, -6.573185070334588, 0.0 ], [ 106.740590438298312, -6.573260342690492, 0.0 ], [ 106.740574454647557, -6.573322249322224, 0.0 ], [ 106.74057464890106, -6.573378208737193, 0.0 ], [ 106.740552842140133, -6.573459279921714, 0.0 ], [ 106.740533868243546, -6.57350794403623, 0.0 ], [ 106.740519306421035, -6.573555118873422, 0.0 ], [ 106.74052092699938, -6.573597819583501, 0.0 ], [ 106.740526965946941, -6.573640505904468, 0.0 ], [ 106.740525652037334, -6.573686161786743, 0.0 ], [ 106.740508115257484, -6.573724511576842, 0.0 ], [ 106.740500956654003, -6.573783442351857, 0.0 ], [ 106.740526179939422, -6.573837842342414, 0.0 ], [ 106.740555210055064, -6.573928308744339, 0.0 ], [ 106.740576071628595, -6.573998922611981, 0.0 ], [ 106.740582255367002, -6.574082841949505, 0.0 ], [ 106.74057878578256, -6.574143968868853, 0.0 ], [ 106.740572377213596, -6.574206578770472, 0.0 ], [ 106.740578812762138, -6.574265232554257, 0.0 ], [ 106.740610402348381, -6.574317470574655, 0.0 ], [ 106.740642027907427, -6.574380179401587, 0.0 ], [ 106.740678815575009, -6.574421928628951, 0.0 ], [ 106.740720820209802, -6.574458425815557, 0.0 ], [ 106.740747084010891, -6.574484508852798, 0.0 ], [ 106.740778967675396, -6.574540885553262, 0.0 ], [ 106.740796037707099, -6.574585232022692, 0.0 ], [ 106.740814632089752, -6.574633538207078, 0.0 ], [ 106.740823744920078, -6.574713029282666, 0.0 ], [ 106.740819567569162, -6.574782258194514, 0.0 ], [ 106.740831265051071, -6.574873264189609, 0.0 ], [ 106.740839243836177, -6.574935345289781, 0.0 ], [ 106.740874390241075, -6.575027344136455, 0.0 ], [ 106.740885314306013, -6.575055940778931, 0.0 ], [ 106.740916566646462, -6.575121643448902, 0.0 ], [ 106.740934268002221, -6.575158854697207, 0.0 ], [ 106.740980975192073, -6.575250733034768, 0.0 ], [ 106.741029606031603, -6.575329787039887, 0.0 ], [ 106.741050580919747, -6.57536388393595, 0.0 ], [ 106.741106480080163, -6.575381019618156, 0.0 ], [ 106.741178833236773, -6.575403198698506, 0.0 ], [ 106.741287615231471, -6.575348332859079, 0.0 ], [ 106.741377723703181, -6.575429013737857, 0.0 ], [ 106.741419198637246, -6.57547020268753, 0.0 ], [ 106.74145604296217, -6.575506790705656, 0.0 ], [ 106.741515088850434, -6.575516927863791, 0.0 ], [ 106.741503367086878, -6.575560507211478, 0.0 ], [ 106.74141644671181, -6.575810225561298, 0.0 ], [ 106.7414450829244, -6.575920568779061, 0.0 ], [ 106.74139913116521, -6.576000350335711, 0.0 ], [ 106.741354976251358, -6.576134138879244, 0.0 ], [ 106.741343391184756, -6.576308958991053, 0.0 ], [ 106.741392631764725, -6.576442921103745, 0.0 ], [ 106.741405222273357, -6.576491526762354, 0.0 ], [ 106.741442071094866, -6.576633786919519, 0.0 ], [ 106.741409824104281, -6.576711127716219, 0.0 ], [ 106.741357041994121, -6.576727570021248, 0.0 ], [ 106.741312857402676, -6.576878115632425, 0.0 ], [ 106.741272396004447, -6.576931097392027, 0.0 ], [ 106.741091092679909, -6.577391033169491, 0.0 ], [ 106.741095582095596, -6.577512956957268, 0.0 ], [ 106.74103509639275, -6.57765136621741, 0.0 ], [ 106.741035477705239, -6.577761109587357, 0.0 ], [ 106.741097026406848, -6.577927546219122, 0.0 ], [ 106.741150019857713, -6.577972072552942, 0.0 ], [ 106.741231465160212, -6.578016499961361, 0.0 ], [ 106.741199302705837, -6.578118227673926, 0.0 ], [ 106.74118727966939, -6.578167045572538, 0.0 ], [ 106.741220035676278, -6.57823603076805, 0.0 ], [ 106.741248587352601, -6.57826438369419, 0.0 ], [ 106.741342225663388, -6.578308768834464, 0.0 ], [ 106.74135856904293, -6.578333099992353, 0.0 ], [ 106.741371046236964, -6.578414349242703, 0.0 ], [ 106.741395673271853, -6.578483362317158, 0.0 ], [ 106.741371540864051, -6.578556610299149, 0.0 ], [ 106.74134327427285, -6.578609548891414, 0.0 ], [ 106.741351842113957, -6.578735523225667, 0.0 ], [ 106.741372306187145, -6.578776097938412, 0.0 ], [ 106.741385022600852, -6.578926445698787, 0.0 ], [ 106.741446529034221, -6.579080688422891, 0.0 ], [ 106.741503770882545, -6.579178040034375, 0.0 ], [ 106.741476813704097, -6.579298468249508, 0.0 ], [ 106.74146197668901, -6.579364750083041, 0.0 ], [ 106.741508629020174, -6.579405643155702, 0.0 ], [ 106.741545237722733, -6.579413645323342, 0.0 ], [ 106.741517790413866, -6.579472917840725, 0.0 ], [ 106.741468324104062, -6.579503334710992, 0.0 ], [ 106.741407625261843, -6.579580775332374, 0.0 ], [ 106.741429705416778, -6.579663133446658, 0.0 ], [ 106.741241764196246, -6.579856420237409, 0.0 ], [ 106.741181158883563, -6.579910800442903, 0.0 ], [ 106.741140769431155, -6.579984104182959, 0.0 ], [ 106.74112472282782, -6.580045130378345, 0.0 ], [ 106.741068075431457, -6.580118490775568, 0.0 ], [ 106.740995210560698, -6.580204101737799, 0.0 ], [ 106.740881658561861, -6.580277660885194, 0.0 ], [ 106.740584411941214, -6.580124240141441, 0.0 ], [ 106.740189501644394, -6.579938640755536, 0.0 ], [ 106.739932550946691, -6.579822921390512, 0.0 ], [ 106.739696917778701, -6.579716799590454, 0.0 ], [ 106.739636162279226, -6.579777982267867, 0.0 ], [ 106.739575463437092, -6.579855421090688, 0.0 ], [ 106.739588476627091, -6.580091125305056, 0.0 ], [ 106.739527990024868, -6.580229533665918, 0.0 ], [ 106.739149368248974, -6.580052006594652, 0.0 ], [ 106.739100919072314, -6.580145662891859, 0.0 ], [ 106.739084873368341, -6.580206688187964, 0.0 ], [ 106.738946623288157, -6.580190911381258, 0.0 ], [ 106.738828624141888, -6.580154738849977, 0.0 ], [ 106.738649757080807, -6.580147232208802, 0.0 ], [ 106.738564542719644, -6.580188174744297, 0.0 ], [ 106.738540396822003, -6.5802573577907, 0.0 ], [ 106.738484002135223, -6.580403881633714, 0.0 ], [ 106.738378267942892, -6.580387990613126, 0.0 ], [ 106.738277333432364, -6.580583444769985, 0.0 ], [ 106.738086301242021, -6.580584110268308, 0.0 ], [ 106.737890990976638, -6.580523818819053, 0.0 ], [ 106.737748336916439, -6.580410505140524, 0.0 ], [ 106.737824913289231, -6.580223263592568, 0.0 ], [ 106.737780020032034, -6.58017058040782, 0.0 ], [ 106.737791917163406, -6.580085180786313, 0.0 ], [ 106.73766561997256, -6.580000262302157, 0.0 ], [ 106.737543188967138, -6.579858424826259, 0.0 ], [ 106.737619948801722, -6.579724024743729, 0.0 ], [ 106.737489587574572, -6.579639119749405, 0.0 ], [ 106.73742087217569, -6.579749105037038, 0.0 ], [ 106.737315251297957, -6.579765729904388, 0.0 ], [ 106.737196828570944, -6.579607620095409, 0.0 ], [ 106.737196362722173, -6.579473488010859, 0.0 ], [ 106.73714723635608, -6.579372042685474, 0.0 ], [ 106.737252376995826, -6.579217220797986, 0.0 ], [ 106.737252108098488, -6.579139993315888, 0.0 ], [ 106.737344955905172, -6.578956760945545, 0.0 ], [ 106.736844428327828, -6.578787784628428, 0.0 ], [ 106.736790882693242, -6.578584738394824, 0.0 ], [ 106.736554619100545, -6.578435165850074, 0.0 ], [ 106.735969075012932, -6.578364035771447, 0.0 ], [ 106.735776510377846, -6.578355358213042, 0.0 ], [ 106.735550359661559, -6.578345167095581, 0.0 ], [ 106.735632002814867, -6.578446500005821, 0.0 ], [ 106.735526551009713, -6.578511899604358, 0.0 ], [ 106.73545782122163, -6.578617819956225, 0.0 ], [ 106.735449555552776, -6.578684109883639, 0.0 ], [ 106.735438048727147, -6.578776410003186, 0.0 ], [ 106.735040601442819, -6.579029799385552, 0.0 ], [ 106.734902788433104, -6.579140022993482, 0.0 ], [ 106.734874886966622, -6.579298640919387, 0.0 ], [ 106.734927964953783, -6.57936755596781, 0.0 ], [ 106.735050338402587, -6.579493136399019, 0.0 ], [ 106.735164399417712, -6.579565904143028, 0.0 ], [ 106.735205919317849, -6.579817768275245, 0.0 ], [ 106.735222656600513, -6.579955908638127, 0.0 ], [ 106.735210858394552, -6.580069760111176, 0.0 ], [ 106.735154505076537, -6.580228476962482, 0.0 ], [ 106.735207837571849, -6.580370554557327, 0.0 ], [ 106.735212644448168, -6.580405211730991, 0.0 ], [ 106.735228682957541, -6.58052087533795, 0.0 ], [ 106.735196406289262, -6.580590086263296, 0.0 ], [ 106.735102978419917, -6.580606668862501, 0.0 ], [ 106.734997229838456, -6.580586712906324, 0.0 ], [ 106.73483860022138, -6.580554747403458, 0.0 ], [ 106.734720574095348, -6.580510445000911, 0.0 ], [ 106.734610534848485, -6.580425468960041, 0.0 ], [ 106.734439485593981, -6.58032851125169, 0.0 ], [ 106.734075541653141, -6.580168264653565, 0.0 ], [ 106.734036476902048, -6.580151064220132, 0.0 ], [ 106.733942795423843, -6.580094484272916, 0.0 ], [ 106.733873515250679, -6.580041883825718, 0.0 ], [ 106.733828439431164, -6.579936359175456, 0.0 ], [ 106.733871752579518, -6.579533807339235, 0.0 ], [ 106.733863187436341, -6.579407832105613, 0.0 ], [ 106.733843197305902, -6.579236852998207, 0.0 ], [ 106.733817108872628, -6.579013720406692, 0.0 ], [ 106.733840988570932, -6.578867308978911, 0.0 ], [ 106.73382936843079, -6.57873346557686, 0.0 ], [ 106.733824054336822, -6.578672264013576, 0.0 ], [ 106.733902512091433, -6.577854995211698, 0.0 ], [ 106.733756105160325, -6.57783111461411, 0.0 ], [ 106.733702677336822, -6.577764802203703, 0.0 ], [ 106.733674462007016, -6.577729781703869, 0.0 ], [ 106.733539854181146, -6.577592049633232, 0.0 ], [ 106.733543214048296, -6.577388804649456, 0.0 ], [ 106.733502231043303, -6.577291394582065, 0.0 ], [ 106.733350082840204, -6.576783839702252, 0.0 ], [ 106.733182606592223, -6.576544604749515, 0.0 ], [ 106.733083352914591, -6.576297253415344, 0.0 ], [ 106.733063708123808, -6.576248297021117, 0.0 ], [ 106.732891957398081, -6.575948106919451, 0.0 ], [ 106.732837864975636, -6.575586538987412, 0.0 ], [ 106.732862261784121, -6.57441583212476, 0.0 ], [ 106.732589730331952, -6.574355805975554, 0.0 ], [ 106.732453448867801, -6.574394645895989, 0.0 ], [ 106.732357829350519, -6.574291573697035, 0.0 ], [ 106.732337098178718, -6.574173770602911, 0.0 ], [ 106.732263628064189, -6.57408460192265, 0.0 ], [ 106.732064553236725, -6.574109680417308, 0.0 ], [ 106.732047689149709, -6.573934958331531, 0.0 ], [ 106.732140357092007, -6.573698886294412, 0.0 ], [ 106.732135784938677, -6.573552573792121, 0.0 ], [ 106.732281247581682, -6.573304126184301, 0.0 ], [ 106.73232989640772, -6.573267375388916, 0.0 ], [ 106.732308476355314, -6.572950405736524, 0.0 ], [ 106.732271712070002, -6.572897691974724, 0.0 ], [ 106.732235117756659, -6.572893753843481, 0.0 ], [ 106.732177778781661, -6.572767947682436, 0.0 ], [ 106.73206356578109, -6.572650468344268, 0.0 ], [ 106.731970110931996, -6.572658921072119, 0.0 ], [ 106.731831384211205, -6.572504943648063, 0.0 ], [ 106.73174490540319, -6.572180069854241, 0.0 ], [ 106.731654882367053, -6.572005601377242, 0.0 ], [ 106.731560387002446, -6.571713272249582, 0.0 ], [ 106.731498492061903, -6.571445217622554, 0.0 ], [ 106.731436919978023, -6.571270650220153, 0.0 ], [ 106.731360813950587, -6.571176186331797, 0.0 ], [ 106.731322623340617, -6.571128782167381, 0.0 ], [ 106.731146572056844, -6.570759506146153, 0.0 ], [ 106.730258978968934, -6.570261297920368, 0.0 ], [ 106.730002224323385, -6.570117179763848, 0.0 ], [ 106.729778144745737, -6.569963497317346, 0.0 ], [ 106.729652104760987, -6.569951738681681, 0.0 ], [ 106.729497108404956, -6.569793752079836, 0.0 ], [ 106.729496518449764, -6.56962303827239, 0.0 ], [ 106.729357961700757, -6.569517834680152, 0.0 ], [ 106.729398368240297, -6.569448595875862, 0.0 ], [ 106.729353195293939, -6.569314617575408, 0.0 ], [ 106.729230882999062, -6.569205294188798, 0.0 ], [ 106.729058831899749, -6.569192656915437, 0.0 ], [ 106.729006181090512, -6.569155049066158, 0.0 ], [ 106.728892127270086, -6.569155049066158, 0.0 ], [ 106.728730550574596, -6.569259597951973, 0.0 ], [ 106.728492937998851, -6.569544733402513, 0.0 ], [ 106.72802246576434, -6.570157774261745, 0.0 ], [ 106.727769984697176, -6.570442316159788, 0.0 ], [ 106.727689808338113, -6.570447660830716, 0.0 ], [ 106.727590010570651, -6.570295589070021, 0.0 ], [ 106.727551992630566, -6.570062729411266, 0.0 ], [ 106.727575753618311, -6.569758584990595, 0.0 ], [ 106.7276327814279, -6.569278606922015, 0.0 ], [ 106.727618523576112, -6.568808134687512, 0.0 ], [ 106.72758525855302, -6.568375680393181, 0.0 ], [ 106.727732578295999, -6.568147571852858, 0.0 ], [ 106.727913163961531, -6.56813331490044, 0.0 ], [ 106.727979212870537, -6.568162827052717, 0.0 ], [ 106.728109511145206, -6.568152350850145, 0.0 ], [ 106.728743659992062, -6.568507371717693, 0.0 ], [ 106.728839853276781, -6.568394689363313, 0.0 ], [ 106.728944402162597, -6.568147571852858, 0.0 ], [ 106.72875431156244, -6.567757888415695, 0.0 ], [ 106.728511946968979, -6.567506017988158, 0.0 ], [ 106.728549964909149, -6.567406221120056, 0.0 ], [ 106.728649762676625, -6.567401469102343, 0.0 ], [ 106.728814704635113, -6.56737790596539, 0.0 ], [ 106.729110730875703, -6.567163855627225, 0.0 ], [ 106.729519424182186, -6.566850208070498, 0.0 ], [ 106.729524176199988, -6.566631603565511, 0.0 ], [ 106.729096473923377, -6.566346469014164, 0.0 ], [ 106.728369380142993, -6.566018563605649, 0.0 ], [ 106.728317105250397, -6.56592351875517, 0.0 ], [ 106.728283839327929, -6.56565264115633, 0.0 ], [ 106.72820613970174, -6.564957917573668, 0.0 ], [ 106.728358582882478, -6.564948527752215, 0.0 ], [ 106.728537291662875, -6.564911329094372, 0.0 ], [ 106.728684922571261, -6.564862620913061, 0.0 ], [ 106.728724043979597, -6.564849713843071, 0.0 ], [ 106.728950993293878, -6.564657892047912, 0.0 ], [ 106.729096848940628, -6.564523253645085, 0.0 ], [ 106.729385675208874, -6.564595420641997, 0.0 ], [ 106.729653968156285, -6.564606689147237, 0.0 ], [ 106.729751683093852, -6.564655128431287, 0.0 ], [ 106.729828878200337, -6.564646732360604, 0.0 ], [ 106.729989926094376, -6.564509886122174, 0.0 ], [ 106.730088242678406, -6.56442634360074, 0.0 ], [ 106.730441734698417, -6.564392606433458, 0.0 ], [ 106.730652732737639, -6.564290259987295, 0.0 ], [ 106.730688421433726, -6.56425432307838, 0.0 ], [ 106.730758043349155, -6.564184214629645, 0.0 ], [ 106.731067275234764, -6.564280699294702, 0.0 ], [ 106.731089728608239, -6.564392514702568, 0.0 ], [ 106.731107140382392, -6.564479217441779, 0.0 ], [ 106.731040452954716, -6.56475229298378, 0.0 ], [ 106.731109660282769, -6.564784570551332, 0.0 ], [ 106.731423967941964, -6.565173692811523, 0.0 ], [ 106.731440888686222, -6.565226890408518, 0.0 ], [ 106.731469168767347, -6.565315800083962, 0.0 ], [ 106.731623841367323, -6.565380300360371, 0.0 ], [ 106.731766124007578, -6.56538793830256, 0.0 ], [ 106.731834951821682, -6.565310470701515, 0.0 ], [ 106.731953184791763, -6.565415744440841, 0.0 ], [ 106.731965955164881, -6.565582351044466, 0.0 ], [ 106.731917813556407, -6.565765427832062, 0.0 ], [ 106.731658800713234, -6.566087431889258, 0.0 ], [ 106.731679460838663, -6.566184912103825, 0.0 ], [ 106.731776993213813, -6.56618050992245, 0.0 ], [ 106.731872735038863, -6.566156221931898, 0.0 ], [ 106.731939428761763, -6.566139302086995, 0.0 ], [ 106.732203405862649, -6.566077418837626, 0.0 ], [ 106.732337404847542, -6.56604037396388, 0.0 ], [ 106.732687831078678, -6.566295236435806, 0.0 ], [ 106.732870799947619, -6.566314926192742, 0.0 ], [ 106.733135549566128, -6.566476597316964, 0.0 ], [ 106.733461097851517, -6.566589280570625, 0.0 ], [ 106.733546745685942, -6.566674342047065, 0.0 ], [ 106.733527507388672, -6.566987387957415, 0.0 ], [ 106.733552147014123, -6.567060465967547, 0.0 ], [ 106.733645966088687, -6.567157692573247, 0.0 ], [ 106.733659356094591, -6.567503142855582, 0.0 ], [ 106.733745369953027, -6.567693884564942, 0.0 ], [ 106.73374581781539, -6.567823329383007, 0.0 ], [ 106.733746003075737, -6.56787679317933, 0.0 ], [ 106.733709901590913, -6.568015116104533, 0.0 ], [ 106.73351552662038, -6.56822308702564, 0.0 ], [ 106.733641762657385, -6.568291749364565, 0.0 ], [ 106.733763949946564, -6.568364490128911, 0.0 ], [ 106.733889989031951, -6.568376246966103, 0.0 ], [ 106.734105868591158, -6.568509634411992, 0.0 ], [ 106.734247842763935, -6.568427849165772, 0.0 ], [ 106.734418520598382, -6.568419128439853, 0.0 ], [ 106.734659645926087, -6.568800370840258, 0.0 ], [ 106.734730023272078, -6.569170011086936, 0.0 ], [ 106.734795236710994, -6.569222625923246, 0.0 ], [ 106.734904920725668, -6.569205986666784, 0.0 ], [ 106.734994564247955, -6.569270710874466, 0.0 ], [ 106.735092095723829, -6.569266307793722, 0.0 ], [ 106.73516946170146, -6.569306687353595, 0.0 ], [ 106.735210246855559, -6.569347191919253, 0.0 ], [ 106.73530786376709, -6.569367176653742, 0.0 ], [ 106.735288076883393, -6.569521702664307, 0.0 ], [ 106.735316810222841, -6.569602896156592, 0.0 ], [ 106.735325164025284, -6.569667901851997, 0.0 ], [ 106.735386244180006, -6.569700207298581, 0.0 ], [ 106.735468068096978, -6.569854380774878, 0.0 ], [ 106.735614020870486, -6.569748194223592, 0.0 ], [ 106.735748078311374, -6.569727406394534, 0.0 ], [ 106.735922538694311, -6.569637377962447, 0.0 ], [ 106.735987343841074, -6.569572118658176, 0.0 ], [ 106.736052318959509, -6.569555634984372, 0.0 ], [ 106.736051995203553, -6.569462148659024, 0.0 ], [ 106.736096605174296, -6.569433542124106, 0.0 ], [ 106.736141327560446, -6.569437450577666, 0.0 ], [ 106.736193840773339, -6.569343781689998, 0.0 ], [ 106.73617742904527, -6.569299127652464, 0.0 ], [ 106.736226103052402, -6.569270505829063, 0.0 ], [ 106.736270670755005, -6.569229705386395, 0.0 ], [ 106.736274425424554, -6.569140269607612, 0.0 ], [ 106.736387454017972, -6.568916322230347, 0.0 ], [ 106.736476800763882, -6.568895688185297, 0.0 ], [ 106.736533323154475, -6.568785746964458, 0.0 ], [ 106.736618562696663, -6.568752934300317, 0.0 ], [ 106.736642612366822, -6.568655299402373, 0.0 ], [ 106.736776652720479, -6.568630445738357, 0.0 ], [ 106.737219954637439, -6.568676633119921, 0.0 ], [ 106.737293189129588, -6.568730269586123, 0.0 ], [ 106.73762249208454, -6.568753515262351, 0.0 ], [ 106.737833800389708, -6.568740588407209, 0.0 ], [ 106.737579830944682, -6.568172418322273, 0.0 ], [ 106.737451422145526, -6.567477807154933, 0.0 ], [ 106.737434684862947, -6.567339666792051, 0.0 ], [ 106.737361244426012, -6.567258628882513, 0.0 ], [ 106.736532326705685, -6.566401810594904, 0.0 ] ] ] ] } },
{ "type": "Feature", "properties": { "PROVNO": "32", "KABKOTNO": "01", "KECNO": "060", "DESANO": "009", "PROVINSI": "JAWA BARAT", "KABKOT": "BOGOR", "KECAMATAN": "DRAMAGA", "ID2013": "3201060009", "DESA": "BABAKAN", "DESA_1": "BABAKAN", "ID2012": "3201060009", "IDKAB2": "3201", "IDKEC_2": "3201060", "WILAYAH": "TENGAH" }, "geometry": { "type": "MultiPolygon", "coordinates": [ [ [ [ 106.717992845893278, -6.544719358411513, 0.0 ], [ 106.718226383640825, -6.544969442785344, 0.0 ], [ 106.718401726258847, -6.545212454890716, 0.0 ], [ 106.718468285982794, -6.545539467272423, 0.0 ], [ 106.718643367797355, -6.545706123338704, 0.0 ], [ 106.71884701297941, -6.545719971099597, 0.0 ], [ 106.719093824720403, -6.5455991390888, 0.0 ], [ 106.719384240090818, -6.545470884973206, 0.0 ], [ 106.719537171603349, -6.545539444789341, 0.0 ], [ 106.719580705984953, -6.545781319252377, 0.0 ], [ 106.719603882413466, -6.545910087780129, 0.0 ], [ 106.719430393298211, -6.546208832671354, 0.0 ], [ 106.71924176319699, -6.54633310279026, 0.0 ], [ 106.71894014317327, -6.546374130761325, 0.0 ], [ 106.718663859749483, -6.546382347866899, 0.0 ], [ 106.718559173267437, -6.546600866036947, 0.0 ], [ 106.71880685555206, -6.546734550259128, 0.0 ], [ 106.719229223949654, -6.546918539858595, 0.0 ], [ 106.719484501908426, -6.547146733834577, 0.0 ], [ 106.719812916333154, -6.547498301305357, 0.0 ], [ 106.719861163162349, -6.547785379291629, 0.0 ], [ 106.719880063314463, -6.547996201962949, 0.0 ], [ 106.719935332050085, -6.548210535587575, 0.0 ], [ 106.720121010576335, -6.548286255805937, 0.0 ], [ 106.720917528421353, -6.548374427137951, 0.0 ], [ 106.721157616830766, -6.548413599807681, 0.0 ], [ 106.721307064369654, -6.548525802823448, 0.0 ], [ 106.721405949325245, -6.548736352100839, 0.0 ], [ 106.721435608067026, -6.548903506391515, 0.0 ], [ 106.721443751428211, -6.54915799744348, 0.0 ], [ 106.721565609565388, -6.549706612669883, 0.0 ], [ 106.72158122359474, -6.550019254784658, 0.0 ], [ 106.721767103569178, -6.550153149448104, 0.0 ], [ 106.721909067849339, -6.550118215283209, 0.0 ], [ 106.722006857430657, -6.550094151223931, 0.0 ], [ 106.722452994010695, -6.549787198220471, 0.0 ], [ 106.722735789425329, -6.549557159734967, 0.0 ], [ 106.723110259930692, -6.549555874603765, 0.0 ], [ 106.723523608128147, -6.549622773372068, 0.0 ], [ 106.723572248860378, -6.549630645137974, 0.0 ], [ 106.724114471705676, -6.549777858760955, 0.0 ], [ 106.724598149585105, -6.549816194161853, 0.0 ], [ 106.72484452695349, -6.549943104690428, 0.0 ], [ 106.725348428787157, -6.550202666119933, 0.0 ], [ 106.725737468309717, -6.550208600746146, 0.0 ], [ 106.726094148426355, -6.550320089700215, 0.0 ], [ 106.726370519084355, -6.55033731981133, 0.0 ], [ 106.726806922301833, -6.550372179332467, 0.0 ], [ 106.72704736234607, -6.5505131552578, 0.0 ], [ 106.727451693940679, -6.550737195265146, 0.0 ], [ 106.727656028003494, -6.550951013578246, 0.0 ], [ 106.727768097919608, -6.551082292113932, 0.0 ], [ 106.727940758759189, -6.551284544246219, 0.0 ], [ 106.727985584567222, -6.55132507669073, 0.0 ], [ 106.728185110854355, -6.551505496880985, 0.0 ], [ 106.728447541121298, -6.551697299790451, 0.0 ], [ 106.728727373269862, -6.551663612985195, 0.0 ], [ 106.728765464954421, -6.551626936833479, 0.0 ], [ 106.728796301808032, -6.551597245716181, 0.0 ], [ 106.729140472355112, -6.551265868924574, 0.0 ], [ 106.729314758269624, -6.551199820914846, 0.0 ], [ 106.729632349353622, -6.551573232018839, 0.0 ], [ 106.729917369691009, -6.551990387046516, 0.0 ], [ 106.730126142807393, -6.552436891449211, 0.0 ], [ 106.730231841026821, -6.552512882363484, 0.0 ], [ 106.730475191277165, -6.552442960074458, 0.0 ], [ 106.730652948574942, -6.552329632006817, 0.0 ], [ 106.730852545908448, -6.552223501213419, 0.0 ], [ 106.731124693350097, -6.55206985114253, 0.0 ], [ 106.731448680412427, -6.552188720832621, 0.0 ], [ 106.731802040232139, -6.552391115957015, 0.0 ], [ 106.73196904163818, -6.552411609707889, 0.0 ], [ 106.732176675313497, -6.552437091098753, 0.0 ], [ 106.73242697012877, -6.552272607794443, 0.0 ], [ 106.732705747372464, -6.551933501329845, 0.0 ], [ 106.733003142381264, -6.551721587780914, 0.0 ], [ 106.733260156031534, -6.551752816738912, 0.0 ], [ 106.733323215594083, -6.551760478962745, 0.0 ], [ 106.733600315602274, -6.551988588402438, 0.0 ], [ 106.73416261581221, -6.552684750001028, 0.0 ], [ 106.734294216305216, -6.552891546407604, 0.0 ], [ 106.734204680701652, -6.553284539349882, 0.0 ], [ 106.734219863955687, -6.553469921099833, 0.0 ], [ 106.734285833724442, -6.553622402951333, 0.0 ], [ 106.73440912628034, -6.553658205861304, 0.0 ], [ 106.734533310064393, -6.553694266876722, 0.0 ], [ 106.734663036370193, -6.553710826093564, 0.0 ], [ 106.735198935182893, -6.553779229427761, 0.0 ], [ 106.735682854080636, -6.55388663366109, 0.0 ], [ 106.736131949430089, -6.554058502198004, 0.0 ], [ 106.735931588572129, -6.554442867044532, 0.0 ], [ 106.735855301780944, -6.554466708071995, 0.0 ], [ 106.735801889246005, -6.554512480866173, 0.0 ], [ 106.735702516857828, -6.554569826136394, 0.0 ], [ 106.735695367247587, -6.554608707425782, 0.0 ], [ 106.735687603400336, -6.554650920703278, 0.0 ], [ 106.735677700965283, -6.554716804137097, 0.0 ], [ 106.735675137897488, -6.554774849079905, 0.0 ], [ 106.735673003806269, -6.554823191237116, 0.0 ], [ 106.735688706868501, -6.554970028044185, 0.0 ], [ 106.735699100333335, -6.555045971294362, 0.0 ], [ 106.735689320206149, -6.555147309600464, 0.0 ], [ 106.735674773672031, -6.555334775079604, 0.0 ], [ 106.735671304087589, -6.555795725292359, 0.0 ], [ 106.735664059149173, -6.555947263755026, 0.0 ], [ 106.73566185760879, -6.555993301849252, 0.0 ], [ 106.735641984390256, -6.556104806991083, 0.0 ], [ 106.735642325233343, -6.556203424848075, 0.0 ], [ 106.735642755109211, -6.556327675181919, 0.0 ], [ 106.735692180949613, -6.556510491166048, 0.0 ], [ 106.735704321797229, -6.556555397913169, 0.0 ], [ 106.735707331828024, -6.556637202944362, 0.0 ], [ 106.735709911983051, -6.55670733567483, 0.0 ], [ 106.735702199397195, -6.556773163350673, 0.0 ], [ 106.735675474243905, -6.557001240414753, 0.0 ], [ 106.735565624753946, -6.557457492569121, 0.0 ], [ 106.73554828132832, -6.557559813834182, 0.0 ], [ 106.735520952730013, -6.557721040693334, 0.0 ], [ 106.735506563577204, -6.557954091907661, 0.0 ], [ 106.735495342736058, -6.558178065365308, 0.0 ], [ 106.735492350691672, -6.558237795637591, 0.0 ], [ 106.735488566344429, -6.558607571681954, 0.0 ], [ 106.735475974037143, -6.558709897443595, 0.0 ], [ 106.735439302382105, -6.559007896796878, 0.0 ], [ 106.735444453698719, -6.559033204618494, 0.0 ], [ 106.735586533991494, -6.55910869281179, 0.0 ], [ 106.735605728221969, -6.559134679621561, 0.0 ], [ 106.735642509594314, -6.55918447778129, 0.0 ], [ 106.735652037012102, -6.559254096099512, 0.0 ], [ 106.735663295624718, -6.559336363382364, 0.0 ], [ 106.735655467925611, -6.5594573590697, 0.0 ], [ 106.735648873197107, -6.559559283733787, 0.0 ], [ 106.735628999079211, -6.559670788875618, 0.0 ], [ 106.735472180696746, -6.559727048664268, 0.0 ], [ 106.73499637997908, -6.559814805408806, 0.0 ], [ 106.734996424045875, -6.559827472359849, 0.0 ], [ 106.734991647746511, -6.559911060746728, 0.0 ], [ 106.735017761360808, -6.560138907584392, 0.0 ], [ 106.735036191167467, -6.560232993757467, 0.0 ], [ 106.735043541326533, -6.560270515271895, 0.0 ], [ 106.735095241552315, -6.560574251400411, 0.0 ], [ 106.735224687269664, -6.561389308769474, 0.0 ], [ 106.735259938895283, -6.561651471937715, 0.0 ], [ 106.735272656208267, -6.561746047342112, 0.0 ], [ 106.735281873359924, -6.561814591869766, 0.0 ], [ 106.735285978765091, -6.561855467855384, 0.0 ], [ 106.735381544322962, -6.562807036015741, 0.0 ], [ 106.735396170896792, -6.562915870171118, 0.0 ], [ 106.735434762604399, -6.563203029995659, 0.0 ], [ 106.735435043192837, -6.563283718068949, 0.0 ], [ 106.735454609742632, -6.563429809338075, 0.0 ], [ 106.735470489071957, -6.563627298660748, 0.0 ], [ 106.73549638415092, -6.563857302971989, 0.0 ], [ 106.735507098673878, -6.564094699710434, 0.0 ], [ 106.735533513560966, -6.564275431965463, 0.0 ], [ 106.735536540678979, -6.564374706327527, 0.0 ], [ 106.73553922785328, -6.564462827297426, 0.0 ], [ 106.735509320898601, -6.564636849710705, 0.0 ], [ 106.735509152725385, -6.564637830871014, 0.0 ], [ 106.735488217407465, -6.564713748940179, 0.0 ], [ 106.735459416618951, -6.564817670998515, 0.0 ], [ 106.735435005421351, -6.565081148975729, 0.0 ], [ 106.735425331414078, -6.565212878970996, 0.0 ], [ 106.735425734310368, -6.565329378048226, 0.0 ], [ 106.735512136675894, -6.565415187760539, 0.0 ], [ 106.73571554083972, -6.565647484443673, 0.0 ], [ 106.735934088687458, -6.565864533121548, 0.0 ], [ 106.736081428215499, -6.565995719027065, 0.0 ], [ 106.736198325692357, -6.566111814308631, 0.0 ], [ 106.736432120646057, -6.566344005771132, 0.0 ], [ 106.736465777773631, -6.566363421234769, 0.0 ], [ 106.736532326705685, -6.566401810594904, 0.0 ], [ 106.737361244426012, -6.567258628882513, 0.0 ], [ 106.737434684862947, -6.567339666792051, 0.0 ], [ 106.737451422145526, -6.567477807154933, 0.0 ], [ 106.737579830944682, -6.568172418322273, 0.0 ], [ 106.737833800389708, -6.568740588407209, 0.0 ], [ 106.73762249208454, -6.568753515262351, 0.0 ], [ 106.737293189129588, -6.568730269586123, 0.0 ], [ 106.737219954637439, -6.568676633119921, 0.0 ], [ 106.736776652720479, -6.568630445738357, 0.0 ], [ 106.736642612366822, -6.568655299402373, 0.0 ], [ 106.736618562696663, -6.568752934300317, 0.0 ], [ 106.736533323154475, -6.568785746964458, 0.0 ], [ 106.736476800763882, -6.568895688185297, 0.0 ], [ 106.736387454017972, -6.568916322230347, 0.0 ], [ 106.736274425424554, -6.569140269607612, 0.0 ], [ 106.736270670755005, -6.569229705386395, 0.0 ], [ 106.736226103052402, -6.569270505829063, 0.0 ], [ 106.73617742904527, -6.569299127652464, 0.0 ], [ 106.736193840773339, -6.569343781689998, 0.0 ], [ 106.736141327560446, -6.569437450577666, 0.0 ], [ 106.736096605174296, -6.569433542124106, 0.0 ], [ 106.736051995203553, -6.569462148659024, 0.0 ], [ 106.736052318959509, -6.569555634984372, 0.0 ], [ 106.735987343841074, -6.569572118658176, 0.0 ], [ 106.735922538694311, -6.569637377962447, 0.0 ], [ 106.735748078311374, -6.569727406394534, 0.0 ], [ 106.735614020870486, -6.569748194223592, 0.0 ], [ 106.735468068096978, -6.569854380774878, 0.0 ], [ 106.735386244180006, -6.569700207298581, 0.0 ], [ 106.735325164025284, -6.569667901851997, 0.0 ], [ 106.735316810222841, -6.569602896156592, 0.0 ], [ 106.735288076883393, -6.569521702664307, 0.0 ], [ 106.73530786376709, -6.569367176653742, 0.0 ], [ 106.735210246855559, -6.569347191919253, 0.0 ], [ 106.73516946170146, -6.569306687353595, 0.0 ], [ 106.735092095723829, -6.569266307793722, 0.0 ], [ 106.734994564247955, -6.569270710874466, 0.0 ], [ 106.734904920725668, -6.569205986666784, 0.0 ], [ 106.734795236710994, -6.569222625923246, 0.0 ], [ 106.734730023272078, -6.569170011086936, 0.0 ], [ 106.734659645926087, -6.568800370840258, 0.0 ], [ 106.734418520598382, -6.568419128439853, 0.0 ], [ 106.734247842763935, -6.568427849165772, 0.0 ], [ 106.734105868591158, -6.568509634411992, 0.0 ], [ 106.733889989031951, -6.568376246966103, 0.0 ], [ 106.733763949946564, -6.568364490128911, 0.0 ], [ 106.733641762657385, -6.568291749364565, 0.0 ], [ 106.73351552662038, -6.56822308702564, 0.0 ], [ 106.733709901590913, -6.568015116104533, 0.0 ], [ 106.733746003075737, -6.56787679317933, 0.0 ], [ 106.73374581781539, -6.567823329383007, 0.0 ], [ 106.733745369953027, -6.567693884564942, 0.0 ], [ 106.733659356094591, -6.567503142855582, 0.0 ], [ 106.733645966088687, -6.567157692573247, 0.0 ], [ 106.733552147014123, -6.567060465967547, 0.0 ], [ 106.733527507388672, -6.566987387957415, 0.0 ], [ 106.733546745685942, -6.566674342047065, 0.0 ], [ 106.733461097851517, -6.566589280570625, 0.0 ], [ 106.733135549566128, -6.566476597316964, 0.0 ], [ 106.732870799947619, -6.566314926192742, 0.0 ], [ 106.732687831078678, -6.566295236435806, 0.0 ], [ 106.732337404847542, -6.56604037396388, 0.0 ], [ 106.732203405862649, -6.566077418837626, 0.0 ], [ 106.731939428761763, -6.566139302086995, 0.0 ], [ 106.731872735038863, -6.566156221931898, 0.0 ], [ 106.731776993213813, -6.56618050992245, 0.0 ], [ 106.731679460838663, -6.566184912103825, 0.0 ], [ 106.731658800713234, -6.566087431889258, 0.0 ], [ 106.731917813556407, -6.565765427832062, 0.0 ], [ 106.731965955164881, -6.565582351044466, 0.0 ], [ 106.731953184791763, -6.565415744440841, 0.0 ], [ 106.731834951821682, -6.565310470701515, 0.0 ], [ 106.731766124007578, -6.56538793830256, 0.0 ], [ 106.731623841367323, -6.565380300360371, 0.0 ], [ 106.731469168767347, -6.565315800083962, 0.0 ], [ 106.731440888686222, -6.565226890408518, 0.0 ], [ 106.731423967941964, -6.565173692811523, 0.0 ], [ 106.731109660282769, -6.564784570551332, 0.0 ], [ 106.731040452954716, -6.56475229298378, 0.0 ], [ 106.731107140382392, -6.564479217441779, 0.0 ], [ 106.731089728608239, -6.564392514702568, 0.0 ], [ 106.731067275234764, -6.564280699294702, 0.0 ], [ 106.730758043349155, -6.564184214629645, 0.0 ], [ 106.730688421433726, -6.56425432307838, 0.0 ], [ 106.730652732737639, -6.564290259987295, 0.0 ], [ 106.730441734698417, -6.564392606433458, 0.0 ], [ 106.730088242678406, -6.56442634360074, 0.0 ], [ 106.729989926094376, -6.564509886122174, 0.0 ], [ 106.729828878200337, -6.564646732360604, 0.0 ], [ 106.729751683093852, -6.564655128431287, 0.0 ], [ 106.729653968156285, -6.564606689147237, 0.0 ], [ 106.729385675208874, -6.564595420641997, 0.0 ], [ 106.729096848940628, -6.564523253645085, 0.0 ], [ 106.728950993293878, -6.564657892047912, 0.0 ], [ 106.728724043979597, -6.564849713843071, 0.0 ], [ 106.728684922571261, -6.564862620913061, 0.0 ], [ 106.728537291662875, -6.564911329094372, 0.0 ], [ 106.728358582882478, -6.564948527752215, 0.0 ], [ 106.72820613970174, -6.564957917573668, 0.0 ], [ 106.728010000261492, -6.564969999965378, 0.0 ], [ 106.727910000146551, -6.564969999965378, 0.0 ], [ 106.727819999593493, -6.564960000403488, 0.0 ], [ 106.727720000377829, -6.564949999942407, 0.0 ], [ 106.727620000262974, -6.564940000380517, 0.0 ], [ 106.727520000148033, -6.564929999919435, 0.0 ], [ 106.727429999594975, -6.564920000357546, 0.0 ], [ 106.727350000402367, -6.564909999896464, 0.0 ], [ 106.727218419694537, -6.564878532617993, 0.0 ], [ 106.727133717047593, -6.564879582126917, 0.0 ], [ 106.727029244604097, -6.564844758578605, 0.0 ], [ 106.72676787193987, -6.564944556346077, 0.0 ], [ 106.726577782239005, -6.565196424974875, 0.0 ], [ 106.726416204644323, -6.565472056390167, 0.0 ], [ 106.726302150823798, -6.565733429054301, 0.0 ], [ 106.726302150823798, -6.565966288713057, 0.0 ], [ 106.726254628848196, -6.566094600385366, 0.0 ], [ 106.726126318075259, -6.566146875277958, 0.0 ], [ 106.726017442551111, -6.566164529868992, 0.0 ], [ 106.72600341132852, -6.566151200117645, 0.0 ], [ 106.725868037280293, -6.566065361626929, 0.0 ], [ 106.725782333687889, -6.566011020092368, 0.0 ], [ 106.725420386242007, -6.565889707843588, 0.0 ], [ 106.724929907689301, -6.565811733924178, 0.0 ], [ 106.724900253444105, -6.565841595912794, 0.0 ], [ 106.724824202275272, -6.565814217851731, 0.0 ], [ 106.724729157424889, -6.565823721887156, 0.0 ], [ 106.724653120645172, -6.565937775707589, 0.0 ], [ 106.724625551028538, -6.565976698365752, 0.0 ], [ 106.724611929896838, -6.565977707405093, 0.0 ], [ 106.72437274440685, -6.565942338867661, 0.0 ], [ 106.724362546994158, -6.565934173023482, 0.0 ], [ 106.724315711201228, -6.565937775707589, 0.0 ], [ 106.724220666350845, -6.56592351875517, 0.0 ], [ 106.724087602660902, -6.565852235791905, 0.0 ], [ 106.723959291887965, -6.565709668066546, 0.0 ], [ 106.723840486049738, -6.565467302573804, 0.0 ], [ 106.723797716091937, -6.564977822268538, 0.0 ], [ 106.723859495019866, -6.56456437604497, 0.0 ], [ 106.723801953697404, -6.564431313254318, 0.0 ], [ 106.723436372091072, -6.564376231577675, 0.0 ], [ 106.723335043677508, -6.564304376645538, 0.0 ], [ 106.723265464030135, -6.564336268403927, 0.0 ], [ 106.723094383299298, -6.564250726689504, 0.0 ], [ 106.722918549651482, -6.564146177803689, 0.0 ], [ 106.722880531711311, -6.563913318144934, 0.0 ], [ 106.722861522741269, -6.563357305095376, 0.0 ], [ 106.722852017806559, -6.563110187584922, 0.0 ], [ 106.722852017806559, -6.563012185763597, 0.0 ], [ 106.722965630959223, -6.563030287317719, 0.0 ], [ 106.722987487182905, -6.562258093436171, 0.0 ], [ 106.722967150813517, -6.562022789420077, 0.0 ], [ 106.722737069160587, -6.561789790366426, 0.0 ], [ 106.722552561551652, -6.561736472260229, 0.0 ], [ 106.72253128089406, -6.561688280289726, 0.0 ], [ 106.722457410581271, -6.561520992899297, 0.0 ], [ 106.722353749326217, -6.561444917448824, 0.0 ], [ 106.722231892088317, -6.561149925428502, 0.0 ], [ 106.722149745314667, -6.560951061941847, 0.0 ], [ 106.721991779397257, -6.560771765004816, 0.0 ], [ 106.721539681211524, -6.560595389065806, 0.0 ], [ 106.720973200053365, -6.56002893218929, 0.0 ], [ 106.720608343300555, -6.559823368753328, 0.0 ], [ 106.720121516894693, -6.559447378393681, 0.0 ], [ 106.719812679811497, -6.558881258762952, 0.0 ], [ 106.719555999809714, -6.558410746958234, 0.0 ], [ 106.719267446935319, -6.558168953434276, 0.0 ], [ 106.718809560712785, -6.55794108411353, 0.0 ], [ 106.718712246872869, -6.557892654722099, 0.0 ], [ 106.718651377159503, -6.55782340962249, 0.0 ], [ 106.718171943180863, -6.55727800767373, 0.0 ], [ 106.717610126806107, -6.557320396319124, 0.0 ], [ 106.717178470210385, -6.557299393552043, 0.0 ], [ 106.716899416874753, -6.557205934206358, 0.0 ], [ 106.716656438044367, -6.557143821629854, 0.0 ], [ 106.716640772753607, -6.557129901023941, 0.0 ], [ 106.71652993760668, -6.557116046967817, 0.0 ], [ 106.716380300310789, -6.557080837610343, 0.0 ], [ 106.716257069808108, -6.556975212236029, 0.0 ], [ 106.71626587237229, -6.556719947767178, 0.0 ], [ 106.716292279165572, -6.556367861387482, 0.0 ], [ 106.71626587237229, -6.555971763086212, 0.0 ], [ 106.716245771625182, -6.555790859060764, 0.0 ], [ 106.716171580254439, -6.555796485219414, 0.0 ], [ 106.716098646135791, -6.555733991330506, 0.0 ], [ 106.715841842027586, -6.555573013583551, 0.0 ], [ 106.715796331835435, -6.555411313681017, 0.0 ], [ 106.715778215892115, -6.55532756971148, 0.0 ], [ 106.715704975104728, -6.554989003739333, 0.0 ], [ 106.715604894950076, -6.554826117631087, 0.0 ], [ 106.715456070641281, -6.554818676640508, 0.0 ], [ 106.715024763881914, -6.554669040243901, 0.0 ], [ 106.714795908004902, -6.554343358858752, 0.0 ], [ 106.714804709669806, -6.55390325043447, 0.0 ], [ 106.714927940172416, -6.553727206345386, 0.0 ], [ 106.714707885960408, -6.553621580071702, 0.0 ], [ 106.71454944610025, -6.553322306379208, 0.0 ], [ 106.714364601245535, -6.552829382569794, 0.0 ], [ 106.714173311849038, -6.552439449121064, 0.0 ], [ 106.71434290240316, -6.552390481035744, 0.0 ], [ 106.714158029669505, -6.552229256874611, 0.0 ], [ 106.713887911098354, -6.552117779611724, 0.0 ], [ 106.713748270666343, -6.552037328959361, 0.0 ], [ 106.713563935727194, -6.552033461874576, 0.0 ], [ 106.713438843627856, -6.551981836292544, 0.0 ], [ 106.713280657376643, -6.551974806292051, 0.0 ], [ 106.713150107291767, -6.551831200749216, 0.0 ], [ 106.713215381884524, -6.551452605952814, 0.0 ], [ 106.713306767393547, -6.550904295596585, 0.0 ], [ 106.71335898742754, -6.550538756258408, 0.0 ], [ 106.71335898742754, -6.550342930681587, 0.0 ], [ 106.71335898742754, -6.550120995987054, 0.0 ], [ 106.713398152003293, -6.549886005834384, 0.0 ], [ 106.71362008669783, -6.549624906564002, 0.0 ], [ 106.713933406002113, -6.549520467395489, 0.0 ], [ 106.714087700886893, -6.549571897824649, 0.0 ], [ 106.714144386954018, -6.549549692664005, 0.0 ], [ 106.714346871111374, -6.549602954112856, 0.0 ], [ 106.714441738795387, -6.549737508878763, 0.0 ], [ 106.714465721915673, -6.54974438419579, 0.0 ], [ 106.714560046409233, -6.549624906564002, 0.0 ], [ 106.714821145679522, -6.549507411937352, 0.0 ], [ 106.714964751222453, -6.549298531801675, 0.0 ], [ 106.715003915798292, -6.548946047022266, 0.0 ], [ 106.71493864120545, -6.548776332361719, 0.0 ], [ 106.714677541035883, -6.548698002310829, 0.0 ], [ 106.714612266443126, -6.548580506784809, 0.0 ], [ 106.714573100967996, -6.548332462073283, 0.0 ], [ 106.714599210984986, -6.548084417361757, 0.0 ], [ 106.714834201137663, -6.547993031852819, 0.0 ], [ 106.714963484977034, -6.548057674222143, 0.0 ], [ 106.714993371247289, -6.54803164604342, 0.0 ], [ 106.715272494730016, -6.548147588440347, 0.0 ], [ 106.715447421861199, -6.548030094712978, 0.0 ], [ 106.715491180173984, -6.547679258390939, 0.0 ], [ 106.714771264782243, -6.54748788715608, 0.0 ], [ 106.714599210984986, -6.547496942429767, 0.0 ], [ 106.714364220832323, -6.547353336886843, 0.0 ], [ 106.71431200079833, -6.5469355766154, 0.0 ], [ 106.714390330849227, -6.546530872701464, 0.0 ], [ 106.714703651052872, -6.546413378074725, 0.0 ], [ 106.714886421171556, -6.546308938006931, 0.0 ], [ 106.714912531188546, -6.546100057871254, 0.0 ], [ 106.714899475730419, -6.545865067718495, 0.0 ], [ 106.714703651052872, -6.545669243040955, 0.0 ], [ 106.714455606341346, -6.545538692956168, 0.0 ], [ 106.714416440866216, -6.545316758261635, 0.0 ], [ 106.714416440866216, -6.545068712650828, 0.0 ], [ 106.714381370004361, -6.544682932271364, 0.0 ], [ 106.714715466345879, -6.544584169623615, 0.0 ], [ 106.715143941140099, -6.544616806020578, 0.0 ], [ 106.715583816639949, -6.544881373076752, 0.0 ], [ 106.715850630202667, -6.545106619974419, 0.0 ], [ 106.71618363476712, -6.545238517243614, 0.0 ], [ 106.716715716857067, -6.545236698814474, 0.0 ], [ 106.717074554447279, -6.545142349139912, 0.0 ], [ 106.717446602179109, -6.545021347157256, 0.0 ], [ 106.717648615091633, -6.544909664848966, 0.0 ], [ 106.717992845893278, -6.544719358411513, 0.0 ] ] ] ] } },
{ "type": "Feature", "properties": { "PROVNO": "32", "KABKOTNO": "01", "KECNO": "060", "DESANO": "010", "PROVINSI": "JAWA BARAT", "KABKOT": "BOGOR", "KECAMATAN": "DRAMAGA", "ID2013": "3201060010", "DESA": "CIKARAWANG", "DESA_1": "CIKARAWANG", "ID2012": "3201060010", "IDKAB2": "3201", "IDKEC_2": "3201060", "WILAYAH": "TENGAH" }, "geometry": { "type": "MultiPolygon", "coordinates": [ [ [ [ 106.741697295993589, -6.539824110194417, 0.0 ], [ 106.741649699374321, -6.539908597903334, 0.0 ], [ 106.74156000009414, -6.540070000130207, 0.0 ], [ 106.74156000009414, -6.540170000245151, 0.0 ], [ 106.741529999609909, -6.540279999921896, 0.0 ], [ 106.741489999563967, -6.54036000001387, 0.0 ], [ 106.741450000417402, -6.540429999644672, 0.0 ], [ 106.74141000037136, -6.540509999736557, 0.0 ], [ 106.741350000302447, -6.540589999828441, 0.0 ], [ 106.741299999795345, -6.540649999897443, 0.0 ], [ 106.741259999749403, -6.540700000404556, 0.0 ], [ 106.741219999703361, -6.540759999574188, 0.0 ], [ 106.741170000095622, -6.54079999962013, 0.0 ], [ 106.741130000049594, -6.540870000150214, 0.0 ], [ 106.741090000003652, -6.540919999758046, 0.0 ], [ 106.741029999934739, -6.540990000288129, 0.0 ], [ 106.740969999865825, -6.541079999941903, 0.0 ], [ 106.740909999796827, -6.541149999572706, 0.0 ], [ 106.740860000189087, -6.54122000010279, 0.0 ], [ 106.740820000143046, -6.541309999756564, 0.0 ], [ 106.740780000097104, -6.541369999825477, 0.0 ], [ 106.740749999612973, -6.54142999989439, 0.0 ], [ 106.740709999567031, -6.541500000424474, 0.0 ], [ 106.740679999982163, -6.541570000055277, 0.0 ], [ 106.740650000397395, -6.54163999968608, 0.0 ], [ 106.74061999991325, -6.541710000216163, 0.0 ], [ 106.740590000328481, -6.541770000285076, 0.0 ], [ 106.740559999844251, -6.541870000400021, 0.0 ], [ 106.740530000259469, -6.541960000053795, 0.0 ], [ 106.740530000259469, -6.542060000168739, 0.0 ], [ 106.74053999982128, -6.542149999822513, 0.0 ], [ 106.740559999844251, -6.542209999891426, 0.0 ], [ 106.740590000328481, -6.542289999983311, 0.0 ], [ 106.740630000374424, -6.542370000075284, 0.0 ], [ 106.740659999959192, -6.542430000144197, 0.0 ], [ 106.740720000028105, -6.542490000213199, 0.0 ], [ 106.740789999658915, -6.542550000282112, 0.0 ], [ 106.740869999750885, -6.542630000374086, 0.0 ], [ 106.741029999934739, -6.542740000050831, 0.0 ], [ 106.741028018728258, -6.542739865152516, 0.0 ], [ 106.74082967235168, -6.542840476806457, 0.0 ], [ 106.740761001918884, -6.542977309555056, 0.0 ], [ 106.740759027906989, -6.543017118944707, 0.0 ], [ 106.740751257764501, -6.543125058274626, 0.0 ], [ 106.740758741023228, -6.543244651919036, 0.0 ], [ 106.74076576292984, -6.543394222665047, 0.0 ], [ 106.740760025255156, -6.543615383942694, 0.0 ], [ 106.74074100998979, -6.543758540723879, 0.0 ], [ 106.740604820256436, -6.543869582714947, 0.0 ], [ 106.740429226727557, -6.543870190656644, 0.0 ], [ 106.740370717734621, -6.543876897800462, 0.0 ], [ 106.740305908990734, -6.543942164299246, 0.0 ], [ 106.74026745128198, -6.544104901120154, 0.0 ], [ 106.740267879359294, -6.544228477861793, 0.0 ], [ 106.740261960920932, -6.544397607063726, 0.0 ], [ 106.740262592244989, -6.544579719778056, 0.0 ], [ 106.740234230325683, -6.544696587577317, 0.0 ], [ 106.740208233623292, -6.544803705826254, 0.0 ], [ 106.740208185959204, -6.544803904576426, 0.0 ], [ 106.740175683561091, -6.544836935775802, 0.0 ], [ 106.740110807368055, -6.544882688784917, 0.0 ], [ 106.740039787006737, -6.545032531126296, 0.0 ], [ 106.740040056803366, -6.545110578790005, 0.0 ], [ 106.740040394948423, -6.545208139943561, 0.0 ], [ 106.740021424649228, -6.545364306317527, 0.0 ], [ 106.739960938946382, -6.545363412391438, 0.0 ], [ 106.739857102323612, -6.545361736055124, 0.0 ], [ 106.739846100916992, -6.545442961923023, 0.0 ], [ 106.739825240242823, -6.545567490147377, 0.0 ], [ 106.73980936900729, -6.545687673746983, 0.0 ], [ 106.739797646344456, -6.54582723144145, 0.0 ], [ 106.739796664284867, -6.545838919030658, 0.0 ], [ 106.739732533629677, -6.545840645729086, 0.0 ], [ 106.739580696592071, -6.545801609756321, 0.0 ], [ 106.739557555237184, -6.545871792848814, 0.0 ], [ 106.739517344749899, -6.546018530730482, 0.0 ], [ 106.739489293995916, -6.546148936923704, 0.0 ], [ 106.739445060840993, -6.546309940751041, 0.0 ], [ 106.739553027150663, -6.546327891219086, 0.0 ], [ 106.739693585790505, -6.546351838366462, 0.0 ], [ 106.739684621348331, -6.546389840118874, 0.0 ], [ 106.739647437979059, -6.546547460696619, 0.0 ], [ 106.739623558280755, -6.546706359210965, 0.0 ], [ 106.739591850883329, -6.546956905836367, 0.0 ], [ 106.739578451884185, -6.547203318278374, 0.0 ], [ 106.739394137629475, -6.547184614178416, 0.0 ], [ 106.739392490071481, -6.547296604054811, 0.0 ], [ 106.739386945751093, -6.547459509948297, 0.0 ], [ 106.73936526399595, -6.547665228967006, 0.0 ], [ 106.739341020072189, -6.547744210127018, 0.0 ], [ 106.739310846918173, -6.547842503328685, 0.0 ], [ 106.739160224864676, -6.548333180631651, 0.0 ], [ 106.739138532317625, -6.548390829872766, 0.0 ], [ 106.739099395620812, -6.548494835568022, 0.0 ], [ 106.739048579428584, -6.5485342627459, 0.0 ], [ 106.738949143188535, -6.548611412886221, 0.0 ], [ 106.738829229385559, -6.548670874261333, 0.0 ], [ 106.738785709393156, -6.548698067961336, 0.0 ], [ 106.738727652759167, -6.548734343914688, 0.0 ], [ 106.738688278641334, -6.548761328971988, 0.0 ], [ 106.738550694958832, -6.548855622888574, 0.0 ], [ 106.738407909597527, -6.548940670875094, 0.0 ], [ 106.738291093059658, -6.549012622034702, 0.0 ], [ 106.738215746959369, -6.549077662803739, 0.0 ], [ 106.738109534327791, -6.549169348686359, 0.0 ], [ 106.737960039124729, -6.549300995944076, 0.0 ], [ 106.737720447141143, -6.549495904212446, 0.0 ], [ 106.73768195076164, -6.549528533414897, 0.0 ], [ 106.737549959063529, -6.549640406379478, 0.0 ], [ 106.737594094192247, -6.550039324954717, 0.0 ], [ 106.737617326378725, -6.550281539361382, 0.0 ], [ 106.737626443705622, -6.550411998614649, 0.0 ], [ 106.737636306570451, -6.550553121129479, 0.0 ], [ 106.737650258652707, -6.550826247033505, 0.0 ], [ 106.737923657051283, -6.550896845612755, 0.0 ], [ 106.738338623129138, -6.550531176772214, 0.0 ], [ 106.738288389697601, -6.550641638700441, 0.0 ], [ 106.738235422327108, -6.550778691783012, 0.0 ], [ 106.738164535964728, -6.550967558405976, 0.0 ], [ 106.738093740433953, -6.551182439717653, 0.0 ], [ 106.738003388245914, -6.551384381583816, 0.0 ], [ 106.737958423042969, -6.551428342243995, 0.0 ], [ 106.737790844272197, -6.551592176237744, 0.0 ], [ 106.737746910591596, -6.551725523214138, 0.0 ], [ 106.737734430699632, -6.551763401759416, 0.0 ], [ 106.737697946103481, -6.551864439692014, 0.0 ], [ 106.737673596959098, -6.551931871758345, 0.0 ], [ 106.737589747768837, -6.552133791141426, 0.0 ], [ 106.737486456135201, -6.552355289664682, 0.0 ], [ 106.737391871737628, -6.552513744813329, 0.0 ], [ 106.737368660235674, -6.552552633297228, 0.0 ], [ 106.737283130212433, -6.552546820079499, 0.0 ], [ 106.737242107637314, -6.552550118792801, 0.0 ], [ 106.737150831845582, -6.552557459059329, 0.0 ], [ 106.737087148153492, -6.552567118677413, 0.0 ], [ 106.737040949980027, -6.552574127094104, 0.0 ], [ 106.736968490703489, -6.552600051850757, 0.0 ], [ 106.736908778417529, -6.552621415245898, 0.0 ], [ 106.736817689684798, -6.552676308964358, 0.0 ], [ 106.736790361985854, -6.552703830017617, 0.0 ], [ 106.736759360556249, -6.552735048183802, 0.0 ], [ 106.736759642943341, -6.552816673350694, 0.0 ], [ 106.7367599010487, -6.552891146209241, 0.0 ], [ 106.736799597123834, -6.553086132718668, 0.0 ], [ 106.736884953577913, -6.553319987926933, 0.0 ], [ 106.736950395444609, -6.553436835941042, 0.0 ], [ 106.737001135194419, -6.553537451192284, 0.0 ], [ 106.73698932619665, -6.553575018572069, 0.0 ], [ 106.736984874552519, -6.553752318114849, 0.0 ], [ 106.737020626201101, -6.553838303194972, 0.0 ], [ 106.737211242005401, -6.553909486333556, 0.0 ], [ 106.73728941197696, -6.553938678327178, 0.0 ], [ 106.737435460977935, -6.553949854202248, 0.0 ], [ 106.737542723118352, -6.553958062314571, 0.0 ], [ 106.737698411052989, -6.554066668042182, 0.0 ], [ 106.737730578003962, -6.554089107925822, 0.0 ], [ 106.737744664085142, -6.554159998784783, 0.0 ], [ 106.73777181461773, -6.55429663997781, 0.0 ], [ 106.737945524966136, -6.55463231013286, 0.0 ], [ 106.737970676305821, -6.554680910395518, 0.0 ], [ 106.738011774424066, -6.554847920794806, 0.0 ], [ 106.737966625759341, -6.554909939841682, 0.0 ], [ 106.737963192147816, -6.554914657685131, 0.0 ], [ 106.737718259090599, -6.554919851269982, 0.0 ], [ 106.737540744609888, -6.554849552164956, 0.0 ], [ 106.73733000917278, -6.554747069021829, 0.0 ], [ 106.737271852714031, -6.554718787142146, 0.0 ], [ 106.736804732252779, -6.554386098239675, 0.0 ], [ 106.736150109440203, -6.55402366515986, 0.0 ], [ 106.736131949430089, -6.554058502198004, 0.0 ], [ 106.735682854080636, -6.55388663366109, 0.0 ], [ 106.735198935182893, -6.553779229427761, 0.0 ], [ 106.734663036370193, -6.553710826093564, 0.0 ], [ 106.734533310064393, -6.553694266876722, 0.0 ], [ 106.73440912628034, -6.553658205861304, 0.0 ], [ 106.734285833724442, -6.553622402951333, 0.0 ], [ 106.734219863955687, -6.553469921099833, 0.0 ], [ 106.734204680701652, -6.553284539349882, 0.0 ], [ 106.734294216305216, -6.552891546407604, 0.0 ], [ 106.73416261581221, -6.552684750001028, 0.0 ], [ 106.733600315602274, -6.551988588402438, 0.0 ], [ 106.733323215594083, -6.551760478962745, 0.0 ], [ 106.733260156031534, -6.551752816738912, 0.0 ], [ 106.733003142381264, -6.551721587780914, 0.0 ], [ 106.732705747372464, -6.551933501329845, 0.0 ], [ 106.73242697012877, -6.552272607794443, 0.0 ], [ 106.732176675313497, -6.552437091098753, 0.0 ], [ 106.73196904163818, -6.552411609707889, 0.0 ], [ 106.731802040232139, -6.552391115957015, 0.0 ], [ 106.731448680412427, -6.552188720832621, 0.0 ], [ 106.731124693350097, -6.55206985114253, 0.0 ], [ 106.730852545908448, -6.552223501213419, 0.0 ], [ 106.730652948574942, -6.552329632006817, 0.0 ], [ 106.730475191277165, -6.552442960074458, 0.0 ], [ 106.730231841026821, -6.552512882363484, 0.0 ], [ 106.730126142807393, -6.552436891449211, 0.0 ], [ 106.729917369691009, -6.551990387046516, 0.0 ], [ 106.729632349353622, -6.551573232018839, 0.0 ], [ 106.729314758269624, -6.551199820914846, 0.0 ], [ 106.729140472355112, -6.551265868924574, 0.0 ], [ 106.728796301808032, -6.551597245716181, 0.0 ], [ 106.728765464954421, -6.551626936833479, 0.0 ], [ 106.728727373269862, -6.551663612985195, 0.0 ], [ 106.728447541121298, -6.551697299790451, 0.0 ], [ 106.728185110854355, -6.551505496880985, 0.0 ], [ 106.727985584567222, -6.55132507669073, 0.0 ], [ 106.727940758759189, -6.551284544246219, 0.0 ], [ 106.727768097919608, -6.551082292113932, 0.0 ], [ 106.727656028003494, -6.550951013578246, 0.0 ], [ 106.727451693940679, -6.550737195265146, 0.0 ], [ 106.72704736234607, -6.5505131552578, 0.0 ], [ 106.726806922301833, -6.550372179332467, 0.0 ], [ 106.726370519084355, -6.55033731981133, 0.0 ], [ 106.726094148426355, -6.550320089700215, 0.0 ], [ 106.725737468309717, -6.550208600746146, 0.0 ], [ 106.725348428787157, -6.550202666119933, 0.0 ], [ 106.72484452695349, -6.549943104690428, 0.0 ], [ 106.724598149585105, -6.549816194161853, 0.0 ], [ 106.724114471705676, -6.549777858760955, 0.0 ], [ 106.723572248860378, -6.549630645137974, 0.0 ], [ 106.723523608128147, -6.549622773372068, 0.0 ], [ 106.723110259930692, -6.549555874603765, 0.0 ], [ 106.722735789425329, -6.549557159734967, 0.0 ], [ 106.722452994010695, -6.549787198220471, 0.0 ], [ 106.722006857430657, -6.550094151223931, 0.0 ], [ 106.721909067849339, -6.550118215283209, 0.0 ], [ 106.721767103569178, -6.550153149448104, 0.0 ], [ 106.72158122359474, -6.550019254784658, 0.0 ], [ 106.721565609565388, -6.549706612669883, 0.0 ], [ 106.721443751428211, -6.54915799744348, 0.0 ], [ 106.721435608067026, -6.548903506391515, 0.0 ], [ 106.721405949325245, -6.548736352100839, 0.0 ], [ 106.721307064369654, -6.548525802823448, 0.0 ], [ 106.721157616830766, -6.548413599807681, 0.0 ], [ 106.720917528421353, -6.548374427137951, 0.0 ], [ 106.720121010576335, -6.548286255805937, 0.0 ], [ 106.719935332050085, -6.548210535587575, 0.0 ], [ 106.719880063314463, -6.547996201962949, 0.0 ], [ 106.719861163162349, -6.547785379291629, 0.0 ], [ 106.719812916333154, -6.547498301305357, 0.0 ], [ 106.719484501908426, -6.547146733834577, 0.0 ], [ 106.719229223949654, -6.546918539858595, 0.0 ], [ 106.71880685555206, -6.546734550259128, 0.0 ], [ 106.718559173267437, -6.546600866036947, 0.0 ], [ 106.718663859749483, -6.546382347866899, 0.0 ], [ 106.71894014317327, -6.546374130761325, 0.0 ], [ 106.71924176319699, -6.54633310279026, 0.0 ], [ 106.719430393298211, -6.546208832671354, 0.0 ], [ 106.719603882413466, -6.545910087780129, 0.0 ], [ 106.719580705984953, -6.545781319252377, 0.0 ], [ 106.719537171603349, -6.545539444789341, 0.0 ], [ 106.719384240090818, -6.545470884973206, 0.0 ], [ 106.719093824720403, -6.5455991390888, 0.0 ], [ 106.71884701297941, -6.545719971099597, 0.0 ], [ 106.718643367797355, -6.545706123338704, 0.0 ], [ 106.718468285982794, -6.545539467272423, 0.0 ], [ 106.718401726258847, -6.545212454890716, 0.0 ], [ 106.718226383640825, -6.544969442785344, 0.0 ], [ 106.717992845893278, -6.544719358411513, 0.0 ], [ 106.718450151153689, -6.544488726373423, 0.0 ], [ 106.718609940896201, -6.544444556171172, 0.0 ], [ 106.718929604917491, -6.544356190585567, 0.0 ], [ 106.719587015628434, -6.544168505671824, 0.0 ], [ 106.719795780650941, -6.544138173337846, 0.0 ], [ 106.720073951751672, -6.544097756006497, 0.0 ], [ 106.720076617342187, -6.54409831358608, 0.0 ], [ 106.720517820241369, -6.544190771986393, 0.0 ], [ 106.720922032226142, -6.544382094657788, 0.0 ], [ 106.721029628914408, -6.544388898928357, 0.0 ], [ 106.721140219445815, -6.544395892056656, 0.0 ], [ 106.721382439248345, -6.544216515079917, 0.0 ], [ 106.721525033053993, -6.544064947838937, 0.0 ], [ 106.721707571147618, -6.543968905640298, 0.0 ], [ 106.721753278291288, -6.543941265876576, 0.0 ], [ 106.721826584729271, -6.543896934695628, 0.0 ], [ 106.721985107327072, -6.543753265300758, 0.0 ], [ 106.722111608663937, -6.54354609387692, 0.0 ], [ 106.722405072736095, -6.543338351383667, 0.0 ], [ 106.722666843799942, -6.543162521333148, 0.0 ], [ 106.722952519743203, -6.543002513055409, 0.0 ], [ 106.723087135662951, -6.542843022787128, 0.0 ], [ 106.723253607368264, -6.542699326412595, 0.0 ], [ 106.723475406265194, -6.542460022212051, 0.0 ], [ 106.723591683209804, -6.542120315899727, 0.0 ], [ 106.723758793433689, -6.54163209914195, 0.0 ], [ 106.723859614629703, -6.540892269162715, 0.0 ], [ 106.723977102061752, -6.540375022289293, 0.0 ], [ 106.724040574413124, -6.540255011359566, 0.0 ], [ 106.72410349278212, -6.540136045441916, 0.0 ], [ 106.724301629616619, -6.539952482121194, 0.0 ], [ 106.724580000366899, -6.539970000015352, 0.0 ], [ 106.72483439788931, -6.539974509216009, 0.0 ], [ 106.725109999626923, -6.540059999669126, 0.0 ], [ 106.725455085683819, -6.540131409436825, 0.0 ], [ 106.725772970846094, -6.540090561330238, 0.0 ], [ 106.725852588726212, -6.540087224845372, 0.0 ], [ 106.726186345123921, -6.540073238588953, 0.0 ], [ 106.726599690623445, -6.540047965840792, 0.0 ], [ 106.726948913561657, -6.53987183541668, 0.0 ], [ 106.727607252373033, -6.539416342290263, 0.0 ], [ 106.727988439914739, -6.539287809384788, 0.0 ], [ 106.728178952296958, -6.539199689314081, 0.0 ], [ 106.728560030121457, -6.539039350085787, 0.0 ], [ 106.728885892270284, -6.539006424107043, 0.0 ], [ 106.728915809117495, -6.538996136762112, 0.0 ], [ 106.728918052925934, -6.538995365143787, 0.0 ], [ 106.729282952846162, -6.538869885436718, 0.0 ], [ 106.72961000030142, -6.538809999581687, 0.0 ], [ 106.72969000039339, -6.538809999581687, 0.0 ], [ 106.729769999585997, -6.538809999581687, 0.0 ], [ 106.729793738090763, -6.538809999581687, 0.0 ], [ 106.729800946156899, -6.538809999581687, 0.0 ], [ 106.729860000139041, -6.538809999581687, 0.0 ], [ 106.729949999792822, -6.538820000042769, 0.0 ], [ 106.730029999884792, -6.538820000042769, 0.0 ], [ 106.73012000043785, -6.538820000042769, 0.0 ], [ 106.730210000091631, -6.538820000042769, 0.0 ], [ 106.730290000183516, -6.538829999604658, 0.0 ], [ 106.730370000275485, -6.538829999604658, 0.0 ], [ 106.73045000036737, -6.538840000065829, 0.0 ], [ 106.730519999998165, -6.538840000065829, 0.0 ], [ 106.730580000067079, -6.538849999627629, 0.0 ], [ 106.730660000159048, -6.5388600000888, 0.0 ], [ 106.73074110012189, -6.538873286672722, 0.0 ], [ 106.730820000342916, -6.538920000157713, 0.0 ], [ 106.730889999973627, -6.538949999742574, 0.0 ], [ 106.730959999604437, -6.539009999811487, 0.0 ], [ 106.730999999650464, -6.5390699998804, 0.0 ], [ 106.731030000134609, -6.539129999949314, 0.0 ], [ 106.73105000015758, -6.539199999580116, 0.0 ], [ 106.73105000015758, -6.53927999967209, 0.0 ], [ 106.731070000180551, -6.539379999787034, 0.0 ], [ 106.73105000015758, -6.53949000036306, 0.0 ], [ 106.731039999696407, -6.539589999578634, 0.0 ], [ 106.731030000134609, -6.539660000108807, 0.0 ], [ 106.731010000111638, -6.539729999739521, 0.0 ], [ 106.730990000088568, -6.539809999831405, 0.0 ], [ 106.730970000065597, -6.539889999923378, 0.0 ], [ 106.730950000042625, -6.539970000015352, 0.0 ], [ 106.730930000019654, -6.540050000107236, 0.0 ], [ 106.730919999558495, -6.540130000199209, 0.0 ], [ 106.730889999973627, -6.540199999829923, 0.0 ], [ 106.730869999950656, -6.540270000360096, 0.0 ], [ 106.730840000365887, -6.54036000001387, 0.0 ], [ 106.730820000342916, -6.540449999667644, 0.0 ], [ 106.730800000319945, -6.540529999759528, 0.0 ], [ 106.730789999858771, -6.540600000289611, 0.0 ], [ 106.730789999858771, -6.540669999920414, 0.0 ], [ 106.730789999858771, -6.540729999989328, 0.0 ], [ 106.730789999858771, -6.540790000058241, 0.0 ], [ 106.730809999881743, -6.540870000150214, 0.0 ], [ 106.730829999904714, -6.540939999781017, 0.0 ], [ 106.730849999927685, -6.541030000334072, 0.0 ], [ 106.73088000041183, -6.541119999987846, 0.0 ], [ 106.730919999558495, -6.541189999618648, 0.0 ], [ 106.730939999581466, -6.541269999710533, 0.0 ], [ 106.730979999627408, -6.541329999779535, 0.0 ], [ 106.73105000015758, -6.54142999989439, 0.0 ], [ 106.731130000249465, -6.541489999963304, 0.0 ], [ 106.731190000318378, -6.541530000009335, 0.0 ], [ 106.731259999949174, -6.541559999594107, 0.0 ], [ 106.73132999957997, -6.541590000078248, 0.0 ], [ 106.73144134644113, -6.541624742687571, 0.0 ], [ 106.731470999787035, -6.541653305155783, 0.0 ], [ 106.731773340167678, -6.541715874587819, 0.0 ], [ 106.732298185413171, -6.541745872373941, 0.0 ], [ 106.732574252999569, -6.541703690572689, 0.0 ], [ 106.73283059665485, -6.541664523298909, 0.0 ], [ 106.732868969827308, -6.541663067296568, 0.0 ], [ 106.733291673672028, -6.541647030585764, 0.0 ], [ 106.733497756916108, -6.541463437587449, 0.0 ], [ 106.733639303910934, -6.54100971882329, 0.0 ], [ 106.733741757376379, -6.540746969297064, 0.0 ], [ 106.733820357223905, -6.540484301609109, 0.0 ], [ 106.734177773885321, -6.540379700562617, 0.0 ], [ 106.734520000098115, -6.540299999944867, 0.0 ], [ 106.734566727072945, -6.540304672822241, 0.0 ], [ 106.734620000212971, -6.540310000406038, 0.0 ], [ 106.734644581382511, -6.54031702321193, 0.0 ], [ 106.734690908159067, -6.540323352640467, 0.0 ], [ 106.73476999993575, -6.54036000001387, 0.0 ], [ 106.734830000004663, -6.540400000059812, 0.0 ], [ 106.734899999635459, -6.540440000105754, 0.0 ], [ 106.734959999704373, -6.540500000174667, 0.0 ], [ 106.73503000023446, -6.540589999828441, 0.0 ], [ 106.735070000280487, -6.540649999897443, 0.0 ], [ 106.735110000326429, -6.540720000427527, 0.0 ], [ 106.735150000372371, -6.54079999962013, 0.0 ], [ 106.73519999998021, -6.540899999734986, 0.0 ], [ 106.735240000026153, -6.54099999984993, 0.0 ], [ 106.735289999633977, -6.541110000426045, 0.0 ], [ 106.735329999679919, -6.54122000010279, 0.0 ], [ 106.735380000187035, -6.541329999779535, 0.0 ], [ 106.735420000232978, -6.54142999989439, 0.0 ], [ 106.735460000279005, -6.541530000009335, 0.0 ], [ 106.735500000324947, -6.541619999663109, 0.0 ], [ 106.735529999909716, -6.541690000193192, 0.0 ], [ 106.73556000039386, -6.541759999823995, 0.0 ], [ 106.735580000416832, -6.541819999892908, 0.0 ], [ 106.735619999563497, -6.541890000422992, 0.0 ], [ 106.735659999609439, -6.541960000053795, 0.0 ], [ 106.735699999655381, -6.542040000145768, 0.0 ], [ 106.735750000162582, -6.542100000214681, 0.0 ], [ 106.735799999770322, -6.542149999822513, 0.0 ], [ 106.735850000277438, -6.542209999891426, 0.0 ], [ 106.735950000392378, -6.542289999983311, 0.0 ], [ 106.736020000023103, -6.542330000029342, 0.0 ], [ 106.736069999630928, -6.542359999614114, 0.0 ], [ 106.736160000184071, -6.542390000098255, 0.0 ], [ 106.736229999814867, -6.542399999660145, 0.0 ], [ 106.736309999906752, -6.542399999660145, 0.0 ], [ 106.736357675666369, -6.542399999660145, 0.0 ], [ 106.736389999998636, -6.542399999660145, 0.0 ], [ 106.736519999698359, -6.542399999660145, 0.0 ], [ 106.7366199998133, -6.542379999637085, 0.0 ], [ 106.736690000343387, -6.542359999614114, 0.0 ], [ 106.736768319602461, -6.542350209594385, 0.0 ], [ 106.736770000435357, -6.542350000052313, 0.0 ], [ 106.736889999673906, -6.542319999568171, 0.0 ], [ 106.736969999765876, -6.542289999983311, 0.0 ], [ 106.73704999985776, -6.54226999996034, 0.0 ], [ 106.737149999972701, -6.542229999914397, 0.0 ], [ 106.737259999649453, -6.542180000306566, 0.0 ], [ 106.737350000202511, -6.542140000260623, 0.0 ], [ 106.73741000027151, -6.54206999973054, 0.0 ], [ 106.737459999879249, -6.541989999638567, 0.0 ], [ 106.73747212004244, -6.541960911966296, 0.0 ], [ 106.737510000386365, -6.541870000400021, 0.0 ], [ 106.737539999971233, -6.541779999846966, 0.0 ], [ 106.737580000017175, -6.541670000170221, 0.0 ], [ 106.737600000040146, -6.541599999640049, 0.0 ], [ 106.737620000063117, -6.541509999986364, 0.0 ], [ 106.737649999647971, -6.541409999871419, 0.0 ], [ 106.737669999670942, -6.541300000194674, 0.0 ], [ 106.737680000132031, -6.541189999618648, 0.0 ], [ 106.737689999693913, -6.541070000380014, 0.0 ], [ 106.737709999716884, -6.540939999781017, 0.0 ], [ 106.737740000201029, -6.540830000104272, 0.0 ], [ 106.737749999762826, -6.540759999574188, 0.0 ], [ 106.737769999785797, -6.540680000381585, 0.0 ], [ 106.737800000269942, -6.540600000289611, 0.0 ], [ 106.737820000292999, -6.540509999736557, 0.0 ], [ 106.73784000031597, -6.540440000105754, 0.0 ], [ 106.737860000338941, -6.540380000036841, 0.0 ], [ 106.737889999923709, -6.540299999944867, 0.0 ], [ 106.737920000407854, -6.540210000291093, 0.0 ], [ 106.737970000015679, -6.540119999738039, 0.0 ], [ 106.738019999623518, -6.540050000107236, 0.0 ], [ 106.738079999692431, -6.539970000015352, 0.0 ], [ 106.738150000222518, -6.539900000384549, 0.0 ], [ 106.738199999830343, -6.539860000338606, 0.0 ], [ 106.73827000036043, -6.539800000269604, 0.0 ], [ 106.738349999553037, -6.539740000200691, 0.0 ], [ 106.73840999962195, -6.539700000154749, 0.0 ], [ 106.738469999690864, -6.539669999670608, 0.0 ], [ 106.738549999782833, -6.539649999647636, 0.0 ], [ 106.73862000031292, -6.539609999601605, 0.0 ], [ 106.73870000040489, -6.539589999578634, 0.0 ], [ 106.738770000035601, -6.539569999555663, 0.0 ], [ 106.738797844844811, -6.539560717652861, 0.0 ], [ 106.738859999689382, -6.539539999970891, 0.0 ], [ 106.738939999781351, -6.539530000409091, 0.0 ], [ 106.739030000334409, -6.539519999947832, 0.0 ], [ 106.73909910603912, -6.539512140772477, 0.0 ], [ 106.739168212643023, -6.539504280697841, 0.0 ], [ 106.739260000149073, -6.539519999947832, 0.0 ], [ 106.739340000240958, -6.539530000409091, 0.0 ], [ 106.739440000355899, -6.539539999970891, 0.0 ], [ 106.739539999571463, -6.539550000432062, 0.0 ], [ 106.739639999686418, -6.539569999555663, 0.0 ], [ 106.739739999801358, -6.539589999578634, 0.0 ], [ 106.739839999916214, -6.539600000039805, 0.0 ], [ 106.739949999592966, -6.539620000062776, 0.0 ], [ 106.74004000014601, -6.539649999647636, 0.0 ], [ 106.740129999799791, -6.539649999647636, 0.0 ], [ 106.740209999891761, -6.539669999670608, 0.0 ], [ 106.74028999998373, -6.539680000131778, 0.0 ], [ 106.740370000075615, -6.539689999693579, 0.0 ], [ 106.740450000167499, -6.539700000154749, 0.0 ], [ 106.740530000259469, -6.53970999971655, 0.0 ], [ 106.740590000328481, -6.53972000017772, 0.0 ], [ 106.740659999959192, -6.53972000017772, 0.0 ], [ 106.740729999590002, -6.53972000017772, 0.0 ], [ 106.740800000120075, -6.539729999739521, 0.0 ], [ 106.740869999750885, -6.539729999739521, 0.0 ], [ 106.740940000280972, -6.539740000200691, 0.0 ], [ 106.741009999911768, -6.539740000200691, 0.0 ], [ 106.741090000003652, -6.539749999762492, 0.0 ], [ 106.741190000118593, -6.539760000223662, 0.0 ], [ 106.741259999749403, -6.539780000246633, 0.0 ], [ 106.741330000279476, -6.539809999831405, 0.0 ], [ 106.741379999887315, -6.539840000315635, 0.0 ], [ 106.741439999956228, -6.539880000361578, 0.0 ], [ 106.741500000025141, -6.539940000430491, 0.0 ], [ 106.74154999963288, -6.539999999600123, 0.0 ], [ 106.741638047757846, -6.539894858960373, 0.0 ], [ 106.741697295993589, -6.539824110194417, 0.0 ] ] ] ] } }
]
}
