{
"type": "FeatureCollection",
"name": "GUNUNG-SINDUR",
"crs": { "type": "name", "properties": { "name": "urn:ogc:def:crs:OGC:1.3:CRS84" } },
"features": [
{ "type": "Feature", "properties": { "PROVNO": "32", "KABKOTNO": "01", "KECNO": "250", "DESANO": "001", "PROVINSI": "JAWA BARAT", "KABKOT": "BOGOR", "KECAMATAN": "GUNUNG SINDUR", "ID2013": "3201250001", "DESA": "JAMPANG", "DESA_1": "JAMPANG", "ID2012": "3201250001", "IDKAB2": "3201", "IDKEC_2": "3201250", "WILAYAH": "TENGAH" }, "geometry": { "type": "MultiPolygon", "coordinates": [ [ [ [ 106.665849999877736, -6.394949999742519, 0.0 ], [ 106.665809999831794, -6.395009999811432, 0.0 ], [ 106.665769999785851, -6.395080000341604, 0.0 ], [ 106.665789999808823, -6.395140000410517, 0.0 ], [ 106.665869999900707, -6.395169999995378, 0.0 ], [ 106.666019999623487, -6.395250000087263, 0.0 ], [ 106.6660799996924, -6.395339999741037, 0.0 ], [ 106.666150000222487, -6.395479999901923, 0.0 ], [ 106.666210000291485, -6.395499999924894, 0.0 ], [ 106.666299999945267, -6.395439999855981, 0.0 ], [ 106.666469999690918, -6.395290000133205, 0.0 ], [ 106.666609999851801, -6.395330000179236, 0.0 ], [ 106.666729999989727, -6.395379999786979, 0.0 ], [ 106.666799999620437, -6.395310000156176, 0.0 ], [ 106.66693999978132, -6.395190000018349, 0.0 ], [ 106.667010000311407, -6.395270000110234, 0.0 ], [ 106.667110000426348, -6.395559999993807, 0.0 ], [ 106.667260000149042, -6.395999999600157, 0.0 ], [ 106.667340000241012, -6.396079999692041, 0.0 ], [ 106.667500000424866, -6.396179999806986, 0.0 ], [ 106.667830000354385, -6.396400000059757, 0.0 ], [ 106.667929999569964, -6.396520000197672, 0.0 ], [ 106.667960000054109, -6.396640000335587, 0.0 ], [ 106.667929999569964, -6.396850000127277, 0.0 ], [ 106.667839999916183, -6.396990000288074, 0.0 ], [ 106.667750000262501, -6.397189999618593, 0.0 ], [ 106.667710000216559, -6.397369999825422, 0.0 ], [ 106.667750000262501, -6.397440000355594, 0.0 ], [ 106.667819999893212, -6.397469999940366, 0.0 ], [ 106.667920000008166, -6.397429999894424, 0.0 ], [ 106.668109999776874, -6.397349999802451, 0.0 ], [ 106.668229999914701, -6.397360000263621, 0.0 ], [ 106.668410000121625, -6.397420000332623, 0.0 ], [ 106.668769999635998, -6.39757000005531, 0.0 ], [ 106.668949999842738, -6.397679999732055, 0.0 ], [ 106.669049999957679, -6.397799999869971, 0.0 ], [ 106.669060000418852, -6.397899999984915, 0.0 ], [ 106.669040000395881, -6.398100000214715, 0.0 ], [ 106.668980000326968, -6.39820999989146, 0.0 ], [ 106.668860000189056, -6.398269999960373, 0.0 ], [ 106.668479999752336, -6.398439999706032, 0.0 ], [ 106.668100000214991, -6.398720000027804, 0.0 ], [ 106.667969999615991, -6.398869999750492, 0.0 ], [ 106.667960000054109, -6.398980000326606, 0.0 ], [ 106.668000000100136, -6.399060000418491, 0.0 ], [ 106.66808000019202, -6.399090000003351, 0.0 ], [ 106.668269999960728, -6.39908000044155, 0.0 ], [ 106.668399999660451, -6.399119999588123, 0.0 ], [ 106.668470000190538, -6.399190000118296, 0.0 ], [ 106.668439999706393, -6.399250000187209, 0.0 ], [ 106.668374743100145, -6.399308007358542, 0.0 ], [ 106.668350000052612, -6.399330000279093, 0.0 ], [ 106.668129999799845, -6.399430000394037, 0.0 ], [ 106.668069999730932, -6.39948999956367, 0.0 ], [ 106.667879999962224, -6.399749999862383, 0.0 ], [ 106.667790000308443, -6.400010000161185, 0.0 ], [ 106.667630000124589, -6.400250000437016, 0.0 ], [ 106.66736999982578, -6.400629999974363, 0.0 ], [ 106.667240000126071, -6.400950000342078, 0.0 ], [ 106.667229999664897, -6.401060000018823, 0.0 ], [ 106.667289999733896, -6.401120000087737, 0.0 ], [ 106.667420000332896, -6.401140000110708, 0.0 ], [ 106.667659999709358, -6.40120000017971, 0.0 ], [ 106.667790000308443, -6.401309999856455, 0.0 ], [ 106.667819999893212, -6.40140999997131, 0.0 ], [ 106.667779999847269, -6.401530000109226, 0.0 ], [ 106.667690000193588, -6.401880000061801, 0.0 ], [ 106.667750000262501, -6.401929999669544, 0.0 ], [ 106.667870000400413, -6.401940000130804, 0.0 ], [ 106.667989999638962, -6.401969999715575, 0.0 ], [ 106.668060000169049, -6.40204999980746, 0.0 ], [ 106.668060000169049, -6.402056337329967, 0.0 ], [ 106.668060000169049, -6.402149999922404, 0.0 ], [ 106.667980000077165, -6.402359999714093, 0.0 ], [ 106.667899999985195, -6.40249000031309, 0.0 ], [ 106.667879999962224, -6.402559999943893, 0.0 ], [ 106.667879999962224, -6.402640000035866, 0.0 ], [ 106.667929999569964, -6.40270000010478, 0.0 ], [ 106.668120000237963, -6.402880000311608, 0.0 ], [ 106.668129999799845, -6.403000000449524, 0.0 ], [ 106.66808000019202, -6.4033599999639, 0.0 ], [ 106.668260000398845, -6.40354999973253, 0.0 ], [ 106.66840676615945, -6.403860799136432, 0.0 ], [ 106.668430000144596, -6.403910000146276, 0.0 ], [ 106.668399999660451, -6.404059999868963, 0.0 ], [ 106.668359999614424, -6.40422000005282, 0.0 ], [ 106.668419999683422, -6.404409999821539, 0.0 ], [ 106.668439999706393, -6.404579999567108, 0.0 ], [ 106.668430000144596, -6.404730000189165, 0.0 ], [ 106.668419999683422, -6.404870000350051, 0.0 ], [ 106.668439999706393, -6.405020000072827, 0.0 ], [ 106.668510000236481, -6.405109999726601, 0.0 ], [ 106.668800000120058, -6.405379999587115, 0.0 ], [ 106.668960000303997, -6.405550000232143, 0.0 ], [ 106.66902000037291, -6.405710000416001, 0.0 ], [ 106.669179999657487, -6.405940000230661, 0.0 ], [ 106.669259999749372, -6.406159999584151, 0.0 ], [ 106.669379999887283, -6.406419999882953, 0.0 ], [ 106.669379999887283, -6.406490000413037, 0.0 ], [ 106.669350000302515, -6.406760000273639, 0.0 ], [ 106.669330000279459, -6.406889999973355, 0.0 ], [ 106.669299999795314, -6.407030000134242, 0.0 ], [ 106.669279999772343, -6.4071999998799, 0.0 ], [ 106.669299999795314, -6.407409999671589, 0.0 ], [ 106.669399999910254, -6.40762999992436, 0.0 ], [ 106.669480000002139, -6.407699999555163, 0.0 ], [ 106.669600000140065, -6.407710000016333, 0.0 ], [ 106.669829999954715, -6.407770000085335, 0.0 ], [ 106.669910000046599, -6.40783999971605, 0.0 ], [ 106.669910000046599, -6.407930000269104, 0.0 ], [ 106.66993000006957, -6.408109999576652, 0.0 ], [ 106.669994411313198, -6.408190514080783, 0.0 ], [ 106.67001000016154, -6.408209999691596, 0.0 ], [ 106.670130000299466, -6.40828000022168, 0.0 ], [ 106.670649999997693, -6.408519999598141, 0.0 ], [ 106.671030000434413, -6.408799999919914, 0.0 ], [ 106.671089999603964, -6.40892999961963, 0.0 ], [ 106.671129999649992, -6.409169999895461, 0.0 ], [ 106.671140000111066, -6.409290000033288, 0.0 ], [ 106.671149999672963, -6.409379999687062, 0.0 ], [ 106.670970000365415, -6.409450000217234, 0.0 ], [ 106.669359999864312, -6.410359999913897, 0.0 ], [ 106.668510000236481, -6.410649999797471, 0.0 ], [ 106.667940000031138, -6.410709999866384, 0.0 ], [ 106.667169999595984, -6.410560000143697, 0.0 ], [ 106.666580000266947, -6.410549999682615, 0.0 ], [ 106.66651757472647, -6.410560984901394, 0.0 ], [ 106.664249999837821, -6.410959999704104, 0.0 ], [ 106.663520000347887, -6.411190000418046, 0.0 ], [ 106.663030000234428, -6.411269999610649, 0.0 ], [ 106.662489999613939, -6.411349999702534, 0.0 ], [ 106.662279999822346, -6.41150000032459, 0.0 ], [ 106.661949999892741, -6.411619999563225, 0.0 ], [ 106.660599999690447, -6.412269999860456, 0.0 ], [ 106.660285167726485, -6.412279260179545, 0.0 ], [ 106.65958000031695, -6.412300000344597, 0.0 ], [ 106.659340000041112, -6.412320000367568, 0.0 ], [ 106.659250000387345, -6.41234000039054, 0.0 ], [ 106.659139999811316, -6.41234000039054, 0.0 ], [ 106.65878999985874, -6.412659999858974, 0.0 ], [ 106.658580000067147, -6.412829999604632, 0.0 ], [ 106.658510000436337, -6.412869999650574, 0.0 ], [ 106.658430000344453, -6.412909999696605, 0.0 ], [ 106.658219999653483, -6.412940000180658, 0.0 ], [ 106.658139999561513, -6.41300000024966, 0.0 ], [ 106.657989999838733, -6.413020000272631, 0.0 ], [ 106.657809999631993, -6.413020000272631, 0.0 ], [ 106.657719999978227, -6.412969999765519, 0.0 ], [ 106.657559999794358, -6.412880000111745, 0.0 ], [ 106.657490000163563, -6.412860000088774, 0.0 ], [ 106.65691999995822, -6.412719999927887, 0.0 ], [ 106.656730000189583, -6.413089999903434, 0.0 ], [ 106.656610000051586, -6.413519999947894, 0.0 ], [ 106.656590000028615, -6.413589999578697, 0.0 ], [ 106.656579999567526, -6.41364999964761, 0.0 ], [ 106.656560000443847, -6.413729999739495, 0.0 ], [ 106.656500000374834, -6.413809999831468, 0.0 ], [ 106.656260000099095, -6.41386999990047, 0.0 ], [ 106.656059999869299, -6.413940000430465, 0.0 ], [ 106.655970000215518, -6.413970000015325, 0.0 ], [ 106.655790000008693, -6.414019999623157, 0.0 ], [ 106.655790000008693, -6.414049586419104, 0.0 ], [ 106.655790000008693, -6.414190000268185, 0.0 ], [ 106.655299999895234, -6.414290000383041, 0.0 ], [ 106.655370000425407, -6.414799999620104, 0.0 ], [ 106.655399499087764, -6.414979941371026, 0.0 ], [ 106.655469999640985, -6.415409999871393, 0.0 ], [ 106.655500000125031, -6.415899999984855, 0.0 ], [ 106.655469999640985, -6.416319999568145, 0.0 ], [ 106.655460000079088, -6.416530000259204, 0.0 ], [ 106.655409999571972, -6.416700000004862, 0.0 ], [ 106.654629999574937, -6.416740000050805, 0.0 ], [ 106.654109999876795, -6.416720000027833, 0.0 ], [ 106.653599999740365, -6.416690000442973, 0.0 ], [ 106.653240000225992, -6.416619999912889, 0.0 ], [ 106.653100000065095, -6.416479999752003, 0.0 ], [ 106.653030000434384, -6.416470000190202, 0.0 ], [ 106.652779999697472, -6.416450000167231, 0.0 ], [ 106.652239999976175, -6.416379999637147, 0.0 ], [ 106.651910000046655, -6.416289999983373, 0.0 ], [ 106.651709999816859, -6.416240000375542, 0.0 ], [ 106.651509999586978, -6.416189999868429, 0.0 ], [ 106.651279999772314, -6.416069999730514, 0.0 ], [ 106.651170000095561, -6.416029999684572, 0.0 ], [ 106.651009999911793, -6.416060000168713, 0.0 ], [ 106.650860000189027, -6.416160000283657, 0.0 ], [ 106.650619999913289, -6.416350000052287, 0.0 ], [ 106.650269999960699, -6.416390000098229, 0.0 ], [ 106.650040000146049, -6.416390000098229, 0.0 ], [ 106.649879999962195, -6.416390000098229, 0.0 ], [ 106.649770000285443, -6.416379999637147, 0.0 ], [ 106.649030000334434, -6.416379999637147, 0.0 ], [ 106.649070000380377, -6.416269999960402, 0.0 ], [ 106.649220000103071, -6.41577999984694, 0.0 ], [ 106.649489999963663, -6.415269999710596, 0.0 ], [ 106.649735523875535, -6.41497425495773, 0.0 ], [ 106.64992999957002, -6.414739999551191, 0.0 ], [ 106.650619999913289, -6.413330000179176, 0.0 ], [ 106.650720000028144, -6.412829999604632, 0.0 ], [ 106.650760000074087, -6.411999999999853, 0.0 ], [ 106.650599999890218, -6.411300000094702, 0.0 ], [ 106.650189999868729, -6.410669999820442, 0.0 ], [ 106.649539999571502, -6.410270000260123, 0.0 ], [ 106.648979999827333, -6.410130000099326, 0.0 ], [ 106.648279999922266, -6.410190000168239, 0.0 ], [ 106.647373850223161, -6.410288852748138, 0.0 ], [ 106.647179999557508, -6.410310000306065, 0.0 ], [ 106.646269999860849, -6.410279999821924, 0.0 ], [ 106.64571000011658, -6.41002000042258, 0.0 ], [ 106.645449999817785, -6.409479999802006, 0.0 ], [ 106.645449999817785, -6.409279999572206, 0.0 ], [ 106.645429999794814, -6.408969999665572, 0.0 ], [ 106.645600000439842, -6.408559999644083, 0.0 ], [ 106.645930429346038, -6.408273049361615, 0.0 ], [ 106.645979999977186, -6.408229999714568, 0.0 ], [ 106.646550000182529, -6.407890000223162, 0.0 ], [ 106.647339999741376, -6.407170000295128, 0.0 ], [ 106.648170000245514, -6.406250000137206, 0.0 ], [ 106.648180275899179, -6.406225478323027, 0.0 ], [ 106.648475588078071, -6.405520756077845, 0.0 ], [ 106.648609999851772, -6.405200000279656, 0.0 ], [ 106.648620000312945, -6.404770000235107, 0.0 ], [ 106.648520000198005, -6.404070000330044, 0.0 ], [ 106.64833999999118, -6.403219999803014, 0.0 ], [ 106.6483325482087, -6.403194662303626, 0.0 ], [ 106.648090000153545, -6.402370000175175, 0.0 ], [ 106.647849999877806, -6.401739999900915, 0.0 ], [ 106.647519999948202, -6.401120000087737, 0.0 ], [ 106.647179999557508, -6.400640000435445, 0.0 ], [ 106.64678999955899, -6.400269999560706, 0.0 ], [ 106.646340000390836, -6.400050000207127, 0.0 ], [ 106.646049999607982, -6.399829999954356, 0.0 ], [ 106.645870000300448, -6.399620000162756, 0.0 ], [ 106.64577999974739, -6.399299999795041, 0.0 ], [ 106.645690000093609, -6.398769999635547, 0.0 ], [ 106.645569999955697, -6.398060000168684, 0.0 ], [ 106.645420219667614, -6.39762387574109, 0.0 ], [ 106.645229999565004, -6.397070000380047, 0.0 ], [ 106.6448701439422, -6.396542769233218, 0.0 ], [ 106.64480000041992, -6.396440000105788, 0.0 ], [ 106.644739581266862, -6.396364812286084, 0.0 ], [ 106.644350000352404, -6.395880000361522, 0.0 ], [ 106.643889999823799, -6.395390000248149, 0.0 ], [ 106.643110709391877, -6.39390744627141, 0.0 ], [ 106.64306999978082, -6.393830000254166, 0.0 ], [ 106.642320000268015, -6.392440000005841, 0.0 ], [ 106.642185978800043, -6.392114521867533, 0.0 ], [ 106.642017094213728, -6.391704369860598, 0.0 ], [ 106.641970000315439, -6.391590000378091, 0.0 ], [ 106.641810000131585, -6.390579999667025, 0.0 ], [ 106.641810000131585, -6.390039999945909, 0.0 ], [ 106.641930000269497, -6.38962999992442, 0.0 ], [ 106.642149999622987, -6.3891799998569, 0.0 ], [ 106.642519999598449, -6.38876000027361, 0.0 ], [ 106.642521868389707, -6.38875826817932, 0.0 ], [ 106.64306999978082, -6.388250000137266, 0.0 ], [ 106.643789999708858, -6.387450000117258, 0.0 ], [ 106.644259999799345, -6.386679999682112, 0.0 ], [ 106.644589999728865, -6.385890000123275, 0.0 ], [ 106.64485000002766, -6.385469999640616, 0.0 ], [ 106.645139999911237, -6.385139999711011, 0.0 ], [ 106.645220000003206, -6.385059999619127, 0.0 ], [ 106.645610000001639, -6.384649999597638, 0.0 ], [ 106.646061990268805, -6.38430034678338, 0.0 ], [ 106.64614000016104, -6.384239999576149, 0.0 ], [ 106.646989999788886, -6.383670000270083, 0.0 ], [ 106.648179999807326, -6.382730000089278, 0.0 ], [ 106.648848146624829, -6.38196724818977, 0.0 ], [ 106.649309999756838, -6.381439999955898, 0.0 ], [ 106.649839999916253, -6.38084999972758, 0.0 ], [ 106.650479999752307, -6.381459999978869, 0.0 ], [ 106.651450000417341, -6.381930000069271, 0.0 ], [ 106.65235111840957, -6.382351491627904, 0.0 ], [ 106.652596171975887, -6.382466113819909, 0.0 ], [ 106.653309999856788, -6.382799999720081, 0.0 ], [ 106.653409999971728, -6.382890000273136, 0.0 ], [ 106.653439999556497, -6.383060000018794, 0.0 ], [ 106.653409999971728, -6.383630000224141, 0.0 ], [ 106.653409999971728, -6.383799999969888, 0.0 ], [ 106.653490000063613, -6.384169999945346, 0.0 ], [ 106.653630000224496, -6.384510000336121, 0.0 ], [ 106.653770000385393, -6.38470999966664, 0.0 ], [ 106.65420999999165, -6.385279999871987, 0.0 ], [ 106.654250000037592, -6.3855499997325, 0.0 ], [ 106.654239999576504, -6.385760000423559, 0.0 ], [ 106.654080000291941, -6.386349999752596, 0.0 ], [ 106.653940000131044, -6.386890000373082, 0.0 ], [ 106.653980000177086, -6.386989999588657, 0.0 ], [ 106.65406000026897, -6.387060000118741, 0.0 ], [ 106.654219999553533, -6.387120000187654, 0.0 ], [ 106.654459999829371, -6.387220000302598, 0.0 ], [ 106.654749999712863, -6.387289999933401, 0.0 ], [ 106.654999999550483, -6.387359999564204, 0.0 ], [ 106.655449999618014, -6.387590000278145, 0.0 ], [ 106.655529999709898, -6.387730000439031, 0.0 ], [ 106.655569999755841, -6.387889999723519, 0.0 ], [ 106.655620000262942, -6.388150000022321, 0.0 ], [ 106.655709999916724, -6.38833999979104, 0.0 ], [ 106.65579999957049, -6.388410000321034, 0.0 ], [ 106.65601000026146, -6.388470000390036, 0.0 ], [ 106.656180000007211, -6.388470000390036, 0.0 ], [ 106.656300000145038, -6.388430000344094, 0.0 ], [ 106.656369999775848, -6.38833999979104, 0.0 ], [ 106.656429999844846, -6.388120000437461, 0.0 ], [ 106.65648252744684, -6.387999939145708, 0.0 ], [ 106.656500000374834, -6.387960000253692, 0.0 ], [ 106.656659999659411, -6.387760000023803, 0.0 ], [ 106.656750000212554, -6.387730000439031, 0.0 ], [ 106.656870000350381, -6.387679999931919, 0.0 ], [ 106.657410000071593, -6.38726999991043, 0.0 ], [ 106.657590000278418, -6.387149999772515, 0.0 ], [ 106.657730000439386, -6.387129999749543, 0.0 ], [ 106.657969999815762, -6.387160000233685, 0.0 ], [ 106.658139999561513, -6.387240000325658, 0.0 ], [ 106.658230000114571, -6.387329999979343, 0.0 ], [ 106.658270000160513, -6.387519999747973, 0.0 ], [ 106.658270000160513, -6.387619999862917, 0.0 ], [ 106.658270000160513, -6.387789999608664, 0.0 ], [ 106.658270000160513, -6.388170000045292, 0.0 ], [ 106.658279999722396, -6.388950000042328, 0.0 ], [ 106.658339999791309, -6.389090000203126, 0.0 ], [ 106.658459999929221, -6.389219999902931, 0.0 ], [ 106.658769999835769, -6.389460000178673, 0.0 ], [ 106.659030000134578, -6.389469999740562, 0.0 ], [ 106.659179999857258, -6.389469999740562, 0.0 ], [ 106.659259999949228, -6.38940000010976, 0.0 ], [ 106.659460000179038, -6.389219999902931, 0.0 ], [ 106.659529999809834, -6.389239999925902, 0.0 ], [ 106.659609999901718, -6.389349999602647, 0.0 ], [ 106.659680000431891, -6.389500000224615, 0.0 ], [ 106.659819999693411, -6.389899999785023, 0.0 ], [ 106.65991000024647, -6.389890000223133, 0.0 ], [ 106.659979999877265, -6.389859999738992, 0.0 ], [ 106.660100000015177, -6.389819999693049, 0.0 ], [ 106.660619999713418, -6.389580000316588, 0.0 ], [ 106.660774368342587, -6.389456506312587, 0.0 ], [ 106.660819999943214, -6.389420000132731, 0.0 ], [ 106.660929999619967, -6.389420000132731, 0.0 ], [ 106.661029999734907, -6.389460000178673, 0.0 ], [ 106.66100000015004, -6.389529999809476, 0.0 ], [ 106.660929999619967, -6.389620000362619, 0.0 ], [ 106.660859999989157, -6.389759999624136, 0.0 ], [ 106.660869999551053, -6.38983999971602, 0.0 ], [ 106.660949999642938, -6.389950000292135, 0.0 ], [ 106.661117111665561, -6.390130754130876, 0.0 ], [ 106.661439999756311, -6.39047999955217, 0.0 ], [ 106.661539999871252, -6.390619999713056, 0.0 ], [ 106.661530000309455, -6.390710000266111, 0.0 ], [ 106.661479999802339, -6.390759999873943, 0.0 ], [ 106.66135000010253, -6.390779999896914, 0.0 ], [ 106.661160000333993, -6.390839999965827, 0.0 ], [ 106.66100000015004, -6.390929999619601, 0.0 ], [ 106.660960000104097, -6.391049999757517, 0.0 ], [ 106.66100000015004, -6.391220000402544, 0.0 ], [ 106.66106999978085, -6.391350000102261, 0.0 ], [ 106.661180000356964, -6.391399999710092, 0.0 ], [ 106.661330000079559, -6.391390000148292, 0.0 ], [ 106.661550000332426, -6.391419999733063, 0.0 ], [ 106.661780000147075, -6.391439999756034, 0.0 ], [ 106.661920000307973, -6.391419999733063, 0.0 ], [ 106.662050000007682, -6.391310000056318, 0.0 ], [ 106.662250000237492, -6.391169999895432, 0.0 ], [ 106.662430000444317, -6.391189999918403, 0.0 ], [ 106.662500000075113, -6.391299999595148, 0.0 ], [ 106.662529999659881, -6.391499999824948, 0.0 ], [ 106.662560000144111, -6.391709999616637, 0.0 ], [ 106.662629999774836, -6.391720000077807, 0.0 ], [ 106.662839999566529, -6.391680000031865, 0.0 ], [ 106.663050000257499, -6.391650000447004, 0.0 ], [ 106.663159999934237, -6.391709999616637, 0.0 ], [ 106.663130000349383, -6.391820000192663, 0.0 ], [ 106.662839999566529, -6.392150000122268, 0.0 ], [ 106.662740000350951, -6.392119999638126, 0.0 ], [ 106.662469999590968, -6.392079999592184, 0.0 ], [ 106.662379999937201, -6.392119999638126, 0.0 ], [ 106.662339999891259, -6.392210000191181, 0.0 ], [ 106.662370000375404, -6.392279999821984, 0.0 ], [ 106.662440000006114, -6.392339999890897, 0.0 ], [ 106.662700000304909, -6.392520000097726, 0.0 ], [ 106.662709999866806, -6.39262000021267, 0.0 ], [ 106.662669999820864, -6.393389999748536, 0.0 ], [ 106.662669999820864, -6.393460000278619, 0.0 ], [ 106.662740000350951, -6.393520000347532, 0.0 ], [ 106.662820000442835, -6.393520000347532, 0.0 ], [ 106.662962239016281, -6.393537779944438, 0.0 ], [ 106.662979999727412, -6.393540000370503, 0.0 ], [ 106.663050000257499, -6.393630000024277, 0.0 ], [ 106.663060525922717, -6.393661577919332, 0.0 ], [ 106.663090000303441, -6.393750000162282, 0.0 ], [ 106.663050000257499, -6.393850000277137, 0.0 ], [ 106.662950000142544, -6.393970000415052, 0.0 ], [ 106.662800000419864, -6.394060000068826, 0.0 ], [ 106.662689999843835, -6.394140000160711, 0.0 ], [ 106.662640000235996, -6.394260000298626, 0.0 ], [ 106.662660000258967, -6.394399999560143, 0.0 ], [ 106.662709999866806, -6.394479999652116, 0.0 ], [ 106.662850000027689, -6.3945500001822, 0.0 ], [ 106.663139999911266, -6.394639999835974, 0.0 ], [ 106.663480000301945, -6.394750000412088, 0.0 ], [ 106.66365000004761, -6.394800000019831, 0.0 ], [ 106.663710000116524, -6.394840000065773, 0.0 ], [ 106.663879999862274, -6.394940000180718, 0.0 ], [ 106.664120000138098, -6.395169999995378, 0.0 ], [ 106.66424000027601, -6.395370000225178, 0.0 ], [ 106.664320000367894, -6.395689999693523, 0.0 ], [ 106.664399999560501, -6.39605999966907, 0.0 ], [ 106.664479999652386, -6.39605999966907, 0.0 ], [ 106.6645900002285, -6.395990000038267, 0.0 ], [ 106.664710000366426, -6.395940000430524, 0.0 ], [ 106.66477000043534, -6.395970000015296, 0.0 ], [ 106.664960000204047, -6.396090000153212, 0.0 ], [ 106.665029999834857, -6.39605999966907, 0.0 ], [ 106.665149999972684, -6.395949999992325, 0.0 ], [ 106.665210000041682, -6.395829999854499, 0.0 ], [ 106.665250000087624, -6.39562999962461, 0.0 ], [ 106.665299999695364, -6.39543000029418, 0.0 ], [ 106.665459999879232, -6.395100000364575, 0.0 ], [ 106.665559999994173, -6.395009999811432, 0.0 ], [ 106.665689999693882, -6.39496999976549, 0.0 ], [ 106.665849999877736, -6.394949999742519, 0.0 ] ] ] ] } },
{ "type": "Feature", "properties": { "PROVNO": "32", "KABKOTNO": "01", "KECNO": "250", "DESANO": "002", "PROVINSI": "JAWA BARAT", "KABKOT": "BOGOR", "KECAMATAN": "GUNUNG SINDUR", "ID2013": "3201250002", "DESA": "CIBADUNG", "DESA_1": "CIBADUNG", "ID2012": "3201250002", "IDKAB2": "3201", "IDKEC_2": "3201250", "WILAYAH": "TENGAH" }, "geometry": { "type": "MultiPolygon", "coordinates": [ [ [ [ 106.680097317837095, -6.390526412663657, 0.0 ], [ 106.680023105781842, -6.390732673074275, 0.0 ], [ 106.679926445749061, -6.390947266602911, 0.0 ], [ 106.679801181879213, -6.391347012554451, 0.0 ], [ 106.679665769160039, -6.391620172632742, 0.0 ], [ 106.679364718407186, -6.391854914572495, 0.0 ], [ 106.678849664980248, -6.392148794131405, 0.0 ], [ 106.678655390733866, -6.392285786959331, 0.0 ], [ 106.678629696203728, -6.392289299711287, 0.0 ], [ 106.678610069399369, -6.392308075756983, 0.0 ], [ 106.678491536955065, -6.392421464079092, 0.0 ], [ 106.678424550952457, -6.392451882748009, 0.0 ], [ 106.678417629769982, -6.392455025878565, 0.0 ], [ 106.678406784845464, -6.3925556636128, 0.0 ], [ 106.678359057824466, -6.392848017921562, 0.0 ], [ 106.678359414855223, -6.392957591319561, 0.0 ], [ 106.67831145041329, -6.393176896396504, 0.0 ], [ 106.678224151423649, -6.393362831229545, 0.0 ], [ 106.678202673814454, -6.39340857524541, 0.0 ], [ 106.678155105973502, -6.393749627842951, 0.0 ], [ 106.678095487217163, -6.394127245076167, 0.0 ], [ 106.677974978062963, -6.394492886037675, 0.0 ], [ 106.677965753716776, -6.394563861432925, 0.0 ], [ 106.677927490261624, -6.394858287779606, 0.0 ], [ 106.677879881951171, -6.395187166254548, 0.0 ], [ 106.677892806108289, -6.39541844760311, 0.0 ], [ 106.67789838460294, -6.395537838899958, 0.0 ], [ 106.677919999808296, -6.395539999970836, 0.0 ], [ 106.678100000015121, -6.395709999716495, 0.0 ], [ 106.678249999737901, -6.395880000361522, 0.0 ], [ 106.678289999783843, -6.395999999600157, 0.0 ], [ 106.678269999760872, -6.396179999806986, 0.0 ], [ 106.678269999760872, -6.396400000059757, 0.0 ], [ 106.678380000336901, -6.396620000312616, 0.0 ], [ 106.678329999829785, -6.396810000081334, 0.0 ], [ 106.678287556325785, -6.396993924030205, 0.0 ], [ 106.678269999760872, -6.397070000380047, 0.0 ], [ 106.678300000245017, -6.397130000449049, 0.0 ], [ 106.678630000174536, -6.39734000024065, 0.0 ], [ 106.67865999975939, -6.397480000401536, 0.0 ], [ 106.678621655365333, -6.39764296475084, 0.0 ], [ 106.678619999713362, -6.397650000147195, 0.0 ], [ 106.678530000059681, -6.397719999777998, 0.0 ], [ 106.678400000359872, -6.397830000354112, 0.0 ], [ 106.678380000336901, -6.398069999730485, 0.0 ], [ 106.678340000290959, -6.398359999614147, 0.0 ], [ 106.67836000031393, -6.398479999751974, 0.0 ], [ 106.678460000428871, -6.398519999798005, 0.0 ], [ 106.67865999975939, -6.398590000328088, 0.0 ], [ 106.678859999989186, -6.398709999566634, 0.0 ], [ 106.679450000217514, -6.399139999611094, 0.0 ], [ 106.680050000007625, -6.399379999886925, 0.0 ], [ 106.680119999638436, -6.39948999956367, 0.0 ], [ 106.68013522426142, -6.399596569226098, 0.0 ], [ 106.680139999661407, -6.399629999724556, 0.0 ], [ 106.680170000145537, -6.3999300000693, 0.0 ], [ 106.680279999822289, -6.400059999769017, 0.0 ], [ 106.680410000421375, -6.400159999883961, 0.0 ], [ 106.680850000027633, -6.400320000067818, 0.0 ], [ 106.681059999819325, -6.400369999675561, 0.0 ], [ 106.68124000002615, -6.400480000251676, 0.0 ], [ 106.681400000210004, -6.400489999813477, 0.0 ], [ 106.6816000004399, -6.400469999790506, 0.0 ], [ 106.681850000277436, -6.400409999721504, 0.0 ], [ 106.681950000392391, -6.400380000136732, 0.0 ], [ 106.682020000023186, -6.400420000182674, 0.0 ], [ 106.682220000252983, -6.40056000034356, 0.0 ], [ 106.682639999836283, -6.400620000412474, 0.0 ], [ 106.682739999951224, -6.400679999582195, 0.0 ], [ 106.682750000412298, -6.400750000112279, 0.0 ], [ 106.682779999997166, -6.400890000273165, 0.0 ], [ 106.682880000112107, -6.400950000342078, 0.0 ], [ 106.683339999741335, -6.401129999649626, 0.0 ], [ 106.683361427887704, -6.401138241936124, 0.0 ], [ 106.683600000040144, -6.401229999764482, 0.0 ], [ 106.68374999976291, -6.401360000363567, 0.0 ], [ 106.683829999854794, -6.401490000063284, 0.0 ], [ 106.683979999577488, -6.401819999992799, 0.0 ], [ 106.684110000176574, -6.402180000406545, 0.0 ], [ 106.684239999876198, -6.402499999874891, 0.0 ], [ 106.684389999598977, -6.402889999873409, 0.0 ], [ 106.684322539653607, -6.403083946766532, 0.0 ], [ 106.68431000040637, -6.403119999688069, 0.0 ], [ 106.684707212068332, -6.402939092065321, 0.0 ], [ 106.685320000217985, -6.402660000058837, 0.0 ], [ 106.685910000446299, -6.402109999876373, 0.0 ], [ 106.686180000306905, -6.401439999556171, 0.0 ], [ 106.686310000006614, -6.401129999649626, 0.0 ], [ 106.68651000023651, -6.400890000273165, 0.0 ], [ 106.686690000443335, -6.400790000158221, 0.0 ], [ 106.686929999819796, -6.400799999720022, 0.0 ], [ 106.687190000118591, -6.400970000365049, 0.0 ], [ 106.687439999956226, -6.401490000063284, 0.0 ], [ 106.68801999972338, -6.40270999966658, 0.0 ], [ 106.68867999958249, -6.403279999871927, 0.0 ], [ 106.689169999695878, -6.403449999617674, 0.0 ], [ 106.689510000086642, -6.403529999709558, 0.0 ], [ 106.689759999924192, -6.403580000216671, 0.0 ], [ 106.690399999760331, -6.403749999962329, 0.0 ], [ 106.690680000082111, -6.403839999616103, 0.0 ], [ 106.690769999735892, -6.403890000123216, 0.0 ], [ 106.690909999896775, -6.403959999754019, 0.0 ], [ 106.691099999665397, -6.403959999754019, 0.0 ], [ 106.691379999987177, -6.403930000169247, 0.0 ], [ 106.691469999640944, -6.403919999708076, 0.0 ], [ 106.691669999870754, -6.403870000100245, 0.0 ], [ 106.691859999639462, -6.403819999593132, 0.0 ], [ 106.692030000284404, -6.404059999868963, 0.0 ], [ 106.692320000168067, -6.404469999890452, 0.0 ], [ 106.692369999775806, -6.404509999936394, 0.0 ], [ 106.692610000051644, -6.404870000350051, 0.0 ], [ 106.693009999611959, -6.405419999633146, 0.0 ], [ 106.693209999841756, -6.405670000370058, 0.0 ], [ 106.69332000041787, -6.405860000138688, 0.0 ], [ 106.693670000370361, -6.406319999768009, 0.0 ], [ 106.69386999970088, -6.406640000135724, 0.0 ], [ 106.694179999607428, -6.407059999719014, 0.0 ], [ 106.694230000114629, -6.407099999765045, 0.0 ], [ 106.694506863600992, -6.407501898693493, 0.0 ], [ 106.694540000021163, -6.407549999832476, 0.0 ], [ 106.694654840748498, -6.407706010623695, 0.0 ], [ 106.695070000180493, -6.40826999976051, 0.0 ], [ 106.695230000364432, -6.408429999944367, 0.0 ], [ 106.695759999624471, -6.408969999665572, 0.0 ], [ 106.6958700002005, -6.409169999895461, 0.0 ], [ 106.695930000269499, -6.409399999710033, 0.0 ], [ 106.695919999808325, -6.409530000309118, 0.0 ], [ 106.695890000223557, -6.409800000169721, 0.0 ], [ 106.695859999739326, -6.410079999592124, 0.0 ], [ 106.695859999739326, -6.410350000352096, 0.0 ], [ 106.695830000154558, -6.410540000120726, 0.0 ], [ 106.695790000108616, -6.411039999795989, 0.0 ], [ 106.695729967664079, -6.41216379891997, 0.0 ], [ 106.695727596151855, -6.412208201147376, 0.0 ], [ 106.695307354650879, -6.412242296244788, 0.0 ], [ 106.695129493931205, -6.412185522044069, 0.0 ], [ 106.694765880041544, -6.412069452842797, 0.0 ], [ 106.69431918228463, -6.412064452612256, 0.0 ], [ 106.69426513662691, -6.412053968315803, 0.0 ], [ 106.693826869114929, -6.411968940114345, 0.0 ], [ 106.692737779325199, -6.411695560601451, 0.0 ], [ 106.692731914846163, -6.41169409020991, 0.0 ], [ 106.692065029777496, -6.411663910760659, 0.0 ], [ 106.69174793062264, -6.411697336762536, 0.0 ], [ 106.690840000265965, -6.411850000277166, 0.0 ], [ 106.690736621398102, -6.41188774122611, 0.0 ], [ 106.690376576018366, -6.412019183438424, 0.0 ], [ 106.688246806045456, -6.412039151985152, 0.0 ], [ 106.686892321823422, -6.411952222616826, 0.0 ], [ 106.686615096809462, -6.411934431328827, 0.0 ], [ 106.685197036813989, -6.411835478024699, 0.0 ], [ 106.684318431550508, -6.411898658995732, 0.0 ], [ 106.682271622237721, -6.412045840243188, 0.0 ], [ 106.681647186968263, -6.411802671655877, 0.0 ], [ 106.681150243189336, -6.411609150142041, 0.0 ], [ 106.68087854181141, -6.411668324633304, 0.0 ], [ 106.680094618971708, -6.41148309037213, 0.0 ], [ 106.679641762657383, -6.411575236707581, 0.0 ], [ 106.678981494800297, -6.411590351613263, 0.0 ], [ 106.677829973174852, -6.411833734239316, 0.0 ], [ 106.676748771338879, -6.411804891182573, 0.0 ], [ 106.675311327356013, -6.411718924988232, 0.0 ], [ 106.674334314677083, -6.411877541115487, 0.0 ], [ 106.673564791781899, -6.411692484920053, 0.0 ], [ 106.67272955002889, -6.411405164116815, 0.0 ], [ 106.672668961803339, -6.411384322328431, 0.0 ], [ 106.671989999738827, -6.409399999710033, 0.0 ], [ 106.671934749888976, -6.409378294572523, 0.0 ], [ 106.671710000316409, -6.409290000033288, 0.0 ], [ 106.671349999902759, -6.409310000056259, 0.0 ], [ 106.671149999672963, -6.409379999687062, 0.0 ], [ 106.671140000111066, -6.409290000033288, 0.0 ], [ 106.671129999649992, -6.409169999895461, 0.0 ], [ 106.671089999603964, -6.40892999961963, 0.0 ], [ 106.671030000434413, -6.408799999919914, 0.0 ], [ 106.670649999997693, -6.408519999598141, 0.0 ], [ 106.670130000299466, -6.40828000022168, 0.0 ], [ 106.67001000016154, -6.408209999691596, 0.0 ], [ 106.669994411313198, -6.408190514080783, 0.0 ], [ 106.66993000006957, -6.408109999576652, 0.0 ], [ 106.669910000046599, -6.407930000269104, 0.0 ], [ 106.669910000046599, -6.40783999971605, 0.0 ], [ 106.669829999954715, -6.407770000085335, 0.0 ], [ 106.669600000140065, -6.407710000016333, 0.0 ], [ 106.669480000002139, -6.407699999555163, 0.0 ], [ 106.669399999910254, -6.40762999992436, 0.0 ], [ 106.669299999795314, -6.407409999671589, 0.0 ], [ 106.669279999772343, -6.4071999998799, 0.0 ], [ 106.669299999795314, -6.407030000134242, 0.0 ], [ 106.669330000279459, -6.406889999973355, 0.0 ], [ 106.669350000302515, -6.406760000273639, 0.0 ], [ 106.669379999887283, -6.406490000413037, 0.0 ], [ 106.669379999887283, -6.406419999882953, 0.0 ], [ 106.669259999749372, -6.406159999584151, 0.0 ], [ 106.669179999657487, -6.405940000230661, 0.0 ], [ 106.66902000037291, -6.405710000416001, 0.0 ], [ 106.668960000303997, -6.405550000232143, 0.0 ], [ 106.668800000120058, -6.405379999587115, 0.0 ], [ 106.668510000236481, -6.405109999726601, 0.0 ], [ 106.668439999706393, -6.405020000072827, 0.0 ], [ 106.668419999683422, -6.404870000350051, 0.0 ], [ 106.668430000144596, -6.404730000189165, 0.0 ], [ 106.668439999706393, -6.404579999567108, 0.0 ], [ 106.668419999683422, -6.404409999821539, 0.0 ], [ 106.668359999614424, -6.40422000005282, 0.0 ], [ 106.668399999660451, -6.404059999868963, 0.0 ], [ 106.668430000144596, -6.403910000146276, 0.0 ], [ 106.66840676615945, -6.403860799136432, 0.0 ], [ 106.668260000398845, -6.40354999973253, 0.0 ], [ 106.66808000019202, -6.4033599999639, 0.0 ], [ 106.668129999799845, -6.403000000449524, 0.0 ], [ 106.668120000237963, -6.402880000311608, 0.0 ], [ 106.667929999569964, -6.40270000010478, 0.0 ], [ 106.667879999962224, -6.402640000035866, 0.0 ], [ 106.667879999962224, -6.402559999943893, 0.0 ], [ 106.667899999985195, -6.40249000031309, 0.0 ], [ 106.667980000077165, -6.402359999714093, 0.0 ], [ 106.668060000169049, -6.402149999922404, 0.0 ], [ 106.668060000169049, -6.402056337329967, 0.0 ], [ 106.668060000169049, -6.40204999980746, 0.0 ], [ 106.667989999638962, -6.401969999715575, 0.0 ], [ 106.667870000400413, -6.401940000130804, 0.0 ], [ 106.667750000262501, -6.401929999669544, 0.0 ], [ 106.667690000193588, -6.401880000061801, 0.0 ], [ 106.667779999847269, -6.401530000109226, 0.0 ], [ 106.667819999893212, -6.40140999997131, 0.0 ], [ 106.667790000308443, -6.401309999856455, 0.0 ], [ 106.667659999709358, -6.40120000017971, 0.0 ], [ 106.667420000332896, -6.401140000110708, 0.0 ], [ 106.667289999733896, -6.401120000087737, 0.0 ], [ 106.667229999664897, -6.401060000018823, 0.0 ], [ 106.667240000126071, -6.400950000342078, 0.0 ], [ 106.66736999982578, -6.400629999974363, 0.0 ], [ 106.667630000124589, -6.400250000437016, 0.0 ], [ 106.667790000308443, -6.400010000161185, 0.0 ], [ 106.667879999962224, -6.399749999862383, 0.0 ], [ 106.668069999730932, -6.39948999956367, 0.0 ], [ 106.668129999799845, -6.399430000394037, 0.0 ], [ 106.668350000052612, -6.399330000279093, 0.0 ], [ 106.668374743100145, -6.399308007358542, 0.0 ], [ 106.668439999706393, -6.399250000187209, 0.0 ], [ 106.668470000190538, -6.399190000118296, 0.0 ], [ 106.668399999660451, -6.399119999588123, 0.0 ], [ 106.668269999960728, -6.39908000044155, 0.0 ], [ 106.66808000019202, -6.399090000003351, 0.0 ], [ 106.668000000100136, -6.399060000418491, 0.0 ], [ 106.667960000054109, -6.398980000326606, 0.0 ], [ 106.667969999615991, -6.398869999750492, 0.0 ], [ 106.668100000214991, -6.398720000027804, 0.0 ], [ 106.668479999752336, -6.398439999706032, 0.0 ], [ 106.668860000189056, -6.398269999960373, 0.0 ], [ 106.668980000326968, -6.39820999989146, 0.0 ], [ 106.669040000395881, -6.398100000214715, 0.0 ], [ 106.669060000418852, -6.397899999984915, 0.0 ], [ 106.669049999957679, -6.397799999869971, 0.0 ], [ 106.668949999842738, -6.397679999732055, 0.0 ], [ 106.668769999635998, -6.39757000005531, 0.0 ], [ 106.668410000121625, -6.397420000332623, 0.0 ], [ 106.668229999914701, -6.397360000263621, 0.0 ], [ 106.668109999776874, -6.397349999802451, 0.0 ], [ 106.667920000008166, -6.397429999894424, 0.0 ], [ 106.667819999893212, -6.397469999940366, 0.0 ], [ 106.667750000262501, -6.397440000355594, 0.0 ], [ 106.667710000216559, -6.397369999825422, 0.0 ], [ 106.667750000262501, -6.397189999618593, 0.0 ], [ 106.667839999916183, -6.396990000288074, 0.0 ], [ 106.667929999569964, -6.396850000127277, 0.0 ], [ 106.667960000054109, -6.396640000335587, 0.0 ], [ 106.667929999569964, -6.396520000197672, 0.0 ], [ 106.667830000354385, -6.396400000059757, 0.0 ], [ 106.667500000424866, -6.396179999806986, 0.0 ], [ 106.667340000241012, -6.396079999692041, 0.0 ], [ 106.667260000149042, -6.395999999600157, 0.0 ], [ 106.667110000426348, -6.395559999993807, 0.0 ], [ 106.667010000311407, -6.395270000110234, 0.0 ], [ 106.66693999978132, -6.395190000018349, 0.0 ], [ 106.666799999620437, -6.395310000156176, 0.0 ], [ 106.666729999989727, -6.395379999786979, 0.0 ], [ 106.666609999851801, -6.395330000179236, 0.0 ], [ 106.666469999690918, -6.395290000133205, 0.0 ], [ 106.666299999945267, -6.395439999855981, 0.0 ], [ 106.666210000291485, -6.395499999924894, 0.0 ], [ 106.666150000222487, -6.395479999901923, 0.0 ], [ 106.6660799996924, -6.395339999741037, 0.0 ], [ 106.666019999623487, -6.395250000087263, 0.0 ], [ 106.665869999900707, -6.395169999995378, 0.0 ], [ 106.665789999808823, -6.395140000410517, 0.0 ], [ 106.665769999785851, -6.395080000341604, 0.0 ], [ 106.665809999831794, -6.395009999811432, 0.0 ], [ 106.665849999877736, -6.394949999742519, 0.0 ], [ 106.666059999669429, -6.394869999650634, 0.0 ], [ 106.666489999713889, -6.394679999881916, 0.0 ], [ 106.6672200001031, -6.394309999906369, 0.0 ], [ 106.667599999640444, -6.3941499997226, 0.0 ], [ 106.667879999962224, -6.394080000091797, 0.0 ], [ 106.66808000019202, -6.394060000068826, 0.0 ], [ 106.668679999982231, -6.394049999607656, 0.0 ], [ 106.668780977660177, -6.394067819673968, 0.0 ], [ 106.668849999727883, -6.394080000091797, 0.0 ], [ 106.669110000026677, -6.394229999814485, 0.0 ], [ 106.669199999680458, -6.394340000390599, 0.0 ], [ 106.669339999841256, -6.3945500001822, 0.0 ], [ 106.669439999956197, -6.394419999583114, 0.0 ], [ 106.669464358993125, -6.394385202115274, 0.0 ], [ 106.669509999587007, -6.394320000367539, 0.0 ], [ 106.669600000140065, -6.394289999883398, 0.0 ], [ 106.669789999908772, -6.394300000344568, 0.0 ], [ 106.669849999977686, -6.394289999883398, 0.0 ], [ 106.66993000006957, -6.394269999860427, 0.0 ], [ 106.670119999838292, -6.394169999745571, 0.0 ], [ 106.670529999859781, -6.393799999770025, 0.0 ], [ 106.670839999766415, -6.393619999563196, 0.0 ], [ 106.671080000042153, -6.393540000370503, 0.0 ], [ 106.671180000157008, -6.393500000324561, 0.0 ], [ 106.671201119835999, -6.39332470177342, 0.0 ], [ 106.671280000271963, -6.392669999820502, 0.0 ], [ 106.671229999764847, -6.392359999913868, 0.0 ], [ 106.67122000020295, -6.392279999821984, 0.0 ], [ 106.671120000088095, -6.39198999993841, 0.0 ], [ 106.671100000065124, -6.391889999823466, 0.0 ], [ 106.671060000019182, -6.391660000008805, 0.0 ], [ 106.671039999996211, -6.391479999801977, 0.0 ], [ 106.670990000388386, -6.39112999984949, 0.0 ], [ 106.670890000273431, -6.390360000313624, 0.0 ], [ 106.670879999812357, -6.390240000175709, 0.0 ], [ 106.670850000227489, -6.39005999996888, 0.0 ], [ 106.670886613426632, -6.390018810119837, 0.0 ], [ 106.670930000319473, -6.389970000315106, 0.0 ], [ 106.671019999973154, -6.389939999830965, 0.0 ], [ 106.671189999718905, -6.389950000292135, 0.0 ], [ 106.671340000340962, -6.390030000384019, 0.0 ], [ 106.671510000086613, -6.390189999668596, 0.0 ], [ 106.671559999694452, -6.390240000175709, 0.0 ], [ 106.671759999924248, -6.390429999944427, 0.0 ], [ 106.671880000062075, -6.390449999967398, 0.0 ], [ 106.672060000268999, -6.390420000382537, 0.0 ], [ 106.672439999806343, -6.390349999852454, 0.0 ], [ 106.672559999944255, -6.390289999783452, 0.0 ], [ 106.672620000013168, -6.390209999691567, 0.0 ], [ 106.672629999574966, -6.390030000384019, 0.0 ], [ 106.672640000036139, -6.389870000200162, 0.0 ], [ 106.672755429819375, -6.389788519824116, 0.0 ], [ 106.67280999978189, -6.389750000062335, 0.0 ], [ 106.673030000034657, -6.389589999878389, 0.0 ], [ 106.673219999803379, -6.389600000339559, 0.0 ], [ 106.673330000379394, -6.38964000038559, 0.0 ], [ 106.673520000148031, -6.389699999555134, 0.0 ], [ 106.673629999824783, -6.389719999578194, 0.0 ], [ 106.673859999639433, -6.389680000431532, 0.0 ], [ 106.67411000037643, -6.38964000038559, 0.0 ], [ 106.674189999569037, -6.389569999855418, 0.0 ], [ 106.67422999961498, -6.389480000201644, 0.0 ], [ 106.674159999984184, -6.38942999969462, 0.0 ], [ 106.674030000284461, -6.389349999602647, 0.0 ], [ 106.673990000238518, -6.389059999719073, 0.0 ], [ 106.67411000037643, -6.388419999882924, 0.0 ], [ 106.674349999752806, -6.387550000232203, 0.0 ], [ 106.67444000030595, -6.387160000233685, 0.0 ], [ 106.674520000397834, -6.386520000397535, 0.0 ], [ 106.674529999959731, -6.386389999798538, 0.0 ], [ 106.674590000028644, -6.385979999777049, 0.0 ], [ 106.674630000074586, -6.385799999570132, 0.0 ], [ 106.674820686925329, -6.385898067941334, 0.0 ], [ 106.674980000027162, -6.385979999777049, 0.0 ], [ 106.675049999657872, -6.386019999822992, 0.0 ], [ 106.675149999772813, -6.386079999891905, 0.0 ], [ 106.675309999956681, -6.38618999956865, 0.0 ], [ 106.675444524145618, -6.38626533307848, 0.0 ], [ 106.675559999794302, -6.386329999729536, 0.0 ], [ 106.675726809644772, -6.386444682176187, 0.0 ], [ 106.676359999814309, -6.386879999911912, 0.0 ], [ 106.676529606556215, -6.386995089751437, 0.0 ], [ 106.676525146818207, -6.387022410255874, 0.0 ], [ 106.676499901049795, -6.38731062768322, 0.0 ], [ 106.676408728680059, -6.387454993153288, 0.0 ], [ 106.67639631893509, -6.387664587350663, 0.0 ], [ 106.6763970869562, -6.387900332034526, 0.0 ], [ 106.676345913733115, -6.388267216758461, 0.0 ], [ 106.676307321126146, -6.388476894592845, 0.0 ], [ 106.676242714729653, -6.388739047868643, 0.0 ], [ 106.676230603559716, -6.389040319854669, 0.0 ], [ 106.676414355738075, -6.389183788700716, 0.0 ], [ 106.67663712770144, -6.389248547981943, 0.0 ], [ 106.676897976060886, -6.389357951408172, 0.0 ], [ 106.676876954408115, -6.389389587759133, 0.0 ], [ 106.676899608330402, -6.38940727472578, 0.0 ], [ 106.677618583031332, -6.389697129818508, 0.0 ], [ 106.678617426753021, -6.389973895278924, 0.0 ], [ 106.680097317837095, -6.390526412663657, 0.0 ] ] ] ] } },
{ "type": "Feature", "properties": { "PROVNO": "32", "KABKOTNO": "01", "KECNO": "250", "DESANO": "003", "PROVINSI": "JAWA BARAT", "KABKOT": "BOGOR", "KECAMATAN": "GUNUNG SINDUR", "ID2013": "3201250003", "DESA": "CIBINONG", "DESA_1": "CIBINONG", "ID2012": "3201250003", "IDKAB2": "3201", "IDKEC_2": "3201250", "WILAYAH": "TENGAH" }, "geometry": { "type": "MultiPolygon", "coordinates": [ [ [ [ 106.701279999672366, -6.380800000119748, 0.0 ], [ 106.701301149029035, -6.381567935711487, 0.0 ], [ 106.701274786302548, -6.382239955009741, 0.0 ], [ 106.701227908241549, -6.38319082169895, 0.0 ], [ 106.701207957681234, -6.383641224662675, 0.0 ], [ 106.701140000410845, -6.383739999900886, 0.0 ], [ 106.700880000112051, -6.384160000383545, 0.0 ], [ 106.700699132059512, -6.384366705958513, 0.0 ], [ 106.70053000015956, -6.384559999943864, 0.0 ], [ 106.700229999814809, -6.38470999966664, 0.0 ], [ 106.69960000043983, -6.38470999966664, 0.0 ], [ 106.699190000418355, -6.384689999643669, 0.0 ], [ 106.698877841239579, -6.384581107032297, 0.0 ], [ 106.698330000329435, -6.384390000198206, 0.0 ], [ 106.698090000053597, -6.384239999576149, 0.0 ], [ 106.696779999897245, -6.383790000408087, 0.0 ], [ 106.696610000151594, -6.383679999831973, 0.0 ], [ 106.696519999598451, -6.383599999740088, 0.0 ], [ 106.696499999575479, -6.383450000017312, 0.0 ], [ 106.696490000013668, -6.383369999925339, 0.0 ], [ 106.696440000405843, -6.383309999856426, 0.0 ], [ 106.696350692330768, -6.383302557966566, 0.0 ], [ 106.696200000130091, -6.383289999833455, 0.0 ], [ 106.696010000361383, -6.383300000294625, 0.0 ], [ 106.695899999785354, -6.383369999925339, 0.0 ], [ 106.695850000177529, -6.383490000063343, 0.0 ], [ 106.695830000154558, -6.383730000339085, 0.0 ], [ 106.695830000154558, -6.384020000222659, 0.0 ], [ 106.695813593822521, -6.384102030084495, 0.0 ], [ 106.695799999670413, -6.384169999945346, 0.0 ], [ 106.695730000039603, -6.38427000006029, 0.0 ], [ 106.69562000036295, -6.384310000106233, 0.0 ], [ 106.69540999967198, -6.38427000006029, 0.0 ], [ 106.69534000004117, -6.384250000037319, 0.0 ], [ 106.695139999811289, -6.384230000014348, 0.0 ], [ 106.695059999719405, -6.384219999553178, 0.0 ], [ 106.6950505973074, -6.384198058793213, 0.0 ], [ 106.695046796772402, -6.384199243200364, 0.0 ], [ 106.695046722128737, -6.384176593774651, 0.0 ], [ 106.695046589928353, -6.384136546064614, 0.0 ], [ 106.695012201651949, -6.384113774331048, 0.0 ], [ 106.694949201444672, -6.384085376438833, 0.0 ], [ 106.694891919126945, -6.384056957862096, 0.0 ], [ 106.694828918919669, -6.3840285590706, 0.0 ], [ 106.694783074179753, -6.38400010362167, 0.0 ], [ 106.694725736104033, -6.383954523282434, 0.0 ], [ 106.694651316305368, -6.383931882849971, 0.0 ], [ 106.694622722360904, -6.383931977278792, 0.0 ], [ 106.694542620645592, -6.383920797806422, 0.0 ], [ 106.694485413870993, -6.383915265177134, 0.0 ], [ 106.694445325691376, -6.383898232916998, 0.0 ], [ 106.69439383770559, -6.383892682301298, 0.0 ], [ 106.694359469214334, -6.383875631155291, 0.0 ], [ 106.694342256190353, -6.383858524251309, 0.0 ], [ 106.69433089415557, -6.383881446171671, 0.0 ], [ 106.69429663807955, -6.383898723047512, 0.0 ], [ 106.694262437761509, -6.383933162585222, 0.0 ], [ 106.694199681270476, -6.383979138626152, 0.0 ], [ 106.694154025388116, -6.384007895347867, 0.0 ], [ 106.694154251117951, -6.384076548693631, 0.0 ], [ 106.694154552390827, -6.384168087986755, 0.0 ], [ 106.694154796107071, -6.38424246281927, 0.0 ], [ 106.694189484757061, -6.384356772946589, 0.0 ], [ 106.694223836161285, -6.384368102605666, 0.0 ], [ 106.694292423856439, -6.384356434801433, 0.0 ], [ 106.694366786997776, -6.384361910773375, 0.0 ], [ 106.694390315061185, -6.38436687413181, 0.0 ], [ 106.694389925654718, -6.384367364262324, 0.0 ], [ 106.694499947814464, -6.384546150384409, 0.0 ], [ 106.694576049345315, -6.384697170837619, 0.0 ], [ 106.694766610291012, -6.385075334858605, 0.0 ], [ 106.69534786371311, -6.385216130020268, 0.0 ], [ 106.695470536636137, -6.385338048412095, 0.0 ], [ 106.695603433052142, -6.385470126444961, 0.0 ], [ 106.695593982076758, -6.385694413766032, 0.0 ], [ 106.695472448594813, -6.385919071607695, 0.0 ], [ 106.695350748738221, -6.386092762171049, 0.0 ], [ 106.695290149720776, -6.386256058370279, 0.0 ], [ 106.695372738061565, -6.386581978075636, 0.0 ], [ 106.695434107797965, -6.386653129737976, 0.0 ], [ 106.695770385894804, -6.386662215588625, 0.0 ], [ 106.695994582384259, -6.386671671060586, 0.0 ], [ 106.696239224061131, -6.386701444915612, 0.0 ], [ 106.696361931158421, -6.38683355622355, 0.0 ], [ 106.696332000821371, -6.387027331346076, 0.0 ], [ 106.696251058239923, -6.387200887011115, 0.0 ], [ 106.696220993903921, -6.387353888670901, 0.0 ], [ 106.696262154075285, -6.387476075060619, 0.0 ], [ 106.696384692999359, -6.387557219090247, 0.0 ], [ 106.696466476446929, -6.387638497118822, 0.0 ], [ 106.696527912733217, -6.387730036411856, 0.0 ], [ 106.696541440335366, -6.387822582046301, 0.0 ], [ 106.6965439908127, -6.387840036987971, 0.0 ], [ 106.696581512327128, -6.387862389637391, 0.0 ], [ 106.696654826858918, -6.388115928307272, 0.0 ], [ 106.696655781938929, -6.388405958767809, 0.0 ], [ 106.696662454908562, -6.388577063780279, 0.0 ], [ 106.69667557421856, -6.388913453392977, 0.0 ], [ 106.696857487283438, -6.389130378863719, 0.0 ], [ 106.696879479304712, -6.389217166139129, 0.0 ], [ 106.696949279285974, -6.389492617690031, 0.0 ], [ 106.696949630920955, -6.389599366317569, 0.0 ], [ 106.69694963811547, -6.389601379899581, 0.0 ], [ 106.696946737801881, -6.389600211680282, 0.0 ], [ 106.696922371570366, -6.389590402774772, 0.0 ], [ 106.696931517675566, -6.389601439254857, 0.0 ], [ 106.696641902701785, -6.389693029809376, 0.0 ], [ 106.696416151284581, -6.389659914073622, 0.0 ], [ 106.696424526670739, -6.38971187420351, 0.0 ], [ 106.696018339774724, -6.389713214193318, 0.0 ], [ 106.696006425556305, -6.389713252864162, 0.0 ], [ 106.695890000223557, -6.390169999645625, 0.0 ], [ 106.695890000223557, -6.39026000019868, 0.0 ], [ 106.695890000223557, -6.390400000359566, 0.0 ], [ 106.695939999831296, -6.390469999990369, 0.0 ], [ 106.696010000361383, -6.39049000001334, 0.0 ], [ 106.696120000038121, -6.390469999990369, 0.0 ], [ 106.696469999990612, -6.390380000336595, 0.0 ], [ 106.696519999598451, -6.390449999967398, 0.0 ], [ 106.696559999644393, -6.390599999690085, 0.0 ], [ 106.696519999598451, -6.390889999573659, 0.0 ], [ 106.696510000036639, -6.391009999711574, 0.0 ], [ 106.696590000128623, -6.39112999984949, 0.0 ], [ 106.696750000312392, -6.391260000448487, 0.0 ], [ 106.696907373576579, -6.391317979740787, 0.0 ], [ 106.696940000081099, -6.391330000079289, 0.0 ], [ 106.69710999982685, -6.391350000102261, 0.0 ], [ 106.697299999595486, -6.391299999595148, 0.0 ], [ 106.6973599996644, -6.391240000425515, 0.0 ], [ 106.69739000014853, -6.39112999984949, 0.0 ], [ 106.697450000217444, -6.390850000426997, 0.0 ], [ 106.697510000286456, -6.390839999965827, 0.0 ], [ 106.697639999986166, -6.390869999550688, 0.0 ], [ 106.697679597135817, -6.390896398250003, 0.0 ], [ 106.697760000124077, -6.390949999642572, 0.0 ], [ 106.697786847585135, -6.391021593771331, 0.0 ], [ 106.697789999708945, -6.391029999734545, 0.0 ], [ 106.697789999708945, -6.391240000425515, 0.0 ], [ 106.697809999731916, -6.391499999824948, 0.0 ], [ 106.69790000028496, -6.391599999939892, 0.0 ], [ 106.697960000353973, -6.391720000077807, 0.0 ], [ 106.697920000307931, -6.39178999970861, 0.0 ], [ 106.697849999777858, -6.391809999731581, 0.0 ], [ 106.697700000055164, -6.391829999754552, 0.0 ], [ 106.697669999571019, -6.391920000307607, 0.0 ], [ 106.697630000424368, -6.392259999798924, 0.0 ], [ 106.697720000078135, -6.392359999913868, 0.0 ], [ 106.697909999846772, -6.392600000189699, 0.0 ], [ 106.698290000283492, -6.393229999564678, 0.0 ], [ 106.69843000044429, -6.393300000094762, 0.0 ], [ 106.698580000167055, -6.393329999679533, 0.0 ], [ 106.698740000350909, -6.393300000094762, 0.0 ], [ 106.698850000027662, -6.393300000094762, 0.0 ], [ 106.698899999635401, -6.393369999725564, 0.0 ], [ 106.699075748746935, -6.393642411567892, 0.0 ], [ 106.699099999865297, -6.393679999632109, 0.0 ], [ 106.699199999980152, -6.393839999815967, 0.0 ], [ 106.69924000002618, -6.393999999999824, 0.0 ], [ 106.69924000002618, -6.394229999814485, 0.0 ], [ 106.69930999965689, -6.394240000275655, 0.0 ], [ 106.699500000324889, -6.394300000344568, 0.0 ], [ 106.699440000255976, -6.394479999652116, 0.0 ], [ 106.699420000233005, -6.394610000251113, 0.0 ], [ 106.699480000301918, -6.39477999999686, 0.0 ], [ 106.699569999955699, -6.394770000435059, 0.0 ], [ 106.699650000047669, -6.394630000274084, 0.0 ], [ 106.699770000185495, -6.394499999675087, 0.0 ], [ 106.699959999954217, -6.394389999998342, 0.0 ], [ 106.700240000275983, -6.394309999906369, 0.0 ], [ 106.700510000136589, -6.39436000041357, 0.0 ], [ 106.700590000228473, -6.394419999583114, 0.0 ], [ 106.700719999928282, -6.394599999790032, 0.0 ], [ 106.700759999974224, -6.394659999858945, 0.0 ], [ 106.700880000112051, -6.394800000019831, 0.0 ], [ 106.70101479319834, -6.394877765296449, 0.0 ], [ 106.701140000410845, -6.394949999742519, 0.0 ], [ 106.701270000110569, -6.395020000272602, 0.0 ], [ 106.701339999741364, -6.395100000364575, 0.0 ], [ 106.701339999741364, -6.395259999649152, 0.0 ], [ 106.701339999741364, -6.395510000386064, 0.0 ], [ 106.701239999626424, -6.395829999854499, 0.0 ], [ 106.701120000387874, -6.396330000429042, 0.0 ], [ 106.701169999995713, -6.396409999621557, 0.0 ], [ 106.701270000110569, -6.396460000128759, 0.0 ], [ 106.701620000063144, -6.396529999759561, 0.0 ], [ 106.701620000063144, -6.396629999874417, 0.0 ], [ 106.701550000432334, -6.396729999989361, 0.0 ], [ 106.70145999987929, -6.396890000173219, 0.0 ], [ 106.701490000363336, -6.396999999849964, 0.0 ], [ 106.701580000017117, -6.397119999987879, 0.0 ], [ 106.701623315863486, -6.397189305342046, 0.0 ], [ 106.701629999624942, -6.397200000079764, 0.0 ], [ 106.701709999716911, -6.397300000194708, 0.0 ], [ 106.70190000038491, -6.397400000309652, 0.0 ], [ 106.701999999600488, -6.397590000078281, 0.0 ], [ 106.701990000038592, -6.397699999755027, 0.0 ], [ 106.70194999999265, -6.397830000354112, 0.0 ], [ 106.701669999670884, -6.398189999868489, 0.0 ], [ 106.701479999902261, -6.398430000144231, 0.0 ], [ 106.70145999987929, -6.398539999820976, 0.0 ], [ 106.701490000363336, -6.398720000027804, 0.0 ], [ 106.701539999971175, -6.398940000280575, 0.0 ], [ 106.701490000363336, -6.399119999588123, 0.0 ], [ 106.701469751228259, -6.399297178621701, 0.0 ], [ 106.701450000317394, -6.399470000440068, 0.0 ], [ 106.701470000340365, -6.399640000185727, 0.0 ], [ 106.701510000386392, -6.399870000000387, 0.0 ], [ 106.701470000340365, -6.400110000276129, 0.0 ], [ 106.701370000225509, -6.400170000345131, 0.0 ], [ 106.701199999580481, -6.400210000391073, 0.0 ], [ 106.7011099999268, -6.400259999998905, 0.0 ], [ 106.700869999650962, -6.400489999813477, 0.0 ], [ 106.700866180230179, -6.400503752246181, 0.0 ], [ 106.700820000043137, -6.400670000020305, 0.0 ], [ 106.700750000412327, -6.400810000181192, 0.0 ], [ 106.700690000343414, -6.400930000319107, 0.0 ], [ 106.700710000366385, -6.401030000433963, 0.0 ], [ 106.700779999997195, -6.401240000225652, 0.0 ], [ 106.700679999882254, -6.401300000294654, 0.0 ], [ 106.700430000044705, -6.401439999556171, 0.0 ], [ 106.700499999675415, -6.401510000086255, 0.0 ], [ 106.700690000343414, -6.401619999763, 0.0 ], [ 106.700730000389356, -6.401730000339025, 0.0 ], [ 106.700747985031668, -6.401891861220257, 0.0 ], [ 106.700750000412327, -6.401909999646573, 0.0 ], [ 106.700710000366385, -6.402020000222688, 0.0 ], [ 106.700610000251444, -6.402239999576178, 0.0 ], [ 106.700619999813341, -6.402459999828949, 0.0 ], [ 106.700570000205502, -6.402620000012806, 0.0 ], [ 106.700510000136589, -6.402789999758554, 0.0 ], [ 106.700519999698386, -6.402969999965382, 0.0 ], [ 106.700570000205502, -6.403159999734012, 0.0 ], [ 106.700699999905225, -6.403420000032813, 0.0 ], [ 106.700969999765817, -6.403799999570161, 0.0 ], [ 106.701080000341932, -6.403850000077274, 0.0 ], [ 106.701279999672366, -6.403950000192218, 0.0 ], [ 106.70129000013354, -6.404130000399046, 0.0 ], [ 106.701259999649395, -6.40420999959165, 0.0 ], [ 106.701190000018684, -6.404240000075792, 0.0 ], [ 106.701069999880758, -6.40422000005282, 0.0 ], [ 106.700659999859283, -6.404159999983818, 0.0 ], [ 106.700539999721357, -6.40420999959165, 0.0 ], [ 106.700349999952735, -6.404289999683535, 0.0 ], [ 106.700300000344896, -6.404329999729566, 0.0 ], [ 106.700229999814809, -6.404460000328562, 0.0 ], [ 106.700049999607984, -6.404939999980854, 0.0 ], [ 106.70002000002313, -6.405160000233625, 0.0 ], [ 106.700049999607984, -6.4053000003946, 0.0 ], [ 106.700180000206984, -6.405410000071257, 0.0 ], [ 106.700269999860751, -6.405499999725031, 0.0 ], [ 106.700280000321925, -6.405599999839975, 0.0 ], [ 106.700240000275983, -6.405740000000861, 0.0 ], [ 106.700160000184013, -6.405880000161748, 0.0 ], [ 106.700069999630955, -6.405940000230661, 0.0 ], [ 106.699939999931246, -6.405949999792462, 0.0 ], [ 106.69960000043983, -6.405989999838493, 0.0 ], [ 106.699509999886786, -6.406060000368576, 0.0 ], [ 106.699469999840844, -6.406170000045321, 0.0 ], [ 106.699500000324889, -6.406250000137206, 0.0 ], [ 106.699699999655408, -6.40658000006681, 0.0 ], [ 106.699930000369449, -6.406939999581098, 0.0 ], [ 106.699947267352655, -6.406996735111061, 0.0 ], [ 106.700000000000159, -6.407170000295128, 0.0 ], [ 106.700009999561956, -6.407299999994844, 0.0 ], [ 106.699979999977188, -6.407400000109789, 0.0 ], [ 106.699910000346378, -6.407460000178702, 0.0 ], [ 106.699850000277465, -6.407509999786534, 0.0 ], [ 106.699469999840844, -6.407739999601105, 0.0 ], [ 106.699179999957181, -6.407819999693078, 0.0 ], [ 106.698990000188545, -6.407790000108307, 0.0 ], [ 106.698870000050633, -6.407810000131278, 0.0 ], [ 106.698839999566488, -6.407879999761992, 0.0 ], [ 106.698870000050633, -6.407979999876936, 0.0 ], [ 106.698970000165573, -6.408109999576652, 0.0 ], [ 106.699030000234487, -6.408209999691596, 0.0 ], [ 106.699079999842326, -6.40849999957517, 0.0 ], [ 106.699130000349342, -6.408559999644083, 0.0 ], [ 106.69924000002618, -6.408690000243169, 0.0 ], [ 106.699300000095093, -6.408799999919914, 0.0 ], [ 106.699289999633919, -6.408869999550717, 0.0 ], [ 106.699229999565006, -6.40892999961963, 0.0 ], [ 106.699039999796383, -6.409040000195745, 0.0 ], [ 106.698529999659939, -6.409229999964374, 0.0 ], [ 106.69839999996023, -6.409200000379514, 0.0 ], [ 106.698190000168537, -6.409109999826459, 0.0 ], [ 106.698000000399915, -6.409049999757546, 0.0 ], [ 106.697849999777858, -6.409100000264658, 0.0 ], [ 106.697630000424368, -6.409229999964374, 0.0 ], [ 106.697559999894281, -6.409339999641119, 0.0 ], [ 106.697430000194473, -6.409689999593606, 0.0 ], [ 106.697410000171502, -6.409869999800524, 0.0 ], [ 106.697450000217444, -6.410090000053295, 0.0 ], [ 106.69995000039242, -6.411970000414993, 0.0 ], [ 106.700049999607984, -6.41234999995234, 0.0 ], [ 106.700060000069158, -6.412679999881945, 0.0 ], [ 106.700053002444278, -6.412889942117008, 0.0 ], [ 106.699970736960069, -6.412885643357615, 0.0 ], [ 106.699853756745668, -6.41282061967571, 0.0 ], [ 106.699620059818088, -6.412770000435, 0.0 ], [ 106.699521838562163, -6.412728274590087, 0.0 ], [ 106.699442548035307, -6.412761243736256, 0.0 ], [ 106.699363474245118, -6.412859623272862, 0.0 ], [ 106.699261093624699, -6.412972096984539, 0.0 ], [ 106.69916363139663, -6.413159309754182, 0.0 ], [ 106.699079933292438, -6.413271722311933, 0.0 ], [ 106.698986923607862, -6.413393509402834, 0.0 ], [ 106.698748649131005, -6.413370937318721, 0.0 ], [ 106.6985709511886, -6.413306115085007, 0.0 ], [ 106.698444429167211, -6.413180382668351, 0.0 ], [ 106.698425359942604, -6.413063638975594, 0.0 ], [ 106.698434191285031, -6.412909425029802, 0.0 ], [ 106.698480307620315, -6.412731727087397, 0.0 ], [ 106.698442712361398, -6.412661767026719, 0.0 ], [ 106.698362570176599, -6.412437763891567, 0.0 ], [ 106.698348279949386, -6.412353710555099, 0.0 ], [ 106.698352611084289, -6.412250907253405, 0.0 ], [ 106.698333743307799, -6.412194901972992, 0.0 ], [ 106.698184115005077, -6.412144003043121, 0.0 ], [ 106.697959898730545, -6.412135401027754, 0.0 ], [ 106.697782635160678, -6.412201399574737, 0.0 ], [ 106.697633085099014, -6.412173861434347, 0.0 ], [ 106.697376019287972, -6.41211864485939, 0.0 ], [ 106.697310354389487, -6.412034762394239, 0.0 ], [ 106.697188209368534, -6.411820241710622, 0.0 ], [ 106.697113232889564, -6.411745733778442, 0.0 ], [ 106.697019776241888, -6.411732027211183, 0.0 ], [ 106.696884670191537, -6.411835263986045, 0.0 ], [ 106.696702966668738, -6.411971361089321, 0.0 ], [ 106.696577186588073, -6.412069894409935, 0.0 ], [ 106.696469996393404, -6.412140332909857, 0.0 ], [ 106.696255151054544, -6.412141044273625, 0.0 ], [ 106.695729967664079, -6.41216379891997, 0.0 ], [ 106.695790000108616, -6.411039999795989, 0.0 ], [ 106.695830000154558, -6.410540000120726, 0.0 ], [ 106.695859999739326, -6.410350000352096, 0.0 ], [ 106.695859999739326, -6.410079999592124, 0.0 ], [ 106.695890000223557, -6.409800000169721, 0.0 ], [ 106.695919999808325, -6.409530000309118, 0.0 ], [ 106.695930000269499, -6.409399999710033, 0.0 ], [ 106.6958700002005, -6.409169999895461, 0.0 ], [ 106.695759999624471, -6.408969999665572, 0.0 ], [ 106.695230000364432, -6.408429999944367, 0.0 ], [ 106.695070000180493, -6.40826999976051, 0.0 ], [ 106.694654840748498, -6.407706010623695, 0.0 ], [ 106.694540000021163, -6.407549999832476, 0.0 ], [ 106.694506863600992, -6.407501898693493, 0.0 ], [ 106.694230000114629, -6.407099999765045, 0.0 ], [ 106.694179999607428, -6.407059999719014, 0.0 ], [ 106.69386999970088, -6.406640000135724, 0.0 ], [ 106.693670000370361, -6.406319999768009, 0.0 ], [ 106.69332000041787, -6.405860000138688, 0.0 ], [ 106.693209999841756, -6.405670000370058, 0.0 ], [ 106.693009999611959, -6.405419999633146, 0.0 ], [ 106.692610000051644, -6.404870000350051, 0.0 ], [ 106.692369999775806, -6.404509999936394, 0.0 ], [ 106.692320000168067, -6.404469999890452, 0.0 ], [ 106.692030000284404, -6.404059999868963, 0.0 ], [ 106.691859999639462, -6.403819999593132, 0.0 ], [ 106.691669999870754, -6.403870000100245, 0.0 ], [ 106.691469999640944, -6.403919999708076, 0.0 ], [ 106.691379999987177, -6.403930000169247, 0.0 ], [ 106.691099999665397, -6.403959999754019, 0.0 ], [ 106.690909999896775, -6.403959999754019, 0.0 ], [ 106.690769999735892, -6.403890000123216, 0.0 ], [ 106.690680000082111, -6.403839999616103, 0.0 ], [ 106.690399999760331, -6.403749999962329, 0.0 ], [ 106.689759999924192, -6.403580000216671, 0.0 ], [ 106.689510000086642, -6.403529999709558, 0.0 ], [ 106.689169999695878, -6.403449999617674, 0.0 ], [ 106.68867999958249, -6.403279999871927, 0.0 ], [ 106.68801999972338, -6.40270999966658, 0.0 ], [ 106.687439999956226, -6.401490000063284, 0.0 ], [ 106.687190000118591, -6.400970000365049, 0.0 ], [ 106.686929999819796, -6.400799999720022, 0.0 ], [ 106.686690000443335, -6.400790000158221, 0.0 ], [ 106.68651000023651, -6.400890000273165, 0.0 ], [ 106.686310000006614, -6.401129999649626, 0.0 ], [ 106.686180000306905, -6.401439999556171, 0.0 ], [ 106.685910000446299, -6.402109999876373, 0.0 ], [ 106.685320000217985, -6.402660000058837, 0.0 ], [ 106.684707212068332, -6.402939092065321, 0.0 ], [ 106.68431000040637, -6.403119999688069, 0.0 ], [ 106.684322539653607, -6.403083946766532, 0.0 ], [ 106.684389999598977, -6.402889999873409, 0.0 ], [ 106.684239999876198, -6.402499999874891, 0.0 ], [ 106.684110000176574, -6.402180000406545, 0.0 ], [ 106.683979999577488, -6.401819999992799, 0.0 ], [ 106.683829999854794, -6.401490000063284, 0.0 ], [ 106.68374999976291, -6.401360000363567, 0.0 ], [ 106.683600000040144, -6.401229999764482, 0.0 ], [ 106.683361427887704, -6.401138241936124, 0.0 ], [ 106.683339999741335, -6.401129999649626, 0.0 ], [ 106.682880000112107, -6.400950000342078, 0.0 ], [ 106.682779999997166, -6.400890000273165, 0.0 ], [ 106.682750000412298, -6.400750000112279, 0.0 ], [ 106.682739999951224, -6.400679999582195, 0.0 ], [ 106.682639999836283, -6.400620000412474, 0.0 ], [ 106.682220000252983, -6.40056000034356, 0.0 ], [ 106.682020000023186, -6.400420000182674, 0.0 ], [ 106.681950000392391, -6.400380000136732, 0.0 ], [ 106.681850000277436, -6.400409999721504, 0.0 ], [ 106.6816000004399, -6.400469999790506, 0.0 ], [ 106.681400000210004, -6.400489999813477, 0.0 ], [ 106.68124000002615, -6.400480000251676, 0.0 ], [ 106.681059999819325, -6.400369999675561, 0.0 ], [ 106.680850000027633, -6.400320000067818, 0.0 ], [ 106.680410000421375, -6.400159999883961, 0.0 ], [ 106.680279999822289, -6.400059999769017, 0.0 ], [ 106.680170000145537, -6.3999300000693, 0.0 ], [ 106.680139999661407, -6.399629999724556, 0.0 ], [ 106.68013522426142, -6.399596569226098, 0.0 ], [ 106.680119999638436, -6.39948999956367, 0.0 ], [ 106.680050000007625, -6.399379999886925, 0.0 ], [ 106.679450000217514, -6.399139999611094, 0.0 ], [ 106.678859999989186, -6.398709999566634, 0.0 ], [ 106.67865999975939, -6.398590000328088, 0.0 ], [ 106.678460000428871, -6.398519999798005, 0.0 ], [ 106.67836000031393, -6.398479999751974, 0.0 ], [ 106.678340000290959, -6.398359999614147, 0.0 ], [ 106.678380000336901, -6.398069999730485, 0.0 ], [ 106.678400000359872, -6.397830000354112, 0.0 ], [ 106.678530000059681, -6.397719999777998, 0.0 ], [ 106.678619999713362, -6.397650000147195, 0.0 ], [ 106.678621655365333, -6.39764296475084, 0.0 ], [ 106.67865999975939, -6.397480000401536, 0.0 ], [ 106.678630000174536, -6.39734000024065, 0.0 ], [ 106.678300000245017, -6.397130000449049, 0.0 ], [ 106.678269999760872, -6.397070000380047, 0.0 ], [ 106.678287556325785, -6.396993924030205, 0.0 ], [ 106.678329999829785, -6.396810000081334, 0.0 ], [ 106.678380000336901, -6.396620000312616, 0.0 ], [ 106.678269999760872, -6.396400000059757, 0.0 ], [ 106.678269999760872, -6.396179999806986, 0.0 ], [ 106.678289999783843, -6.395999999600157, 0.0 ], [ 106.678249999737901, -6.395880000361522, 0.0 ], [ 106.678100000015121, -6.395709999716495, 0.0 ], [ 106.677919999808296, -6.395539999970836, 0.0 ], [ 106.67789838460294, -6.395537838899958, 0.0 ], [ 106.677892806108289, -6.39541844760311, 0.0 ], [ 106.677879881951171, -6.395187166254548, 0.0 ], [ 106.677927490261624, -6.394858287779606, 0.0 ], [ 106.677965753716776, -6.394563861432925, 0.0 ], [ 106.677974978062963, -6.394492886037675, 0.0 ], [ 106.678095487217163, -6.394127245076167, 0.0 ], [ 106.678155105973502, -6.393749627842951, 0.0 ], [ 106.678202673814454, -6.39340857524541, 0.0 ], [ 106.678224151423649, -6.393362831229545, 0.0 ], [ 106.67831145041329, -6.393176896396504, 0.0 ], [ 106.678359414855223, -6.392957591319561, 0.0 ], [ 106.678359057824466, -6.392848017921562, 0.0 ], [ 106.678406784845464, -6.3925556636128, 0.0 ], [ 106.678417629769982, -6.392455025878565, 0.0 ], [ 106.678424550952457, -6.392451882748009, 0.0 ], [ 106.678491536955065, -6.392421464079092, 0.0 ], [ 106.678610069399369, -6.392308075756983, 0.0 ], [ 106.678629696203728, -6.392289299711287, 0.0 ], [ 106.678655390733866, -6.392285786959331, 0.0 ], [ 106.678849664980248, -6.392148794131405, 0.0 ], [ 106.679364718407186, -6.391854914572495, 0.0 ], [ 106.679665769160039, -6.391620172632742, 0.0 ], [ 106.679801181879213, -6.391347012554451, 0.0 ], [ 106.679926445749061, -6.390947266602911, 0.0 ], [ 106.680023105781842, -6.390732673074275, 0.0 ], [ 106.680097317837095, -6.390526412663657, 0.0 ], [ 106.680100293693812, -6.390518143397497, 0.0 ], [ 106.680275508608048, -6.390507829972183, 0.0 ], [ 106.680372676757827, -6.390449072766327, 0.0 ], [ 106.680440702376657, -6.390409891103435, 0.0 ], [ 106.680557118716251, -6.390282892441359, 0.0 ], [ 106.680683399719243, -6.390194820034747, 0.0 ], [ 106.680789922617038, -6.390019153660855, 0.0 ], [ 106.680935484185426, -6.389872578556535, 0.0 ], [ 106.68106189199294, -6.389823466579561, 0.0 ], [ 106.68106991214691, -6.389819422328316, 0.0 ], [ 106.680893150398731, -6.389614475827212, 0.0 ], [ 106.680551784837135, -6.389314358570655, 0.0 ], [ 106.680603253937221, -6.38903915343402, 0.0 ], [ 106.680642548914633, -6.389045362353443, 0.0 ], [ 106.680642271923489, -6.388960442969918, 0.0 ], [ 106.680970662965848, -6.388605565094565, 0.0 ], [ 106.68117714730765, -6.388382426207819, 0.0 ], [ 106.681452241827714, -6.388433915092975, 0.0 ], [ 106.681715422129258, -6.388717279778469, 0.0 ], [ 106.681767552230923, -6.388773408266015, 0.0 ], [ 106.682187595881004, -6.389112557898038, 0.0 ], [ 106.682333016255853, -6.389544284640838, 0.0 ], [ 106.68258321214573, -6.389988765568901, 0.0 ], [ 106.68266585264719, -6.390090597602907, 0.0 ], [ 106.682776182375122, -6.390226549915248, 0.0 ], [ 106.683019795227594, -6.390361697334281, 0.0 ], [ 106.683042745926173, -6.390393269833385, 0.0 ], [ 106.683055484822958, -6.390499484263614, 0.0 ], [ 106.684237949421998, -6.391481972015214, 0.0 ], [ 106.68438000003718, -6.391599999939892, 0.0 ], [ 106.68495999980432, -6.391470000240176, 0.0 ], [ 106.685057866727334, -6.391448450685324, 0.0 ], [ 106.686049999707905, -6.391229999964345, 0.0 ], [ 106.687250000187504, -6.39112999984949, 0.0 ], [ 106.688173537379029, -6.391134106153942, 0.0 ], [ 106.688196426923781, -6.391001809585664, 0.0 ], [ 106.688270203707134, -6.390575401433498, 0.0 ], [ 106.688341866184416, -6.39016121956443, 0.0 ], [ 106.688511204928332, -6.389844117711654, 0.0 ], [ 106.688814372685357, -6.38951440196788, 0.0 ], [ 106.689008411309288, -6.389306792574203, 0.0 ], [ 106.689445566359936, -6.389013161228299, 0.0 ], [ 106.689712541800532, -6.388780961671916, 0.0 ], [ 106.689931039286151, -6.38860979730417, 0.0 ], [ 106.690137565896094, -6.388499544917927, 0.0 ], [ 106.690465911073105, -6.38842541739896, 0.0 ], [ 106.690467535248743, -6.388424812155193, 0.0 ], [ 106.69056173473642, -6.388389741293334, 0.0 ], [ 106.690529262915362, -6.387895447816518, 0.0 ], [ 106.690499999875286, -6.387450000117258, 0.0 ], [ 106.690060000269028, -6.386480000351593, 0.0 ], [ 106.689869999601029, -6.386529999959336, 0.0 ], [ 106.688859999789329, -6.386790000258138, 0.0 ], [ 106.688718479774153, -6.386809297910592, 0.0 ], [ 106.688640000435839, -6.38681999984291, 0.0 ], [ 106.688629999974665, -6.386449999867452, 0.0 ], [ 106.68838000013703, -6.38511000012624, 0.0 ], [ 106.688309999606957, -6.384760000173664, 0.0 ], [ 106.688269999561015, -6.384539999920893, 0.0 ], [ 106.688130000299495, -6.384089999853462, 0.0 ], [ 106.688130000299495, -6.38402999978446, 0.0 ], [ 106.688259999999119, -6.383880000061772, 0.0 ], [ 106.688320000068117, -6.383819999992859, 0.0 ], [ 106.688329999629929, -6.383739999900886, 0.0 ], [ 106.688110000276524, -6.383400000409569, 0.0 ], [ 106.687879999562483, -6.383129999649597, 0.0 ], [ 106.687729999839803, -6.383010000411051, 0.0 ], [ 106.687540000071081, -6.382799999720081, 0.0 ], [ 106.687489999563979, -6.382750000112249, 0.0 ], [ 106.687600000140094, -6.382420000182734, 0.0 ], [ 106.687620000163065, -6.38232999962959, 0.0 ], [ 106.687644233294918, -6.382254607663853, 0.0 ], [ 106.687709999816832, -6.382050000207187, 0.0 ], [ 106.687769999885745, -6.381860000438468, 0.0 ], [ 106.687901261334304, -6.381541944405047, 0.0 ], [ 106.68803000018454, -6.381230000164209, 0.0 ], [ 106.688130000299495, -6.381159999634125, 0.0 ], [ 106.688289999583986, -6.381040000395579, 0.0 ], [ 106.688699999605461, -6.380659999958862, 0.0 ], [ 106.688930000319402, -6.380450000167261, 0.0 ], [ 106.689189999718934, -6.380209999891431, 0.0 ], [ 106.68938999994873, -6.380089999753515, 0.0 ], [ 106.689530000109613, -6.380080000191715, 0.0 ], [ 106.689630000224469, -6.380089999753515, 0.0 ], [ 106.689860000039133, -6.380120000237657, 0.0 ], [ 106.690060000269028, -6.380149999822518, 0.0 ], [ 106.690169999945766, -6.380169999845489, 0.0 ], [ 106.690399999760331, -6.380209999891431, 0.0 ], [ 106.690519999898257, -6.380240000375572, 0.0 ], [ 106.690811781338866, -6.380245797405451, 0.0 ], [ 106.691667447594753, -6.38026279729015, 0.0 ], [ 106.692030000284404, -6.380269999960344, 0.0 ], [ 106.692320000168067, -6.380289999983315, 0.0 ], [ 106.692719999728382, -6.380300000444485, 0.0 ], [ 106.692908708070576, -6.380300000444485, 0.0 ], [ 106.69292852822916, -6.380300000444485, 0.0 ], [ 106.693599999840274, -6.380300000444485, 0.0 ], [ 106.694020000322936, -6.380260000398543, 0.0 ], [ 106.694088643776084, -6.380252849888937, 0.0 ], [ 106.694499999975221, -6.380209999891431, 0.0 ], [ 106.695099999765347, -6.380149999822518, 0.0 ], [ 106.69519000031849, -6.380140000260628, 0.0 ], [ 106.695400000110084, -6.380129999799458, 0.0 ], [ 106.695959999854267, -6.380109999776487, 0.0 ], [ 106.69618000010712, -6.380100000214686, 0.0 ], [ 106.696449999967641, -6.380140000260628, 0.0 ], [ 106.696699999805361, -6.380240000375572, 0.0 ], [ 106.69702999973488, -6.38041000012123, 0.0 ], [ 106.697189999918734, -6.380499999775004, 0.0 ], [ 106.697510000286456, -6.38063000037409, 0.0 ], [ 106.698480000052115, -6.380969999865407, 0.0 ], [ 106.698709999866779, -6.381000000349548, 0.0 ], [ 106.698899999635401, -6.381000000349548, 0.0 ], [ 106.699560000393888, -6.380989999888378, 0.0 ], [ 106.699910000346378, -6.380920000257575, 0.0 ], [ 106.700300000344896, -6.380800000119748, 0.0 ], [ 106.700369999975706, -6.380769999635607, 0.0 ], [ 106.700539999721357, -6.380729999589665, 0.0 ], [ 106.700800000020166, -6.380709999566605, 0.0 ], [ 106.700940000181049, -6.380740000050835, 0.0 ], [ 106.701080000341932, -6.380769999635607, 0.0 ], [ 106.701279999672366, -6.380800000119748, 0.0 ] ] ] ] } },
{ "type": "Feature", "properties": { "PROVNO": "32", "KABKOTNO": "01", "KECNO": "250", "DESANO": "004", "PROVINSI": "JAWA BARAT", "KABKOT": "BOGOR", "KECAMATAN": "GUNUNG SINDUR", "ID2013": "3201250004", "DESA": "CIDOKOM", "DESA_1": "CIDOKOM", "ID2012": "3201250004", "IDKAB2": "3201", "IDKEC_2": "3201250", "WILAYAH": "TENGAH" }, "geometry": { "type": "MultiPolygon", "coordinates": [ [ [ [ 106.719555310029662, -6.405727130702346, 0.0 ], [ 106.719439999856249, -6.406049999907406, 0.0 ], [ 106.719290000133569, -6.406430000344034, 0.0 ], [ 106.719223967412319, -6.406595080798141, 0.0 ], [ 106.719416639066864, -6.406712803852646, 0.0 ], [ 106.719580000017146, -6.406729999789498, 0.0 ], [ 106.719844173170173, -6.40670702840648, 0.0 ], [ 106.719990135836312, -6.406688279340447, 0.0 ], [ 106.720032657581285, -6.406690638262216, 0.0 ], [ 106.72003999964646, -6.406689999743556, 0.0 ], [ 106.720520000198036, -6.406689999743556, 0.0 ], [ 106.720799999620439, -6.406720000227697, 0.0 ], [ 106.720939999781322, -6.406769999835529, 0.0 ], [ 106.721004903853398, -6.406818678339157, 0.0 ], [ 106.721174505199428, -6.406916887004535, 0.0 ], [ 106.721323586714291, -6.407254683157007, 0.0 ], [ 106.721348066260418, -6.407745686913771, 0.0 ], [ 106.721368907149525, -6.408163704391292, 0.0 ], [ 106.721772681164452, -6.408817798402513, 0.0 ], [ 106.721896873941759, -6.409021248431692, 0.0 ], [ 106.722099564943164, -6.409353291620992, 0.0 ], [ 106.722197733139055, -6.40951410838916, 0.0 ], [ 106.722316144174869, -6.409787958247506, 0.0 ], [ 106.722453347444244, -6.410105267843704, 0.0 ], [ 106.722499024910235, -6.411120004384543, 0.0 ], [ 106.722690097570137, -6.411373085299523, 0.0 ], [ 106.722741206941279, -6.411449220105272, 0.0 ], [ 106.722905252275751, -6.411655979639566, 0.0 ], [ 106.722932460364959, -6.411814926717376, 0.0 ], [ 106.723028391047549, -6.412216718626453, 0.0 ], [ 106.723001182958441, -6.412216393071937, 0.0 ], [ 106.722420308150902, -6.412155883986728, 0.0 ], [ 106.721571901222447, -6.412067505810572, 0.0 ], [ 106.719509618174555, -6.411968040792217, 0.0 ], [ 106.718757319994452, -6.411931755845703, 0.0 ], [ 106.718693690261773, -6.412266639993316, 0.0 ], [ 106.718448285959823, -6.412513782684783, 0.0 ], [ 106.718349876745634, -6.41253874516682, 0.0 ], [ 106.718054567264673, -6.412588998383431, 0.0 ], [ 106.717833289974493, -6.412688268248825, 0.0 ], [ 106.717587142832528, -6.412713725358046, 0.0 ], [ 106.717217469310953, -6.4126164349004, 0.0 ], [ 106.715470233164879, -6.412566928121102, 0.0 ], [ 106.715176626100529, -6.412558607593457, 0.0 ], [ 106.714776502433807, -6.412559945784704, 0.0 ], [ 106.714345600369285, -6.412561388297302, 0.0 ], [ 106.713945476702548, -6.41256272468981, 0.0 ], [ 106.71357613233279, -6.412563960358355, 0.0 ], [ 106.713330108397969, -6.412626361617093, 0.0 ], [ 106.713237772305504, -6.412626670983936, 0.0 ], [ 106.713145537836468, -6.412657768640919, 0.0 ], [ 106.713142308370976, -6.412659399111789, 0.0 ], [ 106.713084083563771, -6.41268876467457, 0.0 ], [ 106.712929676263769, -6.412535330440985, 0.0 ], [ 106.712889794928287, -6.412485802077885, 0.0 ], [ 106.712806354929555, -6.412474162152684, 0.0 ], [ 106.712406026217323, -6.412413919266804, 0.0 ], [ 106.712221250610426, -6.412383746112784, 0.0 ], [ 106.711728995896635, -6.412446970251331, 0.0 ], [ 106.711390429924577, -6.412448100699155, 0.0 ], [ 106.711020982132752, -6.412418543580802, 0.0 ], [ 106.710774443785766, -6.412326996193798, 0.0 ], [ 106.710572408390149, -6.412327669785913, 0.0 ], [ 106.710405099416008, -6.412328228264954, 0.0 ], [ 106.709973991406713, -6.412268086103126, 0.0 ], [ 106.709604235147509, -6.412146158718048, 0.0 ], [ 106.709326097321679, -6.411808394941279, 0.0 ], [ 106.709172408579946, -6.411870486833351, 0.0 ], [ 106.708833636663201, -6.411810036204049, 0.0 ], [ 106.70852533737461, -6.411657112785321, 0.0 ], [ 106.707930399868246, -6.411404390699929, 0.0 ], [ 106.707878061123793, -6.411382157660253, 0.0 ], [ 106.707477628989579, -6.411291121088194, 0.0 ], [ 106.707235163672067, -6.411150711735782, 0.0 ], [ 106.706755555224802, -6.411120440555731, 0.0 ], [ 106.706683038391731, -6.41114596511402, 0.0 ], [ 106.706429819880412, -6.410894335704889, 0.0 ], [ 106.7049826047636, -6.410714409242448, 0.0 ], [ 106.704947599552256, -6.410699538952382, 0.0 ], [ 106.704766846612884, -6.410622755735442, 0.0 ], [ 106.704212419967405, -6.410501438090801, 0.0 ], [ 106.703873853095971, -6.410502563142586, 0.0 ], [ 106.703503730812741, -6.410503791616531, 0.0 ], [ 106.70341217173447, -6.410504095587424, 0.0 ], [ 106.703043030611553, -6.410566903339756, 0.0 ], [ 106.70258186006501, -6.410722385329706, 0.0 ], [ 106.702218094189817, -6.410747857727319, 0.0 ], [ 106.702210000291458, -6.410760000373585, 0.0 ], [ 106.701959999554546, -6.410970000165186, 0.0 ], [ 106.701769999785824, -6.411150000372103, 0.0 ], [ 106.701510000386392, -6.411269999610649, 0.0 ], [ 106.701080000341932, -6.411440000255677, 0.0 ], [ 106.700470000090647, -6.411619999563225, 0.0 ], [ 106.69995000039242, -6.411970000414993, 0.0 ], [ 106.697450000217444, -6.410090000053295, 0.0 ], [ 106.697410000171502, -6.409869999800524, 0.0 ], [ 106.697430000194473, -6.409689999593606, 0.0 ], [ 106.697559999894281, -6.409339999641119, 0.0 ], [ 106.697630000424368, -6.409229999964374, 0.0 ], [ 106.697849999777858, -6.409100000264658, 0.0 ], [ 106.698000000399915, -6.409049999757546, 0.0 ], [ 106.698190000168537, -6.409109999826459, 0.0 ], [ 106.69839999996023, -6.409200000379514, 0.0 ], [ 106.698529999659939, -6.409229999964374, 0.0 ], [ 106.699039999796383, -6.409040000195745, 0.0 ], [ 106.699229999565006, -6.40892999961963, 0.0 ], [ 106.699289999633919, -6.408869999550717, 0.0 ], [ 106.699300000095093, -6.408799999919914, 0.0 ], [ 106.69924000002618, -6.408690000243169, 0.0 ], [ 106.699130000349342, -6.408559999644083, 0.0 ], [ 106.699079999842326, -6.40849999957517, 0.0 ], [ 106.699030000234487, -6.408209999691596, 0.0 ], [ 106.698970000165573, -6.408109999576652, 0.0 ], [ 106.698870000050633, -6.407979999876936, 0.0 ], [ 106.698839999566488, -6.407879999761992, 0.0 ], [ 106.698870000050633, -6.407810000131278, 0.0 ], [ 106.698990000188545, -6.407790000108307, 0.0 ], [ 106.699179999957181, -6.407819999693078, 0.0 ], [ 106.699469999840844, -6.407739999601105, 0.0 ], [ 106.699850000277465, -6.407509999786534, 0.0 ], [ 106.699910000346378, -6.407460000178702, 0.0 ], [ 106.699979999977188, -6.407400000109789, 0.0 ], [ 106.700009999561956, -6.407299999994844, 0.0 ], [ 106.700000000000159, -6.407170000295128, 0.0 ], [ 106.699947267352655, -6.406996735111061, 0.0 ], [ 106.699930000369449, -6.406939999581098, 0.0 ], [ 106.699699999655408, -6.40658000006681, 0.0 ], [ 106.699500000324889, -6.406250000137206, 0.0 ], [ 106.699469999840844, -6.406170000045321, 0.0 ], [ 106.699509999886786, -6.406060000368576, 0.0 ], [ 106.69960000043983, -6.405989999838493, 0.0 ], [ 106.699939999931246, -6.405949999792462, 0.0 ], [ 106.700069999630955, -6.405940000230661, 0.0 ], [ 106.700160000184013, -6.405880000161748, 0.0 ], [ 106.700240000275983, -6.405740000000861, 0.0 ], [ 106.700280000321925, -6.405599999839975, 0.0 ], [ 106.700269999860751, -6.405499999725031, 0.0 ], [ 106.700180000206984, -6.405410000071257, 0.0 ], [ 106.700049999607984, -6.4053000003946, 0.0 ], [ 106.70002000002313, -6.405160000233625, 0.0 ], [ 106.700049999607984, -6.404939999980854, 0.0 ], [ 106.700229999814809, -6.404460000328562, 0.0 ], [ 106.700300000344896, -6.404329999729566, 0.0 ], [ 106.700349999952735, -6.404289999683535, 0.0 ], [ 106.700539999721357, -6.40420999959165, 0.0 ], [ 106.700659999859283, -6.404159999983818, 0.0 ], [ 106.701069999880758, -6.40422000005282, 0.0 ], [ 106.701190000018684, -6.404240000075792, 0.0 ], [ 106.701259999649395, -6.40420999959165, 0.0 ], [ 106.70129000013354, -6.404130000399046, 0.0 ], [ 106.701279999672366, -6.403950000192218, 0.0 ], [ 106.701080000341932, -6.403850000077274, 0.0 ], [ 106.700969999765817, -6.403799999570161, 0.0 ], [ 106.700699999905225, -6.403420000032813, 0.0 ], [ 106.700570000205502, -6.403159999734012, 0.0 ], [ 106.700519999698386, -6.402969999965382, 0.0 ], [ 106.700510000136589, -6.402789999758554, 0.0 ], [ 106.700570000205502, -6.402620000012806, 0.0 ], [ 106.700619999813341, -6.402459999828949, 0.0 ], [ 106.700610000251444, -6.402239999576178, 0.0 ], [ 106.700710000366385, -6.402020000222688, 0.0 ], [ 106.700750000412327, -6.401909999646573, 0.0 ], [ 106.700747985031668, -6.401891861220257, 0.0 ], [ 106.700730000389356, -6.401730000339025, 0.0 ], [ 106.700690000343414, -6.401619999763, 0.0 ], [ 106.700499999675415, -6.401510000086255, 0.0 ], [ 106.700430000044705, -6.401439999556171, 0.0 ], [ 106.700679999882254, -6.401300000294654, 0.0 ], [ 106.700779999997195, -6.401240000225652, 0.0 ], [ 106.700710000366385, -6.401030000433963, 0.0 ], [ 106.700690000343414, -6.400930000319107, 0.0 ], [ 106.700750000412327, -6.400810000181192, 0.0 ], [ 106.700820000043137, -6.400670000020305, 0.0 ], [ 106.700866180230179, -6.400503752246181, 0.0 ], [ 106.700869999650962, -6.400489999813477, 0.0 ], [ 106.7011099999268, -6.400259999998905, 0.0 ], [ 106.701199999580481, -6.400210000391073, 0.0 ], [ 106.701370000225509, -6.400170000345131, 0.0 ], [ 106.701470000340365, -6.400110000276129, 0.0 ], [ 106.701510000386392, -6.399870000000387, 0.0 ], [ 106.701470000340365, -6.399640000185727, 0.0 ], [ 106.701450000317394, -6.399470000440068, 0.0 ], [ 106.701469751228259, -6.399297178621701, 0.0 ], [ 106.701490000363336, -6.399119999588123, 0.0 ], [ 106.701539999971175, -6.398940000280575, 0.0 ], [ 106.701490000363336, -6.398720000027804, 0.0 ], [ 106.70145999987929, -6.398539999820976, 0.0 ], [ 106.701479999902261, -6.398430000144231, 0.0 ], [ 106.701669999670884, -6.398189999868489, 0.0 ], [ 106.70194999999265, -6.397830000354112, 0.0 ], [ 106.701990000038592, -6.397699999755027, 0.0 ], [ 106.701999999600488, -6.397590000078281, 0.0 ], [ 106.70190000038491, -6.397400000309652, 0.0 ], [ 106.701709999716911, -6.397300000194708, 0.0 ], [ 106.701629999624942, -6.397200000079764, 0.0 ], [ 106.701623315863486, -6.397189305342046, 0.0 ], [ 106.70176370992742, -6.397173786640789, 0.0 ], [ 106.701866301888472, -6.397158777855196, 0.0 ], [ 106.702012930952122, -6.397158292221263, 0.0 ], [ 106.702218310027121, -6.397186950017577, 0.0 ], [ 106.702409073320268, -6.39723032431986, 0.0 ], [ 106.702614330087414, -6.397222309561759, 0.0 ], [ 106.702958981771758, -6.397243171135294, 0.0 ], [ 106.703127532709587, -6.397220608943801, 0.0 ], [ 106.703310891884286, -6.397242004714556, 0.0 ], [ 106.703545571770917, -6.397263229614172, 0.0 ], [ 106.703831645214422, -6.397306288254381, 0.0 ], [ 106.703948899722121, -6.397291230006132, 0.0 ], [ 106.704014640163663, -6.397217668160717, 0.0 ], [ 106.704065304370445, -6.397019471970946, 0.0 ], [ 106.704101790765236, -6.396968010065454, 0.0 ], [ 106.704138205214207, -6.396894546246159, 0.0 ], [ 106.704167384617278, -6.396850442593696, 0.0 ], [ 106.704254924625232, -6.396718133434955, 0.0 ], [ 106.704363370273512, -6.396621766581081, 0.0 ], [ 106.704379194744234, -6.396607704781623, 0.0 ], [ 106.704452243076773, -6.396526784683179, 0.0 ], [ 106.704569253868129, -6.39643838402403, 0.0 ], [ 106.704737731960947, -6.396393819019366, 0.0 ], [ 106.704913564709486, -6.396356563704266, 0.0 ], [ 106.704972118668508, -6.396327031766926, 0.0 ], [ 106.704972412746855, -6.396326513757469, 0.0 ], [ 106.704980000326941, -6.396330000429042, 0.0 ], [ 106.705090000003679, -6.396299999944901, 0.0 ], [ 106.70517999965746, -6.396230000314098, 0.0 ], [ 106.705339999841314, -6.396079999692041, 0.0 ], [ 106.70543999995617, -6.396130000199243, 0.0 ], [ 106.706360000114088, -6.396560000243614, 0.0 ], [ 106.706560000343899, -6.396669999920359, 0.0 ], [ 106.706839999766387, -6.396770000035303, 0.0 ], [ 106.706969664918333, -6.396844656355629, 0.0 ], [ 106.707169999695907, -6.396959999804022, 0.0 ], [ 106.707340000340935, -6.397070000380047, 0.0 ], [ 106.7081000003149, -6.397520000447479, 0.0 ], [ 106.708284532205568, -6.397682388331418, 0.0 ], [ 106.708350000152535, -6.397739999800969, 0.0 ], [ 106.708609999552053, -6.397960000053828, 0.0 ], [ 106.708709999666908, -6.398009999661571, 0.0 ], [ 106.708800000219966, -6.397960000053828, 0.0 ], [ 106.708889999873747, -6.397940000030857, 0.0 ], [ 106.708989999988688, -6.3979899996386, 0.0 ], [ 106.709190000218484, -6.398180000306599, 0.0 ], [ 106.709580000217002, -6.398579999867007, 0.0 ], [ 106.709804217390896, -6.398705562311715, 0.0 ], [ 106.709830000054637, -6.398720000027804, 0.0 ], [ 106.709990000238491, -6.398920000257604, 0.0 ], [ 106.710248240563971, -6.399344848086077, 0.0 ], [ 106.710300000145125, -6.399430000394037, 0.0 ], [ 106.710690000143558, -6.399979999677132, 0.0 ], [ 106.710877613111478, -6.400157738088943, 0.0 ], [ 106.710879999912265, -6.400159999883961, 0.0 ], [ 106.710900522441278, -6.400159999883961, 0.0 ], [ 106.710921660106678, -6.400159999883961, 0.0 ], [ 106.710921825581948, -6.400209716205243, 0.0 ], [ 106.710921971272086, -6.400253142668291, 0.0 ], [ 106.710922034224666, -6.400272171423396, 0.0 ], [ 106.711243272958853, -6.400615949866086, 0.0 ], [ 106.711548274433511, -6.400986346442519, 0.0 ], [ 106.711688281788994, -6.401156373167929, 0.0 ], [ 106.712034473112595, -6.401598596797644, 0.0 ], [ 106.712059915832612, -6.401844832972561, 0.0 ], [ 106.712060736913685, -6.402091150985658, 0.0 ], [ 106.712135424710254, -6.402337222584578, 0.0 ], [ 106.712407258288479, -6.402631900741476, 0.0 ], [ 106.712725195611441, -6.402914575647003, 0.0 ], [ 106.712876482263979, -6.403049081849446, 0.0 ], [ 106.713444360968666, -6.403515195969369, 0.0 ], [ 106.714011912320089, -6.403882782164452, 0.0 ], [ 106.714038599701809, -6.403935736045199, 0.0 ], [ 106.714108645197967, -6.404074716374932, 0.0 ], [ 106.714185421220407, -6.404227051636937, 0.0 ], [ 106.714310259710885, -6.404743908204615, 0.0 ], [ 106.714529142106386, -6.405088049074017, 0.0 ], [ 106.714597256758168, -6.40510370896882, 0.0 ], [ 106.714760219308815, -6.405141173825903, 0.0 ], [ 106.715021046084559, -6.405289120396453, 0.0 ], [ 106.715294600965251, -6.405536234309608, 0.0 ], [ 106.715642287861414, -6.405708691003067, 0.0 ], [ 106.716114025442067, -6.405905537310588, 0.0 ], [ 106.716427862755793, -6.405912536734029, 0.0 ], [ 106.716597536946935, -6.405916321081175, 0.0 ], [ 106.71703108931348, -6.405815659065208, 0.0 ], [ 106.717328193841212, -6.405690650602871, 0.0 ], [ 106.717563523038322, -6.405627857239651, 0.0 ], [ 106.71798505056978, -6.4056388469551, 0.0 ], [ 106.718245339550904, -6.40562557386092, 0.0 ], [ 106.718406496262972, -6.40562503516712, 0.0 ], [ 106.718655093158219, -6.405822625213844, 0.0 ], [ 106.719003030065949, -6.406069487316781, 0.0 ], [ 106.719280871115487, -6.406404697018999, 0.0 ], [ 106.719555310029662, -6.405727130702346, 0.0 ] ] ] ] } },
{ "type": "Feature", "properties": { "PROVNO": "32", "KABKOTNO": "01", "KECNO": "250", "DESANO": "005", "PROVINSI": "JAWA BARAT", "KABKOT": "BOGOR", "KECAMATAN": "GUNUNG SINDUR", "ID2013": "3201250005", "DESA": "PADURENAN", "DESA_1": "PADURENAN", "ID2012": "3201250005", "IDKAB2": "3201", "IDKEC_2": "3201250", "WILAYAH": "TENGAH" }, "geometry": { "type": "MultiPolygon", "coordinates": [ [ [ [ 106.704160000283963, -6.383400000409569, 0.0 ], [ 106.704180000306934, -6.383459999579113, 0.0 ], [ 106.704399999660424, -6.383679999831973, 0.0 ], [ 106.704579999867249, -6.383849999577631, 0.0 ], [ 106.704720000028132, -6.383949999692575, 0.0 ], [ 106.704869999750912, -6.384060000268601, 0.0 ], [ 106.70543999995617, -6.384390000198206, 0.0 ], [ 106.705482366118474, -6.384411598316433, 0.0 ], [ 106.70593313420693, -6.384641402078941, 0.0 ], [ 106.706460000229043, -6.38490999989644, 0.0 ], [ 106.706560000343899, -6.384960000403552, 0.0 ], [ 106.707039999996184, -6.385199999780014, 0.0 ], [ 106.707349999902732, -6.385370000425041, 0.0 ], [ 106.707770000385381, -6.385620000262673, 0.0 ], [ 106.708281738911253, -6.385927044097652, 0.0 ], [ 106.708620000013227, -6.386130000399017, 0.0 ], [ 106.708760000174024, -6.386220000052791, 0.0 ], [ 106.709299999895322, -6.386529999959336, 0.0 ], [ 106.7093497198139, -6.386569572827341, 0.0 ], [ 106.70951326332667, -6.386699739800985, 0.0 ], [ 106.709790000008695, -6.386919999957854, 0.0 ], [ 106.709919999708404, -6.387060000118741, 0.0 ], [ 106.710220000053155, -6.387679999931919, 0.0 ], [ 106.710409999821778, -6.388219999653035, 0.0 ], [ 106.710750000212471, -6.38921000034113, 0.0 ], [ 106.710839999866238, -6.389469999740562, 0.0 ], [ 106.710890000373439, -6.389580000316588, 0.0 ], [ 106.71130999995674, -6.390420000382537, 0.0 ], [ 106.711530000209507, -6.390880000011769, 0.0 ], [ 106.711989999838821, -6.391829999754552, 0.0 ], [ 106.712120000437821, -6.392079999592184, 0.0 ], [ 106.71217000004566, -6.392199999730011, 0.0 ], [ 106.712299999745369, -6.392489999613673, 0.0 ], [ 106.712414653413703, -6.392752063856513, 0.0 ], [ 106.712580000067135, -6.393130000349103, 0.0 ], [ 106.712729999789829, -6.393500000324561, 0.0 ], [ 106.712849999927741, -6.393799999770025, 0.0 ], [ 106.713059999719434, -6.394249999837456, 0.0 ], [ 106.713299999995172, -6.394770000435059, 0.0 ], [ 106.713389999648953, -6.394960000203689, 0.0 ], [ 106.713509999786865, -6.395250000087263, 0.0 ], [ 106.713629999924692, -6.395539999970836, 0.0 ], [ 106.713739999601529, -6.395800000269638, 0.0 ], [ 106.713810000131517, -6.395940000430524, 0.0 ], [ 106.713850000177558, -6.39605999966907, 0.0 ], [ 106.713850909392121, -6.39606199976134, 0.0 ], [ 106.713950000292499, -6.39627999992193, 0.0 ], [ 106.714070000430326, -6.396600000289556, 0.0 ], [ 106.714360000313988, -6.397360000263621, 0.0 ], [ 106.714488531420812, -6.397696157851254, 0.0 ], [ 106.714478357390476, -6.397699788414304, 0.0 ], [ 106.714473421011704, -6.397699699381434, 0.0 ], [ 106.7144746881565, -6.397701097827238, 0.0 ], [ 106.714500359304367, -6.397729440860846, 0.0 ], [ 106.714549663736193, -6.397783878622967, 0.0 ], [ 106.715146809977455, -6.399388800652464, 0.0 ], [ 106.715675737245661, -6.400496278879988, 0.0 ], [ 106.715721484858818, -6.400592068369129, 0.0 ], [ 106.716273333147939, -6.40128796286902, 0.0 ], [ 106.716386534411228, -6.401377001147548, 0.0 ], [ 106.717099614056067, -6.40193786783815, 0.0 ], [ 106.717290514046198, -6.402088018647003, 0.0 ], [ 106.717315014276664, -6.402111480160535, 0.0 ], [ 106.718456706312153, -6.403204726616742, 0.0 ], [ 106.718509876030112, -6.403248751128778, 0.0 ], [ 106.719855535204957, -6.40436293919814, 0.0 ], [ 106.719840000315941, -6.404437078408289, 0.0 ], [ 106.719700877893388, -6.405101022693884, 0.0 ], [ 106.719585091978573, -6.405653602131824, 0.0 ], [ 106.719555310029662, -6.405727130702346, 0.0 ], [ 106.719280871115487, -6.406404697018999, 0.0 ], [ 106.719003030065949, -6.406069487316781, 0.0 ], [ 106.718655093158219, -6.405822625213844, 0.0 ], [ 106.718406496262972, -6.40562503516712, 0.0 ], [ 106.718245339550904, -6.40562557386092, 0.0 ], [ 106.71798505056978, -6.4056388469551, 0.0 ], [ 106.717563523038322, -6.405627857239651, 0.0 ], [ 106.717328193841212, -6.405690650602871, 0.0 ], [ 106.71703108931348, -6.405815659065208, 0.0 ], [ 106.716597536946935, -6.405916321081175, 0.0 ], [ 106.716427862755793, -6.405912536734029, 0.0 ], [ 106.716114025442067, -6.405905537310588, 0.0 ], [ 106.715642287861414, -6.405708691003067, 0.0 ], [ 106.715294600965251, -6.405536234309608, 0.0 ], [ 106.715021046084559, -6.405289120396453, 0.0 ], [ 106.714760219308815, -6.405141173825903, 0.0 ], [ 106.714597256758168, -6.40510370896882, 0.0 ], [ 106.714529142106386, -6.405088049074017, 0.0 ], [ 106.714310259710885, -6.404743908204615, 0.0 ], [ 106.714185421220407, -6.404227051636937, 0.0 ], [ 106.714108645197967, -6.404074716374932, 0.0 ], [ 106.714038599701809, -6.403935736045199, 0.0 ], [ 106.714011912320089, -6.403882782164452, 0.0 ], [ 106.713444360968666, -6.403515195969369, 0.0 ], [ 106.712876482263979, -6.403049081849446, 0.0 ], [ 106.712725195611441, -6.402914575647003, 0.0 ], [ 106.712407258288479, -6.402631900741476, 0.0 ], [ 106.712135424710254, -6.402337222584578, 0.0 ], [ 106.712060736913685, -6.402091150985658, 0.0 ], [ 106.712059915832612, -6.401844832972561, 0.0 ], [ 106.712034473112595, -6.401598596797644, 0.0 ], [ 106.711688281788994, -6.401156373167929, 0.0 ], [ 106.711548274433511, -6.400986346442519, 0.0 ], [ 106.711243272958853, -6.400615949866086, 0.0 ], [ 106.710922034224666, -6.400272171423396, 0.0 ], [ 106.710921971272086, -6.400253142668291, 0.0 ], [ 106.710921825581948, -6.400209716205243, 0.0 ], [ 106.710921660106678, -6.400159999883961, 0.0 ], [ 106.710900522441278, -6.400159999883961, 0.0 ], [ 106.710879999912265, -6.400159999883961, 0.0 ], [ 106.710877613111478, -6.400157738088943, 0.0 ], [ 106.710690000143558, -6.399979999677132, 0.0 ], [ 106.710300000145125, -6.399430000394037, 0.0 ], [ 106.710248240563971, -6.399344848086077, 0.0 ], [ 106.709990000238491, -6.398920000257604, 0.0 ], [ 106.709830000054637, -6.398720000027804, 0.0 ], [ 106.709804217390896, -6.398705562311715, 0.0 ], [ 106.709580000217002, -6.398579999867007, 0.0 ], [ 106.709190000218484, -6.398180000306599, 0.0 ], [ 106.708989999988688, -6.3979899996386, 0.0 ], [ 106.708889999873747, -6.397940000030857, 0.0 ], [ 106.708800000219966, -6.397960000053828, 0.0 ], [ 106.708709999666908, -6.398009999661571, 0.0 ], [ 106.708609999552053, -6.397960000053828, 0.0 ], [ 106.708350000152535, -6.397739999800969, 0.0 ], [ 106.708284532205568, -6.397682388331418, 0.0 ], [ 106.7081000003149, -6.397520000447479, 0.0 ], [ 106.707340000340935, -6.397070000380047, 0.0 ], [ 106.707169999695907, -6.396959999804022, 0.0 ], [ 106.706969664918333, -6.396844656355629, 0.0 ], [ 106.706839999766387, -6.396770000035303, 0.0 ], [ 106.706560000343899, -6.396669999920359, 0.0 ], [ 106.706360000114088, -6.396560000243614, 0.0 ], [ 106.70543999995617, -6.396130000199243, 0.0 ], [ 106.705339999841314, -6.396079999692041, 0.0 ], [ 106.70517999965746, -6.396230000314098, 0.0 ], [ 106.705090000003679, -6.396299999944901, 0.0 ], [ 106.704980000326941, -6.396330000429042, 0.0 ], [ 106.704972412746855, -6.396326513757469, 0.0 ], [ 106.704972118668508, -6.396327031766926, 0.0 ], [ 106.704913564709486, -6.396356563704266, 0.0 ], [ 106.704737731960947, -6.396393819019366, 0.0 ], [ 106.704569253868129, -6.39643838402403, 0.0 ], [ 106.704452243076773, -6.396526784683179, 0.0 ], [ 106.704379194744234, -6.396607704781623, 0.0 ], [ 106.704363370273512, -6.396621766581081, 0.0 ], [ 106.704254924625232, -6.396718133434955, 0.0 ], [ 106.704167384617278, -6.396850442593696, 0.0 ], [ 106.704138205214207, -6.396894546246159, 0.0 ], [ 106.704101790765236, -6.396968010065454, 0.0 ], [ 106.704065304370445, -6.397019471970946, 0.0 ], [ 106.704014640163663, -6.397217668160717, 0.0 ], [ 106.703948899722121, -6.397291230006132, 0.0 ], [ 106.703831645214422, -6.397306288254381, 0.0 ], [ 106.703545571770917, -6.397263229614172, 0.0 ], [ 106.703310891884286, -6.397242004714556, 0.0 ], [ 106.703127532709587, -6.397220608943801, 0.0 ], [ 106.702958981771758, -6.397243171135294, 0.0 ], [ 106.702614330087414, -6.397222309561759, 0.0 ], [ 106.702409073320268, -6.39723032431986, 0.0 ], [ 106.702218310027121, -6.397186950017577, 0.0 ], [ 106.702012930952122, -6.397158292221263, 0.0 ], [ 106.701866301888472, -6.397158777855196, 0.0 ], [ 106.70176370992742, -6.397173786640789, 0.0 ], [ 106.701623315863486, -6.397189305342046, 0.0 ], [ 106.701580000017117, -6.397119999987879, 0.0 ], [ 106.701490000363336, -6.396999999849964, 0.0 ], [ 106.70145999987929, -6.396890000173219, 0.0 ], [ 106.701550000432334, -6.396729999989361, 0.0 ], [ 106.701620000063144, -6.396629999874417, 0.0 ], [ 106.701620000063144, -6.396529999759561, 0.0 ], [ 106.701270000110569, -6.396460000128759, 0.0 ], [ 106.701169999995713, -6.396409999621557, 0.0 ], [ 106.701120000387874, -6.396330000429042, 0.0 ], [ 106.701239999626424, -6.395829999854499, 0.0 ], [ 106.701339999741364, -6.395510000386064, 0.0 ], [ 106.701339999741364, -6.395259999649152, 0.0 ], [ 106.701339999741364, -6.395100000364575, 0.0 ], [ 106.701270000110569, -6.395020000272602, 0.0 ], [ 106.701140000410845, -6.394949999742519, 0.0 ], [ 106.70101479319834, -6.394877765296449, 0.0 ], [ 106.700880000112051, -6.394800000019831, 0.0 ], [ 106.700759999974224, -6.394659999858945, 0.0 ], [ 106.700719999928282, -6.394599999790032, 0.0 ], [ 106.700590000228473, -6.394419999583114, 0.0 ], [ 106.700510000136589, -6.39436000041357, 0.0 ], [ 106.700240000275983, -6.394309999906369, 0.0 ], [ 106.699959999954217, -6.394389999998342, 0.0 ], [ 106.699770000185495, -6.394499999675087, 0.0 ], [ 106.699650000047669, -6.394630000274084, 0.0 ], [ 106.699569999955699, -6.394770000435059, 0.0 ], [ 106.699480000301918, -6.39477999999686, 0.0 ], [ 106.699420000233005, -6.394610000251113, 0.0 ], [ 106.699440000255976, -6.394479999652116, 0.0 ], [ 106.699500000324889, -6.394300000344568, 0.0 ], [ 106.69930999965689, -6.394240000275655, 0.0 ], [ 106.69924000002618, -6.394229999814485, 0.0 ], [ 106.69924000002618, -6.393999999999824, 0.0 ], [ 106.699199999980152, -6.393839999815967, 0.0 ], [ 106.699099999865297, -6.393679999632109, 0.0 ], [ 106.699075748746935, -6.393642411567892, 0.0 ], [ 106.698899999635401, -6.393369999725564, 0.0 ], [ 106.698850000027662, -6.393300000094762, 0.0 ], [ 106.698740000350909, -6.393300000094762, 0.0 ], [ 106.698580000167055, -6.393329999679533, 0.0 ], [ 106.69843000044429, -6.393300000094762, 0.0 ], [ 106.698290000283492, -6.393229999564678, 0.0 ], [ 106.697909999846772, -6.392600000189699, 0.0 ], [ 106.697720000078135, -6.392359999913868, 0.0 ], [ 106.697630000424368, -6.392259999798924, 0.0 ], [ 106.697669999571019, -6.391920000307607, 0.0 ], [ 106.697700000055164, -6.391829999754552, 0.0 ], [ 106.697849999777858, -6.391809999731581, 0.0 ], [ 106.697920000307931, -6.39178999970861, 0.0 ], [ 106.697960000353973, -6.391720000077807, 0.0 ], [ 106.69790000028496, -6.391599999939892, 0.0 ], [ 106.697809999731916, -6.391499999824948, 0.0 ], [ 106.697789999708945, -6.391240000425515, 0.0 ], [ 106.697789999708945, -6.391029999734545, 0.0 ], [ 106.697786847585135, -6.391021593771331, 0.0 ], [ 106.697760000124077, -6.390949999642572, 0.0 ], [ 106.697679597135817, -6.390896398250003, 0.0 ], [ 106.697639999986166, -6.390869999550688, 0.0 ], [ 106.697510000286456, -6.390839999965827, 0.0 ], [ 106.697450000217444, -6.390850000426997, 0.0 ], [ 106.69739000014853, -6.39112999984949, 0.0 ], [ 106.6973599996644, -6.391240000425515, 0.0 ], [ 106.697299999595486, -6.391299999595148, 0.0 ], [ 106.69710999982685, -6.391350000102261, 0.0 ], [ 106.696940000081099, -6.391330000079289, 0.0 ], [ 106.696907373576579, -6.391317979740787, 0.0 ], [ 106.696750000312392, -6.391260000448487, 0.0 ], [ 106.696590000128623, -6.39112999984949, 0.0 ], [ 106.696510000036639, -6.391009999711574, 0.0 ], [ 106.696519999598451, -6.390889999573659, 0.0 ], [ 106.696559999644393, -6.390599999690085, 0.0 ], [ 106.696519999598451, -6.390449999967398, 0.0 ], [ 106.696469999990612, -6.390380000336595, 0.0 ], [ 106.696120000038121, -6.390469999990369, 0.0 ], [ 106.696010000361383, -6.39049000001334, 0.0 ], [ 106.695939999831296, -6.390469999990369, 0.0 ], [ 106.695890000223557, -6.390400000359566, 0.0 ], [ 106.695890000223557, -6.39026000019868, 0.0 ], [ 106.695890000223557, -6.390169999645625, 0.0 ], [ 106.696006425556305, -6.389713252864162, 0.0 ], [ 106.696018339774724, -6.389713214193318, 0.0 ], [ 106.696424526670739, -6.38971187420351, 0.0 ], [ 106.696416151284581, -6.389659914073622, 0.0 ], [ 106.696641902701785, -6.389693029809376, 0.0 ], [ 106.696931517675566, -6.389601439254857, 0.0 ], [ 106.696922371570366, -6.389590402774772, 0.0 ], [ 106.696946737801881, -6.389600211680282, 0.0 ], [ 106.69694963811547, -6.389601379899581, 0.0 ], [ 106.696949630920955, -6.389599366317569, 0.0 ], [ 106.696949279285974, -6.389492617690031, 0.0 ], [ 106.696879479304712, -6.389217166139129, 0.0 ], [ 106.696857487283438, -6.389130378863719, 0.0 ], [ 106.69667557421856, -6.388913453392977, 0.0 ], [ 106.696662454908562, -6.388577063780279, 0.0 ], [ 106.696655781938929, -6.388405958767809, 0.0 ], [ 106.696654826858918, -6.388115928307272, 0.0 ], [ 106.696581512327128, -6.387862389637391, 0.0 ], [ 106.6965439908127, -6.387840036987971, 0.0 ], [ 106.696541440335366, -6.387822582046301, 0.0 ], [ 106.696527912733217, -6.387730036411856, 0.0 ], [ 106.696466476446929, -6.387638497118822, 0.0 ], [ 106.696384692999359, -6.387557219090247, 0.0 ], [ 106.696262154075285, -6.387476075060619, 0.0 ], [ 106.696220993903921, -6.387353888670901, 0.0 ], [ 106.696251058239923, -6.387200887011115, 0.0 ], [ 106.696332000821371, -6.387027331346076, 0.0 ], [ 106.696361931158421, -6.38683355622355, 0.0 ], [ 106.696239224061131, -6.386701444915612, 0.0 ], [ 106.695994582384259, -6.386671671060586, 0.0 ], [ 106.695770385894804, -6.386662215588625, 0.0 ], [ 106.695434107797965, -6.386653129737976, 0.0 ], [ 106.695372738061565, -6.386581978075636, 0.0 ], [ 106.695290149720776, -6.386256058370279, 0.0 ], [ 106.695350748738221, -6.386092762171049, 0.0 ], [ 106.695472448594813, -6.385919071607695, 0.0 ], [ 106.695593982076758, -6.385694413766032, 0.0 ], [ 106.695603433052142, -6.385470126444961, 0.0 ], [ 106.695470536636137, -6.385338048412095, 0.0 ], [ 106.69534786371311, -6.385216130020268, 0.0 ], [ 106.694766610291012, -6.385075334858605, 0.0 ], [ 106.694576049345315, -6.384697170837619, 0.0 ], [ 106.694499947814464, -6.384546150384409, 0.0 ], [ 106.694389925654718, -6.384367364262324, 0.0 ], [ 106.694390315061185, -6.38436687413181, 0.0 ], [ 106.694366786997776, -6.384361910773375, 0.0 ], [ 106.694292423856439, -6.384356434801433, 0.0 ], [ 106.694223836161285, -6.384368102605666, 0.0 ], [ 106.694189484757061, -6.384356772946589, 0.0 ], [ 106.694154796107071, -6.38424246281927, 0.0 ], [ 106.694154552390827, -6.384168087986755, 0.0 ], [ 106.694154251117951, -6.384076548693631, 0.0 ], [ 106.694154025388116, -6.384007895347867, 0.0 ], [ 106.694199681270476, -6.383979138626152, 0.0 ], [ 106.694262437761509, -6.383933162585222, 0.0 ], [ 106.69429663807955, -6.383898723047512, 0.0 ], [ 106.69433089415557, -6.383881446171671, 0.0 ], [ 106.694342256190353, -6.383858524251309, 0.0 ], [ 106.694359469214334, -6.383875631155291, 0.0 ], [ 106.69439383770559, -6.383892682301298, 0.0 ], [ 106.694445325691376, -6.383898232916998, 0.0 ], [ 106.694485413870993, -6.383915265177134, 0.0 ], [ 106.694542620645592, -6.383920797806422, 0.0 ], [ 106.694622722360904, -6.383931977278792, 0.0 ], [ 106.694651316305368, -6.383931882849971, 0.0 ], [ 106.694725736104033, -6.383954523282434, 0.0 ], [ 106.694783074179753, -6.38400010362167, 0.0 ], [ 106.694828918919669, -6.3840285590706, 0.0 ], [ 106.694891919126945, -6.384056957862096, 0.0 ], [ 106.694949201444672, -6.384085376438833, 0.0 ], [ 106.695012201651949, -6.384113774331048, 0.0 ], [ 106.695046589928353, -6.384136546064614, 0.0 ], [ 106.695046722128737, -6.384176593774651, 0.0 ], [ 106.695046796772402, -6.384199243200364, 0.0 ], [ 106.6950505973074, -6.384198058793213, 0.0 ], [ 106.695059999719405, -6.384219999553178, 0.0 ], [ 106.695139999811289, -6.384230000014348, 0.0 ], [ 106.69534000004117, -6.384250000037319, 0.0 ], [ 106.69540999967198, -6.38427000006029, 0.0 ], [ 106.69562000036295, -6.384310000106233, 0.0 ], [ 106.695730000039603, -6.38427000006029, 0.0 ], [ 106.695799999670413, -6.384169999945346, 0.0 ], [ 106.695813593822521, -6.384102030084495, 0.0 ], [ 106.695830000154558, -6.384020000222659, 0.0 ], [ 106.695830000154558, -6.383730000339085, 0.0 ], [ 106.695850000177529, -6.383490000063343, 0.0 ], [ 106.695899999785354, -6.383369999925339, 0.0 ], [ 106.696010000361383, -6.383300000294625, 0.0 ], [ 106.696200000130091, -6.383289999833455, 0.0 ], [ 106.696350692330768, -6.383302557966566, 0.0 ], [ 106.696440000405843, -6.383309999856426, 0.0 ], [ 106.696490000013668, -6.383369999925339, 0.0 ], [ 106.696499999575479, -6.383450000017312, 0.0 ], [ 106.696519999598451, -6.383599999740088, 0.0 ], [ 106.696610000151594, -6.383679999831973, 0.0 ], [ 106.696779999897245, -6.383790000408087, 0.0 ], [ 106.698090000053597, -6.384239999576149, 0.0 ], [ 106.698330000329435, -6.384390000198206, 0.0 ], [ 106.698877841239579, -6.384581107032297, 0.0 ], [ 106.699190000418355, -6.384689999643669, 0.0 ], [ 106.69960000043983, -6.38470999966664, 0.0 ], [ 106.700229999814809, -6.38470999966664, 0.0 ], [ 106.70053000015956, -6.384559999943864, 0.0 ], [ 106.700699132059512, -6.384366705958513, 0.0 ], [ 106.700880000112051, -6.384160000383545, 0.0 ], [ 106.701140000410845, -6.383739999900886, 0.0 ], [ 106.701207957681234, -6.383641224662675, 0.0 ], [ 106.701227908241549, -6.38319082169895, 0.0 ], [ 106.701274786302548, -6.382239955009741, 0.0 ], [ 106.701301149029035, -6.381567935711487, 0.0 ], [ 106.701279999672366, -6.380800000119748, 0.0 ], [ 106.70139000024848, -6.38084999972758, 0.0 ], [ 106.701849999877794, -6.381179999657096, 0.0 ], [ 106.702139999761371, -6.381430000394097, 0.0 ], [ 106.702270000360372, -6.381540000070842, 0.0 ], [ 106.702750000012657, -6.381959999654132, 0.0 ], [ 106.702970000265438, -6.382170000345102, 0.0 ], [ 106.703180000057131, -6.382380000136703, 0.0 ], [ 106.703570000055635, -6.382799999720081, 0.0 ], [ 106.703719999778329, -6.382939999880968, 0.0 ], [ 106.703969999615964, -6.383220000202741, 0.0 ], [ 106.704089999753876, -6.383340000340567, 0.0 ], [ 106.704160000283963, -6.383400000409569, 0.0 ] ] ] ] } },
{ "type": "Feature", "properties": { "PROVNO": "32", "KABKOTNO": "01", "KECNO": "250", "DESANO": "006", "PROVINSI": "JAWA BARAT", "KABKOT": "BOGOR", "KECAMATAN": "GUNUNG SINDUR", "ID2013": "3201250006", "DESA": "CURUG", "DESA_1": "CURUG", "ID2012": "3201250006", "IDKAB2": "3201", "IDKEC_2": "3201250", "WILAYAH": "TENGAH" }, "geometry": { "type": "MultiPolygon", "coordinates": [ [ [ [ 106.722650000397365, -6.378139999761014, 0.0 ], [ 106.722590000328452, -6.378460000128729, 0.0 ], [ 106.722539999821336, -6.378620000312587, 0.0 ], [ 106.722379999637482, -6.378819999643106, 0.0 ], [ 106.722149999822818, -6.379010000311105, 0.0 ], [ 106.721940000031125, -6.379340000240621, 0.0 ], [ 106.721730000239532, -6.379630000124195, 0.0 ], [ 106.721670000170519, -6.379819999892913, 0.0 ], [ 106.721710000216461, -6.379870000400025, 0.0 ], [ 106.721799999870242, -6.379879999961915, 0.0 ], [ 106.721980000077068, -6.379929999569658, 0.0 ], [ 106.722080000192022, -6.380009999661542, 0.0 ], [ 106.722149999822818, -6.380049999707573, 0.0 ], [ 106.72218999986876, -6.380169999845489, 0.0 ], [ 106.722198172008262, -6.380189977385378, 0.0 ], [ 106.722280000421819, -6.380390000098259, 0.0 ], [ 106.722410000121528, -6.380550000282117, 0.0 ], [ 106.722639999936192, -6.380700000004804, 0.0 ], [ 106.723250000187562, -6.381069999980351, 0.0 ], [ 106.723290000233504, -6.381139999611154, 0.0 ], [ 106.723319999818372, -6.381210000141238, 0.0 ], [ 106.723310000256475, -6.381319999817983, 0.0 ], [ 106.723250000187562, -6.381569999655614, 0.0 ], [ 106.723170000095593, -6.38166999977047, 0.0 ], [ 106.723020000372912, -6.381780000346584, 0.0 ], [ 106.722940000280943, -6.381870000000358, 0.0 ], [ 106.722860000189058, -6.382070000230158, 0.0 ], [ 106.722739621436574, -6.382404386153286, 0.0 ], [ 106.722679999982134, -6.382569999905421, 0.0 ], [ 106.722670000420337, -6.382739999651079, 0.0 ], [ 106.722650000397365, -6.383060000018794, 0.0 ], [ 106.722619999913221, -6.383590000178199, 0.0 ], [ 106.722548481327493, -6.383793553629449, 0.0 ], [ 106.722490000213497, -6.383960000153746, 0.0 ], [ 106.722350000052614, -6.384169999945346, 0.0 ], [ 106.722100000214994, -6.38447000029009, 0.0 ], [ 106.722009999661935, -6.384649999597638, 0.0 ], [ 106.721850000377444, -6.385210000241184, 0.0 ], [ 106.721770000285474, -6.385819999593103, 0.0 ], [ 106.721850000377444, -6.385990000238131, 0.0 ], [ 106.721949999593022, -6.386110000376046, 0.0 ], [ 106.722069999730849, -6.386150000422077, 0.0 ], [ 106.722149999822818, -6.386130000399017, 0.0 ], [ 106.722280000421819, -6.386050000307044, 0.0 ], [ 106.722479999752338, -6.385930000169218, 0.0 ], [ 106.72255000028251, -6.385959999754078, 0.0 ], [ 106.722619999913221, -6.386070000330104, 0.0 ], [ 106.722929999819854, -6.386599999590139, 0.0 ], [ 106.722989182405001, -6.386655236849528, 0.0 ], [ 106.723230000164591, -6.386879999911912, 0.0 ], [ 106.723330000279446, -6.386919999957854, 0.0 ], [ 106.72341000037143, -6.386879999911912, 0.0 ], [ 106.723480000002141, -6.386770000235167, 0.0 ], [ 106.723569999655922, -6.386670000120223, 0.0 ], [ 106.723640000185995, -6.386659999659141, 0.0 ], [ 106.723930000069657, -6.386730000189136, 0.0 ], [ 106.724019999723438, -6.386810000281109, 0.0 ], [ 106.724139999861265, -6.386890000373082, 0.0 ], [ 106.72425000043738, -6.386890000373082, 0.0 ], [ 106.724380000137003, -6.386839999865881, 0.0 ], [ 106.724480000251944, -6.386759999773997, 0.0 ], [ 106.724640000435812, -6.386520000397535, 0.0 ], [ 106.724659999559492, -6.386260000098822, 0.0 ], [ 106.724699999605519, -6.38620000002982, 0.0 ], [ 106.724810000181549, -6.386159999983878, 0.0 ], [ 106.724870000250462, -6.386139999960818, 0.0 ], [ 106.725019999973242, -6.386070000330104, 0.0 ], [ 106.725100000065126, -6.385979999777049, 0.0 ], [ 106.725160000134039, -6.385799999570132, 0.0 ], [ 106.725240000226009, -6.385649999847445, 0.0 ], [ 106.725369999925732, -6.38556000019376, 0.0 ], [ 106.725550000132557, -6.385509999686558, 0.0 ], [ 106.725980000177017, -6.385420000032784, 0.0 ], [ 106.726219999553479, -6.385449999617645, 0.0 ], [ 106.726430000244449, -6.3855400001707, 0.0 ], [ 106.726579999967228, -6.385680000331586, 0.0 ], [ 106.726800000219995, -6.385870000100304, 0.0 ], [ 106.72694999994269, -6.385930000169218, 0.0 ], [ 106.727330000379396, -6.386010000261102, 0.0 ], [ 106.727540000171004, -6.385999999800021, 0.0 ], [ 106.728019999823289, -6.385950000192189, 0.0 ], [ 106.728046210564344, -6.386035184875674, 0.0 ], [ 106.728059999869316, -6.386079999891905, 0.0 ], [ 106.728030000284463, -6.386289999683594, 0.0 ], [ 106.727930000169522, -6.386560000443566, 0.0 ], [ 106.727799999570522, -6.386690000143194, 0.0 ], [ 106.727689999893784, -6.386739999751025, 0.0 ], [ 106.72727999987228, -6.386870000350111, 0.0 ], [ 106.726929999919719, -6.386890000373082, 0.0 ], [ 106.726789999758822, -6.386930000419024, 0.0 ], [ 106.726709999666937, -6.386950000441995, 0.0 ], [ 106.726514305391049, -6.387216144908994, 0.0 ], [ 106.726459999829302, -6.387289999933401, 0.0 ], [ 106.72627000006068, -6.387490000163201, 0.0 ], [ 106.725949999692872, -6.387909999746491, 0.0 ], [ 106.726009999761885, -6.388219999653035, 0.0 ], [ 106.72655000038236, -6.388270000160237, 0.0 ], [ 106.726820000242967, -6.388350000252121, 0.0 ], [ 106.726940000380878, -6.388410000321034, 0.0 ], [ 106.727230000264456, -6.388410000321034, 0.0 ], [ 106.727569999755858, -6.388350000252121, 0.0 ], [ 106.727870000100609, -6.388199999630064, 0.0 ], [ 106.728039999846345, -6.388069999930437, 0.0 ], [ 106.728090000353376, -6.387960000253692, 0.0 ], [ 106.728090000353376, -6.387840000115776, 0.0 ], [ 106.728110000376347, -6.387749999562722, 0.0 ], [ 106.728170000445346, -6.38769999995489, 0.0 ], [ 106.728300000145069, -6.387690000393, 0.0 ], [ 106.728369999775865, -6.387730000439031, 0.0 ], [ 106.728409999821807, -6.387809999631635, 0.0 ], [ 106.728429999844778, -6.387909999746491, 0.0 ], [ 106.728590000028646, -6.388199999630064, 0.0 ], [ 106.728610854407577, -6.388658795067172, 0.0 ], [ 106.728619999613414, -6.388860000388554, 0.0 ], [ 106.728790000258442, -6.389500000224615, 0.0 ], [ 106.728770000235471, -6.389660000408561, 0.0 ], [ 106.728710000166558, -6.389739999601165, 0.0 ], [ 106.728619999613414, -6.389770000085306, 0.0 ], [ 106.72846999989072, -6.389739999601165, 0.0 ], [ 106.728030000284463, -6.389580000316588, 0.0 ], [ 106.727740000400885, -6.389500000224615, 0.0 ], [ 106.727629999824771, -6.389480000201644, 0.0 ], [ 106.727370000425339, -6.389440000155702, 0.0 ], [ 106.727159999734369, -6.389469999740562, 0.0 ], [ 106.727059999619513, -6.389549999832447, 0.0 ], [ 106.727019999573486, -6.389609999901449, 0.0 ], [ 106.727022306334575, -6.38964689908498, 0.0 ], [ 106.727030000034659, -6.389770000085306, 0.0 ], [ 106.727079999642484, -6.389919999807994, 0.0 ], [ 106.727230000264456, -6.390240000175709, 0.0 ], [ 106.727190000218513, -6.390579999667025, 0.0 ], [ 106.727110000126544, -6.390759999873943, 0.0 ], [ 106.727059999619513, -6.390929999619601, 0.0 ], [ 106.726943031096198, -6.391836507248829, 0.0 ], [ 106.726940000380878, -6.391860000238605, 0.0 ], [ 106.726989999988717, -6.391949999892379, 0.0 ], [ 106.727070000080602, -6.39198999993841, 0.0 ], [ 106.727350000402367, -6.392119999638126, 0.0 ], [ 106.727480000102091, -6.392170000145239, 0.0 ], [ 106.727589999778829, -6.392279999821984, 0.0 ], [ 106.727629999824771, -6.39241999998287, 0.0 ], [ 106.727618633293417, -6.392563826759048, 0.0 ], [ 106.727569999755858, -6.392700000304643, 0.0 ], [ 106.727540000171004, -6.392800000419498, 0.0 ], [ 106.72739000044831, -6.393199999979817, 0.0 ], [ 106.727400000010206, -6.393329999679533, 0.0 ], [ 106.72746000007912, -6.393460000278619, 0.0 ], [ 106.727660000308916, -6.393610000001306, 0.0 ], [ 106.727970000215549, -6.393799999770025, 0.0 ], [ 106.728099999915258, -6.393879999861909, 0.0 ], [ 106.728409999821807, -6.394060000068826, 0.0 ], [ 106.728549999982704, -6.394220000252595, 0.0 ], [ 106.728570000005675, -6.394300000344568, 0.0 ], [ 106.728540000420892, -6.394499999675087, 0.0 ], [ 106.728480000351894, -6.39457999976706, 0.0 ], [ 106.728380000237038, -6.394610000251113, 0.0 ], [ 106.728284753938368, -6.394610000251113, 0.0 ], [ 106.728220000053085, -6.394610000251113, 0.0 ], [ 106.727950000192578, -6.394570000205171, 0.0 ], [ 106.727700000354858, -6.394499999675087, 0.0 ], [ 106.727640000285945, -6.394410000021313, 0.0 ], [ 106.727569999755858, -6.394249999837456, 0.0 ], [ 106.727480000102091, -6.39412999969954, 0.0 ], [ 106.727400000010206, -6.394109999676569, 0.0 ], [ 106.72727999987228, -6.3941499997226, 0.0 ], [ 106.727159999734369, -6.394220000252595, 0.0 ], [ 106.727039999596457, -6.394289999883398, 0.0 ], [ 106.726983530265912, -6.394342704651947, 0.0 ], [ 106.726889999873777, -6.394430000044284, 0.0 ], [ 106.726740000151082, -6.394670000320115, 0.0 ], [ 106.72662000001317, -6.394949999742519, 0.0 ], [ 106.726579999967228, -6.395120000387546, 0.0 ], [ 106.72655000038236, -6.395370000225178, 0.0 ], [ 106.726521341686777, -6.395631504190415, 0.0 ], [ 106.726470000290476, -6.396099999715013, 0.0 ], [ 106.726490000313447, -6.396409999621557, 0.0 ], [ 106.72655000038236, -6.396449999667588, 0.0 ], [ 106.726709999666937, -6.396429999644617, 0.0 ], [ 106.726780000197024, -6.396409999621557, 0.0 ], [ 106.726889999873777, -6.396349999552644, 0.0 ], [ 106.72717999975734, -6.396170000245185, 0.0 ], [ 106.727489999663888, -6.39584999987747, 0.0 ], [ 106.727640000285945, -6.395820000292609, 0.0 ], [ 106.727910000146551, -6.395829999854499, 0.0 ], [ 106.728639999636471, -6.395920000407553, 0.0 ], [ 106.729100000165076, -6.396179999806986, 0.0 ], [ 106.729209999841729, -6.396319999967872, 0.0 ], [ 106.729379999587479, -6.396569999805504, 0.0 ], [ 106.729430000094595, -6.396729999989361, 0.0 ], [ 106.729350000002711, -6.396779999597104, 0.0 ], [ 106.729060000119134, -6.39689999973502, 0.0 ], [ 106.729000000050121, -6.397019999872935, 0.0 ], [ 106.728919999958151, -6.397160000033821, 0.0 ], [ 106.728659999659442, -6.397489999963337, 0.0 ], [ 106.728650000097645, -6.397639999686113, 0.0 ], [ 106.728690000143587, -6.39777000028511, 0.0 ], [ 106.728790000258442, -6.398040000145713, 0.0 ], [ 106.72877953484786, -6.398196967815597, 0.0 ], [ 106.728770000235471, -6.398339999591176, 0.0 ], [ 106.728710000166558, -6.398709999566634, 0.0 ], [ 106.728850000327441, -6.398829999704549, 0.0 ], [ 106.72898000002715, -6.398960000303546, 0.0 ], [ 106.729149999772815, -6.399020000372548, 0.0 ], [ 106.729370000025682, -6.399000000349577, 0.0 ], [ 106.729769999585997, -6.398980000326606, 0.0 ], [ 106.730290000183516, -6.399000000349577, 0.0 ], [ 106.730729999789858, -6.399060000418491, 0.0 ], [ 106.73088000041183, -6.399150000072265, 0.0 ], [ 106.730939999581466, -6.399250000187209, 0.0 ], [ 106.730919999558495, -6.399339999840983, 0.0 ], [ 106.730840000365887, -6.399430000394037, 0.0 ], [ 106.730689999743831, -6.399509999586641, 0.0 ], [ 106.730430000344398, -6.399669999770499, 0.0 ], [ 106.729829999654996, -6.400099999814959, 0.0 ], [ 106.729659999909245, -6.40034000009079, 0.0 ], [ 106.729630000324477, -6.400500000274647, 0.0 ], [ 106.729590000278449, -6.400890000273165, 0.0 ], [ 106.729559999794304, -6.401030000433963, 0.0 ], [ 106.729590000278449, -6.401180000156739, 0.0 ], [ 106.729642544068298, -6.401375849116011, 0.0 ], [ 106.729648004751766, -6.401396198975231, 0.0 ], [ 106.729699999955187, -6.401590000178228, 0.0 ], [ 106.729650000347448, -6.401719999877944, 0.0 ], [ 106.729630000324477, -6.40186000003883, 0.0 ], [ 106.729679999932216, -6.402020000222688, 0.0 ], [ 106.729780000047157, -6.402169999945375, 0.0 ], [ 106.729849999677967, -6.402140000360603, 0.0 ], [ 106.730020000322995, -6.402029999784489, 0.0 ], [ 106.73012000043785, -6.402000000199717, 0.0 ], [ 106.730279999722342, -6.40204999980746, 0.0 ], [ 106.73045000036737, -6.402129999899344, 0.0 ], [ 106.730580000067079, -6.402160000383574, 0.0 ], [ 106.731210000341434, -6.40227999962212, 0.0 ], [ 106.73132999957997, -6.402359999714093, 0.0 ], [ 106.731460000179055, -6.402530000359121, 0.0 ], [ 106.731479888686081, -6.402602926383807, 0.0 ], [ 106.731489999763923, -6.402640000035866, 0.0 ], [ 106.731449999717896, -6.40270000010478, 0.0 ], [ 106.731320000018172, -6.402780000196664, 0.0 ], [ 106.731210000341434, -6.402860000288637, 0.0 ], [ 106.731190000318378, -6.40292999991944, 0.0 ], [ 106.731190000318378, -6.403300543085457, 0.0 ], [ 106.731190000318378, -6.403449999617674, 0.0 ], [ 106.731170000295407, -6.403819999593132, 0.0 ], [ 106.731210000341434, -6.40422000005282, 0.0 ], [ 106.731230000364405, -6.404509999936394, 0.0 ], [ 106.731279999972145, -6.404579999567108, 0.0 ], [ 106.731380000087086, -6.404599999590168, 0.0 ], [ 106.731730000039661, -6.404590000028278, 0.0 ], [ 106.73195999985424, -6.404610000051338, 0.0 ], [ 106.73203999994621, -6.404670000120252, 0.0 ], [ 106.732070000430355, -6.405550000232143, 0.0 ], [ 106.732149999622948, -6.405559999793944, 0.0 ], [ 106.732280000222033, -6.405519999748002, 0.0 ], [ 106.732479999552567, -6.405439999656117, 0.0 ], [ 106.732599999690393, -6.405439999656117, 0.0 ], [ 106.732710000266508, -6.405499999725031, 0.0 ], [ 106.732779999897303, -6.405579999816915, 0.0 ], [ 106.732770000335421, -6.405650000347087, 0.0 ], [ 106.732710000266508, -6.405730000438972, 0.0 ], [ 106.73246999999067, -6.405989999838493, 0.0 ], [ 106.732449999967699, -6.406080000391547, 0.0 ], [ 106.732461263976361, -6.406192636880483, 0.0 ], [ 106.732490000013641, -6.406479999951866, 0.0 ], [ 106.732499999575538, -6.406649999697525, 0.0 ], [ 106.732429999944728, -6.406740000250668, 0.0 ], [ 106.732260000198977, -6.406889999973355, 0.0 ], [ 106.73214000006115, -6.406919999558127, 0.0 ], [ 106.73203999994621, -6.406880000411554, 0.0 ], [ 106.731719999578502, -6.406760000273639, 0.0 ], [ 106.731649999947692, -6.406840000365523, 0.0 ], [ 106.731469999740867, -6.407050000157213, 0.0 ], [ 106.731389999648883, -6.407179999856929, 0.0 ], [ 106.731360000064115, -6.407309999556645, 0.0 ], [ 106.731389999648883, -6.407609999901389, 0.0 ], [ 106.731449999717896, -6.407710000016333, 0.0 ], [ 106.731580000316882, -6.407810000131278, 0.0 ], [ 106.731850000177488, -6.407999999899907, 0.0 ], [ 106.731919999808298, -6.408180000106736, 0.0 ], [ 106.731977228166699, -6.408377118908728, 0.0 ], [ 106.732010000361441, -6.408490000013369, 0.0 ], [ 106.732019999923239, -6.408559999644083, 0.0 ], [ 106.731979999877211, -6.408679999781999, 0.0 ], [ 106.731870000200459, -6.409069999780517, 0.0 ], [ 106.731549999832836, -6.409650000447034, 0.0 ], [ 106.731409999671953, -6.409740000100808, 0.0 ], [ 106.731119999788376, -6.409840000215663, 0.0 ], [ 106.730979999627408, -6.409900000284576, 0.0 ], [ 106.730919999558495, -6.409969999915379, 0.0 ], [ 106.730918537260834, -6.409972752740192, 0.0 ], [ 106.730749999812829, -6.410290000283094, 0.0 ], [ 106.730720000228061, -6.410379999936868, 0.0 ], [ 106.730720000228061, -6.410460000028841, 0.0 ], [ 106.730869999950656, -6.410760000373585, 0.0 ], [ 106.730970000065597, -6.410990000188157, 0.0 ], [ 106.731010000111638, -6.41150000032459, 0.0 ], [ 106.73088000041183, -6.411979999976793, 0.0 ], [ 106.730881456414252, -6.412008400567029, 0.0 ], [ 106.730900000434886, -6.412369999975311, 0.0 ], [ 106.730290000183516, -6.412619999813032, 0.0 ], [ 106.730210000091631, -6.412639999836003, 0.0 ], [ 106.729632627244143, -6.412639999836003, 0.0 ], [ 106.729559999794304, -6.412639999836003, 0.0 ], [ 106.729410000071624, -6.41278999955869, 0.0 ], [ 106.729120000188047, -6.413069999880374, 0.0 ], [ 106.728719999728355, -6.413459999878892, 0.0 ], [ 106.728612480381855, -6.413584062254554, 0.0 ], [ 106.728611436268892, -6.413582424588995, 0.0 ], [ 106.728145875232144, -6.412858818379643, 0.0 ], [ 106.727894063260607, -6.412275073835385, 0.0 ], [ 106.725342591287784, -6.412244477100817, 0.0 ], [ 106.72392886782319, -6.412227522182281, 0.0 ], [ 106.723028391047549, -6.412216718626453, 0.0 ], [ 106.722932460364959, -6.411814926717376, 0.0 ], [ 106.722905252275751, -6.411655979639566, 0.0 ], [ 106.722741206941279, -6.411449220105272, 0.0 ], [ 106.722690097570137, -6.411373085299523, 0.0 ], [ 106.722499024910235, -6.411120004384543, 0.0 ], [ 106.722453347444244, -6.410105267843704, 0.0 ], [ 106.722316144174869, -6.409787958247506, 0.0 ], [ 106.722197733139055, -6.40951410838916, 0.0 ], [ 106.722099564943164, -6.409353291620992, 0.0 ], [ 106.721896873941759, -6.409021248431692, 0.0 ], [ 106.721772681164452, -6.408817798402513, 0.0 ], [ 106.721368907149525, -6.408163704391292, 0.0 ], [ 106.721348066260418, -6.407745686913771, 0.0 ], [ 106.721323586714291, -6.407254683157007, 0.0 ], [ 106.721174505199428, -6.406916887004535, 0.0 ], [ 106.721004903853398, -6.406818678339157, 0.0 ], [ 106.720939999781322, -6.406769999835529, 0.0 ], [ 106.720799999620439, -6.406720000227697, 0.0 ], [ 106.720520000198036, -6.406689999743556, 0.0 ], [ 106.72003999964646, -6.406689999743556, 0.0 ], [ 106.720032657581285, -6.406690638262216, 0.0 ], [ 106.719990135836312, -6.406688279340447, 0.0 ], [ 106.719844173170173, -6.40670702840648, 0.0 ], [ 106.719580000017146, -6.406729999789498, 0.0 ], [ 106.719416639066864, -6.406712803852646, 0.0 ], [ 106.719223967412319, -6.406595080798141, 0.0 ], [ 106.719290000133569, -6.406430000344034, 0.0 ], [ 106.719439999856249, -6.406049999907406, 0.0 ], [ 106.719555310029662, -6.405727130702346, 0.0 ], [ 106.719585091978573, -6.405653602131824, 0.0 ], [ 106.719700877893388, -6.405101022693884, 0.0 ], [ 106.719840000315941, -6.404437078408289, 0.0 ], [ 106.719855535204957, -6.40436293919814, 0.0 ], [ 106.718509876030112, -6.403248751128778, 0.0 ], [ 106.718456706312153, -6.403204726616742, 0.0 ], [ 106.717315014276664, -6.402111480160535, 0.0 ], [ 106.717290514046198, -6.402088018647003, 0.0 ], [ 106.717099614056067, -6.40193786783815, 0.0 ], [ 106.716386534411228, -6.401377001147548, 0.0 ], [ 106.716273333147939, -6.40128796286902, 0.0 ], [ 106.715721484858818, -6.400592068369129, 0.0 ], [ 106.715675737245661, -6.400496278879988, 0.0 ], [ 106.715146809977455, -6.399388800652464, 0.0 ], [ 106.714549663736193, -6.397783878622967, 0.0 ], [ 106.714500359304367, -6.397729440860846, 0.0 ], [ 106.7144746881565, -6.397701097827238, 0.0 ], [ 106.714473421011704, -6.397699699381434, 0.0 ], [ 106.714478357390476, -6.397699788414304, 0.0 ], [ 106.714488531420812, -6.397696157851254, 0.0 ], [ 106.714360000313988, -6.397360000263621, 0.0 ], [ 106.714070000430326, -6.396600000289556, 0.0 ], [ 106.713950000292499, -6.39627999992193, 0.0 ], [ 106.713850909392121, -6.39606199976134, 0.0 ], [ 106.713850000177558, -6.39605999966907, 0.0 ], [ 106.713810000131517, -6.395940000430524, 0.0 ], [ 106.713739999601529, -6.395800000269638, 0.0 ], [ 106.713629999924692, -6.395539999970836, 0.0 ], [ 106.713509999786865, -6.395250000087263, 0.0 ], [ 106.713389999648953, -6.394960000203689, 0.0 ], [ 106.713299999995172, -6.394770000435059, 0.0 ], [ 106.713059999719434, -6.394249999837456, 0.0 ], [ 106.712849999927741, -6.393799999770025, 0.0 ], [ 106.712729999789829, -6.393500000324561, 0.0 ], [ 106.712580000067135, -6.393130000349103, 0.0 ], [ 106.712414653413703, -6.392752063856513, 0.0 ], [ 106.712299999745369, -6.392489999613673, 0.0 ], [ 106.71217000004566, -6.392199999730011, 0.0 ], [ 106.712120000437821, -6.392079999592184, 0.0 ], [ 106.711989999838821, -6.391829999754552, 0.0 ], [ 106.711530000209507, -6.390880000011769, 0.0 ], [ 106.71130999995674, -6.390420000382537, 0.0 ], [ 106.710890000373439, -6.389580000316588, 0.0 ], [ 106.710839999866238, -6.389469999740562, 0.0 ], [ 106.710750000212471, -6.38921000034113, 0.0 ], [ 106.710409999821778, -6.388219999653035, 0.0 ], [ 106.710220000053155, -6.387679999931919, 0.0 ], [ 106.709919999708404, -6.387060000118741, 0.0 ], [ 106.709790000008695, -6.386919999957854, 0.0 ], [ 106.70951326332667, -6.386699739800985, 0.0 ], [ 106.7093497198139, -6.386569572827341, 0.0 ], [ 106.709299999895322, -6.386529999959336, 0.0 ], [ 106.708760000174024, -6.386220000052791, 0.0 ], [ 106.708620000013227, -6.386130000399017, 0.0 ], [ 106.708281738911253, -6.385927044097652, 0.0 ], [ 106.707770000385381, -6.385620000262673, 0.0 ], [ 106.707349999902732, -6.385370000425041, 0.0 ], [ 106.707039999996184, -6.385199999780014, 0.0 ], [ 106.706560000343899, -6.384960000403552, 0.0 ], [ 106.706460000229043, -6.38490999989644, 0.0 ], [ 106.70593313420693, -6.384641402078941, 0.0 ], [ 106.705482366118474, -6.384411598316433, 0.0 ], [ 106.70543999995617, -6.384390000198206, 0.0 ], [ 106.704869999750912, -6.384060000268601, 0.0 ], [ 106.704720000028132, -6.383949999692575, 0.0 ], [ 106.704579999867249, -6.383849999577631, 0.0 ], [ 106.704399999660424, -6.383679999831973, 0.0 ], [ 106.704180000306934, -6.383459999579113, 0.0 ], [ 106.704160000283963, -6.383400000409569, 0.0 ], [ 106.704140000260992, -6.383060000018794, 0.0 ], [ 106.704069999730905, -6.382799999720081, 0.0 ], [ 106.703910000446328, -6.382190000368073, 0.0 ], [ 106.703910000446328, -6.382146645850852, 0.0 ], [ 106.703910000446328, -6.38213000029916, 0.0 ], [ 106.704049999707848, -6.382070000230158, 0.0 ], [ 106.704260000398818, -6.38191999960819, 0.0 ], [ 106.704359999614482, -6.381769999885414, 0.0 ], [ 106.704579999867249, -6.381829999954416, 0.0 ], [ 106.705239999726373, -6.3819100000463, 0.0 ], [ 106.705359999864285, -6.381970000115214, 0.0 ], [ 106.705760000323977, -6.382250000436986, 0.0 ], [ 106.705870409192158, -6.382307604712025, 0.0 ], [ 106.705990000138542, -6.382369999675532, 0.0 ], [ 106.706170000345466, -6.382440000205705, 0.0 ], [ 106.706520000297957, -6.382520000297589, 0.0 ], [ 106.70673000008955, -6.382670000020276, 0.0 ], [ 106.70687999981233, -6.382870000250165, 0.0 ], [ 106.706939999881328, -6.383010000411051, 0.0 ], [ 106.70697999992727, -6.383140000110767, 0.0 ], [ 106.707149999672936, -6.383309999856426, 0.0 ], [ 106.707349999902732, -6.383559999694057, 0.0 ], [ 106.707380000386877, -6.383670000270083, 0.0 ], [ 106.70745999957947, -6.383810000431058, 0.0 ], [ 106.707730000339438, -6.383790000408087, 0.0 ], [ 106.708189999968681, -6.383750000362056, 0.0 ], [ 106.708450000267476, -6.383790000408087, 0.0 ], [ 106.708510000336474, -6.383650000247112, 0.0 ], [ 106.708660000059169, -6.383220000202741, 0.0 ], [ 106.708729999689879, -6.38318999971851, 0.0 ], [ 106.708849999827805, -6.383229999764541, 0.0 ], [ 106.709270000310454, -6.383349999902368, 0.0 ], [ 106.709400000010177, -6.383360000363538, 0.0 ], [ 106.709409999571974, -6.383289999833455, 0.0 ], [ 106.709418366864341, -6.383260716109032, 0.0 ], [ 106.709469999640888, -6.383080000041765, 0.0 ], [ 106.709549999732857, -6.382890000273136, 0.0 ], [ 106.709520000148089, -6.382799999720081, 0.0 ], [ 106.709210000241541, -6.382600000389562, 0.0 ], [ 106.709150000172542, -6.38254000032056, 0.0 ], [ 106.709139999711368, -6.382360000113732, 0.0 ], [ 106.709230000264512, -6.382230000414015, 0.0 ], [ 106.709620000262944, -6.381740000300642, 0.0 ], [ 106.709720000377885, -6.381569999655614, 0.0 ], [ 106.709879999662377, -6.381290000233122, 0.0 ], [ 106.710010000261462, -6.381069999980351, 0.0 ], [ 106.710099999915229, -6.380920000257575, 0.0 ], [ 106.710106463342811, -6.38091224360501, 0.0 ], [ 106.710150000422345, -6.380860000188662, 0.0 ], [ 106.710389999798807, -6.381099999565123, 0.0 ], [ 106.710570000005646, -6.38127999977204, 0.0 ], [ 106.710656012065513, -6.381173750268179, 0.0 ], [ 106.71091000039641, -6.380860000188662, 0.0 ], [ 106.711000000050191, -6.38061000035103, 0.0 ], [ 106.711069999680902, -6.380370000075288, 0.0 ], [ 106.711169999795757, -6.380209999891431, 0.0 ], [ 106.711410000071595, -6.380149999822518, 0.0 ], [ 106.71145999967942, -6.380109999776487, 0.0 ], [ 106.711519999748333, -6.379710000216168, 0.0 ], [ 106.712132135889576, -6.379701783110683, 0.0 ], [ 106.712635836274984, -6.379695022007539, 0.0 ], [ 106.713010000111609, -6.379690000193197, 0.0 ], [ 106.713059999719434, -6.37973999980094, 0.0 ], [ 106.713349999603011, -6.37973999980094, 0.0 ], [ 106.713710000016661, -6.379690000193197, 0.0 ], [ 106.713866133115744, -6.379691437309845, 0.0 ], [ 106.714097093406366, -6.379693562407809, 0.0 ], [ 106.716970000165517, -6.379719999777969, 0.0 ], [ 106.717099999865326, -6.379719999777969, 0.0 ], [ 106.717300000095122, -6.379779999846971, 0.0 ], [ 106.717469999840773, -6.379830000354083, 0.0 ], [ 106.717670000070584, -6.379819999892913, 0.0 ], [ 106.717879999862276, -6.379779999846971, 0.0 ], [ 106.71797000041532, -6.379750000262199, 0.0 ], [ 106.718249999837809, -6.379819999892913, 0.0 ], [ 106.718849999627935, -6.379899999984886, 0.0 ], [ 106.719160000433845, -6.379899999984886, 0.0 ], [ 106.719270000110598, -6.379899999984886, 0.0 ], [ 106.719279999672395, -6.379839999915973, 0.0 ], [ 106.719569999556057, -6.379890000422996, 0.0 ], [ 106.719709999716855, -6.379879999961915, 0.0 ], [ 106.719840000315941, -6.379659999709055, 0.0 ], [ 106.719999999600518, -6.379240000125677, 0.0 ], [ 106.720019999623489, -6.379160000033792, 0.0 ], [ 106.720050000107634, -6.379070000380107, 0.0 ], [ 106.720110000176547, -6.378830000104276, 0.0 ], [ 106.720150000222574, -6.378589999828446, 0.0 ], [ 106.720270000360401, -6.377880000361582, 0.0 ], [ 106.720489999713891, -6.377949999992296, 0.0 ], [ 106.720890000173583, -6.378010000061298, 0.0 ], [ 106.721659999709445, -6.378150000222185, 0.0 ], [ 106.721779999847271, -6.378230000314069, 0.0 ], [ 106.721879999962212, -6.378409999621617, 0.0 ], [ 106.721949999593022, -6.378469999690619, 0.0 ], [ 106.72208999975382, -6.378480000151701, 0.0 ], [ 106.722200000329934, -6.378409999621617, 0.0 ], [ 106.722350000052614, -6.378219999852988, 0.0 ], [ 106.722419999683424, -6.378139999761014, 0.0 ], [ 106.722490000213497, -6.378119999738043, 0.0 ], [ 106.722650000397365, -6.378139999761014, 0.0 ] ] ] ] } },
{ "type": "Feature", "properties": { "PROVNO": "32", "KABKOTNO": "01", "KECNO": "250", "DESANO": "007", "PROVINSI": "JAWA BARAT", "KABKOT": "BOGOR", "KECAMATAN": "GUNUNG SINDUR", "ID2013": "3201250007", "DESA": "RAWAKALONG", "DESA_1": "RAWAKALONG", "ID2012": "3201250007", "IDKAB2": "3201", "IDKEC_2": "3201250", "WILAYAH": "TENGAH" }, "geometry": { "type": "MultiPolygon", "coordinates": [ [ [ [ 106.699482715355174, -6.359978631708287, 0.0 ], [ 106.700966086815683, -6.360355846944667, 0.0 ], [ 106.703003717647647, -6.360245034280734, 0.0 ], [ 106.707016212928039, -6.360026811987609, 0.0 ], [ 106.708140176628021, -6.360067833663443, 0.0 ], [ 106.710867916621197, -6.360167388613949, 0.0 ], [ 106.711380215424754, -6.360186084619937, 0.0 ], [ 106.715400890039234, -6.360821263190566, 0.0 ], [ 106.717613405734255, -6.361250864835402, 0.0 ], [ 106.718387754391529, -6.361209934890457, 0.0 ], [ 106.718376371672406, -6.361291390984682, 0.0 ], [ 106.718414503826466, -6.361366758668776, 0.0 ], [ 106.71852894615408, -6.36147547141567, 0.0 ], [ 106.718582358689105, -6.361748217805854, 0.0 ], [ 106.718628130583909, -6.361859323648691, 0.0 ], [ 106.719017231260381, -6.362037649317944, 0.0 ], [ 106.719177446382176, -6.362072468369586, 0.0 ], [ 106.719307145708399, -6.362033370343614, 0.0 ], [ 106.719429205293764, -6.361950408784214, 0.0 ], [ 106.71953603126299, -6.361785406571077, 0.0 ], [ 106.719680987587708, -6.361326210036413, 0.0 ], [ 106.719689645361058, -6.36126474497182, 0.0 ], [ 106.719719144023415, -6.361055372906979, 0.0 ], [ 106.71959706105568, -6.360871316757724, 0.0 ], [ 106.719558904619888, -6.360814083902735, 0.0 ], [ 106.719612318054189, -6.360679619968348, 0.0 ], [ 106.719764915918304, -6.360540368942704, 0.0 ], [ 106.719963262294868, -6.360448849434732, 0.0 ], [ 106.720184530591808, -6.360418333638975, 0.0 ], [ 106.720215046387466, -6.360417850703062, 0.0 ], [ 106.720337105073469, -6.360433084319208, 0.0 ], [ 106.720513715735564, -6.360478126863924, 0.0 ], [ 106.720368371803119, -6.360481705266388, 0.0 ], [ 106.720249396892314, -6.360762013156176, 0.0 ], [ 106.72040999422606, -6.360978553717125, 0.0 ], [ 106.720427673998103, -6.361144157576639, 0.0 ], [ 106.720493706719353, -6.361388999802333, 0.0 ], [ 106.72051391898232, -6.361527259775048, 0.0 ], [ 106.720553927122239, -6.361678628265945, 0.0 ], [ 106.720626963763593, -6.361862820212796, 0.0 ], [ 106.720680226111725, -6.362040491175538, 0.0 ], [ 106.720759736972468, -6.36219172566749, 0.0 ], [ 106.720813964293228, -6.362313920151088, 0.0 ], [ 106.720832707963226, -6.362356156811035, 0.0 ], [ 106.720879059021513, -6.362435047139527, 0.0 ], [ 106.720932102834496, -6.362546849057651, 0.0 ], [ 106.720952117246583, -6.362625825721082, 0.0 ], [ 106.721011612795863, -6.362698084448883, 0.0 ], [ 106.721084430901982, -6.362816407351115, 0.0 ], [ 106.721117614086808, -6.362895340847121, 0.0 ], [ 106.721071921332253, -6.363014058551855, 0.0 ], [ 106.720986789708803, -6.363152669260099, 0.0 ], [ 106.720770157416979, -6.3633444128142, 0.0 ], [ 106.720540531720388, -6.363588896210484, 0.0 ], [ 106.720376701323843, -6.363819986003385, 0.0 ], [ 106.720265410220662, -6.364011378821957, 0.0 ], [ 106.72022283091907, -6.364068572106731, 0.0 ], [ 106.720147424564132, -6.364169860050808, 0.0 ], [ 106.720015877131189, -6.364209818727975, 0.0 ], [ 106.719904059924573, -6.364243126918581, 0.0 ], [ 106.719779054160171, -6.364269890742715, 0.0 ], [ 106.719614499809495, -6.364283612598456, 0.0 ], [ 106.719423652879499, -6.364310595857106, 0.0 ], [ 106.71931712368648, -6.364304861779804, 0.0 ], [ 106.719193171927571, -6.36429818970953, 0.0 ], [ 106.718975682581842, -6.36423304371986, 0.0 ], [ 106.718646179078078, -6.364141921712143, 0.0 ], [ 106.718303574250726, -6.364070606373176, 0.0 ], [ 106.718131245260892, -6.364047133168551, 0.0 ], [ 106.718020333671646, -6.364032024558099, 0.0 ], [ 106.717829334756203, -6.364012899575435, 0.0 ], [ 106.717678145230323, -6.364085859774473, 0.0 ], [ 106.717586822673965, -6.364343055987067, 0.0 ], [ 106.717679414173773, -6.364467900772866, 0.0 ], [ 106.717627266984977, -6.364626161667832, 0.0 ], [ 106.717555216899967, -6.364738380871451, 0.0 ], [ 106.717410479110484, -6.364771796081339, 0.0 ], [ 106.717246164878745, -6.364857973616402, 0.0 ], [ 106.717035872807429, -6.364977239008187, 0.0 ], [ 106.716747273168323, -6.365307548304546, 0.0 ], [ 106.716774308587645, -6.365518242372872, 0.0 ], [ 106.71689382578964, -6.365820846254913, 0.0 ], [ 106.717026250061551, -6.36604436375622, 0.0 ], [ 106.717045661028607, -6.366064149740538, 0.0 ], [ 106.717283900431823, -6.366306985578731, 0.0 ], [ 106.717534616129811, -6.366464240132377, 0.0 ], [ 106.717614585644824, -6.366753802046201, 0.0 ], [ 106.717693790736021, -6.366812820954717, 0.0 ], [ 106.71793090238944, -6.36683837968727, 0.0 ], [ 106.718135049393183, -6.366850874867804, 0.0 ], [ 106.71827348743173, -6.366903110190183, 0.0 ], [ 106.718320012958458, -6.367034695394693, 0.0 ], [ 106.718325265898486, -6.367133241305947, 0.0 ], [ 106.71832703486497, -6.367166411000849, 0.0 ], [ 106.718307655374161, -6.367278454836658, 0.0 ], [ 106.718275108009976, -6.367390540940523, 0.0 ], [ 106.718236042359621, -6.367522412129425, 0.0 ], [ 106.718164057025746, -6.367654391236979, 0.0 ], [ 106.718079099870749, -6.36784569682133, 0.0 ], [ 106.717935018586417, -6.368076720963725, 0.0 ], [ 106.717705434258519, -6.368334376729958, 0.0 ], [ 106.717436322028774, -6.368585578061783, 0.0 ], [ 106.717318292305535, -6.368730885122122, 0.0 ], [ 106.717304311444977, -6.368760275865917, 0.0 ], [ 106.717239831852908, -6.368895820785294, 0.0 ], [ 106.717161371400294, -6.369060756448643, 0.0 ], [ 106.716997800008656, -6.369370888555483, 0.0 ], [ 106.716880381824325, -6.36970062858099, 0.0 ], [ 106.716894513770967, -6.369990409929329, 0.0 ], [ 106.717086216855563, -6.37022031621445, 0.0 ], [ 106.717205057767345, -6.370318726328019, 0.0 ], [ 106.717297453215082, -6.370384287804445, 0.0 ], [ 106.717370248838122, -6.37049602497143, 0.0 ], [ 106.717469946780824, -6.370582696234308, 0.0 ], [ 106.717528769637184, -6.370646997760545, 0.0 ], [ 106.717581726215869, -6.370732452240659, 0.0 ], [ 106.717628252641958, -6.370864038344539, 0.0 ], [ 106.717635231380967, -6.370982579782094, 0.0 ], [ 106.717688297676943, -6.371100969234202, 0.0 ], [ 106.717779999747421, -6.37119000031813, 0.0 ], [ 106.717875091362529, -6.371242828293724, 0.0 ], [ 106.717959999954161, -6.371290000432985, 0.0 ], [ 106.71826999986078, -6.371360000063788, 0.0 ], [ 106.718360000413838, -6.371369999625678, 0.0 ], [ 106.718479999652473, -6.371299999994875, 0.0 ], [ 106.718619999813271, -6.37117999985696, 0.0 ], [ 106.718719999928226, -6.371150000272099, 0.0 ], [ 106.71888000011208, -6.37117999985696, 0.0 ], [ 106.719109999926729, -6.371340000040817, 0.0 ], [ 106.719210000041684, -6.37140999967162, 0.0 ], [ 106.719199999580511, -6.371640000385561, 0.0 ], [ 106.719190000018713, -6.371750000062306, 0.0 ], [ 106.719210000041684, -6.371830000154191, 0.0 ], [ 106.719490000363365, -6.371939999830936, 0.0 ], [ 106.719769999785854, -6.37203000038399, 0.0 ], [ 106.719920000407825, -6.372120000037764, 0.0 ], [ 106.720010000061592, -6.372530000059253, 0.0 ], [ 106.72003999964646, -6.372610000151226, 0.0 ], [ 106.720110000176547, -6.372650000197169, 0.0 ], [ 106.720210000291488, -6.372699999805, 0.0 ], [ 106.720349999553008, -6.37288999957363, 0.0 ], [ 106.720408897053119, -6.373043133433711, 0.0 ], [ 106.720449999667949, -6.373149999872432, 0.0 ], [ 106.720500000175065, -6.373459999778976, 0.0 ], [ 106.720520000198036, -6.37355000033212, 0.0 ], [ 106.720580000266949, -6.373599999939863, 0.0 ], [ 106.720839999666467, -6.373590000378062, 0.0 ], [ 106.720993333175912, -6.373573423174808, 0.0 ], [ 106.721209999641928, -6.37355000033212, 0.0 ], [ 106.721440000355955, -6.373570000355091, 0.0 ], [ 106.72169000019349, -6.373630000424004, 0.0 ], [ 106.721980000077068, -6.37376999968561, 0.0 ], [ 106.72230000044479, -6.373949999892439, 0.0 ], [ 106.722459999729367, -6.374040000445493, 0.0 ], [ 106.722630000374394, -6.374210000191152, 0.0 ], [ 106.722709999567002, -6.374339999890957, 0.0 ], [ 106.722729999589973, -6.374500000074725, 0.0 ], [ 106.722709999567002, -6.37460999975147, 0.0 ], [ 106.722450000167555, -6.374820000442529, 0.0 ], [ 106.722379999637482, -6.37483999956622, 0.0 ], [ 106.722228365846618, -6.374890545062453, 0.0 ], [ 106.722218917569165, -6.374893693588959, 0.0 ], [ 106.722049999707878, -6.374950000142245, 0.0 ], [ 106.721969999615993, -6.374979999727017, 0.0 ], [ 106.721870000400415, -6.375010000211248, 0.0 ], [ 106.721730000239532, -6.375139999910875, 0.0 ], [ 106.721630000124577, -6.375269999610591, 0.0 ], [ 106.721550000032693, -6.375320000117792, 0.0 ], [ 106.721429999894781, -6.375349999702564, 0.0 ], [ 106.721189999618957, -6.375759999724053, 0.0 ], [ 106.720999999850235, -6.375959999953853, 0.0 ], [ 106.720810000081599, -6.376240000275626, 0.0 ], [ 106.720790000058628, -6.376320000367599, 0.0 ], [ 106.72083000010457, -6.376389999998402, 0.0 ], [ 106.720939999781322, -6.376439999606145, 0.0 ], [ 106.721389999848753, -6.376619999812974, 0.0 ], [ 106.721719999778358, -6.376789999558721, 0.0 ], [ 106.72183999991627, -6.376860000088715, 0.0 ], [ 106.72204000014608, -6.376750000412059, 0.0 ], [ 106.722499999775309, -6.376499999675147, 0.0 ], [ 106.722829999704913, -6.376380000436512, 0.0 ], [ 106.723150000072621, -6.3763299999294, 0.0 ], [ 106.723350000302418, -6.376320000367599, 0.0 ], [ 106.72352999960998, -6.376389999998402, 0.0 ], [ 106.723660000208966, -6.376479999652087, 0.0 ], [ 106.723760000323921, -6.376619999812974, 0.0 ], [ 106.723789999908689, -6.37677000043503, 0.0 ], [ 106.723769999885718, -6.376889999673576, 0.0 ], [ 106.723689999793834, -6.377009999811492, 0.0 ], [ 106.723569999655922, -6.377100000364546, 0.0 ], [ 106.723099999565505, -6.377370000225149, 0.0 ], [ 106.722929999819854, -6.377499999924865, 0.0 ], [ 106.722720000028161, -6.377789999808527, 0.0 ], [ 106.722650000397365, -6.378139999761014, 0.0 ], [ 106.722490000213497, -6.378119999738043, 0.0 ], [ 106.722419999683424, -6.378139999761014, 0.0 ], [ 106.722350000052614, -6.378219999852988, 0.0 ], [ 106.722200000329934, -6.378409999621617, 0.0 ], [ 106.72208999975382, -6.378480000151701, 0.0 ], [ 106.721949999593022, -6.378469999690619, 0.0 ], [ 106.721879999962212, -6.378409999621617, 0.0 ], [ 106.721779999847271, -6.378230000314069, 0.0 ], [ 106.721659999709445, -6.378150000222185, 0.0 ], [ 106.720890000173583, -6.378010000061298, 0.0 ], [ 106.720489999713891, -6.377949999992296, 0.0 ], [ 106.720270000360401, -6.377880000361582, 0.0 ], [ 106.720150000222574, -6.378589999828446, 0.0 ], [ 106.720110000176547, -6.378830000104276, 0.0 ], [ 106.720050000107634, -6.379070000380107, 0.0 ], [ 106.720019999623489, -6.379160000033792, 0.0 ], [ 106.719999999600518, -6.379240000125677, 0.0 ], [ 106.719840000315941, -6.379659999709055, 0.0 ], [ 106.719709999716855, -6.379879999961915, 0.0 ], [ 106.719569999556057, -6.379890000422996, 0.0 ], [ 106.719279999672395, -6.379839999915973, 0.0 ], [ 106.719270000110598, -6.379899999984886, 0.0 ], [ 106.719160000433845, -6.379899999984886, 0.0 ], [ 106.718849999627935, -6.379899999984886, 0.0 ], [ 106.718249999837809, -6.379819999892913, 0.0 ], [ 106.71797000041532, -6.379750000262199, 0.0 ], [ 106.717879999862276, -6.379779999846971, 0.0 ], [ 106.717670000070584, -6.379819999892913, 0.0 ], [ 106.717469999840773, -6.379830000354083, 0.0 ], [ 106.717300000095122, -6.379779999846971, 0.0 ], [ 106.717099999865326, -6.379719999777969, 0.0 ], [ 106.716970000165517, -6.379719999777969, 0.0 ], [ 106.714097093406366, -6.379693562407809, 0.0 ], [ 106.713866133115744, -6.379691437309845, 0.0 ], [ 106.713710000016661, -6.379690000193197, 0.0 ], [ 106.713349999603011, -6.37973999980094, 0.0 ], [ 106.713059999719434, -6.37973999980094, 0.0 ], [ 106.713010000111609, -6.379690000193197, 0.0 ], [ 106.712635836274984, -6.379695022007539, 0.0 ], [ 106.712132135889576, -6.379701783110683, 0.0 ], [ 106.711519999748333, -6.379710000216168, 0.0 ], [ 106.71145999967942, -6.380109999776487, 0.0 ], [ 106.711410000071595, -6.380149999822518, 0.0 ], [ 106.711169999795757, -6.380209999891431, 0.0 ], [ 106.711069999680902, -6.380370000075288, 0.0 ], [ 106.711000000050191, -6.38061000035103, 0.0 ], [ 106.71091000039641, -6.380860000188662, 0.0 ], [ 106.710656012065513, -6.381173750268179, 0.0 ], [ 106.710570000005646, -6.38127999977204, 0.0 ], [ 106.710389999798807, -6.381099999565123, 0.0 ], [ 106.710150000422345, -6.380860000188662, 0.0 ], [ 106.710106463342811, -6.38091224360501, 0.0 ], [ 106.710099999915229, -6.380920000257575, 0.0 ], [ 106.710010000261462, -6.381069999980351, 0.0 ], [ 106.709879999662377, -6.381290000233122, 0.0 ], [ 106.709720000377885, -6.381569999655614, 0.0 ], [ 106.709620000262944, -6.381740000300642, 0.0 ], [ 106.709230000264512, -6.382230000414015, 0.0 ], [ 106.709139999711368, -6.382360000113732, 0.0 ], [ 106.709150000172542, -6.38254000032056, 0.0 ], [ 106.709210000241541, -6.382600000389562, 0.0 ], [ 106.709520000148089, -6.382799999720081, 0.0 ], [ 106.709549999732857, -6.382890000273136, 0.0 ], [ 106.709469999640888, -6.383080000041765, 0.0 ], [ 106.709418366864341, -6.383260716109032, 0.0 ], [ 106.709409999571974, -6.383289999833455, 0.0 ], [ 106.709400000010177, -6.383360000363538, 0.0 ], [ 106.709270000310454, -6.383349999902368, 0.0 ], [ 106.708849999827805, -6.383229999764541, 0.0 ], [ 106.708729999689879, -6.38318999971851, 0.0 ], [ 106.708660000059169, -6.383220000202741, 0.0 ], [ 106.708510000336474, -6.383650000247112, 0.0 ], [ 106.708450000267476, -6.383790000408087, 0.0 ], [ 106.708189999968681, -6.383750000362056, 0.0 ], [ 106.707730000339438, -6.383790000408087, 0.0 ], [ 106.70745999957947, -6.383810000431058, 0.0 ], [ 106.707380000386877, -6.383670000270083, 0.0 ], [ 106.707349999902732, -6.383559999694057, 0.0 ], [ 106.707149999672936, -6.383309999856426, 0.0 ], [ 106.70697999992727, -6.383140000110767, 0.0 ], [ 106.706939999881328, -6.383010000411051, 0.0 ], [ 106.70687999981233, -6.382870000250165, 0.0 ], [ 106.70673000008955, -6.382670000020276, 0.0 ], [ 106.706520000297957, -6.382520000297589, 0.0 ], [ 106.706170000345466, -6.382440000205705, 0.0 ], [ 106.705990000138542, -6.382369999675532, 0.0 ], [ 106.705870409192158, -6.382307604712025, 0.0 ], [ 106.705760000323977, -6.382250000436986, 0.0 ], [ 106.705359999864285, -6.381970000115214, 0.0 ], [ 106.705239999726373, -6.3819100000463, 0.0 ], [ 106.704579999867249, -6.381829999954416, 0.0 ], [ 106.704359999614482, -6.381769999885414, 0.0 ], [ 106.704390000098613, -6.381709999816412, 0.0 ], [ 106.704490000213568, -6.381439999955898, 0.0 ], [ 106.704470000190597, -6.381310000256093, 0.0 ], [ 106.704399999660424, -6.381179999657096, 0.0 ], [ 106.704209999891788, -6.380829999704609, 0.0 ], [ 106.704009999661906, -6.380390000098259, 0.0 ], [ 106.703859999939212, -6.379949999592629, 0.0 ], [ 106.70381999989327, -6.379670000170226, 0.0 ], [ 106.703850000377415, -6.379360000263681, 0.0 ], [ 106.703839999916241, -6.379059999918937, 0.0 ], [ 106.703710000216532, -6.378959999803993, 0.0 ], [ 106.70348999996375, -6.378879999712108, 0.0 ], [ 106.703360000263956, -6.378839999666077, 0.0 ], [ 106.703400000309983, -6.378720000427531, 0.0 ], [ 106.703420000332954, -6.378500000174672, 0.0 ], [ 106.703418992192894, -6.378483374408042, 0.0 ], [ 106.703400000309983, -6.378170000245156, 0.0 ], [ 106.703400000309983, -6.37803999964607, 0.0 ], [ 106.703469999940694, -6.377880000361582, 0.0 ], [ 106.703509999986721, -6.377760000223667, 0.0 ], [ 106.703570000055635, -6.377660000108722, 0.0 ], [ 106.703710000216532, -6.377589999578639, 0.0 ], [ 106.703750000262474, -6.377539999970807, 0.0 ], [ 106.703690000193561, -6.377350000202178, 0.0 ], [ 106.703420000332954, -6.376860000088715, 0.0 ], [ 106.703269999710898, -6.376619999812974, 0.0 ], [ 106.703180000057131, -6.376490000113257, 0.0 ], [ 106.702910000196525, -6.376280000321568, 0.0 ], [ 106.702589999828803, -6.375859999838909, 0.0 ], [ 106.702509999736918, -6.375759999724053, 0.0 ], [ 106.702440000106122, -6.37567999963208, 0.0 ], [ 106.702380000037124, -6.37567999963208, 0.0 ], [ 106.702199999830285, -6.375670000070279, 0.0 ], [ 106.702090000153547, -6.375659999609109, 0.0 ], [ 106.701979999577517, -6.375600000439565, 0.0 ], [ 106.701829999854823, -6.375389999748506, 0.0 ], [ 106.701729999739882, -6.375079999841962, 0.0 ], [ 106.701740000201056, -6.374990000188188, 0.0 ], [ 106.701769999785824, -6.374720000327585, 0.0 ], [ 106.701849999877794, -6.374419999982841, 0.0 ], [ 106.701990000038592, -6.374159999684039, 0.0 ], [ 106.701840000315912, -6.374150000122238, 0.0 ], [ 106.701749999762853, -6.374159999684039, 0.0 ], [ 106.700989999788789, -6.374210000191152, 0.0 ], [ 106.700639999836312, -6.374159999684039, 0.0 ], [ 106.700590000228473, -6.374119999638097, 0.0 ], [ 106.700410000021648, -6.373949999892439, 0.0 ], [ 106.700049999607984, -6.373630000424004, 0.0 ], [ 106.699569999955699, -6.373410000171233, 0.0 ], [ 106.699469999840844, -6.373279999572148, 0.0 ], [ 106.699400000210034, -6.3731000002646, 0.0 ], [ 106.699380000187062, -6.372839999965887, 0.0 ], [ 106.699350148090986, -6.372657156102726, 0.0 ], [ 106.699300000095093, -6.372349999852513, 0.0 ], [ 106.699280000072122, -6.372169999645596, 0.0 ], [ 106.69930999965689, -6.37203000038399, 0.0 ], [ 106.699360000164091, -6.371950000292106, 0.0 ], [ 106.699420000233005, -6.371859999739051, 0.0 ], [ 106.699569999955699, -6.371699999555194, 0.0 ], [ 106.699890144214976, -6.37140963724482, 0.0 ], [ 106.700000000000159, -6.371309999556676, 0.0 ], [ 106.700180000206984, -6.371210000341101, 0.0 ], [ 106.700289999883722, -6.371159999833989, 0.0 ], [ 106.700291223861086, -6.371159251598026, 0.0 ], [ 106.700470000090647, -6.371050000157155, 0.0 ], [ 106.700889999673933, -6.370709999766557, 0.0 ], [ 106.701370000225509, -6.370270000160208, 0.0 ], [ 106.701640000086115, -6.370020000322576, 0.0 ], [ 106.701780000246998, -6.369869999700519, 0.0 ], [ 106.70194999999265, -6.369599999840005, 0.0 ], [ 106.702090000153547, -6.369289999933372, 0.0 ], [ 106.702139999761371, -6.368980000026827, 0.0 ], [ 106.70214333534679, -6.368803269754988, 0.0 ], [ 106.702150000222545, -6.368449999867423, 0.0 ], [ 106.702150000222545, -6.368090000353046, 0.0 ], [ 106.702179999807313, -6.367859999639105, 0.0 ], [ 106.702130000199574, -6.36776000042353, 0.0 ], [ 106.701959999554546, -6.367569999755531, 0.0 ], [ 106.701769999785824, -6.366980000426494, 0.0 ], [ 106.701724640679757, -6.366827914276687, 0.0 ], [ 106.701600000040088, -6.366410000221148, 0.0 ], [ 106.701579377686301, -6.366344123982017, 0.0 ], [ 106.701382569150439, -6.365715428623933, 0.0 ], [ 106.701239999626424, -6.365260000248654, 0.0 ], [ 106.70104000029599, -6.364710000066278, 0.0 ], [ 106.700779312915159, -6.364114145251456, 0.0 ], [ 106.700759999974224, -6.364070000230218, 0.0 ], [ 106.700347132014755, -6.363287270790732, 0.0 ], [ 106.700280000321925, -6.363159999634096, 0.0 ], [ 106.70002000002313, -6.362709999566665, 0.0 ], [ 106.699979999977188, -6.362630000374061, 0.0 ], [ 106.699779999747392, -6.362240000375543, 0.0 ], [ 106.699523470831679, -6.361745265331589, 0.0 ], [ 106.699500000324889, -6.361699999755057, 0.0 ], [ 106.699384474314272, -6.361532686284335, 0.0 ], [ 106.699210000441326, -6.361280000171678, 0.0 ], [ 106.698999999750356, -6.360950000242163, 0.0 ], [ 106.698820000442794, -6.360790000058305, 0.0 ], [ 106.698660000259025, -6.360700000404531, 0.0 ], [ 106.698419999983201, -6.360529999759503, 0.0 ], [ 106.69823000021448, -6.360389999598617, 0.0 ], [ 106.697479999802312, -6.359970000015327, 0.0 ], [ 106.697160000333866, -6.35980000026958, 0.0 ], [ 106.697060000219011, -6.359729999739585, 0.0 ], [ 106.69659999969042, -6.359430000294122, 0.0 ], [ 106.696460000428814, -6.359290000133235, 0.0 ], [ 106.696459112797953, -6.359289113401658, 0.0 ], [ 106.696464744352639, -6.359289641303736, 0.0 ], [ 106.697426056667368, -6.359378791997496, 0.0 ], [ 106.697514460923827, -6.359407456089041, 0.0 ], [ 106.698524685565985, -6.359735008064007, 0.0 ], [ 106.699482715355174, -6.359978631708287, 0.0 ] ] ] ] } },
{ "type": "Feature", "properties": { "PROVNO": "32", "KABKOTNO": "01", "KECNO": "250", "DESANO": "008", "PROVINSI": "JAWA BARAT", "KABKOT": "BOGOR", "KECAMATAN": "GUNUNG SINDUR", "ID2013": "3201250008", "DESA": "PENGASINAN", "DESA_1": "PENGASINAN", "ID2012": "3201250008", "IDKAB2": "3201", "IDKEC_2": "3201250", "WILAYAH": "TENGAH" }, "geometry": { "type": "MultiPolygon", "coordinates": [ [ [ [ 106.684282687096541, -6.358934260707407, 0.0 ], [ 106.684295871157673, -6.358934847065392, 0.0 ], [ 106.685220713265451, -6.35894055686105, 0.0 ], [ 106.687622272749891, -6.358955376789002, 0.0 ], [ 106.68950800179303, -6.359036858064329, 0.0 ], [ 106.690391769165018, -6.3590750441778, 0.0 ], [ 106.69252035742872, -6.359132277932158, 0.0 ], [ 106.693434033553956, -6.359166542102059, 0.0 ], [ 106.694791994555118, -6.359217466212943, 0.0 ], [ 106.69629691287237, -6.359273899570663, 0.0 ], [ 106.696459112797953, -6.359289113401658, 0.0 ], [ 106.696460000428814, -6.359290000133235, 0.0 ], [ 106.69659999969042, -6.359430000294122, 0.0 ], [ 106.697060000219011, -6.359729999739585, 0.0 ], [ 106.697160000333866, -6.35980000026958, 0.0 ], [ 106.697479999802312, -6.359970000015327, 0.0 ], [ 106.69823000021448, -6.360389999598617, 0.0 ], [ 106.698419999983201, -6.360529999759503, 0.0 ], [ 106.698660000259025, -6.360700000404531, 0.0 ], [ 106.698820000442794, -6.360790000058305, 0.0 ], [ 106.698999999750356, -6.360950000242163, 0.0 ], [ 106.699210000441326, -6.361280000171678, 0.0 ], [ 106.699384474314272, -6.361532686284335, 0.0 ], [ 106.699500000324889, -6.361699999755057, 0.0 ], [ 106.699523470831679, -6.361745265331589, 0.0 ], [ 106.699779999747392, -6.362240000375543, 0.0 ], [ 106.699979999977188, -6.362630000374061, 0.0 ], [ 106.70002000002313, -6.362709999566665, 0.0 ], [ 106.700280000321925, -6.363159999634096, 0.0 ], [ 106.700347132014755, -6.363287270790732, 0.0 ], [ 106.700759999974224, -6.364070000230218, 0.0 ], [ 106.700779312915159, -6.364114145251456, 0.0 ], [ 106.70104000029599, -6.364710000066278, 0.0 ], [ 106.701239999626424, -6.365260000248654, 0.0 ], [ 106.701382569150439, -6.365715428623933, 0.0 ], [ 106.701579377686301, -6.366344123982017, 0.0 ], [ 106.701600000040088, -6.366410000221148, 0.0 ], [ 106.701724640679757, -6.366827914276687, 0.0 ], [ 106.701769999785824, -6.366980000426494, 0.0 ], [ 106.701959999554546, -6.367569999755531, 0.0 ], [ 106.702130000199574, -6.36776000042353, 0.0 ], [ 106.702179999807313, -6.367859999639105, 0.0 ], [ 106.702150000222545, -6.368090000353046, 0.0 ], [ 106.702150000222545, -6.368449999867423, 0.0 ], [ 106.70214333534679, -6.368803269754988, 0.0 ], [ 106.702139999761371, -6.368980000026827, 0.0 ], [ 106.702090000153547, -6.369289999933372, 0.0 ], [ 106.70194999999265, -6.369599999840005, 0.0 ], [ 106.701780000246998, -6.369869999700519, 0.0 ], [ 106.701640000086115, -6.370020000322576, 0.0 ], [ 106.701370000225509, -6.370270000160208, 0.0 ], [ 106.700889999673933, -6.370709999766557, 0.0 ], [ 106.700470000090647, -6.371050000157155, 0.0 ], [ 106.700291223861086, -6.371159251598026, 0.0 ], [ 106.700289999883722, -6.371159999833989, 0.0 ], [ 106.700180000206984, -6.371210000341101, 0.0 ], [ 106.700000000000159, -6.371309999556676, 0.0 ], [ 106.699890144214976, -6.37140963724482, 0.0 ], [ 106.699569999955699, -6.371699999555194, 0.0 ], [ 106.699420000233005, -6.371859999739051, 0.0 ], [ 106.699360000164091, -6.371950000292106, 0.0 ], [ 106.69930999965689, -6.37203000038399, 0.0 ], [ 106.699280000072122, -6.372169999645596, 0.0 ], [ 106.699300000095093, -6.372349999852513, 0.0 ], [ 106.699350148090986, -6.372657156102726, 0.0 ], [ 106.699380000187062, -6.372839999965887, 0.0 ], [ 106.699400000210034, -6.3731000002646, 0.0 ], [ 106.699469999840844, -6.373279999572148, 0.0 ], [ 106.699569999955699, -6.373410000171233, 0.0 ], [ 106.700049999607984, -6.373630000424004, 0.0 ], [ 106.700410000021648, -6.373949999892439, 0.0 ], [ 106.700590000228473, -6.374119999638097, 0.0 ], [ 106.700639999836312, -6.374159999684039, 0.0 ], [ 106.700989999788789, -6.374210000191152, 0.0 ], [ 106.701749999762853, -6.374159999684039, 0.0 ], [ 106.701840000315912, -6.374150000122238, 0.0 ], [ 106.701990000038592, -6.374159999684039, 0.0 ], [ 106.701849999877794, -6.374419999982841, 0.0 ], [ 106.701769999785824, -6.374720000327585, 0.0 ], [ 106.701740000201056, -6.374990000188188, 0.0 ], [ 106.701729999739882, -6.375079999841962, 0.0 ], [ 106.701829999854823, -6.375389999748506, 0.0 ], [ 106.701979999577517, -6.375600000439565, 0.0 ], [ 106.702090000153547, -6.375659999609109, 0.0 ], [ 106.702199999830285, -6.375670000070279, 0.0 ], [ 106.702380000037124, -6.37567999963208, 0.0 ], [ 106.702440000106122, -6.37567999963208, 0.0 ], [ 106.702509999736918, -6.375759999724053, 0.0 ], [ 106.702589999828803, -6.375859999838909, 0.0 ], [ 106.702910000196525, -6.376280000321568, 0.0 ], [ 106.703180000057131, -6.376490000113257, 0.0 ], [ 106.703269999710898, -6.376619999812974, 0.0 ], [ 106.703420000332954, -6.376860000088715, 0.0 ], [ 106.703690000193561, -6.377350000202178, 0.0 ], [ 106.703750000262474, -6.377539999970807, 0.0 ], [ 106.703710000216532, -6.377589999578639, 0.0 ], [ 106.703570000055635, -6.377660000108722, 0.0 ], [ 106.703509999986721, -6.377760000223667, 0.0 ], [ 106.703469999940694, -6.377880000361582, 0.0 ], [ 106.703400000309983, -6.37803999964607, 0.0 ], [ 106.703400000309983, -6.378170000245156, 0.0 ], [ 106.703418992192894, -6.378483374408042, 0.0 ], [ 106.703420000332954, -6.378500000174672, 0.0 ], [ 106.703400000309983, -6.378720000427531, 0.0 ], [ 106.703360000263956, -6.378839999666077, 0.0 ], [ 106.70348999996375, -6.378879999712108, 0.0 ], [ 106.703710000216532, -6.378959999803993, 0.0 ], [ 106.703839999916241, -6.379059999918937, 0.0 ], [ 106.703850000377415, -6.379360000263681, 0.0 ], [ 106.70381999989327, -6.379670000170226, 0.0 ], [ 106.703859999939212, -6.379949999592629, 0.0 ], [ 106.704009999661906, -6.380390000098259, 0.0 ], [ 106.704209999891788, -6.380829999704609, 0.0 ], [ 106.704399999660424, -6.381179999657096, 0.0 ], [ 106.704470000190597, -6.381310000256093, 0.0 ], [ 106.704490000213568, -6.381439999955898, 0.0 ], [ 106.704390000098613, -6.381709999816412, 0.0 ], [ 106.704359999614482, -6.381769999885414, 0.0 ], [ 106.704260000398818, -6.38191999960819, 0.0 ], [ 106.704049999707848, -6.382070000230158, 0.0 ], [ 106.703910000446328, -6.38213000029916, 0.0 ], [ 106.703910000446328, -6.382146645850852, 0.0 ], [ 106.703910000446328, -6.382190000368073, 0.0 ], [ 106.704069999730905, -6.382799999720081, 0.0 ], [ 106.704140000260992, -6.383060000018794, 0.0 ], [ 106.704160000283963, -6.383400000409569, 0.0 ], [ 106.704089999753876, -6.383340000340567, 0.0 ], [ 106.703969999615964, -6.383220000202741, 0.0 ], [ 106.703719999778329, -6.382939999880968, 0.0 ], [ 106.703570000055635, -6.382799999720081, 0.0 ], [ 106.703180000057131, -6.382380000136703, 0.0 ], [ 106.702970000265438, -6.382170000345102, 0.0 ], [ 106.702750000012657, -6.381959999654132, 0.0 ], [ 106.702270000360372, -6.381540000070842, 0.0 ], [ 106.702139999761371, -6.381430000394097, 0.0 ], [ 106.701849999877794, -6.381179999657096, 0.0 ], [ 106.70139000024848, -6.38084999972758, 0.0 ], [ 106.701279999672366, -6.380800000119748, 0.0 ], [ 106.701080000341932, -6.380769999635607, 0.0 ], [ 106.700940000181049, -6.380740000050835, 0.0 ], [ 106.700800000020166, -6.380709999566605, 0.0 ], [ 106.700539999721357, -6.380729999589665, 0.0 ], [ 106.700369999975706, -6.380769999635607, 0.0 ], [ 106.700300000344896, -6.380800000119748, 0.0 ], [ 106.699910000346378, -6.380920000257575, 0.0 ], [ 106.699560000393888, -6.380989999888378, 0.0 ], [ 106.698899999635401, -6.381000000349548, 0.0 ], [ 106.698709999866779, -6.381000000349548, 0.0 ], [ 106.698480000052115, -6.380969999865407, 0.0 ], [ 106.697510000286456, -6.38063000037409, 0.0 ], [ 106.697189999918734, -6.380499999775004, 0.0 ], [ 106.69702999973488, -6.38041000012123, 0.0 ], [ 106.696699999805361, -6.380240000375572, 0.0 ], [ 106.696449999967641, -6.380140000260628, 0.0 ], [ 106.69618000010712, -6.380100000214686, 0.0 ], [ 106.695959999854267, -6.380109999776487, 0.0 ], [ 106.695400000110084, -6.380129999799458, 0.0 ], [ 106.69519000031849, -6.380140000260628, 0.0 ], [ 106.695099999765347, -6.380149999822518, 0.0 ], [ 106.694499999975221, -6.380209999891431, 0.0 ], [ 106.694088643776084, -6.380252849888937, 0.0 ], [ 106.694020000322936, -6.380260000398543, 0.0 ], [ 106.693599999840274, -6.380300000444485, 0.0 ], [ 106.69292852822916, -6.380300000444485, 0.0 ], [ 106.692908708070576, -6.380300000444485, 0.0 ], [ 106.692719999728382, -6.380300000444485, 0.0 ], [ 106.692320000168067, -6.380289999983315, 0.0 ], [ 106.692030000284404, -6.380269999960344, 0.0 ], [ 106.691667447594753, -6.38026279729015, 0.0 ], [ 106.690811781338866, -6.380245797405451, 0.0 ], [ 106.690519999898257, -6.380240000375572, 0.0 ], [ 106.690399999760331, -6.380209999891431, 0.0 ], [ 106.690169999945766, -6.380169999845489, 0.0 ], [ 106.690060000269028, -6.380149999822518, 0.0 ], [ 106.689860000039133, -6.380120000237657, 0.0 ], [ 106.689630000224469, -6.380089999753515, 0.0 ], [ 106.689530000109613, -6.380080000191715, 0.0 ], [ 106.68938999994873, -6.380089999753515, 0.0 ], [ 106.689189999718934, -6.380209999891431, 0.0 ], [ 106.688930000319402, -6.380450000167261, 0.0 ], [ 106.688699999605461, -6.380659999958862, 0.0 ], [ 106.688289999583986, -6.381040000395579, 0.0 ], [ 106.688130000299495, -6.381159999634125, 0.0 ], [ 106.68803000018454, -6.381230000164209, 0.0 ], [ 106.687901261334304, -6.381541944405047, 0.0 ], [ 106.687769999885745, -6.381860000438468, 0.0 ], [ 106.687709999816832, -6.382050000207187, 0.0 ], [ 106.687644233294918, -6.382254607663853, 0.0 ], [ 106.687620000163065, -6.38232999962959, 0.0 ], [ 106.687600000140094, -6.382420000182734, 0.0 ], [ 106.687489999563979, -6.382750000112249, 0.0 ], [ 106.687399999910284, -6.382919999857997, 0.0 ], [ 106.687259999749401, -6.383080000041765, 0.0 ], [ 106.687020000372939, -6.383249999787513, 0.0 ], [ 106.686889999773854, -6.383300000294625, 0.0 ], [ 106.686709999567029, -6.383289999833455, 0.0 ], [ 106.686399999660395, -6.38318000015671, 0.0 ], [ 106.686240000375903, -6.383089999603655, 0.0 ], [ 106.686120000237992, -6.382999999949881, 0.0 ], [ 106.685940000031167, -6.382879999811966, 0.0 ], [ 106.685738884642021, -6.382783813721851, 0.0 ], [ 106.685710000216503, -6.382770000135221, 0.0 ], [ 106.685679999732358, -6.38234000009076, 0.0 ], [ 106.685619999663444, -6.382250000436986, 0.0 ], [ 106.685320000217985, -6.381990000138185, 0.0 ], [ 106.68514000001116, -6.381840000415497, 0.0 ], [ 106.684720000427859, -6.381489999563641, 0.0 ], [ 106.684199999830255, -6.380840000165691, 0.0 ], [ 106.683929999969649, -6.380470000190233, 0.0 ], [ 106.683660000109143, -6.3799699996156, 0.0 ], [ 106.683559999994202, -6.379699999754997, 0.0 ], [ 106.683519999948174, -6.379520000447449, 0.0 ], [ 106.683539999971146, -6.379389999848453, 0.0 ], [ 106.683580000017173, -6.379189999618653, 0.0 ], [ 106.683519999948174, -6.37891999975805, 0.0 ], [ 106.683537872175236, -6.378750220346188, 0.0 ], [ 106.683559999994202, -6.378540000220614, 0.0 ], [ 106.683569999555999, -6.378210000291098, 0.0 ], [ 106.683410000271422, -6.377789999808527, 0.0 ], [ 106.683350000202509, -6.377519999947836, 0.0 ], [ 106.68337000022548, -6.377350000202178, 0.0 ], [ 106.683399999810348, -6.37719999958021, 0.0 ], [ 106.683359999764406, -6.376900000134746, 0.0 ], [ 106.683359999764406, -6.376719999927918, 0.0 ], [ 106.683419999833319, -6.376439999606145, 0.0 ], [ 106.683510000386363, -6.376320000367599, 0.0 ], [ 106.683452443775423, -6.376309036732533, 0.0 ], [ 106.682880000112107, -6.376200000229684, 0.0 ], [ 106.68257999976737, -6.376149999722571, 0.0 ], [ 106.68251000013656, -6.376149999722571, 0.0 ], [ 106.681950000392391, -6.376180000206624, 0.0 ], [ 106.681790000208522, -6.376220000252655, 0.0 ], [ 106.681864250035261, -6.376075408153383, 0.0 ], [ 106.681979999977244, -6.375850000277108, 0.0 ], [ 106.682300000344952, -6.375099999864933, 0.0 ], [ 106.682340000390894, -6.374999999749988, 0.0 ], [ 106.682389999998733, -6.374489999613644, 0.0 ], [ 106.682419999583502, -6.374110000076296, 0.0 ], [ 106.682410000021704, -6.373789999708581, 0.0 ], [ 106.68237300191268, -6.373552156007047, 0.0 ], [ 106.682340000390894, -6.37333999964115, 0.0 ], [ 106.682269999860821, -6.3731000002646, 0.0 ], [ 106.682009999562013, -6.372440000405568, 0.0 ], [ 106.681830000254465, -6.372180000106766, 0.0 ], [ 106.681799999770334, -6.372089999553712, 0.0 ], [ 106.681630000024668, -6.371629999924391, 0.0 ], [ 106.681360000164062, -6.370760000273581, 0.0 ], [ 106.681309999656946, -6.370219999653095, 0.0 ], [ 106.681297482892703, -6.370157414033297, 0.0 ], [ 106.681289999633975, -6.37012000043752, 0.0 ], [ 106.681220000003179, -6.369780000046834, 0.0 ], [ 106.681179999957152, -6.369439999656059, 0.0 ], [ 106.681099999865268, -6.368659999659112, 0.0 ], [ 106.681087678253888, -6.368590172698099, 0.0 ], [ 106.680979999727356, -6.36797999977702, 0.0 ], [ 106.680919999658443, -6.367609999801473, 0.0 ], [ 106.680760000373851, -6.367030000034326, 0.0 ], [ 106.680749999912777, -6.366969999965324, 0.0 ], [ 106.680649999797836, -6.366800000219666, 0.0 ], [ 106.680549014925276, -6.36671825004699, 0.0 ], [ 106.680440000006143, -6.366629999574727, 0.0 ], [ 106.679940000330973, -6.366100000314603, 0.0 ], [ 106.679889999823772, -6.36604000024569, 0.0 ], [ 106.679840000216018, -6.365969999715517, 0.0 ], [ 106.679820000193047, -6.365869999600662, 0.0 ], [ 106.679619999963251, -6.365360000363598, 0.0 ], [ 106.679490000263456, -6.36475999967411, 0.0 ], [ 106.679254346411113, -6.364367243253568, 0.0 ], [ 106.679249999987704, -6.364360000113791, 0.0 ], [ 106.67900999971188, -6.36389999958519, 0.0 ], [ 106.678850000427389, -6.363629999724498, 0.0 ], [ 106.677859999739383, -6.362120000237628, 0.0 ], [ 106.677779999647413, -6.362009999661602, 0.0 ], [ 106.677669999970661, -6.361839999915944, 0.0 ], [ 106.677655404873263, -6.361815842327037, 0.0 ], [ 106.677380000087084, -6.361360000263652, 0.0 ], [ 106.677030000134522, -6.360830000104247, 0.0 ], [ 106.676049999907676, -6.359339999741067, 0.0 ], [ 106.675889999723907, -6.359069999880465, 0.0 ], [ 106.675840000116082, -6.359020000272633, 0.0 ], [ 106.675769999585995, -6.358909999696518, 0.0 ], [ 106.675591969793757, -6.358672627239805, 0.0 ], [ 106.67919177607979, -6.358707895053186, 0.0 ], [ 106.684282687096541, -6.358934260707407, 0.0 ] ] ] ] } },
{ "type": "Feature", "properties": { "PROVNO": "32", "KABKOTNO": "01", "KECNO": "250", "DESANO": "009", "PROVINSI": "JAWA BARAT", "KABKOT": "BOGOR", "KECAMATAN": "GUNUNG SINDUR", "ID2013": "3201250009", "DESA": "GUNUNG SINDUR", "DESA_1": "GUNUNG SINDUR", "ID2012": "3201250009", "IDKAB2": "3201", "IDKEC_2": "3201250", "WILAYAH": "TENGAH" }, "geometry": { "type": "MultiPolygon", "coordinates": [ [ [ [ 106.681790000208522, -6.376220000252655, 0.0 ], [ 106.681950000392391, -6.376180000206624, 0.0 ], [ 106.68251000013656, -6.376149999722571, 0.0 ], [ 106.68257999976737, -6.376149999722571, 0.0 ], [ 106.682880000112107, -6.376200000229684, 0.0 ], [ 106.683452443775423, -6.376309036732533, 0.0 ], [ 106.683510000386363, -6.376320000367599, 0.0 ], [ 106.683419999833319, -6.376439999606145, 0.0 ], [ 106.683359999764406, -6.376719999927918, 0.0 ], [ 106.683359999764406, -6.376900000134746, 0.0 ], [ 106.683399999810348, -6.37719999958021, 0.0 ], [ 106.68337000022548, -6.377350000202178, 0.0 ], [ 106.683350000202509, -6.377519999947836, 0.0 ], [ 106.683410000271422, -6.377789999808527, 0.0 ], [ 106.683569999555999, -6.378210000291098, 0.0 ], [ 106.683559999994202, -6.378540000220614, 0.0 ], [ 106.683537872175236, -6.378750220346188, 0.0 ], [ 106.683519999948174, -6.37891999975805, 0.0 ], [ 106.683580000017173, -6.379189999618653, 0.0 ], [ 106.683539999971146, -6.379389999848453, 0.0 ], [ 106.683519999948174, -6.379520000447449, 0.0 ], [ 106.683559999994202, -6.379699999754997, 0.0 ], [ 106.683660000109143, -6.3799699996156, 0.0 ], [ 106.683929999969649, -6.380470000190233, 0.0 ], [ 106.684199999830255, -6.380840000165691, 0.0 ], [ 106.684720000427859, -6.381489999563641, 0.0 ], [ 106.68514000001116, -6.381840000415497, 0.0 ], [ 106.685320000217985, -6.381990000138185, 0.0 ], [ 106.685619999663444, -6.382250000436986, 0.0 ], [ 106.685679999732358, -6.38234000009076, 0.0 ], [ 106.685710000216503, -6.382770000135221, 0.0 ], [ 106.685738884642021, -6.382783813721851, 0.0 ], [ 106.685940000031167, -6.382879999811966, 0.0 ], [ 106.686120000237992, -6.382999999949881, 0.0 ], [ 106.686240000375903, -6.383089999603655, 0.0 ], [ 106.686399999660395, -6.38318000015671, 0.0 ], [ 106.686709999567029, -6.383289999833455, 0.0 ], [ 106.686889999773854, -6.383300000294625, 0.0 ], [ 106.687020000372939, -6.383249999787513, 0.0 ], [ 106.687259999749401, -6.383080000041765, 0.0 ], [ 106.687399999910284, -6.382919999857997, 0.0 ], [ 106.687489999563979, -6.382750000112249, 0.0 ], [ 106.687540000071081, -6.382799999720081, 0.0 ], [ 106.687729999839803, -6.383010000411051, 0.0 ], [ 106.687879999562483, -6.383129999649597, 0.0 ], [ 106.688110000276524, -6.383400000409569, 0.0 ], [ 106.688329999629929, -6.383739999900886, 0.0 ], [ 106.688320000068117, -6.383819999992859, 0.0 ], [ 106.688259999999119, -6.383880000061772, 0.0 ], [ 106.688130000299495, -6.38402999978446, 0.0 ], [ 106.688130000299495, -6.384089999853462, 0.0 ], [ 106.688269999561015, -6.384539999920893, 0.0 ], [ 106.688309999606957, -6.384760000173664, 0.0 ], [ 106.68838000013703, -6.38511000012624, 0.0 ], [ 106.688629999974665, -6.386449999867452, 0.0 ], [ 106.688640000435839, -6.38681999984291, 0.0 ], [ 106.688718479774153, -6.386809297910592, 0.0 ], [ 106.688859999789329, -6.386790000258138, 0.0 ], [ 106.689869999601029, -6.386529999959336, 0.0 ], [ 106.690060000269028, -6.386480000351593, 0.0 ], [ 106.690499999875286, -6.387450000117258, 0.0 ], [ 106.690529262915362, -6.387895447816518, 0.0 ], [ 106.69056173473642, -6.388389741293334, 0.0 ], [ 106.690467535248743, -6.388424812155193, 0.0 ], [ 106.690465911073105, -6.38842541739896, 0.0 ], [ 106.690137565896094, -6.388499544917927, 0.0 ], [ 106.689931039286151, -6.38860979730417, 0.0 ], [ 106.689712541800532, -6.388780961671916, 0.0 ], [ 106.689445566359936, -6.389013161228299, 0.0 ], [ 106.689008411309288, -6.389306792574203, 0.0 ], [ 106.688814372685357, -6.38951440196788, 0.0 ], [ 106.688511204928332, -6.389844117711654, 0.0 ], [ 106.688341866184416, -6.39016121956443, 0.0 ], [ 106.688270203707134, -6.390575401433498, 0.0 ], [ 106.688196426923781, -6.391001809585664, 0.0 ], [ 106.688173537379029, -6.391134106153942, 0.0 ], [ 106.687250000187504, -6.39112999984949, 0.0 ], [ 106.686049999707905, -6.391229999964345, 0.0 ], [ 106.685057866727334, -6.391448450685324, 0.0 ], [ 106.68495999980432, -6.391470000240176, 0.0 ], [ 106.68438000003718, -6.391599999939892, 0.0 ], [ 106.684237949421998, -6.391481972015214, 0.0 ], [ 106.683055484822958, -6.390499484263614, 0.0 ], [ 106.683042745926173, -6.390393269833385, 0.0 ], [ 106.683019795227594, -6.390361697334281, 0.0 ], [ 106.682776182375122, -6.390226549915248, 0.0 ], [ 106.68266585264719, -6.390090597602907, 0.0 ], [ 106.68258321214573, -6.389988765568901, 0.0 ], [ 106.682333016255853, -6.389544284640838, 0.0 ], [ 106.682187595881004, -6.389112557898038, 0.0 ], [ 106.681767552230923, -6.388773408266015, 0.0 ], [ 106.681715422129258, -6.388717279778469, 0.0 ], [ 106.681452241827714, -6.388433915092975, 0.0 ], [ 106.68117714730765, -6.388382426207819, 0.0 ], [ 106.680970662965848, -6.388605565094565, 0.0 ], [ 106.680642271923489, -6.388960442969918, 0.0 ], [ 106.680642548914633, -6.389045362353443, 0.0 ], [ 106.680603253937221, -6.38903915343402, 0.0 ], [ 106.680551784837135, -6.389314358570655, 0.0 ], [ 106.680893150398731, -6.389614475827212, 0.0 ], [ 106.68106991214691, -6.389819422328316, 0.0 ], [ 106.68106189199294, -6.389823466579561, 0.0 ], [ 106.680935484185426, -6.389872578556535, 0.0 ], [ 106.680789922617038, -6.390019153660855, 0.0 ], [ 106.680683399719243, -6.390194820034747, 0.0 ], [ 106.680557118716251, -6.390282892441359, 0.0 ], [ 106.680440702376657, -6.390409891103435, 0.0 ], [ 106.680372676757827, -6.390449072766327, 0.0 ], [ 106.680275508608048, -6.390507829972183, 0.0 ], [ 106.680100293693812, -6.390518143397497, 0.0 ], [ 106.680097317837095, -6.390526412663657, 0.0 ], [ 106.678617426753021, -6.389973895278924, 0.0 ], [ 106.677618583031332, -6.389697129818508, 0.0 ], [ 106.676899608330402, -6.38940727472578, 0.0 ], [ 106.676876954408115, -6.389389587759133, 0.0 ], [ 106.676897976060886, -6.389357951408172, 0.0 ], [ 106.67663712770144, -6.389248547981943, 0.0 ], [ 106.676414355738075, -6.389183788700716, 0.0 ], [ 106.676230603559716, -6.389040319854669, 0.0 ], [ 106.676242714729653, -6.388739047868643, 0.0 ], [ 106.676307321126146, -6.388476894592845, 0.0 ], [ 106.676345913733115, -6.388267216758461, 0.0 ], [ 106.6763970869562, -6.387900332034526, 0.0 ], [ 106.67639631893509, -6.387664587350663, 0.0 ], [ 106.676408728680059, -6.387454993153288, 0.0 ], [ 106.676499901049795, -6.38731062768322, 0.0 ], [ 106.676525146818207, -6.387022410255874, 0.0 ], [ 106.676529606556215, -6.386995089751437, 0.0 ], [ 106.676359999814309, -6.386879999911912, 0.0 ], [ 106.675726809644772, -6.386444682176187, 0.0 ], [ 106.675559999794302, -6.386329999729536, 0.0 ], [ 106.675444524145618, -6.38626533307848, 0.0 ], [ 106.675309999956681, -6.38618999956865, 0.0 ], [ 106.675149999772813, -6.386079999891905, 0.0 ], [ 106.675049999657872, -6.386019999822992, 0.0 ], [ 106.674980000027162, -6.385979999777049, 0.0 ], [ 106.674820686925329, -6.385898067941334, 0.0 ], [ 106.674630000074586, -6.385799999570132, 0.0 ], [ 106.674590000028644, -6.385979999777049, 0.0 ], [ 106.674529999959731, -6.386389999798538, 0.0 ], [ 106.674520000397834, -6.386520000397535, 0.0 ], [ 106.67444000030595, -6.387160000233685, 0.0 ], [ 106.674349999752806, -6.387550000232203, 0.0 ], [ 106.67411000037643, -6.388419999882924, 0.0 ], [ 106.673990000238518, -6.389059999719073, 0.0 ], [ 106.674030000284461, -6.389349999602647, 0.0 ], [ 106.674159999984184, -6.38942999969462, 0.0 ], [ 106.67422999961498, -6.389480000201644, 0.0 ], [ 106.674189999569037, -6.389569999855418, 0.0 ], [ 106.67411000037643, -6.38964000038559, 0.0 ], [ 106.673859999639433, -6.389680000431532, 0.0 ], [ 106.673629999824783, -6.389719999578194, 0.0 ], [ 106.673520000148031, -6.389699999555134, 0.0 ], [ 106.673330000379394, -6.38964000038559, 0.0 ], [ 106.673219999803379, -6.389600000339559, 0.0 ], [ 106.673030000034657, -6.389589999878389, 0.0 ], [ 106.67280999978189, -6.389750000062335, 0.0 ], [ 106.672755429819375, -6.389788519824116, 0.0 ], [ 106.672640000036139, -6.389870000200162, 0.0 ], [ 106.672629999574966, -6.390030000384019, 0.0 ], [ 106.672620000013168, -6.390209999691567, 0.0 ], [ 106.672559999944255, -6.390289999783452, 0.0 ], [ 106.672439999806343, -6.390349999852454, 0.0 ], [ 106.672060000268999, -6.390420000382537, 0.0 ], [ 106.671880000062075, -6.390449999967398, 0.0 ], [ 106.671759999924248, -6.390429999944427, 0.0 ], [ 106.671559999694452, -6.390240000175709, 0.0 ], [ 106.671510000086613, -6.390189999668596, 0.0 ], [ 106.671340000340962, -6.390030000384019, 0.0 ], [ 106.671189999718905, -6.389950000292135, 0.0 ], [ 106.671019999973154, -6.389939999830965, 0.0 ], [ 106.670930000319473, -6.389970000315106, 0.0 ], [ 106.670886613426632, -6.390018810119837, 0.0 ], [ 106.670850000227489, -6.39005999996888, 0.0 ], [ 106.670879999812357, -6.390240000175709, 0.0 ], [ 106.670890000273431, -6.390360000313624, 0.0 ], [ 106.670990000388386, -6.39112999984949, 0.0 ], [ 106.671039999996211, -6.391479999801977, 0.0 ], [ 106.671060000019182, -6.391660000008805, 0.0 ], [ 106.671100000065124, -6.391889999823466, 0.0 ], [ 106.671120000088095, -6.39198999993841, 0.0 ], [ 106.67122000020295, -6.392279999821984, 0.0 ], [ 106.671229999764847, -6.392359999913868, 0.0 ], [ 106.671280000271963, -6.392669999820502, 0.0 ], [ 106.671201119835999, -6.39332470177342, 0.0 ], [ 106.671180000157008, -6.393500000324561, 0.0 ], [ 106.671080000042153, -6.393540000370503, 0.0 ], [ 106.670839999766415, -6.393619999563196, 0.0 ], [ 106.670529999859781, -6.393799999770025, 0.0 ], [ 106.670119999838292, -6.394169999745571, 0.0 ], [ 106.66993000006957, -6.394269999860427, 0.0 ], [ 106.669849999977686, -6.394289999883398, 0.0 ], [ 106.669789999908772, -6.394300000344568, 0.0 ], [ 106.669600000140065, -6.394289999883398, 0.0 ], [ 106.669509999587007, -6.394320000367539, 0.0 ], [ 106.669464358993125, -6.394385202115274, 0.0 ], [ 106.669439999956197, -6.394419999583114, 0.0 ], [ 106.669339999841256, -6.3945500001822, 0.0 ], [ 106.669199999680458, -6.394340000390599, 0.0 ], [ 106.669110000026677, -6.394229999814485, 0.0 ], [ 106.668849999727883, -6.394080000091797, 0.0 ], [ 106.668780977660177, -6.394067819673968, 0.0 ], [ 106.668679999982231, -6.394049999607656, 0.0 ], [ 106.66808000019202, -6.394060000068826, 0.0 ], [ 106.667879999962224, -6.394080000091797, 0.0 ], [ 106.667599999640444, -6.3941499997226, 0.0 ], [ 106.6672200001031, -6.394309999906369, 0.0 ], [ 106.666489999713889, -6.394679999881916, 0.0 ], [ 106.666059999669429, -6.394869999650634, 0.0 ], [ 106.665849999877736, -6.394949999742519, 0.0 ], [ 106.665689999693882, -6.39496999976549, 0.0 ], [ 106.665559999994173, -6.395009999811432, 0.0 ], [ 106.665459999879232, -6.395100000364575, 0.0 ], [ 106.665299999695364, -6.39543000029418, 0.0 ], [ 106.665250000087624, -6.39562999962461, 0.0 ], [ 106.665210000041682, -6.395829999854499, 0.0 ], [ 106.665149999972684, -6.395949999992325, 0.0 ], [ 106.665029999834857, -6.39605999966907, 0.0 ], [ 106.664960000204047, -6.396090000153212, 0.0 ], [ 106.66477000043534, -6.395970000015296, 0.0 ], [ 106.664710000366426, -6.395940000430524, 0.0 ], [ 106.6645900002285, -6.395990000038267, 0.0 ], [ 106.664479999652386, -6.39605999966907, 0.0 ], [ 106.664399999560501, -6.39605999966907, 0.0 ], [ 106.664320000367894, -6.395689999693523, 0.0 ], [ 106.66424000027601, -6.395370000225178, 0.0 ], [ 106.664120000138098, -6.395169999995378, 0.0 ], [ 106.663879999862274, -6.394940000180718, 0.0 ], [ 106.663710000116524, -6.394840000065773, 0.0 ], [ 106.66365000004761, -6.394800000019831, 0.0 ], [ 106.663480000301945, -6.394750000412088, 0.0 ], [ 106.663139999911266, -6.394639999835974, 0.0 ], [ 106.662850000027689, -6.3945500001822, 0.0 ], [ 106.662709999866806, -6.394479999652116, 0.0 ], [ 106.662660000258967, -6.394399999560143, 0.0 ], [ 106.662640000235996, -6.394260000298626, 0.0 ], [ 106.662689999843835, -6.394140000160711, 0.0 ], [ 106.662800000419864, -6.394060000068826, 0.0 ], [ 106.662950000142544, -6.393970000415052, 0.0 ], [ 106.663050000257499, -6.393850000277137, 0.0 ], [ 106.663090000303441, -6.393750000162282, 0.0 ], [ 106.663060525922717, -6.393661577919332, 0.0 ], [ 106.663050000257499, -6.393630000024277, 0.0 ], [ 106.662979999727412, -6.393540000370503, 0.0 ], [ 106.662962239016281, -6.393537779944438, 0.0 ], [ 106.662820000442835, -6.393520000347532, 0.0 ], [ 106.662740000350951, -6.393520000347532, 0.0 ], [ 106.662669999820864, -6.393460000278619, 0.0 ], [ 106.662669999820864, -6.393389999748536, 0.0 ], [ 106.662709999866806, -6.39262000021267, 0.0 ], [ 106.662700000304909, -6.392520000097726, 0.0 ], [ 106.662440000006114, -6.392339999890897, 0.0 ], [ 106.662370000375404, -6.392279999821984, 0.0 ], [ 106.662339999891259, -6.392210000191181, 0.0 ], [ 106.662379999937201, -6.392119999638126, 0.0 ], [ 106.662469999590968, -6.392079999592184, 0.0 ], [ 106.662740000350951, -6.392119999638126, 0.0 ], [ 106.662839999566529, -6.392150000122268, 0.0 ], [ 106.663130000349383, -6.391820000192663, 0.0 ], [ 106.663159999934237, -6.391709999616637, 0.0 ], [ 106.663050000257499, -6.391650000447004, 0.0 ], [ 106.662839999566529, -6.391680000031865, 0.0 ], [ 106.662629999774836, -6.391720000077807, 0.0 ], [ 106.662560000144111, -6.391709999616637, 0.0 ], [ 106.662529999659881, -6.391499999824948, 0.0 ], [ 106.662500000075113, -6.391299999595148, 0.0 ], [ 106.662430000444317, -6.391189999918403, 0.0 ], [ 106.662250000237492, -6.391169999895432, 0.0 ], [ 106.662050000007682, -6.391310000056318, 0.0 ], [ 106.661920000307973, -6.391419999733063, 0.0 ], [ 106.661780000147075, -6.391439999756034, 0.0 ], [ 106.661550000332426, -6.391419999733063, 0.0 ], [ 106.661330000079559, -6.391390000148292, 0.0 ], [ 106.661180000356964, -6.391399999710092, 0.0 ], [ 106.66106999978085, -6.391350000102261, 0.0 ], [ 106.66100000015004, -6.391220000402544, 0.0 ], [ 106.660960000104097, -6.391049999757517, 0.0 ], [ 106.66100000015004, -6.390929999619601, 0.0 ], [ 106.661160000333993, -6.390839999965827, 0.0 ], [ 106.66135000010253, -6.390779999896914, 0.0 ], [ 106.661479999802339, -6.390759999873943, 0.0 ], [ 106.661530000309455, -6.390710000266111, 0.0 ], [ 106.661539999871252, -6.390619999713056, 0.0 ], [ 106.661439999756311, -6.39047999955217, 0.0 ], [ 106.661117111665561, -6.390130754130876, 0.0 ], [ 106.660949999642938, -6.389950000292135, 0.0 ], [ 106.660869999551053, -6.38983999971602, 0.0 ], [ 106.660859999989157, -6.389759999624136, 0.0 ], [ 106.660929999619967, -6.389620000362619, 0.0 ], [ 106.66100000015004, -6.389529999809476, 0.0 ], [ 106.661029999734907, -6.389460000178673, 0.0 ], [ 106.660929999619967, -6.389420000132731, 0.0 ], [ 106.660819999943214, -6.389420000132731, 0.0 ], [ 106.660774368342587, -6.389456506312587, 0.0 ], [ 106.660619999713418, -6.389580000316588, 0.0 ], [ 106.660100000015177, -6.389819999693049, 0.0 ], [ 106.659979999877265, -6.389859999738992, 0.0 ], [ 106.65991000024647, -6.389890000223133, 0.0 ], [ 106.659819999693411, -6.389899999785023, 0.0 ], [ 106.659680000431891, -6.389500000224615, 0.0 ], [ 106.659609999901718, -6.389349999602647, 0.0 ], [ 106.659529999809834, -6.389239999925902, 0.0 ], [ 106.659460000179038, -6.389219999902931, 0.0 ], [ 106.659259999949228, -6.38940000010976, 0.0 ], [ 106.659179999857258, -6.389469999740562, 0.0 ], [ 106.659030000134578, -6.389469999740562, 0.0 ], [ 106.658769999835769, -6.389460000178673, 0.0 ], [ 106.658459999929221, -6.389219999902931, 0.0 ], [ 106.658339999791309, -6.389090000203126, 0.0 ], [ 106.658279999722396, -6.388950000042328, 0.0 ], [ 106.658270000160513, -6.388170000045292, 0.0 ], [ 106.658270000160513, -6.387789999608664, 0.0 ], [ 106.658270000160513, -6.387619999862917, 0.0 ], [ 106.658270000160513, -6.387519999747973, 0.0 ], [ 106.658230000114571, -6.387329999979343, 0.0 ], [ 106.658139999561513, -6.387240000325658, 0.0 ], [ 106.657969999815762, -6.387160000233685, 0.0 ], [ 106.657730000439386, -6.387129999749543, 0.0 ], [ 106.657590000278418, -6.387149999772515, 0.0 ], [ 106.657410000071593, -6.38726999991043, 0.0 ], [ 106.656870000350381, -6.387679999931919, 0.0 ], [ 106.656750000212554, -6.387730000439031, 0.0 ], [ 106.656659999659411, -6.387760000023803, 0.0 ], [ 106.656500000374834, -6.387960000253692, 0.0 ], [ 106.65648252744684, -6.387999939145708, 0.0 ], [ 106.656429999844846, -6.388120000437461, 0.0 ], [ 106.656369999775848, -6.38833999979104, 0.0 ], [ 106.656300000145038, -6.388430000344094, 0.0 ], [ 106.656180000007211, -6.388470000390036, 0.0 ], [ 106.65601000026146, -6.388470000390036, 0.0 ], [ 106.65579999957049, -6.388410000321034, 0.0 ], [ 106.655709999916724, -6.38833999979104, 0.0 ], [ 106.655620000262942, -6.388150000022321, 0.0 ], [ 106.655569999755841, -6.387889999723519, 0.0 ], [ 106.655529999709898, -6.387730000439031, 0.0 ], [ 106.655449999618014, -6.387590000278145, 0.0 ], [ 106.654999999550483, -6.387359999564204, 0.0 ], [ 106.654749999712863, -6.387289999933401, 0.0 ], [ 106.654459999829371, -6.387220000302598, 0.0 ], [ 106.654219999553533, -6.387120000187654, 0.0 ], [ 106.65406000026897, -6.387060000118741, 0.0 ], [ 106.653980000177086, -6.386989999588657, 0.0 ], [ 106.653940000131044, -6.386890000373082, 0.0 ], [ 106.654080000291941, -6.386349999752596, 0.0 ], [ 106.654239999576504, -6.385760000423559, 0.0 ], [ 106.654250000037592, -6.3855499997325, 0.0 ], [ 106.65420999999165, -6.385279999871987, 0.0 ], [ 106.653770000385393, -6.38470999966664, 0.0 ], [ 106.653630000224496, -6.384510000336121, 0.0 ], [ 106.653490000063613, -6.384169999945346, 0.0 ], [ 106.653409999971728, -6.383799999969888, 0.0 ], [ 106.653409999971728, -6.383630000224141, 0.0 ], [ 106.653439999556497, -6.383060000018794, 0.0 ], [ 106.653409999971728, -6.382890000273136, 0.0 ], [ 106.653309999856788, -6.382799999720081, 0.0 ], [ 106.652596171975887, -6.382466113819909, 0.0 ], [ 106.65235111840957, -6.382351491627904, 0.0 ], [ 106.651450000417341, -6.381930000069271, 0.0 ], [ 106.650479999752307, -6.381459999978869, 0.0 ], [ 106.649839999916253, -6.38084999972758, 0.0 ], [ 106.65078999965894, -6.379799999869942, 0.0 ], [ 106.650929999819823, -6.37953999957114, 0.0 ], [ 106.651230000164574, -6.379189999618653, 0.0 ], [ 106.651510755916817, -6.378977720944903, 0.0 ], [ 106.651640000186063, -6.378879999712108, 0.0 ], [ 106.652059999769349, -6.378580000266645, 0.0 ], [ 106.652540000320926, -6.378339999990814, 0.0 ], [ 106.653060000019153, -6.378130000199214, 0.0 ], [ 106.653679999832335, -6.377929999969325, 0.0 ], [ 106.654109999876795, -6.377720000177725, 0.0 ], [ 106.65435999971443, -6.377519999947836, 0.0 ], [ 106.654479999852342, -6.37719000001832, 0.0 ], [ 106.654479999852342, -6.376889999673576, 0.0 ], [ 106.654439999806314, -6.376479999652087, 0.0 ], [ 106.654390000198561, -6.376009999561685, 0.0 ], [ 106.654390000198561, -6.375659999609109, 0.0 ], [ 106.654450000267474, -6.375369999725535, 0.0 ], [ 106.654590000428371, -6.374999999749988, 0.0 ], [ 106.655079999642453, -6.374529999659586, 0.0 ], [ 106.655276539281061, -6.374221791202519, 0.0 ], [ 106.655520000148002, -6.373840000215694, 0.0 ], [ 106.65564999984781, -6.373149999872432, 0.0 ], [ 106.655560000194029, -6.372149999622625, 0.0 ], [ 106.65576000042384, -6.372129999599654, 0.0 ], [ 106.655859999639489, -6.372140000060735, 0.0 ], [ 106.655859999639489, -6.371970000315077, 0.0 ], [ 106.655870000100577, -6.371910000246164, 0.0 ], [ 106.655959999754344, -6.371890000223193, 0.0 ], [ 106.656139999961269, -6.371560000293677, 0.0 ], [ 106.656189999569008, -6.371489999763504, 0.0 ], [ 106.656400000259978, -6.371130000249128, 0.0 ], [ 106.656549999982673, -6.370990000088241, 0.0 ], [ 106.656619999613469, -6.37097999962716, 0.0 ], [ 106.656770000235525, -6.370950000042299, 0.0 ], [ 106.657419999633476, -6.371039999696073, 0.0 ], [ 106.657900000185052, -6.371429999694591, 0.0 ], [ 106.658179999607455, -6.371560000293677, 0.0 ], [ 106.658270000160513, -6.371580000316648, 0.0 ], [ 106.658370000275454, -6.371540000270617, 0.0 ], [ 106.658371456277877, -6.371538959755032, 0.0 ], [ 106.65843999990625, -6.371489999763504, 0.0 ], [ 106.658499999975263, -6.371500000224675, 0.0 ], [ 106.658709999766856, -6.37140999967162, 0.0 ], [ 106.658869999950724, -6.371340000040817, 0.0 ], [ 106.659179999857258, -6.371290000432985, 0.0 ], [ 106.65936999962598, -6.371309999556676, 0.0 ], [ 106.659489999763892, -6.371309999556676, 0.0 ], [ 106.659620000362892, -6.371360000063788, 0.0 ], [ 106.660044037002919, -6.371731033360319, 0.0 ], [ 106.660260000199045, -6.371919999807965, 0.0 ], [ 106.660429999944697, -6.372079999991822, 0.0 ], [ 106.660679999782332, -6.37224000017568, 0.0 ], [ 106.660779999897272, -6.372329999829454, 0.0 ], [ 106.660869999551053, -6.372519999598083, 0.0 ], [ 106.660900000035184, -6.372659999759058, 0.0 ], [ 106.660750000312419, -6.373149999872432, 0.0 ], [ 106.660690000243505, -6.37335000010232, 0.0 ], [ 106.660869999551053, -6.374009999961352, 0.0 ], [ 106.660869999551053, -6.374079999592155, 0.0 ], [ 106.660909999596996, -6.374259999798984, 0.0 ], [ 106.660909999596996, -6.374500000074725, 0.0 ], [ 106.660869999551053, -6.374709999866504, 0.0 ], [ 106.660894542949023, -6.374713506323051, 0.0 ], [ 106.660912703858344, -6.374716100867186, 0.0 ], [ 106.660912704757706, -6.374716197993937, 0.0 ], [ 106.660879998213574, -6.374773817557458, 0.0 ], [ 106.660929997821313, -6.374863819009882, 0.0 ], [ 106.661029997936254, -6.37504381921671, 0.0 ], [ 106.661109998028138, -6.375183819377597, 0.0 ], [ 106.661279997773889, -6.375503818846031, 0.0 ], [ 106.661479998003685, -6.375723819098802, 0.0 ], [ 106.66154999763441, -6.375753818683663, 0.0 ], [ 106.66172999784132, -6.375743819121773, 0.0 ], [ 106.661836246445816, -6.375701319859886, 0.0 ], [ 106.661879997564, -6.37568381905286, 0.0 ], [ 106.662409997723415, -6.37547381926117, 0.0 ], [ 106.662426445424302, -6.375474993775789, 0.0 ], [ 106.662540000121055, -6.375429999794537, 0.0 ], [ 106.662820000442835, -6.375449999817508, 0.0 ], [ 106.663006386735546, -6.375466208298732, 0.0 ], [ 106.663091028228564, -6.375419559564879, 0.0 ], [ 106.66309105880552, -6.375428941292451, 0.0 ], [ 106.663110000326412, -6.375409999771566, 0.0 ], [ 106.663280000072149, -6.375210000441047, 0.0 ], [ 106.663529999909784, -6.375090000303132, 0.0 ], [ 106.663630000024639, -6.375090000303132, 0.0 ], [ 106.663979999977215, -6.375199999979788, 0.0 ], [ 106.664269999860792, -6.375349999702564, 0.0 ], [ 106.664349999952762, -6.37546999984048, 0.0 ], [ 106.66449000011356, -6.375719999678111, 0.0 ], [ 106.664599999790312, -6.375779999747024, 0.0 ], [ 106.664920000158105, -6.375939999930882, 0.0 ], [ 106.665160000433843, -6.376109999676629, 0.0 ], [ 106.665290000133567, -6.376160000183653, 0.0 ], [ 106.665499999925174, -6.376309999906429, 0.0 ], [ 106.665689999693882, -6.376459999629116, 0.0 ], [ 106.665760000223969, -6.376450000067315, 0.0 ], [ 106.665990000038633, -6.376360000413541, 0.0 ], [ 106.666210000291485, -6.376289999883458, 0.0 ], [ 106.666348539053999, -6.376265551813578, 0.0 ], [ 106.666380000037151, -6.376260000298597, 0.0 ], [ 106.666830000104582, -6.376209999791485, 0.0 ], [ 106.666959999804291, -6.376189999768513, 0.0 ], [ 106.667030000334378, -6.376240000275626, 0.0 ], [ 106.667090000403377, -6.376360000413541, 0.0 ], [ 106.667189999618955, -6.376490000113257, 0.0 ], [ 106.667500000424866, -6.376750000412059, 0.0 ], [ 106.667619999663415, -6.376860000088715, 0.0 ], [ 106.667929999569964, -6.377029999834463, 0.0 ], [ 106.668180000306961, -6.377169999995349, 0.0 ], [ 106.66831000000667, -6.377179999557239, 0.0 ], [ 106.668519999798278, -6.377219999603181, 0.0 ], [ 106.668729999589971, -6.377310000156236, 0.0 ], [ 106.66882668840114, -6.377395944766864, 0.0 ], [ 106.668909999796796, -6.377470000340093, 0.0 ], [ 106.668910241714485, -6.377471047150909, 0.0 ], [ 106.668915018013834, -6.377475339615071, 0.0 ], [ 106.668911959419574, -6.377478488141577, 0.0 ], [ 106.668937588299215, -6.377573225423863, 0.0 ], [ 106.668933846220213, -6.377573332443234, 0.0 ], [ 106.668940000280941, -6.377600000039809, 0.0 ], [ 106.668980000326968, -6.377700000154753, 0.0 ], [ 106.669178272959144, -6.377898272786933, 0.0 ], [ 106.669199999680458, -6.377920000407524, 0.0 ], [ 106.669190000118562, -6.378030000084269, 0.0 ], [ 106.669179999657487, -6.37825999989893, 0.0 ], [ 106.6692399997264, -6.378400000059816, 0.0 ], [ 106.669299999795314, -6.378500000174672, 0.0 ], [ 106.669270000210545, -6.378720000427531, 0.0 ], [ 106.669299999795314, -6.378859999689137, 0.0 ], [ 106.669390000348457, -6.379200000079734, 0.0 ], [ 106.669379999887283, -6.379579999617171, 0.0 ], [ 106.669370000325486, -6.379799999869942, 0.0 ], [ 106.669430000394399, -6.37998000007677, 0.0 ], [ 106.669480000002139, -6.380209999891431, 0.0 ], [ 106.669439999956197, -6.38043000014429, 0.0 ], [ 106.669359999864312, -6.380789999658578, 0.0 ], [ 106.669350000302515, -6.381040000395579, 0.0 ], [ 106.669339999841256, -6.381130000049353, 0.0 ], [ 106.669399999910254, -6.381339999840954, 0.0 ], [ 106.66945000041737, -6.381410000371037, 0.0 ], [ 106.669669999770861, -6.381620000162727, 0.0 ], [ 106.669729999839774, -6.381820000392526, 0.0 ], [ 106.670062480998823, -6.381900873726156, 0.0 ], [ 106.670099999815321, -6.3819100000463, 0.0 ], [ 106.670349999652956, -6.381970000115214, 0.0 ], [ 106.670640000435895, -6.381990000138185, 0.0 ], [ 106.670790000158576, -6.381939999631161, 0.0 ], [ 106.670862308349044, -6.381932769081846, 0.0 ], [ 106.670890000273431, -6.381930000069271, 0.0 ], [ 106.671060000019182, -6.38191999960819, 0.0 ], [ 106.671180000157008, -6.38191999960819, 0.0 ], [ 106.671380000386904, -6.381970000115214, 0.0 ], [ 106.671550000132555, -6.381990000138185, 0.0 ], [ 106.671750000362451, -6.381990000138185, 0.0 ], [ 106.671880000062075, -6.381979999677103, 0.0 ], [ 106.672120000337912, -6.381789999908385, 0.0 ], [ 106.672370000175533, -6.381609999701556, 0.0 ], [ 106.672459999829314, -6.381529999609672, 0.0 ], [ 106.672700000105053, -6.381450000417068, 0.0 ], [ 106.672784434754021, -6.381457676130733, 0.0 ], [ 106.67280999978189, -6.381459999978869, 0.0 ], [ 106.672949999942688, -6.381840000415497, 0.0 ], [ 106.673019999573484, -6.382110000276189, 0.0 ], [ 106.673090000103571, -6.382250000436986, 0.0 ], [ 106.673210000241482, -6.38234000009076, 0.0 ], [ 106.673529999709928, -6.382369999675532, 0.0 ], [ 106.673669999870725, -6.381979999677103, 0.0 ], [ 106.673810000031693, -6.381600000139755, 0.0 ], [ 106.673859999639433, -6.381450000417068, 0.0 ], [ 106.673959999754373, -6.381379999886896, 0.0 ], [ 106.674180000007155, -6.381270000210151, 0.0 ], [ 106.674386288296716, -6.38122874201267, 0.0 ], [ 106.674679999682411, -6.381170000095295, 0.0 ], [ 106.674980000027162, -6.38104999995738, 0.0 ], [ 106.67530000039487, -6.38084999972758, 0.0 ], [ 106.675550000232505, -6.380379999637089, 0.0 ], [ 106.675760000024198, -6.379960000053799, 0.0 ], [ 106.676000000299936, -6.379579999617171, 0.0 ], [ 106.676250000137571, -6.379380000286652, 0.0 ], [ 106.676575138332154, -6.379274550280147, 0.0 ], [ 106.676620000113118, -6.379260000148737, 0.0 ], [ 106.677130000249463, -6.379149999572711, 0.0 ], [ 106.677309999557011, -6.379079999941908, 0.0 ], [ 106.677409999671951, -6.379030000334076, 0.0 ], [ 106.67760000033995, -6.378990000288134, 0.0 ], [ 106.677750000062645, -6.378970000265163, 0.0 ], [ 106.677970000315412, -6.378790000058334, 0.0 ], [ 106.678070000430353, -6.378720000427531, 0.0 ], [ 106.67814999962296, -6.37870000040456, 0.0 ], [ 106.678289999783843, -6.378739999551133, 0.0 ], [ 106.678619999713362, -6.378640000335558, 0.0 ], [ 106.67900999971188, -6.378509999736561, 0.0 ], [ 106.679129999849792, -6.378119999738043, 0.0 ], [ 106.679169999895734, -6.378059999669041, 0.0 ], [ 106.679319999618514, -6.378059999669041, 0.0 ], [ 106.679700000055135, -6.378090000153271, 0.0 ], [ 106.679900000284931, -6.3780700001303, 0.0 ], [ 106.680070000030597, -6.378030000084269, 0.0 ], [ 106.680159999684378, -6.377929999969325, 0.0 ], [ 106.68023000021455, -6.377720000177725, 0.0 ], [ 106.680250000237521, -6.377660000108722, 0.0 ], [ 106.680359999914259, -6.377569999555668, 0.0 ], [ 106.680460000029115, -6.377539999970807, 0.0 ], [ 106.680560000144055, -6.377519999947836, 0.0 ], [ 106.680912989443101, -6.377458227315138, 0.0 ], [ 106.680959999704385, -6.377450000317122, 0.0 ], [ 106.681400000210004, -6.376860000088715, 0.0 ], [ 106.681449999817843, -6.376800000019802, 0.0 ], [ 106.681619999563495, -6.376479999652087, 0.0 ], [ 106.681739999701421, -6.376269999860398, 0.0 ], [ 106.681790000208522, -6.376220000252655, 0.0 ] ] ] ] } },
{ "type": "Feature", "properties": { "PROVNO": "32", "KABKOTNO": "01", "KECNO": "250", "DESANO": "010", "PROVINSI": "JAWA BARAT", "KABKOT": "BOGOR", "KECAMATAN": "GUNUNG SINDUR", "ID2013": "3201250010", "DESA": "PABUARAN", "DESA_1": "PABUARAN", "ID2012": "3201250010", "IDKAB2": "3201", "IDKEC_2": "3201250", "WILAYAH": "TENGAH" }, "geometry": { "type": "MultiPolygon", "coordinates": [ [ [ [ 106.675591969793757, -6.358672627239805, 0.0 ], [ 106.675769999585995, -6.358909999696518, 0.0 ], [ 106.675840000116082, -6.359020000272633, 0.0 ], [ 106.675889999723907, -6.359069999880465, 0.0 ], [ 106.676049999907676, -6.359339999741067, 0.0 ], [ 106.677030000134522, -6.360830000104247, 0.0 ], [ 106.677380000087084, -6.361360000263652, 0.0 ], [ 106.677655404873263, -6.361815842327037, 0.0 ], [ 106.677669999970661, -6.361839999915944, 0.0 ], [ 106.677779999647413, -6.362009999661602, 0.0 ], [ 106.677859999739383, -6.362120000237628, 0.0 ], [ 106.678850000427389, -6.363629999724498, 0.0 ], [ 106.67900999971188, -6.36389999958519, 0.0 ], [ 106.679249999987704, -6.364360000113791, 0.0 ], [ 106.679254346411113, -6.364367243253568, 0.0 ], [ 106.679490000263456, -6.36475999967411, 0.0 ], [ 106.679619999963251, -6.365360000363598, 0.0 ], [ 106.679820000193047, -6.365869999600662, 0.0 ], [ 106.679840000216018, -6.365969999715517, 0.0 ], [ 106.679889999823772, -6.36604000024569, 0.0 ], [ 106.679940000330973, -6.366100000314603, 0.0 ], [ 106.680440000006143, -6.366629999574727, 0.0 ], [ 106.680549014925276, -6.36671825004699, 0.0 ], [ 106.680649999797836, -6.366800000219666, 0.0 ], [ 106.680749999912777, -6.366969999965324, 0.0 ], [ 106.680760000373851, -6.367030000034326, 0.0 ], [ 106.680919999658443, -6.367609999801473, 0.0 ], [ 106.680979999727356, -6.36797999977702, 0.0 ], [ 106.681087678253888, -6.368590172698099, 0.0 ], [ 106.681099999865268, -6.368659999659112, 0.0 ], [ 106.681179999957152, -6.369439999656059, 0.0 ], [ 106.681220000003179, -6.369780000046834, 0.0 ], [ 106.681289999633975, -6.37012000043752, 0.0 ], [ 106.681297482892703, -6.370157414033297, 0.0 ], [ 106.681309999656946, -6.370219999653095, 0.0 ], [ 106.681360000164062, -6.370760000273581, 0.0 ], [ 106.681630000024668, -6.371629999924391, 0.0 ], [ 106.681799999770334, -6.372089999553712, 0.0 ], [ 106.681830000254465, -6.372180000106766, 0.0 ], [ 106.682009999562013, -6.372440000405568, 0.0 ], [ 106.682269999860821, -6.3731000002646, 0.0 ], [ 106.682340000390894, -6.37333999964115, 0.0 ], [ 106.68237300191268, -6.373552156007047, 0.0 ], [ 106.682410000021704, -6.373789999708581, 0.0 ], [ 106.682419999583502, -6.374110000076296, 0.0 ], [ 106.682389999998733, -6.374489999613644, 0.0 ], [ 106.682340000390894, -6.374999999749988, 0.0 ], [ 106.682300000344952, -6.375099999864933, 0.0 ], [ 106.681979999977244, -6.375850000277108, 0.0 ], [ 106.681864250035261, -6.376075408153383, 0.0 ], [ 106.681790000208522, -6.376220000252655, 0.0 ], [ 106.681739999701421, -6.376269999860398, 0.0 ], [ 106.681619999563495, -6.376479999652087, 0.0 ], [ 106.681449999817843, -6.376800000019802, 0.0 ], [ 106.681400000210004, -6.376860000088715, 0.0 ], [ 106.680959999704385, -6.377450000317122, 0.0 ], [ 106.680912989443101, -6.377458227315138, 0.0 ], [ 106.680560000144055, -6.377519999947836, 0.0 ], [ 106.680460000029115, -6.377539999970807, 0.0 ], [ 106.680359999914259, -6.377569999555668, 0.0 ], [ 106.680250000237521, -6.377660000108722, 0.0 ], [ 106.68023000021455, -6.377720000177725, 0.0 ], [ 106.680159999684378, -6.377929999969325, 0.0 ], [ 106.680070000030597, -6.378030000084269, 0.0 ], [ 106.679900000284931, -6.3780700001303, 0.0 ], [ 106.679700000055135, -6.378090000153271, 0.0 ], [ 106.679319999618514, -6.378059999669041, 0.0 ], [ 106.679169999895734, -6.378059999669041, 0.0 ], [ 106.679129999849792, -6.378119999738043, 0.0 ], [ 106.67900999971188, -6.378509999736561, 0.0 ], [ 106.678619999713362, -6.378640000335558, 0.0 ], [ 106.678289999783843, -6.378739999551133, 0.0 ], [ 106.67814999962296, -6.37870000040456, 0.0 ], [ 106.678070000430353, -6.378720000427531, 0.0 ], [ 106.677970000315412, -6.378790000058334, 0.0 ], [ 106.677750000062645, -6.378970000265163, 0.0 ], [ 106.67760000033995, -6.378990000288134, 0.0 ], [ 106.677409999671951, -6.379030000334076, 0.0 ], [ 106.677309999557011, -6.379079999941908, 0.0 ], [ 106.677130000249463, -6.379149999572711, 0.0 ], [ 106.676620000113118, -6.379260000148737, 0.0 ], [ 106.676575138332154, -6.379274550280147, 0.0 ], [ 106.676250000137571, -6.379380000286652, 0.0 ], [ 106.676000000299936, -6.379579999617171, 0.0 ], [ 106.675760000024198, -6.379960000053799, 0.0 ], [ 106.675550000232505, -6.380379999637089, 0.0 ], [ 106.67530000039487, -6.38084999972758, 0.0 ], [ 106.674980000027162, -6.38104999995738, 0.0 ], [ 106.674679999682411, -6.381170000095295, 0.0 ], [ 106.674386288296716, -6.38122874201267, 0.0 ], [ 106.674180000007155, -6.381270000210151, 0.0 ], [ 106.673959999754373, -6.381379999886896, 0.0 ], [ 106.673859999639433, -6.381450000417068, 0.0 ], [ 106.673810000031693, -6.381600000139755, 0.0 ], [ 106.673669999870725, -6.381979999677103, 0.0 ], [ 106.673529999709928, -6.382369999675532, 0.0 ], [ 106.673210000241482, -6.38234000009076, 0.0 ], [ 106.673090000103571, -6.382250000436986, 0.0 ], [ 106.673019999573484, -6.382110000276189, 0.0 ], [ 106.672949999942688, -6.381840000415497, 0.0 ], [ 106.67280999978189, -6.381459999978869, 0.0 ], [ 106.672784434754021, -6.381457676130733, 0.0 ], [ 106.672700000105053, -6.381450000417068, 0.0 ], [ 106.672459999829314, -6.381529999609672, 0.0 ], [ 106.672370000175533, -6.381609999701556, 0.0 ], [ 106.672120000337912, -6.381789999908385, 0.0 ], [ 106.671880000062075, -6.381979999677103, 0.0 ], [ 106.671750000362451, -6.381990000138185, 0.0 ], [ 106.671550000132555, -6.381990000138185, 0.0 ], [ 106.671380000386904, -6.381970000115214, 0.0 ], [ 106.671180000157008, -6.38191999960819, 0.0 ], [ 106.671060000019182, -6.38191999960819, 0.0 ], [ 106.670890000273431, -6.381930000069271, 0.0 ], [ 106.670862308349044, -6.381932769081846, 0.0 ], [ 106.670790000158576, -6.381939999631161, 0.0 ], [ 106.670640000435895, -6.381990000138185, 0.0 ], [ 106.670349999652956, -6.381970000115214, 0.0 ], [ 106.670099999815321, -6.3819100000463, 0.0 ], [ 106.670062480998823, -6.381900873726156, 0.0 ], [ 106.669729999839774, -6.381820000392526, 0.0 ], [ 106.669669999770861, -6.381620000162727, 0.0 ], [ 106.66945000041737, -6.381410000371037, 0.0 ], [ 106.669399999910254, -6.381339999840954, 0.0 ], [ 106.669339999841256, -6.381130000049353, 0.0 ], [ 106.669350000302515, -6.381040000395579, 0.0 ], [ 106.669359999864312, -6.380789999658578, 0.0 ], [ 106.669439999956197, -6.38043000014429, 0.0 ], [ 106.669480000002139, -6.380209999891431, 0.0 ], [ 106.669430000394399, -6.37998000007677, 0.0 ], [ 106.669370000325486, -6.379799999869942, 0.0 ], [ 106.669379999887283, -6.379579999617171, 0.0 ], [ 106.669390000348457, -6.379200000079734, 0.0 ], [ 106.669299999795314, -6.378859999689137, 0.0 ], [ 106.669270000210545, -6.378720000427531, 0.0 ], [ 106.669299999795314, -6.378500000174672, 0.0 ], [ 106.6692399997264, -6.378400000059816, 0.0 ], [ 106.669179999657487, -6.37825999989893, 0.0 ], [ 106.669190000118562, -6.378030000084269, 0.0 ], [ 106.669199999680458, -6.377920000407524, 0.0 ], [ 106.669178272959144, -6.377898272786933, 0.0 ], [ 106.668980000326968, -6.377700000154753, 0.0 ], [ 106.668940000280941, -6.377600000039809, 0.0 ], [ 106.668933846220213, -6.377573332443234, 0.0 ], [ 106.668937588299215, -6.377573225423863, 0.0 ], [ 106.668911959419574, -6.377478488141577, 0.0 ], [ 106.668915018013834, -6.377475339615071, 0.0 ], [ 106.668910241714485, -6.377471047150909, 0.0 ], [ 106.668909999796796, -6.377470000340093, 0.0 ], [ 106.66882668840114, -6.377395944766864, 0.0 ], [ 106.668729999589971, -6.377310000156236, 0.0 ], [ 106.668519999798278, -6.377219999603181, 0.0 ], [ 106.66831000000667, -6.377179999557239, 0.0 ], [ 106.668180000306961, -6.377169999995349, 0.0 ], [ 106.667929999569964, -6.377029999834463, 0.0 ], [ 106.667619999663415, -6.376860000088715, 0.0 ], [ 106.667500000424866, -6.376750000412059, 0.0 ], [ 106.667189999618955, -6.376490000113257, 0.0 ], [ 106.667090000403377, -6.376360000413541, 0.0 ], [ 106.667030000334378, -6.376240000275626, 0.0 ], [ 106.666959999804291, -6.376189999768513, 0.0 ], [ 106.666830000104582, -6.376209999791485, 0.0 ], [ 106.666380000037151, -6.376260000298597, 0.0 ], [ 106.666348539053999, -6.376265551813578, 0.0 ], [ 106.666210000291485, -6.376289999883458, 0.0 ], [ 106.665990000038633, -6.376360000413541, 0.0 ], [ 106.665760000223969, -6.376450000067315, 0.0 ], [ 106.665689999693882, -6.376459999629116, 0.0 ], [ 106.665499999925174, -6.376309999906429, 0.0 ], [ 106.665290000133567, -6.376160000183653, 0.0 ], [ 106.665160000433843, -6.376109999676629, 0.0 ], [ 106.664920000158105, -6.375939999930882, 0.0 ], [ 106.664599999790312, -6.375779999747024, 0.0 ], [ 106.66449000011356, -6.375719999678111, 0.0 ], [ 106.664349999952762, -6.37546999984048, 0.0 ], [ 106.664269999860792, -6.375349999702564, 0.0 ], [ 106.663979999977215, -6.375199999979788, 0.0 ], [ 106.663630000024639, -6.375090000303132, 0.0 ], [ 106.663529999909784, -6.375090000303132, 0.0 ], [ 106.663280000072149, -6.375210000441047, 0.0 ], [ 106.663110000326412, -6.375409999771566, 0.0 ], [ 106.66309105880552, -6.375428941292451, 0.0 ], [ 106.663091028228564, -6.375419559564879, 0.0 ], [ 106.663006386735546, -6.375466208298732, 0.0 ], [ 106.662820000442835, -6.375449999817508, 0.0 ], [ 106.662540000121055, -6.375429999794537, 0.0 ], [ 106.662426445424302, -6.375474993775789, 0.0 ], [ 106.662409997723415, -6.37547381926117, 0.0 ], [ 106.661879997564, -6.37568381905286, 0.0 ], [ 106.661836246445816, -6.375701319859886, 0.0 ], [ 106.66172999784132, -6.375743819121773, 0.0 ], [ 106.66154999763441, -6.375753818683663, 0.0 ], [ 106.661479998003685, -6.375723819098802, 0.0 ], [ 106.661279997773889, -6.375503818846031, 0.0 ], [ 106.661109998028138, -6.375183819377597, 0.0 ], [ 106.661029997936254, -6.37504381921671, 0.0 ], [ 106.660929997821313, -6.374863819009882, 0.0 ], [ 106.660879998213574, -6.374773817557458, 0.0 ], [ 106.660912704757706, -6.374716197993937, 0.0 ], [ 106.660912703858344, -6.374716100867186, 0.0 ], [ 106.660894542949023, -6.374713506323051, 0.0 ], [ 106.660869999551053, -6.374709999866504, 0.0 ], [ 106.660909999596996, -6.374500000074725, 0.0 ], [ 106.660909999596996, -6.374259999798984, 0.0 ], [ 106.660869999551053, -6.374079999592155, 0.0 ], [ 106.660869999551053, -6.374009999961352, 0.0 ], [ 106.660690000243505, -6.37335000010232, 0.0 ], [ 106.660750000312419, -6.373149999872432, 0.0 ], [ 106.660900000035184, -6.372659999759058, 0.0 ], [ 106.660869999551053, -6.372519999598083, 0.0 ], [ 106.660779999897272, -6.372329999829454, 0.0 ], [ 106.660679999782332, -6.37224000017568, 0.0 ], [ 106.660429999944697, -6.372079999991822, 0.0 ], [ 106.660260000199045, -6.371919999807965, 0.0 ], [ 106.660044037002919, -6.371731033360319, 0.0 ], [ 106.659620000362892, -6.371360000063788, 0.0 ], [ 106.659489999763892, -6.371309999556676, 0.0 ], [ 106.65936999962598, -6.371309999556676, 0.0 ], [ 106.659179999857258, -6.371290000432985, 0.0 ], [ 106.658869999950724, -6.371340000040817, 0.0 ], [ 106.658709999766856, -6.37140999967162, 0.0 ], [ 106.658499999975263, -6.371500000224675, 0.0 ], [ 106.65843999990625, -6.371489999763504, 0.0 ], [ 106.658371456277877, -6.371538959755032, 0.0 ], [ 106.658370000275454, -6.371540000270617, 0.0 ], [ 106.658270000160513, -6.371580000316648, 0.0 ], [ 106.658179999607455, -6.371560000293677, 0.0 ], [ 106.657900000185052, -6.371429999694591, 0.0 ], [ 106.657419999633476, -6.371039999696073, 0.0 ], [ 106.656770000235525, -6.370950000042299, 0.0 ], [ 106.656619999613469, -6.37097999962716, 0.0 ], [ 106.656549999982673, -6.370990000088241, 0.0 ], [ 106.656400000259978, -6.371130000249128, 0.0 ], [ 106.656189999569008, -6.371489999763504, 0.0 ], [ 106.656139999961269, -6.371560000293677, 0.0 ], [ 106.655959999754344, -6.371890000223193, 0.0 ], [ 106.655870000100577, -6.371910000246164, 0.0 ], [ 106.655859999639489, -6.371970000315077, 0.0 ], [ 106.655859999639489, -6.372140000060735, 0.0 ], [ 106.65576000042384, -6.372129999599654, 0.0 ], [ 106.655560000194029, -6.372149999622625, 0.0 ], [ 106.655516651072759, -6.371793576712061, 0.0 ], [ 106.655379999987204, -6.370669999720615, 0.0 ], [ 106.654530000359358, -6.369840000115747, 0.0 ], [ 106.654173822064422, -6.36818773237783, 0.0 ], [ 106.654169999945708, -6.368170000445019, 0.0 ], [ 106.653753335048549, -6.367181532201851, 0.0 ], [ 106.653229999764818, -6.365940000130745, 0.0 ], [ 106.651110000026648, -6.363640000185669, 0.0 ], [ 106.650989999888736, -6.362200000329601, 0.0 ], [ 106.650991237355839, -6.362199218818745, 0.0 ], [ 106.65099354501622, -6.362199288965833, 0.0 ], [ 106.651160309900519, -6.362203975333038, 0.0 ], [ 106.653267114785734, -6.362263172307383, 0.0 ], [ 106.654419157118554, -6.361850715338093, 0.0 ], [ 106.656227316037956, -6.361164084754503, 0.0 ], [ 106.656912398888309, -6.360734904891743, 0.0 ], [ 106.657211501709583, -6.360547526646911, 0.0 ], [ 106.658027857699665, -6.359387385019701, 0.0 ], [ 106.65858481323869, -6.358821361616354, 0.0 ], [ 106.659515587274669, -6.358672609253304, 0.0 ], [ 106.661384799369202, -6.358588658439626, 0.0 ], [ 106.66367362613714, -6.358200065880162, 0.0 ], [ 106.665198707254717, -6.358038556633918, 0.0 ], [ 106.666244726712961, -6.357927779942898, 0.0 ], [ 106.666603755858844, -6.357931043582656, 0.0 ], [ 106.667435209667403, -6.357938603283699, 0.0 ], [ 106.667869797153571, -6.357942554005493, 0.0 ], [ 106.66983052875608, -6.358407965754811, 0.0 ], [ 106.67153950324564, -6.358386010605734, 0.0 ], [ 106.67210368483731, -6.358425925216107, 0.0 ], [ 106.6755907161388, -6.358672614649254, 0.0 ], [ 106.675591969793757, -6.358672627239805, 0.0 ] ] ] ] } }
]
}
