{
"type": "FeatureCollection",
"name": "JONGGOL",
"crs": { "type": "name", "properties": { "name": "urn:ogc:def:crs:OGC:1.3:CRS84" } },
"features": [
{ "type": "Feature", "properties": { "PROVNO": "32", "KABKOTNO": "01", "KECNO": "170", "DESANO": "001", "PROVINSI": "JAWA BARAT", "KABKOT": "BOGOR", "KECAMATAN": "JONGGOL", "ID2013": "3201170001", "DESA": "SUKAJAYA", "DESA_1": "SUKAJAYA", "ID2012": "3201170001", "IDKAB2": "3201", "IDKEC_2": "3201170", "WILAYAH": "TIMUR" }, "geometry": { "type": "MultiPolygon", "coordinates": [ [ [ [ 107.002490000013637, -6.529310000356094, 0.0 ], [ 107.002320000267972, -6.530249999637618, 0.0 ], [ 107.002196123152743, -6.531158430017427, 0.0 ], [ 107.002169999645915, -6.531350000002369, 0.0 ], [ 107.002169999645915, -6.531920000207627, 0.0 ], [ 107.002280000222029, -6.532100000414545, 0.0 ], [ 107.002579999667404, -6.532350000252176, 0.0 ], [ 107.002900000035126, -6.53245000036712, 0.0 ], [ 107.003829999754842, -6.532589999628637, 0.0 ], [ 107.004939999681397, -6.53284000036555, 0.0 ], [ 107.005739999701404, -6.533050000157239, 0.0 ], [ 107.006479999652413, -6.533170000295154, 0.0 ], [ 107.007653281274045, -6.533111335719379, 0.0 ], [ 107.007680000132098, -6.533110000226152, 0.0 ], [ 107.009149999572941, -6.532919999558153, 0.0 ], [ 107.010260000398858, -6.532889999973381, 0.0 ], [ 107.011339999841283, -6.532909999996352, 0.0 ], [ 107.012047660171518, -6.532978145225101, 0.0 ], [ 107.012690000043662, -6.533039999696069, 0.0 ], [ 107.014060000268927, -6.533230000364068, 0.0 ], [ 107.015270000310508, -6.533440000155757, 0.0 ], [ 107.016650000097655, -6.533999999899933, 0.0 ], [ 107.016839999866292, -6.534189999668563, 0.0 ], [ 107.01708000014203, -6.534329999829449, 0.0 ], [ 107.017459999679474, -6.534469999990336, 0.0 ], [ 107.018319999768295, -6.534699999804996, 0.0 ], [ 107.018740000250958, -6.534830000404082, 0.0 ], [ 107.019139999811372, -6.535060000218653, 0.0 ], [ 107.019170038966266, -6.535086573386497, 0.0 ], [ 107.019400000110082, -6.535290000033314, 0.0 ], [ 107.019620000362949, -6.535579999916887, 0.0 ], [ 107.020019999923264, -6.536649999797497, 0.0 ], [ 107.020200000130089, -6.537099999864928, 0.0 ], [ 107.020400000359885, -6.537469999840475, 0.0 ], [ 107.021100000264951, -6.537580000416501, 0.0 ], [ 107.021909999846756, -6.537839999815933, 0.0 ], [ 107.022600000190025, -6.538180000206708, 0.0 ], [ 107.023090000303483, -6.538679999881971, 0.0 ], [ 107.023759999724405, -6.539450000317117, 0.0 ], [ 107.024249999837778, -6.54013999976101, 0.0 ], [ 107.02488000011212, -6.540939999781017, 0.0 ], [ 107.025259999649478, -6.541489999963304, 0.0 ], [ 107.025729294671436, -6.541865436340668, 0.0 ], [ 107.026110000176502, -6.542169999845484, 0.0 ], [ 107.02660000028996, -6.542450000167168, 0.0 ], [ 107.027110000426404, -6.542619999912915, 0.0 ], [ 107.027730000239487, -6.542969999865402, 0.0 ], [ 107.028399999660408, -6.543390000348062, 0.0 ], [ 107.02886999975081, -6.543709999816496, 0.0 ], [ 107.029330000279415, -6.544150000322038, 0.0 ], [ 107.029999999700422, -6.544600000389558, 0.0 ], [ 107.030071671170873, -6.544624257803058, 0.0 ], [ 107.03064999999765, -6.544819999743048, 0.0 ], [ 107.030890000273487, -6.544759999674135, 0.0 ], [ 107.031269999810831, -6.544719999628104, 0.0 ], [ 107.031610000201525, -6.544580000366587, 0.0 ], [ 107.03186000003916, -6.544269999560672, 0.0 ], [ 107.032410000221532, -6.543629999724523, 0.0 ], [ 107.032769999735905, -6.543190000118262, 0.0 ], [ 107.033250000287481, -6.542869999750547, 0.0 ], [ 107.033620000263028, -6.542659999958857, 0.0 ], [ 107.033640000285999, -6.542960000303601, 0.0 ], [ 107.033589999778798, -6.543219999703034, 0.0 ], [ 107.033270000310452, -6.544710000066303, 0.0 ], [ 107.033110000126584, -6.545140000110763, 0.0 ], [ 107.032909999896702, -6.545519999648111, 0.0 ], [ 107.032729999689963, -6.545659999808997, 0.0 ], [ 107.032499999875213, -6.545730000339081, 0.0 ], [ 107.032462901042237, -6.545728674738385, 0.0 ], [ 107.032219999553533, -6.54571999987791, 0.0 ], [ 107.031269999810831, -6.54571000031611, 0.0 ], [ 107.030999999950239, -6.545819999992855, 0.0 ], [ 107.030730000089633, -6.546009999761484, 0.0 ], [ 107.030469999790824, -6.546279999622087, 0.0 ], [ 107.030427514018768, -6.546390463349052, 0.0 ], [ 107.030420000183, -6.546410000221172, 0.0 ], [ 107.030480000251998, -6.546499999874946, 0.0 ], [ 107.03064999999765, -6.546649999597633, 0.0 ], [ 107.030859999789342, -6.546749999712578, 0.0 ], [ 107.031880000062131, -6.547130000149295, 0.0 ], [ 107.032020000223014, -6.547290000333064, 0.0 ], [ 107.03208999985381, -6.547489999663583, 0.0 ], [ 107.032060000268956, -6.547620000262668, 0.0 ], [ 107.03192999966987, -6.547780000446526, 0.0 ], [ 107.031679999832321, -6.547959999753985, 0.0 ], [ 107.031420000432803, -6.548050000307128, 0.0 ], [ 107.030970000365372, -6.548200000029816, 0.0 ], [ 107.030839999766286, -6.548220000052787, 0.0 ], [ 107.030629999974678, -6.548139999960902, 0.0 ], [ 107.030210000391392, -6.547999999799927, 0.0 ], [ 107.029999999700422, -6.548039999845958, 0.0 ], [ 107.029820000392874, -6.548139999960902, 0.0 ], [ 107.029640000186049, -6.548340000190702, 0.0 ], [ 107.029509999586963, -6.548570000005363, 0.0 ], [ 107.029069529635251, -6.549529596413564, 0.0 ], [ 107.02894999984278, -6.549789999608571, 0.0 ], [ 107.028399999660408, -6.550609999651638, 0.0 ], [ 107.028120000238005, -6.55086000038855, 0.0 ], [ 107.027469999940692, -6.5513099995567, 0.0 ], [ 107.027309999756923, -6.551589999878473, 0.0 ], [ 107.027289999733853, -6.551750000062242, 0.0 ], [ 107.027260000149084, -6.552010000361044, 0.0 ], [ 107.027160000034144, -6.55216000008382, 0.0 ], [ 107.027050000357406, -6.552220000152733, 0.0 ], [ 107.026959999804347, -6.55216000008382, 0.0 ], [ 107.026819999643465, -6.551970000315102, 0.0 ], [ 107.026589999828801, -6.551669999970358, 0.0 ], [ 107.026460000129077, -6.551629999924415, 0.0 ], [ 107.026380000037108, -6.551669999970358, 0.0 ], [ 107.026319999968194, -6.551790000108273, 0.0 ], [ 107.026319999968194, -6.55195999985402, 0.0 ], [ 107.026299999945223, -6.552400000359562, 0.0 ], [ 107.026190000268485, -6.552630000174222, 0.0 ], [ 107.026099999715342, -6.552909999596626, 0.0 ], [ 107.02615999978434, -6.553149999872456, 0.0 ], [ 107.026310000406312, -6.553390000148198, 0.0 ], [ 107.026620000312931, -6.553720000077803, 0.0 ], [ 107.026939999781376, -6.553920000307603, 0.0 ], [ 107.027119999988201, -6.554090000053261, 0.0 ], [ 107.027209999641968, -6.554250000237207, 0.0 ], [ 107.027220000103142, -6.554339999890981, 0.0 ], [ 107.027220000103142, -6.554430000444036, 0.0 ], [ 107.02714999957297, -6.554600000189694, 0.0 ], [ 107.026970000265422, -6.554809999981295, 0.0 ], [ 107.026580000266989, -6.555269999610616, 0.0 ], [ 107.026560729594209, -6.555302759214801, 0.0 ], [ 107.026279999922252, -6.555779999747049, 0.0 ], [ 107.026219999853339, -6.555839999815962, 0.0 ], [ 107.025720000177984, -6.556419999583198, 0.0 ], [ 107.02566000010907, -6.556579999766967, 0.0 ], [ 107.025530000409361, -6.557569999555692, 0.0 ], [ 107.025530000409361, -6.558179999806981, 0.0 ], [ 107.025629999625025, -6.55834999955264, 0.0 ], [ 107.025809999831765, -6.558469999690555, 0.0 ], [ 107.026099999715342, -6.558689999943415, 0.0 ], [ 107.02623999987631, -6.558879999712044, 0.0 ], [ 107.026360000014137, -6.559180000056788, 0.0 ], [ 107.026589999828801, -6.560350000052342, 0.0 ], [ 107.026689999943741, -6.56070999956663, 0.0 ], [ 107.026839999666436, -6.560969999865431, 0.0 ], [ 107.027059999919203, -6.56115000007226, 0.0 ], [ 107.027400000309967, -6.56137000032512, 0.0 ], [ 107.027559999594459, -6.561450000417004, 0.0 ], [ 107.027910000446326, -6.561560000093749, 0.0 ], [ 107.028180000306918, -6.561549999632668, 0.0 ], [ 107.028399999660408, -6.561470000439975, 0.0 ], [ 107.028479999752292, -6.561330000279177, 0.0 ], [ 107.028820000143071, -6.560659999958887, 0.0 ], [ 107.028920000258012, -6.560670000420057, 0.0 ], [ 107.029219999703386, -6.560749999612661, 0.0 ], [ 107.029620000163078, -6.560960000303631, 0.0 ], [ 107.030010000161596, -6.561350000302149, 0.0 ], [ 107.030259999999231, -6.561439999955923, 0.0 ], [ 107.030460000229027, -6.561430000394033, 0.0 ], [ 107.030759999674402, -6.561350000302149, 0.0 ], [ 107.031039999996182, -6.561310000256118, 0.0 ], [ 107.031060000019153, -6.561390000348091, 0.0 ], [ 107.031140000111037, -6.561820000392551, 0.0 ], [ 107.031229999764804, -6.561930000069296, 0.0 ], [ 107.031340000340919, -6.561950000092267, 0.0 ], [ 107.031470000040628, -6.561899999585155, 0.0 ], [ 107.031750000362408, -6.561769999885438, 0.0 ], [ 107.031869999600957, -6.56182999995444, 0.0 ], [ 107.031989999738869, -6.561970000115238, 0.0 ], [ 107.031969999715898, -6.562059999769012, 0.0 ], [ 107.031869999600957, -6.562199999929899, 0.0 ], [ 107.031810000431321, -6.562340000090785, 0.0 ], [ 107.031920000108073, -6.562380000136727, 0.0 ], [ 107.032129999899752, -6.562369999675557, 0.0 ], [ 107.032499999875213, -6.562349999652586, 0.0 ], [ 107.032640000036196, -6.562420000182758, 0.0 ], [ 107.032840000265992, -6.562620000412558, 0.0 ], [ 107.033139999711452, -6.562910000296132, 0.0 ], [ 107.033250000287481, -6.563060000018819, 0.0 ], [ 107.033270000310452, -6.563340000340592, 0.0 ], [ 107.033390000448364, -6.563570000155252, 0.0 ], [ 107.033569999755827, -6.563699999854968, 0.0 ], [ 107.033640000285999, -6.563710000316139, 0.0 ], [ 107.033709999916709, -6.563699999854968, 0.0 ], [ 107.033950000192533, -6.563719999877939, 0.0 ], [ 107.034220000053139, -6.563819999992884, 0.0 ], [ 107.034380000237007, -6.563969999715571, 0.0 ], [ 107.03452000039789, -6.564189999968431, 0.0 ], [ 107.03457000000563, -6.56437000017517, 0.0 ], [ 107.03452000039789, -6.56457000040497, 0.0 ], [ 107.034500000374919, -6.564740000150717, 0.0 ], [ 107.034590000028601, -6.564880000311604, 0.0 ], [ 107.034699999705438, -6.565090000103293, 0.0 ], [ 107.034719999728409, -6.565259999848951, 0.0 ], [ 107.03473999975138, -6.565350000402006, 0.0 ], [ 107.034730000189569, -6.565489999663612, 0.0 ], [ 107.034690000143542, -6.565689999893412, 0.0 ], [ 107.034779999797323, -6.56585999963907, 0.0 ], [ 107.035120000188002, -6.566229999614617, 0.0 ], [ 107.035499999725445, -6.566679999682137, 0.0 ], [ 107.036459999929221, -6.566750000212132, 0.0 ], [ 107.036680000182074, -6.566750000212132, 0.0 ], [ 107.036970000065651, -6.566879999911936, 0.0 ], [ 107.037139999811302, -6.566810000281134, 0.0 ], [ 107.037569999855776, -6.566679999682137, 0.0 ], [ 107.038089999554003, -6.566420000282616, 0.0 ], [ 107.038260000199031, -6.566349999752532, 0.0 ], [ 107.038639999736375, -6.56630999970659, 0.0 ], [ 107.038989999688866, -6.5663000001447, 0.0 ], [ 107.03910000026498, -6.566489999913419, 0.0 ], [ 107.039218919417721, -6.566555214251615, 0.0 ], [ 107.039410000171529, -6.566659999659166, 0.0 ], [ 107.03994000033093, -6.567100000164707, 0.0 ], [ 107.040150000122622, -6.567260000348565, 0.0 ], [ 107.040440000006186, -6.5673799995872, 0.0 ], [ 107.041130000349455, -6.567390000048281, 0.0 ], [ 107.041280000072135, -6.567410000071252, 0.0 ], [ 107.041400000209961, -6.567499999725026, 0.0 ], [ 107.04152999990977, -6.567719999977797, 0.0 ], [ 107.041569999955712, -6.567809999631571, 0.0 ], [ 107.042120000138084, -6.568159999584147, 0.0 ], [ 107.042670000320385, -6.568560000043835, 0.0 ], [ 107.043000000249975, -6.568849999927409, 0.0 ], [ 107.043140000410872, -6.569239999925927, 0.0 ], [ 107.043290000133553, -6.569629999924445, 0.0 ], [ 107.043330000179495, -6.569879999761987, 0.0 ], [ 107.043299999695449, -6.570089999553677, 0.0 ], [ 107.043230000064639, -6.570229999714563, 0.0 ], [ 107.042829999604947, -6.570440000405533, 0.0 ], [ 107.042579999767327, -6.570570000105249, 0.0 ], [ 107.042459999629415, -6.570679999781994, 0.0 ], [ 107.042479999652386, -6.570969999665568, 0.0 ], [ 107.042519999698413, -6.571160000333567, 0.0 ], [ 107.042459999629415, -6.571299999595173, 0.0 ], [ 107.042329999929692, -6.57145999977903, 0.0 ], [ 107.041540000370944, -6.572040000445458, 0.0 ], [ 107.041010000211543, -6.572469999590638, 0.0 ], [ 107.040809999981647, -6.572680000281608, 0.0 ], [ 107.040680000281938, -6.572979999727071, 0.0 ], [ 107.040629999774822, -6.573329999679558, 0.0 ], [ 107.040649999797793, -6.574269999860451, 0.0 ], [ 107.0406311976718, -6.574370025156409, 0.0 ], [ 107.040399999960158, -6.575600000039774, 0.0 ], [ 107.04025999979936, -6.57594999999235, 0.0 ], [ 107.039929999869756, -6.57636999957564, 0.0 ], [ 107.039909999846785, -6.576460000128783, 0.0 ], [ 107.039869999800842, -6.57681999964316, 0.0 ], [ 107.039820000193018, -6.577420000332648, 0.0 ], [ 107.039820000193018, -6.577899999984851, 0.0 ], [ 107.039880000262016, -6.578180000306624, 0.0 ], [ 107.039880000262016, -6.578300000444539, 0.0 ], [ 107.039740000101133, -6.578530000259111, 0.0 ], [ 107.039410000171529, -6.579020000372573, 0.0 ], [ 107.039049999757864, -6.579870000000323, 0.0 ], [ 107.038880000012213, -6.580420000182698, 0.0 ], [ 107.038739999851231, -6.580990000388045, 0.0 ], [ 107.038639999736375, -6.581249999787477, 0.0 ], [ 107.038209999691915, -6.581739999900851, 0.0 ], [ 107.038079999992206, -6.581900000084797, 0.0 ], [ 107.038019999923193, -6.582140000360628, 0.0 ], [ 107.038019999923193, -6.582459999828973, 0.0 ], [ 107.037890000223484, -6.582960000403517, 0.0 ], [ 107.037719999578457, -6.583119999688094, 0.0 ], [ 107.037219999903286, -6.583210000241149, 0.0 ], [ 107.036339999791295, -6.583139999711065, 0.0 ], [ 107.035450000117606, -6.583099999665123, 0.0 ], [ 107.034320000168094, -6.583070000080262, 0.0 ], [ 107.033259999849278, -6.58301999957315, 0.0 ], [ 107.032459999829271, -6.583010000011349, 0.0 ], [ 107.031670000270523, -6.583010000011349, 0.0 ], [ 107.031089999604006, -6.583139999711065, 0.0 ], [ 107.030460000229027, -6.583170000195206, 0.0 ], [ 107.029999999700422, -6.583130000149264, 0.0 ], [ 107.029110000026648, -6.582929999919376, 0.0 ], [ 107.027969999615948, -6.582559999943918, 0.0 ], [ 107.027030000334435, -6.582230000014313, 0.0 ], [ 107.025970000015619, -6.581929999669569, 0.0 ], [ 107.024960000204004, -6.581630000224195, 0.0 ], [ 107.024000000000143, -6.581369999925393, 0.0 ], [ 107.023340000141019, -6.581240000225677, 0.0 ], [ 107.022740000350908, -6.581189999718564, 0.0 ], [ 107.021989999938739, -6.581349999902422, 0.0 ], [ 107.021220000402863, -6.58151999964808, 0.0 ], [ 107.021199604678202, -6.5815236419024, 0.0 ], [ 107.020940000081097, -6.581570000155281, 0.0 ], [ 107.020750000312461, -6.581120000087761, 0.0 ], [ 107.020429999944753, -6.580489999813501, 0.0 ], [ 107.019979999877222, -6.580050000207152, 0.0 ], [ 107.019739999601484, -6.579890000023383, 0.0 ], [ 107.01929000043333, -6.579669999770523, 0.0 ], [ 107.018700000205015, -6.579379999886861, 0.0 ], [ 107.018159999584526, -6.579069999980316, 0.0 ], [ 107.017980000276992, -6.578780000096742, 0.0 ], [ 107.017780000047097, -6.578350000052282, 0.0 ], [ 107.017670000370444, -6.577799999869907, 0.0 ], [ 107.017610000301431, -6.577329999779504, 0.0 ], [ 107.017719999978183, -6.576850000127212, 0.0 ], [ 107.017780000047097, -6.576469999690584, 0.0 ], [ 107.017780000047097, -6.576159999784039, 0.0 ], [ 107.017710000416386, -6.575889999923348, 0.0 ], [ 107.017550000232518, -6.575640000085805, 0.0 ], [ 107.017209999841754, -6.57529999969503, 0.0 ], [ 107.016759999774408, -6.574949999742543, 0.0 ], [ 107.016079999892227, -6.574389999998367, 0.0 ], [ 107.015600000240028, -6.574040000045791, 0.0 ], [ 107.015490165139184, -6.573976845155141, 0.0 ], [ 107.015199999780336, -6.573810000231131, 0.0 ], [ 107.014550000382386, -6.573529999909358, 0.0 ], [ 107.013750000362379, -6.573190000418041, 0.0 ], [ 107.013360000363861, -6.573090000303097, 0.0 ], [ 107.013069999581006, -6.572959999704011, 0.0 ], [ 107.012770000135546, -6.572780000396552, 0.0 ], [ 107.012509999836823, -6.572600000189723, 0.0 ], [ 107.012340000091086, -6.572350000352092, 0.0 ], [ 107.012239999976231, -6.572159999684093, 0.0 ], [ 107.01221999995326, -6.571650000447029, 0.0 ], [ 107.012179999907232, -6.571200000379598, 0.0 ], [ 107.012104527901869, -6.570942137769311, 0.0 ], [ 107.012059999769306, -6.57079000035802, 0.0 ], [ 107.011840000415901, -6.57036000031356, 0.0 ], [ 107.011549999632962, -6.569999999899903, 0.0 ], [ 107.011119999588416, -6.569549999832471, 0.0 ], [ 107.010619999913246, -6.568950000042353, 0.0 ], [ 107.010310000006697, -6.568499999974833, 0.0 ], [ 107.010160000284003, -6.568089999953344, 0.0 ], [ 107.009980000077093, -6.567459999679084, 0.0 ], [ 107.009710000216486, -6.566690000143218, 0.0 ], [ 107.009570000055604, -6.566260000098758, 0.0 ], [ 107.009369999825807, -6.565870000100329, 0.0 ], [ 107.009059999919259, -6.565489999663612, 0.0 ], [ 107.008669999920741, -6.56501000001132, 0.0 ], [ 107.008319999968165, -6.564519999897946, 0.0 ], [ 107.008110000176572, -6.564100000314657, 0.0 ], [ 107.007959999554515, -6.563739999900911, 0.0 ], [ 107.007829999854792, -6.56306999958062, 0.0 ], [ 107.007700000155069, -6.562320000067814, 0.0 ], [ 107.007559999994186, -6.561849999977412, 0.0 ], [ 107.007370000225478, -6.561489999563666, 0.0 ], [ 107.007040000295959, -6.561080000441546, 0.0 ], [ 107.006470000090616, -6.560439999706027, 0.0 ], [ 107.006169999745865, -6.559980000076795, 0.0 ], [ 107.005959999954172, -6.559520000447474, 0.0 ], [ 107.005910000346432, -6.559140000010846, 0.0 ], [ 107.005928767398871, -6.558814699038997, 0.0 ], [ 107.005939999931201, -6.558620000312612, 0.0 ], [ 107.006049999607953, -6.558110000176178, 0.0 ], [ 107.006160000184067, -6.557680000131807, 0.0 ], [ 107.006380000436835, -6.557109999926372, 0.0 ], [ 107.006800000020206, -6.556200000229708, 0.0 ], [ 107.007000000250017, -6.555710000116246, 0.0 ], [ 107.007049999857756, -6.555420000232672, 0.0 ], [ 107.007069999880727, -6.555110000326039, 0.0 ], [ 107.007069999880727, -6.55472999988941, 0.0 ], [ 107.00706000031893, -6.554119999638122, 0.0 ], [ 107.007029999834785, -6.553279999572172, 0.0 ], [ 107.007069999880727, -6.552389999898391, 0.0 ], [ 107.007062236033562, -6.552180379620633, 0.0 ], [ 107.00706000031893, -6.552120000037789, 0.0 ], [ 107.006900000135062, -6.55216000008382, 0.0 ], [ 107.006659999859238, -6.552280000221646, 0.0 ], [ 107.006430000044674, -6.552380000336591, 0.0 ], [ 107.005939999931201, -6.552550000082249, 0.0 ], [ 107.005770000185549, -6.552679999782054, 0.0 ], [ 107.005750000162578, -6.552810000381051, 0.0 ], [ 107.005759999724376, -6.553120000287596, 0.0 ], [ 107.005830000254463, -6.5534500002172, 0.0 ], [ 107.005799999770403, -6.553639999985919, 0.0 ], [ 107.005719999678433, -6.553840000215718, 0.0 ], [ 107.005589999978625, -6.554190000168205, 0.0 ], [ 107.005300000095048, -6.554839999566155, 0.0 ], [ 107.005179999957221, -6.555010000211183, 0.0 ], [ 107.00501000021157, -6.555190000418012, 0.0 ], [ 107.004809999981688, -6.555289999633587, 0.0 ], [ 107.004580000167024, -6.555360000163759, 0.0 ], [ 107.004310000306418, -6.555440000255643, 0.0 ], [ 107.004159999684447, -6.555500000324557, 0.0 ], [ 107.004050000007709, -6.555600000439501, 0.0 ], [ 107.003909999846726, -6.555759999724078, 0.0 ], [ 107.003800000170074, -6.555919999907935, 0.0 ], [ 107.003720000078104, -6.556049999607652, 0.0 ], [ 107.003619999963149, -6.55622999981448, 0.0 ], [ 107.003559999894236, -6.556490000113193, 0.0 ], [ 107.003519999848294, -6.556759999973885, 0.0 ], [ 107.003479999802352, -6.557190000018345, 0.0 ], [ 107.003450000217498, -6.55749999992489, 0.0 ], [ 107.003390000148585, -6.557680000131807, 0.0 ], [ 107.003290000033644, -6.55774000020072, 0.0 ], [ 107.003209999941674, -6.55772999973955, 0.0 ], [ 107.003080000241951, -6.557709999716579, 0.0 ], [ 107.002969999665922, -6.557669999670548, 0.0 ], [ 107.002850000427372, -6.557620000062805, 0.0 ], [ 107.002650000197576, -6.557559999993803, 0.0 ], [ 107.002539999621462, -6.557519999947861, 0.0 ], [ 107.002460000428869, -6.557539999970832, 0.0 ], [ 107.002340000290943, -6.557640000085776, 0.0 ], [ 107.002109999577002, -6.557680000131807, 0.0 ], [ 107.001779999647482, -6.557689999693608, 0.0 ], [ 107.001480000202022, -6.557709999716579, 0.0 ], [ 107.001090000203504, -6.557709999716579, 0.0 ], [ 107.000620000113102, -6.557689999693608, 0.0 ], [ 107.000419999883306, -6.557569999555692, 0.0 ], [ 106.999989999838846, -6.557559999993803, 0.0 ], [ 106.999889999723905, -6.557580000016774, 0.0 ], [ 106.999670000370415, -6.557609999601635, 0.0 ], [ 106.999519999748358, -6.557519999947861, 0.0 ], [ 106.999309999956751, -6.557470000340029, 0.0 ], [ 106.998899999935261, -6.557430000294087, 0.0 ], [ 106.99871000016654, -6.557399999810034, 0.0 ], [ 106.998440000305948, -6.557339999741032, 0.0 ], [ 106.998280000122094, -6.557250000087258, 0.0 ], [ 106.998070000330401, -6.557149999972314, 0.0 ], [ 106.997640000285941, -6.557049999857458, 0.0 ], [ 106.997319999918219, -6.556900000134771, 0.0 ], [ 106.997070000080583, -6.556670000320111, 0.0 ], [ 106.99686000028899, -6.556539999721025, 0.0 ], [ 106.996270000060676, -6.55622999981448, 0.0 ], [ 106.995909999646926, -6.556060000068822, 0.0 ], [ 106.995799999970188, -6.55599999999982, 0.0 ], [ 106.995439999556524, -6.55579999977002, 0.0 ], [ 106.995200000180063, -6.555639999586163, 0.0 ], [ 106.994819999743342, -6.555460000278615, 0.0 ], [ 106.99219387504742, -6.55426310785602, 0.0 ], [ 106.991090000403375, -6.553760000123745, 0.0 ], [ 106.990669999920712, -6.553379999687117, 0.0 ], [ 106.990440000106133, -6.553029999734541, 0.0 ], [ 106.990210000291398, -6.552610000151251, 0.0 ], [ 106.989849999877734, -6.55212999959959, 0.0 ], [ 106.989550000432359, -6.5517100000163, 0.0 ], [ 106.989239999626449, -6.551299999994811, 0.0 ], [ 106.988759999974235, -6.550840000365579, 0.0 ], [ 106.988389999998702, -6.550749999812435, 0.0 ], [ 106.988049999608009, -6.550749999812435, 0.0 ], [ 106.987320000118089, -6.550840000365579, 0.0 ], [ 106.987050000257483, -6.550939999581153, 0.0 ], [ 106.98699000018857, -6.55086000038855, 0.0 ], [ 106.986740000350849, -6.550809999881437, 0.0 ], [ 106.986430000444301, -6.550840000365579, 0.0 ], [ 106.986290000283503, -6.550840000365579, 0.0 ], [ 106.986179999707389, -6.550780000296665, 0.0 ], [ 106.986070000030651, -6.550589999628667, 0.0 ], [ 106.986000000399841, -6.550410000321119, 0.0 ], [ 106.985940000330928, -6.550319999768064, 0.0 ], [ 106.985820000193016, -6.549920000207656, 0.0 ], [ 106.985709999616986, -6.549459999679055, 0.0 ], [ 106.985789999708871, -6.548939999980821, 0.0 ], [ 106.985889999823826, -6.548329999729532, 0.0 ], [ 106.986059999569477, -6.547749999962384, 0.0 ], [ 106.986059999569477, -6.547270000310093, 0.0 ], [ 106.985929999869768, -6.546680000081775, 0.0 ], [ 106.98565000044735, -6.545730000339081, 0.0 ], [ 106.985510000286467, -6.545039999995819, 0.0 ], [ 106.985430000194498, -6.544079999792043, 0.0 ], [ 106.985590000378437, -6.543439999955893, 0.0 ], [ 106.985630000424379, -6.543110000026289, 0.0 ], [ 106.985709999616986, -6.543049999957375, 0.0 ], [ 106.98572000007816, -6.542889999773518, 0.0 ], [ 106.985740000101131, -6.542709999566689, 0.0 ], [ 106.985749999662929, -6.542550000282112, 0.0 ], [ 106.985760000124102, -6.542330000029342, 0.0 ], [ 106.985809999731842, -6.54208000019171, 0.0 ], [ 106.985940000330928, -6.541509999986364, 0.0 ], [ 106.986219999753331, -6.541050000357043, 0.0 ], [ 106.986330000329446, -6.540870000150214, 0.0 ], [ 106.9866310987464, -6.540406144228008, 0.0 ], [ 106.986700000304907, -6.540299999944867, 0.0 ], [ 106.9869100000966, -6.539990000038323, 0.0 ], [ 106.98699000018857, -6.539820000292575, 0.0 ], [ 106.987059999819365, -6.539580000016834, 0.0 ], [ 106.987099999865308, -6.539020000272657, 0.0 ], [ 106.987099999865308, -6.538519999698025, 0.0 ], [ 106.987110000326396, -6.537489999863446, 0.0 ], [ 106.987170000395395, -6.537110000326098, 0.0 ], [ 106.987246199053004, -6.53684330277601, 0.0 ], [ 106.987249999588002, -6.536830000004326, 0.0 ], [ 106.987269999610973, -6.536740000350552, 0.0 ], [ 106.987540000370856, -6.536620000212636, 0.0 ], [ 106.987699999655433, -6.536509999636611, 0.0 ], [ 106.988129999699893, -6.536139999661064, 0.0 ], [ 106.988289999883747, -6.536059999569179, 0.0 ], [ 106.988920000158004, -6.536070000030261, 0.0 ], [ 106.989179999557535, -6.536090000053321, 0.0 ], [ 106.989359999764361, -6.536119999638093, 0.0 ], [ 106.989609999601996, -6.536119999638093, 0.0 ], [ 106.98970000015504, -6.536110000076292, 0.0 ], [ 106.989940000430877, -6.535880000261631, 0.0 ], [ 106.990010000061588, -6.535809999731548, 0.0 ], [ 106.990159999784368, -6.535700000054803, 0.0 ], [ 106.990489999713887, -6.535669999570661, 0.0 ], [ 106.990810000081595, -6.535559999893916, 0.0 ], [ 106.991079999942201, -6.535450000217171, 0.0 ], [ 106.991169999595968, -6.535410000171229, 0.0 ], [ 106.991730000239528, -6.535160000333597, 0.0 ], [ 106.991899999985179, -6.53500000014974, 0.0 ], [ 106.991980000077064, -6.534859999988853, 0.0 ], [ 106.991980000077064, -6.534710000266166, 0.0 ], [ 106.991980000077064, -6.534369999875391, 0.0 ], [ 106.991980000077064, -6.534229999714594, 0.0 ], [ 106.992040000146062, -6.534050000407046, 0.0 ], [ 106.992060000169033, -6.533990000338044, 0.0 ], [ 106.992160000283974, -6.533589999878444, 0.0 ], [ 106.992249999937755, -6.533230000364068, 0.0 ], [ 106.992289999983697, -6.533150000272183, 0.0 ], [ 106.992690000443389, -6.532120000437516, 0.0 ], [ 106.992880000212011, -6.531550000232169, 0.0 ], [ 106.9932900002335, -6.530150000421955, 0.0 ], [ 106.994019999723335, -6.528709999666606, 0.0 ], [ 106.994289999584026, -6.528200000429543, 0.0 ], [ 106.994309999606998, -6.527089999603621, 0.0 ], [ 106.994280000022144, -6.52664999999736, 0.0 ], [ 106.994239999976202, -6.52597999967707, 0.0 ], [ 106.994269999561055, -6.525620000162693, 0.0 ], [ 106.994329999629969, -6.525430000394064, 0.0 ], [ 106.994580000366881, -6.524570000305143, 0.0 ], [ 106.994750000112631, -6.524169999845455, 0.0 ], [ 106.995089999603948, -6.523400000309589, 0.0 ], [ 106.995140000111064, -6.523050000357014, 0.0 ], [ 106.995100000065122, -6.522739999551188, 0.0 ], [ 106.995089999603948, -6.522640000335613, 0.0 ], [ 106.995089999603948, -6.522540000220669, 0.0 ], [ 106.995080000042151, -6.522469999690585, 0.0 ], [ 106.995069999580977, -6.52234999955267, 0.0 ], [ 106.995309999856801, -6.52236999957573, 0.0 ], [ 106.996020000222956, -6.522380000036812, 0.0 ], [ 106.996370000175531, -6.522449999667614, 0.0 ], [ 106.996620000013166, -6.5225800002667, 0.0 ], [ 106.996900000334932, -6.522770000035329, 0.0 ], [ 106.997090000103555, -6.523070000380073, 0.0 ], [ 106.997210000241481, -6.523500000424534, 0.0 ], [ 106.99733999994119, -6.523929999569624, 0.0 ], [ 106.997449999617942, -6.524269999960399, 0.0 ], [ 106.997689999893765, -6.524780000096744, 0.0 ], [ 106.99822000005318, -6.525279999772007, 0.0 ], [ 106.998309999706947, -6.525319999817949, 0.0 ], [ 106.998549999982686, -6.52578999990844, 0.0 ], [ 106.998630000074655, -6.526079999792014, 0.0 ], [ 106.998699999705465, -6.52619999992984, 0.0 ], [ 106.998890000373379, -6.526360000113787, 0.0 ], [ 106.99912999974984, -6.526529999859445, 0.0 ], [ 106.999180000256956, -6.526859999788961, 0.0 ], [ 106.999260000348926, -6.527049999557679, 0.0 ], [ 106.999329999979722, -6.527129999649652, 0.0 ], [ 106.999619999863299, -6.527229999764508, 0.0 ], [ 106.999889999723905, -6.527329999879452, 0.0 ], [ 106.999989999838846, -6.527340000340622, 0.0 ], [ 107.000170000045586, -6.527360000363593, 0.0 ], [ 107.000299999745394, -6.527369999925394, 0.0 ], [ 107.000729999789854, -6.527320000317651, 0.0 ], [ 107.000809999881739, -6.527320000317651, 0.0 ], [ 107.000880000411911, -6.527369999925394, 0.0 ], [ 107.000950000042621, -6.527650000247167, 0.0 ], [ 107.000970000065678, -6.527960000153712, 0.0 ], [ 107.000939999581448, -6.528080000291627, 0.0 ], [ 107.000809999881739, -6.528169999945401, 0.0 ], [ 107.000680000182015, -6.528259999599086, 0.0 ], [ 107.000640000136073, -6.528330000129259, 0.0 ], [ 107.000669999720941, -6.528399999760062, 0.0 ], [ 107.000889999973708, -6.528519999897888, 0.0 ], [ 107.001329999579966, -6.52855999994383, 0.0 ], [ 107.001480000202022, -6.528570000405001, 0.0 ], [ 107.001799999670453, -6.528680000081746, 0.0 ], [ 107.002010000361423, -6.528860000288574, 0.0 ], [ 107.002129999599973, -6.529030000034322, 0.0 ], [ 107.002209999691857, -6.529179999757009, 0.0 ], [ 107.002300000245, -6.529259999848893, 0.0 ], [ 107.002490000013637, -6.529310000356094, 0.0 ] ] ] ] } },
{ "type": "Feature", "properties": { "PROVNO": "32", "KABKOTNO": "01", "KECNO": "170", "DESANO": "002", "PROVINSI": "JAWA BARAT", "KABKOT": "BOGOR", "KECAMATAN": "JONGGOL", "ID2013": "3201170002", "DESA": "SUKANEGARA", "DESA_1": "SUKANEGARA", "ID2012": "3201170002", "IDKAB2": "3201", "IDKEC_2": "3201170", "WILAYAH": "TIMUR" }, "geometry": { "type": "MultiPolygon", "coordinates": [ [ [ [ 107.063910000446384, -6.507470000439977, 0.0 ], [ 107.062711313876193, -6.509043848194853, 0.0 ], [ 107.062600000289933, -6.509189999718537, 0.0 ], [ 107.062079999692429, -6.509810000430996, 0.0 ], [ 107.06145000031745, -6.510550000382089, 0.0 ], [ 107.061263432361699, -6.510748109337641, 0.0 ], [ 107.061119523747237, -6.510900919441767, 0.0 ], [ 107.060479999652415, -6.511580000216668, 0.0 ], [ 107.06002999958497, -6.512150000422015, 0.0 ], [ 107.059600612878171, -6.512393970305332, 0.0 ], [ 107.059589999978712, -6.512400000259646, 0.0 ], [ 107.058749999912678, -6.512590000028275, 0.0 ], [ 107.05809999961545, -6.512659999659078, 0.0 ], [ 107.057519999848296, -6.512960000003822, 0.0 ], [ 107.05702000017304, -6.513459999679085, 0.0 ], [ 107.056910371016968, -6.513679257991214, 0.0 ], [ 107.056719999828289, -6.514060000368573, 0.0 ], [ 107.056499999575522, -6.514880000411551, 0.0 ], [ 107.056340000290945, -6.51569999955516, 0.0 ], [ 107.05630876413835, -6.515909975964487, 0.0 ], [ 107.05616000008412, -6.516909999596656, 0.0 ], [ 107.055939999831338, -6.517669999570632, 0.0 ], [ 107.055589999878777, -6.518460000028838, 0.0 ], [ 107.055290000433303, -6.518859999589157, 0.0 ], [ 107.054700000204988, -6.519289999633617, 0.0 ], [ 107.054000000299922, -6.519630000024303, 0.0 ], [ 107.053409663725191, -6.519883000899576, 0.0 ], [ 107.053229999864783, -6.519959999953908, 0.0 ], [ 107.052630000074572, -6.520220000252621, 0.0 ], [ 107.052280000122082, -6.520439999606111, 0.0 ], [ 107.052010000261475, -6.520770000434997, 0.0 ], [ 107.051669999870796, -6.521410000271146, 0.0 ], [ 107.05161880956058, -6.521527736815393, 0.0 ], [ 107.051469999641, -6.521869999900378, 0.0 ], [ 107.051270000310481, -6.522139999760981, 0.0 ], [ 107.0504599998293, -6.522649999897414, 0.0 ], [ 107.049539999671467, -6.523180000056819, 0.0 ], [ 107.049092223627397, -6.523344699198343, 0.0 ], [ 107.048776851170985, -6.523460698252439, 0.0 ], [ 107.04867000002065, -6.523500000424534, 0.0 ], [ 107.047930000069655, -6.523810000331078, 0.0 ], [ 107.047290000233502, -6.524189999868426, 0.0 ], [ 107.046800000120044, -6.524550000282172, 0.0 ], [ 107.046470000190524, -6.524860000188717, 0.0 ], [ 107.046277048846918, -6.525065399048771, 0.0 ], [ 107.046160000283976, -6.525190000118233, 0.0 ], [ 107.045739999801327, -6.525390000348033, 0.0 ], [ 107.045269999710911, -6.525399999909922, 0.0 ], [ 107.044299999945252, -6.525250000187235, 0.0 ], [ 107.043720000178013, -6.52492000025763, 0.0 ], [ 107.043556602355451, -6.524839520827044, 0.0 ], [ 107.043049999857814, -6.524590000328114, 0.0 ], [ 107.042539999721384, -6.524390000098226, 0.0 ], [ 107.042279538070375, -6.52433152887685, 0.0 ], [ 107.042049999608011, -6.52428000042157, 0.0 ], [ 107.041739999701377, -6.52428000042157, 0.0 ], [ 107.0414499998178, -6.524390000098226, 0.0 ], [ 107.041190000418368, -6.524659999958917, 0.0 ], [ 107.040990000188486, -6.525009999911404, 0.0 ], [ 107.040809999981647, -6.525500000024778, 0.0 ], [ 107.040660000258967, -6.526110000276066, 0.0 ], [ 107.04050999963691, -6.526460000228642, 0.0 ], [ 107.040399999960158, -6.526690000043303, 0.0 ], [ 107.040130000099651, -6.52683999976599, 0.0 ], [ 107.039490000263498, -6.527080000041821, 0.0 ], [ 107.039160000333894, -6.527369999925394, 0.0 ], [ 107.038880000012213, -6.527730000339051, 0.0 ], [ 107.03871999982826, -6.528000000199743, 0.0 ], [ 107.038590000128551, -6.528239999576115, 0.0 ], [ 107.037990000338425, -6.528660000058775, 0.0 ], [ 107.037620000362878, -6.528989999988379, 0.0 ], [ 107.03729999999517, -6.529359999963837, 0.0 ], [ 107.037090000203563, -6.529749999962355, 0.0 ], [ 107.036999999650419, -6.530209999591676, 0.0 ], [ 107.036930000019623, -6.530560000443533, 0.0 ], [ 107.036820000342871, -6.530859999888907, 0.0 ], [ 107.036430000344438, -6.531350000002369, 0.0 ], [ 107.035920000208009, -6.531880000161685, 0.0 ], [ 107.035320000417897, -6.532589999628637, 0.0 ], [ 107.035216135916102, -6.532920475299555, 0.0 ], [ 107.035209999841783, -6.532939999581213, 0.0 ], [ 107.035209999841783, -6.533389999648556, 0.0 ], [ 107.035320927618869, -6.534332886653296, 0.0 ], [ 107.035329999979695, -6.534409999921422, 0.0 ], [ 107.035329999979695, -6.534900000034796, 0.0 ], [ 107.035289999933752, -6.535290000033314, 0.0 ], [ 107.035109999726927, -6.535800000169747, 0.0 ], [ 107.034850000327395, -6.536119999638093, 0.0 ], [ 107.034619432141255, -6.536422620607354, 0.0 ], [ 107.034529999959688, -6.536540000120752, 0.0 ], [ 107.034349999752862, -6.53693000011927, 0.0 ], [ 107.034349999752862, -6.537389999748502, 0.0 ], [ 107.034469999890774, -6.537870000300163, 0.0 ], [ 107.034610000051657, -6.538389999998309, 0.0 ], [ 107.034699999705438, -6.538820000042769, 0.0 ], [ 107.03475000021254, -6.539370000225144, 0.0 ], [ 107.03475000021254, -6.539829999854465, 0.0 ], [ 107.034679999682368, -6.540349999552699, 0.0 ], [ 107.03457000000563, -6.540899999734986, 0.0 ], [ 107.034429999844832, -6.541340000240705, 0.0 ], [ 107.034229999614951, -6.541790000308048, 0.0 ], [ 107.033930000169562, -6.54226999996034, 0.0 ], [ 107.033620000263028, -6.542659999958857, 0.0 ], [ 107.033250000287481, -6.542869999750547, 0.0 ], [ 107.032769999735905, -6.543190000118262, 0.0 ], [ 107.032410000221532, -6.543629999724523, 0.0 ], [ 107.03186000003916, -6.544269999560672, 0.0 ], [ 107.031610000201525, -6.544580000366587, 0.0 ], [ 107.031269999810831, -6.544719999628104, 0.0 ], [ 107.030890000273487, -6.544759999674135, 0.0 ], [ 107.03064999999765, -6.544819999743048, 0.0 ], [ 107.030071671170873, -6.544624257803058, 0.0 ], [ 107.029999999700422, -6.544600000389558, 0.0 ], [ 107.029330000279415, -6.544150000322038, 0.0 ], [ 107.02886999975081, -6.543709999816496, 0.0 ], [ 107.028399999660408, -6.543390000348062, 0.0 ], [ 107.027730000239487, -6.542969999865402, 0.0 ], [ 107.027110000426404, -6.542619999912915, 0.0 ], [ 107.02660000028996, -6.542450000167168, 0.0 ], [ 107.026110000176502, -6.542169999845484, 0.0 ], [ 107.025729294671436, -6.541865436340668, 0.0 ], [ 107.025259999649478, -6.541489999963304, 0.0 ], [ 107.02488000011212, -6.540939999781017, 0.0 ], [ 107.024249999837778, -6.54013999976101, 0.0 ], [ 107.023759999724405, -6.539450000317117, 0.0 ], [ 107.023090000303483, -6.538679999881971, 0.0 ], [ 107.022600000190025, -6.538180000206708, 0.0 ], [ 107.021909999846756, -6.537839999815933, 0.0 ], [ 107.021100000264951, -6.537580000416501, 0.0 ], [ 107.020400000359885, -6.537469999840475, 0.0 ], [ 107.020200000130089, -6.537099999864928, 0.0 ], [ 107.020019999923264, -6.536649999797497, 0.0 ], [ 107.019620000362949, -6.535579999916887, 0.0 ], [ 107.019400000110082, -6.535290000033314, 0.0 ], [ 107.019170038966266, -6.535086573386497, 0.0 ], [ 107.019139999811372, -6.535060000218653, 0.0 ], [ 107.018740000250958, -6.534830000404082, 0.0 ], [ 107.018319999768295, -6.534699999804996, 0.0 ], [ 107.017459999679474, -6.534469999990336, 0.0 ], [ 107.01708000014203, -6.534329999829449, 0.0 ], [ 107.016839999866292, -6.534189999668563, 0.0 ], [ 107.016650000097655, -6.533999999899933, 0.0 ], [ 107.015270000310508, -6.533440000155757, 0.0 ], [ 107.014060000268927, -6.533230000364068, 0.0 ], [ 107.012690000043662, -6.533039999696069, 0.0 ], [ 107.012047660171518, -6.532978145225101, 0.0 ], [ 107.011339999841283, -6.532909999996352, 0.0 ], [ 107.010260000398858, -6.532889999973381, 0.0 ], [ 107.009149999572941, -6.532919999558153, 0.0 ], [ 107.007680000132098, -6.533110000226152, 0.0 ], [ 107.007653281274045, -6.533111335719379, 0.0 ], [ 107.006479999652413, -6.533170000295154, 0.0 ], [ 107.005739999701404, -6.533050000157239, 0.0 ], [ 107.004939999681397, -6.53284000036555, 0.0 ], [ 107.003829999754842, -6.532589999628637, 0.0 ], [ 107.002900000035126, -6.53245000036712, 0.0 ], [ 107.002579999667404, -6.532350000252176, 0.0 ], [ 107.002280000222029, -6.532100000414545, 0.0 ], [ 107.002169999645915, -6.531920000207627, 0.0 ], [ 107.002169999645915, -6.531350000002369, 0.0 ], [ 107.002196123152743, -6.531158430017427, 0.0 ], [ 107.002320000267972, -6.530249999637618, 0.0 ], [ 107.002490000013637, -6.529310000356094, 0.0 ], [ 107.002610000151549, -6.529270000310063, 0.0 ], [ 107.002790000358374, -6.529150000172237, 0.0 ], [ 107.002900000035126, -6.52900000044955, 0.0 ], [ 107.003000000150067, -6.52855000038203, 0.0 ], [ 107.003040000196009, -6.528470000290056, 0.0 ], [ 107.003109999826819, -6.528410000221143, 0.0 ], [ 107.003240000425905, -6.528419999783033, 0.0 ], [ 107.003410000171556, -6.528499999874917, 0.0 ], [ 107.00357000035541, -6.528609999551662, 0.0 ], [ 107.003880000261958, -6.528680000081746, 0.0 ], [ 107.003980000376899, -6.528629999574633, 0.0 ], [ 107.004050000007709, -6.528539999920859, 0.0 ], [ 107.004059999569506, -6.528189999968372, 0.0 ], [ 107.004040000445812, -6.528000000199743, 0.0 ], [ 107.004029999984738, -6.527799999969854, 0.0 ], [ 107.004049505380522, -6.527741483782314, 0.0 ], [ 107.004079999592477, -6.527650000247167, 0.0 ], [ 107.004310000306418, -6.52749999962511, 0.0 ], [ 107.004580000167024, -6.527389999948365, 0.0 ], [ 107.004870000050602, -6.527080000041821, 0.0 ], [ 107.005170000395339, -6.526629999974389, 0.0 ], [ 107.005309999656944, -6.5264200001827, 0.0 ], [ 107.005580000416828, -6.5262199999529, 0.0 ], [ 107.00591999990823, -6.526059999769043, 0.0 ], [ 107.006100000115154, -6.52599000013824, 0.0 ], [ 107.00620000023001, -6.525890000023296, 0.0 ], [ 107.00630000034495, -6.525390000348033, 0.0 ], [ 107.006470000090616, -6.52492000025763, 0.0 ], [ 107.006610000251499, -6.524450000167228, 0.0 ], [ 107.006659999859238, -6.524300000444541, 0.0 ], [ 107.006750000412381, -6.524220000352567, 0.0 ], [ 107.007869999900734, -6.524160000283654, 0.0 ], [ 107.007929999969647, -6.524160000283654, 0.0 ], [ 107.00807000013063, -6.524080000191681, 0.0 ], [ 107.008110000176572, -6.523969999615655, 0.0 ], [ 107.00807000013063, -6.523810000331078, 0.0 ], [ 107.007999999600457, -6.523520000447505, 0.0 ], [ 107.008079999692427, -6.523300000194734, 0.0 ], [ 107.008230000314398, -6.522930000219187, 0.0 ], [ 107.008330000429339, -6.522669999920385, 0.0 ], [ 107.008489999713916, -6.522480000151756, 0.0 ], [ 107.008620000312902, -6.522429999644643, 0.0 ], [ 107.008859999689463, -6.52234999955267, 0.0 ], [ 107.008910000196479, -6.522239999875925, 0.0 ], [ 107.008890000173508, -6.522079999692068, 0.0 ], [ 107.008790000058653, -6.521869999900378, 0.0 ], [ 107.008660000358944, -6.521580000016893, 0.0 ], [ 107.008709999966683, -6.52147999990186, 0.0 ], [ 107.008850000127566, -6.521379999787005, 0.0 ], [ 107.008990000288463, -6.521370000225115, 0.0 ], [ 107.0091600000342, -6.521430000294117, 0.0 ], [ 107.009619999663443, -6.521580000016893, 0.0 ], [ 107.009879999962237, -6.521559999993833, 0.0 ], [ 107.010020000123035, -6.52147999990186, 0.0 ], [ 107.01006999973086, -6.521359999764034, 0.0 ], [ 107.010080000192033, -6.521100000364601, 0.0 ], [ 107.010020000123035, -6.5208499996276, 0.0 ], [ 107.009770000285499, -6.51997000041499, 0.0 ], [ 107.00983999991621, -6.519959999953908, 0.0 ], [ 107.010049999707888, -6.519190000418043, 0.0 ], [ 107.010260000398858, -6.519210000441014, 0.0 ], [ 107.010430000144524, -6.519280000071817, 0.0 ], [ 107.010570000305407, -6.519440000255674, 0.0 ], [ 107.010760000074129, -6.519659999609164, 0.0 ], [ 107.010849999727895, -6.519670000070246, 0.0 ], [ 107.011199999680386, -6.519679999632135, 0.0 ], [ 107.011239999726428, -6.519799999769962, 0.0 ], [ 107.011379999887225, -6.520240000275592, 0.0 ], [ 107.011540000071165, -6.520430000044311, 0.0 ], [ 107.01172000027799, -6.520519999698084, 0.0 ], [ 107.011829999954742, -6.520510000136284, 0.0 ], [ 107.011950000092654, -6.520399999560169, 0.0 ], [ 107.012010000161567, -6.520220000252621, 0.0 ], [ 107.01213999986129, -6.519919999907966, 0.0 ], [ 107.01228999958397, -6.519799999769962, 0.0 ], [ 107.012480000251969, -6.519739999701049, 0.0 ], [ 107.01264999999772, -6.519779999746991, 0.0 ], [ 107.012819999743371, -6.519919999907966, 0.0 ], [ 107.013109999626948, -6.520249999837482, 0.0 ], [ 107.013220000203063, -6.520329999929366, 0.0 ], [ 107.013349999902772, -6.520309999906395, 0.0 ], [ 107.013459999579524, -6.520229999814511, 0.0 ], [ 107.013470000040599, -6.520140000160737, 0.0 ], [ 107.013420000432859, -6.519560000393501, 0.0 ], [ 107.01349000006357, -6.519509999886477, 0.0 ], [ 107.013630000224552, -6.519520000347558, 0.0 ], [ 107.013759999924176, -6.519600000439443, 0.0 ], [ 107.013860000039131, -6.519730000139248, 0.0 ], [ 107.013889999623984, -6.519879999861935, 0.0 ], [ 107.013909999646955, -6.520249999837482, 0.0 ], [ 107.014060000268927, -6.520309999906395, 0.0 ], [ 107.014279999622417, -6.520300000344594, 0.0 ], [ 107.014680000082109, -6.52020000022965, 0.0 ], [ 107.01488000031199, -6.520089999653536, 0.0 ], [ 107.01503000003467, -6.519919999907966, 0.0 ], [ 107.015190000218539, -6.519639999586193, 0.0 ], [ 107.015390000448335, -6.519289999633617, 0.0 ], [ 107.015600000240028, -6.519079999841928, 0.0 ], [ 107.015830000054592, -6.518950000142212, 0.0 ], [ 107.015999999800343, -6.518950000142212, 0.0 ], [ 107.016200000030139, -6.519030000234185, 0.0 ], [ 107.016570000005686, -6.519190000418043, 0.0 ], [ 107.01671999972838, -6.519130000349129, 0.0 ], [ 107.01679999982035, -6.519030000234185, 0.0 ], [ 107.016779999797379, -6.518930000119241, 0.0 ], [ 107.016670000120627, -6.518540000120723, 0.0 ], [ 107.016750000212511, -6.518370000375064, 0.0 ], [ 107.01693000041935, -6.517980000376546, 0.0 ], [ 107.017089999703927, -6.517519999847945, 0.0 ], [ 107.017140000211043, -6.5172099999414, 0.0 ], [ 107.01714999977284, -6.517009999711512, 0.0 ], [ 107.017209999841754, -6.516880000011795, 0.0 ], [ 107.01737999958749, -6.516710000266137, 0.0 ], [ 107.017519999748387, -6.516679999781996, 0.0 ], [ 107.01798999983879, -6.516599999690111, 0.0 ], [ 107.018179999607497, -6.516449999967424, 0.0 ], [ 107.018370000275496, -6.516209999691593, 0.0 ], [ 107.018560000044133, -6.515819999693075, 0.0 ], [ 107.018700000205015, -6.515589999878415, 0.0 ], [ 107.018840000365913, -6.515520000247612, 0.0 ], [ 107.019019999673446, -6.515520000247612, 0.0 ], [ 107.019270000410359, -6.515529999809502, 0.0 ], [ 107.019270000410359, -6.515460000178699, 0.0 ], [ 107.019190000318389, -6.515380000086815, 0.0 ], [ 107.018990000088593, -6.51527999997187, 0.0 ], [ 107.01851999999819, -6.515030000134239, 0.0 ], [ 107.01845000036738, -6.514880000411551, 0.0 ], [ 107.018479999952248, -6.514780000296607, 0.0 ], [ 107.018580000067104, -6.514649999697522, 0.0 ], [ 107.018729999789883, -6.514589999628608, 0.0 ], [ 107.01903000013462, -6.514580000066807, 0.0 ], [ 107.019409999671879, -6.514540000020776, 0.0 ], [ 107.019629999924746, -6.51441999988295, 0.0 ], [ 107.019779999647426, -6.514259999699092, 0.0 ], [ 107.019910000246512, -6.51400000029966, 0.0 ], [ 107.01993999983128, -6.5137800000468, 0.0 ], [ 107.019990000338396, -6.513359999564141, 0.0 ], [ 107.020129999600002, -6.513220000302624, 0.0 ], [ 107.020309999806841, -6.51312000018768, 0.0 ], [ 107.020900000035155, -6.51293000041905, 0.0 ], [ 107.021169999895761, -6.51291999995788, 0.0 ], [ 107.02159000037841, -6.512960000003822, 0.0 ], [ 107.021700000055162, -6.513089999703539, 0.0 ], [ 107.021720000078133, -6.513240000325595, 0.0 ], [ 107.021680000032191, -6.513390000048283, 0.0 ], [ 107.021599999940207, -6.513809999631661, 0.0 ], [ 107.021749999662902, -6.513940000230658, 0.0 ], [ 107.021960000353872, -6.514009999861461, 0.0 ], [ 107.022050000007653, -6.51398999983849, 0.0 ], [ 107.022050000007653, -6.513920000207687, 0.0 ], [ 107.02200999996171, -6.513730000438969, 0.0 ], [ 107.022119999638448, -6.513659999908885, 0.0 ], [ 107.022250000237449, -6.513650000347084, 0.0 ], [ 107.022480000052198, -6.513730000438969, 0.0 ], [ 107.022760000373879, -6.513809999631661, 0.0 ], [ 107.022839999566486, -6.513889999723546, 0.0 ], [ 107.023059999819338, -6.514069999930374, 0.0 ], [ 107.023360000164089, -6.514199999630179, 0.0 ], [ 107.023839999816289, -6.514410000321149, 0.0 ], [ 107.023839999816289, -6.514479999951863, 0.0 ], [ 107.023779999747376, -6.514820000342549, 0.0 ], [ 107.023890000323405, -6.514880000411551, 0.0 ], [ 107.024089999653924, -6.514900000434523, 0.0 ], [ 107.024450000067674, -6.514950000042266, 0.0 ], [ 107.02465000029747, -6.514990000088297, 0.0 ], [ 107.024789999558976, -6.514909999996323, 0.0 ], [ 107.024840000066177, -6.514800000319578, 0.0 ], [ 107.02488000011212, -6.514379999837008, 0.0 ], [ 107.025000000249946, -6.514239999676121, 0.0 ], [ 107.025279999672449, -6.51400000029966, 0.0 ], [ 107.025439999856303, -6.51398999983849, 0.0 ], [ 107.025530000409361, -6.514089999953434, 0.0 ], [ 107.025569999556012, -6.514259999699092, 0.0 ], [ 107.025669999670967, -6.514499999974834, 0.0 ], [ 107.025800000269953, -6.514589999628608, 0.0 ], [ 107.026039999646429, -6.514640000135721, 0.0 ], [ 107.026062012352128, -6.514640646748262, 0.0 ], [ 107.026380000037108, -6.514649999697522, 0.0 ], [ 107.026779999597423, -6.514589999628608, 0.0 ], [ 107.026850000127595, -6.514499999974834, 0.0 ], [ 107.026779999597423, -6.514399999859979, 0.0 ], [ 107.026609999851857, -6.514239999676121, 0.0 ], [ 107.026509999736817, -6.514049999907403, 0.0 ], [ 107.026620000312931, -6.514040000345602, 0.0 ], [ 107.026870000150566, -6.514150000022347, 0.0 ], [ 107.027420000332938, -6.514370000275118, 0.0 ], [ 107.02757999961743, -6.514330000229176, 0.0 ], [ 107.027639999686443, -6.514239999676121, 0.0 ], [ 107.027610000101575, -6.514120000437487, 0.0 ], [ 107.027480000401852, -6.513940000230658, 0.0 ], [ 107.027349999802865, -6.513860000138685, 0.0 ], [ 107.026870000150566, -6.513710000415998, 0.0 ], [ 107.02660000028996, -6.513590000278171, 0.0 ], [ 107.026549999782858, -6.513479999702056, 0.0 ], [ 107.026560000244018, -6.513329999979369, 0.0 ], [ 107.026580000266989, -6.513249999887396, 0.0 ], [ 107.026649999897799, -6.513049999657596, 0.0 ], [ 107.026779999597423, -6.512879999911849, 0.0 ], [ 107.026939999781376, -6.512790000258164, 0.0 ], [ 107.027220000103142, -6.512739999751052, 0.0 ], [ 107.027340000240969, -6.512670000120249, 0.0 ], [ 107.027389999848808, -6.512520000397561, 0.0 ], [ 107.027389999848808, -6.51226000009876, 0.0 ], [ 107.027440000355909, -6.512110000376072, 0.0 ], [ 107.027509999986719, -6.512030000284099, 0.0 ], [ 107.027630000124546, -6.512030000284099, 0.0 ], [ 107.027830000354442, -6.512090000353012, 0.0 ], [ 107.028000000100093, -6.512220000052817, 0.0 ], [ 107.028080000191977, -6.512380000236675, 0.0 ], [ 107.028069999730889, -6.512549999982333, 0.0 ], [ 107.028080000191977, -6.512799999819965, 0.0 ], [ 107.028200000329974, -6.512859999888878, 0.0 ], [ 107.02843999970635, -6.512859999888878, 0.0 ], [ 107.028709999567042, -6.512939999980851, 0.0 ], [ 107.028960000303954, -6.513060000118767, 0.0 ], [ 107.029680000231991, -6.513479999702056, 0.0 ], [ 107.030019999723393, -6.513570000255111, 0.0 ], [ 107.030219999953204, -6.513570000255111, 0.0 ], [ 107.030340000091115, -6.513570000255111, 0.0 ], [ 107.030640000435852, -6.513590000278171, 0.0 ], [ 107.031260000249034, -6.513730000438969, 0.0 ], [ 107.031539999671438, -6.5137800000468, 0.0 ], [ 107.031630000224496, -6.513690000393026, 0.0 ], [ 107.03192999966987, -6.513329999979369, 0.0 ], [ 107.032350000152618, -6.513100000164709, 0.0 ], [ 107.032669999620964, -6.512969999565623, 0.0 ], [ 107.032860000288963, -6.512980000026793, 0.0 ], [ 107.033079999642453, -6.513080000141738, 0.0 ], [ 107.033819999593547, -6.513490000163227, 0.0 ], [ 107.034039999846314, -6.513510000186198, 0.0 ], [ 107.034170000445314, -6.513470000140256, 0.0 ], [ 107.034172117449401, -6.513479237076982, 0.0 ], [ 107.034280000122052, -6.513949999792459, 0.0 ], [ 107.034400000259978, -6.51441999988295, 0.0 ], [ 107.034449999867803, -6.514749999812466, 0.0 ], [ 107.03452000039789, -6.515099999765042, 0.0 ], [ 107.034590000028601, -6.515320000017812, 0.0 ], [ 107.034679999682368, -6.51548000020167, 0.0 ], [ 107.034850000327395, -6.515719999578131, 0.0 ], [ 107.035260000348899, -6.516059999968906, 0.0 ], [ 107.03594000023098, -6.516479999552196, 0.0 ], [ 107.036549999582988, -6.516940000080709, 0.0 ], [ 107.036889999973681, -6.517189999918429, 0.0 ], [ 107.03723000036436, -6.517319999618145, 0.0 ], [ 107.037689999993688, -6.517479999802003, 0.0 ], [ 107.037861569955652, -6.517479999802003, 0.0 ], [ 107.038129999599946, -6.517479999802003, 0.0 ], [ 107.03857000010558, -6.517450000217231, 0.0 ], [ 107.038850000427345, -6.517450000217231, 0.0 ], [ 107.039166532109988, -6.517526734870795, 0.0 ], [ 107.039180000356865, -6.517530000309115, 0.0 ], [ 107.039439999756382, -6.51763999998586, 0.0 ], [ 107.03972999963996, -6.517920000307544, 0.0 ], [ 107.039949999892727, -6.518040000445549, 0.0 ], [ 107.040050000007682, -6.518040000445549, 0.0 ], [ 107.040279999822332, -6.517969999915376, 0.0 ], [ 107.040339999891245, -6.517880000261602, 0.0 ], [ 107.040600000190054, -6.517559999893976, 0.0 ], [ 107.040609999751851, -6.5172099999414, 0.0 ], [ 107.040609999751851, -6.517120000287626, 0.0 ], [ 107.040729999889763, -6.517009999711512, 0.0 ], [ 107.040850000027689, -6.516989999688541, 0.0 ], [ 107.040990000188486, -6.517029999734483, 0.0 ], [ 107.041269999610975, -6.517120000287626, 0.0 ], [ 107.041670000070567, -6.517080000241684, 0.0 ], [ 107.042229999814836, -6.517169999895458, 0.0 ], [ 107.042639999836325, -6.517100000264655, 0.0 ], [ 107.042849999627919, -6.517040000195653, 0.0 ], [ 107.043020000272946, -6.517100000264655, 0.0 ], [ 107.043600000040186, -6.51739999971003, 0.0 ], [ 107.044050000107532, -6.517450000217231, 0.0 ], [ 107.044320788673673, -6.517531236876852, 0.0 ], [ 107.044349999552992, -6.517539999871005, 0.0 ], [ 107.044850000127539, -6.517689999593603, 0.0 ], [ 107.045030000334364, -6.517579999916947, 0.0 ], [ 107.045220000103086, -6.517390000148229, 0.0 ], [ 107.045289999733882, -6.517240000425542, 0.0 ], [ 107.045322571379714, -6.51709468077474, 0.0 ], [ 107.045420000332882, -6.516659999759025, 0.0 ], [ 107.045579999617459, -6.516570000105251, 0.0 ], [ 107.0458100003314, -6.516499999575167, 0.0 ], [ 107.046419999683408, -6.516440000405535, 0.0 ], [ 107.04645999972935, -6.516369999875451, 0.0 ], [ 107.046570000305465, -6.516120000037819, 0.0 ], [ 107.046709999566986, -6.516209999691593, 0.0 ], [ 107.046909999796782, -6.516300000244648, 0.0 ], [ 107.046960000303983, -6.516260000198706, 0.0 ], [ 107.047049999957764, -6.516180000106733, 0.0 ], [ 107.047279999772329, -6.51591999980802, 0.0 ], [ 107.047339999841341, -6.515669999970388, 0.0 ], [ 107.047509999586993, -6.515509999786531, 0.0 ], [ 107.047709999816789, -6.515290000433041, 0.0 ], [ 107.047800000369847, -6.515219999902868, 0.0 ], [ 107.047903746161097, -6.515169279938196, 0.0 ], [ 107.048250000437363, -6.514999999650097, 0.0 ], [ 107.048489999813825, -6.514729999789495, 0.0 ], [ 107.04862000041291, -6.514490000413033, 0.0 ], [ 107.048819999743344, -6.514109999976405, 0.0 ], [ 107.049100000065124, -6.51400000029966, 0.0 ], [ 107.050180000406812, -6.513599999839972, 0.0 ], [ 107.050370419259579, -6.513468519856094, 0.0 ], [ 107.050599999990183, -6.513309999956398, 0.0 ], [ 107.051050000057614, -6.513109999726598, 0.0 ], [ 107.051290000333452, -6.512890000373019, 0.0 ], [ 107.051500000125046, -6.512610000051335, 0.0 ], [ 107.05168000033197, -6.512240000075789, 0.0 ], [ 107.051879999662489, -6.511970000215186, 0.0 ], [ 107.052010000261475, -6.511749999962415, 0.0 ], [ 107.052156700371583, -6.511505501277739, 0.0 ], [ 107.052220000053083, -6.511400000009839, 0.0 ], [ 107.052329999729835, -6.511350000402008, 0.0 ], [ 107.052500000374863, -6.511400000009839, 0.0 ], [ 107.052974995299934, -6.51157592358981, 0.0 ], [ 107.053040000096061, -6.511600000239639, 0.0 ], [ 107.053229999864783, -6.511480000101724, 0.0 ], [ 107.053390000048637, -6.511290000333094, 0.0 ], [ 107.053470000140607, -6.511110000126266, 0.0 ], [ 107.053670000370403, -6.51033000012923, 0.0 ], [ 107.053909999746878, -6.509960000153772, 0.0 ], [ 107.054210000091615, -6.509670000270109, 0.0 ], [ 107.054379999837266, -6.509579999717054, 0.0 ], [ 107.055440000156082, -6.509220000202678, 0.0 ], [ 107.055919999808367, -6.50926999981051, 0.0 ], [ 107.056180000107091, -6.50928000027168, 0.0 ], [ 107.056810000381432, -6.509200000179707, 0.0 ], [ 107.057140000310952, -6.509109999626652, 0.0 ], [ 107.057550000332441, -6.509180000156736, 0.0 ], [ 107.057760000124034, -6.509309999856452, 0.0 ], [ 107.057840000216018, -6.509439999556168, 0.0 ], [ 107.057969999915727, -6.509579999717054, 0.0 ], [ 107.058059999569508, -6.509599999740026, 0.0 ], [ 107.058230000214536, -6.509559999694083, 0.0 ], [ 107.058549999682882, -6.509409999971396, 0.0 ], [ 107.058830000004647, -6.509309999856452, 0.0 ], [ 107.059019999773369, -6.509309999856452, 0.0 ], [ 107.05940000020999, -6.509309999856452, 0.0 ], [ 107.059520000347916, -6.509229999764479, 0.0 ], [ 107.06002999958497, -6.508750000112187, 0.0 ], [ 107.060360000413866, -6.508500000274644, 0.0 ], [ 107.060650000297443, -6.508179999906929, 0.0 ], [ 107.060900000135064, -6.507829999954353, 0.0 ], [ 107.061069999880814, -6.507439999955835, 0.0 ], [ 107.061290000133582, -6.506980000326603, 0.0 ], [ 107.061381407226321, -6.506932120420874, 0.0 ], [ 107.061499999925189, -6.506869999750489, 0.0 ], [ 107.061800000269926, -6.506760000073744, 0.0 ], [ 107.062190000268444, -6.506729999589691, 0.0 ], [ 107.062429999644991, -6.506800000119775, 0.0 ], [ 107.062830000104597, -6.506960000303632, 0.0 ], [ 107.063369999825795, -6.507210000141264, 0.0 ], [ 107.063509999986692, -6.507279999772067, 0.0 ], [ 107.063910000446384, -6.507470000439977, 0.0 ] ] ] ] } },
{ "type": "Feature", "properties": { "PROVNO": "32", "KABKOTNO": "01", "KECNO": "170", "DESANO": "003", "PROVINSI": "JAWA BARAT", "KABKOT": "BOGOR", "KECAMATAN": "JONGGOL", "ID2013": "3201170003", "DESA": "CIBODAS", "DESA_1": "CIBODAS", "ID2012": "3201170003", "IDKAB2": "3201", "IDKEC_2": "3201170", "WILAYAH": "TIMUR" }, "geometry": { "type": "MultiPolygon", "coordinates": [ [ [ [ 107.046490000213495, -6.49233999969109, 0.0 ], [ 107.046439999706379, -6.492620000012863, 0.0 ], [ 107.046330000029641, -6.493010000011381, 0.0 ], [ 107.046313106265032, -6.493104604193913, 0.0 ], [ 107.046229999914686, -6.493569999755557, 0.0 ], [ 107.046189999868744, -6.493859999639042, 0.0 ], [ 107.046200000329918, -6.493990000238128, 0.0 ], [ 107.046209999891715, -6.494059999868931, 0.0 ], [ 107.046260000398917, -6.49424999963756, 0.0 ], [ 107.046519999798264, -6.494619999613107, 0.0 ], [ 107.046690000443292, -6.494870000350108, 0.0 ], [ 107.046709999566986, -6.495040000095766, 0.0 ], [ 107.046679999982217, -6.495180000256653, 0.0 ], [ 107.046599999890248, -6.4953500000024, 0.0 ], [ 107.046330000029641, -6.4955500002322, 0.0 ], [ 107.046040000146064, -6.495659999908945, 0.0 ], [ 107.045590000078633, -6.495699999954887, 0.0 ], [ 107.045059999919232, -6.495690000392997, 0.0 ], [ 107.044770000035655, -6.495740000000829, 0.0 ], [ 107.044580000267018, -6.495829999654603, 0.0 ], [ 107.044560000243962, -6.49596999981549, 0.0 ], [ 107.044560000243962, -6.496089999953405, 0.0 ], [ 107.044600000289989, -6.496210000091232, 0.0 ], [ 107.044770000035655, -6.496419999882921, 0.0 ], [ 107.044970000265451, -6.496589999628579, 0.0 ], [ 107.045209999641912, -6.496740000250636, 0.0 ], [ 107.045309999756853, -6.496880000411522, 0.0 ], [ 107.045309999756853, -6.49705999971907, 0.0 ], [ 107.045149999572999, -6.497290000433011, 0.0 ], [ 107.044850000127539, -6.497629999924417, 0.0 ], [ 107.044770000035655, -6.497799999670075, 0.0 ], [ 107.044759999574481, -6.497990000338074, 0.0 ], [ 107.044850000127539, -6.49834000029065, 0.0 ], [ 107.044879999712407, -6.498610000151253, 0.0 ], [ 107.044720000427816, -6.498889999573656, 0.0 ], [ 107.044509999736846, -6.4991899999184, 0.0 ], [ 107.044480187211065, -6.499209875834957, 0.0 ], [ 107.044210000291486, -6.499390000148288, 0.0 ], [ 107.043929999969706, -6.499479999801974, 0.0 ], [ 107.043820000292953, -6.499590000378088, 0.0 ], [ 107.043729999739909, -6.499740000100775, 0.0 ], [ 107.043660000109099, -6.499929999869405, 0.0 ], [ 107.043660000109099, -6.500000000399577, 0.0 ], [ 107.043660000109099, -6.500170000145236, 0.0 ], [ 107.043649999647926, -6.500390000398095, 0.0 ], [ 107.043629999624955, -6.500509999636641, 0.0 ], [ 107.043539999971188, -6.500660000258609, 0.0 ], [ 107.04343000029445, -6.500760000373553, 0.0 ], [ 107.043370000225437, -6.500850000027327, 0.0 ], [ 107.043370000225437, -6.500939999681101, 0.0 ], [ 107.043379999787334, -6.501050000257127, 0.0 ], [ 107.043439999856247, -6.501210000440985, 0.0 ], [ 107.043479999902274, -6.501369999725561, 0.0 ], [ 107.04343000029445, -6.50154999993239, 0.0 ], [ 107.043410000271479, -6.50177000018525, 0.0 ], [ 107.043379999787334, -6.50197999997685, 0.0 ], [ 107.043399999810305, -6.502149999722597, 0.0 ], [ 107.04343000029445, -6.502389999998339, 0.0 ], [ 107.043479999902274, -6.502599999790029, 0.0 ], [ 107.043479999902274, -6.502759999973886, 0.0 ], [ 107.043450000317421, -6.502889999673602, 0.0 ], [ 107.043339999741391, -6.503089999903402, 0.0 ], [ 107.043310000156524, -6.50327999967212, 0.0 ], [ 107.043419999833276, -6.503450000317148, 0.0 ], [ 107.043669999670897, -6.503709999716492, 0.0 ], [ 107.043869999900707, -6.503929999969351, 0.0 ], [ 107.043920000407908, -6.504039999646096, 0.0 ], [ 107.043940000430879, -6.50413000019924, 0.0 ], [ 107.043920000407908, -6.504250000337066, 0.0 ], [ 107.043760000223955, -6.504440000105784, 0.0 ], [ 107.043660000109099, -6.504569999805501, 0.0 ], [ 107.043620000063157, -6.504669999920356, 0.0 ], [ 107.043620000063157, -6.504850000127274, 0.0 ], [ 107.043637366871152, -6.504922939641791, 0.0 ], [ 107.043669999670897, -6.505059999918874, 0.0 ], [ 107.043689999693967, -6.50520999964165, 0.0 ], [ 107.043860000338896, -6.505449999917392, 0.0 ], [ 107.044110000176531, -6.505890000423022, 0.0 ], [ 107.044230000314457, -6.506140000260654, 0.0 ], [ 107.044239999876254, -6.50626999996037, 0.0 ], [ 107.044150000222473, -6.506410000121257, 0.0 ], [ 107.043940000430879, -6.506539999820973, 0.0 ], [ 107.043259999649422, -6.50670000000483, 0.0 ], [ 107.042570000205529, -6.506749999612662, 0.0 ], [ 107.042260000298981, -6.506760000073744, 0.0 ], [ 107.042100000115113, -6.506820000142746, 0.0 ], [ 107.042000000000172, -6.50692000025769, 0.0 ], [ 107.041986064105785, -6.506975742936074, 0.0 ], [ 107.041979999977201, -6.507000000349574, 0.0 ], [ 107.041890000323434, -6.507480000001866, 0.0 ], [ 107.041870000300463, -6.507620000162753, 0.0 ], [ 107.041839999816318, -6.507700000254637, 0.0 ], [ 107.04173000013958, -6.507879999562185, 0.0 ], [ 107.041589999978683, -6.5079999997001, 0.0 ], [ 107.041420000233032, -6.508030000184153, 0.0 ], [ 107.041360000164019, -6.5079999997001, 0.0 ], [ 107.041280000072135, -6.507930000069297, 0.0 ], [ 107.04058999972888, -6.507879999562185, 0.0 ], [ 107.040350000352419, -6.507910000046326, 0.0 ], [ 107.039969999915698, -6.508070000230184, 0.0 ], [ 107.03966000000915, -6.508259999998813, 0.0 ], [ 107.039499999825296, -6.508409999721589, 0.0 ], [ 107.039410000171529, -6.508580000366617, 0.0 ], [ 107.039379999687384, -6.508750000112187, 0.0 ], [ 107.039279999572528, -6.508870000250191, 0.0 ], [ 107.039160000333894, -6.508910000296133, 0.0 ], [ 107.038980000127069, -6.50881999974299, 0.0 ], [ 107.038639999736375, -6.508540000320586, 0.0 ], [ 107.038510000036666, -6.508469999790503, 0.0 ], [ 107.038429999944697, -6.508500000274644, 0.0 ], [ 107.038380000336943, -6.508620000412559, 0.0 ], [ 107.038429999944697, -6.508850000227131, 0.0 ], [ 107.038779999897258, -6.509260000248709, 0.0 ], [ 107.038909999596981, -6.509400000409507, 0.0 ], [ 107.038940000081126, -6.509510000086252, 0.0 ], [ 107.038850000427345, -6.509610000201196, 0.0 ], [ 107.038610000151522, -6.509710000316051, 0.0 ], [ 107.037950000292398, -6.509739999900912, 0.0 ], [ 107.037150000272476, -6.509719999877941, 0.0 ], [ 107.036950000042594, -6.509719999877941, 0.0 ], [ 107.0368000003199, -6.509779999946854, 0.0 ], [ 107.036769999835855, -6.510550000382089, 0.0 ], [ 107.036820000342871, -6.510860000288634, 0.0 ], [ 107.036889999973681, -6.511050000057352, 0.0 ], [ 107.037010000111593, -6.511170000195179, 0.0 ], [ 107.037600000339907, -6.511310000356065, 0.0 ], [ 107.037759999624484, -6.511359999963897, 0.0 ], [ 107.037850000177542, -6.511440000055781, 0.0 ], [ 107.037890000223484, -6.511589999778469, 0.0 ], [ 107.036620000113075, -6.512890000373019, 0.0 ], [ 107.036359999814266, -6.513280000371537, 0.0 ], [ 107.036150000022673, -6.513610000301142, 0.0 ], [ 107.035909999746849, -6.513820000092743, 0.0 ], [ 107.035749999562981, -6.513900000184716, 0.0 ], [ 107.03561000030146, -6.513900000184716, 0.0 ], [ 107.035410000071664, -6.513800000069772, 0.0 ], [ 107.035260000348899, -6.513670000370055, 0.0 ], [ 107.035169999795841, -6.513490000163227, 0.0 ], [ 107.035160000233944, -6.513300000394597, 0.0 ], [ 107.035200000279985, -6.513109999726598, 0.0 ], [ 107.035169999795841, -6.513020000072824, 0.0 ], [ 107.034980000027119, -6.512870000350048, 0.0 ], [ 107.034810000281453, -6.512819999842936, 0.0 ], [ 107.034676184758268, -6.512864605317095, 0.0 ], [ 107.034659999659397, -6.512870000350048, 0.0 ], [ 107.034349999752862, -6.513149999772541, 0.0 ], [ 107.034229999614951, -6.513359999564141, 0.0 ], [ 107.034170000445314, -6.513470000140256, 0.0 ], [ 107.034039999846314, -6.513510000186198, 0.0 ], [ 107.033819999593547, -6.513490000163227, 0.0 ], [ 107.033079999642453, -6.513080000141738, 0.0 ], [ 107.032860000288963, -6.512980000026793, 0.0 ], [ 107.032669999620964, -6.512969999565623, 0.0 ], [ 107.032350000152618, -6.513100000164709, 0.0 ], [ 107.03192999966987, -6.513329999979369, 0.0 ], [ 107.031630000224496, -6.513690000393026, 0.0 ], [ 107.031539999671438, -6.5137800000468, 0.0 ], [ 107.031260000249034, -6.513730000438969, 0.0 ], [ 107.030640000435852, -6.513590000278171, 0.0 ], [ 107.030340000091115, -6.513570000255111, 0.0 ], [ 107.030219999953204, -6.513570000255111, 0.0 ], [ 107.030019999723393, -6.513570000255111, 0.0 ], [ 107.029680000231991, -6.513479999702056, 0.0 ], [ 107.028960000303954, -6.513060000118767, 0.0 ], [ 107.028709999567042, -6.512939999980851, 0.0 ], [ 107.02843999970635, -6.512859999888878, 0.0 ], [ 107.028200000329974, -6.512859999888878, 0.0 ], [ 107.028080000191977, -6.512799999819965, 0.0 ], [ 107.028069999730889, -6.512549999982333, 0.0 ], [ 107.028080000191977, -6.512380000236675, 0.0 ], [ 107.028000000100093, -6.512220000052817, 0.0 ], [ 107.027830000354442, -6.512090000353012, 0.0 ], [ 107.027630000124546, -6.512030000284099, 0.0 ], [ 107.027509999986719, -6.512030000284099, 0.0 ], [ 107.027440000355909, -6.512110000376072, 0.0 ], [ 107.027389999848808, -6.51226000009876, 0.0 ], [ 107.027389999848808, -6.512520000397561, 0.0 ], [ 107.027340000240969, -6.512670000120249, 0.0 ], [ 107.027220000103142, -6.512739999751052, 0.0 ], [ 107.026939999781376, -6.512790000258164, 0.0 ], [ 107.026779999597423, -6.512879999911849, 0.0 ], [ 107.026649999897799, -6.513049999657596, 0.0 ], [ 107.026580000266989, -6.513249999887396, 0.0 ], [ 107.026560000244018, -6.513329999979369, 0.0 ], [ 107.026549999782858, -6.513479999702056, 0.0 ], [ 107.02660000028996, -6.513590000278171, 0.0 ], [ 107.026870000150566, -6.513710000415998, 0.0 ], [ 107.027349999802865, -6.513860000138685, 0.0 ], [ 107.027480000401852, -6.513940000230658, 0.0 ], [ 107.027610000101575, -6.514120000437487, 0.0 ], [ 107.027639999686443, -6.514239999676121, 0.0 ], [ 107.02757999961743, -6.514330000229176, 0.0 ], [ 107.027420000332938, -6.514370000275118, 0.0 ], [ 107.026870000150566, -6.514150000022347, 0.0 ], [ 107.026620000312931, -6.514040000345602, 0.0 ], [ 107.026509999736817, -6.514049999907403, 0.0 ], [ 107.026609999851857, -6.514239999676121, 0.0 ], [ 107.026779999597423, -6.514399999859979, 0.0 ], [ 107.026850000127595, -6.514499999974834, 0.0 ], [ 107.026779999597423, -6.514589999628608, 0.0 ], [ 107.026380000037108, -6.514649999697522, 0.0 ], [ 107.026062012352128, -6.514640646748262, 0.0 ], [ 107.026039999646429, -6.514640000135721, 0.0 ], [ 107.025800000269953, -6.514589999628608, 0.0 ], [ 107.025669999670967, -6.514499999974834, 0.0 ], [ 107.025569999556012, -6.514259999699092, 0.0 ], [ 107.025530000409361, -6.514089999953434, 0.0 ], [ 107.025439999856303, -6.51398999983849, 0.0 ], [ 107.025279999672449, -6.51400000029966, 0.0 ], [ 107.025000000249946, -6.514239999676121, 0.0 ], [ 107.02488000011212, -6.514379999837008, 0.0 ], [ 107.024840000066177, -6.514800000319578, 0.0 ], [ 107.024789999558976, -6.514909999996323, 0.0 ], [ 107.02465000029747, -6.514990000088297, 0.0 ], [ 107.024450000067674, -6.514950000042266, 0.0 ], [ 107.024089999653924, -6.514900000434523, 0.0 ], [ 107.023890000323405, -6.514880000411551, 0.0 ], [ 107.023779999747376, -6.514820000342549, 0.0 ], [ 107.023839999816289, -6.514479999951863, 0.0 ], [ 107.023839999816289, -6.514410000321149, 0.0 ], [ 107.023360000164089, -6.514199999630179, 0.0 ], [ 107.023059999819338, -6.514069999930374, 0.0 ], [ 107.022839999566486, -6.513889999723546, 0.0 ], [ 107.022760000373879, -6.513809999631661, 0.0 ], [ 107.022480000052198, -6.513730000438969, 0.0 ], [ 107.022250000237449, -6.513650000347084, 0.0 ], [ 107.022119999638448, -6.513659999908885, 0.0 ], [ 107.02200999996171, -6.513730000438969, 0.0 ], [ 107.022050000007653, -6.513920000207687, 0.0 ], [ 107.022050000007653, -6.51398999983849, 0.0 ], [ 107.021960000353872, -6.514009999861461, 0.0 ], [ 107.021749999662902, -6.513940000230658, 0.0 ], [ 107.021599999940207, -6.513809999631661, 0.0 ], [ 107.021680000032191, -6.513390000048283, 0.0 ], [ 107.021720000078133, -6.513240000325595, 0.0 ], [ 107.021700000055162, -6.513089999703539, 0.0 ], [ 107.02159000037841, -6.512960000003822, 0.0 ], [ 107.021169999895761, -6.51291999995788, 0.0 ], [ 107.020900000035155, -6.51293000041905, 0.0 ], [ 107.020309999806841, -6.51312000018768, 0.0 ], [ 107.020129999600002, -6.513220000302624, 0.0 ], [ 107.019990000338396, -6.513359999564141, 0.0 ], [ 107.01993999983128, -6.5137800000468, 0.0 ], [ 107.019910000246512, -6.51400000029966, 0.0 ], [ 107.019779999647426, -6.514259999699092, 0.0 ], [ 107.019629999924746, -6.51441999988295, 0.0 ], [ 107.019409999671879, -6.514540000020776, 0.0 ], [ 107.01903000013462, -6.514580000066807, 0.0 ], [ 107.018729999789883, -6.514589999628608, 0.0 ], [ 107.018580000067104, -6.514649999697522, 0.0 ], [ 107.018479999952248, -6.514780000296607, 0.0 ], [ 107.01845000036738, -6.514880000411551, 0.0 ], [ 107.01851999999819, -6.515030000134239, 0.0 ], [ 107.018990000088593, -6.51527999997187, 0.0 ], [ 107.019190000318389, -6.515380000086815, 0.0 ], [ 107.019270000410359, -6.515460000178699, 0.0 ], [ 107.019270000410359, -6.515529999809502, 0.0 ], [ 107.019019999673446, -6.515520000247612, 0.0 ], [ 107.018840000365913, -6.515520000247612, 0.0 ], [ 107.018700000205015, -6.515589999878415, 0.0 ], [ 107.018560000044133, -6.515819999693075, 0.0 ], [ 107.018370000275496, -6.516209999691593, 0.0 ], [ 107.018179999607497, -6.516449999967424, 0.0 ], [ 107.01798999983879, -6.516599999690111, 0.0 ], [ 107.017519999748387, -6.516679999781996, 0.0 ], [ 107.01737999958749, -6.516710000266137, 0.0 ], [ 107.017209999841754, -6.516880000011795, 0.0 ], [ 107.01714999977284, -6.517009999711512, 0.0 ], [ 107.017140000211043, -6.5172099999414, 0.0 ], [ 107.017089999703927, -6.517519999847945, 0.0 ], [ 107.01693000041935, -6.517980000376546, 0.0 ], [ 107.016750000212511, -6.518370000375064, 0.0 ], [ 107.016670000120627, -6.518540000120723, 0.0 ], [ 107.016779999797379, -6.518930000119241, 0.0 ], [ 107.01679999982035, -6.519030000234185, 0.0 ], [ 107.01671999972838, -6.519130000349129, 0.0 ], [ 107.016570000005686, -6.519190000418043, 0.0 ], [ 107.016200000030139, -6.519030000234185, 0.0 ], [ 107.015999999800343, -6.518950000142212, 0.0 ], [ 107.015830000054592, -6.518950000142212, 0.0 ], [ 107.015600000240028, -6.519079999841928, 0.0 ], [ 107.015390000448335, -6.519289999633617, 0.0 ], [ 107.015190000218539, -6.519639999586193, 0.0 ], [ 107.01503000003467, -6.519919999907966, 0.0 ], [ 107.01488000031199, -6.520089999653536, 0.0 ], [ 107.014680000082109, -6.52020000022965, 0.0 ], [ 107.014279999622417, -6.520300000344594, 0.0 ], [ 107.014060000268927, -6.520309999906395, 0.0 ], [ 107.013909999646955, -6.520249999837482, 0.0 ], [ 107.013889999623984, -6.519879999861935, 0.0 ], [ 107.013860000039131, -6.519730000139248, 0.0 ], [ 107.013759999924176, -6.519600000439443, 0.0 ], [ 107.013630000224552, -6.519520000347558, 0.0 ], [ 107.01349000006357, -6.519509999886477, 0.0 ], [ 107.013420000432859, -6.519560000393501, 0.0 ], [ 107.013470000040599, -6.520140000160737, 0.0 ], [ 107.013459999579524, -6.520229999814511, 0.0 ], [ 107.013349999902772, -6.520309999906395, 0.0 ], [ 107.013220000203063, -6.520329999929366, 0.0 ], [ 107.013109999626948, -6.520249999837482, 0.0 ], [ 107.012819999743371, -6.519919999907966, 0.0 ], [ 107.01264999999772, -6.519779999746991, 0.0 ], [ 107.012480000251969, -6.519739999701049, 0.0 ], [ 107.01228999958397, -6.519799999769962, 0.0 ], [ 107.01213999986129, -6.519919999907966, 0.0 ], [ 107.012010000161567, -6.520220000252621, 0.0 ], [ 107.011950000092654, -6.520399999560169, 0.0 ], [ 107.011829999954742, -6.520510000136284, 0.0 ], [ 107.01172000027799, -6.520519999698084, 0.0 ], [ 107.011540000071165, -6.520430000044311, 0.0 ], [ 107.011379999887225, -6.520240000275592, 0.0 ], [ 107.011239999726428, -6.519799999769962, 0.0 ], [ 107.011199999680386, -6.519679999632135, 0.0 ], [ 107.010849999727895, -6.519670000070246, 0.0 ], [ 107.010760000074129, -6.519659999609164, 0.0 ], [ 107.010570000305407, -6.519440000255674, 0.0 ], [ 107.010430000144524, -6.519280000071817, 0.0 ], [ 107.010260000398858, -6.519210000441014, 0.0 ], [ 107.010049999707888, -6.519190000418043, 0.0 ], [ 107.00983999991621, -6.519959999953908, 0.0 ], [ 107.009770000285499, -6.51997000041499, 0.0 ], [ 107.010020000123035, -6.5208499996276, 0.0 ], [ 107.010080000192033, -6.521100000364601, 0.0 ], [ 107.01006999973086, -6.521359999764034, 0.0 ], [ 107.010020000123035, -6.52147999990186, 0.0 ], [ 107.009879999962237, -6.521559999993833, 0.0 ], [ 107.009619999663443, -6.521580000016893, 0.0 ], [ 107.0091600000342, -6.521430000294117, 0.0 ], [ 107.008990000288463, -6.521370000225115, 0.0 ], [ 107.008850000127566, -6.521379999787005, 0.0 ], [ 107.008709999966683, -6.52147999990186, 0.0 ], [ 107.008660000358944, -6.521580000016893, 0.0 ], [ 107.008790000058653, -6.521869999900378, 0.0 ], [ 107.008890000173508, -6.522079999692068, 0.0 ], [ 107.008910000196479, -6.522239999875925, 0.0 ], [ 107.008859999689463, -6.52234999955267, 0.0 ], [ 107.008620000312902, -6.522429999644643, 0.0 ], [ 107.008489999713916, -6.522480000151756, 0.0 ], [ 107.008330000429339, -6.522669999920385, 0.0 ], [ 107.008230000314398, -6.522930000219187, 0.0 ], [ 107.008079999692427, -6.523300000194734, 0.0 ], [ 107.007999999600457, -6.523520000447505, 0.0 ], [ 107.00807000013063, -6.523810000331078, 0.0 ], [ 107.008110000176572, -6.523969999615655, 0.0 ], [ 107.00807000013063, -6.524080000191681, 0.0 ], [ 107.007929999969647, -6.524160000283654, 0.0 ], [ 107.007869999900734, -6.524160000283654, 0.0 ], [ 107.006750000412381, -6.524220000352567, 0.0 ], [ 107.006659999859238, -6.524300000444541, 0.0 ], [ 107.006610000251499, -6.524450000167228, 0.0 ], [ 107.006470000090616, -6.52492000025763, 0.0 ], [ 107.00630000034495, -6.525390000348033, 0.0 ], [ 107.00620000023001, -6.525890000023296, 0.0 ], [ 107.006100000115154, -6.52599000013824, 0.0 ], [ 107.00591999990823, -6.526059999769043, 0.0 ], [ 107.005580000416828, -6.5262199999529, 0.0 ], [ 107.005309999656944, -6.5264200001827, 0.0 ], [ 107.005170000395339, -6.526629999974389, 0.0 ], [ 107.004870000050602, -6.527080000041821, 0.0 ], [ 107.004580000167024, -6.527389999948365, 0.0 ], [ 107.004310000306418, -6.52749999962511, 0.0 ], [ 107.004079999592477, -6.527650000247167, 0.0 ], [ 107.004049505380522, -6.527741483782314, 0.0 ], [ 107.004029999984738, -6.527799999969854, 0.0 ], [ 107.004040000445812, -6.528000000199743, 0.0 ], [ 107.004059999569506, -6.528189999968372, 0.0 ], [ 107.004050000007709, -6.528539999920859, 0.0 ], [ 107.003980000376899, -6.528629999574633, 0.0 ], [ 107.003880000261958, -6.528680000081746, 0.0 ], [ 107.00357000035541, -6.528609999551662, 0.0 ], [ 107.003410000171556, -6.528499999874917, 0.0 ], [ 107.003240000425905, -6.528419999783033, 0.0 ], [ 107.003109999826819, -6.528410000221143, 0.0 ], [ 107.003040000196009, -6.528470000290056, 0.0 ], [ 107.003000000150067, -6.52855000038203, 0.0 ], [ 107.002900000035126, -6.52900000044955, 0.0 ], [ 107.002790000358374, -6.529150000172237, 0.0 ], [ 107.002610000151549, -6.529270000310063, 0.0 ], [ 107.002490000013637, -6.529310000356094, 0.0 ], [ 107.002300000245, -6.529259999848893, 0.0 ], [ 107.002209999691857, -6.529179999757009, 0.0 ], [ 107.002129999599973, -6.529030000034322, 0.0 ], [ 107.002010000361423, -6.528860000288574, 0.0 ], [ 107.001799999670453, -6.528680000081746, 0.0 ], [ 107.001480000202022, -6.528570000405001, 0.0 ], [ 107.001329999579966, -6.52855999994383, 0.0 ], [ 107.000889999973708, -6.528519999897888, 0.0 ], [ 107.000669999720941, -6.528399999760062, 0.0 ], [ 107.000640000136073, -6.528330000129259, 0.0 ], [ 107.000680000182015, -6.528259999599086, 0.0 ], [ 107.000809999881739, -6.528169999945401, 0.0 ], [ 107.000939999581448, -6.528080000291627, 0.0 ], [ 107.000970000065678, -6.527960000153712, 0.0 ], [ 107.000950000042621, -6.527650000247167, 0.0 ], [ 107.000880000411911, -6.527369999925394, 0.0 ], [ 107.000809999881739, -6.527320000317651, 0.0 ], [ 107.000729999789854, -6.527320000317651, 0.0 ], [ 107.000299999745394, -6.527369999925394, 0.0 ], [ 107.000170000045586, -6.527360000363593, 0.0 ], [ 106.999989999838846, -6.527340000340622, 0.0 ], [ 106.999889999723905, -6.527329999879452, 0.0 ], [ 106.999619999863299, -6.527229999764508, 0.0 ], [ 106.999329999979722, -6.527129999649652, 0.0 ], [ 106.999260000348926, -6.527049999557679, 0.0 ], [ 106.999180000256956, -6.526859999788961, 0.0 ], [ 106.99912999974984, -6.526529999859445, 0.0 ], [ 106.998890000373379, -6.526360000113787, 0.0 ], [ 106.998699999705465, -6.52619999992984, 0.0 ], [ 106.998630000074655, -6.526079999792014, 0.0 ], [ 106.998549999982686, -6.52578999990844, 0.0 ], [ 106.998309999706947, -6.525319999817949, 0.0 ], [ 106.99822000005318, -6.525279999772007, 0.0 ], [ 106.997689999893765, -6.524780000096744, 0.0 ], [ 106.997449999617942, -6.524269999960399, 0.0 ], [ 106.99733999994119, -6.523929999569624, 0.0 ], [ 106.997210000241481, -6.523500000424534, 0.0 ], [ 106.997090000103555, -6.523070000380073, 0.0 ], [ 106.996900000334932, -6.522770000035329, 0.0 ], [ 106.996620000013166, -6.5225800002667, 0.0 ], [ 106.996370000175531, -6.522449999667614, 0.0 ], [ 106.996020000222956, -6.522380000036812, 0.0 ], [ 106.995309999856801, -6.52236999957573, 0.0 ], [ 106.995069999580977, -6.52234999955267, 0.0 ], [ 106.994799999720371, -6.52233000042898, 0.0 ], [ 106.994589999928778, -6.522310000406009, 0.0 ], [ 106.994210000391334, -6.522299999944927, 0.0 ], [ 106.993899999585508, -6.522270000360066, 0.0 ], [ 106.99385947073813, -6.522272794553654, 0.0 ], [ 106.993609999701931, -6.522290000383038, 0.0 ], [ 106.993370000325484, -6.52233000042898, 0.0 ], [ 106.992949999842821, -6.522529999759499, 0.0 ], [ 106.992539999821332, -6.522720000427498, 0.0 ], [ 106.9915599995945, -6.522859999689015, 0.0 ], [ 106.991249999687952, -6.522819999643072, 0.0 ], [ 106.990139999761396, -6.522210000291153, 0.0 ], [ 106.989780000247023, -6.522190000268182, 0.0 ], [ 106.989319999718333, -6.522250000337095, 0.0 ], [ 106.988809999581989, -6.52236000001384, 0.0 ], [ 106.988739999951264, -6.522409999621672, 0.0 ], [ 106.988630000274441, -6.522529999759499, 0.0 ], [ 106.988550000182556, -6.522620000312642, 0.0 ], [ 106.98849999967544, -6.522669999920385, 0.0 ], [ 106.988419999583471, -6.522739999551188, 0.0 ], [ 106.988369999975731, -6.522790000058301, 0.0 ], [ 106.988340000390863, -6.522850000127214, 0.0 ], [ 106.988309999906718, -6.522919999758017, 0.0 ], [ 106.988289999883747, -6.52299999984999, 0.0 ], [ 106.988289999883747, -6.523090000403045, 0.0 ], [ 106.988220000252952, -6.523180000056819, 0.0 ], [ 106.988160000184038, -6.523249999687533, 0.0 ], [ 106.988089999653951, -6.523300000194734, 0.0 ], [ 106.988029999584953, -6.523340000240676, 0.0 ], [ 106.987930000369374, -6.523349999802477, 0.0 ], [ 106.987859999839287, -6.523349999802477, 0.0 ], [ 106.987799999770374, -6.523340000240676, 0.0 ], [ 106.987719999678404, -6.523340000240676, 0.0 ], [ 106.987639999586435, -6.523320000217705, 0.0 ], [ 106.987549999932753, -6.523349999802477, 0.0 ], [ 106.987480000301943, -6.52340999987139, 0.0 ], [ 106.987380000187088, -6.523509999986334, 0.0 ], [ 106.987309999656915, -6.523599999640108, 0.0 ], [ 106.987199999980163, -6.523759999823966, 0.0 ], [ 106.98713999991125, -6.52387000040008, 0.0 ], [ 106.987059999819365, -6.524020000122768, 0.0 ], [ 106.986979999727396, -6.524169999845455, 0.0 ], [ 106.986800000419848, -6.524310000006341, 0.0 ], [ 106.98648000005214, -6.524570000305143, 0.0 ], [ 106.985789999708871, -6.525119999588149, 0.0 ], [ 106.985599999940248, -6.525290000233177, 0.0 ], [ 106.98535796719662, -6.525443287877266, 0.0 ], [ 106.985299999595497, -6.525480000001807, 0.0 ], [ 106.984859999989155, -6.525549999632609, 0.0 ], [ 106.98424999973787, -6.525540000070809, 0.0 ], [ 106.983699999555483, -6.525509999586667, 0.0 ], [ 106.983090000203475, -6.525399999909922, 0.0 ], [ 106.982620000113073, -6.525219999703005, 0.0 ], [ 106.981869999700905, -6.524989999888433, 0.0 ], [ 106.981260000348897, -6.524929999819431, 0.0 ], [ 106.980719999728407, -6.524929999819431, 0.0 ], [ 106.980010000261458, -6.524889999773489, 0.0 ], [ 106.979390000448362, -6.524869999750518, 0.0 ], [ 106.97847999985234, -6.524820000142686, 0.0 ], [ 106.977730000339434, -6.524619999912886, 0.0 ], [ 106.977969999715896, -6.524229999914368, 0.0 ], [ 106.978310000106589, -6.523619999663079, 0.0 ], [ 106.978660000059079, -6.523010000311071, 0.0 ], [ 106.979230000264508, -6.522010000061265, 0.0 ], [ 106.979660000308968, -6.521250000087289, 0.0 ], [ 106.98003000028443, -6.520550000182226, 0.0 ], [ 106.980090000353428, -6.520439999606111, 0.0 ], [ 106.980480000351946, -6.519699999655106, 0.0 ], [ 106.980850000327493, -6.51893999968113, 0.0 ], [ 106.981229999864752, -6.517809999731519, 0.0 ], [ 106.981309999956721, -6.517279999572203, 0.0 ], [ 106.981329999979693, -6.516679999781996, 0.0 ], [ 106.981430000094548, -6.516180000106733, 0.0 ], [ 106.981390000048606, -6.515970000315132, 0.0 ], [ 106.981390000048606, -6.51571000001633, 0.0 ], [ 106.981419999633474, -6.515420000132757, 0.0 ], [ 106.981510000186518, -6.51525000038701, 0.0 ], [ 106.981559999794356, -6.515190000318096, 0.0 ], [ 106.981610000301472, -6.515119999788013, 0.0 ], [ 106.981829999654963, -6.515030000134239, 0.0 ], [ 106.981949999792874, -6.514950000042266, 0.0 ], [ 106.982029999884759, -6.51484000036552, 0.0 ], [ 106.982100000414846, -6.514749999812466, 0.0 ], [ 106.982210000091584, -6.514589999628608, 0.0 ], [ 106.982299999745365, -6.514459999928892, 0.0 ], [ 106.982359999814364, -6.514379999837008, 0.0 ], [ 106.982430000344451, -6.514230000114232, 0.0 ], [ 106.982499999975161, -6.514100000414516, 0.0 ], [ 106.982580000067131, -6.514029999884432, 0.0 ], [ 106.982720000228028, -6.514049999907403, 0.0 ], [ 106.982809999881709, -6.514069999930374, 0.0 ], [ 106.982880000411882, -6.514069999930374, 0.0 ], [ 106.982950000042678, -6.514040000345602, 0.0 ], [ 106.983010000111591, -6.51396999981543, 0.0 ], [ 106.983070000180504, -6.513889999723546, 0.0 ], [ 106.983130000249503, -6.513829999654632, 0.0 ], [ 106.983219999903284, -6.51378999960869, 0.0 ], [ 106.983279999972197, -6.513749999562659, 0.0 ], [ 106.983380000087053, -6.513749999562659, 0.0 ], [ 106.983560000293977, -6.51378999960869, 0.0 ], [ 106.983680000431804, -6.5137800000468, 0.0 ], [ 106.983859999739337, -6.513679999931856, 0.0 ], [ 106.98393000026951, -6.513610000301142, 0.0 ], [ 106.984089999554001, -6.513439999656114, 0.0 ], [ 106.984149999622915, -6.513370000025311, 0.0 ], [ 106.984730000289431, -6.512910000396079, 0.0 ], [ 106.985490000263496, -6.512440000305588, 0.0 ], [ 106.986440000006198, -6.512139999960844, 0.0 ], [ 106.987019999773338, -6.512010000261128, 0.0 ], [ 106.987750000162549, -6.511939999731045, 0.0 ], [ 106.98861000025147, -6.511749999962415, 0.0 ], [ 106.989789999808821, -6.511589999778469, 0.0 ], [ 106.990790000058624, -6.511279999871924, 0.0 ], [ 106.991380000286938, -6.510969999965379, 0.0 ], [ 106.991539999571529, -6.510780000196661, 0.0 ], [ 106.991619999663413, -6.510729999689637, 0.0 ], [ 106.991679999732327, -6.510689999643606, 0.0 ], [ 106.991940000031121, -6.510470000290116, 0.0 ], [ 106.992109999776872, -6.510169999945372, 0.0 ], [ 106.99235000005261, -6.509710000316051, 0.0 ], [ 106.992459999729363, -6.509510000086252, 0.0 ], [ 106.992670000420333, -6.509089999603681, 0.0 ], [ 106.992880000212011, -6.508609999951389, 0.0 ], [ 106.99292999981985, -6.508489999813474, 0.0 ], [ 106.993080000441907, -6.508269999560703, 0.0 ], [ 106.993230000164502, -6.508059999769014, 0.0 ], [ 106.993359999864225, -6.507809999931382, 0.0 ], [ 106.993419999933224, -6.507640000185724, 0.0 ], [ 106.993569999655989, -6.507310000256119, 0.0 ], [ 106.993700000254989, -6.506989999888404, 0.0 ], [ 106.993809999931742, -6.506789999658604, 0.0 ], [ 106.993899999585508, -6.506630000374027, 0.0 ], [ 106.994019999723335, -6.506410000121257, 0.0 ], [ 106.994210000391334, -6.506109999776513, 0.0 ], [ 106.994300000045115, -6.505920000007883, 0.0 ], [ 106.994323092836609, -6.505890920429493, 0.0 ], [ 106.994569999905806, -6.505579999617108, 0.0 ], [ 106.994839999766313, -6.505500000424504, 0.0 ], [ 106.994999999950181, -6.50542000033262, 0.0 ], [ 106.99506000001918, -6.505309999756506, 0.0 ], [ 106.995080000042151, -6.50520999964165, 0.0 ], [ 106.995100000065122, -6.505059999918874, 0.0 ], [ 106.99520999974186, -6.504919999758076, 0.0 ], [ 106.995301855596338, -6.504886158269443, 0.0 ], [ 106.995400000409859, -6.504850000127274, 0.0 ], [ 106.995619999763349, -6.504739999551159, 0.0 ], [ 106.996020000222956, -6.504500000174698, 0.0 ], [ 106.996230000014734, -6.504369999575701, 0.0 ], [ 106.996510000336414, -6.504190000268153, 0.0 ], [ 106.996720000128022, -6.504019999623125, 0.0 ], [ 106.996929999919786, -6.503849999877467, 0.0 ], [ 106.997310000356421, -6.503629999624607, 0.0 ], [ 106.997850000077619, -6.503169999995375, 0.0 ], [ 106.998240000076152, -6.502969999765487, 0.0 ], [ 106.998389999798832, -6.50284999962766, 0.0 ], [ 106.998570000005657, -6.502579999767057, 0.0 ], [ 106.998639999636467, -6.502479999652113, 0.0 ], [ 106.998770000235453, -6.502459999629142, 0.0 ], [ 106.999009999612014, -6.502430000044281, 0.0 ], [ 106.999080000142001, -6.502360000413567, 0.0 ], [ 106.999249999887752, -6.502209999791511, 0.0 ], [ 106.999370000025664, -6.502169999745568, 0.0 ], [ 106.999499999725387, -6.502160000183679, 0.0 ], [ 106.999659999909241, -6.502149999722597, 0.0 ], [ 106.999760000024096, -6.502140000160708, 0.0 ], [ 106.999989999838846, -6.502040000045763, 0.0 ], [ 107.000100000414875, -6.501999999999821, 0.0 ], [ 107.000170000045586, -6.501999999999821, 0.0 ], [ 107.000410000321409, -6.502009999561622, 0.0 ], [ 107.000640000136073, -6.501950000392078, 0.0 ], [ 107.000860000388855, -6.501830000254163, 0.0 ], [ 107.001349999602937, -6.501710000116248, 0.0 ], [ 107.001699999555512, -6.501710000116248, 0.0 ], [ 107.002030000384394, -6.50175000016219, 0.0 ], [ 107.002249999737899, -6.501679999632106, 0.0 ], [ 107.002499999575519, -6.502020000022792, 0.0 ], [ 107.002889999573952, -6.502300000344565, 0.0 ], [ 107.003410000171556, -6.502490000113283, 0.0 ], [ 107.003849999777813, -6.502650000297141, 0.0 ], [ 107.004319999868301, -6.502759999973886, 0.0 ], [ 107.004919999658426, -6.502940000180715, 0.0 ], [ 107.005580000416828, -6.503160000433486, 0.0 ], [ 107.006220000252981, -6.503379999786976, 0.0 ], [ 107.007080000341986, -6.50368999969352, 0.0 ], [ 107.007226455836388, -6.503767666044737, 0.0 ], [ 107.007740000201011, -6.504039999646096, 0.0 ], [ 107.008230000314398, -6.504319999967869, 0.0 ], [ 107.008640000335873, -6.504449999667585, 0.0 ], [ 107.0095752691835, -6.504449999667585, 0.0 ], [ 107.009590000078575, -6.504449999667585, 0.0 ], [ 107.009980000077093, -6.504460000128756, 0.0 ], [ 107.010310000006697, -6.504589999828472, 0.0 ], [ 107.010599999890275, -6.5047700000353, 0.0 ], [ 107.010800000120071, -6.504899999735017, 0.0 ], [ 107.011569999655933, -6.505249999687592, 0.0 ], [ 107.012269999560999, -6.50542000033262, 0.0 ], [ 107.012687440573075, -6.50557001804172, 0.0 ], [ 107.012910000296429, -6.505650000147192, 0.0 ], [ 107.013180000157035, -6.505770000285107, 0.0 ], [ 107.01349000006357, -6.505949999592655, 0.0 ], [ 107.013819999993189, -6.506249999937399, 0.0 ], [ 107.013909999646955, -6.506339999591173, 0.0 ], [ 107.014259999599446, -6.506659999958888, 0.0 ], [ 107.014590000428328, -6.506869999750489, 0.0 ], [ 107.015079999642509, -6.507110000026319, 0.0 ], [ 107.015449999617971, -6.507179999657122, 0.0 ], [ 107.015609999801825, -6.507190000118293, 0.0 ], [ 107.015850000077563, -6.507270000210177, 0.0 ], [ 107.016300000145094, -6.507489999563667, 0.0 ], [ 107.016520000397861, -6.507709999816527, 0.0 ], [ 107.017060000119059, -6.508239999975842, 0.0 ], [ 107.017260000348955, -6.508300000044844, 0.0 ], [ 107.017550000232518, -6.508289999583674, 0.0 ], [ 107.018000000299963, -6.508269999560703, 0.0 ], [ 107.018259999699382, -6.508320000067815, 0.0 ], [ 107.01841999988325, -6.508449999767532, 0.0 ], [ 107.01861438024963, -6.508654610821409, 0.0 ], [ 107.018800000319871, -6.508850000227131, 0.0 ], [ 107.018809999881768, -6.508910000296133, 0.0 ], [ 107.018919999558506, -6.508799999720019, 0.0 ], [ 107.019099999765331, -6.508710000066245, 0.0 ], [ 107.019170000295418, -6.508659999559221, 0.0 ], [ 107.019770000085629, -6.508039999746043, 0.0 ], [ 107.020409999921782, -6.507529999609609, 0.0 ], [ 107.020539999621491, -6.507430000394034, 0.0 ], [ 107.021000000150096, -6.507090000003348, 0.0 ], [ 107.021430000194556, -6.50670999956672, 0.0 ], [ 107.021599999940207, -6.506570000305114, 0.0 ], [ 107.021650000447323, -6.506519999798002, 0.0 ], [ 107.0218099997319, -6.506390000098285, 0.0 ], [ 107.021902719834785, -6.506297279995312, 0.0 ], [ 107.021909999846756, -6.506289999983341, 0.0 ], [ 107.022159999684391, -6.506169999845426, 0.0 ], [ 107.022430000444359, -6.506109999776513, 0.0 ], [ 107.022809999981718, -6.505989999638597, 0.0 ], [ 107.022930000119544, -6.505910000445994, 0.0 ], [ 107.022589999728851, -6.505480000401533, 0.0 ], [ 107.022549999682909, -6.50542000033262, 0.0 ], [ 107.022399999960214, -6.505320000217676, 0.0 ], [ 107.021680000032191, -6.504790000058271, 0.0 ], [ 107.021639999986149, -6.504669999920356, 0.0 ], [ 107.021639999986149, -6.504480000151727, 0.0 ], [ 107.02172999963993, -6.504190000268153, 0.0 ], [ 107.022199999730418, -6.502809999581629, 0.0 ], [ 107.022210000191507, -6.502380000436538, 0.0 ], [ 107.022040000445841, -6.501210000440985, 0.0 ], [ 107.022099999615477, -6.500970000165243, 0.0 ], [ 107.022199999730418, -6.500589999728525, 0.0 ], [ 107.022279999822302, -6.500310000306122, 0.0 ], [ 107.022250000237449, -6.499980000376606, 0.0 ], [ 107.02223999977636, -6.499769999685547, 0.0 ], [ 107.022290000283476, -6.49961999996286, 0.0 ], [ 107.022430000444359, -6.499229999964342, 0.0 ], [ 107.022700000304965, -6.498360000313621, 0.0 ], [ 107.022919999658455, -6.497669999970359, 0.0 ], [ 107.023139999911223, -6.497090000203212, 0.0 ], [ 107.023149923030701, -6.497060229945486, 0.0 ], [ 107.023380000187061, -6.496370000275178, 0.0 ], [ 107.02346000027903, -6.496069999930434, 0.0 ], [ 107.023489999863799, -6.495749999562719, 0.0 ], [ 107.023469999840827, -6.495479999702027, 0.0 ], [ 107.023469999840827, -6.495040000095766, 0.0 ], [ 107.023480000302001, -6.494710000166251, 0.0 ], [ 107.023449999817771, -6.494570000005364, 0.0 ], [ 107.023779999747376, -6.493070000080294, 0.0 ], [ 107.024189999768865, -6.492080000291569, 0.0 ], [ 107.024233690632499, -6.491969861219928, 0.0 ], [ 107.024670000320441, -6.490870000250162, 0.0 ], [ 107.024989999788872, -6.49019000036807, 0.0 ], [ 107.025629999625025, -6.489350000302121, 0.0 ], [ 107.026110000176502, -6.488980000326574, 0.0 ], [ 107.02666999992077, -6.488650000397058, 0.0 ], [ 107.027220000103142, -6.48824999993737, 0.0 ], [ 107.027509999986719, -6.487739999800937, 0.0 ], [ 107.027670000170488, -6.48740000030962, 0.0 ], [ 107.02777999984724, -6.4865400002207, 0.0 ], [ 107.027839999916239, -6.486290000383068, 0.0 ], [ 107.028049999707918, -6.485999999600125, 0.0 ], [ 107.028229999914757, -6.485920000407521, 0.0 ], [ 107.028550000282465, -6.48588999992338, 0.0 ], [ 107.029110000026648, -6.485860000338519, 0.0 ], [ 107.029310000256444, -6.485760000223664, 0.0 ], [ 107.029250000187531, -6.485629999624578, 0.0 ], [ 107.02929999979537, -6.485539999970893, 0.0 ], [ 107.029399999910225, -6.485519999947922, 0.0 ], [ 107.02966000020902, -6.485600000039806, 0.0 ], [ 107.029729999839816, -6.485629999624578, 0.0 ], [ 107.029860000438816, -6.48568999969358, 0.0 ], [ 107.030099999815278, -6.485749999762493, 0.0 ], [ 107.030210000391392, -6.485709999716551, 0.0 ], [ 107.030320000068144, -6.485609999601607, 0.0 ], [ 107.03038999969894, -6.485499999924951, 0.0 ], [ 107.03038999969894, -6.485359999763975, 0.0 ], [ 107.03064999999765, -6.485169999995346, 0.0 ], [ 107.030759999674402, -6.485179999557147, 0.0 ], [ 107.031109999626977, -6.485230000064259, 0.0 ], [ 107.031309999856774, -6.485179999557147, 0.0 ], [ 107.031369999925772, -6.485109999926433, 0.0 ], [ 107.031470000040628, -6.484900000134743, 0.0 ], [ 107.031550000132611, -6.484809999581689, 0.0 ], [ 107.031670000270523, -6.484789999558718, 0.0 ], [ 107.031829999555015, -6.484849999627631, 0.0 ], [ 107.03208999985381, -6.484929999719515, 0.0 ], [ 107.032209999991636, -6.484909999696544, 0.0 ], [ 107.032310000106577, -6.484820000042859, 0.0 ], [ 107.032479999852242, -6.484519999698115, 0.0 ], [ 107.032700000105109, -6.484340000390567, 0.0 ], [ 107.032909999896702, -6.484320000367596, 0.0 ], [ 107.032980000426875, -6.484369999975339, 0.0 ], [ 107.033130000149555, -6.484450000067312, 0.0 ], [ 107.033729999939766, -6.484730000389085, 0.0 ], [ 107.033799999570476, -6.484690000343143, 0.0 ], [ 107.033859999639489, -6.48461000025117, 0.0 ], [ 107.03387999966246, -6.484519999698115, 0.0 ], [ 107.03387999966246, -6.484377664897192, 0.0 ], [ 107.03387999966246, -6.484300000344625, 0.0 ], [ 107.033870000100563, -6.483919999907908, 0.0 ], [ 107.033999999800287, -6.483520000347589, 0.0 ], [ 107.033979999777316, -6.483269999610588, 0.0 ], [ 107.033970281703319, -6.483250562563239, 0.0 ], [ 107.033930000169562, -6.483170000395013, 0.0 ], [ 107.033469999640971, -6.48311999988799, 0.0 ], [ 107.033420000033132, -6.483039999796016, 0.0 ], [ 107.033460000079074, -6.48289000007324, 0.0 ], [ 107.033469999640971, -6.48266999982047, 0.0 ], [ 107.033420000033132, -6.482330000329153, 0.0 ], [ 107.033330000379451, -6.482190000168178, 0.0 ], [ 107.033210000241439, -6.481929999869465, 0.0 ], [ 107.033190000218468, -6.481789999708578, 0.0 ], [ 107.033279999872249, -6.481559999893918, 0.0 ], [ 107.033319999918277, -6.481499999825004, 0.0 ], [ 107.033480000102045, -6.481359999664118, 0.0 ], [ 107.033620000263028, -6.481339999641147, 0.0 ], [ 107.033769999985708, -6.48141000017123, 0.0 ], [ 107.03430999970692, -6.481660000008862, 0.0 ], [ 107.034730000189569, -6.481720000077775, 0.0 ], [ 107.034870000350367, -6.481669999570663, 0.0 ], [ 107.035080000142059, -6.481519999847976, 0.0 ], [ 107.03528000037187, -6.481479999802033, 0.0 ], [ 107.03539999961049, -6.481390000148259, 0.0 ], [ 107.035419999633461, -6.481310000056286, 0.0 ], [ 107.035439999656433, -6.481049999757573, 0.0 ], [ 107.035570000255433, -6.481009999711542, 0.0 ], [ 107.035710000416415, -6.480929999619569, 0.0 ], [ 107.035800000070097, -6.480810000381023, 0.0 ], [ 107.03586000013901, -6.480610000151223, 0.0 ], [ 107.035849999677936, -6.480420000382505, 0.0 ], [ 107.035780000047126, -6.48034999985251, 0.0 ], [ 107.035639999886243, -6.480300000244679, 0.0 ], [ 107.035470000140577, -6.480340000290621, 0.0 ], [ 107.035149999772869, -6.480360000313592, 0.0 ], [ 107.035009999611987, -6.480329999829451, 0.0 ], [ 107.034859999889292, -6.480220000152705, 0.0 ], [ 107.034790000258482, -6.48010999957668, 0.0 ], [ 107.034790000258482, -6.479990000338134, 0.0 ], [ 107.034779999797323, -6.4796800004315, 0.0 ], [ 107.034690000143542, -6.479640000385558, 0.0 ], [ 107.03452000039789, -6.479520000247643, 0.0 ], [ 107.034320000168094, -6.479309999556673, 0.0 ], [ 107.033999999800287, -6.478999999650128, 0.0 ], [ 107.033979999777316, -6.478869999950412, 0.0 ], [ 107.034059999869285, -6.478769999835468, 0.0 ], [ 107.034220000053139, -6.478560000043778, 0.0 ], [ 107.034289999683864, -6.478470000390004, 0.0 ], [ 107.034699999705438, -6.478029999884463, 0.0 ], [ 107.034790000258482, -6.477940000230689, 0.0 ], [ 107.034859999889292, -6.477869999700516, 0.0 ], [ 107.034980000027119, -6.477849999677545, 0.0 ], [ 107.035189999818812, -6.477900000184746, 0.0 ], [ 107.03557999981733, -6.478080000391575, 0.0 ], [ 107.035710000416415, -6.478080000391575, 0.0 ], [ 107.035749999562981, -6.478029999884463, 0.0 ], [ 107.035920000208009, -6.477900000184746, 0.0 ], [ 107.036100000414848, -6.477900000184746, 0.0 ], [ 107.036259999699411, -6.477980000276631, 0.0 ], [ 107.036379999837337, -6.478159999584179, 0.0 ], [ 107.036499999975248, -6.478259999699034, 0.0 ], [ 107.036580000067133, -6.478239999676063, 0.0 ], [ 107.036680000182074, -6.478150000022289, 0.0 ], [ 107.036720000228016, -6.478020000322573, 0.0 ], [ 107.036700000205045, -6.477880000161687, 0.0 ], [ 107.036549999582988, -6.477499999725058, 0.0 ], [ 107.036510000436323, -6.477370000025342, 0.0 ], [ 107.036359999814266, -6.477169999795453, 0.0 ], [ 107.036230000114557, -6.476930000418992, 0.0 ], [ 107.036270000160499, -6.476810000281166, 0.0 ], [ 107.036299999745353, -6.476650000097308, 0.0 ], [ 107.036279999722382, -6.47601999982296, 0.0 ], [ 107.036339999791295, -6.475950000192157, 0.0 ], [ 107.036549999582988, -6.475899999685044, 0.0 ], [ 107.036620000113075, -6.475930000169186, 0.0 ], [ 107.036909999996652, -6.476180000006817, 0.0 ], [ 107.037050000157535, -6.476180000006817, 0.0 ], [ 107.037239999926257, -6.476110000376103, 0.0 ], [ 107.037480000201995, -6.475979999777017, 0.0 ], [ 107.037500000224966, -6.475850000077301, 0.0 ], [ 107.0378100001316, -6.47562999982453, 0.0 ], [ 107.037839999716368, -6.475569999755528, 0.0 ], [ 107.038590000128551, -6.476150000422045, 0.0 ], [ 107.03861156587125, -6.47616712621172, 0.0 ], [ 107.038929999619953, -6.476420000282648, 0.0 ], [ 107.039390000148558, -6.476710000166221, 0.0 ], [ 107.04024384617675, -6.477286771367243, 0.0 ], [ 107.040468253107562, -6.477438356594725, 0.0 ], [ 107.040899999635428, -6.477730000438999, 0.0 ], [ 107.041220000003221, -6.477900000184746, 0.0 ], [ 107.041099999865224, -6.478430000344062, 0.0 ], [ 107.041289999633946, -6.478789999858439, 0.0 ], [ 107.04173000013958, -6.479139999810926, 0.0 ], [ 107.042089999653953, -6.479520000247643, 0.0 ], [ 107.042349999952663, -6.479979999876964, 0.0 ], [ 107.042289999883749, -6.480429999944395, 0.0 ], [ 107.042140661162804, -6.480549471280952, 0.0 ], [ 107.041589999978683, -6.480989999688571, 0.0 ], [ 107.041420000233032, -6.481290000033315, 0.0 ], [ 107.041309999657003, -6.481709999616605, 0.0 ], [ 107.040720000327966, -6.481880000261633, 0.0 ], [ 107.040239999776389, -6.482299999844923, 0.0 ], [ 107.039929999869756, -6.482589999728496, 0.0 ], [ 107.039530000309441, -6.483170000395013, 0.0 ], [ 107.039310784265453, -6.484003019923215, 0.0 ], [ 107.039279999572528, -6.484120000137708, 0.0 ], [ 107.039260000448834, -6.484770000435027, 0.0 ], [ 107.039290000033617, -6.485239999626149, 0.0 ], [ 107.039370000125587, -6.48570000015475, 0.0 ], [ 107.039330000079559, -6.486099999715069, 0.0 ], [ 107.039220000402807, -6.48631999996784, 0.0 ], [ 107.039026362876527, -6.48650646540089, 0.0 ], [ 107.038949999642924, -6.486580000266642, 0.0 ], [ 107.038539999621435, -6.486649999897356, 0.0 ], [ 107.038050000407424, -6.486600000289613, 0.0 ], [ 107.037750000062601, -6.486729999989329, 0.0 ], [ 107.037549999832805, -6.486999999849932, 0.0 ], [ 107.037409999671908, -6.487320000217647, 0.0 ], [ 107.036930000019623, -6.488140000260714, 0.0 ], [ 107.036700000205045, -6.488550000282114, 0.0 ], [ 107.036219999653468, -6.489279999772037, 0.0 ], [ 107.036080000391877, -6.489729999839469, 0.0 ], [ 107.036020000322964, -6.490210000391041, 0.0 ], [ 107.036199999630497, -6.49103999999582, 0.0 ], [ 107.036769999835855, -6.491539999671083, 0.0 ], [ 107.037509999786863, -6.491719999877912, 0.0 ], [ 107.037579463421608, -6.491738651817194, 0.0 ], [ 107.038590000128551, -6.492009999761574, 0.0 ], [ 107.039590000378354, -6.492350000152172, 0.0 ], [ 107.040469999590968, -6.492559999943861, 0.0 ], [ 107.040990000188486, -6.492780000196721, 0.0 ], [ 107.041509999886799, -6.49298999998841, 0.0 ], [ 107.041759999724349, -6.493059999619124, 0.0 ], [ 107.042089999653953, -6.49298000042652, 0.0 ], [ 107.042249999837807, -6.492960000403549, 0.0 ], [ 107.042690000343441, -6.493119999688037, 0.0 ], [ 107.043089999903756, -6.493230000264152, 0.0 ], [ 107.043379999787334, -6.493359999963868, 0.0 ], [ 107.043519999948217, -6.493319999917926, 0.0 ], [ 107.043580000017215, -6.493230000264152, 0.0 ], [ 107.043720000178013, -6.492949999942379, 0.0 ], [ 107.043869999900707, -6.492909999896437, 0.0 ], [ 107.04401000006159, -6.492929999919408, 0.0 ], [ 107.044170000245543, -6.493070000080294, 0.0 ], [ 107.044279999922281, -6.493030000034352, 0.0 ], [ 107.044400000060108, -6.492920000357607, 0.0 ], [ 107.044569999805859, -6.492820000242663, 0.0 ], [ 107.044750000012684, -6.492909999896437, 0.0 ], [ 107.044890000173567, -6.493059999619124, 0.0 ], [ 107.045039999896261, -6.493150000172179, 0.0 ], [ 107.045130000449319, -6.493019999573182, 0.0 ], [ 107.045220000103086, -6.49296999996535, 0.0 ], [ 107.045440000355853, -6.493010000011381, 0.0 ], [ 107.045839999916183, -6.493010000011381, 0.0 ], [ 107.045890000423384, -6.492949999942379, 0.0 ], [ 107.046100000214977, -6.492479999851888, 0.0 ], [ 107.046229999914686, -6.492390000198203, 0.0 ], [ 107.04639000009864, -6.492350000152172, 0.0 ], [ 107.046490000213495, -6.49233999969109, 0.0 ] ] ] ] } },
{ "type": "Feature", "properties": { "PROVNO": "32", "KABKOTNO": "01", "KECNO": "170", "DESANO": "004", "PROVINSI": "JAWA BARAT", "KABKOT": "BOGOR", "KECAMATAN": "JONGGOL", "ID2013": "3201170004", "DESA": "SINGASARI", "DESA_1": "SINGASARI", "ID2012": "3201170004", "IDKAB2": "3201", "IDKEC_2": "3201170", "WILAYAH": "TIMUR" }, "geometry": { "type": "MultiPolygon", "coordinates": [ [ [ [ 107.02400999956204, -6.445189999918401, 0.0 ], [ 107.024160000184096, -6.445209999941373, 0.0 ], [ 107.024590000228471, -6.445009999711573, 0.0 ], [ 107.025060000318959, -6.444699999804939, 0.0 ], [ 107.025179999557508, -6.444699999804939, 0.0 ], [ 107.025470000340448, -6.444810000381054, 0.0 ], [ 107.02574000020104, -6.4449299996196, 0.0 ], [ 107.025929999969676, -6.445100000264627, 0.0 ], [ 107.02609000015353, -6.445330000079288, 0.0 ], [ 107.026250000337399, -6.445720000077717, 0.0 ], [ 107.026330000429368, -6.446099999615154, 0.0 ], [ 107.026360000014137, -6.446170000145237, 0.0 ], [ 107.026409999621961, -6.446370000375037, 0.0 ], [ 107.026529999759887, -6.446769999935356, 0.0 ], [ 107.026729999989684, -6.4470700002801, 0.0 ], [ 107.026919999758405, -6.447170000395044, 0.0 ], [ 107.027169999595941, -6.447199999979816, 0.0 ], [ 107.027389999848808, -6.447150000372073, 0.0 ], [ 107.027530000009691, -6.447030000234157, 0.0 ], [ 107.027610000101575, -6.446899999635072, 0.0 ], [ 107.027630000124546, -6.446839999566158, 0.0 ], [ 107.027690000193459, -6.446830000004358, 0.0 ], [ 107.027910000446326, -6.446809999981298, 0.0 ], [ 107.028249999937728, -6.446899999635072, 0.0 ], [ 107.02837000007564, -6.446950000142273, 0.0 ], [ 107.028639999936246, -6.447090000303071, 0.0 ], [ 107.028809999681897, -6.447320000117731, 0.0 ], [ 107.029049999957735, -6.447509999886449, 0.0 ], [ 107.029829999954671, -6.447650000047336, 0.0 ], [ 107.031420000432803, -6.447170000395044, 0.0 ], [ 107.031512567651049, -6.447230647975868, 0.0 ], [ 107.031710000316465, -6.447360000163673, 0.0 ], [ 107.033480000102045, -6.448180000206651, 0.0 ], [ 107.035340000440868, -6.447389999748534, 0.0 ], [ 107.035544160035158, -6.447343898701821, 0.0 ], [ 107.035650000347403, -6.447320000117731, 0.0 ], [ 107.036089999953759, -6.447890000323078, 0.0 ], [ 107.03586000013901, -6.448080000091707, 0.0 ], [ 107.03592999976982, -6.448109999676568, 0.0 ], [ 107.036139999561499, -6.448209999791512, 0.0 ], [ 107.036769999835855, -6.448499999675086, 0.0 ], [ 107.037440000156053, -6.448750000411998, 0.0 ], [ 107.03795999985428, -6.448989999788548, 0.0 ], [ 107.03823617535933, -6.449142778416341, 0.0 ], [ 107.038429999944697, -6.449250000087261, 0.0 ], [ 107.038590000128551, -6.449319999718064, 0.0 ], [ 107.038659999759346, -6.449330000179234, 0.0 ], [ 107.038790000358432, -6.449419999833008, 0.0 ], [ 107.038880000012213, -6.449470000340032, 0.0 ], [ 107.038830000404374, -6.449539999970835, 0.0 ], [ 107.038880000012213, -6.44984999987738, 0.0 ], [ 107.038920000058155, -6.450019999623127, 0.0 ], [ 107.038909999596981, -6.4500999997151, 0.0 ], [ 107.038699999805289, -6.450270000360128, 0.0 ], [ 107.038664470289248, -6.450289379850851, 0.0 ], [ 107.038590000128551, -6.450330000429041, 0.0 ], [ 107.038506127555934, -6.450309031836223, 0.0 ], [ 107.038469999990724, -6.4502999999449, 0.0 ], [ 107.038320000267944, -6.450139999761042, 0.0 ], [ 107.038180000107147, -6.449869999900351, 0.0 ], [ 107.038140000061119, -6.449809999831437, 0.0 ], [ 107.037930000269427, -6.449809999831437, 0.0 ], [ 107.037719999578457, -6.449900000384581, 0.0 ], [ 107.037429999694879, -6.450079999692129, 0.0 ], [ 107.037139999811302, -6.4502999999449, 0.0 ], [ 107.036999999650419, -6.450330000429041, 0.0 ], [ 107.036809999881797, -6.450270000360128, 0.0 ], [ 107.036740000250987, -6.450250000337068, 0.0 ], [ 107.036620000113075, -6.450170000245183, 0.0 ], [ 107.036479999952277, -6.449990000038355, 0.0 ], [ 107.03643999990625, -6.449920000407552, 0.0 ], [ 107.036319999768324, -6.449940000430523, 0.0 ], [ 107.036259999699411, -6.449979999577184, 0.0 ], [ 107.036330000229498, -6.450540000220641, 0.0 ], [ 107.036390000298496, -6.451249999687505, 0.0 ], [ 107.03637000027544, -6.451409999871451, 0.0 ], [ 107.036310000206527, -6.451509999986307, 0.0 ], [ 107.036150000022673, -6.45159000007828, 0.0 ], [ 107.03600999986179, -6.451610000101251, 0.0 ], [ 107.035840000116039, -6.451469999940365, 0.0 ], [ 107.035639999886243, -6.451269999710565, 0.0 ], [ 107.035450000117606, -6.45114999957265, 0.0 ], [ 107.035350000002666, -6.451140000010849, 0.0 ], [ 107.035260000348899, -6.451209999641563, 0.0 ], [ 107.035109999726927, -6.451480000401535, 0.0 ], [ 107.034952915145055, -6.45207888593168, 0.0 ], [ 107.03495000044235, -6.452089999753543, 0.0 ], [ 107.034899999935234, -6.45222000035254, 0.0 ], [ 107.034810000281453, -6.452289999983343, 0.0 ], [ 107.034730000189569, -6.452370000075316, 0.0 ], [ 107.034690000143542, -6.452539999820974, 0.0 ], [ 107.034300000145024, -6.453350000302152, 0.0 ], [ 107.034159999984141, -6.453820000392554, 0.0 ], [ 107.034059999869285, -6.454010000161183, 0.0 ], [ 107.033870000100563, -6.454190000368012, 0.0 ], [ 107.033529999709884, -6.454389999698531, 0.0 ], [ 107.033460000079074, -6.454449999767533, 0.0 ], [ 107.033529999709884, -6.454540000320588, 0.0 ], [ 107.033640000285999, -6.454620000412561, 0.0 ], [ 107.033649999847796, -6.454739999651107, 0.0 ], [ 107.033649999847796, -6.454839999766051, 0.0 ], [ 107.033749999962737, -6.454890000273075, 0.0 ], [ 107.033990000238475, -6.454930000319106, 0.0 ], [ 107.03413999996117, -6.454990000388019, 0.0 ], [ 107.034260000099081, -6.455069999580623, 0.0 ], [ 107.034340000191065, -6.455269999810511, 0.0 ], [ 107.034289999683864, -6.455639999785969, 0.0 ], [ 107.034280000122052, -6.455779999946856, 0.0 ], [ 107.034320000168094, -6.455840000015858, 0.0 ], [ 107.03442000028295, -6.455909999646661, 0.0 ], [ 107.034540000420861, -6.456020000222686, 0.0 ], [ 107.034500000374919, -6.456120000337631, 0.0 ], [ 107.03442000028295, -6.456239999576177, 0.0 ], [ 107.034300000145024, -6.456419999783005, 0.0 ], [ 107.034289999683864, -6.456579999966863, 0.0 ], [ 107.034380000237007, -6.456680000081807, 0.0 ], [ 107.034659999659397, -6.456900000334578, 0.0 ], [ 107.034679999682368, -6.457070000080325, 0.0 ], [ 107.034664013333682, -6.457181907219081, 0.0 ], [ 107.034639999636426, -6.457350000402009, 0.0 ], [ 107.034549999982659, -6.457970000215187, 0.0 ], [ 107.034610000051657, -6.458110000376074, 0.0 ], [ 107.034879999912263, -6.458759999774024, 0.0 ], [ 107.034899999935234, -6.459550000232142, 0.0 ], [ 107.034910000396408, -6.459869999700576, 0.0 ], [ 107.034910000396408, -6.460009999861462, 0.0 ], [ 107.034690000143542, -6.460849999927412, 0.0 ], [ 107.03467000012057, -6.461500000224643, 0.0 ], [ 107.034779999797323, -6.462169999645564, 0.0 ], [ 107.03495000044235, -6.462610000151283, 0.0 ], [ 107.035220000302957, -6.463089999803486, 0.0 ], [ 107.035769999585952, -6.463550000332088, 0.0 ], [ 107.03600999986179, -6.46361000040109, 0.0 ], [ 107.036080000391877, -6.463669999570634, 0.0 ], [ 107.036470000390381, -6.463940000330606, 0.0 ], [ 107.036549999582988, -6.464000000399519, 0.0 ], [ 107.036576630307465, -6.464181084289446, 0.0 ], [ 107.03659500705416, -6.464306049584359, 0.0 ], [ 107.036600000090104, -6.464339999890925, 0.0 ], [ 107.036629999674872, -6.464480000051811, 0.0 ], [ 107.036700000205045, -6.464629999774498, 0.0 ], [ 107.036780000296929, -6.464669999820529, 0.0 ], [ 107.036919999558535, -6.464700000304582, 0.0 ], [ 107.037170000295447, -6.464859999589159, 0.0 ], [ 107.037389999648937, -6.465099999864989, 0.0 ], [ 107.037429999694879, -6.465190000418044, 0.0 ], [ 107.037569999855776, -6.465400000209645, 0.0 ], [ 107.037609999901719, -6.465549999932332, 0.0 ], [ 107.037669999970717, -6.465659999609166, 0.0 ], [ 107.038089999554003, -6.465839999815994, 0.0 ], [ 107.038260000199031, -6.465910000346078, 0.0 ], [ 107.038659999759346, -6.466140000160649, 0.0 ], [ 107.038779999897258, -6.466240000275594, 0.0 ], [ 107.038790000358432, -6.466470000090254, 0.0 ], [ 107.038759999874287, -6.466630000274112, 0.0 ], [ 107.038838525977425, -6.466721259878074, 0.0 ], [ 107.039129999849749, -6.467060000318572, 0.0 ], [ 107.039290000033617, -6.467330000179263, 0.0 ], [ 107.039355207177294, -6.467550075075703, 0.0 ], [ 107.039362078897028, -6.467573266792694, 0.0 ], [ 107.039370000125587, -6.467600000039777, 0.0 ], [ 107.039439999756382, -6.468219999852955, 0.0 ], [ 107.039579999917265, -6.468759999574161, 0.0 ], [ 107.039570000355383, -6.469039999895934, 0.0 ], [ 107.039299999595499, -6.469850000377022, 0.0 ], [ 107.039319999618471, -6.470280000421482, 0.0 ], [ 107.039539999871323, -6.470949999842404, 0.0 ], [ 107.039780000147076, -6.471159999634093, 0.0 ], [ 107.039869999800842, -6.471250000187148, 0.0 ], [ 107.039900000284987, -6.471410000371094, 0.0 ], [ 107.039860000239045, -6.471560000093781, 0.0 ], [ 107.039769999685902, -6.471589999678642, 0.0 ], [ 107.039359999664413, -6.471689999793497, 0.0 ], [ 107.039160000333894, -6.471669999770526, 0.0 ], [ 107.039069999780835, -6.471660000208637, 0.0 ], [ 107.038940000081126, -6.471749999862411, 0.0 ], [ 107.038880000012213, -6.471990000138241, 0.0 ], [ 107.038839999966171, -6.472070000230215, 0.0 ], [ 107.038610000151522, -6.472139999860929, 0.0 ], [ 107.038510000036666, -6.4721599998839, 0.0 ], [ 107.038469999990724, -6.472360000113788, 0.0 ], [ 107.038469999990724, -6.472779999697078, 0.0 ], [ 107.038490000013695, -6.473109999626594, 0.0 ], [ 107.038519999598464, -6.473309999856482, 0.0 ], [ 107.038449999967753, -6.473639999785998, 0.0 ], [ 107.038360000313972, -6.473849999577688, 0.0 ], [ 107.038260000199031, -6.473920000107771, 0.0 ], [ 107.038010000361396, -6.474020000222627, 0.0 ], [ 107.037850000177542, -6.47408999985343, 0.0 ], [ 107.037770000085658, -6.474200000429544, 0.0 ], [ 107.037600000339907, -6.47453000035906, 0.0 ], [ 107.037509999786863, -6.474720000127689, 0.0 ], [ 107.037508050056701, -6.474747297249763, 0.0 ], [ 107.037500000224966, -6.474860000288665, 0.0 ], [ 107.037549999832805, -6.474929999919468, 0.0 ], [ 107.037669999970717, -6.475010000011352, 0.0 ], [ 107.037739999601428, -6.475190000218181, 0.0 ], [ 107.037830000154571, -6.475400000009781, 0.0 ], [ 107.037850000177542, -6.475500000124725, 0.0 ], [ 107.037839999716368, -6.475569999755528, 0.0 ], [ 107.0378100001316, -6.47562999982453, 0.0 ], [ 107.037500000224966, -6.475850000077301, 0.0 ], [ 107.037480000201995, -6.475979999777017, 0.0 ], [ 107.037239999926257, -6.476110000376103, 0.0 ], [ 107.037050000157535, -6.476180000006817, 0.0 ], [ 107.036909999996652, -6.476180000006817, 0.0 ], [ 107.036620000113075, -6.475930000169186, 0.0 ], [ 107.036549999582988, -6.475899999685044, 0.0 ], [ 107.036339999791295, -6.475950000192157, 0.0 ], [ 107.036279999722382, -6.47601999982296, 0.0 ], [ 107.036299999745353, -6.476650000097308, 0.0 ], [ 107.036270000160499, -6.476810000281166, 0.0 ], [ 107.036230000114557, -6.476930000418992, 0.0 ], [ 107.036359999814266, -6.477169999795453, 0.0 ], [ 107.036510000436323, -6.477370000025342, 0.0 ], [ 107.036549999582988, -6.477499999725058, 0.0 ], [ 107.036700000205045, -6.477880000161687, 0.0 ], [ 107.036720000228016, -6.478020000322573, 0.0 ], [ 107.036680000182074, -6.478150000022289, 0.0 ], [ 107.036580000067133, -6.478239999676063, 0.0 ], [ 107.036499999975248, -6.478259999699034, 0.0 ], [ 107.036379999837337, -6.478159999584179, 0.0 ], [ 107.036259999699411, -6.477980000276631, 0.0 ], [ 107.036100000414848, -6.477900000184746, 0.0 ], [ 107.035920000208009, -6.477900000184746, 0.0 ], [ 107.035749999562981, -6.478029999884463, 0.0 ], [ 107.035710000416415, -6.478080000391575, 0.0 ], [ 107.03557999981733, -6.478080000391575, 0.0 ], [ 107.035189999818812, -6.477900000184746, 0.0 ], [ 107.034980000027119, -6.477849999677545, 0.0 ], [ 107.034859999889292, -6.477869999700516, 0.0 ], [ 107.034790000258482, -6.477940000230689, 0.0 ], [ 107.034699999705438, -6.478029999884463, 0.0 ], [ 107.034289999683864, -6.478470000390004, 0.0 ], [ 107.034220000053139, -6.478560000043778, 0.0 ], [ 107.034059999869285, -6.478769999835468, 0.0 ], [ 107.033979999777316, -6.478869999950412, 0.0 ], [ 107.033999999800287, -6.478999999650128, 0.0 ], [ 107.034320000168094, -6.479309999556673, 0.0 ], [ 107.03452000039789, -6.479520000247643, 0.0 ], [ 107.034690000143542, -6.479640000385558, 0.0 ], [ 107.034779999797323, -6.4796800004315, 0.0 ], [ 107.034790000258482, -6.479990000338134, 0.0 ], [ 107.034790000258482, -6.48010999957668, 0.0 ], [ 107.034859999889292, -6.480220000152705, 0.0 ], [ 107.035009999611987, -6.480329999829451, 0.0 ], [ 107.035149999772869, -6.480360000313592, 0.0 ], [ 107.035470000140577, -6.480340000290621, 0.0 ], [ 107.035639999886243, -6.480300000244679, 0.0 ], [ 107.035780000047126, -6.48034999985251, 0.0 ], [ 107.035849999677936, -6.480420000382505, 0.0 ], [ 107.03586000013901, -6.480610000151223, 0.0 ], [ 107.035800000070097, -6.480810000381023, 0.0 ], [ 107.035710000416415, -6.480929999619569, 0.0 ], [ 107.035570000255433, -6.481009999711542, 0.0 ], [ 107.035439999656433, -6.481049999757573, 0.0 ], [ 107.035419999633461, -6.481310000056286, 0.0 ], [ 107.03539999961049, -6.481390000148259, 0.0 ], [ 107.03528000037187, -6.481479999802033, 0.0 ], [ 107.035080000142059, -6.481519999847976, 0.0 ], [ 107.034870000350367, -6.481669999570663, 0.0 ], [ 107.034730000189569, -6.481720000077775, 0.0 ], [ 107.03430999970692, -6.481660000008862, 0.0 ], [ 107.033769999985708, -6.48141000017123, 0.0 ], [ 107.033620000263028, -6.481339999641147, 0.0 ], [ 107.033480000102045, -6.481359999664118, 0.0 ], [ 107.033319999918277, -6.481499999825004, 0.0 ], [ 107.033279999872249, -6.481559999893918, 0.0 ], [ 107.033190000218468, -6.481789999708578, 0.0 ], [ 107.033210000241439, -6.481929999869465, 0.0 ], [ 107.033330000379451, -6.482190000168178, 0.0 ], [ 107.033420000033132, -6.482330000329153, 0.0 ], [ 107.033469999640971, -6.48266999982047, 0.0 ], [ 107.033460000079074, -6.48289000007324, 0.0 ], [ 107.033420000033132, -6.483039999796016, 0.0 ], [ 107.033469999640971, -6.48311999988799, 0.0 ], [ 107.033930000169562, -6.483170000395013, 0.0 ], [ 107.033970281703319, -6.483250562563239, 0.0 ], [ 107.033979999777316, -6.483269999610588, 0.0 ], [ 107.033999999800287, -6.483520000347589, 0.0 ], [ 107.033870000100563, -6.483919999907908, 0.0 ], [ 107.03387999966246, -6.484300000344625, 0.0 ], [ 107.03387999966246, -6.484377664897192, 0.0 ], [ 107.03387999966246, -6.484519999698115, 0.0 ], [ 107.033859999639489, -6.48461000025117, 0.0 ], [ 107.033799999570476, -6.484690000343143, 0.0 ], [ 107.033729999939766, -6.484730000389085, 0.0 ], [ 107.033130000149555, -6.484450000067312, 0.0 ], [ 107.032980000426875, -6.484369999975339, 0.0 ], [ 107.032909999896702, -6.484320000367596, 0.0 ], [ 107.032700000105109, -6.484340000390567, 0.0 ], [ 107.032479999852242, -6.484519999698115, 0.0 ], [ 107.032310000106577, -6.484820000042859, 0.0 ], [ 107.032209999991636, -6.484909999696544, 0.0 ], [ 107.03208999985381, -6.484929999719515, 0.0 ], [ 107.031829999555015, -6.484849999627631, 0.0 ], [ 107.031670000270523, -6.484789999558718, 0.0 ], [ 107.031550000132611, -6.484809999581689, 0.0 ], [ 107.031470000040628, -6.484900000134743, 0.0 ], [ 107.031369999925772, -6.485109999926433, 0.0 ], [ 107.031309999856774, -6.485179999557147, 0.0 ], [ 107.031109999626977, -6.485230000064259, 0.0 ], [ 107.030759999674402, -6.485179999557147, 0.0 ], [ 107.03064999999765, -6.485169999995346, 0.0 ], [ 107.03038999969894, -6.485359999763975, 0.0 ], [ 107.03038999969894, -6.485499999924951, 0.0 ], [ 107.030320000068144, -6.485609999601607, 0.0 ], [ 107.030210000391392, -6.485709999716551, 0.0 ], [ 107.030099999815278, -6.485749999762493, 0.0 ], [ 107.029860000438816, -6.48568999969358, 0.0 ], [ 107.029729999839816, -6.485629999624578, 0.0 ], [ 107.02966000020902, -6.485600000039806, 0.0 ], [ 107.029399999910225, -6.485519999947922, 0.0 ], [ 107.02929999979537, -6.485539999970893, 0.0 ], [ 107.029250000187531, -6.485629999624578, 0.0 ], [ 107.029310000256444, -6.485760000223664, 0.0 ], [ 107.029110000026648, -6.485860000338519, 0.0 ], [ 107.028550000282465, -6.48588999992338, 0.0 ], [ 107.028229999914757, -6.485920000407521, 0.0 ], [ 107.028049999707918, -6.485999999600125, 0.0 ], [ 107.027839999916239, -6.486290000383068, 0.0 ], [ 107.02777999984724, -6.4865400002207, 0.0 ], [ 107.027670000170488, -6.48740000030962, 0.0 ], [ 107.027509999986719, -6.487739999800937, 0.0 ], [ 107.027220000103142, -6.48824999993737, 0.0 ], [ 107.02666999992077, -6.488650000397058, 0.0 ], [ 107.026110000176502, -6.488980000326574, 0.0 ], [ 107.025629999625025, -6.489350000302121, 0.0 ], [ 107.024989999788872, -6.49019000036807, 0.0 ], [ 107.024670000320441, -6.490870000250162, 0.0 ], [ 107.024233690632499, -6.491969861219928, 0.0 ], [ 107.024189999768865, -6.492080000291569, 0.0 ], [ 107.023779999747376, -6.493070000080294, 0.0 ], [ 107.023449999817771, -6.494570000005364, 0.0 ], [ 107.023480000302001, -6.494710000166251, 0.0 ], [ 107.023469999840827, -6.495040000095766, 0.0 ], [ 107.023469999840827, -6.495479999702027, 0.0 ], [ 107.023489999863799, -6.495749999562719, 0.0 ], [ 107.02346000027903, -6.496069999930434, 0.0 ], [ 107.023380000187061, -6.496370000275178, 0.0 ], [ 107.023149923030701, -6.497060229945486, 0.0 ], [ 107.023139999911223, -6.497090000203212, 0.0 ], [ 107.022919999658455, -6.497669999970359, 0.0 ], [ 107.022700000304965, -6.498360000313621, 0.0 ], [ 107.022430000444359, -6.499229999964342, 0.0 ], [ 107.022290000283476, -6.49961999996286, 0.0 ], [ 107.02223999977636, -6.499769999685547, 0.0 ], [ 107.022250000237449, -6.499980000376606, 0.0 ], [ 107.022279999822302, -6.500310000306122, 0.0 ], [ 107.022199999730418, -6.500589999728525, 0.0 ], [ 107.022099999615477, -6.500970000165243, 0.0 ], [ 107.022040000445841, -6.501210000440985, 0.0 ], [ 107.022210000191507, -6.502380000436538, 0.0 ], [ 107.022199999730418, -6.502809999581629, 0.0 ], [ 107.02172999963993, -6.504190000268153, 0.0 ], [ 107.021639999986149, -6.504480000151727, 0.0 ], [ 107.021639999986149, -6.504669999920356, 0.0 ], [ 107.021680000032191, -6.504790000058271, 0.0 ], [ 107.022399999960214, -6.505320000217676, 0.0 ], [ 107.022549999682909, -6.50542000033262, 0.0 ], [ 107.022589999728851, -6.505480000401533, 0.0 ], [ 107.022930000119544, -6.505910000445994, 0.0 ], [ 107.022809999981718, -6.505989999638597, 0.0 ], [ 107.022430000444359, -6.506109999776513, 0.0 ], [ 107.022159999684391, -6.506169999845426, 0.0 ], [ 107.021909999846756, -6.506289999983341, 0.0 ], [ 107.021902719834785, -6.506297279995312, 0.0 ], [ 107.0218099997319, -6.506390000098285, 0.0 ], [ 107.021650000447323, -6.506519999798002, 0.0 ], [ 107.021599999940207, -6.506570000305114, 0.0 ], [ 107.021430000194556, -6.50670999956672, 0.0 ], [ 107.021000000150096, -6.507090000003348, 0.0 ], [ 107.020539999621491, -6.507430000394034, 0.0 ], [ 107.020409999921782, -6.507529999609609, 0.0 ], [ 107.019770000085629, -6.508039999746043, 0.0 ], [ 107.019170000295418, -6.508659999559221, 0.0 ], [ 107.019099999765331, -6.508710000066245, 0.0 ], [ 107.018919999558506, -6.508799999720019, 0.0 ], [ 107.018809999881768, -6.508910000296133, 0.0 ], [ 107.018800000319871, -6.508850000227131, 0.0 ], [ 107.01861438024963, -6.508654610821409, 0.0 ], [ 107.01841999988325, -6.508449999767532, 0.0 ], [ 107.018259999699382, -6.508320000067815, 0.0 ], [ 107.018000000299963, -6.508269999560703, 0.0 ], [ 107.017550000232518, -6.508289999583674, 0.0 ], [ 107.017260000348955, -6.508300000044844, 0.0 ], [ 107.017060000119059, -6.508239999975842, 0.0 ], [ 107.016520000397861, -6.507709999816527, 0.0 ], [ 107.016300000145094, -6.507489999563667, 0.0 ], [ 107.015850000077563, -6.507270000210177, 0.0 ], [ 107.015609999801825, -6.507190000118293, 0.0 ], [ 107.015449999617971, -6.507179999657122, 0.0 ], [ 107.015079999642509, -6.507110000026319, 0.0 ], [ 107.014590000428328, -6.506869999750489, 0.0 ], [ 107.014259999599446, -6.506659999958888, 0.0 ], [ 107.013909999646955, -6.506339999591173, 0.0 ], [ 107.013819999993189, -6.506249999937399, 0.0 ], [ 107.01349000006357, -6.505949999592655, 0.0 ], [ 107.013180000157035, -6.505770000285107, 0.0 ], [ 107.012910000296429, -6.505650000147192, 0.0 ], [ 107.012687440573075, -6.50557001804172, 0.0 ], [ 107.012269999560999, -6.50542000033262, 0.0 ], [ 107.011569999655933, -6.505249999687592, 0.0 ], [ 107.010800000120071, -6.504899999735017, 0.0 ], [ 107.010599999890275, -6.5047700000353, 0.0 ], [ 107.010310000006697, -6.504589999828472, 0.0 ], [ 107.009980000077093, -6.504460000128756, 0.0 ], [ 107.009590000078575, -6.504449999667585, 0.0 ], [ 107.0095752691835, -6.504449999667585, 0.0 ], [ 107.008640000335873, -6.504449999667585, 0.0 ], [ 107.008230000314398, -6.504319999967869, 0.0 ], [ 107.007740000201011, -6.504039999646096, 0.0 ], [ 107.007226455836388, -6.503767666044737, 0.0 ], [ 107.007080000341986, -6.50368999969352, 0.0 ], [ 107.006220000252981, -6.503379999786976, 0.0 ], [ 107.005580000416828, -6.503160000433486, 0.0 ], [ 107.004919999658426, -6.502940000180715, 0.0 ], [ 107.004319999868301, -6.502759999973886, 0.0 ], [ 107.003849999777813, -6.502650000297141, 0.0 ], [ 107.003410000171556, -6.502490000113283, 0.0 ], [ 107.002889999573952, -6.502300000344565, 0.0 ], [ 107.002499999575519, -6.502020000022792, 0.0 ], [ 107.002249999737899, -6.501679999632106, 0.0 ], [ 107.002599999690375, -6.50154999993239, 0.0 ], [ 107.002679999782345, -6.501500000324558, 0.0 ], [ 107.002850000427372, -6.501340000140701, 0.0 ], [ 107.002960000104125, -6.501240000025845, 0.0 ], [ 107.003080000241951, -6.501150000372071, 0.0 ], [ 107.003319999618412, -6.501030000234156, 0.0 ], [ 107.003680000032162, -6.500859999589128, 0.0 ], [ 107.0037899997089, -6.500740000350582, 0.0 ], [ 107.003889999823755, -6.500540000120694, 0.0 ], [ 107.003980000376899, -6.500509999636641, 0.0 ], [ 107.004059999569506, -6.500549999682583, 0.0 ], [ 107.004190000168506, -6.500609999751497, 0.0 ], [ 107.004259999799302, -6.500549999682583, 0.0 ], [ 107.004390000398388, -6.500399999959896, 0.0 ], [ 107.004410000421359, -6.500219999753067, 0.0 ], [ 107.004359999914243, -6.500139999661094, 0.0 ], [ 107.004279999822273, -6.500110000076322, 0.0 ], [ 107.004139999661476, -6.500059999569121, 0.0 ], [ 107.004090000053651, -6.499980000376606, 0.0 ], [ 107.004110000076622, -6.499880000261662, 0.0 ], [ 107.004190000168506, -6.499800000169689, 0.0 ], [ 107.004359999914243, -6.499590000378088, 0.0 ], [ 107.004560000144053, -6.499220000402541, 0.0 ], [ 107.004600000189996, -6.499120000287597, 0.0 ], [ 107.004589999728822, -6.499049999757514, 0.0 ], [ 107.004569999705851, -6.498929999619598, 0.0 ], [ 107.004629999774849, -6.498830000404023, 0.0 ], [ 107.004740000350878, -6.498710000266197, 0.0 ], [ 107.004780000396821, -6.498650000197195, 0.0 ], [ 107.004939999681397, -6.498280000221648, 0.0 ], [ 107.004919999658426, -6.498010000361134, 0.0 ], [ 107.00497999972734, -6.497930000269161, 0.0 ], [ 107.00515999993425, -6.49768999999333, 0.0 ], [ 107.005139999911279, -6.497469999740559, 0.0 ], [ 107.005280000072077, -6.497170000295096, 0.0 ], [ 107.005280000072077, -6.497030000134298, 0.0 ], [ 107.005289999633973, -6.496959999604126, 0.0 ], [ 107.005300000095048, -6.496849999927381, 0.0 ], [ 107.005389999748829, -6.496669999720552, 0.0 ], [ 107.005489999863769, -6.496470000390033, 0.0 ], [ 107.005639999586464, -6.496210000091232, 0.0 ], [ 107.005600000439884, -6.496100000414486, 0.0 ], [ 107.005600000439884, -6.496029999884403, 0.0 ], [ 107.005560000393857, -6.49596999981549, 0.0 ], [ 107.005210000441366, -6.495849999677574, 0.0 ], [ 107.00507999984228, -6.495699999954887, 0.0 ], [ 107.004939999681397, -6.49553000020914, 0.0 ], [ 107.004990000188513, -6.495020000072795, 0.0 ], [ 107.005050000257512, -6.494810000281106, 0.0 ], [ 107.004959999704369, -6.494690000143279, 0.0 ], [ 107.004859999589513, -6.494670000120308, 0.0 ], [ 107.004700000304936, -6.494630000074277, 0.0 ], [ 107.004540000121082, -6.494509999936362, 0.0 ], [ 107.004179999707418, -6.493990000238128, 0.0 ], [ 107.004059999569506, -6.493769999985357, 0.0 ], [ 107.003889999823755, -6.49362000026267, 0.0 ], [ 107.0037899997089, -6.493560000193668, 0.0 ], [ 107.003550000332439, -6.493589999778528, 0.0 ], [ 107.002929999619894, -6.493640000285641, 0.0 ], [ 107.002570000105607, -6.493669999870502, 0.0 ], [ 107.002460000428869, -6.493660000308612, 0.0 ], [ 107.002320000267972, -6.493569999755557, 0.0 ], [ 107.002221484034408, -6.49343207792791, 0.0 ], [ 107.002220000153031, -6.493429999594671, 0.0 ], [ 107.002030000384394, -6.49298000042652, 0.0 ], [ 107.002030000384394, -6.492860000288605, 0.0 ], [ 107.001999999900264, -6.492620000012863, 0.0 ], [ 107.001879999762338, -6.492379999737032, 0.0 ], [ 107.001839999716395, -6.492270000060287, 0.0 ], [ 107.002059999969262, -6.49167000027008, 0.0 ], [ 107.002070000430336, -6.491610000201167, 0.0 ], [ 107.001999999900264, -6.491539999671083, 0.0 ], [ 107.001839999716395, -6.491510000086311, 0.0 ], [ 107.001569999855803, -6.491559999694054, 0.0 ], [ 107.001460000179051, -6.491579999717025, 0.0 ], [ 107.001380000087082, -6.491519999648112, 0.0 ], [ 107.001349999602937, -6.491439999556139, 0.0 ], [ 107.001389999648978, -6.491340000340564, 0.0 ], [ 107.001489999763834, -6.491169999695536, 0.0 ], [ 107.001500000224993, -6.490850000227191, 0.0 ], [ 107.001500000224993, -6.490659999559192, 0.0 ], [ 107.001719999578484, -6.490440000205702, 0.0 ], [ 107.001790000108571, -6.490360000113728, 0.0 ], [ 107.001850000177484, -6.490170000345099, 0.0 ], [ 107.00187000020054, -6.489939999631158, 0.0 ], [ 107.001830000154513, -6.48976000032361, 0.0 ], [ 107.001750000062628, -6.489580000116781, 0.0 ], [ 107.001649999947688, -6.489489999563638, 0.0 ], [ 107.001489999763834, -6.489439999955895, 0.0 ], [ 107.001230000364387, -6.489339999840951, 0.0 ], [ 107.001119999788372, -6.489270000210148, 0.0 ], [ 107.00101000011162, -6.489150000072321, 0.0 ], [ 107.000990000088649, -6.488519999797973, 0.0 ], [ 107.001030000134591, -6.488149999822515, 0.0 ], [ 107.000979999627475, -6.48761000010122, 0.0 ], [ 107.001039999696388, -6.487329999779448, 0.0 ], [ 107.001039999696388, -6.486910000196158, 0.0 ], [ 107.00101000011162, -6.486700000404557, 0.0 ], [ 107.000979999627475, -6.486629999874385, 0.0 ], [ 107.000880000411911, -6.486600000289613, 0.0 ], [ 107.0007600002739, -6.486600000289613, 0.0 ], [ 107.000640000136073, -6.4865499997825, 0.0 ], [ 107.00054999958293, -6.486460000128726, 0.0 ], [ 107.000529999559959, -6.486369999575672, 0.0 ], [ 107.000789999858767, -6.486030000084266, 0.0 ], [ 107.000880000411911, -6.485920000407521, 0.0 ], [ 107.00093000001965, -6.485550000431974, 0.0 ], [ 107.000950000042621, -6.485239999626149, 0.0 ], [ 107.000970000065678, -6.485169999995346, 0.0 ], [ 107.001139999811343, -6.48525999964912, 0.0 ], [ 107.001230000364387, -6.485290000133261, 0.0 ], [ 107.001299999995197, -6.485270000110201, 0.0 ], [ 107.001380000087082, -6.485169999995346, 0.0 ], [ 107.001440000155995, -6.484989999788517, 0.0 ], [ 107.001640000385891, -6.484719999927915, 0.0 ], [ 107.001699999555512, -6.484630000274141, 0.0 ], [ 107.001699999555512, -6.484559999744057, 0.0 ], [ 107.001609999901746, -6.484430000044341, 0.0 ], [ 107.001560000294006, -6.484260000298594, 0.0 ], [ 107.001520000247965, -6.48397000041502, 0.0 ], [ 107.001460000179051, -6.483819999793052, 0.0 ], [ 107.001360000064111, -6.483770000185221, 0.0 ], [ 107.001210000341416, -6.483799999769992, 0.0 ], [ 107.001119999788372, -6.483810000231163, 0.0 ], [ 107.001030000134591, -6.483819999793052, 0.0 ], [ 107.000919999558477, -6.483930000369078, 0.0 ], [ 107.000820000342912, -6.484029999584653, 0.0 ], [ 107.000700000204986, -6.484060000068794, 0.0 ], [ 107.000519999998161, -6.484029999584653, 0.0 ], [ 107.000439999906277, -6.483979999976821, 0.0 ], [ 107.000370000275467, -6.483899999884937, 0.0 ], [ 107.000370000275467, -6.483799999769992, 0.0 ], [ 107.000419999883306, -6.483699999655048, 0.0 ], [ 107.000569999605901, -6.483650000047305, 0.0 ], [ 107.000840000365883, -6.483610000001363, 0.0 ], [ 107.000959999604419, -6.483549999932361, 0.0 ], [ 107.001059999719359, -6.483449999817505, 0.0 ], [ 107.001099999765401, -6.483349999702561, 0.0 ], [ 107.001099999765401, -6.483280000071758, 0.0 ], [ 107.000889999973708, -6.483229999564646, 0.0 ], [ 107.000640000136073, -6.483199999979874, 0.0 ], [ 107.000370000275467, -6.483039999796016, 0.0 ], [ 107.000230000114584, -6.482959999704043, 0.0 ], [ 107.000009999861817, -6.482939999681072, 0.0 ], [ 107.000003647950194, -6.482609679592901, 0.0 ], [ 106.999989999838846, -6.481900000284604, 0.0 ], [ 107.000029999884788, -6.481809999731549, 0.0 ], [ 107.000120000437846, -6.481650000447061, 0.0 ], [ 107.00021999965341, -6.481570000355088, 0.0 ], [ 107.000279999722423, -6.481570000355088, 0.0 ], [ 107.000419999883306, -6.481709999616605, 0.0 ], [ 107.000519999998161, -6.481820000192631, 0.0 ], [ 107.0012900004334, -6.481960000353606, 0.0 ], [ 107.001509999786805, -6.481969999915407, 0.0 ], [ 107.001589999878775, -6.481940000330635, 0.0 ], [ 107.001680000431833, -6.481869999800463, 0.0 ], [ 107.001669999970744, -6.481539999870947, 0.0 ], [ 107.001660000408862, -6.481390000148259, 0.0 ], [ 107.001699999555512, -6.481279999572145, 0.0 ], [ 107.0017700000856, -6.481220000402512, 0.0 ], [ 107.001879999762338, -6.481160000333599, 0.0 ], [ 107.001910000246482, -6.480880000011826, 0.0 ], [ 107.001930000269454, -6.480719999827969, 0.0 ], [ 107.001959999854321, -6.480650000197254, 0.0 ], [ 107.002079999992233, -6.480659999759055, 0.0 ], [ 107.002149999622944, -6.480679999782026, 0.0 ], [ 107.002260000199058, -6.480590000128252, 0.0 ], [ 107.002140000061146, -6.480240000175677, 0.0 ], [ 107.002109999577002, -6.480149999622622, 0.0 ], [ 107.002189999668886, -6.480019999922906, 0.0 ], [ 107.002260000199058, -6.479919999807962, 0.0 ], [ 107.002280000222029, -6.479779999647164, 0.0 ], [ 107.002240000176002, -6.479569999855475, 0.0 ], [ 107.002120000038175, -6.479309999556673, 0.0 ], [ 107.002050000407365, -6.479170000295156, 0.0 ], [ 107.002100000015204, -6.478909999996354, 0.0 ], [ 107.00208999955403, -6.47862000011278, 0.0 ], [ 107.002079999992233, -6.478439999905863, 0.0 ], [ 107.002100000015204, -6.478319999768036, 0.0 ], [ 107.002260000199058, -6.47819000006832, 0.0 ], [ 107.002420000382827, -6.478069999930405, 0.0 ], [ 107.002479999552548, -6.477980000276631, 0.0 ], [ 107.002409999921753, -6.477769999585661, 0.0 ], [ 107.002360000313914, -6.477650000347026, 0.0 ], [ 107.002440000405798, -6.4773299999794, 0.0 ], [ 107.002599999690375, -6.476980000026824, 0.0 ], [ 107.002741047561443, -6.476739042872417, 0.0 ], [ 107.002839999966213, -6.476570000005335, 0.0 ], [ 107.002869999550981, -6.476509999936422, 0.0 ], [ 107.002869999550981, -6.476280000121761, 0.0 ], [ 107.002900000035126, -6.476070000330072, 0.0 ], [ 107.002920000058097, -6.475979999777017, 0.0 ], [ 107.002859999989184, -6.475899999685044, 0.0 ], [ 107.002730000289461, -6.47581000003127, 0.0 ], [ 107.002559999644433, -6.475769999985328, 0.0 ], [ 107.002420000382827, -6.475760000423527, 0.0 ], [ 107.002309999806812, -6.475689999893444, 0.0 ], [ 107.002249999737899, -6.475589999778499, 0.0 ], [ 107.002240000176002, -6.475500000124725, 0.0 ], [ 107.002289999783841, -6.475420000032841, 0.0 ], [ 107.002400000359856, -6.47539000044798, 0.0 ], [ 107.002719999828287, -6.475420000032841, 0.0 ], [ 107.002839999966213, -6.47539000044798, 0.0 ], [ 107.002869999550981, -6.475299999894926, 0.0 ], [ 107.002770000335403, -6.475199999779981, 0.0 ], [ 107.002639999736317, -6.475150000172238, 0.0 ], [ 107.002429999944724, -6.475150000172238, 0.0 ], [ 107.00226999976087, -6.47517999975701, 0.0 ], [ 107.002120000038175, -6.475270000310065, 0.0 ], [ 107.001990000338452, -6.47537999998681, 0.0 ], [ 107.00191999980828, -6.47539000044798, 0.0 ], [ 107.001810000131542, -6.475330000379067, 0.0 ], [ 107.001750000062628, -6.475170000195209, 0.0 ], [ 107.001710000016686, -6.474940000380549, 0.0 ], [ 107.001710000016686, -6.474780000196692, 0.0 ], [ 107.0012900004334, -6.474350000152231, 0.0 ], [ 107.001230000364387, -6.474279999622148, 0.0 ], [ 107.001460000179051, -6.473949999692632, 0.0 ], [ 107.001500000224993, -6.473840000015887, 0.0 ], [ 107.001299999995197, -6.473719999877883, 0.0 ], [ 107.001199999880257, -6.47367000027014, 0.0 ], [ 107.001119999788372, -6.473530000109253, 0.0 ], [ 107.001050000157562, -6.473429999994309, 0.0 ], [ 107.000959999604419, -6.473380000386566, 0.0 ], [ 107.000840000365883, -6.473400000409537, 0.0 ], [ 107.000669999720941, -6.473519999648083, 0.0 ], [ 107.000569999605901, -6.473619999763027, 0.0 ], [ 107.000589999628971, -6.473819999992827, 0.0 ], [ 107.000589999628971, -6.473980000176685, 0.0 ], [ 107.000459999929248, -6.474020000222627, 0.0 ], [ 107.000330000229525, -6.473960000153713, 0.0 ], [ 107.00021999965341, -6.473799999969856, 0.0 ], [ 106.999989999838846, -6.473519999648083, 0.0 ], [ 106.999989999838846, -6.473060000018851, 0.0 ], [ 107.000049999907759, -6.472930000319046, 0.0 ], [ 107.000049999907759, -6.472759999674107, 0.0 ], [ 106.999989999838846, -6.472629999974302, 0.0 ], [ 106.999650000347444, -6.472349999652618, 0.0 ], [ 106.999100000165072, -6.472059999768955, 0.0 ], [ 106.998989999588957, -6.47197000011527, 0.0 ], [ 106.998939999981204, -6.471910000046268, 0.0 ], [ 106.998960000004175, -6.471800000369612, 0.0 ], [ 106.99912999974984, -6.471629999724584, 0.0 ], [ 106.999169999795782, -6.471560000093781, 0.0 ], [ 106.999080000142001, -6.471370000325063, 0.0 ], [ 106.998989999588957, -6.471219999703095, 0.0 ], [ 106.998939999981204, -6.470720000027832, 0.0 ], [ 106.998989999588957, -6.470149999822485, 0.0 ], [ 106.997460000079116, -6.469469999940394, 0.0 ], [ 106.995799999970188, -6.468649999897416, 0.0 ], [ 106.995019999973152, -6.468270000360068, 0.0 ], [ 106.994380000137085, -6.46788000036155, 0.0 ], [ 106.99428695627816, -6.467762378031185, 0.0 ], [ 106.993849999977684, -6.467210000041259, 0.0 ], [ 106.993480000002222, -6.466679999881944, 0.0 ], [ 106.993433287416423, -6.466103867199493, 0.0 ], [ 106.993390000348455, -6.465569999955392, 0.0 ], [ 106.993680000232018, -6.464609999751527, 0.0 ], [ 106.994259999999173, -6.463680000031804, 0.0 ], [ 106.994890000273429, -6.463020000172683, 0.0 ], [ 106.995611001147012, -6.462539333223507, 0.0 ], [ 106.995819999993159, -6.462400000359594, 0.0 ], [ 106.997640000285941, -6.461500000224643, 0.0 ], [ 106.997792522607028, -6.461408486112621, 0.0 ], [ 106.998489999913687, -6.460990000088298, 0.0 ], [ 106.99912999974984, -6.460350000252149, 0.0 ], [ 106.999539999771329, -6.459479999702058, 0.0 ], [ 106.999989999838846, -6.458710000166192, 0.0 ], [ 107.000370000275467, -6.458839999865909, 0.0 ], [ 107.000809999881739, -6.459009999611656, 0.0 ], [ 107.00107999974243, -6.45908999970354, 0.0 ], [ 107.001389999648978, -6.459249999887486, 0.0 ], [ 107.001560000294006, -6.459240000325597, 0.0 ], [ 107.001850000177484, -6.459209999841455, 0.0 ], [ 107.002779999897299, -6.458839999865909, 0.0 ], [ 107.003260000448876, -6.458639999636109, 0.0 ], [ 107.003410000171556, -6.458579999567196, 0.0 ], [ 107.003550000332439, -6.45846999989045, 0.0 ], [ 107.003610000401352, -6.458380000236676, 0.0 ], [ 107.003539999871265, -6.457469999640644, 0.0 ], [ 107.003510000286411, -6.45715999973401, 0.0 ], [ 107.003550000332439, -6.456880000311607, 0.0 ], [ 107.003550000332439, -6.456749999712521, 0.0 ], [ 107.003499999825323, -6.456539999920921, 0.0 ], [ 107.003510000286411, -6.456419999783005, 0.0 ], [ 107.003599999940178, -6.45631000010626, 0.0 ], [ 107.003720000078104, -6.456239999576177, 0.0 ], [ 107.003909999846726, -6.456200000429515, 0.0 ], [ 107.004050000007709, -6.456239999576177, 0.0 ], [ 107.004199999730389, -6.456370000175173, 0.0 ], [ 107.004390000398388, -6.456760000173691, 0.0 ], [ 107.00450000007514, -6.45694999994241, 0.0 ], [ 107.004589999728822, -6.457010000011323, 0.0 ], [ 107.004669999820791, -6.457010000011323, 0.0 ], [ 107.004939999681397, -6.456800000219722, 0.0 ], [ 107.005030000234541, -6.456709999666579, 0.0 ], [ 107.00507999984228, -6.456620000012805, 0.0 ], [ 107.005099999865251, -6.456399999760034, 0.0 ], [ 107.004990000188513, -6.456259999599148, 0.0 ], [ 107.004850000027631, -6.456160000383573, 0.0 ], [ 107.00454999968288, -6.455969999715574, 0.0 ], [ 107.00443000044433, -6.45586999960063, 0.0 ], [ 107.004399999960185, -6.455790000408026, 0.0 ], [ 107.004569999705851, -6.455579999717056, 0.0 ], [ 107.004689999843762, -6.455459999579141, 0.0 ], [ 107.004809999981688, -6.455420000432568, 0.0 ], [ 107.005449999817827, -6.455389999948338, 0.0 ], [ 107.005750000162578, -6.455380000386537, 0.0 ], [ 107.005879999862287, -6.455349999902396, 0.0 ], [ 107.005930000369403, -6.45524999978754, 0.0 ], [ 107.005930000369403, -6.455140000110795, 0.0 ], [ 107.005879999862287, -6.45503000043405, 0.0 ], [ 107.005750000162578, -6.454910000296135, 0.0 ], [ 107.005549999932683, -6.454790000158219, 0.0 ], [ 107.005449999817827, -6.454659999559134, 0.0 ], [ 107.005389999748829, -6.454489999813475, 0.0 ], [ 107.005429999794856, -6.454269999560704, 0.0 ], [ 107.005540000370885, -6.453959999654071, 0.0 ], [ 107.005509999886741, -6.453689999793468, 0.0 ], [ 107.005469999840798, -6.453500000024839, 0.0 ], [ 107.005580000416828, -6.453339999840981, 0.0 ], [ 107.005619999563493, -6.453219999703066, 0.0 ], [ 107.005619999563493, -6.453029999934436, 0.0 ], [ 107.005569999955654, -6.452889999773461, 0.0 ], [ 107.005280000072077, -6.452579999866916, 0.0 ], [ 107.005099999865251, -6.452430000144229, 0.0 ], [ 107.005019999773367, -6.452399999660088, 0.0 ], [ 107.004839999566542, -6.45265999995889, 0.0 ], [ 107.004760000373849, -6.452769999635635, 0.0 ], [ 107.004640000236023, -6.452820000142747, 0.0 ], [ 107.004569999705851, -6.452690000443031, 0.0 ], [ 107.004809999981688, -6.451980000076798, 0.0 ], [ 107.004830000004659, -6.451850000377082, 0.0 ], [ 107.0049300001196, -6.451690000193224, 0.0 ], [ 107.005389999748829, -6.450930000219159, 0.0 ], [ 107.005560000393857, -6.45072999998936, 0.0 ], [ 107.006009999562011, -6.4505099997365, 0.0 ], [ 107.006120000138125, -6.450460000128757, 0.0 ], [ 107.006220000252981, -6.450319999967871, 0.0 ], [ 107.006320000367921, -6.450010000061326, 0.0 ], [ 107.00634999995269, -6.449749999762524, 0.0 ], [ 107.006329999929719, -6.449530000409034, 0.0 ], [ 107.006249999837749, -6.449290000133292, 0.0 ], [ 107.006151043835786, -6.449083842245376, 0.0 ], [ 107.006129999699922, -6.449040000295572, 0.0 ], [ 107.006069999630924, -6.448869999650544, 0.0 ], [ 107.006120000138125, -6.448519999698057, 0.0 ], [ 107.006169999745865, -6.448380000436451, 0.0 ], [ 107.006249999837749, -6.448249999837454, 0.0 ], [ 107.006650000297441, -6.448089999653597, 0.0 ], [ 107.00677999999715, -6.448009999561712, 0.0 ], [ 107.006909999696958, -6.447899999884967, 0.0 ], [ 107.00721000004161, -6.447879999861907, 0.0 ], [ 107.00727330691771, -6.447864860674581, 0.0 ], [ 107.007669999670938, -6.447770000185162, 0.0 ], [ 107.007849999877763, -6.44773999970111, 0.0 ], [ 107.00792000040785, -6.447750000162191, 0.0 ], [ 107.008019999623428, -6.447770000185162, 0.0 ], [ 107.008130000199543, -6.447830000254164, 0.0 ], [ 107.008569999805886, -6.448209999791512, 0.0 ], [ 107.008919999758376, -6.448229999814483, 0.0 ], [ 107.009260000149055, -6.448280000321596, 0.0 ], [ 107.009380000286967, -6.44836000041348, 0.0 ], [ 107.009550000032633, -6.44859999979003, 0.0 ], [ 107.009579899792726, -6.448672032787908, 0.0 ], [ 107.009770000285499, -6.449129999949346, 0.0 ], [ 107.010080000192033, -6.449769999785495, 0.0 ], [ 107.010135509945982, -6.449777930007308, 0.0 ], [ 107.010149999822843, -6.449780000246665, 0.0 ], [ 107.010490000213522, -6.449840000315579, 0.0 ], [ 107.010599999890275, -6.449829999854408, 0.0 ], [ 107.010729999589984, -6.449809999831437, 0.0 ], [ 107.010829999704924, -6.449720000177663, 0.0 ], [ 107.010820000143042, -6.449609999601638, 0.0 ], [ 107.010760000074129, -6.449470000340032, 0.0 ], [ 107.010579999867304, -6.449129999949346, 0.0 ], [ 107.010539999821361, -6.448880000111714, 0.0 ], [ 107.010619999913246, -6.448770000434969, 0.0 ], [ 107.010809999681868, -6.448650000297143, 0.0 ], [ 107.01088000021204, -6.448670000320114, 0.0 ], [ 107.011029999934735, -6.448759999973888, 0.0 ], [ 107.011219999703357, -6.448860000088743, 0.0 ], [ 107.011359999864254, -6.448829999604602, 0.0 ], [ 107.011359999864254, -6.448719999927945, 0.0 ], [ 107.011330000279472, -6.448590000228229, 0.0 ], [ 107.011390000348385, -6.448519999698057, 0.0 ], [ 107.011919999608509, -6.448009999561712, 0.0 ], [ 107.011970000115625, -6.447870000300107, 0.0 ], [ 107.011960531153747, -6.447834493267059, 0.0 ], [ 107.011930000069682, -6.447719999678139, 0.0 ], [ 107.011760000323932, -6.44752000034762, 0.0 ], [ 107.011629999724931, -6.447429999794476, 0.0 ], [ 107.011569999655933, -6.447389999748534, 0.0 ], [ 107.011569999655933, -6.447280000071789, 0.0 ], [ 107.01164000018602, -6.447210000441075, 0.0 ], [ 107.011956650579123, -6.447027686278552, 0.0 ], [ 107.011970000115625, -6.447019999773076, 0.0 ], [ 107.012090000253451, -6.446800000419497, 0.0 ], [ 107.012420000183056, -6.446139999661096, 0.0 ], [ 107.012560000343939, -6.446119999638125, 0.0 ], [ 107.012910000296429, -6.446150000122266, 0.0 ], [ 107.013519999648437, -6.446179999707038, 0.0 ], [ 107.013670000270494, -6.446110000076235, 0.0 ], [ 107.013819999993189, -6.445929999869495, 0.0 ], [ 107.013889999623984, -6.445760000123748, 0.0 ], [ 107.013880000062102, -6.44559000037809, 0.0 ], [ 107.013790000408406, -6.445439999756033, 0.0 ], [ 107.013650000247523, -6.44516000033363, 0.0 ], [ 107.013610000201581, -6.444900000034828, 0.0 ], [ 107.013779999947147, -6.444839999965915, 0.0 ], [ 107.014250000037634, -6.444810000381054, 0.0 ], [ 107.014740000151022, -6.444730000289081, 0.0 ], [ 107.015279999872305, -6.444590000128283, 0.0 ], [ 107.015600000240028, -6.444479999552168, 0.0 ], [ 107.015839999616489, -6.444289999783539, 0.0 ], [ 107.016090000353401, -6.444220000152736, 0.0 ], [ 107.016229999614922, -6.444260000198678, 0.0 ], [ 107.016389999798861, -6.444280000221649, 0.0 ], [ 107.01671999972838, -6.444280000221649, 0.0 ], [ 107.016839999866292, -6.444349999852452, 0.0 ], [ 107.017009999611957, -6.444539999621082, 0.0 ], [ 107.017160000234014, -6.444699999804939, 0.0 ], [ 107.01723244871873, -6.444695737917829, 0.0 ], [ 107.017329999979665, -6.444690000243138, 0.0 ], [ 107.017730000439357, -6.444590000128283, 0.0 ], [ 107.01794000023105, -6.444570000105312, 0.0 ], [ 107.018190000068586, -6.444599999690084, 0.0 ], [ 107.01907999974236, -6.444859999988886, 0.0 ], [ 107.019170000295418, -6.444819999942855, 0.0 ], [ 107.019329999579995, -6.444730000289081, 0.0 ], [ 107.019629999924746, -6.444730000289081, 0.0 ], [ 107.019999999900193, -6.444699999804939, 0.0 ], [ 107.020225314247028, -6.44465666956954, 0.0 ], [ 107.020260000199002, -6.444650000197196, 0.0 ], [ 107.020369999875754, -6.444550000082341, 0.0 ], [ 107.020400000359885, -6.444449999967397, 0.0 ], [ 107.020229999714857, -6.444280000221649, 0.0 ], [ 107.020070000430366, -6.44408999955365, 0.0 ], [ 107.020059999969206, -6.443990000338076, 0.0 ], [ 107.020100000015233, -6.443819999693048, 0.0 ], [ 107.020180000107118, -6.443719999578192, 0.0 ], [ 107.020291236351596, -6.443664381905503, 0.0 ], [ 107.020479999552492, -6.443569999855505, 0.0 ], [ 107.020889999573981, -6.443489999763532, 0.0 ], [ 107.02114999987279, -6.443500000224702, 0.0 ], [ 107.021319999618441, -6.443569999855505, 0.0 ], [ 107.021439999756353, -6.443739999601164, 0.0 ], [ 107.021459999779324, -6.44389000022322, 0.0 ], [ 107.021490000263469, -6.444340000290563, 0.0 ], [ 107.021579999917236, -6.444550000082341, 0.0 ], [ 107.021720000078133, -6.444590000128283, 0.0 ], [ 107.021900000284958, -6.444570000105312, 0.0 ], [ 107.02205999956945, -6.444579999667113, 0.0 ], [ 107.022230000214478, -6.444690000243138, 0.0 ], [ 107.022660000258938, -6.445040000195714, 0.0 ], [ 107.023030000234485, -6.445129999849399, 0.0 ], [ 107.023580000416857, -6.445120000287599, 0.0 ], [ 107.023950000392404, -6.445180000356601, 0.0 ], [ 107.02400999956204, -6.445189999918401, 0.0 ] ] ] ] } },
{ "type": "Feature", "properties": { "PROVNO": "32", "KABKOTNO": "01", "KECNO": "170", "DESANO": "005", "PROVINSI": "JAWA BARAT", "KABKOT": "BOGOR", "KECAMATAN": "JONGGOL", "ID2013": "3201170005", "DESA": "SINGAJAYA", "DESA_1": "SINGAJAYA", "ID2012": "3201170005", "IDKAB2": "3201", "IDKEC_2": "3201170", "WILAYAH": "TIMUR" }, "geometry": { "type": "MultiPolygon", "coordinates": [ [ [ [ 107.060109999676953, -6.465859999838965, 0.0 ], [ 107.060246657057746, -6.466342568854291, 0.0 ], [ 107.060430000044576, -6.466989999788488, 0.0 ], [ 107.060450000067632, -6.467060000318572, 0.0 ], [ 107.060588057692883, -6.467456917002981, 0.0 ], [ 107.060770000435355, -6.467979999577125, 0.0 ], [ 107.060900000135064, -6.468549999782471, 0.0 ], [ 107.06084000006615, -6.469059999918905, 0.0 ], [ 107.060809999582006, -6.469240000125733, 0.0 ], [ 107.060743511803793, -6.469489330867741, 0.0 ], [ 107.060650000297443, -6.469839999915941, 0.0 ], [ 107.060369999975663, -6.470749999612604, 0.0 ], [ 107.060169999745867, -6.471580000116752, 0.0 ], [ 107.059958294839547, -6.47234056756302, 0.0 ], [ 107.059899999885261, -6.472549999882418, 0.0 ], [ 107.059744132086237, -6.472898846904087, 0.0 ], [ 107.059480000301974, -6.473490000063311, 0.0 ], [ 107.059380000187019, -6.47367000027014, 0.0 ], [ 107.059119999888225, -6.474169999945403, 0.0 ], [ 107.0589399996814, -6.47451999989789, 0.0 ], [ 107.058689999843764, -6.474880000311636, 0.0 ], [ 107.05860999975188, -6.475000000449462, 0.0 ], [ 107.058549999682882, -6.475190000218181, 0.0 ], [ 107.058250000237507, -6.475500000124725, 0.0 ], [ 107.058219999753362, -6.47646000032859, 0.0 ], [ 107.058170000145537, -6.476969999565654, 0.0 ], [ 107.058050000007611, -6.477000000049795, 0.0 ], [ 107.057909999846814, -6.47710999972654, 0.0 ], [ 107.057769999685931, -6.477379999587143, 0.0 ], [ 107.05768000003215, -6.477650000347026, 0.0 ], [ 107.057650000447296, -6.477789999608632, 0.0 ], [ 107.057709999617018, -6.47796000025366, 0.0 ], [ 107.058199999730391, -6.478649999697552, 0.0 ], [ 107.058290000283449, -6.478869999950412, 0.0 ], [ 107.058290000283449, -6.478990000088327, 0.0 ], [ 107.058230000214536, -6.479130000249125, 0.0 ], [ 107.058150000122566, -6.47925000038704, 0.0 ], [ 107.058059999569508, -6.479279999971901, 0.0 ], [ 107.057929999869785, -6.47925000038704, 0.0 ], [ 107.057760000124034, -6.479139999810926, 0.0 ], [ 107.057559999894238, -6.478889999973383, 0.0 ], [ 107.057379999687413, -6.478680000181694, 0.0 ], [ 107.057299999595529, -6.478660000158722, 0.0 ], [ 107.057189999918791, -6.478680000181694, 0.0 ], [ 107.057140000310952, -6.478749999812496, 0.0 ], [ 107.057119945429292, -6.478786097700109, 0.0 ], [ 107.057089999803836, -6.478840000365551, 0.0 ], [ 107.057069999780779, -6.478959999604097, 0.0 ], [ 107.05716999989572, -6.479059999719041, 0.0 ], [ 107.057630000424325, -6.479629999924388, 0.0 ], [ 107.057761795170904, -6.479770297760847, 0.0 ], [ 107.057940000330959, -6.479959999853993, 0.0 ], [ 107.058159999684364, -6.480149999622622, 0.0 ], [ 107.058210000191565, -6.480280000221708, 0.0 ], [ 107.058219999753362, -6.480389999898453, 0.0 ], [ 107.058139999661392, -6.480570000105281, 0.0 ], [ 107.058059999569508, -6.480679999782026, 0.0 ], [ 107.057900000285017, -6.48075000031211, 0.0 ], [ 107.057700000055121, -6.480710000266168, 0.0 ], [ 107.057519999848296, -6.480639999735995, 0.0 ], [ 107.057359999664442, -6.480519999598169, 0.0 ], [ 107.057160000333923, -6.480269999760537, 0.0 ], [ 107.057000000150069, -6.480019999922906, 0.0 ], [ 107.056900000035213, -6.479959999853993, 0.0 ], [ 107.056799999920258, -6.479970000315163, 0.0 ], [ 107.056499999575522, -6.480140000060732, 0.0 ], [ 107.056369999875713, -6.480280000221708, 0.0 ], [ 107.056329999829771, -6.480409999921424, 0.0 ], [ 107.056289999783829, -6.480799999919853, 0.0 ], [ 107.056209999691944, -6.481009999711542, 0.0 ], [ 107.056129999599975, -6.481100000264597, 0.0 ], [ 107.055957315377938, -6.481176749307362, 0.0 ], [ 107.055950000292427, -6.48118000035657, 0.0 ], [ 107.055770000085602, -6.481189999918371, 0.0 ], [ 107.055609999901748, -6.481160000333599, 0.0 ], [ 107.055520000247967, -6.481120000287568, 0.0 ], [ 107.055440000156082, -6.481029999734513, 0.0 ], [ 107.055259999949257, -6.480690000243197, 0.0 ], [ 107.055150000272505, -6.48055000008231, 0.0 ], [ 107.055079999742333, -6.480499999575198, 0.0 ], [ 107.054990000088566, -6.480499999575198, 0.0 ], [ 107.054909999996681, -6.480519999598169, 0.0 ], [ 107.054849999927768, -6.480619999713024, 0.0 ], [ 107.0548200003429, -6.48075000031211, 0.0 ], [ 107.054780000296958, -6.481069999780544, 0.0 ], [ 107.054769999835798, -6.4811699998954, 0.0 ], [ 107.054720000228045, -6.481240000425572, 0.0 ], [ 107.054580000067162, -6.481310000056286, 0.0 ], [ 107.054080000391906, -6.481470000240144, 0.0 ], [ 107.053900000184981, -6.481570000355088, 0.0 ], [ 107.053840000116068, -6.481669999570663, 0.0 ], [ 107.053829999654894, -6.48182999975452, 0.0 ], [ 107.05388000016201, -6.48204000044549, 0.0 ], [ 107.053940000231009, -6.482159999684125, 0.0 ], [ 107.054009999861734, -6.48225000023718, 0.0 ], [ 107.054129999999731, -6.482299999844923, 0.0 ], [ 107.054239999676469, -6.48225999979898, 0.0 ], [ 107.054350000252498, -6.482159999684125, 0.0 ], [ 107.054490000413381, -6.481949999892436, 0.0 ], [ 107.05460999965193, -6.481869999800463, 0.0 ], [ 107.054740000251016, -6.48182999975452, 0.0 ], [ 107.054979999627477, -6.481900000284604, 0.0 ], [ 107.055230000364389, -6.482070000030351, 0.0 ], [ 107.055290000433303, -6.482150000122235, 0.0 ], [ 107.055290000433303, -6.48225000023718, 0.0 ], [ 107.055210000341418, -6.482379999936896, 0.0 ], [ 107.055019999673419, -6.482580000166696, 0.0 ], [ 107.054740000251016, -6.482769999935414, 0.0 ], [ 107.054490000413381, -6.482910000096211, 0.0 ], [ 107.054299999745382, -6.482939999681072, 0.0 ], [ 107.054040000345964, -6.482950000142242, 0.0 ], [ 107.05388000016201, -6.482970000165214, 0.0 ], [ 107.053809999631923, -6.483079999841959, 0.0 ], [ 107.053789999608952, -6.483159999933932, 0.0 ], [ 107.053800000070126, -6.483269999610588, 0.0 ], [ 107.053929999769849, -6.483389999748503, 0.0 ], [ 107.054120000437848, -6.483549999932361, 0.0 ], [ 107.054199999630441, -6.483619999563164, 0.0 ], [ 107.054199999630441, -6.483719999678108, 0.0 ], [ 107.054120000437848, -6.483819999793052, 0.0 ], [ 107.054033123230198, -6.483847149426261, 0.0 ], [ 107.05396000025398, -6.483870000300076, 0.0 ], [ 107.053780000047155, -6.483839999816023, 0.0 ], [ 107.053590000278433, -6.483770000185221, 0.0 ], [ 107.053419999633405, -6.483670000070276, 0.0 ], [ 107.05330000039487, -6.483589999978303, 0.0 ], [ 107.053189999818841, -6.483400000209674, 0.0 ], [ 107.053129999749842, -6.483269999610588, 0.0 ], [ 107.05302000007309, -6.483210000441044, 0.0 ], [ 107.052890000373367, -6.483210000441044, 0.0 ], [ 107.052819999843294, -6.483260000048787, 0.0 ], [ 107.052699999705368, -6.483429999794534, 0.0 ], [ 107.052650000097628, -6.483610000001363, 0.0 ], [ 107.05259000002863, -6.483930000369078, 0.0 ], [ 107.05257339944302, -6.484025455310363, 0.0 ], [ 107.052549999982688, -6.48416000018365, 0.0 ], [ 107.052549999982688, -6.484380000436509, 0.0 ], [ 107.052599999590512, -6.484519999698115, 0.0 ], [ 107.05277000023554, -6.48482999960466, 0.0 ], [ 107.052830000304454, -6.485049999857431, 0.0 ], [ 107.052810000281482, -6.485299999695062, 0.0 ], [ 107.0526700001206, -6.485490000363061, 0.0 ], [ 107.052540000420805, -6.485519999947922, 0.0 ], [ 107.052349999752806, -6.485499999924951, 0.0 ], [ 107.052059999869314, -6.485390000248206, 0.0 ], [ 107.051819999593476, -6.485350000202175, 0.0 ], [ 107.051560000193959, -6.485439999855949, 0.0 ], [ 107.051259999849307, -6.485629999624578, 0.0 ], [ 107.051119999688424, -6.485760000223664, 0.0 ], [ 107.051099999665453, -6.485920000407521, 0.0 ], [ 107.051199999780394, -6.486070000130297, 0.0 ], [ 107.051279999872278, -6.486179999807042, 0.0 ], [ 107.051549999732885, -6.486420000082784, 0.0 ], [ 107.051720000377912, -6.486660000358615, 0.0 ], [ 107.051740000400883, -6.486850000127244, 0.0 ], [ 107.051709999916739, -6.486999999849932, 0.0 ], [ 107.051609999801798, -6.487030000334073, 0.0 ], [ 107.051500000125046, -6.487050000357044, 0.0 ], [ 107.051299999895249, -6.486939999781018, 0.0 ], [ 107.051150000172555, -6.486850000127244, 0.0 ], [ 107.051050000057614, -6.486850000127244, 0.0 ], [ 107.050949999942674, -6.486910000196158, 0.0 ], [ 107.050929999919703, -6.487099999964876, 0.0 ], [ 107.05089338492192, -6.487248495121758, 0.0 ], [ 107.050749999712878, -6.48783000035408, 0.0 ], [ 107.050629999574966, -6.487940000030825, 0.0 ], [ 107.050490000313445, -6.487980000076767, 0.0 ], [ 107.050100000314927, -6.487980000076767, 0.0 ], [ 107.049880000062061, -6.487920000007854, 0.0 ], [ 107.049510000086599, -6.487750000262196, 0.0 ], [ 107.049180000157008, -6.487599999640139, 0.0 ], [ 107.048990000388372, -6.487590000078249, 0.0 ], [ 107.048879999812257, -6.487639999686081, 0.0 ], [ 107.048819999743344, -6.487799999869939, 0.0 ], [ 107.048790000158576, -6.487960000053796, 0.0 ], [ 107.048839999766315, -6.488080000191712, 0.0 ], [ 107.049030000434314, -6.488229999914399, 0.0 ], [ 107.049349999902745, -6.48847999975203, 0.0 ], [ 107.049579999717409, -6.488650000397058, 0.0 ], [ 107.049710000316495, -6.488889999773519, 0.0 ], [ 107.049799999970176, -6.489210000141235, 0.0 ], [ 107.049840000016118, -6.489450000417065, 0.0 ], [ 107.049799999970176, -6.489649999747584, 0.0 ], [ 107.049690000293523, -6.490070000230155, 0.0 ], [ 107.049610000201554, -6.490389999698589, 0.0 ], [ 107.049559999694438, -6.490509999836505, 0.0 ], [ 107.049545373120623, -6.490520238617972, 0.0 ], [ 107.049459999579497, -6.490580000366588, 0.0 ], [ 107.049229999764833, -6.490540000320646, 0.0 ], [ 107.048930000319459, -6.490500000274615, 0.0 ], [ 107.048679999582461, -6.490500000274615, 0.0 ], [ 107.048569999905709, -6.490589999928389, 0.0 ], [ 107.04852000029797, -6.490759999674047, 0.0 ], [ 107.048500000274913, -6.490959999903936, 0.0 ], [ 107.048500000274913, -6.491080000041762, 0.0 ], [ 107.048569999905709, -6.491180000156707, 0.0 ], [ 107.048690000043621, -6.491280000271651, 0.0 ], [ 107.048839999766315, -6.491400000409566, 0.0 ], [ 107.048890000273431, -6.49147000004028, 0.0 ], [ 107.04887000025046, -6.491610000201167, 0.0 ], [ 107.048819999743344, -6.491690000293051, 0.0 ], [ 107.048719999628489, -6.491730000339082, 0.0 ], [ 107.048469999790854, -6.491730000339082, 0.0 ], [ 107.048280000022146, -6.49167000027008, 0.0 ], [ 107.048070000230538, -6.491539999671083, 0.0 ], [ 107.047959999654424, -6.491479999602081, 0.0 ], [ 107.047840000415874, -6.491510000086311, 0.0 ], [ 107.047740000300934, -6.491570000155225, 0.0 ], [ 107.047669999770847, -6.491759999923854, 0.0 ], [ 107.047669999770847, -6.491900000084829, 0.0 ], [ 107.047689999793818, -6.492069999830488, 0.0 ], [ 107.047689999793818, -6.492299999645148, 0.0 ], [ 107.047689999793818, -6.492499999874948, 0.0 ], [ 107.047689999793818, -6.492640000035834, 0.0 ], [ 107.04767466005768, -6.492651931341378, 0.0 ], [ 107.047600000140051, -6.492709999666637, 0.0 ], [ 107.047450000417356, -6.492800000219692, 0.0 ], [ 107.047310000256473, -6.492809999781493, 0.0 ], [ 107.047190000118562, -6.49274000015069, 0.0 ], [ 107.047040000395867, -6.492419999782975, 0.0 ], [ 107.046849999727868, -6.492209999991374, 0.0 ], [ 107.046769999635984, -6.492180000406513, 0.0 ], [ 107.046630000374378, -6.492180000406513, 0.0 ], [ 107.046539999821334, -6.492219999553175, 0.0 ], [ 107.046490000213495, -6.49233999969109, 0.0 ], [ 107.04639000009864, -6.492350000152172, 0.0 ], [ 107.046229999914686, -6.492390000198203, 0.0 ], [ 107.046100000214977, -6.492479999851888, 0.0 ], [ 107.045890000423384, -6.492949999942379, 0.0 ], [ 107.045839999916183, -6.493010000011381, 0.0 ], [ 107.045440000355853, -6.493010000011381, 0.0 ], [ 107.045220000103086, -6.49296999996535, 0.0 ], [ 107.045130000449319, -6.493019999573182, 0.0 ], [ 107.045039999896261, -6.493150000172179, 0.0 ], [ 107.044890000173567, -6.493059999619124, 0.0 ], [ 107.044750000012684, -6.492909999896437, 0.0 ], [ 107.044569999805859, -6.492820000242663, 0.0 ], [ 107.044400000060108, -6.492920000357607, 0.0 ], [ 107.044279999922281, -6.493030000034352, 0.0 ], [ 107.044170000245543, -6.493070000080294, 0.0 ], [ 107.04401000006159, -6.492929999919408, 0.0 ], [ 107.043869999900707, -6.492909999896437, 0.0 ], [ 107.043720000178013, -6.492949999942379, 0.0 ], [ 107.043580000017215, -6.493230000264152, 0.0 ], [ 107.043519999948217, -6.493319999917926, 0.0 ], [ 107.043379999787334, -6.493359999963868, 0.0 ], [ 107.043089999903756, -6.493230000264152, 0.0 ], [ 107.042690000343441, -6.493119999688037, 0.0 ], [ 107.042249999837807, -6.492960000403549, 0.0 ], [ 107.042089999653953, -6.49298000042652, 0.0 ], [ 107.041759999724349, -6.493059999619124, 0.0 ], [ 107.041509999886799, -6.49298999998841, 0.0 ], [ 107.040990000188486, -6.492780000196721, 0.0 ], [ 107.040469999590968, -6.492559999943861, 0.0 ], [ 107.039590000378354, -6.492350000152172, 0.0 ], [ 107.038590000128551, -6.492009999761574, 0.0 ], [ 107.037579463421608, -6.491738651817194, 0.0 ], [ 107.037509999786863, -6.491719999877912, 0.0 ], [ 107.036769999835855, -6.491539999671083, 0.0 ], [ 107.036199999630497, -6.49103999999582, 0.0 ], [ 107.036020000322964, -6.490210000391041, 0.0 ], [ 107.036080000391877, -6.489729999839469, 0.0 ], [ 107.036219999653468, -6.489279999772037, 0.0 ], [ 107.036700000205045, -6.488550000282114, 0.0 ], [ 107.036930000019623, -6.488140000260714, 0.0 ], [ 107.037409999671908, -6.487320000217647, 0.0 ], [ 107.037549999832805, -6.486999999849932, 0.0 ], [ 107.037750000062601, -6.486729999989329, 0.0 ], [ 107.038050000407424, -6.486600000289613, 0.0 ], [ 107.038539999621435, -6.486649999897356, 0.0 ], [ 107.038949999642924, -6.486580000266642, 0.0 ], [ 107.039026362876527, -6.48650646540089, 0.0 ], [ 107.039220000402807, -6.48631999996784, 0.0 ], [ 107.039330000079559, -6.486099999715069, 0.0 ], [ 107.039370000125587, -6.48570000015475, 0.0 ], [ 107.039290000033617, -6.485239999626149, 0.0 ], [ 107.039260000448834, -6.484770000435027, 0.0 ], [ 107.039279999572528, -6.484120000137708, 0.0 ], [ 107.039310784265453, -6.484003019923215, 0.0 ], [ 107.039530000309441, -6.483170000395013, 0.0 ], [ 107.039929999869756, -6.482589999728496, 0.0 ], [ 107.040239999776389, -6.482299999844923, 0.0 ], [ 107.040720000327966, -6.481880000261633, 0.0 ], [ 107.041309999657003, -6.481709999616605, 0.0 ], [ 107.041420000233032, -6.481290000033315, 0.0 ], [ 107.041589999978683, -6.480989999688571, 0.0 ], [ 107.042140661162804, -6.480549471280952, 0.0 ], [ 107.042289999883749, -6.480429999944395, 0.0 ], [ 107.042349999952663, -6.479979999876964, 0.0 ], [ 107.042089999653953, -6.479520000247643, 0.0 ], [ 107.04173000013958, -6.479139999810926, 0.0 ], [ 107.041289999633946, -6.478789999858439, 0.0 ], [ 107.041099999865224, -6.478430000344062, 0.0 ], [ 107.041220000003221, -6.477900000184746, 0.0 ], [ 107.040899999635428, -6.477730000438999, 0.0 ], [ 107.040468253107562, -6.477438356594725, 0.0 ], [ 107.04024384617675, -6.477286771367243, 0.0 ], [ 107.039390000148558, -6.476710000166221, 0.0 ], [ 107.038929999619953, -6.476420000282648, 0.0 ], [ 107.03861156587125, -6.47616712621172, 0.0 ], [ 107.038590000128551, -6.476150000422045, 0.0 ], [ 107.037839999716368, -6.475569999755528, 0.0 ], [ 107.037850000177542, -6.475500000124725, 0.0 ], [ 107.037830000154571, -6.475400000009781, 0.0 ], [ 107.037739999601428, -6.475190000218181, 0.0 ], [ 107.037669999970717, -6.475010000011352, 0.0 ], [ 107.037549999832805, -6.474929999919468, 0.0 ], [ 107.037500000224966, -6.474860000288665, 0.0 ], [ 107.037508050056701, -6.474747297249763, 0.0 ], [ 107.037509999786863, -6.474720000127689, 0.0 ], [ 107.037600000339907, -6.47453000035906, 0.0 ], [ 107.037770000085658, -6.474200000429544, 0.0 ], [ 107.037850000177542, -6.47408999985343, 0.0 ], [ 107.038010000361396, -6.474020000222627, 0.0 ], [ 107.038260000199031, -6.473920000107771, 0.0 ], [ 107.038360000313972, -6.473849999577688, 0.0 ], [ 107.038449999967753, -6.473639999785998, 0.0 ], [ 107.038519999598464, -6.473309999856482, 0.0 ], [ 107.038490000013695, -6.473109999626594, 0.0 ], [ 107.038469999990724, -6.472779999697078, 0.0 ], [ 107.038469999990724, -6.472360000113788, 0.0 ], [ 107.038510000036666, -6.4721599998839, 0.0 ], [ 107.038610000151522, -6.472139999860929, 0.0 ], [ 107.038839999966171, -6.472070000230215, 0.0 ], [ 107.038880000012213, -6.471990000138241, 0.0 ], [ 107.038940000081126, -6.471749999862411, 0.0 ], [ 107.039069999780835, -6.471660000208637, 0.0 ], [ 107.039160000333894, -6.471669999770526, 0.0 ], [ 107.039359999664413, -6.471689999793497, 0.0 ], [ 107.039769999685902, -6.471589999678642, 0.0 ], [ 107.039860000239045, -6.471560000093781, 0.0 ], [ 107.039900000284987, -6.471410000371094, 0.0 ], [ 107.039869999800842, -6.471250000187148, 0.0 ], [ 107.039780000147076, -6.471159999634093, 0.0 ], [ 107.039539999871323, -6.470949999842404, 0.0 ], [ 107.039319999618471, -6.470280000421482, 0.0 ], [ 107.039299999595499, -6.469850000377022, 0.0 ], [ 107.039570000355383, -6.469039999895934, 0.0 ], [ 107.039579999917265, -6.468759999574161, 0.0 ], [ 107.039439999756382, -6.468219999852955, 0.0 ], [ 107.039370000125587, -6.467600000039777, 0.0 ], [ 107.039362078897028, -6.467573266792694, 0.0 ], [ 107.039355207177294, -6.467550075075703, 0.0 ], [ 107.039290000033617, -6.467330000179263, 0.0 ], [ 107.039129999849749, -6.467060000318572, 0.0 ], [ 107.038838525977425, -6.466721259878074, 0.0 ], [ 107.038759999874287, -6.466630000274112, 0.0 ], [ 107.038790000358432, -6.466470000090254, 0.0 ], [ 107.038779999897258, -6.466240000275594, 0.0 ], [ 107.038659999759346, -6.466140000160649, 0.0 ], [ 107.038260000199031, -6.465910000346078, 0.0 ], [ 107.038089999554003, -6.465839999815994, 0.0 ], [ 107.037669999970717, -6.465659999609166, 0.0 ], [ 107.037609999901719, -6.465549999932332, 0.0 ], [ 107.037569999855776, -6.465400000209645, 0.0 ], [ 107.037429999694879, -6.465190000418044, 0.0 ], [ 107.037389999648937, -6.465099999864989, 0.0 ], [ 107.037170000295447, -6.464859999589159, 0.0 ], [ 107.036919999558535, -6.464700000304582, 0.0 ], [ 107.036780000296929, -6.464669999820529, 0.0 ], [ 107.036700000205045, -6.464629999774498, 0.0 ], [ 107.036629999674872, -6.464480000051811, 0.0 ], [ 107.036600000090104, -6.464339999890925, 0.0 ], [ 107.03659500705416, -6.464306049584359, 0.0 ], [ 107.036576630307465, -6.464181084289446, 0.0 ], [ 107.036549999582988, -6.464000000399519, 0.0 ], [ 107.036470000390381, -6.463940000330606, 0.0 ], [ 107.036080000391877, -6.463669999570634, 0.0 ], [ 107.03600999986179, -6.46361000040109, 0.0 ], [ 107.035769999585952, -6.463550000332088, 0.0 ], [ 107.035220000302957, -6.463089999803486, 0.0 ], [ 107.03495000044235, -6.462610000151283, 0.0 ], [ 107.034779999797323, -6.462169999645564, 0.0 ], [ 107.03467000012057, -6.461500000224643, 0.0 ], [ 107.034690000143542, -6.460849999927412, 0.0 ], [ 107.034910000396408, -6.460009999861462, 0.0 ], [ 107.034910000396408, -6.459869999700576, 0.0 ], [ 107.034899999935234, -6.459550000232142, 0.0 ], [ 107.034879999912263, -6.458759999774024, 0.0 ], [ 107.034610000051657, -6.458110000376074, 0.0 ], [ 107.034549999982659, -6.457970000215187, 0.0 ], [ 107.034639999636426, -6.457350000402009, 0.0 ], [ 107.034664013333682, -6.457181907219081, 0.0 ], [ 107.034679999682368, -6.457070000080325, 0.0 ], [ 107.034659999659397, -6.456900000334578, 0.0 ], [ 107.034380000237007, -6.456680000081807, 0.0 ], [ 107.034289999683864, -6.456579999966863, 0.0 ], [ 107.034300000145024, -6.456419999783005, 0.0 ], [ 107.03442000028295, -6.456239999576177, 0.0 ], [ 107.034500000374919, -6.456120000337631, 0.0 ], [ 107.034540000420861, -6.456020000222686, 0.0 ], [ 107.03442000028295, -6.455909999646661, 0.0 ], [ 107.034320000168094, -6.455840000015858, 0.0 ], [ 107.034280000122052, -6.455779999946856, 0.0 ], [ 107.034289999683864, -6.455639999785969, 0.0 ], [ 107.034340000191065, -6.455269999810511, 0.0 ], [ 107.034260000099081, -6.455069999580623, 0.0 ], [ 107.03413999996117, -6.454990000388019, 0.0 ], [ 107.033990000238475, -6.454930000319106, 0.0 ], [ 107.033749999962737, -6.454890000273075, 0.0 ], [ 107.033649999847796, -6.454839999766051, 0.0 ], [ 107.033649999847796, -6.454739999651107, 0.0 ], [ 107.033640000285999, -6.454620000412561, 0.0 ], [ 107.033529999709884, -6.454540000320588, 0.0 ], [ 107.033460000079074, -6.454449999767533, 0.0 ], [ 107.033529999709884, -6.454389999698531, 0.0 ], [ 107.033870000100563, -6.454190000368012, 0.0 ], [ 107.034059999869285, -6.454010000161183, 0.0 ], [ 107.034159999984141, -6.453820000392554, 0.0 ], [ 107.034300000145024, -6.453350000302152, 0.0 ], [ 107.034690000143542, -6.452539999820974, 0.0 ], [ 107.036999999650419, -6.453600000139694, 0.0 ], [ 107.038314911903811, -6.454213625558261, 0.0 ], [ 107.038499999575492, -6.454300000044757, 0.0 ], [ 107.04000999996164, -6.454910000296135, 0.0 ], [ 107.041429999794829, -6.455510000086253, 0.0 ], [ 107.042690000343441, -6.456089999853489, 0.0 ], [ 107.04296708776107, -6.456149910889533, 0.0 ], [ 107.043060000318889, -6.456169999945374, 0.0 ], [ 107.043330000179495, -6.456160000383573, 0.0 ], [ 107.043689999693967, -6.455719999877942, 0.0 ], [ 107.043669999670897, -6.455570000155166, 0.0 ], [ 107.043669999670897, -6.455160000133766, 0.0 ], [ 107.043740000200984, -6.454939999880906, 0.0 ], [ 107.043869999900707, -6.454790000158219, 0.0 ], [ 107.044330000429312, -6.454349999652589, 0.0 ], [ 107.044480000152078, -6.454259999998815, 0.0 ], [ 107.044770000035655, -6.454139999860988, 0.0 ], [ 107.044879999712407, -6.453899999585158, 0.0 ], [ 107.04495000024248, -6.453919999608129, 0.0 ], [ 107.045070000380406, -6.453930000069299, 0.0 ], [ 107.04524173132107, -6.453825285708206, 0.0 ], [ 107.045480000401881, -6.453680000231667, 0.0 ], [ 107.045870000400413, -6.45374000030067, 0.0 ], [ 107.046100000214977, -6.453660000208696, 0.0 ], [ 107.046579999867276, -6.453600000139694, 0.0 ], [ 107.046769999635984, -6.453680000231667, 0.0 ], [ 107.046920000257956, -6.45374000030067, 0.0 ], [ 107.047444019026415, -6.453907292187679, 0.0 ], [ 107.048667517891843, -6.454297891134644, 0.0 ], [ 107.049921025335195, -6.454698065163402, 0.0 ], [ 107.053780000047155, -6.455929999669632, 0.0 ], [ 107.05388000016201, -6.455980000176655, 0.0 ], [ 107.05388000016201, -6.456160000383573, 0.0 ], [ 107.053670000370403, -6.456640000035776, 0.0 ], [ 107.053630000324375, -6.456929999919439, 0.0 ], [ 107.05359999984033, -6.457059999619066, 0.0 ], [ 107.053570000255462, -6.45717000019518, 0.0 ], [ 107.053495144285691, -6.45732684016135, 0.0 ], [ 107.053409330975981, -6.457506639819446, 0.0 ], [ 107.053359999564492, -6.45760999980153, 0.0 ], [ 107.053200000279915, -6.457819999593131, 0.0 ], [ 107.052989999588945, -6.457919999708075, 0.0 ], [ 107.052930000419309, -6.457950000192128, 0.0 ], [ 107.052879999912292, -6.458079999891932, 0.0 ], [ 107.052919999958235, -6.458189999568678, 0.0 ], [ 107.05316999979587, -6.458950000442023, 0.0 ], [ 107.053179934606447, -6.458998017044717, 0.0 ], [ 107.053229999864783, -6.459240000325597, 0.0 ], [ 107.053399999610434, -6.459399999610085, 0.0 ], [ 107.053476583177925, -6.459480613039705, 0.0 ], [ 107.053590000278433, -6.459599999839973, 0.0 ], [ 107.053710000416345, -6.460279999722065, 0.0 ], [ 107.053710000416345, -6.46037999983692, 0.0 ], [ 107.053690000393374, -6.460510000436006, 0.0 ], [ 107.053719999978156, -6.460649999697612, 0.0 ], [ 107.054000000299922, -6.460829999904441, 0.0 ], [ 107.054186305653644, -6.460983905382758, 0.0 ], [ 107.054230000114586, -6.46101999967307, 0.0 ], [ 107.054370000275469, -6.461199999879899, 0.0 ], [ 107.054439999906279, -6.461179999856927, 0.0 ], [ 107.05458573504383, -6.461145301314488, 0.0 ], [ 107.054649999697872, -6.461130000249184, 0.0 ], [ 107.054930000019652, -6.461199999879899, 0.0 ], [ 107.055699999555515, -6.461409999671588, 0.0 ], [ 107.056329999829771, -6.461580000316616, 0.0 ], [ 107.056519999598493, -6.461699999555162, 0.0 ], [ 107.056810000381432, -6.461819999693077, 0.0 ], [ 107.057180000356894, -6.461959999853963, 0.0 ], [ 107.057519999848296, -6.462070000429989, 0.0 ], [ 107.057650000447296, -6.462120000037821, 0.0 ], [ 107.057579999917209, -6.462770000335052, 0.0 ], [ 107.058789999958705, -6.463359999664089, 0.0 ], [ 107.058843713766606, -6.463739980315655, 0.0 ], [ 107.059059999819311, -6.465269999610648, 0.0 ], [ 107.060000757229332, -6.465798615713361, 0.0 ], [ 107.060109999676953, -6.465859999838965, 0.0 ] ] ] ] } },
{ "type": "Feature", "properties": { "PROVNO": "32", "KABKOTNO": "01", "KECNO": "170", "DESANO": "006", "PROVINSI": "JAWA BARAT", "KABKOT": "BOGOR", "KECAMATAN": "JONGGOL", "ID2013": "3201170006", "DESA": "SUKASIRNA", "DESA_1": "SUKASIRNA", "ID2012": "3201170006", "IDKAB2": "3201", "IDKEC_2": "3201170", "WILAYAH": "TIMUR" }, "geometry": { "type": "MultiPolygon", "coordinates": [ [ [ [ 107.075120000287924, -6.479429999694588, 0.0 ], [ 107.074710000266435, -6.480460000428536, 0.0 ], [ 107.074429999944655, -6.481260000448543, 0.0 ], [ 107.074340000290974, -6.481989999938378, 0.0 ], [ 107.07418000010712, -6.482939999681072, 0.0 ], [ 107.074269999760887, -6.483830000254134, 0.0 ], [ 107.074369999875742, -6.484510000136225, 0.0 ], [ 107.074659999759405, -6.485530000409003, 0.0 ], [ 107.074790000358405, -6.486589999828443, 0.0 ], [ 107.074724747349364, -6.487058633848743, 0.0 ], [ 107.074679999782376, -6.487380000286649, 0.0 ], [ 107.074070000430368, -6.488980000326574, 0.0 ], [ 107.073774725123684, -6.489767400844695, 0.0 ], [ 107.07346999974088, -6.490580000366588, 0.0 ], [ 107.073079999742362, -6.491309999856512, 0.0 ], [ 107.072649999697902, -6.4919200001078, 0.0 ], [ 107.0723100002065, -6.492209999991374, 0.0 ], [ 107.072080000391935, -6.492290000083258, 0.0 ], [ 107.071849999677895, -6.492459999828917, 0.0 ], [ 107.071599999840359, -6.492680000081776, 0.0 ], [ 107.071499999725404, -6.492920000357607, 0.0 ], [ 107.071439999656405, -6.493469999640613, 0.0 ], [ 107.071410000071637, -6.494289999683591, 0.0 ], [ 107.071309999956696, -6.494810000281106, 0.0 ], [ 107.071260000348857, -6.495240000325566, 0.0 ], [ 107.070930000419338, -6.49573000043894, 0.0 ], [ 107.070189999568967, -6.496499999974805, 0.0 ], [ 107.069415411692106, -6.49711569833066, 0.0 ], [ 107.069409999571931, -6.497119999787984, 0.0 ], [ 107.069210000241497, -6.497380000086785, 0.0 ], [ 107.068980000426848, -6.497730000039361, 0.0 ], [ 107.068860000288936, -6.498059999968877, 0.0 ], [ 107.06880999978182, -6.498460000428476, 0.0 ], [ 107.068729999689936, -6.498889999573656, 0.0 ], [ 107.068559999944185, -6.499240000425512, 0.0 ], [ 107.068209999991694, -6.499840000215631, 0.0 ], [ 107.068129999899725, -6.500000000399577, 0.0 ], [ 107.067940000131102, -6.500279999821981, 0.0 ], [ 107.067579999717438, -6.500970000165243, 0.0 ], [ 107.066790000158605, -6.502699999904884, 0.0 ], [ 107.066420000183058, -6.503949999992322, 0.0 ], [ 107.066090000253539, -6.504890000173216, 0.0 ], [ 107.066066050408054, -6.504932804305366, 0.0 ], [ 107.065620000163051, -6.505730000239165, 0.0 ], [ 107.06528850466097, -6.506156207842508, 0.0 ], [ 107.065060000418868, -6.506450000167199, 0.0 ], [ 107.064189999868773, -6.507210000141264, 0.0 ], [ 107.063910000446384, -6.507470000439977, 0.0 ], [ 107.063509999986692, -6.507279999772067, 0.0 ], [ 107.063369999825795, -6.507210000141264, 0.0 ], [ 107.062830000104597, -6.506960000303632, 0.0 ], [ 107.062429999644991, -6.506800000119775, 0.0 ], [ 107.062190000268444, -6.506729999589691, 0.0 ], [ 107.061800000269926, -6.506760000073744, 0.0 ], [ 107.061499999925189, -6.506869999750489, 0.0 ], [ 107.061381407226321, -6.506932120420874, 0.0 ], [ 107.061290000133582, -6.506980000326603, 0.0 ], [ 107.061069999880814, -6.507439999955835, 0.0 ], [ 107.060900000135064, -6.507829999954353, 0.0 ], [ 107.060650000297443, -6.508179999906929, 0.0 ], [ 107.060360000413866, -6.508500000274644, 0.0 ], [ 107.06002999958497, -6.508750000112187, 0.0 ], [ 107.059520000347916, -6.509229999764479, 0.0 ], [ 107.05940000020999, -6.509309999856452, 0.0 ], [ 107.059019999773369, -6.509309999856452, 0.0 ], [ 107.058830000004647, -6.509309999856452, 0.0 ], [ 107.058549999682882, -6.509409999971396, 0.0 ], [ 107.058230000214536, -6.509559999694083, 0.0 ], [ 107.058059999569508, -6.509599999740026, 0.0 ], [ 107.057969999915727, -6.509579999717054, 0.0 ], [ 107.057840000216018, -6.509439999556168, 0.0 ], [ 107.057760000124034, -6.509309999856452, 0.0 ], [ 107.057550000332441, -6.509180000156736, 0.0 ], [ 107.057140000310952, -6.509109999626652, 0.0 ], [ 107.056810000381432, -6.509200000179707, 0.0 ], [ 107.056180000107091, -6.50928000027168, 0.0 ], [ 107.055919999808367, -6.50926999981051, 0.0 ], [ 107.055440000156082, -6.509220000202678, 0.0 ], [ 107.054379999837266, -6.509579999717054, 0.0 ], [ 107.054210000091615, -6.509670000270109, 0.0 ], [ 107.053909999746878, -6.509960000153772, 0.0 ], [ 107.053670000370403, -6.51033000012923, 0.0 ], [ 107.053470000140607, -6.511110000126266, 0.0 ], [ 107.053390000048637, -6.511290000333094, 0.0 ], [ 107.053229999864783, -6.511480000101724, 0.0 ], [ 107.053040000096061, -6.511600000239639, 0.0 ], [ 107.052974995299934, -6.51157592358981, 0.0 ], [ 107.052500000374863, -6.511400000009839, 0.0 ], [ 107.052329999729835, -6.511350000402008, 0.0 ], [ 107.052220000053083, -6.511400000009839, 0.0 ], [ 107.052156700371583, -6.511505501277739, 0.0 ], [ 107.052010000261475, -6.511749999962415, 0.0 ], [ 107.051879999662489, -6.511970000215186, 0.0 ], [ 107.05168000033197, -6.512240000075789, 0.0 ], [ 107.051500000125046, -6.512610000051335, 0.0 ], [ 107.051290000333452, -6.512890000373019, 0.0 ], [ 107.051050000057614, -6.513109999726598, 0.0 ], [ 107.050599999990183, -6.513309999956398, 0.0 ], [ 107.050370419259579, -6.513468519856094, 0.0 ], [ 107.050180000406812, -6.513599999839972, 0.0 ], [ 107.049100000065124, -6.51400000029966, 0.0 ], [ 107.048819999743344, -6.514109999976405, 0.0 ], [ 107.04862000041291, -6.514490000413033, 0.0 ], [ 107.048489999813825, -6.514729999789495, 0.0 ], [ 107.048250000437363, -6.514999999650097, 0.0 ], [ 107.047903746161097, -6.515169279938196, 0.0 ], [ 107.047800000369847, -6.515219999902868, 0.0 ], [ 107.047709999816789, -6.515290000433041, 0.0 ], [ 107.047509999586993, -6.515509999786531, 0.0 ], [ 107.047339999841341, -6.515669999970388, 0.0 ], [ 107.047279999772329, -6.51591999980802, 0.0 ], [ 107.047049999957764, -6.516180000106733, 0.0 ], [ 107.046960000303983, -6.516260000198706, 0.0 ], [ 107.046909999796782, -6.516300000244648, 0.0 ], [ 107.046709999566986, -6.516209999691593, 0.0 ], [ 107.046570000305465, -6.516120000037819, 0.0 ], [ 107.04645999972935, -6.516369999875451, 0.0 ], [ 107.046419999683408, -6.516440000405535, 0.0 ], [ 107.0458100003314, -6.516499999575167, 0.0 ], [ 107.045579999617459, -6.516570000105251, 0.0 ], [ 107.045420000332882, -6.516659999759025, 0.0 ], [ 107.045322571379714, -6.51709468077474, 0.0 ], [ 107.045289999733882, -6.517240000425542, 0.0 ], [ 107.045220000103086, -6.517390000148229, 0.0 ], [ 107.045030000334364, -6.517579999916947, 0.0 ], [ 107.044850000127539, -6.517689999593603, 0.0 ], [ 107.044349999552992, -6.517539999871005, 0.0 ], [ 107.044320788673673, -6.517531236876852, 0.0 ], [ 107.044050000107532, -6.517450000217231, 0.0 ], [ 107.043600000040186, -6.51739999971003, 0.0 ], [ 107.043020000272946, -6.517100000264655, 0.0 ], [ 107.042849999627919, -6.517040000195653, 0.0 ], [ 107.042639999836325, -6.517100000264655, 0.0 ], [ 107.042229999814836, -6.517169999895458, 0.0 ], [ 107.041670000070567, -6.517080000241684, 0.0 ], [ 107.041269999610975, -6.517120000287626, 0.0 ], [ 107.040990000188486, -6.517029999734483, 0.0 ], [ 107.040850000027689, -6.516989999688541, 0.0 ], [ 107.040729999889763, -6.517009999711512, 0.0 ], [ 107.040609999751851, -6.517120000287626, 0.0 ], [ 107.040609999751851, -6.5172099999414, 0.0 ], [ 107.040600000190054, -6.517559999893976, 0.0 ], [ 107.040339999891245, -6.517880000261602, 0.0 ], [ 107.040279999822332, -6.517969999915376, 0.0 ], [ 107.040050000007682, -6.518040000445549, 0.0 ], [ 107.039949999892727, -6.518040000445549, 0.0 ], [ 107.03972999963996, -6.517920000307544, 0.0 ], [ 107.039439999756382, -6.51763999998586, 0.0 ], [ 107.039180000356865, -6.517530000309115, 0.0 ], [ 107.039166532109988, -6.517526734870795, 0.0 ], [ 107.038850000427345, -6.517450000217231, 0.0 ], [ 107.03857000010558, -6.517450000217231, 0.0 ], [ 107.038129999599946, -6.517479999802003, 0.0 ], [ 107.037861569955652, -6.517479999802003, 0.0 ], [ 107.037689999993688, -6.517479999802003, 0.0 ], [ 107.03723000036436, -6.517319999618145, 0.0 ], [ 107.036889999973681, -6.517189999918429, 0.0 ], [ 107.036549999582988, -6.516940000080709, 0.0 ], [ 107.03594000023098, -6.516479999552196, 0.0 ], [ 107.035260000348899, -6.516059999968906, 0.0 ], [ 107.034850000327395, -6.515719999578131, 0.0 ], [ 107.034679999682368, -6.51548000020167, 0.0 ], [ 107.034590000028601, -6.515320000017812, 0.0 ], [ 107.03452000039789, -6.515099999765042, 0.0 ], [ 107.034449999867803, -6.514749999812466, 0.0 ], [ 107.034400000259978, -6.51441999988295, 0.0 ], [ 107.034280000122052, -6.513949999792459, 0.0 ], [ 107.034172117449401, -6.513479237076982, 0.0 ], [ 107.034170000445314, -6.513470000140256, 0.0 ], [ 107.034229999614951, -6.513359999564141, 0.0 ], [ 107.034349999752862, -6.513149999772541, 0.0 ], [ 107.034659999659397, -6.512870000350048, 0.0 ], [ 107.034676184758268, -6.512864605317095, 0.0 ], [ 107.034810000281453, -6.512819999842936, 0.0 ], [ 107.034980000027119, -6.512870000350048, 0.0 ], [ 107.035169999795841, -6.513020000072824, 0.0 ], [ 107.035200000279985, -6.513109999726598, 0.0 ], [ 107.035160000233944, -6.513300000394597, 0.0 ], [ 107.035169999795841, -6.513490000163227, 0.0 ], [ 107.035260000348899, -6.513670000370055, 0.0 ], [ 107.035410000071664, -6.513800000069772, 0.0 ], [ 107.03561000030146, -6.513900000184716, 0.0 ], [ 107.035749999562981, -6.513900000184716, 0.0 ], [ 107.035909999746849, -6.513820000092743, 0.0 ], [ 107.036150000022673, -6.513610000301142, 0.0 ], [ 107.036359999814266, -6.513280000371537, 0.0 ], [ 107.036620000113075, -6.512890000373019, 0.0 ], [ 107.037890000223484, -6.511589999778469, 0.0 ], [ 107.037850000177542, -6.511440000055781, 0.0 ], [ 107.037759999624484, -6.511359999963897, 0.0 ], [ 107.037600000339907, -6.511310000356065, 0.0 ], [ 107.037010000111593, -6.511170000195179, 0.0 ], [ 107.036889999973681, -6.511050000057352, 0.0 ], [ 107.036820000342871, -6.510860000288634, 0.0 ], [ 107.036769999835855, -6.510550000382089, 0.0 ], [ 107.0368000003199, -6.509779999946854, 0.0 ], [ 107.036950000042594, -6.509719999877941, 0.0 ], [ 107.037150000272476, -6.509719999877941, 0.0 ], [ 107.037950000292398, -6.509739999900912, 0.0 ], [ 107.038610000151522, -6.509710000316051, 0.0 ], [ 107.038850000427345, -6.509610000201196, 0.0 ], [ 107.038940000081126, -6.509510000086252, 0.0 ], [ 107.038909999596981, -6.509400000409507, 0.0 ], [ 107.038779999897258, -6.509260000248709, 0.0 ], [ 107.038429999944697, -6.508850000227131, 0.0 ], [ 107.038380000336943, -6.508620000412559, 0.0 ], [ 107.038429999944697, -6.508500000274644, 0.0 ], [ 107.038510000036666, -6.508469999790503, 0.0 ], [ 107.038639999736375, -6.508540000320586, 0.0 ], [ 107.038980000127069, -6.50881999974299, 0.0 ], [ 107.039160000333894, -6.508910000296133, 0.0 ], [ 107.039279999572528, -6.508870000250191, 0.0 ], [ 107.039379999687384, -6.508750000112187, 0.0 ], [ 107.039410000171529, -6.508580000366617, 0.0 ], [ 107.039499999825296, -6.508409999721589, 0.0 ], [ 107.03966000000915, -6.508259999998813, 0.0 ], [ 107.039969999915698, -6.508070000230184, 0.0 ], [ 107.040350000352419, -6.507910000046326, 0.0 ], [ 107.04058999972888, -6.507879999562185, 0.0 ], [ 107.041280000072135, -6.507930000069297, 0.0 ], [ 107.041360000164019, -6.5079999997001, 0.0 ], [ 107.041420000233032, -6.508030000184153, 0.0 ], [ 107.041589999978683, -6.5079999997001, 0.0 ], [ 107.04173000013958, -6.507879999562185, 0.0 ], [ 107.041839999816318, -6.507700000254637, 0.0 ], [ 107.041870000300463, -6.507620000162753, 0.0 ], [ 107.041890000323434, -6.507480000001866, 0.0 ], [ 107.041979999977201, -6.507000000349574, 0.0 ], [ 107.041986064105785, -6.506975742936074, 0.0 ], [ 107.042000000000172, -6.50692000025769, 0.0 ], [ 107.042100000115113, -6.506820000142746, 0.0 ], [ 107.042260000298981, -6.506760000073744, 0.0 ], [ 107.042570000205529, -6.506749999612662, 0.0 ], [ 107.043259999649422, -6.50670000000483, 0.0 ], [ 107.043940000430879, -6.506539999820973, 0.0 ], [ 107.044150000222473, -6.506410000121257, 0.0 ], [ 107.044239999876254, -6.50626999996037, 0.0 ], [ 107.044230000314457, -6.506140000260654, 0.0 ], [ 107.044110000176531, -6.505890000423022, 0.0 ], [ 107.043860000338896, -6.505449999917392, 0.0 ], [ 107.043689999693967, -6.50520999964165, 0.0 ], [ 107.043669999670897, -6.505059999918874, 0.0 ], [ 107.043637366871152, -6.504922939641791, 0.0 ], [ 107.043620000063157, -6.504850000127274, 0.0 ], [ 107.043620000063157, -6.504669999920356, 0.0 ], [ 107.043660000109099, -6.504569999805501, 0.0 ], [ 107.043760000223955, -6.504440000105784, 0.0 ], [ 107.043920000407908, -6.504250000337066, 0.0 ], [ 107.043940000430879, -6.50413000019924, 0.0 ], [ 107.043920000407908, -6.504039999646096, 0.0 ], [ 107.043869999900707, -6.503929999969351, 0.0 ], [ 107.043669999670897, -6.503709999716492, 0.0 ], [ 107.043419999833276, -6.503450000317148, 0.0 ], [ 107.043310000156524, -6.50327999967212, 0.0 ], [ 107.043339999741391, -6.503089999903402, 0.0 ], [ 107.043450000317421, -6.502889999673602, 0.0 ], [ 107.043479999902274, -6.502759999973886, 0.0 ], [ 107.043479999902274, -6.502599999790029, 0.0 ], [ 107.04343000029445, -6.502389999998339, 0.0 ], [ 107.043399999810305, -6.502149999722597, 0.0 ], [ 107.043379999787334, -6.50197999997685, 0.0 ], [ 107.043410000271479, -6.50177000018525, 0.0 ], [ 107.04343000029445, -6.50154999993239, 0.0 ], [ 107.043479999902274, -6.501369999725561, 0.0 ], [ 107.043439999856247, -6.501210000440985, 0.0 ], [ 107.043379999787334, -6.501050000257127, 0.0 ], [ 107.043370000225437, -6.500939999681101, 0.0 ], [ 107.043370000225437, -6.500850000027327, 0.0 ], [ 107.04343000029445, -6.500760000373553, 0.0 ], [ 107.043539999971188, -6.500660000258609, 0.0 ], [ 107.043629999624955, -6.500509999636641, 0.0 ], [ 107.043649999647926, -6.500390000398095, 0.0 ], [ 107.043660000109099, -6.500170000145236, 0.0 ], [ 107.043660000109099, -6.500000000399577, 0.0 ], [ 107.043660000109099, -6.499929999869405, 0.0 ], [ 107.043729999739909, -6.499740000100775, 0.0 ], [ 107.043820000292953, -6.499590000378088, 0.0 ], [ 107.043929999969706, -6.499479999801974, 0.0 ], [ 107.044210000291486, -6.499390000148288, 0.0 ], [ 107.044480187211065, -6.499209875834957, 0.0 ], [ 107.044509999736846, -6.4991899999184, 0.0 ], [ 107.044720000427816, -6.498889999573656, 0.0 ], [ 107.044879999712407, -6.498610000151253, 0.0 ], [ 107.044850000127539, -6.49834000029065, 0.0 ], [ 107.044759999574481, -6.497990000338074, 0.0 ], [ 107.044770000035655, -6.497799999670075, 0.0 ], [ 107.044850000127539, -6.497629999924417, 0.0 ], [ 107.045149999572999, -6.497290000433011, 0.0 ], [ 107.045309999756853, -6.49705999971907, 0.0 ], [ 107.045309999756853, -6.496880000411522, 0.0 ], [ 107.045209999641912, -6.496740000250636, 0.0 ], [ 107.044970000265451, -6.496589999628579, 0.0 ], [ 107.044770000035655, -6.496419999882921, 0.0 ], [ 107.044600000289989, -6.496210000091232, 0.0 ], [ 107.044560000243962, -6.496089999953405, 0.0 ], [ 107.044560000243962, -6.49596999981549, 0.0 ], [ 107.044580000267018, -6.495829999654603, 0.0 ], [ 107.044770000035655, -6.495740000000829, 0.0 ], [ 107.045059999919232, -6.495690000392997, 0.0 ], [ 107.045590000078633, -6.495699999954887, 0.0 ], [ 107.046040000146064, -6.495659999908945, 0.0 ], [ 107.046330000029641, -6.4955500002322, 0.0 ], [ 107.046599999890248, -6.4953500000024, 0.0 ], [ 107.046679999982217, -6.495180000256653, 0.0 ], [ 107.046709999566986, -6.495040000095766, 0.0 ], [ 107.046690000443292, -6.494870000350108, 0.0 ], [ 107.046519999798264, -6.494619999613107, 0.0 ], [ 107.046260000398917, -6.49424999963756, 0.0 ], [ 107.046209999891715, -6.494059999868931, 0.0 ], [ 107.046200000329918, -6.493990000238128, 0.0 ], [ 107.046189999868744, -6.493859999639042, 0.0 ], [ 107.046229999914686, -6.493569999755557, 0.0 ], [ 107.046313106265032, -6.493104604193913, 0.0 ], [ 107.046330000029641, -6.493010000011381, 0.0 ], [ 107.046439999706379, -6.492620000012863, 0.0 ], [ 107.046490000213495, -6.49233999969109, 0.0 ], [ 107.046539999821334, -6.492219999553175, 0.0 ], [ 107.046630000374378, -6.492180000406513, 0.0 ], [ 107.046769999635984, -6.492180000406513, 0.0 ], [ 107.046849999727868, -6.492209999991374, 0.0 ], [ 107.047040000395867, -6.492419999782975, 0.0 ], [ 107.047190000118562, -6.49274000015069, 0.0 ], [ 107.047310000256473, -6.492809999781493, 0.0 ], [ 107.047450000417356, -6.492800000219692, 0.0 ], [ 107.047600000140051, -6.492709999666637, 0.0 ], [ 107.04767466005768, -6.492651931341378, 0.0 ], [ 107.047689999793818, -6.492640000035834, 0.0 ], [ 107.047689999793818, -6.492499999874948, 0.0 ], [ 107.047689999793818, -6.492299999645148, 0.0 ], [ 107.047689999793818, -6.492069999830488, 0.0 ], [ 107.047669999770847, -6.491900000084829, 0.0 ], [ 107.047669999770847, -6.491759999923854, 0.0 ], [ 107.047740000300934, -6.491570000155225, 0.0 ], [ 107.047840000415874, -6.491510000086311, 0.0 ], [ 107.047959999654424, -6.491479999602081, 0.0 ], [ 107.048070000230538, -6.491539999671083, 0.0 ], [ 107.048280000022146, -6.49167000027008, 0.0 ], [ 107.048469999790854, -6.491730000339082, 0.0 ], [ 107.048719999628489, -6.491730000339082, 0.0 ], [ 107.048819999743344, -6.491690000293051, 0.0 ], [ 107.04887000025046, -6.491610000201167, 0.0 ], [ 107.048890000273431, -6.49147000004028, 0.0 ], [ 107.048839999766315, -6.491400000409566, 0.0 ], [ 107.048690000043621, -6.491280000271651, 0.0 ], [ 107.048569999905709, -6.491180000156707, 0.0 ], [ 107.048500000274913, -6.491080000041762, 0.0 ], [ 107.048500000274913, -6.490959999903936, 0.0 ], [ 107.04852000029797, -6.490759999674047, 0.0 ], [ 107.048569999905709, -6.490589999928389, 0.0 ], [ 107.048679999582461, -6.490500000274615, 0.0 ], [ 107.048930000319459, -6.490500000274615, 0.0 ], [ 107.049229999764833, -6.490540000320646, 0.0 ], [ 107.049459999579497, -6.490580000366588, 0.0 ], [ 107.049545373120623, -6.490520238617972, 0.0 ], [ 107.049559999694438, -6.490509999836505, 0.0 ], [ 107.049610000201554, -6.490389999698589, 0.0 ], [ 107.049690000293523, -6.490070000230155, 0.0 ], [ 107.049799999970176, -6.489649999747584, 0.0 ], [ 107.049840000016118, -6.489450000417065, 0.0 ], [ 107.049799999970176, -6.489210000141235, 0.0 ], [ 107.049710000316495, -6.488889999773519, 0.0 ], [ 107.049579999717409, -6.488650000397058, 0.0 ], [ 107.049349999902745, -6.48847999975203, 0.0 ], [ 107.049030000434314, -6.488229999914399, 0.0 ], [ 107.048839999766315, -6.488080000191712, 0.0 ], [ 107.048790000158576, -6.487960000053796, 0.0 ], [ 107.048819999743344, -6.487799999869939, 0.0 ], [ 107.048879999812257, -6.487639999686081, 0.0 ], [ 107.048990000388372, -6.487590000078249, 0.0 ], [ 107.049180000157008, -6.487599999640139, 0.0 ], [ 107.049510000086599, -6.487750000262196, 0.0 ], [ 107.049880000062061, -6.487920000007854, 0.0 ], [ 107.050100000314927, -6.487980000076767, 0.0 ], [ 107.050490000313445, -6.487980000076767, 0.0 ], [ 107.050629999574966, -6.487940000030825, 0.0 ], [ 107.050749999712878, -6.48783000035408, 0.0 ], [ 107.05089338492192, -6.487248495121758, 0.0 ], [ 107.050929999919703, -6.487099999964876, 0.0 ], [ 107.050949999942674, -6.486910000196158, 0.0 ], [ 107.051050000057614, -6.486850000127244, 0.0 ], [ 107.051150000172555, -6.486850000127244, 0.0 ], [ 107.051299999895249, -6.486939999781018, 0.0 ], [ 107.051500000125046, -6.487050000357044, 0.0 ], [ 107.051609999801798, -6.487030000334073, 0.0 ], [ 107.051709999916739, -6.486999999849932, 0.0 ], [ 107.051740000400883, -6.486850000127244, 0.0 ], [ 107.051720000377912, -6.486660000358615, 0.0 ], [ 107.051549999732885, -6.486420000082784, 0.0 ], [ 107.051279999872278, -6.486179999807042, 0.0 ], [ 107.051199999780394, -6.486070000130297, 0.0 ], [ 107.051099999665453, -6.485920000407521, 0.0 ], [ 107.051119999688424, -6.485760000223664, 0.0 ], [ 107.051259999849307, -6.485629999624578, 0.0 ], [ 107.051560000193959, -6.485439999855949, 0.0 ], [ 107.051819999593476, -6.485350000202175, 0.0 ], [ 107.052059999869314, -6.485390000248206, 0.0 ], [ 107.052349999752806, -6.485499999924951, 0.0 ], [ 107.052540000420805, -6.485519999947922, 0.0 ], [ 107.0526700001206, -6.485490000363061, 0.0 ], [ 107.052810000281482, -6.485299999695062, 0.0 ], [ 107.052830000304454, -6.485049999857431, 0.0 ], [ 107.05277000023554, -6.48482999960466, 0.0 ], [ 107.052599999590512, -6.484519999698115, 0.0 ], [ 107.052549999982688, -6.484380000436509, 0.0 ], [ 107.052549999982688, -6.48416000018365, 0.0 ], [ 107.05257339944302, -6.484025455310363, 0.0 ], [ 107.05259000002863, -6.483930000369078, 0.0 ], [ 107.052650000097628, -6.483610000001363, 0.0 ], [ 107.052699999705368, -6.483429999794534, 0.0 ], [ 107.052819999843294, -6.483260000048787, 0.0 ], [ 107.052890000373367, -6.483210000441044, 0.0 ], [ 107.05302000007309, -6.483210000441044, 0.0 ], [ 107.053129999749842, -6.483269999610588, 0.0 ], [ 107.053189999818841, -6.483400000209674, 0.0 ], [ 107.05330000039487, -6.483589999978303, 0.0 ], [ 107.053419999633405, -6.483670000070276, 0.0 ], [ 107.053590000278433, -6.483770000185221, 0.0 ], [ 107.053780000047155, -6.483839999816023, 0.0 ], [ 107.05396000025398, -6.483870000300076, 0.0 ], [ 107.054033123230198, -6.483847149426261, 0.0 ], [ 107.054120000437848, -6.483819999793052, 0.0 ], [ 107.054199999630441, -6.483719999678108, 0.0 ], [ 107.054199999630441, -6.483619999563164, 0.0 ], [ 107.054120000437848, -6.483549999932361, 0.0 ], [ 107.053929999769849, -6.483389999748503, 0.0 ], [ 107.053800000070126, -6.483269999610588, 0.0 ], [ 107.053789999608952, -6.483159999933932, 0.0 ], [ 107.053809999631923, -6.483079999841959, 0.0 ], [ 107.05388000016201, -6.482970000165214, 0.0 ], [ 107.054040000345964, -6.482950000142242, 0.0 ], [ 107.054299999745382, -6.482939999681072, 0.0 ], [ 107.054490000413381, -6.482910000096211, 0.0 ], [ 107.054740000251016, -6.482769999935414, 0.0 ], [ 107.055019999673419, -6.482580000166696, 0.0 ], [ 107.055210000341418, -6.482379999936896, 0.0 ], [ 107.055290000433303, -6.48225000023718, 0.0 ], [ 107.055290000433303, -6.482150000122235, 0.0 ], [ 107.055230000364389, -6.482070000030351, 0.0 ], [ 107.054979999627477, -6.481900000284604, 0.0 ], [ 107.054740000251016, -6.48182999975452, 0.0 ], [ 107.05460999965193, -6.481869999800463, 0.0 ], [ 107.054490000413381, -6.481949999892436, 0.0 ], [ 107.054350000252498, -6.482159999684125, 0.0 ], [ 107.054239999676469, -6.48225999979898, 0.0 ], [ 107.054129999999731, -6.482299999844923, 0.0 ], [ 107.054009999861734, -6.48225000023718, 0.0 ], [ 107.053940000231009, -6.482159999684125, 0.0 ], [ 107.05388000016201, -6.48204000044549, 0.0 ], [ 107.053829999654894, -6.48182999975452, 0.0 ], [ 107.053840000116068, -6.481669999570663, 0.0 ], [ 107.053900000184981, -6.481570000355088, 0.0 ], [ 107.054080000391906, -6.481470000240144, 0.0 ], [ 107.054580000067162, -6.481310000056286, 0.0 ], [ 107.054720000228045, -6.481240000425572, 0.0 ], [ 107.054769999835798, -6.4811699998954, 0.0 ], [ 107.054780000296958, -6.481069999780544, 0.0 ], [ 107.0548200003429, -6.48075000031211, 0.0 ], [ 107.054849999927768, -6.480619999713024, 0.0 ], [ 107.054909999996681, -6.480519999598169, 0.0 ], [ 107.054990000088566, -6.480499999575198, 0.0 ], [ 107.055079999742333, -6.480499999575198, 0.0 ], [ 107.055150000272505, -6.48055000008231, 0.0 ], [ 107.055259999949257, -6.480690000243197, 0.0 ], [ 107.055440000156082, -6.481029999734513, 0.0 ], [ 107.055520000247967, -6.481120000287568, 0.0 ], [ 107.055609999901748, -6.481160000333599, 0.0 ], [ 107.055770000085602, -6.481189999918371, 0.0 ], [ 107.055950000292427, -6.48118000035657, 0.0 ], [ 107.055957315377938, -6.481176749307362, 0.0 ], [ 107.056129999599975, -6.481100000264597, 0.0 ], [ 107.056209999691944, -6.481009999711542, 0.0 ], [ 107.056289999783829, -6.480799999919853, 0.0 ], [ 107.056329999829771, -6.480409999921424, 0.0 ], [ 107.056369999875713, -6.480280000221708, 0.0 ], [ 107.056499999575522, -6.480140000060732, 0.0 ], [ 107.056799999920258, -6.479970000315163, 0.0 ], [ 107.056900000035213, -6.479959999853993, 0.0 ], [ 107.057000000150069, -6.480019999922906, 0.0 ], [ 107.057160000333923, -6.480269999760537, 0.0 ], [ 107.057359999664442, -6.480519999598169, 0.0 ], [ 107.057519999848296, -6.480639999735995, 0.0 ], [ 107.057700000055121, -6.480710000266168, 0.0 ], [ 107.057900000285017, -6.48075000031211, 0.0 ], [ 107.058059999569508, -6.480679999782026, 0.0 ], [ 107.058139999661392, -6.480570000105281, 0.0 ], [ 107.058219999753362, -6.480389999898453, 0.0 ], [ 107.058210000191565, -6.480280000221708, 0.0 ], [ 107.058159999684364, -6.480149999622622, 0.0 ], [ 107.057940000330959, -6.479959999853993, 0.0 ], [ 107.057761795170904, -6.479770297760847, 0.0 ], [ 107.057630000424325, -6.479629999924388, 0.0 ], [ 107.05716999989572, -6.479059999719041, 0.0 ], [ 107.057069999780779, -6.478959999604097, 0.0 ], [ 107.057089999803836, -6.478840000365551, 0.0 ], [ 107.057119945429292, -6.478786097700109, 0.0 ], [ 107.057140000310952, -6.478749999812496, 0.0 ], [ 107.057189999918791, -6.478680000181694, 0.0 ], [ 107.057299999595529, -6.478660000158722, 0.0 ], [ 107.057379999687413, -6.478680000181694, 0.0 ], [ 107.057559999894238, -6.478889999973383, 0.0 ], [ 107.057760000124034, -6.479139999810926, 0.0 ], [ 107.057929999869785, -6.47925000038704, 0.0 ], [ 107.058059999569508, -6.479279999971901, 0.0 ], [ 107.058150000122566, -6.47925000038704, 0.0 ], [ 107.058230000214536, -6.479130000249125, 0.0 ], [ 107.058290000283449, -6.478990000088327, 0.0 ], [ 107.058290000283449, -6.478869999950412, 0.0 ], [ 107.058199999730391, -6.478649999697552, 0.0 ], [ 107.057709999617018, -6.47796000025366, 0.0 ], [ 107.057650000447296, -6.477789999608632, 0.0 ], [ 107.05768000003215, -6.477650000347026, 0.0 ], [ 107.057769999685931, -6.477379999587143, 0.0 ], [ 107.057909999846814, -6.47710999972654, 0.0 ], [ 107.058050000007611, -6.477000000049795, 0.0 ], [ 107.058170000145537, -6.476969999565654, 0.0 ], [ 107.058279999822361, -6.476969999565654, 0.0 ], [ 107.05854000012107, -6.477169999795453, 0.0 ], [ 107.058749999912678, -6.477399999610114, 0.0 ], [ 107.058919999658428, -6.477490000163257, 0.0 ], [ 107.059079999842282, -6.4775300002092, 0.0 ], [ 107.059309999656946, -6.477510000186228, 0.0 ], [ 107.059489999863771, -6.477430000094255, 0.0 ], [ 107.059670000070597, -6.477140000210682, 0.0 ], [ 107.059859999839318, -6.476819999842967, 0.0 ], [ 107.05997999997723, -6.47669000014325, 0.0 ], [ 107.06004999960804, -6.476670000120279, 0.0 ], [ 107.06024000027594, -6.476699999705051, 0.0 ], [ 107.060559999744385, -6.476730000189193, 0.0 ], [ 107.060699999905268, -6.476699999705051, 0.0 ], [ 107.060759999974181, -6.476659999659109, 0.0 ], [ 107.060829999604977, -6.476520000397592, 0.0 ], [ 107.060940000181091, -6.476220000052848, 0.0 ], [ 107.061000000250004, -6.476130000399074, 0.0 ], [ 107.061190000018641, -6.476050000307101, 0.0 ], [ 107.061479999902218, -6.475999999799988, 0.0 ], [ 107.061609999601927, -6.475930000169186, 0.0 ], [ 107.061640000086157, -6.475839999616131, 0.0 ], [ 107.061649999647955, -6.475680000331554, 0.0 ], [ 107.061559999994188, -6.475529999709586, 0.0 ], [ 107.061530000409419, -6.475409999571671, 0.0 ], [ 107.061580000017159, -6.475270000310065, 0.0 ], [ 107.061700000155071, -6.475190000218181, 0.0 ], [ 107.061869999900736, -6.475130000149267, 0.0 ], [ 107.062190000268444, -6.475150000172238, 0.0 ], [ 107.062369999575992, -6.475150000172238, 0.0 ], [ 107.062500000174992, -6.475070000080265, 0.0 ], [ 107.062640000335961, -6.474880000311636, 0.0 ], [ 107.062810000081626, -6.474720000127689, 0.0 ], [ 107.062990000288451, -6.474669999620666, 0.0 ], [ 107.063309999756882, -6.474729999689579, 0.0 ], [ 107.06346999994075, -6.474829999804523, 0.0 ], [ 107.063539999571461, -6.475000000449462, 0.0 ], [ 107.063670000170546, -6.475469999640584, 0.0 ], [ 107.063710000216489, -6.475689999893444, 0.0 ], [ 107.063810000331429, -6.475780000446498, 0.0 ], [ 107.064040000146093, -6.4757999995701, 0.0 ], [ 107.064240000375889, -6.475769999985328, 0.0 ], [ 107.06445999972938, -6.47560000023967, 0.0 ], [ 107.064709999567015, -6.475350000402038, 0.0 ], [ 107.064980000326983, -6.475010000011352, 0.0 ], [ 107.065210000141562, -6.474920000357578, 0.0 ], [ 107.065299999795329, -6.474920000357578, 0.0 ], [ 107.065439999956226, -6.47496999996541, 0.0 ], [ 107.065489999564051, -6.475070000080265, 0.0 ], [ 107.065500000025139, -6.475230000264123, 0.0 ], [ 107.065370000325416, -6.475680000331554, 0.0 ], [ 107.065290000233531, -6.475890000123243, 0.0 ], [ 107.065350000302445, -6.475999999799988, 0.0 ], [ 107.065500000025139, -6.475999999799988, 0.0 ], [ 107.065629999724848, -6.475939999731075, 0.0 ], [ 107.065789999908787, -6.475709999916415, 0.0 ], [ 107.065990000138598, -6.475420000032841, 0.0 ], [ 107.06611000027651, -6.475339999940868, 0.0 ], [ 107.066300000045146, -6.475270000310065, 0.0 ], [ 107.066670000020679, -6.475319999917897, 0.0 ], [ 107.066790000158605, -6.475270000310065, 0.0 ], [ 107.066790000158605, -6.475199999779981, 0.0 ], [ 107.066489999813854, -6.474929999919468, 0.0 ], [ 107.065950000092556, -6.47453000035906, 0.0 ], [ 107.0654500004173, -6.474080000291629, 0.0 ], [ 107.065259999749301, -6.473840000015887, 0.0 ], [ 107.065199999680388, -6.473579999717085, 0.0 ], [ 107.065290000233531, -6.473409999971338, 0.0 ], [ 107.065459999979197, -6.473280000271622, 0.0 ], [ 107.065950000092556, -6.473120000087764, 0.0 ], [ 107.066119999838307, -6.473049999557681, 0.0 ], [ 107.066150000322452, -6.472970000365077, 0.0 ], [ 107.066139999861278, -6.472830000204191, 0.0 ], [ 107.065979999677424, -6.472640000435472, 0.0 ], [ 107.065930000069585, -6.472500000274675, 0.0 ], [ 107.066010000161569, -6.472329999629647, 0.0 ], [ 107.066035979776828, -6.472312679586292, 0.0 ], [ 107.066190000368394, -6.472210000391012, 0.0 ], [ 107.06629709883218, -6.472179400059144, 0.0 ], [ 107.066400000160087, -6.472150000322099, 0.0 ], [ 107.066600000389883, -6.472190000368041, 0.0 ], [ 107.06675999967446, -6.472380000136759, 0.0 ], [ 107.067019999973169, -6.472859999789051, 0.0 ], [ 107.06732000031792, -6.473329999879454, 0.0 ], [ 107.067530000109599, -6.473499999625112, 0.0 ], [ 107.067799999970205, -6.473639999785998, 0.0 ], [ 107.06804999980784, -6.473770000385084, 0.0 ], [ 107.068450000267532, -6.473980000176685, 0.0 ], [ 107.069580000216959, -6.47453000035906, 0.0 ], [ 107.069878796369579, -6.474683436391295, 0.0 ], [ 107.071060000119061, -6.475290000333036, 0.0 ], [ 107.072499999975221, -6.475979999777017, 0.0 ], [ 107.07274000025096, -6.47626000009879, 0.0 ], [ 107.072689999743844, -6.476549999982364, 0.0 ], [ 107.07247999995225, -6.477120000187711, 0.0 ], [ 107.072390000298469, -6.477439999656056, 0.0 ], [ 107.072319999768382, -6.478479999951894, 0.0 ], [ 107.072580000067191, -6.478700000204665, 0.0 ], [ 107.072649999697902, -6.478720000227636, 0.0 ], [ 107.073729034167769, -6.479066831868643, 0.0 ], [ 107.073770000085631, -6.479079999742012, 0.0 ], [ 107.074044620662931, -6.479171539934416, 0.0 ], [ 107.074100000015136, -6.479190000318127, 0.0 ], [ 107.07428000022206, -6.479230000364069, 0.0 ], [ 107.074510000036639, -6.479290000432982, 0.0 ], [ 107.074710000266435, -6.479340000040814, 0.0 ], [ 107.074859999989201, -6.479369999625675, 0.0 ], [ 107.075120000287924, -6.479429999694588, 0.0 ] ] ] ] } },
{ "type": "Feature", "properties": { "PROVNO": "32", "KABKOTNO": "01", "KECNO": "170", "DESANO": "007", "PROVINSI": "JAWA BARAT", "KABKOT": "BOGOR", "KECAMATAN": "JONGGOL", "ID2013": "3201170007", "DESA": "BALEKAMBANG", "DESA_1": "BALEKAMBANG", "ID2012": "3201170007", "IDKAB2": "3201", "IDKEC_2": "3201170", "WILAYAH": "TIMUR" }, "geometry": { "type": "MultiPolygon", "coordinates": [ [ [ [ 107.106863043195105, -6.502834382001002, 0.0 ], [ 107.106708794175688, -6.5030835265833, 0.0 ], [ 107.106845270792803, -6.503538547565793, 0.0 ], [ 107.10711585521274, -6.5038791109321, 0.0 ], [ 107.107365432368923, -6.504147283370312, 0.0 ], [ 107.107770726238144, -6.504518347243806, 0.0 ], [ 107.108072152008361, -6.504807009835503, 0.0 ], [ 107.108456051006101, -6.505012494131126, 0.0 ], [ 107.1088299999047, -6.505090000403015, 0.0 ], [ 107.10929000043339, -6.505260000148763, 0.0 ], [ 107.109609999901735, -6.505469999940363, 0.0 ], [ 107.109959999854311, -6.505770000285107, 0.0 ], [ 107.110300000245005, -6.506089999753542, 0.0 ], [ 107.110530000059569, -6.506399999660086, 0.0 ], [ 107.110759999874318, -6.506780000096715, 0.0 ], [ 107.110969999665926, -6.507090000003348, 0.0 ], [ 107.111109999826809, -6.507259999749007, 0.0 ], [ 107.111379999687415, -6.507410000371063, 0.0 ], [ 107.111590000378385, -6.50758000011681, 0.0 ], [ 107.111630000424327, -6.507800000369581, 0.0 ], [ 107.111619999963153, -6.508059999769014, 0.0 ], [ 107.11155999989424, -6.5081999999299, 0.0 ], [ 107.111449977734509, -6.508302162914372, 0.0 ], [ 107.111419999733357, -6.508329999629616, 0.0 ], [ 107.111160000333925, -6.50842999974456, 0.0 ], [ 107.110790000358378, -6.508469999790503, 0.0 ], [ 107.110209999691946, -6.508500000274644, 0.0 ], [ 107.110004325639309, -6.508525709193993, 0.0 ], [ 107.109702627374546, -6.508517391364368, 0.0 ], [ 107.109277155416606, -6.508658312431006, 0.0 ], [ 107.109196050957195, -6.508685175180542, 0.0 ], [ 107.109020794674109, -6.508861928834833, 0.0 ], [ 107.108908043071921, -6.509131611234711, 0.0 ], [ 107.108919735157798, -6.509452545098728, 0.0 ], [ 107.10891530599676, -6.509678156221756, 0.0 ], [ 107.108911197893661, -6.50988745993816, 0.0 ], [ 107.108964385598114, -6.510228929821107, 0.0 ], [ 107.10888256078178, -6.510467420135182, 0.0 ], [ 107.108707649838351, -6.510727006745789, 0.0 ], [ 107.108470364615783, -6.510924728992897, 0.0 ], [ 107.10825382765222, -6.511132718799786, 0.0 ], [ 107.108139272009993, -6.51129785860908, 0.0 ], [ 107.108109758059072, -6.511340406434432, 0.0 ], [ 107.107893911774767, -6.511714061254761, 0.0 ], [ 107.107882547941415, -6.511741485181268, 0.0 ], [ 107.10776067001909, -6.512035600362456, 0.0 ], [ 107.107688979662854, -6.512222277136228, 0.0 ], [ 107.107524767054542, -6.512564654435096, 0.0 ], [ 107.107422192180621, -6.512792876290021, 0.0 ], [ 107.10723714407915, -6.513104277340389, 0.0 ], [ 107.107350043170115, -6.513144968065667, 0.0 ], [ 107.106890000373369, -6.513490000163227, 0.0 ], [ 107.106659999659428, -6.513740000000858, 0.0 ], [ 107.106500000374851, -6.514040000345602, 0.0 ], [ 107.106329999729923, -6.514510000436005, 0.0 ], [ 107.106170000445331, -6.514900000434523, 0.0 ], [ 107.105919999708419, -6.515309999556642, 0.0 ], [ 107.105449999617932, -6.515859999739106, 0.0 ], [ 107.10527999987228, -6.515990000338103, 0.0 ], [ 107.104936966068337, -6.516176561998535, 0.0 ], [ 107.104709999666937, -6.516300000244648, 0.0 ], [ 107.104603700700409, -6.516412943402408, 0.0 ], [ 107.104550000382446, -6.516469999990395, 0.0 ], [ 107.104390000198492, -6.516710000266137, 0.0 ], [ 107.103690000293426, -6.51827999982201, 0.0 ], [ 107.103309999856805, -6.518709999866381, 0.0 ], [ 107.102340000091047, -6.519790000208161, 0.0 ], [ 107.102130000299454, -6.51997000041499, 0.0 ], [ 107.101680000232022, -6.520320000367565, 0.0 ], [ 107.101439999956185, -6.520590000228168, 0.0 ], [ 107.10121000014162, -6.520949999742545, 0.0 ], [ 107.101040000395869, -6.521359999764034, 0.0 ], [ 107.100639999936178, -6.522729999989298, 0.0 ], [ 107.100459999729352, -6.523019999872961, 0.0 ], [ 107.100189999868746, -6.523349999802477, 0.0 ], [ 107.099859999939241, -6.523610000101279, 0.0 ], [ 107.099220000103088, -6.524129999799513, 0.0 ], [ 107.098970000265453, -6.524339999591113, 0.0 ], [ 107.098799999620425, -6.524419999683087, 0.0 ], [ 107.098170000245446, -6.524639999935946, 0.0 ], [ 107.097829999854852, -6.524860000188717, 0.0 ], [ 107.097250000087612, -6.525439999955864, 0.0 ], [ 107.09710999992673, -6.525689999793496, 0.0 ], [ 107.097020000272948, -6.526019999723101, 0.0 ], [ 107.096989999788804, -6.526070000230124, 0.0 ], [ 107.096940000181064, -6.5262199999529, 0.0 ], [ 107.096900000135037, -6.526520000297644, 0.0 ], [ 107.096949999742861, -6.527169999695595, 0.0 ], [ 107.097049999857816, -6.527539999671053, 0.0 ], [ 107.097160000433831, -6.527770000384994, 0.0 ], [ 107.097339999741394, -6.527889999623628, 0.0 ], [ 107.097709999716841, -6.528120000337569, 0.0 ], [ 107.09768999969387, -6.528219999553144, 0.0 ], [ 107.097600000040103, -6.528439999806004, 0.0 ], [ 107.097379999787336, -6.528809999781551, 0.0 ], [ 107.096860000089094, -6.529409999571669, 0.0 ], [ 107.096490000113548, -6.529810000031357, 0.0 ], [ 107.096000000000174, -6.530340000190673, 0.0 ], [ 107.095639999586425, -6.529720000377583, 0.0 ], [ 107.095329999679876, -6.529219999802951, 0.0 ], [ 107.095130000349371, -6.529019999573151, 0.0 ], [ 107.094689999843823, -6.528980000426579, 0.0 ], [ 107.094460000029159, -6.528929999919377, 0.0 ], [ 107.094408046194502, -6.528634685042469, 0.0 ], [ 107.094079999592537, -6.526770000135187, 0.0 ], [ 107.093989999938756, -6.526030000184182, 0.0 ], [ 107.09364375015916, -6.524910872138925, 0.0 ], [ 107.093430000194502, -6.524220000352567, 0.0 ], [ 107.093100000264982, -6.524109999776542, 0.0 ], [ 107.092969999665897, -6.5240699997306, 0.0 ], [ 107.092699999805376, -6.524129999799513, 0.0 ], [ 107.092389999898742, -6.524160000283654, 0.0 ], [ 107.092140000061107, -6.5240699997306, 0.0 ], [ 107.091899999785284, -6.524029999684569, 0.0 ], [ 107.091719999578544, -6.524000000099797, 0.0 ], [ 107.091489999763795, -6.523949999592684, 0.0 ], [ 107.091299999995158, -6.524000000099797, 0.0 ], [ 107.090720000228018, -6.524180000306625, 0.0 ], [ 107.089949999792879, -6.524450000167228, 0.0 ], [ 107.089559999794346, -6.524539999821002, 0.0 ], [ 107.089280000371858, -6.524459999729029, 0.0 ], [ 107.088910000396396, -6.524009999661597, 0.0 ], [ 107.088899999935236, -6.523369999825448, 0.0 ], [ 107.089040000096119, -6.522660000358584, 0.0 ], [ 107.088969999566032, -6.521860000338577, 0.0 ], [ 107.088690000143544, -6.521219999603147, 0.0 ], [ 107.087859999639392, -6.519380000186672, 0.0 ], [ 107.085464052823966, -6.520558609392104, 0.0 ], [ 107.083529999610022, -6.52151000038609, 0.0 ], [ 107.081705663685653, -6.5207281423897, 0.0 ], [ 107.081500000424825, -6.520639999836, 0.0 ], [ 107.081799999870299, -6.519919999907966, 0.0 ], [ 107.081282394167289, -6.519860112254197, 0.0 ], [ 107.080589999828788, -6.519779999746991, 0.0 ], [ 107.080099999715429, -6.520470000090253, 0.0 ], [ 107.079979999577503, -6.520679999881942, 0.0 ], [ 107.079909999946707, -6.521120000387572, 0.0 ], [ 107.079849999877794, -6.521450000317088, 0.0 ], [ 107.079800000269955, -6.521609999601665, 0.0 ], [ 107.079680000132129, -6.52170000015472, 0.0 ], [ 107.078060000069144, -6.521290000133231, 0.0 ], [ 107.076070000030612, -6.522489999713557, 0.0 ], [ 107.074440000405829, -6.523289999733564, 0.0 ], [ 107.073839999716341, -6.523500000424534, 0.0 ], [ 107.073325539841989, -6.523662738144722, 0.0 ], [ 107.072860000388872, -6.523810000331078, 0.0 ], [ 107.072210000091644, -6.523989999638626, 0.0 ], [ 107.07198138073629, -6.524041710656228, 0.0 ], [ 107.07141510642218, -6.524169796598702, 0.0 ], [ 107.070529999959746, -6.524370000075255, 0.0 ], [ 107.070269999660951, -6.524100000214652, 0.0 ], [ 107.070130000399431, -6.523890000423052, 0.0 ], [ 107.070050000307447, -6.523619999663079, 0.0 ], [ 107.070050000307447, -6.523400000309589, 0.0 ], [ 107.070119999938257, -6.523180000056819, 0.0 ], [ 107.069999999800345, -6.523110000426016, 0.0 ], [ 107.069879999662419, -6.523030000334042, 0.0 ], [ 107.069190000218526, -6.522700000404527, 0.0 ], [ 107.068969999965674, -6.522469999690585, 0.0 ], [ 107.068820000242994, -6.522199999829983, 0.0 ], [ 107.068713503425585, -6.522100158895086, 0.0 ], [ 107.068499999875272, -6.52190000038452, 0.0 ], [ 107.068104926801112, -6.521603695354052, 0.0 ], [ 107.068100000314956, -6.521600000039864, 0.0 ], [ 107.067750000362466, -6.521210000041346, 0.0 ], [ 107.067829999554988, -6.521199999580176, 0.0 ], [ 107.067940000131102, -6.521169999995315, 0.0 ], [ 107.068309885892674, -6.520575540928277, 0.0 ], [ 107.068499999875272, -6.520269999860453, 0.0 ], [ 107.068649999597966, -6.519719999678077, 0.0 ], [ 107.068689698371031, -6.519582860260655, 0.0 ], [ 107.06876000017408, -6.51934000014073, 0.0 ], [ 107.068909999896761, -6.518660000258638, 0.0 ], [ 107.068960000403877, -6.51848999961361, 0.0 ], [ 107.069059999619441, -6.518370000375064, 0.0 ], [ 107.069210000241497, -6.518250000237149, 0.0 ], [ 107.069290000333382, -6.518099999615092, 0.0 ], [ 107.069299999895279, -6.517650000447031, 0.0 ], [ 107.069299999895279, -6.517229999964371, 0.0 ], [ 107.069330000379423, -6.516859999988824, 0.0 ], [ 107.069370000425366, -6.516599999690111, 0.0 ], [ 107.069307754749275, -6.516401947391817, 0.0 ], [ 107.069259999849336, -6.516249999737536, 0.0 ], [ 107.069210000241497, -6.516079999991877, 0.0 ], [ 107.069210000241497, -6.515959999853962, 0.0 ], [ 107.069299999895279, -6.515170000295125, 0.0 ], [ 107.069330000379423, -6.515079999742071, 0.0 ], [ 107.069720000377941, -6.513240000325595, 0.0 ], [ 107.069787159949712, -6.512963896766291, 0.0 ], [ 107.070260000099054, -6.511019999573122, 0.0 ], [ 107.070090000353389, -6.511219999802922, 0.0 ], [ 107.070010000261505, -6.511070000080323, 0.0 ], [ 107.070059999869258, -6.510530000359118, 0.0 ], [ 107.070079999892229, -6.51012999989943, 0.0 ], [ 107.070070000330418, -6.509869999600628, 0.0 ], [ 107.07010557031596, -6.509656576989311, 0.0 ], [ 107.070130000399431, -6.509510000086252, 0.0 ], [ 107.070119999938257, -6.509189999718537, 0.0 ], [ 107.069870000100622, -6.508170000345128, 0.0 ], [ 107.069270000310411, -6.508030000184153, 0.0 ], [ 107.068909999896761, -6.508010000161182, 0.0 ], [ 107.068350000152577, -6.508039999746043, 0.0 ], [ 107.067799999970205, -6.508079999791985, 0.0 ], [ 107.067160000134066, -6.5079999997001, 0.0 ], [ 107.066569999905738, -6.507849999977324, 0.0 ], [ 107.065939999631482, -6.507620000162753, 0.0 ], [ 107.065290000233531, -6.507379999886922, 0.0 ], [ 107.064869999750869, -6.507299999795038, 0.0 ], [ 107.064189999868773, -6.507210000141264, 0.0 ], [ 107.065060000418868, -6.506450000167199, 0.0 ], [ 107.06528850466097, -6.506156207842508, 0.0 ], [ 107.065620000163051, -6.505730000239165, 0.0 ], [ 107.066066050408054, -6.504932804305366, 0.0 ], [ 107.066090000253539, -6.504890000173216, 0.0 ], [ 107.066420000183058, -6.503949999992322, 0.0 ], [ 107.066790000158605, -6.502699999904884, 0.0 ], [ 107.067579999717438, -6.500970000165243, 0.0 ], [ 107.067940000131102, -6.500279999821981, 0.0 ], [ 107.068129999899725, -6.500000000399577, 0.0 ], [ 107.068209999991694, -6.499840000215631, 0.0 ], [ 107.068559999944185, -6.499240000425512, 0.0 ], [ 107.068729999689936, -6.498889999573656, 0.0 ], [ 107.06880999978182, -6.498460000428476, 0.0 ], [ 107.068860000288936, -6.498059999968877, 0.0 ], [ 107.068980000426848, -6.497730000039361, 0.0 ], [ 107.069210000241497, -6.497380000086785, 0.0 ], [ 107.069409999571931, -6.497119999787984, 0.0 ], [ 107.069415411692106, -6.49711569833066, 0.0 ], [ 107.070189999568967, -6.496499999974805, 0.0 ], [ 107.070930000419338, -6.49573000043894, 0.0 ], [ 107.071260000348857, -6.495240000325566, 0.0 ], [ 107.071309999956696, -6.494810000281106, 0.0 ], [ 107.071410000071637, -6.494289999683591, 0.0 ], [ 107.071439999656405, -6.493469999640613, 0.0 ], [ 107.071499999725404, -6.492920000357607, 0.0 ], [ 107.071599999840359, -6.492680000081776, 0.0 ], [ 107.071849999677895, -6.492459999828917, 0.0 ], [ 107.072080000391935, -6.492290000083258, 0.0 ], [ 107.0723100002065, -6.492209999991374, 0.0 ], [ 107.072350000252442, -6.492359999714061, 0.0 ], [ 107.072419999883238, -6.492700000104747, 0.0 ], [ 107.073230000364418, -6.494779999796965, 0.0 ], [ 107.07330988983972, -6.494942357103941, 0.0 ], [ 107.073540000270967, -6.495410000071313, 0.0 ], [ 107.073629999924748, -6.495590000278142, 0.0 ], [ 107.073790000108602, -6.49598000027666, 0.0 ], [ 107.073850000177515, -6.496159999584208, 0.0 ], [ 107.073879999762369, -6.496259999699063, 0.0 ], [ 107.074050000407311, -6.496720000227665, 0.0 ], [ 107.074169999645946, -6.496930000019354, 0.0 ], [ 107.074360000313945, -6.497150000272125, 0.0 ], [ 107.074619999713377, -6.497329999579673, 0.0 ], [ 107.075260000448807, -6.497660000408558, 0.0 ], [ 107.075370000125559, -6.497730000039361, 0.0 ], [ 107.07568999959399, -6.49812000003779, 0.0 ], [ 107.075829999754873, -6.498280000221648, 0.0 ], [ 107.075969999915756, -6.498360000313621, 0.0 ], [ 107.076119999638451, -6.498369999875422, 0.0 ], [ 107.076290000283478, -6.498360000313621, 0.0 ], [ 107.076327493019591, -6.498373634035861, 0.0 ], [ 107.076399999960216, -6.498400000359563, 0.0 ], [ 107.076449999568055, -6.498479999552167, 0.0 ], [ 107.07633000032942, -6.498839999965824, 0.0 ], [ 107.076290000283478, -6.498980000126711, 0.0 ], [ 107.076290000283478, -6.499149999872458, 0.0 ], [ 107.076480000052101, -6.499339999641087, 0.0 ], [ 107.076580000167041, -6.499430000194231, 0.0 ], [ 107.076640000236054, -6.499590000378088, 0.0 ], [ 107.076660000259025, -6.499869999800492, 0.0 ], [ 107.076669999820822, -6.500020000422548, 0.0 ], [ 107.076769999935678, -6.500190000168207, 0.0 ], [ 107.077070000280429, -6.500500000074751, 0.0 ], [ 107.077150000372399, -6.500629999774468, 0.0 ], [ 107.077139999911225, -6.500729999889412, 0.0 ], [ 107.077429999794887, -6.501369999725561, 0.0 ], [ 107.077739999701436, -6.502100000114766, 0.0 ], [ 107.077830589310395, -6.502304663329408, 0.0 ], [ 107.078009999562028, -6.502710000366054, 0.0 ], [ 107.078250388344955, -6.503132500064659, 0.0 ], [ 107.078340000390924, -6.503290000133202, 0.0 ], [ 107.079321192219425, -6.503940938423405, 0.0 ], [ 107.079945410752288, -6.504355052843227, 0.0 ], [ 107.080389999598992, -6.504649999897385, 0.0 ], [ 107.080380000037195, -6.504790000058271, 0.0 ], [ 107.080380000037195, -6.505469999940363, 0.0 ], [ 107.080339999991168, -6.506180000306596, 0.0 ], [ 107.081090000403336, -6.506020000122739, 0.0 ], [ 107.081520000447796, -6.505879999961852, 0.0 ], [ 107.08175000026246, -6.505810000331138, 0.0 ], [ 107.081879999962183, -6.505799999869968, 0.0 ], [ 107.081989999638921, -6.505779999846908, 0.0 ], [ 107.082209999891774, -6.505670000170163, 0.0 ], [ 107.08247999975238, -6.50542000033262, 0.0 ], [ 107.082840000166044, -6.505019999872932, 0.0 ], [ 107.08290999979684, -6.504939999781048, 0.0 ], [ 107.083069999980694, -6.504689999943327, 0.0 ], [ 107.083170000095649, -6.5045600002437, 0.0 ], [ 107.083370000325445, -6.504420000082813, 0.0 ], [ 107.083379999887242, -6.504600000289642, 0.0 ], [ 107.083403563024206, -6.504664798241624, 0.0 ], [ 107.083660000209022, -6.505369999825419, 0.0 ], [ 107.083809999931702, -6.505739999800966, 0.0 ], [ 107.083828629387909, -6.505905333863851, 0.0 ], [ 107.083890000023672, -6.506450000167199, 0.0 ], [ 107.083879999562512, -6.506780000096715, 0.0 ], [ 107.083860000438818, -6.507049999957317, 0.0 ], [ 107.083860000438818, -6.507359999863951, 0.0 ], [ 107.084039999746366, -6.508059999769014, 0.0 ], [ 107.084110000276453, -6.508360000113758, 0.0 ], [ 107.084119999838336, -6.508500000274644, 0.0 ], [ 107.084150000322481, -6.508730000089216, 0.0 ], [ 107.084289999584001, -6.509140000110705, 0.0 ], [ 107.084440000206058, -6.509409999971396, 0.0 ], [ 107.084626614027158, -6.509624606090583, 0.0 ], [ 107.084640000435854, -6.509639999785968, 0.0 ], [ 107.085189999718864, -6.510100000314569, 0.0 ], [ 107.08538999994866, -6.510339999691119, 0.0 ], [ 107.085559999694411, -6.510749999712608, 0.0 ], [ 107.085721401021999, -6.511111232197422, 0.0 ], [ 107.085770000385381, -6.511219999802922, 0.0 ], [ 107.085832836016749, -6.511321645677217, 0.0 ], [ 107.086109999876783, -6.511769999985386, 0.0 ], [ 107.086196916654558, -6.511897032821636, 0.0 ], [ 107.086370000175492, -6.512150000422015, 0.0 ], [ 107.086459999829273, -6.512150000422015, 0.0 ], [ 107.086689999643937, -6.511990000238157, 0.0 ], [ 107.086928607769181, -6.511817672147693, 0.0 ], [ 107.087230000264498, -6.511600000239639, 0.0 ], [ 107.087560000194017, -6.511359999963897, 0.0 ], [ 107.087819999593449, -6.511050000057352, 0.0 ], [ 107.087930000169564, -6.510860000288634, 0.0 ], [ 107.08820000003017, -6.510279999622117, 0.0 ], [ 107.089579999817317, -6.510399999760033, 0.0 ], [ 107.08968254771159, -6.510297451865767, 0.0 ], [ 107.089949999792879, -6.510029999784486, 0.0 ], [ 107.090310000206529, -6.50903000043396, 0.0 ], [ 107.090439999906238, -6.508750000112187, 0.0 ], [ 107.090649999697931, -6.508440000205642, 0.0 ], [ 107.091062685095082, -6.508131619978155, 0.0 ], [ 107.091560000293967, -6.50776000032355, 0.0 ], [ 107.092262466140085, -6.507262050203302, 0.0 ], [ 107.0923499998528, -6.507199999680093, 0.0 ], [ 107.093339999641444, -6.506789999658604, 0.0 ], [ 107.093357239645087, -6.506781379656825, 0.0 ], [ 107.093653481722981, -6.506784931079537, 0.0 ], [ 107.093957648626727, -6.50686411278846, 0.0 ], [ 107.095969089402089, -6.507110298601262, 0.0 ], [ 107.096081197989037, -6.507109833651761, 0.0 ], [ 107.097562303157957, -6.507023594962771, 0.0 ], [ 107.097593640933965, -6.507024290138688, 0.0 ], [ 107.099083945268035, -6.507057322237433, 0.0 ], [ 107.099409152710351, -6.507083642695779, 0.0 ], [ 107.099475072117087, -6.507088978373456, 0.0 ], [ 107.100896946137297, -6.50720405921982, 0.0 ], [ 107.101099999565506, -6.507310000256119, 0.0 ], [ 107.101620000163024, -6.507419999932864, 0.0 ], [ 107.101989320251135, -6.507415076144731, 0.0 ], [ 107.102369999675915, -6.507410000371063, 0.0 ], [ 107.102419376053561, -6.507391236915918, 0.0 ], [ 107.102870000250547, -6.507219999703064, 0.0 ], [ 107.103069999580981, -6.507080000441547, 0.0 ], [ 107.103180000157096, -6.506960000303632, 0.0 ], [ 107.10326000024898, -6.506769999635633, 0.0 ], [ 107.103309999856805, -6.506459999729, 0.0 ], [ 107.103719999878294, -6.506120000237683, 0.0 ], [ 107.103949999692958, -6.506140000260654, 0.0 ], [ 107.104209999991667, -6.506169999845426, 0.0 ], [ 107.104379999737418, -6.506160000283625, 0.0 ], [ 107.104550000382446, -6.506049999707599, 0.0 ], [ 107.104760000174039, -6.505770000285107, 0.0 ], [ 107.104869999850791, -6.505530000009365, 0.0 ], [ 107.104860000288994, -6.50540000030956, 0.0 ], [ 107.104769999735851, -6.505200000079761, 0.0 ], [ 107.104730326143795, -6.505031384390705, 0.0 ], [ 107.104729999689908, -6.505030000334102, 0.0 ], [ 107.104769999735851, -6.504879999712045, 0.0 ], [ 107.104869999850791, -6.504689999943327, 0.0 ], [ 107.104880000311965, -6.504529999759558, 0.0 ], [ 107.104900000334936, -6.504360000013811, 0.0 ], [ 107.104989999988703, -6.504199999829954, 0.0 ], [ 107.105150000172557, -6.50390000038449, 0.0 ], [ 107.105580000217017, -6.503310000156173, 0.0 ], [ 107.106099999915259, -6.503069999880431, 0.0 ], [ 107.106863043195105, -6.502834382001002, 0.0 ] ] ] ] } },
{ "type": "Feature", "properties": { "PROVNO": "32", "KABKOTNO": "01", "KECNO": "170", "DESANO": "008", "PROVINSI": "JAWA BARAT", "KABKOT": "BOGOR", "KECAMATAN": "JONGGOL", "ID2013": "3201170008", "DESA": "BENDUNGAN", "DESA_1": "BENDUNGAN", "ID2012": "3201170008", "IDKAB2": "3201", "IDKEC_2": "3201170", "WILAYAH": "TIMUR" }, "geometry": { "type": "MultiPolygon", "coordinates": [ [ [ [ 107.09143314192616, -6.479756211679657, 0.0 ], [ 107.091779999647457, -6.47989000022319, 0.0 ], [ 107.091872628019544, -6.479985165582782, 0.0 ], [ 107.092510000036668, -6.480639999735995, 0.0 ], [ 107.093120000287954, -6.481339999641147, 0.0 ], [ 107.093630000424383, -6.481780000146689, 0.0 ], [ 107.0939699999157, -6.481989999938378, 0.0 ], [ 107.09448000005213, -6.482119999638094, 0.0 ], [ 107.094950000142532, -6.48246000002878, 0.0 ], [ 107.095300000095108, -6.483030000234216, 0.0 ], [ 107.09577000018551, -6.48352999990939, 0.0 ], [ 107.096770000435328, -6.484289999883366, 0.0 ], [ 107.097020000272948, -6.484530000159197, 0.0 ], [ 107.097330000179497, -6.485149999972375, 0.0 ], [ 107.097669999670899, -6.486400000059813, 0.0 ], [ 107.097629999624957, -6.486919999758047, 0.0 ], [ 107.097399999810307, -6.487480000401504, 0.0 ], [ 107.097000000249977, -6.488140000260714, 0.0 ], [ 107.096920000158008, -6.488780000096774, 0.0 ], [ 107.096989999788804, -6.489959999654129, 0.0 ], [ 107.096880000112066, -6.490099999814927, 0.0 ], [ 107.096610000251459, -6.490239999975902, 0.0 ], [ 107.096029999584943, -6.490540000320646, 0.0 ], [ 107.095899999885233, -6.490640000435501, 0.0 ], [ 107.095779999747407, -6.49083000020422, 0.0 ], [ 107.095726616890062, -6.491156972116432, 0.0 ], [ 107.095699999655437, -6.491320000317593, 0.0 ], [ 107.095619999563453, -6.491610000201167, 0.0 ], [ 107.095240000026109, -6.491799999969885, 0.0 ], [ 107.094999999750371, -6.491960000153743, 0.0 ], [ 107.094569999705911, -6.492180000406513, 0.0 ], [ 107.094419999983216, -6.492279999622088, 0.0 ], [ 107.094259999799277, -6.492479999851888, 0.0 ], [ 107.094170000145496, -6.492689999643666, 0.0 ], [ 107.094150000122525, -6.493010000011381, 0.0 ], [ 107.094150000122525, -6.493199999780011, 0.0 ], [ 107.094159999684422, -6.493299999894955, 0.0 ], [ 107.094190000168567, -6.493500000124754, 0.0 ], [ 107.094020000422901, -6.493910000146244, 0.0 ], [ 107.093929999869758, -6.494130000399014, 0.0 ], [ 107.093869999800845, -6.494389999798535, 0.0 ], [ 107.093840000215977, -6.494610000051306, 0.0 ], [ 107.093669999570949, -6.494930000419021, 0.0 ], [ 107.0934900002635, -6.49512999974954, 0.0 ], [ 107.093069999780838, -6.495390000048342, 0.0 ], [ 107.092859999989145, -6.49553000020914, 0.0 ], [ 107.092799999920231, -6.495590000278142, 0.0 ], [ 107.092790000358349, -6.495820000092714, 0.0 ], [ 107.092721954954456, -6.496092179910065, 0.0 ], [ 107.092719999828347, -6.496100000414486, 0.0 ], [ 107.092570000105582, -6.496390000298149, 0.0 ], [ 107.092510000036668, -6.496499999974805, 0.0 ], [ 107.09255000008261, -6.496769999835497, 0.0 ], [ 107.092639999736377, -6.496950000042325, 0.0 ], [ 107.092559999644408, -6.497230000364098, 0.0 ], [ 107.09255000008261, -6.497500000224612, 0.0 ], [ 107.09263000017458, -6.497739999601162, 0.0 ], [ 107.092685277004094, -6.4981023733257, 0.0 ], [ 107.092719999828347, -6.49832999982948, 0.0 ], [ 107.092739999851318, -6.498469999990366, 0.0 ], [ 107.092810000381405, -6.498610000151253, 0.0 ], [ 107.093089999803809, -6.498859999988795, 0.0 ], [ 107.093310000056675, -6.499089999803456, 0.0 ], [ 107.093550000332414, -6.49941999973306, 0.0 ], [ 107.093590000378441, -6.499499999825034, 0.0 ], [ 107.093700000055179, -6.499700000054833, 0.0 ], [ 107.093900000284989, -6.500000000399577, 0.0 ], [ 107.094259999799277, -6.500449999567639, 0.0 ], [ 107.094720000327968, -6.500859999589128, 0.0 ], [ 107.096057347968411, -6.502475237741869, 0.0 ], [ 107.096260000298969, -6.502719999927855, 0.0 ], [ 107.096789999559007, -6.502650000297141, 0.0 ], [ 107.09714000041086, -6.502679999881913, 0.0 ], [ 107.097399999810307, -6.502739999950915, 0.0 ], [ 107.097460624908038, -6.50277911326528, 0.0 ], [ 107.097466450716325, -6.502779088983637, 0.0 ], [ 107.098025155436773, -6.502776771430732, 0.0 ], [ 107.098715633319983, -6.50267024943231, 0.0 ], [ 107.098825426152686, -6.502653310701625, 0.0 ], [ 107.099547115906859, -6.502890592326818, 0.0 ], [ 107.100187565403942, -6.502847885321508, 0.0 ], [ 107.101108781445348, -6.502924149629621, 0.0 ], [ 107.101588576951428, -6.502761971287754, 0.0 ], [ 107.102429382809959, -6.502758475623018, 0.0 ], [ 107.103229983577066, -6.502715100421366, 0.0 ], [ 107.104311351787601, -6.502790692935925, 0.0 ], [ 107.105633116875026, -6.502905327718569, 0.0 ], [ 107.10647358728643, -6.50282173483502, 0.0 ], [ 107.106912497813724, -6.502819905613979, 0.0 ], [ 107.106863043195105, -6.502834382001002, 0.0 ], [ 107.106099999915259, -6.503069999880431, 0.0 ], [ 107.105580000217017, -6.503310000156173, 0.0 ], [ 107.105150000172557, -6.50390000038449, 0.0 ], [ 107.104989999988703, -6.504199999829954, 0.0 ], [ 107.104900000334936, -6.504360000013811, 0.0 ], [ 107.104880000311965, -6.504529999759558, 0.0 ], [ 107.104869999850791, -6.504689999943327, 0.0 ], [ 107.104769999735851, -6.504879999712045, 0.0 ], [ 107.104729999689908, -6.505030000334102, 0.0 ], [ 107.104730326143795, -6.505031384390705, 0.0 ], [ 107.104769999735851, -6.505200000079761, 0.0 ], [ 107.104860000288994, -6.50540000030956, 0.0 ], [ 107.104869999850791, -6.505530000009365, 0.0 ], [ 107.104760000174039, -6.505770000285107, 0.0 ], [ 107.104550000382446, -6.506049999707599, 0.0 ], [ 107.104379999737418, -6.506160000283625, 0.0 ], [ 107.104209999991667, -6.506169999845426, 0.0 ], [ 107.103949999692958, -6.506140000260654, 0.0 ], [ 107.103719999878294, -6.506120000237683, 0.0 ], [ 107.103309999856805, -6.506459999729, 0.0 ], [ 107.10326000024898, -6.506769999635633, 0.0 ], [ 107.103180000157096, -6.506960000303632, 0.0 ], [ 107.103069999580981, -6.507080000441547, 0.0 ], [ 107.102870000250547, -6.507219999703064, 0.0 ], [ 107.102419376053561, -6.507391236915918, 0.0 ], [ 107.102369999675915, -6.507410000371063, 0.0 ], [ 107.101989320251135, -6.507415076144731, 0.0 ], [ 107.101620000163024, -6.507419999932864, 0.0 ], [ 107.101099999565506, -6.507310000256119, 0.0 ], [ 107.100896946137297, -6.50720405921982, 0.0 ], [ 107.099475072117087, -6.507088978373456, 0.0 ], [ 107.099409152710351, -6.507083642695779, 0.0 ], [ 107.099083945268035, -6.507057322237433, 0.0 ], [ 107.097593640933965, -6.507024290138688, 0.0 ], [ 107.097562303157957, -6.507023594962771, 0.0 ], [ 107.096081197989037, -6.507109833651761, 0.0 ], [ 107.095969089402089, -6.507110298601262, 0.0 ], [ 107.093957648626727, -6.50686411278846, 0.0 ], [ 107.093653481722981, -6.506784931079537, 0.0 ], [ 107.093357239645087, -6.506781379656825, 0.0 ], [ 107.093339999641444, -6.506789999658604, 0.0 ], [ 107.0923499998528, -6.507199999680093, 0.0 ], [ 107.092262466140085, -6.507262050203302, 0.0 ], [ 107.091560000293967, -6.50776000032355, 0.0 ], [ 107.091062685095082, -6.508131619978155, 0.0 ], [ 107.090649999697931, -6.508440000205642, 0.0 ], [ 107.090439999906238, -6.508750000112187, 0.0 ], [ 107.090310000206529, -6.50903000043396, 0.0 ], [ 107.089949999792879, -6.510029999784486, 0.0 ], [ 107.08968254771159, -6.510297451865767, 0.0 ], [ 107.089579999817317, -6.510399999760033, 0.0 ], [ 107.08820000003017, -6.510279999622117, 0.0 ], [ 107.087930000169564, -6.510860000288634, 0.0 ], [ 107.087819999593449, -6.511050000057352, 0.0 ], [ 107.087560000194017, -6.511359999963897, 0.0 ], [ 107.087230000264498, -6.511600000239639, 0.0 ], [ 107.086928607769181, -6.511817672147693, 0.0 ], [ 107.086689999643937, -6.511990000238157, 0.0 ], [ 107.086459999829273, -6.512150000422015, 0.0 ], [ 107.086370000175492, -6.512150000422015, 0.0 ], [ 107.086196916654558, -6.511897032821636, 0.0 ], [ 107.086109999876783, -6.511769999985386, 0.0 ], [ 107.085832836016749, -6.511321645677217, 0.0 ], [ 107.085770000385381, -6.511219999802922, 0.0 ], [ 107.085721401021999, -6.511111232197422, 0.0 ], [ 107.085559999694411, -6.510749999712608, 0.0 ], [ 107.08538999994866, -6.510339999691119, 0.0 ], [ 107.085189999718864, -6.510100000314569, 0.0 ], [ 107.084640000435854, -6.509639999785968, 0.0 ], [ 107.084626614027158, -6.509624606090583, 0.0 ], [ 107.084440000206058, -6.509409999971396, 0.0 ], [ 107.084289999584001, -6.509140000110705, 0.0 ], [ 107.084150000322481, -6.508730000089216, 0.0 ], [ 107.084119999838336, -6.508500000274644, 0.0 ], [ 107.084110000276453, -6.508360000113758, 0.0 ], [ 107.084039999746366, -6.508059999769014, 0.0 ], [ 107.083860000438818, -6.507359999863951, 0.0 ], [ 107.083860000438818, -6.507049999957317, 0.0 ], [ 107.083879999562512, -6.506780000096715, 0.0 ], [ 107.083890000023672, -6.506450000167199, 0.0 ], [ 107.083828629387909, -6.505905333863851, 0.0 ], [ 107.083809999931702, -6.505739999800966, 0.0 ], [ 107.083660000209022, -6.505369999825419, 0.0 ], [ 107.083403563024206, -6.504664798241624, 0.0 ], [ 107.083379999887242, -6.504600000289642, 0.0 ], [ 107.083370000325445, -6.504420000082813, 0.0 ], [ 107.083170000095649, -6.5045600002437, 0.0 ], [ 107.083069999980694, -6.504689999943327, 0.0 ], [ 107.08290999979684, -6.504939999781048, 0.0 ], [ 107.082840000166044, -6.505019999872932, 0.0 ], [ 107.08247999975238, -6.50542000033262, 0.0 ], [ 107.082209999891774, -6.505670000170163, 0.0 ], [ 107.081989999638921, -6.505779999846908, 0.0 ], [ 107.081879999962183, -6.505799999869968, 0.0 ], [ 107.08175000026246, -6.505810000331138, 0.0 ], [ 107.081520000447796, -6.505879999961852, 0.0 ], [ 107.081090000403336, -6.506020000122739, 0.0 ], [ 107.080339999991168, -6.506180000306596, 0.0 ], [ 107.080380000037195, -6.505469999940363, 0.0 ], [ 107.080380000037195, -6.504790000058271, 0.0 ], [ 107.080389999598992, -6.504649999897385, 0.0 ], [ 107.079945410752288, -6.504355052843227, 0.0 ], [ 107.079321192219425, -6.503940938423405, 0.0 ], [ 107.078340000390924, -6.503290000133202, 0.0 ], [ 107.078250388344955, -6.503132500064659, 0.0 ], [ 107.078009999562028, -6.502710000366054, 0.0 ], [ 107.077830589310395, -6.502304663329408, 0.0 ], [ 107.077739999701436, -6.502100000114766, 0.0 ], [ 107.077429999794887, -6.501369999725561, 0.0 ], [ 107.077139999911225, -6.500729999889412, 0.0 ], [ 107.077150000372399, -6.500629999774468, 0.0 ], [ 107.077070000280429, -6.500500000074751, 0.0 ], [ 107.076769999935678, -6.500190000168207, 0.0 ], [ 107.076669999820822, -6.500020000422548, 0.0 ], [ 107.076660000259025, -6.499869999800492, 0.0 ], [ 107.076640000236054, -6.499590000378088, 0.0 ], [ 107.076580000167041, -6.499430000194231, 0.0 ], [ 107.076480000052101, -6.499339999641087, 0.0 ], [ 107.076290000283478, -6.499149999872458, 0.0 ], [ 107.076290000283478, -6.498980000126711, 0.0 ], [ 107.07633000032942, -6.498839999965824, 0.0 ], [ 107.076449999568055, -6.498479999552167, 0.0 ], [ 107.076399999960216, -6.498400000359563, 0.0 ], [ 107.076327493019591, -6.498373634035861, 0.0 ], [ 107.076290000283478, -6.498360000313621, 0.0 ], [ 107.076119999638451, -6.498369999875422, 0.0 ], [ 107.075969999915756, -6.498360000313621, 0.0 ], [ 107.075829999754873, -6.498280000221648, 0.0 ], [ 107.07568999959399, -6.49812000003779, 0.0 ], [ 107.075370000125559, -6.497730000039361, 0.0 ], [ 107.075260000448807, -6.497660000408558, 0.0 ], [ 107.074619999713377, -6.497329999579673, 0.0 ], [ 107.074360000313945, -6.497150000272125, 0.0 ], [ 107.074169999645946, -6.496930000019354, 0.0 ], [ 107.074050000407311, -6.496720000227665, 0.0 ], [ 107.073879999762369, -6.496259999699063, 0.0 ], [ 107.073850000177515, -6.496159999584208, 0.0 ], [ 107.073790000108602, -6.49598000027666, 0.0 ], [ 107.073629999924748, -6.495590000278142, 0.0 ], [ 107.073540000270967, -6.495410000071313, 0.0 ], [ 107.07330988983972, -6.494942357103941, 0.0 ], [ 107.073230000364418, -6.494779999796965, 0.0 ], [ 107.072419999883238, -6.492700000104747, 0.0 ], [ 107.072350000252442, -6.492359999714061, 0.0 ], [ 107.0723100002065, -6.492209999991374, 0.0 ], [ 107.072649999697902, -6.4919200001078, 0.0 ], [ 107.073079999742362, -6.491309999856512, 0.0 ], [ 107.07346999974088, -6.490580000366588, 0.0 ], [ 107.073774725123684, -6.489767400844695, 0.0 ], [ 107.074070000430368, -6.488980000326574, 0.0 ], [ 107.074679999782376, -6.487380000286649, 0.0 ], [ 107.074724747349364, -6.487058633848743, 0.0 ], [ 107.074790000358405, -6.486589999828443, 0.0 ], [ 107.074659999759405, -6.485530000409003, 0.0 ], [ 107.074369999875742, -6.484510000136225, 0.0 ], [ 107.074269999760887, -6.483830000254134, 0.0 ], [ 107.07418000010712, -6.482939999681072, 0.0 ], [ 107.074340000290974, -6.481989999938378, 0.0 ], [ 107.074429999944655, -6.481260000448543, 0.0 ], [ 107.074710000266435, -6.480460000428536, 0.0 ], [ 107.075120000287924, -6.479429999694588, 0.0 ], [ 107.075410000171502, -6.479489999763501, 0.0 ], [ 107.075579999917238, -6.479520000247643, 0.0 ], [ 107.07568999959399, -6.479540000270614, 0.0 ], [ 107.076939999681429, -6.479770000085274, 0.0 ], [ 107.077947269151309, -6.479825518832474, 0.0 ], [ 107.078209999791838, -6.479839999716077, 0.0 ], [ 107.078662505370531, -6.479821454796166, 0.0 ], [ 107.079430000294408, -6.479790000108245, 0.0 ], [ 107.080979999827321, -6.4796800004315, 0.0 ], [ 107.082339999591497, -6.479629999924388, 0.0 ], [ 107.08325999974933, -6.479710000016361, 0.0 ], [ 107.084087346354153, -6.479663750581413, 0.0 ], [ 107.084870000250518, -6.479620000362587, 0.0 ], [ 107.085730000339439, -6.479569999855475, 0.0 ], [ 107.086809999781849, -6.47946999974053, 0.0 ], [ 107.088420000282937, -6.479409999671617, 0.0 ], [ 107.089357853782076, -6.479422589280883, 0.0 ], [ 107.089909999746837, -6.479429999694588, 0.0 ], [ 107.091079999742391, -6.479620000362587, 0.0 ], [ 107.09143314192616, -6.479756211679657, 0.0 ] ] ] ] } },
{ "type": "Feature", "properties": { "PROVNO": "32", "KABKOTNO": "01", "KECNO": "170", "DESANO": "009", "PROVINSI": "JAWA BARAT", "KABKOT": "BOGOR", "KECAMATAN": "JONGGOL", "ID2013": "3201170009", "DESA": "SIRNAGALIH", "DESA_1": "SIRNAGALIH", "ID2012": "3201170009", "IDKAB2": "3201", "IDKEC_2": "3201170", "WILAYAH": "TIMUR" }, "geometry": { "type": "MultiPolygon", "coordinates": [ [ [ [ 107.104276558816338, -6.469491562985077, 0.0 ], [ 107.104283121169232, -6.471076877095996, 0.0 ], [ 107.10390075731425, -6.472296335307473, 0.0 ], [ 107.103017318194873, -6.472798214565803, 0.0 ], [ 107.102202239242104, -6.472964780699932, 0.0 ], [ 107.101634865057221, -6.473080726694072, 0.0 ], [ 107.100714253360209, -6.473053845058754, 0.0 ], [ 107.099974317261157, -6.473032237947276, 0.0 ], [ 107.099144156677681, -6.473035669760154, 0.0 ], [ 107.098648117616733, -6.473535942829347, 0.0 ], [ 107.098041389998372, -6.474036672754071, 0.0 ], [ 107.097822528287224, -6.474646515624052, 0.0 ], [ 107.09765786691716, -6.474979344820699, 0.0 ], [ 107.096828616447723, -6.475204203211273, 0.0 ], [ 107.096441434025152, -6.475261159974401, 0.0 ], [ 107.096436073166458, -6.475268370738565, 0.0 ], [ 107.096111194875874, -6.475705389092337, 0.0 ], [ 107.096001190702552, -6.475871918354184, 0.0 ], [ 107.095614236707846, -6.475984231087253, 0.0 ], [ 107.095485175900293, -6.476003216674933, 0.0 ], [ 107.095172851246247, -6.476318203322275, 0.0 ], [ 107.094787266019736, -6.476762659968607, 0.0 ], [ 107.094404989398896, -6.476977152773191, 0.0 ], [ 107.094290991336351, -6.477207572571277, 0.0 ], [ 107.093915509992911, -6.477728480584712, 0.0 ], [ 107.093850745315819, -6.47781833005169, 0.0 ], [ 107.093409356256998, -6.478152301387432, 0.0 ], [ 107.092470090822147, -6.478543681845252, 0.0 ], [ 107.09230565428274, -6.47893186881058, 0.0 ], [ 107.091754256553841, -6.479432366710149, 0.0 ], [ 107.09143314192616, -6.479756211679657, 0.0 ], [ 107.091079999742391, -6.479620000362587, 0.0 ], [ 107.089909999746837, -6.479429999694588, 0.0 ], [ 107.089357853782076, -6.479422589280883, 0.0 ], [ 107.088420000282937, -6.479409999671617, 0.0 ], [ 107.086809999781849, -6.47946999974053, 0.0 ], [ 107.085730000339439, -6.479569999855475, 0.0 ], [ 107.084870000250518, -6.479620000362587, 0.0 ], [ 107.084087346354153, -6.479663750581413, 0.0 ], [ 107.08325999974933, -6.479710000016361, 0.0 ], [ 107.082339999591497, -6.479629999924388, 0.0 ], [ 107.080979999827321, -6.4796800004315, 0.0 ], [ 107.079430000294408, -6.479790000108245, 0.0 ], [ 107.078662505370531, -6.479821454796166, 0.0 ], [ 107.078209999791838, -6.479839999716077, 0.0 ], [ 107.077947269151309, -6.479825518832474, 0.0 ], [ 107.076939999681429, -6.479770000085274, 0.0 ], [ 107.07568999959399, -6.479540000270614, 0.0 ], [ 107.075579999917238, -6.479520000247643, 0.0 ], [ 107.075410000171502, -6.479489999763501, 0.0 ], [ 107.075120000287924, -6.479429999694588, 0.0 ], [ 107.075229999964662, -6.479159999833897, 0.0 ], [ 107.07548317620784, -6.47843134572982, 0.0 ], [ 107.075639999986237, -6.477980000276631, 0.0 ], [ 107.075869999800815, -6.476819999842967, 0.0 ], [ 107.075949999892785, -6.475500000124725, 0.0 ], [ 107.076050000007641, -6.474439999806005, 0.0 ], [ 107.076279999822304, -6.473909999646601, 0.0 ], [ 107.07656000014407, -6.473519999648083, 0.0 ], [ 107.076970000165574, -6.473300000294593, 0.0 ], [ 107.077469999840829, -6.473140000110735, 0.0 ], [ 107.078009999562028, -6.473039999995791, 0.0 ], [ 107.078519999698386, -6.472859999789051, 0.0 ], [ 107.078900286119492, -6.472576513694985, 0.0 ], [ 107.079069999880758, -6.472449999767473, 0.0 ], [ 107.079979999577503, -6.471560000093781, 0.0 ], [ 107.08077999959751, -6.470940000280603, 0.0 ], [ 107.080930000219482, -6.470570000305056, 0.0 ], [ 107.081070000380365, -6.470049999707541, 0.0 ], [ 107.081289999733855, -6.469759999823967, 0.0 ], [ 107.081710000216518, -6.469090000403046, 0.0 ], [ 107.081989999638921, -6.468649999897416, 0.0 ], [ 107.082025900575019, -6.46855426256904, 0.0 ], [ 107.082109999776833, -6.46833000042907, 0.0 ], [ 107.082109999776833, -6.468090000153239, 0.0 ], [ 107.082069999730891, -6.467849999877409, 0.0 ], [ 107.08204999970792, -6.467259999649091, 0.0 ], [ 107.082069999730891, -6.466889999673544, 0.0 ], [ 107.081929999570008, -6.466419999583142, 0.0 ], [ 107.081929999570008, -6.466129999699568, 0.0 ], [ 107.08204999970792, -6.46573999970105, 0.0 ], [ 107.082127230787236, -6.465539199973893, 0.0 ], [ 107.082200000329891, -6.465349999702532, 0.0 ], [ 107.082229999914745, -6.465050000257158, 0.0 ], [ 107.082160000283949, -6.464859999589159, 0.0 ], [ 107.082009999661892, -6.464640000235669, 0.0 ], [ 107.081989999638921, -6.464410000421008, 0.0 ], [ 107.083520000048139, -6.464839999566188, 0.0 ], [ 107.084839999766373, -6.465369999725592, 0.0 ], [ 107.086109999876783, -6.466149999722539, 0.0 ], [ 107.086227662676635, -6.466232238227079, 0.0 ], [ 107.087039999596499, -6.466800000019859, 0.0 ], [ 107.087580000216988, -6.467230000064319, 0.0 ], [ 107.088159999984228, -6.467559999993835, 0.0 ], [ 107.088509999936718, -6.467620000062748, 0.0 ], [ 107.088899999935236, -6.467559999993835, 0.0 ], [ 107.08901707457855, -6.467484738429832, 0.0 ], [ 107.089040000096119, -6.467470000340061, 0.0 ], [ 107.08935999956455, -6.46723999962612, 0.0 ], [ 107.089599999840289, -6.467109999926404, 0.0 ], [ 107.090359999814353, -6.466849999627602, 0.0 ], [ 107.090560000044164, -6.466779999996888, 0.0 ], [ 107.090620000113077, -6.466679999881944, 0.0 ], [ 107.090720000228018, -6.466559999744028, 0.0 ], [ 107.090909999996654, -6.466410000021341, 0.0 ], [ 107.091239999926245, -6.466220000252623, 0.0 ], [ 107.091467995151973, -6.46616472791969, 0.0 ], [ 107.091569999855764, -6.466140000160649, 0.0 ], [ 107.091939999831311, -6.466149999722539, 0.0 ], [ 107.091996075258905, -6.466143270995008, 0.0 ], [ 107.092189999668946, -6.466120000137678, 0.0 ], [ 107.092409999921713, -6.466060000068765, 0.0 ], [ 107.092447971097158, -6.466069204629967, 0.0 ], [ 107.092739999851318, -6.466140000160649, 0.0 ], [ 107.093000000150127, -6.466189999768481, 0.0 ], [ 107.093180000356867, -6.466160000183709, 0.0 ], [ 107.093430000194502, -6.466049999607684, 0.0 ], [ 107.093929999869758, -6.465879999861937, 0.0 ], [ 107.095179999957196, -6.46573999970105, 0.0 ], [ 107.09534000014105, -6.465610000001334, 0.0 ], [ 107.095750000162539, -6.465269999610648, 0.0 ], [ 107.095879999862262, -6.465280000071818, 0.0 ], [ 107.097149999972757, -6.465580000416562, 0.0 ], [ 107.097199999580496, -6.46573999970105, 0.0 ], [ 107.097270000110584, -6.465930000369049, 0.0 ], [ 107.097305023308351, -6.465965022667532, 0.0 ], [ 107.097390000248495, -6.466049999607684, 0.0 ], [ 107.097499999925247, -6.466060000068765, 0.0 ], [ 107.097589999579014, -6.466009999561653, 0.0 ], [ 107.09768999969387, -6.465890000323107, 0.0 ], [ 107.097829999854852, -6.465719999678079, 0.0 ], [ 107.097946430583463, -6.465650142140191, 0.0 ], [ 107.097979999577447, -6.465630000024305, 0.0 ], [ 107.098070000130591, -6.465639999586106, 0.0 ], [ 107.098290000383358, -6.465699999655108, 0.0 ], [ 107.098411021251792, -6.465687260758326, 0.0 ], [ 107.09848000015208, -6.465679999632137, 0.0 ], [ 107.098890000173569, -6.465650000047276, 0.0 ], [ 107.099039999896263, -6.465719999678079, 0.0 ], [ 107.099079999942205, -6.465810000231134, 0.0 ], [ 107.099189999618943, -6.465999999999852, 0.0 ], [ 107.099222275387845, -6.466030576050077, 0.0 ], [ 107.099380000286942, -6.46618000020668, 0.0 ], [ 107.099469999940709, -6.466209999791452, 0.0 ], [ 107.099579999617461, -6.466140000160649, 0.0 ], [ 107.099870000400315, -6.46595999995391, 0.0 ], [ 107.100160000283978, -6.46593999993085, 0.0 ], [ 107.100339999591526, -6.465999999999852, 0.0 ], [ 107.100920000257958, -6.466320000367567, 0.0 ], [ 107.101009999911724, -6.466430000044312, 0.0 ], [ 107.10106000041884, -6.46659999978997, 0.0 ], [ 107.101119999588477, -6.466889999673544, 0.0 ], [ 107.101399999910242, -6.468190000268095, 0.0 ], [ 107.101669999770849, -6.469360000263649, 0.0 ], [ 107.101740000300936, -6.469579999617139, 0.0 ], [ 107.101829999954703, -6.469679999731994, 0.0 ], [ 107.102440000206002, -6.469679999731994, 0.0 ], [ 107.102859999789374, -6.469650000147222, 0.0 ], [ 107.103096267878641, -6.469616246792178, 0.0 ], [ 107.103209999741864, -6.46959999964011, 0.0 ], [ 107.10390999964693, -6.469550000032278, 0.0 ], [ 107.104276558816338, -6.469491562985077, 0.0 ] ] ] ] } },
{ "type": "Feature", "properties": { "PROVNO": "32", "KABKOTNO": "01", "KECNO": "170", "DESANO": "010", "PROVINSI": "JAWA BARAT", "KABKOT": "BOGOR", "KECAMATAN": "JONGGOL", "ID2013": "3201170010", "DESA": "JONGGOL", "DESA_1": "JONGGOL", "ID2012": "3201170010", "IDKAB2": "3201", "IDKEC_2": "3201170", "WILAYAH": "TIMUR" }, "geometry": { "type": "MultiPolygon", "coordinates": [ [ [ [ 107.083029300262169, -6.449803524712685, 0.0 ], [ 107.083029999934752, -6.449809999831437, 0.0 ], [ 107.083069999980694, -6.450179999806984, 0.0 ], [ 107.083000000349898, -6.450870000150246, 0.0 ], [ 107.082983269362543, -6.451263176554214, 0.0 ], [ 107.082980000326927, -6.451340000240648, 0.0 ], [ 107.083060000418897, -6.451650000147282, 0.0 ], [ 107.083359999864271, -6.451949999592657, 0.0 ], [ 107.084230000414365, -6.452550000282145, 0.0 ], [ 107.084870000250518, -6.453060000418489, 0.0 ], [ 107.085160000134096, -6.453480000001868, 0.0 ], [ 107.085289999833805, -6.453870000000297, 0.0 ], [ 107.085220000203009, -6.454440000205732, 0.0 ], [ 107.085100000065083, -6.454910000296135, 0.0 ], [ 107.084930000319432, -6.45545000001734, 0.0 ], [ 107.084839999766373, -6.455799999969916, 0.0 ], [ 107.08491000029646, -6.456250000037258, 0.0 ], [ 107.085080000042112, -6.456700000104778, 0.0 ], [ 107.085920000108061, -6.457760000423587, 0.0 ], [ 107.085975869590882, -6.457839335017148, 0.0 ], [ 107.086419999783331, -6.45846999989045, 0.0 ], [ 107.086680000082126, -6.459009999611656, 0.0 ], [ 107.08682999980482, -6.459479999702058, 0.0 ], [ 107.08674999971285, -6.459710000415999, 0.0 ], [ 107.086479999852244, -6.460040000345604, 0.0 ], [ 107.086109999876783, -6.460230000114322, 0.0 ], [ 107.085679999832323, -6.460270000160264, 0.0 ], [ 107.085169999695893, -6.460150000022349, 0.0 ], [ 107.084750000112592, -6.460020000322544, 0.0 ], [ 107.084320000068146, -6.460069999930376, 0.0 ], [ 107.083789999908731, -6.460219999653063, 0.0 ], [ 107.083509999586965, -6.460459999928894, 0.0 ], [ 107.083230000164562, -6.460909999996325, 0.0 ], [ 107.083020000372869, -6.461360000063756, 0.0 ], [ 107.08296003717615, -6.461634117020711, 0.0 ], [ 107.082809999681899, -6.462320000267621, 0.0 ], [ 107.082659999959219, -6.462969999665571, 0.0 ], [ 107.082439999706438, -6.463660000008833, 0.0 ], [ 107.082160000283949, -6.464119999638154, 0.0 ], [ 107.081989999638921, -6.464410000421008, 0.0 ], [ 107.082009999661892, -6.464640000235669, 0.0 ], [ 107.082160000283949, -6.464859999589159, 0.0 ], [ 107.082229999914745, -6.465050000257158, 0.0 ], [ 107.082200000329891, -6.465349999702532, 0.0 ], [ 107.082127230787236, -6.465539199973893, 0.0 ], [ 107.08204999970792, -6.46573999970105, 0.0 ], [ 107.081929999570008, -6.466129999699568, 0.0 ], [ 107.081929999570008, -6.466419999583142, 0.0 ], [ 107.082069999730891, -6.466889999673544, 0.0 ], [ 107.08204999970792, -6.467259999649091, 0.0 ], [ 107.082069999730891, -6.467849999877409, 0.0 ], [ 107.082109999776833, -6.468090000153239, 0.0 ], [ 107.082109999776833, -6.46833000042907, 0.0 ], [ 107.082025900575019, -6.46855426256904, 0.0 ], [ 107.081989999638921, -6.468649999897416, 0.0 ], [ 107.081710000216518, -6.469090000403046, 0.0 ], [ 107.081289999733855, -6.469759999823967, 0.0 ], [ 107.081070000380365, -6.470049999707541, 0.0 ], [ 107.080930000219482, -6.470570000305056, 0.0 ], [ 107.08077999959751, -6.470940000280603, 0.0 ], [ 107.079979999577503, -6.471560000093781, 0.0 ], [ 107.079069999880758, -6.472449999767473, 0.0 ], [ 107.078900286119492, -6.472576513694985, 0.0 ], [ 107.078519999698386, -6.472859999789051, 0.0 ], [ 107.078009999562028, -6.473039999995791, 0.0 ], [ 107.077469999840829, -6.473140000110735, 0.0 ], [ 107.076970000165574, -6.473300000294593, 0.0 ], [ 107.07656000014407, -6.473519999648083, 0.0 ], [ 107.076279999822304, -6.473909999646601, 0.0 ], [ 107.076050000007641, -6.474439999806005, 0.0 ], [ 107.075949999892785, -6.475500000124725, 0.0 ], [ 107.075869999800815, -6.476819999842967, 0.0 ], [ 107.075639999986237, -6.477980000276631, 0.0 ], [ 107.07548317620784, -6.47843134572982, 0.0 ], [ 107.075229999964662, -6.479159999833897, 0.0 ], [ 107.075120000287924, -6.479429999694588, 0.0 ], [ 107.074859999989201, -6.479369999625675, 0.0 ], [ 107.074710000266435, -6.479340000040814, 0.0 ], [ 107.074510000036639, -6.479290000432982, 0.0 ], [ 107.07428000022206, -6.479230000364069, 0.0 ], [ 107.074100000015136, -6.479190000318127, 0.0 ], [ 107.074044620662931, -6.479171539934416, 0.0 ], [ 107.073770000085631, -6.479079999742012, 0.0 ], [ 107.073729034167769, -6.479066831868643, 0.0 ], [ 107.072649999697902, -6.478720000227636, 0.0 ], [ 107.072580000067191, -6.478700000204665, 0.0 ], [ 107.072319999768382, -6.478479999951894, 0.0 ], [ 107.072390000298469, -6.477439999656056, 0.0 ], [ 107.07247999995225, -6.477120000187711, 0.0 ], [ 107.072689999743844, -6.476549999982364, 0.0 ], [ 107.07274000025096, -6.47626000009879, 0.0 ], [ 107.072499999975221, -6.475979999777017, 0.0 ], [ 107.071060000119061, -6.475290000333036, 0.0 ], [ 107.069878796369579, -6.474683436391295, 0.0 ], [ 107.069580000216959, -6.47453000035906, 0.0 ], [ 107.068450000267532, -6.473980000176685, 0.0 ], [ 107.06804999980784, -6.473770000385084, 0.0 ], [ 107.067799999970205, -6.473639999785998, 0.0 ], [ 107.067530000109599, -6.473499999625112, 0.0 ], [ 107.06732000031792, -6.473329999879454, 0.0 ], [ 107.067019999973169, -6.472859999789051, 0.0 ], [ 107.06675999967446, -6.472380000136759, 0.0 ], [ 107.066600000389883, -6.472190000368041, 0.0 ], [ 107.066400000160087, -6.472150000322099, 0.0 ], [ 107.06629709883218, -6.472179400059144, 0.0 ], [ 107.066190000368394, -6.472210000391012, 0.0 ], [ 107.066035979776828, -6.472312679586292, 0.0 ], [ 107.066010000161569, -6.472329999629647, 0.0 ], [ 107.065930000069585, -6.472500000274675, 0.0 ], [ 107.065979999677424, -6.472640000435472, 0.0 ], [ 107.066139999861278, -6.472830000204191, 0.0 ], [ 107.066150000322452, -6.472970000365077, 0.0 ], [ 107.066119999838307, -6.473049999557681, 0.0 ], [ 107.065950000092556, -6.473120000087764, 0.0 ], [ 107.065459999979197, -6.473280000271622, 0.0 ], [ 107.065290000233531, -6.473409999971338, 0.0 ], [ 107.065199999680388, -6.473579999717085, 0.0 ], [ 107.065259999749301, -6.473840000015887, 0.0 ], [ 107.0654500004173, -6.474080000291629, 0.0 ], [ 107.065950000092556, -6.47453000035906, 0.0 ], [ 107.066489999813854, -6.474929999919468, 0.0 ], [ 107.066790000158605, -6.475199999779981, 0.0 ], [ 107.066790000158605, -6.475270000310065, 0.0 ], [ 107.066670000020679, -6.475319999917897, 0.0 ], [ 107.066300000045146, -6.475270000310065, 0.0 ], [ 107.06611000027651, -6.475339999940868, 0.0 ], [ 107.065990000138598, -6.475420000032841, 0.0 ], [ 107.065789999908787, -6.475709999916415, 0.0 ], [ 107.065629999724848, -6.475939999731075, 0.0 ], [ 107.065500000025139, -6.475999999799988, 0.0 ], [ 107.065350000302445, -6.475999999799988, 0.0 ], [ 107.065290000233531, -6.475890000123243, 0.0 ], [ 107.065370000325416, -6.475680000331554, 0.0 ], [ 107.065500000025139, -6.475230000264123, 0.0 ], [ 107.065489999564051, -6.475070000080265, 0.0 ], [ 107.065439999956226, -6.47496999996541, 0.0 ], [ 107.065299999795329, -6.474920000357578, 0.0 ], [ 107.065210000141562, -6.474920000357578, 0.0 ], [ 107.064980000326983, -6.475010000011352, 0.0 ], [ 107.064709999567015, -6.475350000402038, 0.0 ], [ 107.06445999972938, -6.47560000023967, 0.0 ], [ 107.064240000375889, -6.475769999985328, 0.0 ], [ 107.064040000146093, -6.4757999995701, 0.0 ], [ 107.063810000331429, -6.475780000446498, 0.0 ], [ 107.063710000216489, -6.475689999893444, 0.0 ], [ 107.063670000170546, -6.475469999640584, 0.0 ], [ 107.063539999571461, -6.475000000449462, 0.0 ], [ 107.06346999994075, -6.474829999804523, 0.0 ], [ 107.063309999756882, -6.474729999689579, 0.0 ], [ 107.062990000288451, -6.474669999620666, 0.0 ], [ 107.062810000081626, -6.474720000127689, 0.0 ], [ 107.062640000335961, -6.474880000311636, 0.0 ], [ 107.062500000174992, -6.475070000080265, 0.0 ], [ 107.062369999575992, -6.475150000172238, 0.0 ], [ 107.062190000268444, -6.475150000172238, 0.0 ], [ 107.061869999900736, -6.475130000149267, 0.0 ], [ 107.061700000155071, -6.475190000218181, 0.0 ], [ 107.061580000017159, -6.475270000310065, 0.0 ], [ 107.061530000409419, -6.475409999571671, 0.0 ], [ 107.061559999994188, -6.475529999709586, 0.0 ], [ 107.061649999647955, -6.475680000331554, 0.0 ], [ 107.061640000086157, -6.475839999616131, 0.0 ], [ 107.061609999601927, -6.475930000169186, 0.0 ], [ 107.061479999902218, -6.475999999799988, 0.0 ], [ 107.061190000018641, -6.476050000307101, 0.0 ], [ 107.061000000250004, -6.476130000399074, 0.0 ], [ 107.060940000181091, -6.476220000052848, 0.0 ], [ 107.060829999604977, -6.476520000397592, 0.0 ], [ 107.060759999974181, -6.476659999659109, 0.0 ], [ 107.060699999905268, -6.476699999705051, 0.0 ], [ 107.060559999744385, -6.476730000189193, 0.0 ], [ 107.06024000027594, -6.476699999705051, 0.0 ], [ 107.06004999960804, -6.476670000120279, 0.0 ], [ 107.05997999997723, -6.47669000014325, 0.0 ], [ 107.059859999839318, -6.476819999842967, 0.0 ], [ 107.059670000070597, -6.477140000210682, 0.0 ], [ 107.059489999863771, -6.477430000094255, 0.0 ], [ 107.059309999656946, -6.477510000186228, 0.0 ], [ 107.059079999842282, -6.4775300002092, 0.0 ], [ 107.058919999658428, -6.477490000163257, 0.0 ], [ 107.058749999912678, -6.477399999610114, 0.0 ], [ 107.05854000012107, -6.477169999795453, 0.0 ], [ 107.058279999822361, -6.476969999565654, 0.0 ], [ 107.058170000145537, -6.476969999565654, 0.0 ], [ 107.058219999753362, -6.47646000032859, 0.0 ], [ 107.058250000237507, -6.475500000124725, 0.0 ], [ 107.058549999682882, -6.475190000218181, 0.0 ], [ 107.05860999975188, -6.475000000449462, 0.0 ], [ 107.058689999843764, -6.474880000311636, 0.0 ], [ 107.0589399996814, -6.47451999989789, 0.0 ], [ 107.059119999888225, -6.474169999945403, 0.0 ], [ 107.059380000187019, -6.47367000027014, 0.0 ], [ 107.059480000301974, -6.473490000063311, 0.0 ], [ 107.059744132086237, -6.472898846904087, 0.0 ], [ 107.059899999885261, -6.472549999882418, 0.0 ], [ 107.059958294839547, -6.47234056756302, 0.0 ], [ 107.060169999745867, -6.471580000116752, 0.0 ], [ 107.060369999975663, -6.470749999612604, 0.0 ], [ 107.060650000297443, -6.469839999915941, 0.0 ], [ 107.060743511803793, -6.469489330867741, 0.0 ], [ 107.060809999582006, -6.469240000125733, 0.0 ], [ 107.06084000006615, -6.469059999918905, 0.0 ], [ 107.060900000135064, -6.468549999782471, 0.0 ], [ 107.060770000435355, -6.467979999577125, 0.0 ], [ 107.060588057692883, -6.467456917002981, 0.0 ], [ 107.060450000067632, -6.467060000318572, 0.0 ], [ 107.060430000044576, -6.466989999788488, 0.0 ], [ 107.060246657057746, -6.466342568854291, 0.0 ], [ 107.060109999676953, -6.465859999838965, 0.0 ], [ 107.060206092237522, -6.465831020085346, 0.0 ], [ 107.062629999874801, -6.465099999864989, 0.0 ], [ 107.063079999942232, -6.465150000372013, 0.0 ], [ 107.063481690227974, -6.464551402624998, 0.0 ], [ 107.064100000215007, -6.463630000424061, 0.0 ], [ 107.064147048247861, -6.463458503307109, 0.0 ], [ 107.06440514827915, -6.462517685642535, 0.0 ], [ 107.06441000012164, -6.462499999575169, 0.0 ], [ 107.063679999732344, -6.462059999968819, 0.0 ], [ 107.063579999617403, -6.461689999993361, 0.0 ], [ 107.06364952530555, -6.461246779914767, 0.0 ], [ 107.063659999709373, -6.461179999856927, 0.0 ], [ 107.063929999569979, -6.460339999790978, 0.0 ], [ 107.06404999970789, -6.46017000004532, 0.0 ], [ 107.064140000260949, -6.459989999838491, 0.0 ], [ 107.064220000352918, -6.459670000370057, 0.0 ], [ 107.064170121254293, -6.459282703733606, 0.0 ], [ 107.06404999970789, -6.458349999752535, 0.0 ], [ 107.063940000031153, -6.45801999982293, 0.0 ], [ 107.063920068356623, -6.457820678581285, 0.0 ], [ 107.063910000446384, -6.457720000377556, 0.0 ], [ 107.06389999998521, -6.45739000044804, 0.0 ], [ 107.063610000101633, -6.456430000244175, 0.0 ], [ 107.063610000101633, -6.456352903163811, 0.0 ], [ 107.063610000101633, -6.456350000152202, 0.0 ], [ 107.063600404335403, -6.456138881603959, 0.0 ], [ 107.063590000078577, -6.455909999646661, 0.0 ], [ 107.063690000193517, -6.455710000316142, 0.0 ], [ 107.064310000006699, -6.455349999902396, 0.0 ], [ 107.064490000213524, -6.455320000317624, 0.0 ], [ 107.064654286566224, -6.455312958626038, 0.0 ], [ 107.065190000118591, -6.455289999833482, 0.0 ], [ 107.065310000256503, -6.455260000248622, 0.0 ], [ 107.065480000002168, -6.455220000202679, 0.0 ], [ 107.065840000415818, -6.455220000202679, 0.0 ], [ 107.066509999836825, -6.455269999810511, 0.0 ], [ 107.066931608307272, -6.455234443314719, 0.0 ], [ 107.068169999945752, -6.455129999649625, 0.0 ], [ 107.068397001420621, -6.455107045353738, 0.0 ], [ 107.071730000439345, -6.454770000135248, 0.0 ], [ 107.073030000134537, -6.454309999606647, 0.0 ], [ 107.074070000430368, -6.453549999632671, 0.0 ], [ 107.074510689816606, -6.453208563923898, 0.0 ], [ 107.076290000283478, -6.451830000354022, 0.0 ], [ 107.077062438780644, -6.45143261782092, 0.0 ], [ 107.078020000023201, -6.45093999978096, 0.0 ], [ 107.07826000029894, -6.450779999597192, 0.0 ], [ 107.078690000343414, -6.450449999667587, 0.0 ], [ 107.079149999972728, -6.44984999987738, 0.0 ], [ 107.079370000225495, -6.448920000157745, 0.0 ], [ 107.079760179189037, -6.44807894788503, 0.0 ], [ 107.079819179211952, -6.447951769358475, 0.0 ], [ 107.079742603738339, -6.448273923602557, 0.0 ], [ 107.079856847315881, -6.448539994325166, 0.0 ], [ 107.079848292065236, -6.44866396856715, 0.0 ], [ 107.079894312172954, -6.448780925399191, 0.0 ], [ 107.080031335577843, -6.448877984731052, 0.0 ], [ 107.080322437130931, -6.448975678084903, 0.0 ], [ 107.080619968836686, -6.449160676723711, 0.0 ], [ 107.08092514118249, -6.449266052086458, 0.0 ], [ 107.081535484974793, -6.449303724686963, 0.0 ], [ 107.082069566257644, -6.449381003430368, 0.0 ], [ 107.082496798188885, -6.449499241796399, 0.0 ], [ 107.083029300262169, -6.449803524712685, 0.0 ] ] ] ] } },
{ "type": "Feature", "properties": { "PROVNO": "32", "KABKOTNO": "01", "KECNO": "170", "DESANO": "011", "PROVINSI": "JAWA BARAT", "KABKOT": "BOGOR", "KECAMATAN": "JONGGOL", "ID2013": "3201170011", "DESA": "SUKAMAJU", "DESA_1": "SUKAMAJU", "ID2012": "3201170011", "IDKAB2": "3201", "IDKEC_2": "3201170", "WILAYAH": "TIMUR" }, "geometry": { "type": "MultiPolygon", "coordinates": [ [ [ [ 107.053069999680929, -6.436560000343619, 0.0 ], [ 107.053189999818841, -6.436659999559193, 0.0 ], [ 107.053332475813306, -6.436861142827279, 0.0 ], [ 107.053359999564492, -6.436899999834935, 0.0 ], [ 107.053390000048637, -6.436970000365108, 0.0 ], [ 107.053359999564492, -6.437030000434021, 0.0 ], [ 107.053120000188031, -6.437559999694056, 0.0 ], [ 107.053080000142089, -6.437840000015829, 0.0 ], [ 107.053040000096061, -6.438209999991287, 0.0 ], [ 107.052879999912292, -6.43829000008326, 0.0 ], [ 107.052699999705368, -6.438310000106231, 0.0 ], [ 107.052659999659426, -6.438259999599119, 0.0 ], [ 107.052529999959717, -6.438120000337602, 0.0 ], [ 107.052480000351892, -6.438049999807518, 0.0 ], [ 107.052389999798834, -6.438109999876431, 0.0 ], [ 107.052200000030112, -6.438200000429486, 0.0 ], [ 107.052180000007141, -6.438319999668032, 0.0 ], [ 107.052297903825405, -6.438679328288224, 0.0 ], [ 107.052389999798834, -6.438960000403551, 0.0 ], [ 107.052579999567541, -6.439409999571613, 0.0 ], [ 107.052630000074572, -6.439669999870414, 0.0 ], [ 107.052639999636455, -6.439830000054272, 0.0 ], [ 107.052766145741231, -6.439904203116367, 0.0 ], [ 107.052810000281482, -6.439930000169216, 0.0 ], [ 107.052969999565974, -6.44001999982299, 0.0 ], [ 107.053120000188031, -6.44001999982299, 0.0 ], [ 107.053200000279915, -6.439970000215158, 0.0 ], [ 107.053249999887754, -6.439859999639133, 0.0 ], [ 107.053240000325957, -6.439749999962388, 0.0 ], [ 107.053120000188031, -6.439640000285642, 0.0 ], [ 107.05302000007309, -6.439560000193669, 0.0 ], [ 107.05302000007309, -6.439469999640615, 0.0 ], [ 107.05310000016506, -6.43937000042504, 0.0 ], [ 107.053350000002695, -6.43935999996387, 0.0 ], [ 107.05359999984033, -6.439290000333067, 0.0 ], [ 107.053760000024184, -6.439250000287124, 0.0 ], [ 107.05394999979282, -6.439310000356038, 0.0 ], [ 107.054049999907761, -6.439409999571613, 0.0 ], [ 107.054100000414877, -6.439540000170698, 0.0 ], [ 107.053980000276951, -6.439859999639133, 0.0 ], [ 107.054100000414877, -6.440070000330103, 0.0 ], [ 107.054139999561528, -6.440130000399016, 0.0 ], [ 107.054170000045673, -6.440269999660622, 0.0 ], [ 107.054339999791324, -6.440540000420505, 0.0 ], [ 107.054410000321411, -6.440610000051308, 0.0 ], [ 107.054629999674901, -6.441060000118739, 0.0 ], [ 107.054660000159046, -6.441220000302597, 0.0 ], [ 107.054620000113104, -6.441430000094286, 0.0 ], [ 107.054640000136075, -6.441670000370028, 0.0 ], [ 107.054649999697872, -6.441769999585603, 0.0 ], [ 107.054580000067162, -6.441909999746578, 0.0 ], [ 107.054534227272896, -6.441968849582604, 0.0 ], [ 107.054510000436352, -6.442000000299632, 0.0 ], [ 107.054519999998163, -6.442190000068351, 0.0 ], [ 107.05460999965193, -6.442299999745007, 0.0 ], [ 107.054769999835798, -6.442399999859951, 0.0 ], [ 107.054800000319929, -6.442600000089751, 0.0 ], [ 107.054769999835798, -6.442700000204695, 0.0 ], [ 107.054680000182017, -6.44280000031964, 0.0 ], [ 107.054560000044191, -6.442840000365582, 0.0 ], [ 107.05445999992925, -6.442849999927382, 0.0 ], [ 107.054399999860237, -6.442909999996385, 0.0 ], [ 107.05439000029844, -6.44301000011124, 0.0 ], [ 107.054560000044191, -6.443190000318069, 0.0 ], [ 107.054680000182017, -6.443299999994814, 0.0 ], [ 107.054720000228045, -6.443409999671559, 0.0 ], [ 107.054549999583017, -6.443719999578192, 0.0 ], [ 107.054490000413381, -6.443850000177189, 0.0 ], [ 107.05447000039041, -6.444010000361047, 0.0 ], [ 107.054560000044191, -6.444149999622564, 0.0 ], [ 107.054660000159046, -6.444289999783539, 0.0 ], [ 107.054740000251016, -6.444429999944337, 0.0 ], [ 107.054829999904797, -6.444570000105312, 0.0 ], [ 107.054900000434785, -6.444880000011857, 0.0 ], [ 107.054919999558564, -6.444989999688602, 0.0 ], [ 107.055019999673419, -6.445129999849399, 0.0 ], [ 107.055170000295476, -6.445240000425514, 0.0 ], [ 107.055210000341418, -6.445410000171172, 0.0 ], [ 107.055110000226477, -6.445709999616636, 0.0 ], [ 107.055070000180535, -6.445849999777522, 0.0 ], [ 107.055118297371678, -6.446085446785812, 0.0 ], [ 107.055150000272505, -6.44623999977604, 0.0 ], [ 107.055159999834302, -6.446399999959809, 0.0 ], [ 107.055150000272505, -6.446560000143755, 0.0 ], [ 107.055259999949257, -6.446780000396526, 0.0 ], [ 107.055290000433303, -6.446899999635072, 0.0 ], [ 107.05525000038736, -6.447019999773076, 0.0 ], [ 107.055170000295476, -6.447119999887931, 0.0 ], [ 107.055294157999157, -6.447315786793997, 0.0 ], [ 107.055429999694908, -6.44752999990942, 0.0 ], [ 107.055500000224995, -6.447630000024365, 0.0 ], [ 107.055429999694908, -6.447770000185162, 0.0 ], [ 107.055380000087084, -6.447870000300107, 0.0 ], [ 107.055409999671852, -6.447990000438022, 0.0 ], [ 107.055719999578486, -6.448430000044283, 0.0 ], [ 107.055739999601457, -6.448570000205169, 0.0 ], [ 107.055741400745191, -6.448589614418978, 0.0 ], [ 107.055750000062631, -6.448710000366056, 0.0 ], [ 107.055730000039659, -6.44878999955866, 0.0 ], [ 107.055640000385878, -6.448969999765488, 0.0 ], [ 107.055609999901748, -6.449199999580149, 0.0 ], [ 107.055680000431821, -6.449299999695093, 0.0 ], [ 107.055770000085602, -6.449359999764006, 0.0 ], [ 107.055770000085602, -6.449450000317061, 0.0 ], [ 107.055770000085602, -6.449820000292608, 0.0 ], [ 107.055710000016688, -6.449929999969353, 0.0 ], [ 107.055429999694908, -6.450210000291126, 0.0 ], [ 107.055360000064113, -6.450270000360128, 0.0 ], [ 107.05532000001817, -6.450429999644616, 0.0 ], [ 107.055349999602939, -6.450540000220641, 0.0 ], [ 107.055500000224995, -6.450640000335586, 0.0 ], [ 107.055689999993632, -6.450620000312615, 0.0 ], [ 107.05616000008412, -6.450489999713529, 0.0 ], [ 107.057849999777815, -6.450230000314097, 0.0 ], [ 107.059426548196825, -6.450329666780554, 0.0 ], [ 107.059555057719933, -6.450337791255869, 0.0 ], [ 107.059589999978712, -6.450339999990842, 0.0 ], [ 107.060499999675386, -6.450119999738071, 0.0 ], [ 107.062059999669458, -6.449680000131721, 0.0 ], [ 107.061929999969735, -6.449270000110232, 0.0 ], [ 107.061860000338925, -6.449089999903403, 0.0 ], [ 107.061760000223984, -6.448940000180716, 0.0 ], [ 107.061609999601927, -6.448820000042801, 0.0 ], [ 107.061080000341889, -6.448510000136256, 0.0 ], [ 107.060960000204062, -6.448419999583201, 0.0 ], [ 107.06088999967389, -6.448209999791512, 0.0 ], [ 107.060880480350079, -6.448168110269972, 0.0 ], [ 107.06084000006615, -6.447990000438022, 0.0 ], [ 107.061000000250004, -6.447489999863389, 0.0 ], [ 107.06123999962648, -6.446959999704074, 0.0 ], [ 107.061422517035652, -6.446867337157727, 0.0 ], [ 107.061889999923707, -6.446629999774558, 0.0 ], [ 107.061869999900736, -6.44600999996138, 0.0 ], [ 107.062103388360839, -6.445993622407578, 0.0 ], [ 107.062440000106079, -6.445969999915437, 0.0 ], [ 107.064479999752351, -6.445539999870977, 0.0 ], [ 107.06532529862379, -6.445435012115954, 0.0 ], [ 107.06761999976338, -6.445149999872459, 0.0 ], [ 107.068849999827847, -6.445330000079288, 0.0 ], [ 107.068813561996521, -6.445389212342114, 0.0 ], [ 107.068689999643908, -6.44559000037809, 0.0 ], [ 107.068470000290503, -6.446040000445521, 0.0 ], [ 107.068390000198519, -6.446339999890895, 0.0 ], [ 107.06831000010655, -6.446709999866442, 0.0 ], [ 107.068299999645475, -6.447139999910902, 0.0 ], [ 107.068319999668446, -6.447369999725563, 0.0 ], [ 107.068399999760331, -6.447639999586166, 0.0 ], [ 107.068459999829329, -6.447830000254164, 0.0 ], [ 107.068450000267532, -6.448020000022794, 0.0 ], [ 107.068279999622504, -6.44836999997537, 0.0 ], [ 107.068230000014665, -6.448630000274171, 0.0 ], [ 107.068259999599533, -6.448719999927945, 0.0 ], [ 107.068390000198519, -6.448829999604602, 0.0 ], [ 107.068607438282783, -6.448954249938534, 0.0 ], [ 107.068669999620937, -6.448989999788548, 0.0 ], [ 107.068749999712907, -6.449080000341603, 0.0 ], [ 107.068780000197052, -6.449210000041319, 0.0 ], [ 107.068669999620937, -6.449530000409034, 0.0 ], [ 107.068530000359416, -6.449990000038355, 0.0 ], [ 107.068390000198519, -6.450349999552643, 0.0 ], [ 107.06841000022149, -6.450449999667587, 0.0 ], [ 107.068439999806358, -6.450540000220641, 0.0 ], [ 107.068519999898243, -6.450540000220641, 0.0 ], [ 107.068660000059126, -6.450449999667587, 0.0 ], [ 107.068860000288936, -6.4502999999449, 0.0 ], [ 107.069010000011616, -6.450270000360128, 0.0 ], [ 107.069119999688354, -6.450380000036873, 0.0 ], [ 107.069119999688354, -6.450560000243701, 0.0 ], [ 107.069030000034672, -6.451269999710565, 0.0 ], [ 107.068995003816582, -6.451545591555643, 0.0 ], [ 107.068949999942703, -6.451899999984825, 0.0 ], [ 107.06888999987379, -6.452690000443031, 0.0 ], [ 107.068897986752859, -6.453273065999046, 0.0 ], [ 107.068900000334878, -6.453419999932866, 0.0 ], [ 107.068860000288936, -6.453720000277698, 0.0 ], [ 107.068848311800352, -6.453762854771785, 0.0 ], [ 107.068800000220023, -6.4539399996311, 0.0 ], [ 107.068689999643908, -6.454110000276128, 0.0 ], [ 107.0684799998523, -6.454329999629618, 0.0 ], [ 107.068270000060608, -6.454640000435532, 0.0 ], [ 107.068169999945752, -6.45481000018119, 0.0 ], [ 107.06816000038387, -6.454959999903878, 0.0 ], [ 107.068169999945752, -6.455129999649625, 0.0 ], [ 107.066931608307272, -6.455234443314719, 0.0 ], [ 107.066509999836825, -6.455269999810511, 0.0 ], [ 107.065840000415818, -6.455220000202679, 0.0 ], [ 107.065480000002168, -6.455220000202679, 0.0 ], [ 107.065310000256503, -6.455260000248622, 0.0 ], [ 107.065190000118591, -6.455289999833482, 0.0 ], [ 107.064654286566224, -6.455312958626038, 0.0 ], [ 107.064490000213524, -6.455320000317624, 0.0 ], [ 107.064310000006699, -6.455349999902396, 0.0 ], [ 107.063690000193517, -6.455710000316142, 0.0 ], [ 107.063590000078577, -6.455909999646661, 0.0 ], [ 107.063600404335403, -6.456138881603959, 0.0 ], [ 107.063610000101633, -6.456350000152202, 0.0 ], [ 107.063610000101633, -6.456352903163811, 0.0 ], [ 107.063610000101633, -6.456430000244175, 0.0 ], [ 107.06389999998521, -6.45739000044804, 0.0 ], [ 107.063910000446384, -6.457720000377556, 0.0 ], [ 107.063920068356623, -6.457820678581285, 0.0 ], [ 107.063940000031153, -6.45801999982293, 0.0 ], [ 107.06404999970789, -6.458349999752535, 0.0 ], [ 107.064170121254293, -6.459282703733606, 0.0 ], [ 107.064220000352918, -6.459670000370057, 0.0 ], [ 107.064140000260949, -6.459989999838491, 0.0 ], [ 107.06404999970789, -6.46017000004532, 0.0 ], [ 107.063929999569979, -6.460339999790978, 0.0 ], [ 107.063659999709373, -6.461179999856927, 0.0 ], [ 107.06364952530555, -6.461246779914767, 0.0 ], [ 107.063579999617403, -6.461689999993361, 0.0 ], [ 107.063679999732344, -6.462059999968819, 0.0 ], [ 107.06441000012164, -6.462499999575169, 0.0 ], [ 107.06440514827915, -6.462517685642535, 0.0 ], [ 107.064147048247861, -6.463458503307109, 0.0 ], [ 107.064100000215007, -6.463630000424061, 0.0 ], [ 107.063481690227974, -6.464551402624998, 0.0 ], [ 107.063079999942232, -6.465150000372013, 0.0 ], [ 107.062629999874801, -6.465099999864989, 0.0 ], [ 107.060206092237522, -6.465831020085346, 0.0 ], [ 107.060109999676953, -6.465859999838965, 0.0 ], [ 107.060000757229332, -6.465798615713361, 0.0 ], [ 107.059059999819311, -6.465269999610648, 0.0 ], [ 107.058843713766606, -6.463739980315655, 0.0 ], [ 107.058789999958705, -6.463359999664089, 0.0 ], [ 107.057579999917209, -6.462770000335052, 0.0 ], [ 107.057650000447296, -6.462120000037821, 0.0 ], [ 107.057519999848296, -6.462070000429989, 0.0 ], [ 107.057180000356894, -6.461959999853963, 0.0 ], [ 107.056810000381432, -6.461819999693077, 0.0 ], [ 107.056519999598493, -6.461699999555162, 0.0 ], [ 107.056329999829771, -6.461580000316616, 0.0 ], [ 107.055699999555515, -6.461409999671588, 0.0 ], [ 107.054930000019652, -6.461199999879899, 0.0 ], [ 107.054649999697872, -6.461130000249184, 0.0 ], [ 107.05458573504383, -6.461145301314488, 0.0 ], [ 107.054439999906279, -6.461179999856927, 0.0 ], [ 107.054370000275469, -6.461199999879899, 0.0 ], [ 107.054230000114586, -6.46101999967307, 0.0 ], [ 107.054186305653644, -6.460983905382758, 0.0 ], [ 107.054000000299922, -6.460829999904441, 0.0 ], [ 107.053719999978156, -6.460649999697612, 0.0 ], [ 107.053690000393374, -6.460510000436006, 0.0 ], [ 107.053710000416345, -6.46037999983692, 0.0 ], [ 107.053710000416345, -6.460279999722065, 0.0 ], [ 107.053590000278433, -6.459599999839973, 0.0 ], [ 107.053476583177925, -6.459480613039705, 0.0 ], [ 107.053399999610434, -6.459399999610085, 0.0 ], [ 107.053229999864783, -6.459240000325597, 0.0 ], [ 107.053179934606447, -6.458998017044717, 0.0 ], [ 107.05316999979587, -6.458950000442023, 0.0 ], [ 107.052919999958235, -6.458189999568678, 0.0 ], [ 107.052879999912292, -6.458079999891932, 0.0 ], [ 107.052930000419309, -6.457950000192128, 0.0 ], [ 107.052989999588945, -6.457919999708075, 0.0 ], [ 107.053200000279915, -6.457819999593131, 0.0 ], [ 107.053359999564492, -6.45760999980153, 0.0 ], [ 107.053409330975981, -6.457506639819446, 0.0 ], [ 107.053495144285691, -6.45732684016135, 0.0 ], [ 107.053570000255462, -6.45717000019518, 0.0 ], [ 107.05359999984033, -6.457059999619066, 0.0 ], [ 107.053630000324375, -6.456929999919439, 0.0 ], [ 107.053670000370403, -6.456640000035776, 0.0 ], [ 107.05388000016201, -6.456160000383573, 0.0 ], [ 107.05388000016201, -6.455980000176655, 0.0 ], [ 107.053780000047155, -6.455929999669632, 0.0 ], [ 107.049921025335195, -6.454698065163402, 0.0 ], [ 107.048667517891843, -6.454297891134644, 0.0 ], [ 107.047444019026415, -6.453907292187679, 0.0 ], [ 107.046920000257956, -6.45374000030067, 0.0 ], [ 107.046769999635984, -6.453680000231667, 0.0 ], [ 107.046579999867276, -6.453600000139694, 0.0 ], [ 107.046100000214977, -6.453660000208696, 0.0 ], [ 107.045870000400413, -6.45374000030067, 0.0 ], [ 107.045480000401881, -6.453680000231667, 0.0 ], [ 107.04524173132107, -6.453825285708206, 0.0 ], [ 107.045070000380406, -6.453930000069299, 0.0 ], [ 107.04495000024248, -6.453919999608129, 0.0 ], [ 107.044879999712407, -6.453899999585158, 0.0 ], [ 107.044770000035655, -6.454139999860988, 0.0 ], [ 107.044480000152078, -6.454259999998815, 0.0 ], [ 107.044330000429312, -6.454349999652589, 0.0 ], [ 107.043869999900707, -6.454790000158219, 0.0 ], [ 107.043740000200984, -6.454939999880906, 0.0 ], [ 107.043669999670897, -6.455160000133766, 0.0 ], [ 107.043669999670897, -6.455570000155166, 0.0 ], [ 107.043689999693967, -6.455719999877942, 0.0 ], [ 107.043330000179495, -6.456160000383573, 0.0 ], [ 107.043060000318889, -6.456169999945374, 0.0 ], [ 107.04296708776107, -6.456149910889533, 0.0 ], [ 107.042690000343441, -6.456089999853489, 0.0 ], [ 107.041429999794829, -6.455510000086253, 0.0 ], [ 107.04000999996164, -6.454910000296135, 0.0 ], [ 107.038499999575492, -6.454300000044757, 0.0 ], [ 107.038314911903811, -6.454213625558261, 0.0 ], [ 107.036999999650419, -6.453600000139694, 0.0 ], [ 107.034690000143542, -6.452539999820974, 0.0 ], [ 107.034730000189569, -6.452370000075316, 0.0 ], [ 107.034810000281453, -6.452289999983343, 0.0 ], [ 107.034899999935234, -6.45222000035254, 0.0 ], [ 107.03495000044235, -6.452089999753543, 0.0 ], [ 107.034952915145055, -6.45207888593168, 0.0 ], [ 107.035109999726927, -6.451480000401535, 0.0 ], [ 107.035260000348899, -6.451209999641563, 0.0 ], [ 107.035350000002666, -6.451140000010849, 0.0 ], [ 107.035450000117606, -6.45114999957265, 0.0 ], [ 107.035639999886243, -6.451269999710565, 0.0 ], [ 107.035840000116039, -6.451469999940365, 0.0 ], [ 107.03600999986179, -6.451610000101251, 0.0 ], [ 107.036150000022673, -6.45159000007828, 0.0 ], [ 107.036310000206527, -6.451509999986307, 0.0 ], [ 107.03637000027544, -6.451409999871451, 0.0 ], [ 107.036390000298496, -6.451249999687505, 0.0 ], [ 107.036330000229498, -6.450540000220641, 0.0 ], [ 107.036259999699411, -6.449979999577184, 0.0 ], [ 107.036319999768324, -6.449940000430523, 0.0 ], [ 107.03643999990625, -6.449920000407552, 0.0 ], [ 107.036479999952277, -6.449990000038355, 0.0 ], [ 107.036620000113075, -6.450170000245183, 0.0 ], [ 107.036740000250987, -6.450250000337068, 0.0 ], [ 107.036809999881797, -6.450270000360128, 0.0 ], [ 107.036999999650419, -6.450330000429041, 0.0 ], [ 107.037139999811302, -6.4502999999449, 0.0 ], [ 107.037429999694879, -6.450079999692129, 0.0 ], [ 107.037719999578457, -6.449900000384581, 0.0 ], [ 107.037930000269427, -6.449809999831437, 0.0 ], [ 107.038140000061119, -6.449809999831437, 0.0 ], [ 107.038180000107147, -6.449869999900351, 0.0 ], [ 107.038320000267944, -6.450139999761042, 0.0 ], [ 107.038469999990724, -6.4502999999449, 0.0 ], [ 107.038506127555934, -6.450309031836223, 0.0 ], [ 107.038590000128551, -6.450330000429041, 0.0 ], [ 107.038664470289248, -6.450289379850851, 0.0 ], [ 107.038699999805289, -6.450270000360128, 0.0 ], [ 107.038909999596981, -6.4500999997151, 0.0 ], [ 107.038920000058155, -6.450019999623127, 0.0 ], [ 107.038880000012213, -6.44984999987738, 0.0 ], [ 107.038830000404374, -6.449539999970835, 0.0 ], [ 107.038880000012213, -6.449470000340032, 0.0 ], [ 107.038790000358432, -6.449419999833008, 0.0 ], [ 107.038659999759346, -6.449330000179234, 0.0 ], [ 107.038590000128551, -6.449319999718064, 0.0 ], [ 107.038429999944697, -6.449250000087261, 0.0 ], [ 107.03823617535933, -6.449142778416341, 0.0 ], [ 107.03795999985428, -6.448989999788548, 0.0 ], [ 107.037440000156053, -6.448750000411998, 0.0 ], [ 107.036769999835855, -6.448499999675086, 0.0 ], [ 107.036139999561499, -6.448209999791512, 0.0 ], [ 107.03592999976982, -6.448109999676568, 0.0 ], [ 107.03586000013901, -6.448080000091707, 0.0 ], [ 107.036089999953759, -6.447890000323078, 0.0 ], [ 107.035650000347403, -6.447320000117731, 0.0 ], [ 107.035544160035158, -6.447343898701821, 0.0 ], [ 107.035340000440868, -6.447389999748534, 0.0 ], [ 107.033480000102045, -6.448180000206651, 0.0 ], [ 107.031710000316465, -6.447360000163673, 0.0 ], [ 107.031512567651049, -6.447230647975868, 0.0 ], [ 107.031420000432803, -6.447170000395044, 0.0 ], [ 107.029829999954671, -6.447650000047336, 0.0 ], [ 107.029049999957735, -6.447509999886449, 0.0 ], [ 107.028809999681897, -6.447320000117731, 0.0 ], [ 107.028639999936246, -6.447090000303071, 0.0 ], [ 107.02837000007564, -6.446950000142273, 0.0 ], [ 107.028249999937728, -6.446899999635072, 0.0 ], [ 107.027910000446326, -6.446809999981298, 0.0 ], [ 107.027690000193459, -6.446830000004358, 0.0 ], [ 107.027630000124546, -6.446839999566158, 0.0 ], [ 107.027719999778327, -6.446509999636554, 0.0 ], [ 107.027730000239487, -6.446150000122266, 0.0 ], [ 107.027650000147517, -6.445940000330577, 0.0 ], [ 107.027570000055633, -6.445740000100777, 0.0 ], [ 107.027489999963663, -6.445559999893948, 0.0 ], [ 107.027539999571488, -6.445419999733062, 0.0 ], [ 107.027639999686443, -6.445339999641178, 0.0 ], [ 107.027899999985237, -6.445419999733062, 0.0 ], [ 107.028040000146035, -6.445550000332148, 0.0 ], [ 107.028330000029698, -6.445820000192661, 0.0 ], [ 107.028550000282465, -6.445880000261663, 0.0 ], [ 107.028740000051101, -6.445849999777522, 0.0 ], [ 107.02886999975081, -6.445769999685549, 0.0 ], [ 107.029080000441866, -6.445570000355119, 0.0 ], [ 107.029170000095561, -6.44537999968712, 0.0 ], [ 107.02929999979537, -6.444830000404025, 0.0 ], [ 107.029330000279415, -6.444639999736026, 0.0 ], [ 107.029419999933197, -6.444590000128283, 0.0 ], [ 107.029549999632906, -6.444599999690084, 0.0 ], [ 107.029959999654395, -6.444679999781968, 0.0 ], [ 107.030019999723393, -6.44449999957514, 0.0 ], [ 107.029999999700422, -6.44430000024462, 0.0 ], [ 107.029999999700422, -6.444059999968879, 0.0 ], [ 107.030079999792306, -6.443990000338076, 0.0 ], [ 107.030259999999231, -6.443950000292133, 0.0 ], [ 107.030480000251998, -6.443970000315105, 0.0 ], [ 107.030549999882709, -6.444030000384018, 0.0 ], [ 107.030690000043691, -6.444490000013339, 0.0 ], [ 107.030859999789342, -6.444610000151254, 0.0 ], [ 107.031080000042124, -6.444659999758997, 0.0 ], [ 107.031229999764804, -6.444630000174225, 0.0 ], [ 107.031309999856774, -6.444539999621082, 0.0 ], [ 107.031320480555934, -6.444503316274854, 0.0 ], [ 107.031349999902801, -6.444400000359565, 0.0 ], [ 107.031420000432803, -6.444050000407078, 0.0 ], [ 107.031559999694409, -6.443919999807992, 0.0 ], [ 107.031779999947176, -6.443819999693048, 0.0 ], [ 107.031920000108073, -6.443739999601164, 0.0 ], [ 107.032189999968665, -6.443509999786503, 0.0 ], [ 107.032450000267474, -6.443389999648588, 0.0 ], [ 107.032800000219964, -6.443219999902929, 0.0 ], [ 107.032909999896702, -6.443059999718983, 0.0 ], [ 107.032929999919759, -6.442950000042327, 0.0 ], [ 107.03286999985076, -6.442829999904411, 0.0 ], [ 107.03272000012808, -6.442540000020838, 0.0 ], [ 107.032820000242936, -6.442479999951924, 0.0 ], [ 107.032960000403904, -6.442430000344093, 0.0 ], [ 107.03337999998719, -6.442479999951924, 0.0 ], [ 107.033560000194029, -6.44256999960561, 0.0 ], [ 107.03387999966246, -6.442729999789467, 0.0 ], [ 107.033990000238475, -6.442700000204695, 0.0 ], [ 107.034289999683864, -6.442540000020838, 0.0 ], [ 107.034590000028601, -6.442510000435977, 0.0 ], [ 107.035049999657929, -6.442459999928865, 0.0 ], [ 107.035419999633461, -6.442299999745007, 0.0 ], [ 107.035650000347403, -6.442139999561149, 0.0 ], [ 107.036299999745353, -6.44171999997786, 0.0 ], [ 107.036479999952277, -6.441670000370028, 0.0 ], [ 107.03658999962893, -6.441639999885886, 0.0 ], [ 107.037119999788331, -6.441579999816973, 0.0 ], [ 107.037910000246455, -6.441220000302597, 0.0 ], [ 107.038030000384367, -6.44110000016477, 0.0 ], [ 107.038070000430395, -6.440950000441994, 0.0 ], [ 107.037549999832805, -6.440389999798448, 0.0 ], [ 107.037489999763892, -6.440229999614679, 0.0 ], [ 107.037509999786863, -6.440119999937934, 0.0 ], [ 107.037609999901719, -6.43999999979993, 0.0 ], [ 107.037779999647455, -6.439910000146245, 0.0 ], [ 107.037850000177542, -6.439780000446529, 0.0 ], [ 107.038109999576974, -6.439540000170698, 0.0 ], [ 107.03857000010558, -6.439310000356038, 0.0 ], [ 107.03871999982826, -6.439290000333067, 0.0 ], [ 107.038850000427345, -6.439339999940898, 0.0 ], [ 107.039040000196067, -6.439549999732588, 0.0 ], [ 107.039160000333894, -6.440039999845961, 0.0 ], [ 107.039249999987675, -6.440409999821508, 0.0 ], [ 107.039350000102615, -6.440590000028337, 0.0 ], [ 107.039510000286469, -6.440730000189223, 0.0 ], [ 107.039610000401325, -6.440739999751024, 0.0 ], [ 107.039836233855254, -6.440538903247575, 0.0 ], [ 107.040150000122622, -6.440260000098732, 0.0 ], [ 107.040680000281938, -6.43979000000833, 0.0 ], [ 107.040950000142544, -6.439569999755559, 0.0 ], [ 107.041170000395397, -6.439469999640615, 0.0 ], [ 107.041560000393915, -6.439620000262671, 0.0 ], [ 107.041699999655435, -6.439669999870414, 0.0 ], [ 107.041830000254521, -6.439569999755559, 0.0 ], [ 107.042189999768809, -6.439469999640615, 0.0 ], [ 107.042419999583473, -6.439390000448011, 0.0 ], [ 107.042679999882267, -6.439310000356038, 0.0 ], [ 107.042759999974152, -6.439179999757041, 0.0 ], [ 107.042960000204033, -6.438849999827525, 0.0 ], [ 107.043089999903756, -6.43872999968961, 0.0 ], [ 107.043259999649422, -6.43872999968961, 0.0 ], [ 107.043459999879218, -6.438760000173751, 0.0 ], [ 107.043729999739909, -6.438869999850496, 0.0 ], [ 107.043999999600516, -6.439039999596154, 0.0 ], [ 107.044239999876254, -6.439059999619126, 0.0 ], [ 107.044799999620423, -6.438920000357609, 0.0 ], [ 107.044919999758349, -6.438889999873467, 0.0 ], [ 107.045027466044871, -6.438917861769724, 0.0 ], [ 107.045189999618941, -6.438960000403551, 0.0 ], [ 107.045530000009634, -6.439079999642097, 0.0 ], [ 107.045699999755385, -6.439059999619126, 0.0 ], [ 107.045799999870241, -6.438989999988323, 0.0 ], [ 107.04592999956995, -6.438700000104749, 0.0 ], [ 107.04602999968489, -6.438499999874949, 0.0 ], [ 107.046249999937757, -6.438330000129291, 0.0 ], [ 107.046780000097073, -6.437989999738516, 0.0 ], [ 107.047000000349925, -6.437539999671085, 0.0 ], [ 107.047150000072619, -6.437389999948397, 0.0 ], [ 107.047669999770847, -6.436879999811964, 0.0 ], [ 107.047870000000643, -6.436739999651078, 0.0 ], [ 107.048030000184596, -6.436710000066306, 0.0 ], [ 107.048210000391421, -6.436770000135219, 0.0 ], [ 107.048329999629971, -6.436859999788993, 0.0 ], [ 107.048389999698884, -6.436970000365108, 0.0 ], [ 107.048300000045117, -6.43722000020265, 0.0 ], [ 107.048019999723422, -6.437599999739998, 0.0 ], [ 107.047910000046585, -6.437770000385026, 0.0 ], [ 107.047860000438845, -6.437960000153744, 0.0 ], [ 107.047780000346876, -6.43810000031463, 0.0 ], [ 107.047780000346876, -6.438259999599119, 0.0 ], [ 107.047840000415874, -6.438430000244146, 0.0 ], [ 107.048030000184596, -6.438609999551694, 0.0 ], [ 107.048235330696116, -6.438697999113199, 0.0 ], [ 107.048239999976204, -6.438700000104749, 0.0 ], [ 107.048460000228971, -6.438660000058807, 0.0 ], [ 107.048560000343912, -6.438599999989805, 0.0 ], [ 107.048719999628489, -6.43808999985346, 0.0 ], [ 107.048850000227489, -6.437579999717027, 0.0 ], [ 107.049220000203036, -6.436999999949879, 0.0 ], [ 107.049320000317977, -6.436890000273134, 0.0 ], [ 107.049889999623957, -6.436659999559193, 0.0 ], [ 107.049960000154044, -6.436629999974333, 0.0 ], [ 107.050399999760387, -6.436560000343619, 0.0 ], [ 107.050530000359387, -6.43658000036659, 0.0 ], [ 107.050700000105138, -6.436759999674138, 0.0 ], [ 107.050860000288907, -6.436879999811964, 0.0 ], [ 107.051030000034643, -6.436919999857906, 0.0 ], [ 107.051299999895249, -6.436890000273134, 0.0 ], [ 107.051379999987219, -6.436850000227192, 0.0 ], [ 107.051560000193959, -6.436460000228674, 0.0 ], [ 107.051669999870796, -6.436269999560675, 0.0 ], [ 107.051790000008708, -6.436190000368072, 0.0 ], [ 107.051970000215533, -6.436199999929872, 0.0 ], [ 107.052130000399401, -6.436309999606618, 0.0 ], [ 107.052320000168024, -6.43658000036659, 0.0 ], [ 107.052400000260008, -6.436679999582164, 0.0 ], [ 107.052879999912292, -6.436719999628107, 0.0 ], [ 107.052980000027148, -6.436659999559193, 0.0 ], [ 107.053069999680929, -6.436560000343619, 0.0 ] ] ] ] } },
{ "type": "Feature", "properties": { "PROVNO": "32", "KABKOTNO": "01", "KECNO": "170", "DESANO": "012", "PROVINSI": "JAWA BARAT", "KABKOT": "BOGOR", "KECAMATAN": "JONGGOL", "ID2013": "3201170012", "DESA": "SUKAMANAH", "DESA_1": "SUKAMANAH", "ID2012": "3201170012", "IDKAB2": "3201", "IDKEC_2": "3201170", "WILAYAH": "TIMUR" }, "geometry": { "type": "MultiPolygon", "coordinates": [ [ [ [ 107.077080248954502, -6.441735965642117, 0.0 ], [ 107.077987814186457, -6.442041516602561, 0.0 ], [ 107.078628697156788, -6.442440626733372, 0.0 ], [ 107.079719709697017, -6.443151583078901, 0.0 ], [ 107.08030715585069, -6.443658462567861, 0.0 ], [ 107.08079544095699, -6.44407474075658, 0.0 ], [ 107.080909883284704, -6.444484345076287, 0.0 ], [ 107.080986170075803, -6.445044637999544, 0.0 ], [ 107.080886984746698, -6.44560444618806, 0.0 ], [ 107.080772566700816, -6.445987331649885, 0.0 ], [ 107.080771926383505, -6.445989999938408, 0.0 ], [ 107.08070389626792, -6.446272967123559, 0.0 ], [ 107.080650482833704, -6.446592453079028, 0.0 ], [ 107.080612328196565, -6.446859010334851, 0.0 ], [ 107.080606472710699, -6.446981621204753, 0.0 ], [ 107.080598648608969, -6.447145442607862, 0.0 ], [ 107.080597094580426, -6.447177989072763, 0.0 ], [ 107.080543656864478, -6.44737778605581, 0.0 ], [ 107.08048262797108, -6.447457893167066, 0.0 ], [ 107.080223251801826, -6.447552314787366, 0.0 ], [ 107.080033716982697, -6.447609914565735, 0.0 ], [ 107.080001984404262, -6.447619558895425, 0.0 ], [ 107.07987992391952, -6.447753538994441, 0.0 ], [ 107.079818870744475, -6.447950482428624, 0.0 ], [ 107.079819179211952, -6.447951769358475, 0.0 ], [ 107.079760179189037, -6.44807894788503, 0.0 ], [ 107.079370000225495, -6.448920000157745, 0.0 ], [ 107.079149999972728, -6.44984999987738, 0.0 ], [ 107.078690000343414, -6.450449999667587, 0.0 ], [ 107.07826000029894, -6.450779999597192, 0.0 ], [ 107.078020000023201, -6.45093999978096, 0.0 ], [ 107.077062438780644, -6.45143261782092, 0.0 ], [ 107.076290000283478, -6.451830000354022, 0.0 ], [ 107.074510689816606, -6.453208563923898, 0.0 ], [ 107.074070000430368, -6.453549999632671, 0.0 ], [ 107.073030000134537, -6.454309999606647, 0.0 ], [ 107.071730000439345, -6.454770000135248, 0.0 ], [ 107.068397001420621, -6.455107045353738, 0.0 ], [ 107.068169999945752, -6.455129999649625, 0.0 ], [ 107.06816000038387, -6.454959999903878, 0.0 ], [ 107.068169999945752, -6.45481000018119, 0.0 ], [ 107.068270000060608, -6.454640000435532, 0.0 ], [ 107.0684799998523, -6.454329999629618, 0.0 ], [ 107.068689999643908, -6.454110000276128, 0.0 ], [ 107.068800000220023, -6.4539399996311, 0.0 ], [ 107.068848311800352, -6.453762854771785, 0.0 ], [ 107.068860000288936, -6.453720000277698, 0.0 ], [ 107.068900000334878, -6.453419999932866, 0.0 ], [ 107.068897986752859, -6.453273065999046, 0.0 ], [ 107.06888999987379, -6.452690000443031, 0.0 ], [ 107.068949999942703, -6.451899999984825, 0.0 ], [ 107.068995003816582, -6.451545591555643, 0.0 ], [ 107.069030000034672, -6.451269999710565, 0.0 ], [ 107.069119999688354, -6.450560000243701, 0.0 ], [ 107.069119999688354, -6.450380000036873, 0.0 ], [ 107.069010000011616, -6.450270000360128, 0.0 ], [ 107.068860000288936, -6.4502999999449, 0.0 ], [ 107.068660000059126, -6.450449999667587, 0.0 ], [ 107.068519999898243, -6.450540000220641, 0.0 ], [ 107.068439999806358, -6.450540000220641, 0.0 ], [ 107.06841000022149, -6.450449999667587, 0.0 ], [ 107.068390000198519, -6.450349999552643, 0.0 ], [ 107.068530000359416, -6.449990000038355, 0.0 ], [ 107.068669999620937, -6.449530000409034, 0.0 ], [ 107.068780000197052, -6.449210000041319, 0.0 ], [ 107.068749999712907, -6.449080000341603, 0.0 ], [ 107.068669999620937, -6.448989999788548, 0.0 ], [ 107.068607438282783, -6.448954249938534, 0.0 ], [ 107.068390000198519, -6.448829999604602, 0.0 ], [ 107.068259999599533, -6.448719999927945, 0.0 ], [ 107.068230000014665, -6.448630000274171, 0.0 ], [ 107.068279999622504, -6.44836999997537, 0.0 ], [ 107.068450000267532, -6.448020000022794, 0.0 ], [ 107.068459999829329, -6.447830000254164, 0.0 ], [ 107.068399999760331, -6.447639999586166, 0.0 ], [ 107.068319999668446, -6.447369999725563, 0.0 ], [ 107.068299999645475, -6.447139999910902, 0.0 ], [ 107.06831000010655, -6.446709999866442, 0.0 ], [ 107.068390000198519, -6.446339999890895, 0.0 ], [ 107.068470000290503, -6.446040000445521, 0.0 ], [ 107.068689999643908, -6.44559000037809, 0.0 ], [ 107.068813561996521, -6.445389212342114, 0.0 ], [ 107.068849999827847, -6.445330000079288, 0.0 ], [ 107.06761999976338, -6.445149999872459, 0.0 ], [ 107.06532529862379, -6.445435012115954, 0.0 ], [ 107.064479999752351, -6.445539999870977, 0.0 ], [ 107.062440000106079, -6.445969999915437, 0.0 ], [ 107.062103388360839, -6.445993622407578, 0.0 ], [ 107.061869999900736, -6.44600999996138, 0.0 ], [ 107.061889999923707, -6.446629999774558, 0.0 ], [ 107.061422517035652, -6.446867337157727, 0.0 ], [ 107.06123999962648, -6.446959999704074, 0.0 ], [ 107.061000000250004, -6.447489999863389, 0.0 ], [ 107.06084000006615, -6.447990000438022, 0.0 ], [ 107.060880480350079, -6.448168110269972, 0.0 ], [ 107.06088999967389, -6.448209999791512, 0.0 ], [ 107.060960000204062, -6.448419999583201, 0.0 ], [ 107.061080000341889, -6.448510000136256, 0.0 ], [ 107.061609999601927, -6.448820000042801, 0.0 ], [ 107.061760000223984, -6.448940000180716, 0.0 ], [ 107.061860000338925, -6.449089999903403, 0.0 ], [ 107.061929999969735, -6.449270000110232, 0.0 ], [ 107.062059999669458, -6.449680000131721, 0.0 ], [ 107.060499999675386, -6.450119999738071, 0.0 ], [ 107.059589999978712, -6.450339999990842, 0.0 ], [ 107.059555057719933, -6.450337791255869, 0.0 ], [ 107.059426548196825, -6.450329666780554, 0.0 ], [ 107.057849999777815, -6.450230000314097, 0.0 ], [ 107.05616000008412, -6.450489999713529, 0.0 ], [ 107.055689999993632, -6.450620000312615, 0.0 ], [ 107.055500000224995, -6.450640000335586, 0.0 ], [ 107.055349999602939, -6.450540000220641, 0.0 ], [ 107.05532000001817, -6.450429999644616, 0.0 ], [ 107.055360000064113, -6.450270000360128, 0.0 ], [ 107.055429999694908, -6.450210000291126, 0.0 ], [ 107.055710000016688, -6.449929999969353, 0.0 ], [ 107.055770000085602, -6.449820000292608, 0.0 ], [ 107.055770000085602, -6.449450000317061, 0.0 ], [ 107.055770000085602, -6.449359999764006, 0.0 ], [ 107.055680000431821, -6.449299999695093, 0.0 ], [ 107.055609999901748, -6.449199999580149, 0.0 ], [ 107.055640000385878, -6.448969999765488, 0.0 ], [ 107.055730000039659, -6.44878999955866, 0.0 ], [ 107.055750000062631, -6.448710000366056, 0.0 ], [ 107.055741400745191, -6.448589614418978, 0.0 ], [ 107.055739999601457, -6.448570000205169, 0.0 ], [ 107.055719999578486, -6.448430000044283, 0.0 ], [ 107.055409999671852, -6.447990000438022, 0.0 ], [ 107.055380000087084, -6.447870000300107, 0.0 ], [ 107.055429999694908, -6.447770000185162, 0.0 ], [ 107.055500000224995, -6.447630000024365, 0.0 ], [ 107.055429999694908, -6.44752999990942, 0.0 ], [ 107.055294157999157, -6.447315786793997, 0.0 ], [ 107.055170000295476, -6.447119999887931, 0.0 ], [ 107.05525000038736, -6.447019999773076, 0.0 ], [ 107.055290000433303, -6.446899999635072, 0.0 ], [ 107.055259999949257, -6.446780000396526, 0.0 ], [ 107.055150000272505, -6.446560000143755, 0.0 ], [ 107.055159999834302, -6.446399999959809, 0.0 ], [ 107.055150000272505, -6.44623999977604, 0.0 ], [ 107.055118297371678, -6.446085446785812, 0.0 ], [ 107.055070000180535, -6.445849999777522, 0.0 ], [ 107.055110000226477, -6.445709999616636, 0.0 ], [ 107.055210000341418, -6.445410000171172, 0.0 ], [ 107.055170000295476, -6.445240000425514, 0.0 ], [ 107.055019999673419, -6.445129999849399, 0.0 ], [ 107.054919999558564, -6.444989999688602, 0.0 ], [ 107.054900000434785, -6.444880000011857, 0.0 ], [ 107.054829999904797, -6.444570000105312, 0.0 ], [ 107.054740000251016, -6.444429999944337, 0.0 ], [ 107.054660000159046, -6.444289999783539, 0.0 ], [ 107.054560000044191, -6.444149999622564, 0.0 ], [ 107.05447000039041, -6.444010000361047, 0.0 ], [ 107.054490000413381, -6.443850000177189, 0.0 ], [ 107.054549999583017, -6.443719999578192, 0.0 ], [ 107.054720000228045, -6.443409999671559, 0.0 ], [ 107.054680000182017, -6.443299999994814, 0.0 ], [ 107.054560000044191, -6.443190000318069, 0.0 ], [ 107.05439000029844, -6.44301000011124, 0.0 ], [ 107.054399999860237, -6.442909999996385, 0.0 ], [ 107.05445999992925, -6.442849999927382, 0.0 ], [ 107.054560000044191, -6.442840000365582, 0.0 ], [ 107.054680000182017, -6.44280000031964, 0.0 ], [ 107.054769999835798, -6.442700000204695, 0.0 ], [ 107.054800000319929, -6.442600000089751, 0.0 ], [ 107.054769999835798, -6.442399999859951, 0.0 ], [ 107.05460999965193, -6.442299999745007, 0.0 ], [ 107.054519999998163, -6.442190000068351, 0.0 ], [ 107.054510000436352, -6.442000000299632, 0.0 ], [ 107.054534227272896, -6.441968849582604, 0.0 ], [ 107.054580000067162, -6.441909999746578, 0.0 ], [ 107.054649999697872, -6.441769999585603, 0.0 ], [ 107.054640000136075, -6.441670000370028, 0.0 ], [ 107.054620000113104, -6.441430000094286, 0.0 ], [ 107.054660000159046, -6.441220000302597, 0.0 ], [ 107.054629999674901, -6.441060000118739, 0.0 ], [ 107.054410000321411, -6.440610000051308, 0.0 ], [ 107.054339999791324, -6.440540000420505, 0.0 ], [ 107.054170000045673, -6.440269999660622, 0.0 ], [ 107.054139999561528, -6.440130000399016, 0.0 ], [ 107.054100000414877, -6.440070000330103, 0.0 ], [ 107.053980000276951, -6.439859999639133, 0.0 ], [ 107.054100000414877, -6.439540000170698, 0.0 ], [ 107.054049999907761, -6.439409999571613, 0.0 ], [ 107.05394999979282, -6.439310000356038, 0.0 ], [ 107.053760000024184, -6.439250000287124, 0.0 ], [ 107.05359999984033, -6.439290000333067, 0.0 ], [ 107.053350000002695, -6.43935999996387, 0.0 ], [ 107.05310000016506, -6.43937000042504, 0.0 ], [ 107.05302000007309, -6.439469999640615, 0.0 ], [ 107.05302000007309, -6.439560000193669, 0.0 ], [ 107.053120000188031, -6.439640000285642, 0.0 ], [ 107.053240000325957, -6.439749999962388, 0.0 ], [ 107.053249999887754, -6.439859999639133, 0.0 ], [ 107.053200000279915, -6.439970000215158, 0.0 ], [ 107.053120000188031, -6.44001999982299, 0.0 ], [ 107.052969999565974, -6.44001999982299, 0.0 ], [ 107.052810000281482, -6.439930000169216, 0.0 ], [ 107.052766145741231, -6.439904203116367, 0.0 ], [ 107.052639999636455, -6.439830000054272, 0.0 ], [ 107.052630000074572, -6.439669999870414, 0.0 ], [ 107.052579999567541, -6.439409999571613, 0.0 ], [ 107.052389999798834, -6.438960000403551, 0.0 ], [ 107.052297903825405, -6.438679328288224, 0.0 ], [ 107.052180000007141, -6.438319999668032, 0.0 ], [ 107.052200000030112, -6.438200000429486, 0.0 ], [ 107.052389999798834, -6.438109999876431, 0.0 ], [ 107.052480000351892, -6.438049999807518, 0.0 ], [ 107.052529999959717, -6.438120000337602, 0.0 ], [ 107.052659999659426, -6.438259999599119, 0.0 ], [ 107.052699999705368, -6.438310000106231, 0.0 ], [ 107.052879999912292, -6.43829000008326, 0.0 ], [ 107.053040000096061, -6.438209999991287, 0.0 ], [ 107.053080000142089, -6.437840000015829, 0.0 ], [ 107.053120000188031, -6.437559999694056, 0.0 ], [ 107.053359999564492, -6.437030000434021, 0.0 ], [ 107.053390000048637, -6.436970000365108, 0.0 ], [ 107.053359999564492, -6.436899999834935, 0.0 ], [ 107.053332475813306, -6.436861142827279, 0.0 ], [ 107.053189999818841, -6.436659999559193, 0.0 ], [ 107.053069999680929, -6.436560000343619, 0.0 ], [ 107.053149999772899, -6.436400000159761, 0.0 ], [ 107.053180000256944, -6.436190000368072, 0.0 ], [ 107.05316999979587, -6.436059999768986, 0.0 ], [ 107.053149999772899, -6.435910000046299, 0.0 ], [ 107.053040000096061, -6.43574000030064, 0.0 ], [ 107.052939999981206, -6.435640000185696, 0.0 ], [ 107.052819999843294, -6.435569999655613, 0.0 ], [ 107.052170000445344, -6.435379999886983, 0.0 ], [ 107.051939999731403, -6.43531000025618, 0.0 ], [ 107.051839999616448, -6.435210000141236, 0.0 ], [ 107.051790000008708, -6.435090000003321, 0.0 ], [ 107.051769999985737, -6.434929999819463, 0.0 ], [ 107.051839999616448, -6.434780000096776, 0.0 ], [ 107.051939999731403, -6.434579999866887, 0.0 ], [ 107.052240000076054, -6.434280000421513, 0.0 ], [ 107.052349999752806, -6.434100000214684, 0.0 ], [ 107.052400000260008, -6.433980000076769, 0.0 ], [ 107.052449999867747, -6.433759999823998, 0.0 ], [ 107.052570000005659, -6.433099999964877, 0.0 ], [ 107.052659999659426, -6.432729999989331, 0.0 ], [ 107.052819999843294, -6.43231999996793, 0.0 ], [ 107.052989999588945, -6.431959999554184, 0.0 ], [ 107.053160000233973, -6.431769999785466, 0.0 ], [ 107.053280000371899, -6.431680000131692, 0.0 ], [ 107.053459999679433, -6.431689999693582, 0.0 ], [ 107.053769999585981, -6.431820000292667, 0.0 ], [ 107.054009999861734, -6.431909999946352, 0.0 ], [ 107.054239999676469, -6.431909999946352, 0.0 ], [ 107.054829999904797, -6.431740000200694, 0.0 ], [ 107.055190000318447, -6.431740000200694, 0.0 ], [ 107.055569999855805, -6.431769999785466, 0.0 ], [ 107.056089999554032, -6.43186999990041, 0.0 ], [ 107.05626000019906, -6.431929999969412, 0.0 ], [ 107.056389999898684, -6.431900000384552, 0.0 ], [ 107.056440000405885, -6.431820000292667, 0.0 ], [ 107.056389999898684, -6.431499999924863, 0.0 ], [ 107.056240000176089, -6.43077999999683, 0.0 ], [ 107.056220000153118, -6.430479999652086, 0.0 ], [ 107.056240000176089, -6.430080000091767, 0.0 ], [ 107.056240213315377, -6.430075748996469, 0.0 ], [ 107.056411895692662, -6.430118663745201, 0.0 ], [ 107.056587368712243, -6.430111506940275, 0.0 ], [ 107.056823894007692, -6.430063365331886, 0.0 ], [ 107.056930695695172, -6.429964662938694, 0.0 ], [ 107.057136682711956, -6.429678060693824, 0.0 ], [ 107.057266382937357, -6.429507836117612, 0.0 ], [ 107.057350311268038, -6.42948972557015, 0.0 ], [ 107.057609710819662, -6.429506869346326, 0.0 ], [ 107.057815697836347, -6.429630863373461, 0.0 ], [ 107.057922523805573, -6.429764383019645, 0.0 ], [ 107.057983552698985, -6.430005189088064, 0.0 ], [ 107.058006452136254, -6.430317518238695, 0.0 ], [ 107.058029326392528, -6.43052302231947, 0.0 ], [ 107.058105636565998, -6.430665584648878, 0.0 ], [ 107.058394007777352, -6.431034877757238, 0.0 ], [ 107.058418425270276, -6.431066146285449, 0.0 ], [ 107.058517610599466, -6.431119558820377, 0.0 ], [ 107.05886855484006, -6.431189172642107, 0.0 ], [ 107.05904402696045, -6.431269279753273, 0.0 ], [ 107.059173750568306, -6.431420427910286, 0.0 ], [ 107.059257654617255, -6.431669817108201, 0.0 ], [ 107.059341582947866, -6.432107082775431, 0.0 ], [ 107.059387354842755, -6.432490935907822, 0.0 ], [ 107.059393787693267, -6.432618912132906, 0.0 ], [ 107.059417868839773, -6.433097968396364, 0.0 ], [ 107.059455348985338, -6.433358778984335, 0.0 ], [ 107.059463641633954, -6.433416486681356, 0.0 ], [ 107.059449361299173, -6.4334874953515, 0.0 ], [ 107.059433151019292, -6.433568094391919, 0.0 ], [ 107.059372121226602, -6.43368159423007, 0.0 ], [ 107.059318684409945, -6.433710198067057, 0.0 ], [ 107.059181367826071, -6.433682561001177, 0.0 ], [ 107.058761753152567, -6.43361771088852, 0.0 ], [ 107.058487095703072, -6.433619137213267, 0.0 ], [ 107.058387911273257, -6.433647741949624, 0.0 ], [ 107.058242953149971, -6.433714502222401, 0.0 ], [ 107.05818953971567, -6.433818934196225, 0.0 ], [ 107.058120893564507, -6.434064986909451, 0.0 ], [ 107.058036966133272, -6.434207067202227, 0.0 ], [ 107.05786146973125, -6.434292904793573, 0.0 ], [ 107.057731793787397, -6.434331060329992, 0.0 ], [ 107.057373208906682, -6.434294814953603, 0.0 ], [ 107.057113809354973, -6.434305309142498, 0.0 ], [ 107.056930695695172, -6.434324846014619, 0.0 ], [ 107.056450052128369, -6.434478387267575, 0.0 ], [ 107.056083825708157, -6.434659106032772, 0.0 ], [ 107.055999921659208, -6.434697237287548, 0.0 ], [ 107.05547348191584, -6.434718249047791, 0.0 ], [ 107.055267470617423, -6.434757322792031, 0.0 ], [ 107.055191183826224, -6.434833150929045, 0.0 ], [ 107.055153051672178, -6.434975254604183, 0.0 ], [ 107.055130154033549, -6.435230350899825, 0.0 ], [ 107.055175951109447, -6.435447798876694, 0.0 ], [ 107.055275136438553, -6.435627092216336, 0.0 ], [ 107.05538193722677, -6.435730580801504, 0.0 ], [ 107.055488738914363, -6.435758701702579, 0.0 ], [ 107.055618439139849, -6.435748667966514, 0.0 ], [ 107.055809169158024, -6.435681448140187, 0.0 ], [ 107.056198293216781, -6.435472123739352, 0.0 ], [ 107.05637376533717, -6.435386286148006, 0.0 ], [ 107.056503464663379, -6.435376275794304, 0.0 ], [ 107.056602649992485, -6.43539487017696, 0.0 ], [ 107.056648421887388, -6.435470213579322, 0.0 ], [ 107.056671320425295, -6.435574162617321, 0.0 ], [ 107.056594985070632, -6.435687638173828, 0.0 ], [ 107.056419512950328, -6.435877907739087, 0.0 ], [ 107.056335608901378, -6.436019988031862, 0.0 ], [ 107.056320351902869, -6.436104883133655, 0.0 ], [ 107.056350866799264, -6.436189753953805, 0.0 ], [ 107.05643479512986, -6.436199281371593, 0.0 ], [ 107.056617882709261, -6.436188810564971, 0.0 ], [ 107.056854408904073, -6.436017619217562, 0.0 ], [ 107.057350311268038, -6.435713390260602, 0.0 ], [ 107.057548681026972, -6.435627093115706, 0.0 ], [ 107.057663124253963, -6.435626632662874, 0.0 ], [ 107.057731793787397, -6.435683359199498, 0.0 ], [ 107.057739411045162, -6.435796858138279, 0.0 ], [ 107.057556321667093, -6.435939422266337, 0.0 ], [ 107.057304539373149, -6.43613873541419, 0.0 ], [ 107.057212970402432, -6.436271796406103, 0.0 ], [ 107.057205354044044, -6.436356642944521, 0.0 ], [ 107.057281639935951, -6.436498262784465, 0.0 ], [ 107.057396107444589, -6.436630357005182, 0.0 ], [ 107.057480010594162, -6.436667544871124, 0.0 ], [ 107.057602093561997, -6.43667658935291, 0.0 ], [ 107.057983552698985, -6.436542609253895, 0.0 ], [ 107.05831923994117, -6.436427707372641, 0.0 ], [ 107.058738854614575, -6.436350452910879, 0.0 ], [ 107.059150852929676, -6.436273222730939, 0.0 ], [ 107.059387354842755, -6.436187360857861, 0.0 ], [ 107.05950943781049, -6.436016676728098, 0.0 ], [ 107.059517055068255, -6.435855494835021, 0.0 ], [ 107.059456025275466, -6.435685728913079, 0.0 ], [ 107.059433151019292, -6.435487383435792, 0.0 ], [ 107.059440768276971, -6.435411555298867, 0.0 ], [ 107.059555209705394, -6.435231320368953, 0.0 ], [ 107.060142655859067, -6.43472823691841, 0.0 ], [ 107.060830800900902, -6.434216164744058, 0.0 ], [ 107.061203154402179, -6.433939083621656, 0.0 ], [ 107.061538840745072, -6.433824181740402, 0.0 ], [ 107.062057640747682, -6.433784116043952, 0.0 ], [ 107.062308211654823, -6.433787138665394, 0.0 ], [ 107.062490452072865, -6.433789338407117, 0.0 ], [ 107.062492513318972, -6.43378936268876, 0.0 ], [ 107.062721422256018, -6.433775049079085, 0.0 ], [ 107.062912127992462, -6.433800801165859, 0.0 ], [ 107.063125779930999, -6.433871841312246, 0.0 ], [ 107.063377538842502, -6.433995834440012, 0.0 ], [ 107.064747379887805, -6.434764479596868, 0.0 ], [ 107.06511702732908, -6.434971897434973, 0.0 ], [ 107.065887609625634, -6.4353486171448, 0.0 ], [ 107.066742096870428, -6.435678598188623, 0.0 ], [ 107.067367698560602, -6.436097246090835, 0.0 ], [ 107.067437335764609, -6.436153520268597, 0.0 ], [ 107.067688127904916, -6.43635618608899, 0.0 ], [ 107.067817828130401, -6.43663369708726, 0.0 ], [ 107.067852743409603, -6.437200429156267, 0.0 ], [ 107.067871264947058, -6.43750107161706, 0.0 ], [ 107.068077251963757, -6.437832454703898, 0.0 ], [ 107.068557896429937, -6.438011771425991, 0.0 ], [ 107.06904618063696, -6.438284518715456, 0.0 ], [ 107.069564093008609, -6.438489353700518, 0.0 ], [ 107.069603137075262, -6.438504795959457, 0.0 ], [ 107.070114296437822, -6.438588724290053, 0.0 ], [ 107.070655969797329, -6.438509583949994, 0.0 ], [ 107.071120588344613, -6.43861813841621, 0.0 ], [ 107.071151896443041, -6.438625452602444, 0.0 ], [ 107.072113183576747, -6.438933502778745, 0.0 ], [ 107.072754067446454, -6.439333073362477, 0.0 ], [ 107.073197125646985, -6.439803529409218, 0.0 ], [ 107.073440698029955, -6.440062163637741, 0.0 ], [ 107.074150252332473, -6.44069061887679, 0.0 ], [ 107.075218342052963, -6.441057787786555, 0.0 ], [ 107.075508482230802, -6.441155104324405, 0.0 ], [ 107.076362768027479, -6.441441641818137, 0.0 ], [ 107.077026525254084, -6.441719151917127, 0.0 ], [ 107.077079937789023, -6.441735861320765, 0.0 ], [ 107.077080248954502, -6.441735965642117, 0.0 ] ] ] ] } },
{ "type": "Feature", "properties": { "PROVNO": "32", "KABKOTNO": "01", "KECNO": "170", "DESANO": "014", "PROVINSI": "JAWA BARAT", "KABKOT": "BOGOR", "KECAMATAN": "JONGGOL", "ID2013": "3201170014", "DESA": "SUKAGALIH", "DESA_1": "SUKAGALIH", "ID2012": "3201170014", "IDKAB2": "3201", "IDKEC_2": "3201170", "WILAYAH": "TIMUR" }, "geometry": { "type": "MultiPolygon", "coordinates": [ [ [ [ 107.129680000032096, -6.475400000009781, 0.0 ], [ 107.129450000217531, -6.475469999640584, 0.0 ], [ 107.129359999664388, -6.475569999755528, 0.0 ], [ 107.129350000102576, -6.475680000331554, 0.0 ], [ 107.129419999733386, -6.4757999995701, 0.0 ], [ 107.129559999894269, -6.475910000146214, 0.0 ], [ 107.129780000147036, -6.475999999799988, 0.0 ], [ 107.1300099999617, -6.47603000028413, 0.0 ], [ 107.130620000212986, -6.476070000330072, 0.0 ], [ 107.130529999659927, -6.476150000422045, 0.0 ], [ 107.13027000026041, -6.476489999913362, 0.0 ], [ 107.130199999730422, -6.47667999968208, 0.0 ], [ 107.130210000191497, -6.476810000281166, 0.0 ], [ 107.130310000306451, -6.477060000118708, 0.0 ], [ 107.130529999659927, -6.477419999633085, 0.0 ], [ 107.130760000373868, -6.477639999885945, 0.0 ], [ 107.131220000003196, -6.478069999930405, 0.0 ], [ 107.131199999980225, -6.47817000004526, 0.0 ], [ 107.131110000326458, -6.478270000160204, 0.0 ], [ 107.130999999750344, -6.478299999745065, 0.0 ], [ 107.130809999981707, -6.478259999699034, 0.0 ], [ 107.130480000052188, -6.478129999999318, 0.0 ], [ 107.129760000124065, -6.477849999677545, 0.0 ], [ 107.129539999871298, -6.477860000138715, 0.0 ], [ 107.129419999733386, -6.477889999723576, 0.0 ], [ 107.129379999687359, -6.477949999792489, 0.0 ], [ 107.129359999664388, -6.478060000368515, 0.0 ], [ 107.129379999687359, -6.47817000004526, 0.0 ], [ 107.129410000171589, -6.478270000160204, 0.0 ], [ 107.129519999848327, -6.478399999859921, 0.0 ], [ 107.129630000424356, -6.478529999559637, 0.0 ], [ 107.129749999662891, -6.478640000135751, 0.0 ], [ 107.12975256003277, -6.478657922724764, 0.0 ], [ 107.129780000147036, -6.478849999927352, 0.0 ], [ 107.129780000147036, -6.479079999742012, 0.0 ], [ 107.129740000101094, -6.47923999992587, 0.0 ], [ 107.129660000009125, -6.479369999625675, 0.0 ], [ 107.12957999991724, -6.479449999717559, 0.0 ], [ 107.129470000240502, -6.479489999763501, 0.0 ], [ 107.129319999618446, -6.479500000224672, 0.0 ], [ 107.129220000402867, -6.479500000224672, 0.0 ], [ 107.129109999826838, -6.479409999671617, 0.0 ], [ 107.128909999597042, -6.479210000341098, 0.0 ], [ 107.128690000243466, -6.478950000042296, 0.0 ], [ 107.128469999990685, -6.47880999988141, 0.0 ], [ 107.128360000313947, -6.478860000388522, 0.0 ], [ 107.128349999852773, -6.478950000042296, 0.0 ], [ 107.128400000359889, -6.479130000249125, 0.0 ], [ 107.128429999944743, -6.479320000017843, 0.0 ], [ 107.128400000359889, -6.479429999694588, 0.0 ], [ 107.128329999829802, -6.479480000201701, 0.0 ], [ 107.128189999668919, -6.479500000224672, 0.0 ], [ 107.127790000108604, -6.479560000293674, 0.0 ], [ 107.12756000029394, -6.479629999924388, 0.0 ], [ 107.127059999719393, -6.479839999716077, 0.0 ], [ 107.126620000113036, -6.480019999922906, 0.0 ], [ 107.126339999791355, -6.480209999691535, 0.0 ], [ 107.126259999699386, -6.480300000244679, 0.0 ], [ 107.126250000137588, -6.480389999898453, 0.0 ], [ 107.126299999745328, -6.480469999990337, 0.0 ], [ 107.126390000298471, -6.48055000008231, 0.0 ], [ 107.126479999952238, -6.480570000105281, 0.0 ], [ 107.126569999606019, -6.480570000105281, 0.0 ], [ 107.126640000136106, -6.480499999575198, 0.0 ], [ 107.126840000365902, -6.480369999875482, 0.0 ], [ 107.126959999604452, -6.480300000244679, 0.0 ], [ 107.127030000134624, -6.480289999783508, 0.0 ], [ 107.127119999788306, -6.480309999806479, 0.0 ], [ 107.127150000272451, -6.480389999898453, 0.0 ], [ 107.127179999857304, -6.480499999575198, 0.0 ], [ 107.127179999857304, -6.480679999782026, 0.0 ], [ 107.127139999811362, -6.480880000011826, 0.0 ], [ 107.127090000203538, -6.481209999941342, 0.0 ], [ 107.127030000134624, -6.481459999779062, 0.0 ], [ 107.126959999604452, -6.481680000031833, 0.0 ], [ 107.126840000365902, -6.481880000261633, 0.0 ], [ 107.126740000251047, -6.482029999984409, 0.0 ], [ 107.126459999929267, -6.482210000191149, 0.0 ], [ 107.126259999699386, -6.482279999821952, 0.0 ], [ 107.126154193561405, -6.482328833908415, 0.0 ], [ 107.125825487756245, -6.482346932764607, 0.0 ], [ 107.125668762903246, -6.48243219119248, 0.0 ], [ 107.12557999981729, -6.482410000421037, 0.0 ], [ 107.125470000140552, -6.482399999959867, 0.0 ], [ 107.125249999887785, -6.482399999959867, 0.0 ], [ 107.125089999703917, -6.482399999959867, 0.0 ], [ 107.124980000027179, -6.482370000375095, 0.0 ], [ 107.124730000189544, -6.482239999776009, 0.0 ], [ 107.124670000120631, -6.482110000076293, 0.0 ], [ 107.124619999613429, -6.481869999800463, 0.0 ], [ 107.124619999613429, -6.481700000054804, 0.0 ], [ 107.124659999659457, -6.481499999825004, 0.0 ], [ 107.124699999705399, -6.481160000333599, 0.0 ], [ 107.124619999613429, -6.48098000012677, 0.0 ], [ 107.124520000397851, -6.480850000427054, 0.0 ], [ 107.124429999844807, -6.480790000358052, 0.0 ], [ 107.124260000099142, -6.480810000381023, 0.0 ], [ 107.12413999996123, -6.480880000011826, 0.0 ], [ 107.123970000215564, -6.481049999757573, 0.0 ], [ 107.123830000054596, -6.481260000448543, 0.0 ], [ 107.12370999991677, -6.481450000217173, 0.0 ], [ 107.123669999870827, -6.481559999893918, 0.0 ], [ 107.123769999985683, -6.481849999777491, 0.0 ], [ 107.123850000077567, -6.482139999661154, 0.0 ], [ 107.12385999963945, -6.482319999867894, 0.0 ], [ 107.123830000054596, -6.482489999613641, 0.0 ], [ 107.123769999985683, -6.482569999705525, 0.0 ], [ 107.123600000240017, -6.482580000166696, 0.0 ], [ 107.123299999895281, -6.482540000120753, 0.0 ], [ 107.123292585884272, -6.482535983748541, 0.0 ], [ 107.123059999619443, -6.482410000421037, 0.0 ], [ 107.122780000197039, -6.482170000145207, 0.0 ], [ 107.122570000405346, -6.481929999869465, 0.0 ], [ 107.122299999645463, -6.481459999779062, 0.0 ], [ 107.122140000360901, -6.481220000402512, 0.0 ], [ 107.122040000245946, -6.4811699998954, 0.0 ], [ 107.121909999646959, -6.481160000333599, 0.0 ], [ 107.121819999993178, -6.481200000379541, 0.0 ], [ 107.121770000385339, -6.481350000102317, 0.0 ], [ 107.121719999878323, -6.48163000042409, 0.0 ], [ 107.121639999786353, -6.481700000054804, 0.0 ], [ 107.121530000109601, -6.481720000077775, 0.0 ], [ 107.121389999948718, -6.48161000040103, 0.0 ], [ 107.121260000249009, -6.481359999664118, 0.0 ], [ 107.121169999695866, -6.481260000448543, 0.0 ], [ 107.121080000042085, -6.481229999964313, 0.0 ], [ 107.12089999983526, -6.481260000448543, 0.0 ], [ 107.12071999962852, -6.481299999595116, 0.0 ], [ 107.120250000437395, -6.481510000286086, 0.0 ], [ 107.119950000092643, -6.481619999962831, 0.0 ], [ 107.119760000323936, -6.481709999616605, 0.0 ], [ 107.119660000208995, -6.481709999616605, 0.0 ], [ 107.119439999956214, -6.481660000008862, 0.0 ], [ 107.119259999749389, -6.481650000447061, 0.0 ], [ 107.119049999957696, -6.481639999985891, 0.0 ], [ 107.118690000443323, -6.481639999985891, 0.0 ], [ 107.11835978737443, -6.481681277069153, 0.0 ], [ 107.118209999891747, -6.481700000054804, 0.0 ], [ 107.117949999593037, -6.481769999685607, 0.0 ], [ 107.117770000285489, -6.481849999777491, 0.0 ], [ 107.117690000193519, -6.481940000330635, 0.0 ], [ 107.117619999663432, -6.482119999638094, 0.0 ], [ 107.117539999571463, -6.482500000074722, 0.0 ], [ 107.117480000401912, -6.48268000028164, 0.0 ], [ 107.117289999733913, -6.482850000027298, 0.0 ], [ 107.116979999827279, -6.483079999841959, 0.0 ], [ 107.116779999597483, -6.483229999564646, 0.0 ], [ 107.116609999851818, -6.483220000002845, 0.0 ], [ 107.116449999667879, -6.483139999910961, 0.0 ], [ 107.116389999598965, -6.483079999841959, 0.0 ], [ 107.116389999598965, -6.482950000142242, 0.0 ], [ 107.116429999644907, -6.482769999935414, 0.0 ], [ 107.116589999828847, -6.48246000002878, 0.0 ], [ 107.116689999943702, -6.482159999684125, 0.0 ], [ 107.116700000404876, -6.482009999961349, 0.0 ], [ 107.116600000289935, -6.481849999777491, 0.0 ], [ 107.116380000037168, -6.481729999639576, 0.0 ], [ 107.116130000199533, -6.481700000054804, 0.0 ], [ 107.115889999923795, -6.48180000016966, 0.0 ], [ 107.115809999831811, -6.481909999846405, 0.0 ], [ 107.11578999980884, -6.482110000076293, 0.0 ], [ 107.115909999946766, -6.482379999936896, 0.0 ], [ 107.115909999946766, -6.482649999797498, 0.0 ], [ 107.115909999946766, -6.483079999841959, 0.0 ], [ 107.115909999946766, -6.483409999771563, 0.0 ], [ 107.11592000040784, -6.483589999978303, 0.0 ], [ 107.115909999946766, -6.483750000162249, 0.0 ], [ 107.115780000247042, -6.483850000277105, 0.0 ], [ 107.115569999555987, -6.483890000323047, 0.0 ], [ 107.115219999603497, -6.48395999995385, 0.0 ], [ 107.115047478158814, -6.483952710049348, 0.0 ], [ 107.114510000136548, -6.483930000369078, 0.0 ], [ 107.113930000369407, -6.483899999884937, 0.0 ], [ 107.113460000278991, -6.483859999838995, 0.0 ], [ 107.113369999725847, -6.483779999747021, 0.0 ], [ 107.113329999679905, -6.483659999609106, 0.0 ], [ 107.113380000187021, -6.483489999863448, 0.0 ], [ 107.113489999863774, -6.483139999910961, 0.0 ], [ 107.113540000370875, -6.482950000142242, 0.0 ], [ 107.113540000370875, -6.482850000027298, 0.0 ], [ 107.113449999817831, -6.482749999912443, 0.0 ], [ 107.113269999610992, -6.48268000028164, 0.0 ], [ 107.11291999965843, -6.482629999774527, 0.0 ], [ 107.112640000236013, -6.482620000212727, 0.0 ], [ 107.11250000007513, -6.482640000235698, 0.0 ], [ 107.112430000444334, -6.482689999843441, 0.0 ], [ 107.112379999937218, -6.482780000396495, 0.0 ], [ 107.112330000329479, -6.482970000165214, 0.0 ], [ 107.112239999776335, -6.483240000025816, 0.0 ], [ 107.11213999966148, -6.483420000232645, 0.0 ], [ 107.112009999961671, -6.483589999978303, 0.0 ], [ 107.111860000238977, -6.483690000093247, 0.0 ], [ 107.111650000447383, -6.483719999678108, 0.0 ], [ 107.111550000332443, -6.483719999678108, 0.0 ], [ 107.111499999825327, -6.483650000047305, 0.0 ], [ 107.111490000263444, -6.483509999886419, 0.0 ], [ 107.111579999917211, -6.483179999956903, 0.0 ], [ 107.111570000355414, -6.483019999773045, 0.0 ], [ 107.11155999989424, -6.482939999681072, 0.0 ], [ 107.111470000240473, -6.482919999658101, 0.0 ], [ 107.111299999595445, -6.482910000096211, 0.0 ], [ 107.111089999803838, -6.482939999681072, 0.0 ], [ 107.110909999597013, -6.483030000234216, 0.0 ], [ 107.11065000019758, -6.4831100003261, 0.0 ], [ 107.110389999898771, -6.483139999910961, 0.0 ], [ 107.110229999714917, -6.4831100003261, 0.0 ], [ 107.110140000061136, -6.483030000234216, 0.0 ], [ 107.110120000038165, -6.482910000096211, 0.0 ], [ 107.110160000084107, -6.482769999935414, 0.0 ], [ 107.110280000222033, -6.482569999705525, 0.0 ], [ 107.110440000405887, -6.482319999867894, 0.0 ], [ 107.110499999575524, -6.482159999684125, 0.0 ], [ 107.110519999598495, -6.482020000422519, 0.0 ], [ 107.110499999575524, -6.481929999869465, 0.0 ], [ 107.110440000405887, -6.481869999800463, 0.0 ], [ 107.110289999783831, -6.48180000016966, 0.0 ], [ 107.110120000038165, -6.481820000192631, 0.0 ], [ 107.109899999785313, -6.481929999869465, 0.0 ], [ 107.109660000408851, -6.482059999569181, 0.0 ], [ 107.109460000179055, -6.482219999753038, 0.0 ], [ 107.109190000318449, -6.48246999959067, 0.0 ], [ 107.109050000157566, -6.482600000189667, 0.0 ], [ 107.108869999950642, -6.482609999751467, 0.0 ], [ 107.108729999789844, -6.482569999705525, 0.0 ], [ 107.108609999651932, -6.482480000051751, 0.0 ], [ 107.108540000021122, -6.482330000329153, 0.0 ], [ 107.108399999860325, -6.481909999846405, 0.0 ], [ 107.108250000137559, -6.481499999825004, 0.0 ], [ 107.108129999999647, -6.481350000102317, 0.0 ], [ 107.10798999983885, -6.481260000448543, 0.0 ], [ 107.107740000001215, -6.481240000425572, 0.0 ], [ 107.107693223563643, -6.481255089250784, 0.0 ], [ 107.10754930955315, -6.481159986843767, 0.0 ], [ 107.107176300446085, -6.481078701620593, 0.0 ], [ 107.106804536000723, -6.481297687438161, 0.0 ], [ 107.10680477881769, -6.481300897118594, 0.0 ], [ 107.10681552481681, -6.4814430646455, 0.0 ], [ 107.106808739431926, -6.481441468348894, 0.0 ], [ 107.106878632942738, -6.481690842258416, 0.0 ], [ 107.107035329017336, -6.482031883164687, 0.0 ], [ 107.107161186439782, -6.482424823946289, 0.0 ], [ 107.107048992417262, -6.482829107876888, 0.0 ], [ 107.10682219688708, -6.483057845043341, 0.0 ], [ 107.106470877629036, -6.483214619359003, 0.0 ], [ 107.10622138500905, -6.483138308286165, 0.0 ], [ 107.106130000399389, -6.483130000349071, 0.0 ], [ 107.106019999823374, -6.483010000211156, 0.0 ], [ 107.105930000169593, -6.482720000327582, 0.0 ], [ 107.10583999961645, -6.482219999753038, 0.0 ], [ 107.105740000400885, -6.482059999569181, 0.0 ], [ 107.105600000239988, -6.482029999984409, 0.0 ], [ 107.105480000102077, -6.48204000044549, 0.0 ], [ 107.105330000379382, -6.482110000076293, 0.0 ], [ 107.10527999987228, -6.482210000191149, 0.0 ], [ 107.105230000264527, -6.482589999728496, 0.0 ], [ 107.105170000195528, -6.483199999979874, 0.0 ], [ 107.105119999688412, -6.483589999978303, 0.0 ], [ 107.105119999688412, -6.483685427940014, 0.0 ], [ 107.105119999688412, -6.48375999972405, 0.0 ], [ 107.105219999803268, -6.483999999999881, 0.0 ], [ 107.105230000264527, -6.484149999722568, 0.0 ], [ 107.105139999711383, -6.484249999837424, 0.0 ], [ 107.104949999942761, -6.484329999929397, 0.0 ], [ 107.104740000151068, -6.484340000390567, 0.0 ], [ 107.104499999875244, -6.484229999814453, 0.0 ], [ 107.104270000060666, -6.484060000068794, 0.0 ], [ 107.104069999830784, -6.483999999999881, 0.0 ], [ 107.104025699226796, -6.483999999999881, 0.0 ], [ 107.103810000431352, -6.483999999999881, 0.0 ], [ 107.103650000247484, -6.484089999653566, 0.0 ], [ 107.103340000340864, -6.484320000367596, 0.0 ], [ 107.103149999672866, -6.48461000025117, 0.0 ], [ 107.103039999996113, -6.484809999581689, 0.0 ], [ 107.103030000434316, -6.485000000249688, 0.0 ], [ 107.10304999955801, -6.485129999949404, 0.0 ], [ 107.103140000111054, -6.48525999964912, 0.0 ], [ 107.103220000203038, -6.485339999741004, 0.0 ], [ 107.103349999902747, -6.485379999787035, 0.0 ], [ 107.103422398025444, -6.485379999787035, 0.0 ], [ 107.103510000086601, -6.485379999787035, 0.0 ], [ 107.104100000314929, -6.485069999880402, 0.0 ], [ 107.104410000221463, -6.484929999719515, 0.0 ], [ 107.105039999596528, -6.484679999881884, 0.0 ], [ 107.10529000033344, -6.484659999858913, 0.0 ], [ 107.105440000056134, -6.484670000320083, 0.0 ], [ 107.105580000217017, -6.484849999627631, 0.0 ], [ 107.105589999778829, -6.48502999983446, 0.0 ], [ 107.105600000239988, -6.485319999718033, 0.0 ], [ 107.105520000148104, -6.485580000016835, 0.0 ], [ 107.105370000425324, -6.485740000200693, 0.0 ], [ 107.105199999780297, -6.485880000361579, 0.0 ], [ 107.104920000357907, -6.485940000430492, 0.0 ], [ 107.10474999971288, -6.486030000084266, 0.0 ], [ 107.104599999990185, -6.486130000199211, 0.0 ], [ 107.104530000359375, -6.486310000406039, 0.0 ], [ 107.104490000313433, -6.4865499997825, 0.0 ], [ 107.104510000336404, -6.4867500000123, 0.0 ], [ 107.104539091605986, -6.486788788671518, 0.0 ], [ 107.10471569957005, -6.486835562411066, 0.0 ], [ 107.104922996898964, -6.486896826926838, 0.0 ], [ 107.105140560888358, -6.486937341385026, 0.0 ], [ 107.105275136338705, -6.486936782006794, 0.0 ], [ 107.105348288093225, -6.487102146646553, 0.0 ], [ 107.105212475175776, -6.487173300107543, 0.0 ], [ 107.105312421331305, -6.487306560748998, 0.0 ], [ 107.105442187207387, -6.487277779745551, 0.0 ], [ 107.105721045390069, -6.487121306702761, 0.0 ], [ 107.105917216306651, -6.486996239784517, 0.0 ], [ 107.106186109101799, -6.486932996760189, 0.0 ], [ 107.106372401865059, -6.486921867649933, 0.0 ], [ 107.106497314099926, -6.487087018251128, 0.0 ], [ 107.106457496616386, -6.487470292220046, 0.0 ], [ 107.106414668202504, -6.487670098196343, 0.0 ], [ 107.106420000282966, -6.487679999732023, 0.0 ], [ 107.106420000282966, -6.487890000422993, 0.0 ], [ 107.106389999798836, -6.488160000283685, 0.0 ], [ 107.106389999798836, -6.488330000029254, 0.0 ], [ 107.106420000282966, -6.48847000019023, 0.0 ], [ 107.106590000028632, -6.488590000328056, 0.0 ], [ 107.107450000117552, -6.488869999750548, 0.0 ], [ 107.108470000390327, -6.489270000210148, 0.0 ], [ 107.108660000159048, -6.489459999978866, 0.0 ], [ 107.108740000251018, -6.489660000208666, 0.0 ], [ 107.108660000159048, -6.489950000092239, 0.0 ], [ 107.108535001589246, -6.49016428335484, 0.0 ], [ 107.108450000367355, -6.490309999606616, 0.0 ], [ 107.108250000137559, -6.490480000251644, 0.0 ], [ 107.107650000347434, -6.490679999582163, 0.0 ], [ 107.107089999703888, -6.490979999926907, 0.0 ], [ 107.106679999682399, -6.491200000179767, 0.0 ], [ 107.106360000213968, -6.491280000271651, 0.0 ], [ 107.105899999685363, -6.491269999810481, 0.0 ], [ 107.105629999824856, -6.491340000340564, 0.0 ], [ 107.105480000102077, -6.491409999971367, 0.0 ], [ 107.105409999571989, -6.491599999740085, 0.0 ], [ 107.105390000448295, -6.491900000084829, 0.0 ], [ 107.105400000010192, -6.492140000360571, 0.0 ], [ 107.105589999778829, -6.492450000267116, 0.0 ], [ 107.10559341090736, -6.492455247811293, 0.0 ], [ 107.105720000377914, -6.492649999597635, 0.0 ], [ 107.105979999777333, -6.493039999596153, 0.0 ], [ 107.106159999984172, -6.493359999963868, 0.0 ], [ 107.106159999984172, -6.493520000147726, 0.0 ], [ 107.106130000399389, -6.493649999847442, 0.0 ], [ 107.105959999754361, -6.493740000400496, 0.0 ], [ 107.105370000425324, -6.493760000423467, 0.0 ], [ 107.104754347935014, -6.49364853844915, 0.0 ], [ 107.104693354115142, -6.493918004112444, 0.0 ], [ 107.105037083095098, -6.494423935715901, 0.0 ], [ 107.105432400784792, -6.494888235903176, 0.0 ], [ 107.105640000285931, -6.495160000233682, 0.0 ], [ 107.105749999962683, -6.49534000044051, 0.0 ], [ 107.105819999593479, -6.496100000414486, 0.0 ], [ 107.105810000031596, -6.496680000181723, 0.0 ], [ 107.105749999962683, -6.497030000134298, 0.0 ], [ 107.105569999755858, -6.497279999971841, 0.0 ], [ 107.105330000379382, -6.497569999855415, 0.0 ], [ 107.105259999849309, -6.497919999807991, 0.0 ], [ 107.105390000448295, -6.498320000267679, 0.0 ], [ 107.105740000400885, -6.498889999573656, 0.0 ], [ 107.105857319659805, -6.499048541057153, 0.0 ], [ 107.106110000376418, -6.499390000148288, 0.0 ], [ 107.106449999867749, -6.499610000401059, 0.0 ], [ 107.106910000396425, -6.499740000100775, 0.0 ], [ 107.107479999702406, -6.499860000238602, 0.0 ], [ 107.107809999631925, -6.500000000399577, 0.0 ], [ 107.108470000390327, -6.500210000191178, 0.0 ], [ 107.108970000065597, -6.50048000005178, 0.0 ], [ 107.109096948365647, -6.500838442839765, 0.0 ], [ 107.109139999811333, -6.500959999704072, 0.0 ], [ 107.109119999788362, -6.501309999656559, 0.0 ], [ 107.108764408750602, -6.501998112322873, 0.0 ], [ 107.108513721830931, -6.502298815937415, 0.0 ], [ 107.108383274268846, -6.502455289879574, 0.0 ], [ 107.108042081377121, -6.502560256050796, 0.0 ], [ 107.107473093808423, -6.502655816212801, 0.0 ], [ 107.106912497813724, -6.502819905613979, 0.0 ], [ 107.10647358728643, -6.50282173483502, 0.0 ], [ 107.105633116875026, -6.502905327718569, 0.0 ], [ 107.104311351787601, -6.502790692935925, 0.0 ], [ 107.103229983577066, -6.502715100421366, 0.0 ], [ 107.102429382809959, -6.502758475623018, 0.0 ], [ 107.101588576951428, -6.502761971287754, 0.0 ], [ 107.101108781445348, -6.502924149629621, 0.0 ], [ 107.100187565403942, -6.502847885321508, 0.0 ], [ 107.099547115906859, -6.502890592326818, 0.0 ], [ 107.098825426152686, -6.502653310701625, 0.0 ], [ 107.098715633319983, -6.50267024943231, 0.0 ], [ 107.098025155436773, -6.502776771430732, 0.0 ], [ 107.097466450716325, -6.502779088983637, 0.0 ], [ 107.097460624908038, -6.50277911326528, 0.0 ], [ 107.097399999810307, -6.502739999950915, 0.0 ], [ 107.09714000041086, -6.502679999881913, 0.0 ], [ 107.096789999559007, -6.502650000297141, 0.0 ], [ 107.096260000298969, -6.502719999927855, 0.0 ], [ 107.096057347968411, -6.502475237741869, 0.0 ], [ 107.094720000327968, -6.500859999589128, 0.0 ], [ 107.094259999799277, -6.500449999567639, 0.0 ], [ 107.093900000284989, -6.500000000399577, 0.0 ], [ 107.093700000055179, -6.499700000054833, 0.0 ], [ 107.093590000378441, -6.499499999825034, 0.0 ], [ 107.093550000332414, -6.49941999973306, 0.0 ], [ 107.093310000056675, -6.499089999803456, 0.0 ], [ 107.093089999803809, -6.498859999988795, 0.0 ], [ 107.092810000381405, -6.498610000151253, 0.0 ], [ 107.092739999851318, -6.498469999990366, 0.0 ], [ 107.092719999828347, -6.49832999982948, 0.0 ], [ 107.092685277004094, -6.4981023733257, 0.0 ], [ 107.09263000017458, -6.497739999601162, 0.0 ], [ 107.09255000008261, -6.497500000224612, 0.0 ], [ 107.092559999644408, -6.497230000364098, 0.0 ], [ 107.092639999736377, -6.496950000042325, 0.0 ], [ 107.09255000008261, -6.496769999835497, 0.0 ], [ 107.092510000036668, -6.496499999974805, 0.0 ], [ 107.092570000105582, -6.496390000298149, 0.0 ], [ 107.092719999828347, -6.496100000414486, 0.0 ], [ 107.092721954954456, -6.496092179910065, 0.0 ], [ 107.092790000358349, -6.495820000092714, 0.0 ], [ 107.092799999920231, -6.495590000278142, 0.0 ], [ 107.092859999989145, -6.49553000020914, 0.0 ], [ 107.093069999780838, -6.495390000048342, 0.0 ], [ 107.0934900002635, -6.49512999974954, 0.0 ], [ 107.093669999570949, -6.494930000419021, 0.0 ], [ 107.093840000215977, -6.494610000051306, 0.0 ], [ 107.093869999800845, -6.494389999798535, 0.0 ], [ 107.093929999869758, -6.494130000399014, 0.0 ], [ 107.094020000422901, -6.493910000146244, 0.0 ], [ 107.094190000168567, -6.493500000124754, 0.0 ], [ 107.094159999684422, -6.493299999894955, 0.0 ], [ 107.094150000122525, -6.493199999780011, 0.0 ], [ 107.094150000122525, -6.493010000011381, 0.0 ], [ 107.094170000145496, -6.492689999643666, 0.0 ], [ 107.094259999799277, -6.492479999851888, 0.0 ], [ 107.094419999983216, -6.492279999622088, 0.0 ], [ 107.094569999705911, -6.492180000406513, 0.0 ], [ 107.094999999750371, -6.491960000153743, 0.0 ], [ 107.095240000026109, -6.491799999969885, 0.0 ], [ 107.095619999563453, -6.491610000201167, 0.0 ], [ 107.095699999655437, -6.491320000317593, 0.0 ], [ 107.095726616890062, -6.491156972116432, 0.0 ], [ 107.095779999747407, -6.49083000020422, 0.0 ], [ 107.095899999885233, -6.490640000435501, 0.0 ], [ 107.096029999584943, -6.490540000320646, 0.0 ], [ 107.096610000251459, -6.490239999975902, 0.0 ], [ 107.096880000112066, -6.490099999814927, 0.0 ], [ 107.096989999788804, -6.489959999654129, 0.0 ], [ 107.096920000158008, -6.488780000096774, 0.0 ], [ 107.097000000249977, -6.488140000260714, 0.0 ], [ 107.097399999810307, -6.487480000401504, 0.0 ], [ 107.097629999624957, -6.486919999758047, 0.0 ], [ 107.097669999670899, -6.486400000059813, 0.0 ], [ 107.097330000179497, -6.485149999972375, 0.0 ], [ 107.097020000272948, -6.484530000159197, 0.0 ], [ 107.096770000435328, -6.484289999883366, 0.0 ], [ 107.09577000018551, -6.48352999990939, 0.0 ], [ 107.095300000095108, -6.483030000234216, 0.0 ], [ 107.094950000142532, -6.48246000002878, 0.0 ], [ 107.09448000005213, -6.482119999638094, 0.0 ], [ 107.0939699999157, -6.481989999938378, 0.0 ], [ 107.093630000424383, -6.481780000146689, 0.0 ], [ 107.093120000287954, -6.481339999641147, 0.0 ], [ 107.092510000036668, -6.480639999735995, 0.0 ], [ 107.091872628019544, -6.479985165582782, 0.0 ], [ 107.091779999647457, -6.47989000022319, 0.0 ], [ 107.09143314192616, -6.479756211679657, 0.0 ], [ 107.091754256553841, -6.479432366710149, 0.0 ], [ 107.09230565428274, -6.47893186881058, 0.0 ], [ 107.092470090822147, -6.478543681845252, 0.0 ], [ 107.093409356256998, -6.478152301387432, 0.0 ], [ 107.093850745315819, -6.47781833005169, 0.0 ], [ 107.093915509992911, -6.477728480584712, 0.0 ], [ 107.094290991336351, -6.477207572571277, 0.0 ], [ 107.094404989398896, -6.476977152773191, 0.0 ], [ 107.094787266019736, -6.476762659968607, 0.0 ], [ 107.095172851246247, -6.476318203322275, 0.0 ], [ 107.095485175900293, -6.476003216674933, 0.0 ], [ 107.095614236707846, -6.475984231087253, 0.0 ], [ 107.096001190702552, -6.475871918354184, 0.0 ], [ 107.096111194875874, -6.475705389092337, 0.0 ], [ 107.096436073166458, -6.475268370738565, 0.0 ], [ 107.096441434025152, -6.475261159974401, 0.0 ], [ 107.096828616447723, -6.475204203211273, 0.0 ], [ 107.09765786691716, -6.474979344820699, 0.0 ], [ 107.097822528287224, -6.474646515624052, 0.0 ], [ 107.098041389998372, -6.474036672754071, 0.0 ], [ 107.098648117616733, -6.473535942829347, 0.0 ], [ 107.099144156677681, -6.473035669760154, 0.0 ], [ 107.099974317261157, -6.473032237947276, 0.0 ], [ 107.100714253360209, -6.473053845058754, 0.0 ], [ 107.101634865057221, -6.473080726694072, 0.0 ], [ 107.102202239242104, -6.472964780699932, 0.0 ], [ 107.103017318194873, -6.472798214565803, 0.0 ], [ 107.10390075731425, -6.472296335307473, 0.0 ], [ 107.104283121169232, -6.471076877095996, 0.0 ], [ 107.104276558816338, -6.469491562985077, 0.0 ], [ 107.104599999990185, -6.469440000355533, 0.0 ], [ 107.105070000080588, -6.469369999825449, 0.0 ], [ 107.105760000423857, -6.469269999710505, 0.0 ], [ 107.106360000213968, -6.469160000033849, 0.0 ], [ 107.106639999636457, -6.469130000448988, 0.0 ], [ 107.106919999958237, -6.469090000403046, 0.0 ], [ 107.107140000211004, -6.469050000357104, 0.0 ], [ 107.107594838631087, -6.468837096654525, 0.0 ], [ 107.107610000301491, -6.468830000104244, 0.0 ], [ 107.107860000139041, -6.468709999966418, 0.0 ], [ 107.108120000437836, -6.468660000358586, 0.0 ], [ 107.108549999583019, -6.468870000150186, 0.0 ], [ 107.108869999950642, -6.469090000403046, 0.0 ], [ 107.109099999765391, -6.469269999710505, 0.0 ], [ 107.109340000041129, -6.469400000309591, 0.0 ], [ 107.109445060641264, -6.469419546174962, 0.0 ], [ 107.109770000085604, -6.469480000401475, 0.0 ], [ 107.110329999829773, -6.469550000032278, 0.0 ], [ 107.110710000266494, -6.469570000055249, 0.0 ], [ 107.111000000150057, -6.469539999571197, 0.0 ], [ 107.111800000170064, -6.469260000148704, 0.0 ], [ 107.112210000191467, -6.469079999941876, 0.0 ], [ 107.11278000039691, -6.468770000035331, 0.0 ], [ 107.113079999842284, -6.468640000335615, 0.0 ], [ 107.113139999911283, -6.468680000381557, 0.0 ], [ 107.113170000395343, -6.46873999955119, 0.0 ], [ 107.113199999980196, -6.468790000058302, 0.0 ], [ 107.113289999633963, -6.468839999666134, 0.0 ], [ 107.113315574554292, -6.468838032848758, 0.0 ], [ 107.113420000233049, -6.468830000104244, 0.0 ], [ 107.113739999701409, -6.468819999643163, 0.0 ], [ 107.113770000185539, -6.468970000265131, 0.0 ], [ 107.113770000185539, -6.469489999963365, 0.0 ], [ 107.11379000020851, -6.469739999800996, 0.0 ], [ 107.114049999607943, -6.46981000033108, 0.0 ], [ 107.114200000229999, -6.469870000399993, 0.0 ], [ 107.114229999814867, -6.470129999799514, 0.0 ], [ 107.114240000275942, -6.470220000352569, 0.0 ], [ 107.114249999837838, -6.470709999566662, 0.0 ], [ 107.114479999652403, -6.470820000142776, 0.0 ], [ 107.114579999767358, -6.470809999681606, 0.0 ], [ 107.114779999997154, -6.470780000096745, 0.0 ], [ 107.115330000179526, -6.470630000374058, 0.0 ], [ 107.115411506635866, -6.470625060398074, 0.0 ], [ 107.115660000109045, -6.470610000351087, 0.0 ], [ 107.116079999692417, -6.470700000004861, 0.0 ], [ 107.116489999713906, -6.470829999704577, 0.0 ], [ 107.116910000196569, -6.471090000003379, 0.0 ], [ 107.117059999919263, -6.471259999749037, 0.0 ], [ 107.117200000080146, -6.471270000210119, 0.0 ], [ 107.117400000309942, -6.471290000233179, 0.0 ], [ 107.117469999940738, -6.471390000348123, 0.0 ], [ 107.117550000032622, -6.471450000417036, 0.0 ], [ 107.117670000170548, -6.471439999955866, 0.0 ], [ 107.11812000023798, -6.471390000348123, 0.0 ], [ 107.118330000029658, -6.471370000325063, 0.0 ], [ 107.118559999844322, -6.471259999749037, 0.0 ], [ 107.118920000257987, -6.471489999563698, 0.0 ], [ 107.119319999818302, -6.47174000030061, 0.0 ], [ 107.119840000415905, -6.472050000207155, 0.0 ], [ 107.120159999884251, -6.472119999837957, 0.0 ], [ 107.120400000159989, -6.472239999975873, 0.0 ], [ 107.120520000298001, -6.47238999969856, 0.0 ], [ 107.120615385991471, -6.472517180922956, 0.0 ], [ 107.120699999605449, -6.472629999974302, 0.0 ], [ 107.120770000135536, -6.472710000066275, 0.0 ], [ 107.120979999927229, -6.472750000112217, 0.0 ], [ 107.121349999902776, -6.472779999697078, 0.0 ], [ 107.121570000155543, -6.472790000158248, 0.0 ], [ 107.121777880245133, -6.472879092396013, 0.0 ], [ 107.121920000108119, -6.472939999880936, 0.0 ], [ 107.122230000014667, -6.473140000110735, 0.0 ], [ 107.122290000083666, -6.473180000156766, 0.0 ], [ 107.122410000221493, -6.47326999981054, 0.0 ], [ 107.122570000405346, -6.473360000363595, 0.0 ], [ 107.12270000010507, -6.47347000004034, 0.0 ], [ 107.122940000380908, -6.47367000027014, 0.0 ], [ 107.123119999688441, -6.473810000431026, 0.0 ], [ 107.123319999918252, -6.474049999807487, 0.0 ], [ 107.12385999963945, -6.474570000405002, 0.0 ], [ 107.124010000261507, -6.474550000382031, 0.0 ], [ 107.12428999968391, -6.474510000336089, 0.0 ], [ 107.124529999959663, -6.474290000083229, 0.0 ], [ 107.124839999866282, -6.474129999899372, 0.0 ], [ 107.12500000005015, -6.474029999784516, 0.0 ], [ 107.125570000255493, -6.473690000293111, 0.0 ], [ 107.125719999978173, -6.473590000178167, 0.0 ], [ 107.125769999586012, -6.473519999648083, 0.0 ], [ 107.125880000162041, -6.473369999925396, 0.0 ], [ 107.125960000254011, -6.473200000179737, 0.0 ], [ 107.125969999815808, -6.473010000411019, 0.0 ], [ 107.125969999815808, -6.472750000112217, 0.0 ], [ 107.126100000414809, -6.472360000113788, 0.0 ], [ 107.126979999627423, -6.472759999674107, 0.0 ], [ 107.127600000339882, -6.473320000317564, 0.0 ], [ 107.128320000268005, -6.474029999784516, 0.0 ], [ 107.128920000058116, -6.474680000081747, 0.0 ], [ 107.129680000032096, -6.475400000009781, 0.0 ] ] ] ] } },
{ "type": "Feature", "properties": { "PROVNO": "32", "KABKOTNO": "01", "KECNO": "170", "DESANO": "013", "PROVINSI": "JAWA BARAT", "KABKOT": "BOGOR", "KECAMATAN": "JONGGOL", "ID2013": "3201170013", "DESA": "WENINGGALIH", "DESA_1": "WENINGGALIH", "ID2012": "3201170013", "IDKAB2": "3201", "IDKEC_2": "3201170", "WILAYAH": "TIMUR" }, "geometry": { "type": "MultiPolygon", "coordinates": [ [ [ [ 107.120391056402255, -6.459010916020826, 0.0 ], [ 107.121973500776647, -6.459043888764295, 0.0 ], [ 107.125957580178323, -6.459173040403368, 0.0 ], [ 107.125596112071136, -6.459843967025272, 0.0 ], [ 107.125503425243053, -6.460164117579783, 0.0 ], [ 107.125541897340838, -6.460370862724965, 0.0 ], [ 107.125693352166664, -6.460614755266594, 0.0 ], [ 107.125769747775792, -6.460896580312738, 0.0 ], [ 107.12577045464289, -6.461065863298856, 0.0 ], [ 107.125544803050374, -6.46106680578832, 0.0 ], [ 107.12529963886746, -6.460898544432094, 0.0 ], [ 107.124979964054262, -6.460899879026041, 0.0 ], [ 107.124830157685793, -6.46105098131752, 0.0 ], [ 107.124793805290039, -6.461352086929075, 0.0 ], [ 107.124814494193785, -6.461803432382354, 0.0 ], [ 107.124711752945203, -6.462389897375722, 0.0 ], [ 107.124362235928629, -6.46312610758363, 0.0 ], [ 107.124158525096078, -6.463597198551732, 0.0 ], [ 107.124131719903076, -6.464214502197354, 0.0 ], [ 107.123870472244633, -6.464979732628464, 0.0 ], [ 107.123490957441945, -6.465569118619765, 0.0 ], [ 107.123199467381681, -6.46612874694398, 0.0 ], [ 107.123025749838661, -6.46674666302788, 0.0 ], [ 107.12272159912267, -6.46737875782323, 0.0 ], [ 107.122963088675732, -6.467374443775356, 0.0 ], [ 107.123054656747172, -6.46730006714419, 0.0 ], [ 107.123344572094453, -6.467060688299977, 0.0 ], [ 107.123512402675445, -6.467065451109502, 0.0 ], [ 107.123571239921006, -6.467082216271116, 0.0 ], [ 107.123840473559227, -6.467158930240249, 0.0 ], [ 107.124145670186664, -6.467227116837861, 0.0 ], [ 107.124275370412164, -6.467255237738847, 0.0 ], [ 107.124458458890942, -6.46719374929198, 0.0 ], [ 107.124603416114951, -6.467052104271023, 0.0 ], [ 107.12486281566656, -6.466821332838126, 0.0 ], [ 107.124977258893551, -6.466721664573019, 0.0 ], [ 107.124981033348249, -6.466719483717078, 0.0 ], [ 107.125068826964977, -6.466668734974004, 0.0 ], [ 107.125086219853358, -6.466666042403837, 0.0 ], [ 107.12590041567185, -6.466539978137344, 0.0 ], [ 107.126556532258334, -6.466451286997135, 0.0 ], [ 107.127098229899573, -6.466353553173789, 0.0 ], [ 107.127433917141758, -6.466106074135816, 0.0 ], [ 107.127876430353155, -6.465854749596858, 0.0 ], [ 107.128585958575286, -6.465746037749245, 0.0 ], [ 107.129341284772607, -6.465867662962168, 0.0 ], [ 107.13077560091341, -6.466031214568737, 0.0 ], [ 107.13177897541955, -6.466045484111618, 0.0 ], [ 107.131785197828805, -6.466045573144488, 0.0 ], [ 107.131978804778214, -6.4660483259693, 0.0 ], [ 107.131979999977176, -6.466049999607684, 0.0 ], [ 107.132029999585001, -6.466120000137678, 0.0 ], [ 107.132439999606405, -6.466639999836001, 0.0 ], [ 107.132619889196647, -6.466709957198571, 0.0 ], [ 107.132619999813329, -6.466710000366085, 0.0 ], [ 107.132889999673921, -6.466750000412027, 0.0 ], [ 107.133029981848395, -6.466771774797433, 0.0 ], [ 107.133339999741352, -6.46682000004283, 0.0 ], [ 107.133379999787294, -6.466960000203716, 0.0 ], [ 107.133339999741352, -6.467109999926404, 0.0 ], [ 107.133239999626497, -6.467190000018288, 0.0 ], [ 107.133225770553025, -6.467194906719378, 0.0 ], [ 107.13294999974292, -6.467290000133232, 0.0 ], [ 107.132109999676885, -6.467589999578607, 0.0 ], [ 107.132043400382813, -6.467676579110684, 0.0 ], [ 107.13200999956203, -6.467720000177692, 0.0 ], [ 107.131830000254482, -6.467789999808495, 0.0 ], [ 107.131780976411108, -6.467827257821526, 0.0 ], [ 107.131580000416847, -6.467979999577125, 0.0 ], [ 107.131500000324962, -6.468059999669098, 0.0 ], [ 107.13142999979479, -6.468079999692069, 0.0 ], [ 107.131360000163994, -6.468179999807013, 0.0 ], [ 107.131336239176235, -6.468216720924804, 0.0 ], [ 107.131139999911227, -6.468520000197699, 0.0 ], [ 107.131109854636236, -6.468527535617099, 0.0 ], [ 107.131059999819257, -6.468540000220671, 0.0 ], [ 107.130990000188532, -6.468560000243642, 0.0 ], [ 107.130830000004678, -6.468649999897416, 0.0 ], [ 107.13082525158427, -6.468654974047663, 0.0 ], [ 107.130620000212986, -6.468870000150186, 0.0 ], [ 107.130359999914191, -6.469110000426017, 0.0 ], [ 107.130208229426458, -6.469223083878042, 0.0 ], [ 107.130149310342532, -6.469266984283752, 0.0 ], [ 107.129339999641417, -6.469870000399993, 0.0 ], [ 107.129279999572503, -6.470009999661599, 0.0 ], [ 107.129279999572503, -6.470169999845456, 0.0 ], [ 107.129359999664388, -6.470260000398511, 0.0 ], [ 107.129459999779328, -6.470280000421482, 0.0 ], [ 107.129484448748485, -6.470317206273837, 0.0 ], [ 107.129689999593978, -6.470630000374058, 0.0 ], [ 107.129856838222679, -6.470855722113669, 0.0 ], [ 107.129860000239006, -6.470860000188718, 0.0 ], [ 107.129860000239006, -6.470980000326634, 0.0 ], [ 107.129969999915758, -6.471450000417036, 0.0 ], [ 107.130050000007643, -6.471709999816468, 0.0 ], [ 107.130000000399903, -6.471820000392583, 0.0 ], [ 107.129869999800817, -6.471930000069239, 0.0 ], [ 107.12969210041031, -6.472119759718922, 0.0 ], [ 107.129570000355358, -6.472250000436954, 0.0 ], [ 107.129550000332387, -6.472440000205673, 0.0 ], [ 107.129570000355358, -6.473060000018851, 0.0 ], [ 107.129680000032096, -6.473160000133795, 0.0 ], [ 107.129820000193064, -6.473180000156766, 0.0 ], [ 107.129989999938729, -6.473129999649565, 0.0 ], [ 107.130190000168525, -6.472999999949849, 0.0 ], [ 107.130370000375365, -6.472910000296075, 0.0 ], [ 107.130480000052188, -6.472850000227162, 0.0 ], [ 107.130549999682898, -6.472890000273104, 0.0 ], [ 107.13058999972894, -6.472990000388048, 0.0 ], [ 107.130600000190014, -6.473220000202708, 0.0 ], [ 107.130580000167043, -6.473559999694114, 0.0 ], [ 107.130469999590929, -6.473940000130742, 0.0 ], [ 107.130279999822307, -6.474599999989863, 0.0 ], [ 107.13027000026041, -6.474869999850466, 0.0 ], [ 107.130350000352394, -6.47496000040352, 0.0 ], [ 107.130430000444363, -6.475000000449462, 0.0 ], [ 107.130500000075159, -6.475039999596124, 0.0 ], [ 107.13113000034943, -6.475319999917897, 0.0 ], [ 107.131179999957254, -6.475420000032841, 0.0 ], [ 107.131170000395372, -6.475540000170756, 0.0 ], [ 107.131079999842314, -6.475620000262641, 0.0 ], [ 107.130939999681431, -6.475669999870473, 0.0 ], [ 107.130769999935765, -6.475660000308583, 0.0 ], [ 107.130419999983189, -6.475569999755528, 0.0 ], [ 107.130040000445845, -6.475469999640584, 0.0 ], [ 107.129740000101094, -6.47539000044798, 0.0 ], [ 107.129680000032096, -6.475400000009781, 0.0 ], [ 107.128920000058116, -6.474680000081747, 0.0 ], [ 107.128320000268005, -6.474029999784516, 0.0 ], [ 107.127600000339882, -6.473320000317564, 0.0 ], [ 107.126979999627423, -6.472759999674107, 0.0 ], [ 107.126100000414809, -6.472360000113788, 0.0 ], [ 107.125969999815808, -6.472750000112217, 0.0 ], [ 107.125969999815808, -6.473010000411019, 0.0 ], [ 107.125960000254011, -6.473200000179737, 0.0 ], [ 107.125880000162041, -6.473369999925396, 0.0 ], [ 107.125769999586012, -6.473519999648083, 0.0 ], [ 107.125719999978173, -6.473590000178167, 0.0 ], [ 107.125570000255493, -6.473690000293111, 0.0 ], [ 107.12500000005015, -6.474029999784516, 0.0 ], [ 107.124839999866282, -6.474129999899372, 0.0 ], [ 107.124529999959663, -6.474290000083229, 0.0 ], [ 107.12428999968391, -6.474510000336089, 0.0 ], [ 107.124010000261507, -6.474550000382031, 0.0 ], [ 107.12385999963945, -6.474570000405002, 0.0 ], [ 107.123319999918252, -6.474049999807487, 0.0 ], [ 107.123119999688441, -6.473810000431026, 0.0 ], [ 107.122940000380908, -6.47367000027014, 0.0 ], [ 107.12270000010507, -6.47347000004034, 0.0 ], [ 107.122570000405346, -6.473360000363595, 0.0 ], [ 107.122410000221493, -6.47326999981054, 0.0 ], [ 107.122290000083666, -6.473180000156766, 0.0 ], [ 107.122230000014667, -6.473140000110735, 0.0 ], [ 107.121920000108119, -6.472939999880936, 0.0 ], [ 107.121777880245133, -6.472879092396013, 0.0 ], [ 107.121570000155543, -6.472790000158248, 0.0 ], [ 107.121349999902776, -6.472779999697078, 0.0 ], [ 107.120979999927229, -6.472750000112217, 0.0 ], [ 107.120770000135536, -6.472710000066275, 0.0 ], [ 107.120699999605449, -6.472629999974302, 0.0 ], [ 107.120615385991471, -6.472517180922956, 0.0 ], [ 107.120520000298001, -6.47238999969856, 0.0 ], [ 107.120400000159989, -6.472239999975873, 0.0 ], [ 107.120159999884251, -6.472119999837957, 0.0 ], [ 107.119840000415905, -6.472050000207155, 0.0 ], [ 107.119319999818302, -6.47174000030061, 0.0 ], [ 107.118920000257987, -6.471489999563698, 0.0 ], [ 107.118559999844322, -6.471259999749037, 0.0 ], [ 107.118330000029658, -6.471370000325063, 0.0 ], [ 107.11812000023798, -6.471390000348123, 0.0 ], [ 107.117670000170548, -6.471439999955866, 0.0 ], [ 107.117550000032622, -6.471450000417036, 0.0 ], [ 107.117469999940738, -6.471390000348123, 0.0 ], [ 107.117400000309942, -6.471290000233179, 0.0 ], [ 107.117200000080146, -6.471270000210119, 0.0 ], [ 107.117059999919263, -6.471259999749037, 0.0 ], [ 107.116910000196569, -6.471090000003379, 0.0 ], [ 107.116489999713906, -6.470829999704577, 0.0 ], [ 107.116079999692417, -6.470700000004861, 0.0 ], [ 107.115660000109045, -6.470610000351087, 0.0 ], [ 107.115411506635866, -6.470625060398074, 0.0 ], [ 107.115330000179526, -6.470630000374058, 0.0 ], [ 107.114779999997154, -6.470780000096745, 0.0 ], [ 107.114579999767358, -6.470809999681606, 0.0 ], [ 107.114479999652403, -6.470820000142776, 0.0 ], [ 107.114249999837838, -6.470709999566662, 0.0 ], [ 107.114240000275942, -6.470220000352569, 0.0 ], [ 107.114229999814867, -6.470129999799514, 0.0 ], [ 107.114200000229999, -6.469870000399993, 0.0 ], [ 107.114049999607943, -6.46981000033108, 0.0 ], [ 107.11379000020851, -6.469739999800996, 0.0 ], [ 107.113770000185539, -6.469489999963365, 0.0 ], [ 107.113770000185539, -6.468970000265131, 0.0 ], [ 107.113739999701409, -6.468819999643163, 0.0 ], [ 107.113420000233049, -6.468830000104244, 0.0 ], [ 107.113315574554292, -6.468838032848758, 0.0 ], [ 107.113289999633963, -6.468839999666134, 0.0 ], [ 107.113199999980196, -6.468790000058302, 0.0 ], [ 107.113170000395343, -6.46873999955119, 0.0 ], [ 107.113139999911283, -6.468680000381557, 0.0 ], [ 107.113079999842284, -6.468640000335615, 0.0 ], [ 107.11278000039691, -6.468770000035331, 0.0 ], [ 107.112210000191467, -6.469079999941876, 0.0 ], [ 107.111800000170064, -6.469260000148704, 0.0 ], [ 107.111000000150057, -6.469539999571197, 0.0 ], [ 107.110710000266494, -6.469570000055249, 0.0 ], [ 107.110329999829773, -6.469550000032278, 0.0 ], [ 107.109770000085604, -6.469480000401475, 0.0 ], [ 107.109445060641264, -6.469419546174962, 0.0 ], [ 107.109340000041129, -6.469400000309591, 0.0 ], [ 107.109099999765391, -6.469269999710505, 0.0 ], [ 107.108869999950642, -6.469090000403046, 0.0 ], [ 107.108549999583019, -6.468870000150186, 0.0 ], [ 107.108120000437836, -6.468660000358586, 0.0 ], [ 107.107860000139041, -6.468709999966418, 0.0 ], [ 107.107610000301491, -6.468830000104244, 0.0 ], [ 107.107594838631087, -6.468837096654525, 0.0 ], [ 107.107140000211004, -6.469050000357104, 0.0 ], [ 107.106919999958237, -6.469090000403046, 0.0 ], [ 107.106639999636457, -6.469130000448988, 0.0 ], [ 107.106360000213968, -6.469160000033849, 0.0 ], [ 107.105760000423857, -6.469269999710505, 0.0 ], [ 107.105070000080588, -6.469369999825449, 0.0 ], [ 107.104599999990185, -6.469440000355533, 0.0 ], [ 107.104276558816338, -6.469491562985077, 0.0 ], [ 107.10390999964693, -6.469550000032278, 0.0 ], [ 107.103209999741864, -6.46959999964011, 0.0 ], [ 107.103096267878641, -6.469616246792178, 0.0 ], [ 107.102859999789374, -6.469650000147222, 0.0 ], [ 107.102440000206002, -6.469679999731994, 0.0 ], [ 107.101829999954703, -6.469679999731994, 0.0 ], [ 107.101740000300936, -6.469579999617139, 0.0 ], [ 107.101669999770849, -6.469360000263649, 0.0 ], [ 107.101399999910242, -6.468190000268095, 0.0 ], [ 107.101119999588477, -6.466889999673544, 0.0 ], [ 107.10106000041884, -6.46659999978997, 0.0 ], [ 107.101009999911724, -6.466430000044312, 0.0 ], [ 107.100920000257958, -6.466320000367567, 0.0 ], [ 107.100339999591526, -6.465999999999852, 0.0 ], [ 107.100160000283978, -6.46593999993085, 0.0 ], [ 107.099870000400315, -6.46595999995391, 0.0 ], [ 107.099579999617461, -6.466140000160649, 0.0 ], [ 107.099469999940709, -6.466209999791452, 0.0 ], [ 107.099380000286942, -6.46618000020668, 0.0 ], [ 107.099222275387845, -6.466030576050077, 0.0 ], [ 107.099189999618943, -6.465999999999852, 0.0 ], [ 107.099079999942205, -6.465810000231134, 0.0 ], [ 107.099039999896263, -6.465719999678079, 0.0 ], [ 107.098890000173569, -6.465650000047276, 0.0 ], [ 107.09848000015208, -6.465679999632137, 0.0 ], [ 107.098411021251792, -6.465687260758326, 0.0 ], [ 107.098290000383358, -6.465699999655108, 0.0 ], [ 107.098070000130591, -6.465639999586106, 0.0 ], [ 107.097979999577447, -6.465630000024305, 0.0 ], [ 107.097946430583463, -6.465650142140191, 0.0 ], [ 107.097829999854852, -6.465719999678079, 0.0 ], [ 107.09768999969387, -6.465890000323107, 0.0 ], [ 107.097589999579014, -6.466009999561653, 0.0 ], [ 107.097499999925247, -6.466060000068765, 0.0 ], [ 107.097390000248495, -6.466049999607684, 0.0 ], [ 107.097305023308351, -6.465965022667532, 0.0 ], [ 107.097270000110584, -6.465930000369049, 0.0 ], [ 107.097199999580496, -6.46573999970105, 0.0 ], [ 107.097149999972757, -6.465580000416562, 0.0 ], [ 107.095879999862262, -6.465280000071818, 0.0 ], [ 107.095750000162539, -6.465269999610648, 0.0 ], [ 107.09534000014105, -6.465610000001334, 0.0 ], [ 107.095179999957196, -6.46573999970105, 0.0 ], [ 107.093929999869758, -6.465879999861937, 0.0 ], [ 107.093430000194502, -6.466049999607684, 0.0 ], [ 107.093180000356867, -6.466160000183709, 0.0 ], [ 107.093000000150127, -6.466189999768481, 0.0 ], [ 107.092739999851318, -6.466140000160649, 0.0 ], [ 107.092447971097158, -6.466069204629967, 0.0 ], [ 107.092409999921713, -6.466060000068765, 0.0 ], [ 107.092189999668946, -6.466120000137678, 0.0 ], [ 107.091996075258905, -6.466143270995008, 0.0 ], [ 107.091939999831311, -6.466149999722539, 0.0 ], [ 107.091569999855764, -6.466140000160649, 0.0 ], [ 107.091467995151973, -6.46616472791969, 0.0 ], [ 107.091239999926245, -6.466220000252623, 0.0 ], [ 107.090909999996654, -6.466410000021341, 0.0 ], [ 107.090720000228018, -6.466559999744028, 0.0 ], [ 107.090620000113077, -6.466679999881944, 0.0 ], [ 107.090560000044164, -6.466779999996888, 0.0 ], [ 107.090359999814353, -6.466849999627602, 0.0 ], [ 107.089599999840289, -6.467109999926404, 0.0 ], [ 107.08935999956455, -6.46723999962612, 0.0 ], [ 107.089040000096119, -6.467470000340061, 0.0 ], [ 107.08901707457855, -6.467484738429832, 0.0 ], [ 107.088899999935236, -6.467559999993835, 0.0 ], [ 107.088509999936718, -6.467620000062748, 0.0 ], [ 107.088159999984228, -6.467559999993835, 0.0 ], [ 107.087580000216988, -6.467230000064319, 0.0 ], [ 107.087039999596499, -6.466800000019859, 0.0 ], [ 107.086227662676635, -6.466232238227079, 0.0 ], [ 107.086109999876783, -6.466149999722539, 0.0 ], [ 107.084839999766373, -6.465369999725592, 0.0 ], [ 107.083520000048139, -6.464839999566188, 0.0 ], [ 107.081989999638921, -6.464410000421008, 0.0 ], [ 107.082160000283949, -6.464119999638154, 0.0 ], [ 107.082439999706438, -6.463660000008833, 0.0 ], [ 107.082659999959219, -6.462969999665571, 0.0 ], [ 107.082809999681899, -6.462320000267621, 0.0 ], [ 107.08296003717615, -6.461634117020711, 0.0 ], [ 107.083020000372869, -6.461360000063756, 0.0 ], [ 107.083230000164562, -6.460909999996325, 0.0 ], [ 107.083509999586965, -6.460459999928894, 0.0 ], [ 107.083789999908731, -6.460219999653063, 0.0 ], [ 107.084320000068146, -6.460069999930376, 0.0 ], [ 107.084750000112592, -6.460020000322544, 0.0 ], [ 107.085169999695893, -6.460150000022349, 0.0 ], [ 107.085679999832323, -6.460270000160264, 0.0 ], [ 107.086109999876783, -6.460230000114322, 0.0 ], [ 107.086479999852244, -6.460040000345604, 0.0 ], [ 107.08674999971285, -6.459710000415999, 0.0 ], [ 107.08682999980482, -6.459479999702058, 0.0 ], [ 107.086680000082126, -6.459009999611656, 0.0 ], [ 107.086419999783331, -6.45846999989045, 0.0 ], [ 107.085975869590882, -6.457839335017148, 0.0 ], [ 107.085920000108061, -6.457760000423587, 0.0 ], [ 107.085080000042112, -6.456700000104778, 0.0 ], [ 107.08491000029646, -6.456250000037258, 0.0 ], [ 107.084839999766373, -6.455799999969916, 0.0 ], [ 107.084930000319432, -6.45545000001734, 0.0 ], [ 107.085100000065083, -6.454910000296135, 0.0 ], [ 107.085220000203009, -6.454440000205732, 0.0 ], [ 107.085289999833805, -6.453870000000297, 0.0 ], [ 107.085160000134096, -6.453480000001868, 0.0 ], [ 107.084870000250518, -6.453060000418489, 0.0 ], [ 107.084230000414365, -6.452550000282145, 0.0 ], [ 107.083359999864271, -6.451949999592657, 0.0 ], [ 107.083060000418897, -6.451650000147282, 0.0 ], [ 107.082980000326927, -6.451340000240648, 0.0 ], [ 107.082983269362543, -6.451263176554214, 0.0 ], [ 107.083000000349898, -6.450870000150246, 0.0 ], [ 107.083069999980694, -6.450179999806984, 0.0 ], [ 107.083029999934752, -6.449809999831437, 0.0 ], [ 107.083029300262169, -6.449803524712685, 0.0 ], [ 107.083030855190003, -6.449804414142282, 0.0 ], [ 107.084800881955246, -6.450636971418913, 0.0 ], [ 107.086631939412641, -6.450980322683577, 0.0 ], [ 107.088295140208743, -6.45137273556319, 0.0 ], [ 107.08906427189882, -6.451419032662056, 0.0 ], [ 107.08932509867455, -6.451434733026353, 0.0 ], [ 107.09070602656206, -6.451298359831306, 0.0 ], [ 107.091766499924248, -6.451271641872616, 0.0 ], [ 107.092193756137149, -6.451295966735273, 0.0 ], [ 107.092430711308452, -6.451388348693179, 0.0 ], [ 107.093635712917973, -6.451858144637548, 0.0 ], [ 107.09502474099915, -6.452239898752179, 0.0 ], [ 107.095230244180556, -6.452296378874625, 0.0 ], [ 107.096695098600094, -6.452695006069522, 0.0 ], [ 107.098671113281483, -6.453271983215316, 0.0 ], [ 107.098813021803664, -6.453327950724166, 0.0 ], [ 107.099655299852401, -6.453660139603592, 0.0 ], [ 107.100624252807251, -6.454230442880462, 0.0 ], [ 107.101364273442684, -6.454833146932017, 0.0 ], [ 107.101744960961355, -6.455126916773626, 0.0 ], [ 107.102111958100608, -6.455410123178442, 0.0 ], [ 107.102821498913201, -6.455841093591488, 0.0 ], [ 107.103248743435003, -6.456100599263106, 0.0 ], [ 107.103546229275224, -6.45634608180611, 0.0 ], [ 107.105049285096555, -6.457586395295714, 0.0 ], [ 107.105117954630074, -6.457710872258851, 0.0 ], [ 107.105240015114731, -6.457875390636616, 0.0 ], [ 107.105484156768554, -6.458127609101751, 0.0 ], [ 107.105606240635666, -6.458251603128797, 0.0 ], [ 107.105858000446517, -6.458349820787426, 0.0 ], [ 107.106018238950767, -6.458472847143994, 0.0 ], [ 107.106071464426705, -6.458548200438976, 0.0 ], [ 107.106193711071072, -6.458721269570802, 0.0 ], [ 107.106315746374804, -6.459007871815672, 0.0 ], [ 107.106399698087756, -6.459221476090118, 0.0 ], [ 107.106498883416947, -6.459409375941796, 0.0 ], [ 107.106506498875973, -6.459622036827408, 0.0 ], [ 107.10634628465354, -6.460084062629203, 0.0 ], [ 107.106300512758651, -6.460275299865028, 0.0 ], [ 107.106306259426503, -6.460346885000625, 0.0 ], [ 107.106315746374804, -6.460465062212641, 0.0 ], [ 107.107017683419556, -6.461350548189095, 0.0 ], [ 107.10717025700194, -6.461720569748266, 0.0 ], [ 107.107284699329554, -6.462089648818061, 0.0 ], [ 107.107399141657254, -6.462276581898543, 0.0 ], [ 107.107505944244124, -6.462338555080063, 0.0 ], [ 107.107689057004549, -6.462376710616482, 0.0 ], [ 107.107986587810942, -6.462529309379974, 0.0 ], [ 107.10851302755438, -6.462668052288603, 0.0 ], [ 107.109192042678771, -6.462830661405707, 0.0 ], [ 107.109893956341168, -6.462766295128244, 0.0 ], [ 107.110275414578879, -6.4626480315812, 0.0 ], [ 107.11070266989249, -6.462420598431731, 0.0 ], [ 107.110931556346458, -6.46232617591215, 0.0 ], [ 107.110934909018994, -6.462326094073791, 0.0 ], [ 107.111107027567485, -6.462321871756807, 0.0 ], [ 107.111763144153969, -6.46265567312069, 0.0 ], [ 107.112053058601973, -6.462784405675617, 0.0 ], [ 107.11216171289287, -6.462793138991998, 0.0 ], [ 107.113138510633959, -6.46235934290921, 0.0 ], [ 107.113633009156175, -6.462357288857614, 0.0 ], [ 107.115924746130332, -6.462122929129723, 0.0 ], [ 107.116958693988678, -6.46211862677303, 0.0 ], [ 107.117989085927746, -6.461259972069868, 0.0 ], [ 107.119243685148163, -6.460265482865548, 0.0 ], [ 107.120093316953245, -6.459182746786176, 0.0 ], [ 107.120391056402255, -6.459010916020826, 0.0 ] ] ] ] } }
]
}
