{
"type": "FeatureCollection",
"name": "LEUWILIANG",
"crs": { "type": "name", "properties": { "name": "urn:ogc:def:crs:OGC:1.3:CRS84" } },
"features": [
{ "type": "Feature", "properties": { "PROVNO": "32", "KABKOTNO": "01", "KECNO": "020", "DESANO": "001", "PROVINSI": "JAWA BARAT", "KABKOT": "BOGOR", "KECAMATAN": "LEUWILIANG", "ID2013": "3201020001", "DESA": "PURASARI", "DESA_1": "PURASARI", "ID2012": "3201020001", "IDKAB2": "3201", "IDKEC_2": "3201020", "WILAYAH": "BARAT" }, "geometry": { "type": "MultiPolygon", "coordinates": [ [ [ [ 106.631835488017543, -6.644664853899709, 0.0 ], [ 106.631800773287253, -6.644868413646279, 0.0 ], [ 106.631855659811023, -6.645416652955962, 0.0 ], [ 106.631883627827364, -6.645849988585919, 0.0 ], [ 106.631849992283506, -6.646380828712086, 0.0 ], [ 106.631806723201862, -6.646672871855444, 0.0 ], [ 106.631659250574145, -6.647557906372139, 0.0 ], [ 106.631590054937277, -6.648035789919629, 0.0 ], [ 106.631378849154729, -6.648372614804146, 0.0 ], [ 106.630929167447306, -6.648825215710943, 0.0 ], [ 106.630708588930432, -6.649002853398791, 0.0 ], [ 106.630373705682103, -6.649393158267483, 0.0 ], [ 106.630239999876295, -6.649570000055274, 0.0 ], [ 106.630171608233269, -6.649809562361266, 0.0 ], [ 106.630243224845117, -6.650065844862709, 0.0 ], [ 106.630588470981337, -6.650135471274812, 0.0 ], [ 106.631188951908797, -6.649806207890077, 0.0 ], [ 106.631419047950843, -6.649831986057144, 0.0 ], [ 106.631722802065866, -6.650221931196967, 0.0 ], [ 106.63178330035916, -6.650299594850253, 0.0 ], [ 106.632065997747773, -6.650810661582653, 0.0 ], [ 106.632183785553423, -6.651023602157338, 0.0 ], [ 106.63242357538789, -6.65130586607269, 0.0 ], [ 106.632654518591295, -6.651588158766355, 0.0 ], [ 106.632893433385391, -6.651605060624846, 0.0 ], [ 106.633052640367197, -6.651595689689174, 0.0 ], [ 106.633114831184685, -6.651711362289383, 0.0 ], [ 106.63312384958617, -6.651728137343529, 0.0 ], [ 106.633010803006343, -6.6523211565959, 0.0 ], [ 106.632610000351363, -6.652950000342042, 0.0 ], [ 106.632474524679793, -6.653340156822587, 0.0 ], [ 106.632475388928199, -6.653363736147391, 0.0 ], [ 106.632484248149737, -6.653605489201855, 0.0 ], [ 106.632697850625533, -6.653993983735198, 0.0 ], [ 106.632946517667861, -6.65428506370457, 0.0 ], [ 106.633097903245812, -6.654585309564212, 0.0 ], [ 106.633196325949925, -6.654921111919645, 0.0 ], [ 106.633204861415408, -6.655239125684922, 0.0 ], [ 106.633216504038643, -6.655672910076618, 0.0 ], [ 106.632889794728456, -6.655859745130979, 0.0 ], [ 106.632526938967288, -6.655816716168363, 0.0 ], [ 106.632101982320791, -6.65572081876066, 0.0 ], [ 106.631703594345552, -6.655633679850261, 0.0 ], [ 106.630977503309282, -6.655432630111626, 0.0 ], [ 106.630676690876811, -6.655424777231502, 0.0 ], [ 106.630446913194675, -6.655496299414523, 0.0 ], [ 106.630349999553033, -6.655580000216634, 0.0 ], [ 106.630208873440907, -6.655744757814155, 0.0 ], [ 106.630178083352035, -6.655745774048096, 0.0 ], [ 106.630050000107573, -6.655749999962381, 0.0 ], [ 106.629949999992718, -6.655769999985353, 0.0 ], [ 106.629869999900748, -6.655830000054355, 0.0 ], [ 106.629789999808764, -6.655950000192181, 0.0 ], [ 106.629740000201025, -6.656010000261094, 0.0 ], [ 106.629660000109055, -6.656090000353068, 0.0 ], [ 106.629580000017171, -6.656189999568642, 0.0 ], [ 106.628984644326025, -6.656325029176582, 0.0 ], [ 106.628610000251513, -6.656409999821413, 0.0 ], [ 106.628280000321894, -6.656449999867444, 0.0 ], [ 106.62808522785113, -6.656473187087766, 0.0 ], [ 106.62785999983933, -6.656500000374557, 0.0 ], [ 106.626910000096544, -6.656690000143186, 0.0 ], [ 106.626820000442862, -6.656739999751018, 0.0 ], [ 106.626580000167024, -6.656830000304161, 0.0 ], [ 106.626529999659923, -6.656910000396046, 0.0 ], [ 106.626379999937228, -6.657320000417535, 0.0 ], [ 106.626179999707432, -6.657470000140222, 0.0 ], [ 106.625809999731885, -6.657650000347051, 0.0 ], [ 106.625800000170088, -6.657789999608568, 0.0 ], [ 106.625860000239001, -6.658120000437542, 0.0 ], [ 106.625900000284943, -6.658390000298144, 0.0 ], [ 106.625820000193059, -6.658609999651635, 0.0 ], [ 106.625749999662887, -6.65870999976649, 0.0 ], [ 106.625459999779395, -6.659059999719066, 0.0 ], [ 106.625220000402848, -6.659239999925894, 0.0 ], [ 106.624989999688907, -6.659469999740466, 0.0 ], [ 106.62469999980533, -6.659750000062239, 0.0 ], [ 106.624550000082564, -6.659879999762044, 0.0 ], [ 106.624449999967709, -6.659950000292127, 0.0 ], [ 106.624209999691871, -6.660510000036304, 0.0 ], [ 106.623990000338466, -6.661009999711567, 0.0 ], [ 106.623770000085614, -6.661669999570687, 0.0 ], [ 106.623735690949545, -6.661818672793309, 0.0 ], [ 106.623680000431833, -6.662059999569205, 0.0 ], [ 106.623589999878789, -6.662430000444033, 0.0 ], [ 106.623569999855718, -6.662789999958321, 0.0 ], [ 106.623569999855718, -6.663159999933868, 0.0 ], [ 106.623629999924731, -6.66344999981753, 0.0 ], [ 106.623660000408861, -6.663589999978328, 0.0 ], [ 106.623669999970673, -6.663659999609131, 0.0 ], [ 106.623739999601469, -6.663899999884872, 0.0 ], [ 106.623669999970673, -6.664049999607649, 0.0 ], [ 106.62364000038589, -6.664129999699622, 0.0 ], [ 106.623660000408861, -6.664329999929421, 0.0 ], [ 106.6237100000167, -6.664470000090219, 0.0 ], [ 106.623699999555527, -6.664699999904879, 0.0 ], [ 106.623629999924731, -6.664860000088737, 0.0 ], [ 106.623320000018182, -6.665680000131715, 0.0 ], [ 106.623250000387372, -6.665729999739547, 0.0 ], [ 106.623150000272432, -6.665789999808549, 0.0 ], [ 106.622959999604433, -6.666150000222117, 0.0 ], [ 106.622909999996693, -6.666330000429035, 0.0 ], [ 106.622780000296885, -6.666700000404582, 0.0 ], [ 106.622640000136087, -6.667010000311127, 0.0 ], [ 106.622600000090145, -6.667189999618675, 0.0 ], [ 106.622609999651942, -6.667409999871445, 0.0 ], [ 106.622720000227972, -6.667650000147187, 0.0 ], [ 106.622790395560472, -6.667815159741721, 0.0 ], [ 106.622949594448414, -6.668188662576515, 0.0 ], [ 106.622972780769359, -6.668216924671224, 0.0 ], [ 106.62299378623446, -6.668251668179739, 0.0 ], [ 106.623079999742345, -6.668479999752055, 0.0 ], [ 106.6232900004334, -6.668679999981855, 0.0 ], [ 106.623469999740863, -6.668900000234625, 0.0 ], [ 106.623569999855718, -6.669049999957402, 0.0 ], [ 106.623629999924731, -6.669179999657118, 0.0 ], [ 106.623589999878789, -6.669259999749002, 0.0 ], [ 106.623460000179065, -6.669500000024833, 0.0 ], [ 106.623380000087096, -6.669729999839404, 0.0 ], [ 106.623369999625922, -6.669919999608123, 0.0 ], [ 106.623460000179065, -6.670300000044751, 0.0 ], [ 106.623477707830148, -6.670468223629502, 0.0 ], [ 106.623480000202036, -6.670489999813469, 0.0 ], [ 106.62342999969492, -6.670870000250186, 0.0 ], [ 106.623380000087096, -6.671100000064758, 0.0 ], [ 106.623299999995211, -6.671369999925361, 0.0 ], [ 106.62311000022649, -6.672570000405056, 0.0 ], [ 106.622955857327156, -6.673105300269224, 0.0 ], [ 106.622549999582944, -6.67352000014775, 0.0 ], [ 106.622330000229539, -6.673680000331608, 0.0 ], [ 106.622159999584511, -6.673740000400521, 0.0 ], [ 106.621980000276963, -6.673740000400521, 0.0 ], [ 106.621969999815803, -6.673680000331608, 0.0 ], [ 106.621989999838775, -6.673540000170721, 0.0 ], [ 106.622089999953715, -6.673279999871919, 0.0 ], [ 106.622069999930744, -6.673110000126261, 0.0 ], [ 106.621969999815803, -6.672849999827459, 0.0 ], [ 106.621869999700849, -6.672720000127743, 0.0 ], [ 106.621789999608964, -6.672689999643602, 0.0 ], [ 106.621659999909255, -6.672720000127743, 0.0 ], [ 106.621570000255474, -6.67286000028863, 0.0 ], [ 106.621439999656474, -6.67307000008023, 0.0 ], [ 106.621350000002707, -6.673119999688062, 0.0 ], [ 106.621278545268837, -6.673119999688062, 0.0 ], [ 106.621240000325969, -6.673119999688062, 0.0 ], [ 106.621149999772825, -6.673059999619149, 0.0 ], [ 106.620790000258438, -6.672820000242687, 0.0 ], [ 106.620719999728351, -6.67286000028863, 0.0 ], [ 106.620679999682409, -6.672940000380514, 0.0 ], [ 106.620710000166554, -6.673050000057259, 0.0 ], [ 106.620790000258438, -6.673139999711033, 0.0 ], [ 106.620960000004189, -6.673330000379032, 0.0 ], [ 106.620989999588957, -6.673560000193692, 0.0 ], [ 106.620950000442392, -6.673640000285577, 0.0 ], [ 106.620790000258438, -6.673810000031324, 0.0 ], [ 106.620590000028642, -6.673899999685098, 0.0 ], [ 106.620409999821817, -6.673970000215181, 0.0 ], [ 106.620349999752904, -6.674030000284095, 0.0 ], [ 106.620300000145065, -6.674180000006871, 0.0 ], [ 106.620309999706876, -6.674469999890444, 0.0 ], [ 106.620380000236949, -6.67457999956719, 0.0 ], [ 106.62046999989073, -6.674610000051331, 0.0 ], [ 106.620630000074669, -6.674549999982329, 0.0 ], [ 106.620810000281409, -6.674440000305584, 0.0 ], [ 106.62091000039635, -6.674469999890444, 0.0 ], [ 106.62104999965797, -6.67457999956719, 0.0 ], [ 106.621140000211014, -6.674739999751047, 0.0 ], [ 106.621140000211014, -6.674870000350133, 0.0 ], [ 106.621069999680941, -6.674969999565707, 0.0 ], [ 106.621009999611928, -6.675160000233706, 0.0 ], [ 106.621060000119044, -6.675329999979365, 0.0 ], [ 106.621129999749854, -6.675510000186193, 0.0 ], [ 106.621129999749854, -6.675679999931941, 0.0 ], [ 106.621089999703912, -6.675730000438964, 0.0 ], [ 106.620950000442392, -6.675780000046796, 0.0 ], [ 106.620679999682409, -6.67588000016174, 0.0 ], [ 106.620440000305962, -6.675989999838485, 0.0 ], [ 106.620269709179951, -6.676019360005316, 0.0 ], [ 106.620150000422385, -6.676040000345509, 0.0 ], [ 106.62011999993824, -6.676120000437482, 0.0 ], [ 106.620150000422385, -6.676179999607115, 0.0 ], [ 106.620170000445356, -6.6763100002062, 0.0 ], [ 106.620159999984182, -6.676640000135805, 0.0 ], [ 106.620260000099123, -6.676769999835432, 0.0 ], [ 106.620369999775875, -6.676959999604151, 0.0 ], [ 106.620520000397846, -6.677429999694553, 0.0 ], [ 106.620570000005671, -6.677560000293639, 0.0 ], [ 106.620579999567468, -6.677730000039297, 0.0 ], [ 106.620590000028642, -6.677910000246126, 0.0 ], [ 106.620599999590439, -6.678019999922959, 0.0 ], [ 106.620560000443874, -6.678129999599705, 0.0 ], [ 106.620440000305962, -6.678160000083757, 0.0 ], [ 106.620389999798846, -6.678200000129699, 0.0 ], [ 106.620260000099123, -6.678320000267703, 0.0 ], [ 106.620110000376343, -6.678400000359588, 0.0 ], [ 106.619930000169603, -6.678469999990302, 0.0 ], [ 106.619890000123576, -6.678559999644076, 0.0 ], [ 106.619890000123576, -6.678630000174248, 0.0 ], [ 106.619939999731415, -6.678730000289104, 0.0 ], [ 106.619999999800328, -6.678799999919907, 0.0 ], [ 106.620101999108172, -6.678872855797504, 0.0 ], [ 106.620280000122094, -6.679000000149706, 0.0 ], [ 106.620260000099123, -6.67908999980348, 0.0 ], [ 106.620159999984182, -6.679189999918336, 0.0 ], [ 106.620010000261487, -6.679249999987338, 0.0 ], [ 106.619790000008635, -6.679379999687054, 0.0 ], [ 106.619749999962693, -6.679470000240109, 0.0 ], [ 106.619769999985664, -6.679550000332082, 0.0 ], [ 106.619830000054577, -6.679619999962885, 0.0 ], [ 106.619910000146547, -6.679650000447026, 0.0 ], [ 106.620260000099123, -6.679749999662601, 0.0 ], [ 106.620289999683905, -6.679829999754574, 0.0 ], [ 106.620289999683905, -6.6799400003306, 0.0 ], [ 106.620260000099123, -6.680119999638148, 0.0 ], [ 106.620220000053095, -6.680279999821916, 0.0 ], [ 106.620139999961211, -6.680350000352089, 0.0 ], [ 106.620010000261487, -6.680330000329118, 0.0 ], [ 106.619729999939722, -6.680270000260116, 0.0 ], [ 106.61956000019407, -6.680310000306147, 0.0 ], [ 106.619370000425349, -6.680379999936861, 0.0 ], [ 106.619330000379406, -6.680489999613695, 0.0 ], [ 106.619319999918233, -6.680729999889436, 0.0 ], [ 106.619400000010117, -6.680919999658066, 0.0 ], [ 106.619460000079116, -6.680990000188238, 0.0 ], [ 106.619585266646908, -6.681142109720408, 0.0 ], [ 106.619600000240013, -6.681159999933897, 0.0 ], [ 106.619819999593489, -6.681560000393496, 0.0 ], [ 106.619999999800328, -6.681730000139243, 0.0 ], [ 106.620130000399413, -6.681790000208156, 0.0 ], [ 106.620320000168036, -6.681810000231128, 0.0 ], [ 106.620389999798846, -6.681750000162214, 0.0 ], [ 106.6205499999827, -6.681630000024299, 0.0 ], [ 106.620610000051613, -6.681619999563129, 0.0 ], [ 106.620670000120612, -6.68167000007033, 0.0 ], [ 106.620679999682409, -6.681770000185185, 0.0 ], [ 106.620679999682409, -6.682120000137761, 0.0 ], [ 106.620639999636467, -6.682229999814506, 0.0 ], [ 106.62046999989073, -6.682280000321619, 0.0 ], [ 106.620369999775875, -6.682329999929362, 0.0 ], [ 106.620209999591921, -6.682470000090248, 0.0 ], [ 106.619850000077633, -6.682659999858966, 0.0 ], [ 106.619709999916751, -6.682750000412021, 0.0 ], [ 106.619649999847837, -6.682860000088766, 0.0 ], [ 106.619709999916751, -6.68294000018065, 0.0 ], [ 106.619819999593489, -6.683000000249653, 0.0 ], [ 106.619979999777357, -6.683089999903427, 0.0 ], [ 106.620110000376343, -6.6831699999954, 0.0 ], [ 106.620110000376343, -6.683250000087284, 0.0 ], [ 106.620030000284459, -6.683350000202228, 0.0 ], [ 106.619919999708344, -6.683450000317084, 0.0 ], [ 106.619480000102087, -6.683769999785518, 0.0 ], [ 106.619420000033088, -6.683820000292631, 0.0 ], [ 106.618929999919715, -6.684219999852949, 0.0 ], [ 106.618780000197034, -6.684369999575637, 0.0 ], [ 106.618640000036137, -6.684609999851467, 0.0 ], [ 106.61868000008208, -6.684689999943352, 0.0 ], [ 106.618740000150993, -6.684739999551184, 0.0 ], [ 106.618840000265948, -6.684729999989383, 0.0 ], [ 106.618949999942771, -6.68466000035858, 0.0 ], [ 106.619199999780321, -6.684529999759583, 0.0 ], [ 106.619319999918233, -6.684549999782554, 0.0 ], [ 106.619370000425349, -6.684609999851467, 0.0 ], [ 106.61952999970984, -6.68487999971207, 0.0 ], [ 106.619629999824781, -6.685260000148698, 0.0 ], [ 106.619640000285955, -6.685349999802472, 0.0 ], [ 106.61960999980181, -6.685469999940388, 0.0 ], [ 106.61952999970984, -6.685579999617133, 0.0 ], [ 106.619310000356435, -6.685790000308103, 0.0 ], [ 106.619159999734379, -6.685870000399987, 0.0 ], [ 106.618969999965742, -6.685890000422958, 0.0 ], [ 106.618720000128022, -6.685839999915935, 0.0 ], [ 106.618629999574978, -6.685859999938906, 0.0 ], [ 106.618519999898226, -6.685890000422958, 0.0 ], [ 106.618219999553475, -6.686060000168705, 0.0 ], [ 106.61798999973891, -6.686390000098221, 0.0 ], [ 106.61802000022297, -6.686499999774966, 0.0 ], [ 106.618040000245941, -6.686650000397023, 0.0 ], [ 106.618060000268997, -6.686760000073768, 0.0 ], [ 106.618049999807823, -6.686920000257626, 0.0 ], [ 106.618009999761881, -6.687279999772002, 0.0 ], [ 106.618029999784852, -6.687399999909918, 0.0 ], [ 106.618040000245941, -6.687520000047833, 0.0 ], [ 106.618060000268997, -6.687689999793491, 0.0 ], [ 106.618109999876737, -6.688010000161206, 0.0 ], [ 106.618160000383938, -6.688170000345064, 0.0 ], [ 106.618279999622487, -6.688500000274669, 0.0 ], [ 106.618279999622487, -6.688679999582217, 0.0 ], [ 106.618239999576446, -6.68873999965113, 0.0 ], [ 106.618100000314939, -6.688859999788956, 0.0 ], [ 106.617969999715939, -6.688979999926872, 0.0 ], [ 106.617880000062172, -6.689080000041816, 0.0 ], [ 106.617679999832276, -6.689429999994303, 0.0 ], [ 106.617639999786334, -6.689510000086276, 0.0 ], [ 106.617550000132553, -6.689699999854994, 0.0 ], [ 106.617519999648422, -6.689759999923908, 0.0 ], [ 106.617470000040669, -6.689860000038852, 0.0 ], [ 106.617420000432844, -6.690069999830452, 0.0 ], [ 106.617380000386902, -6.690209999991339, 0.0 ], [ 106.617420000432844, -6.690319999668084, 0.0 ], [ 106.61749000006364, -6.690390000198168, 0.0 ], [ 106.617570000155624, -6.690439999805999, 0.0 ], [ 106.617650000247508, -6.690499999874913, 0.0 ], [ 106.617819999993159, -6.690609999551658, 0.0 ], [ 106.617969999715939, -6.690680000081741, 0.0 ], [ 106.618279999622487, -6.690789999758486, 0.0 ], [ 106.61835000015256, -6.690820000242628, 0.0 ], [ 106.61835000015256, -6.69088000031163, 0.0 ], [ 106.618319999668429, -6.690989999988375, 0.0 ], [ 106.618230000014648, -6.691070000080259, 0.0 ], [ 106.618140000360881, -6.691190000218175, 0.0 ], [ 106.618128283993272, -6.691377456704153, 0.0 ], [ 106.618117425578831, -6.691551183240332, 0.0 ], [ 106.618109999876737, -6.691669999870467, 0.0 ], [ 106.618189999968706, -6.691780000446492, 0.0 ], [ 106.618219999553475, -6.691870000100266, 0.0 ], [ 106.618219999553475, -6.692010000261153, 0.0 ], [ 106.618140000360881, -6.692139999960869, 0.0 ], [ 106.617969999715939, -6.692349999752558, 0.0 ], [ 106.617900000085143, -6.692380000236611, 0.0 ], [ 106.61777000038542, -6.692540000420557, 0.0 ], [ 106.617659999809305, -6.692939999980876, 0.0 ], [ 106.617659999809305, -6.693439999656139, 0.0 ], [ 106.61777000038542, -6.693969999815454, 0.0 ], [ 106.61777000038542, -6.694049999907428, 0.0 ], [ 106.617860000039201, -6.694179999607144, 0.0 ], [ 106.618040000245941, -6.694390000298114, 0.0 ], [ 106.618250000037619, -6.694589999628633, 0.0 ], [ 106.618379999737428, -6.69474000025069, 0.0 ], [ 106.61841999978337, -6.694880000411487, 0.0 ], [ 106.618450000267515, -6.694979999627062, 0.0 ], [ 106.618479999852283, -6.695290000433065, 0.0 ], [ 106.618439999806341, -6.695460000178723, 0.0 ], [ 106.618390000198502, -6.69560000033961, 0.0 ], [ 106.618299999645458, -6.695899999784984, 0.0 ], [ 106.618239999576446, -6.696329999829445, 0.0 ], [ 106.618259999599516, -6.696550000082215, 0.0 ], [ 106.61835000015256, -6.696659999759049, 0.0 ], [ 106.618479999852283, -6.696739999850934, 0.0 ], [ 106.618550000382456, -6.696830000403988, 0.0 ], [ 106.618640000036137, -6.696940000080733, 0.0 ], [ 106.618769999735861, -6.696980000126764, 0.0 ], [ 106.619030000034655, -6.697060000218737, 0.0 ], [ 106.619039999596453, -6.697140000310622, 0.0 ], [ 106.61899999955051, -6.697240000425477, 0.0 ], [ 106.618920000357917, -6.697319999618081, 0.0 ], [ 106.618740000150993, -6.697490000263109, 0.0 ], [ 106.61874999971289, -6.697570000355082, 0.0 ], [ 106.618840000265948, -6.697650000447055, 0.0 ], [ 106.618969999965742, -6.697709999616599, 0.0 ], [ 106.619119999688436, -6.69772999963957, 0.0 ], [ 106.619310000356435, -6.6977600001238, 0.0 ], [ 106.619350000402378, -6.697849999777574, 0.0 ], [ 106.619409999572014, -6.698079999592146, 0.0 ], [ 106.619569999755868, -6.698370000375089, 0.0 ], [ 106.619565623654779, -6.698444395892036, 0.0 ], [ 106.61956000019407, -6.698540000120747, 0.0 ], [ 106.619480000102087, -6.698620000212632, 0.0 ], [ 106.619359999964175, -6.698640000235692, 0.0 ], [ 106.619246868848137, -6.698649837020145, 0.0 ], [ 106.619130000149511, -6.698660000258663, 0.0 ], [ 106.619030000034655, -6.698720000327576, 0.0 ], [ 106.618920000357917, -6.698780000396578, 0.0 ], [ 106.618658826443863, -6.698895403200158, 0.0 ], [ 106.618060000268997, -6.699159999933926, 0.0 ], [ 106.618060000268997, -6.699220000002839, 0.0 ], [ 106.618109999876737, -6.699329999679584, 0.0 ], [ 106.61820000042988, -6.699369999725526, 0.0 ], [ 106.618450000267515, -6.699489999863442, 0.0 ], [ 106.618510000336428, -6.699580000416496, 0.0 ], [ 106.618470000290486, -6.6996599996091, 0.0 ], [ 106.618379999737428, -6.699699999655042, 0.0 ], [ 106.618230000014648, -6.699679999632071, 0.0 ], [ 106.618080000291968, -6.699610000001357, 0.0 ], [ 106.617730000339392, -6.69946000027867, 0.0 ], [ 106.617559999694365, -6.699420000232728, 0.0 ], [ 106.617499999625451, -6.699449999817499, 0.0 ], [ 106.617429999994641, -6.699529999909473, 0.0 ], [ 106.617309999856815, -6.699819999793046, 0.0 ], [ 106.617200000180077, -6.699890000323041, 0.0 ], [ 106.617089999603962, -6.699899999884931, 0.0 ], [ 106.616850000227501, -6.699890000323041, 0.0 ], [ 106.616500330326204, -6.699905540608011, 0.0 ], [ 106.61640000016007, -6.699910000346012, 0.0 ], [ 106.61625000043729, -6.699990000437985, 0.0 ], [ 106.616139999861261, -6.700109999676531, 0.0 ], [ 106.616159999884232, -6.700189999768504, 0.0 ], [ 106.61625000043729, -6.700289999883449, 0.0 ], [ 106.616429999744838, -6.700450000067306, 0.0 ], [ 106.616440000206012, -6.700530000159191, 0.0 ], [ 106.616380000137099, -6.700670000320077, 0.0 ], [ 106.616380000137099, -6.700770000435021, 0.0 ], [ 106.616440000206012, -6.700889999673567, 0.0 ], [ 106.616521388851169, -6.701042603832921, 0.0 ], [ 106.616600000389866, -6.701190000018311, 0.0 ], [ 106.616560000343924, -6.701310000156226, 0.0 ], [ 106.616280000022158, -6.701419999832972, 0.0 ], [ 106.615600000140063, -6.701330000179198, 0.0 ], [ 106.615069999980648, -6.701089999903367, 0.0 ], [ 106.614700307573301, -6.701042603832921, 0.0 ], [ 106.614679999982144, -6.701040000295624, 0.0 ], [ 106.61464962538011, -6.701042603832921, 0.0 ], [ 106.614330000029653, -6.701069999880396, 0.0 ], [ 106.614220000352901, -6.701109999926427, 0.0 ], [ 106.614020000123105, -6.701190000018311, 0.0 ], [ 106.613940000031135, -6.701250000087313, 0.0 ], [ 106.613859999939251, -6.701299999695056, 0.0 ], [ 106.613790000308441, -6.701359999763969, 0.0 ], [ 106.613771220665456, -6.701397558150592, 0.0 ], [ 106.613730000239528, -6.701479999901885, 0.0 ], [ 106.613710000216471, -6.701709999716545, 0.0 ], [ 106.613710000216471, -6.702119999738034, 0.0 ], [ 106.6136900001935, -6.702310000406033, 0.0 ], [ 106.613599999640442, -6.702729999989323, 0.0 ], [ 106.613570000055674, -6.702790000058325, 0.0 ], [ 106.613460000378922, -6.702859999689039, 0.0 ], [ 106.613329999779836, -6.702879999712099, 0.0 ], [ 106.613140000011214, -6.703010000311096, 0.0 ], [ 106.613209999641924, -6.70332999977953, 0.0 ], [ 106.613400000309923, -6.703550000032301, 0.0 ], [ 106.613590000078645, -6.703790000308132, 0.0 ], [ 106.6135599995945, -6.70394999959262, 0.0 ], [ 106.613240000126069, -6.704109999776477, 0.0 ], [ 106.612939999781332, -6.704220000352592, 0.0 ], [ 106.612569999805871, -6.704120000237648, 0.0 ], [ 106.612139999761411, -6.704200000329621, 0.0 ], [ 106.611600000040113, -6.704260000398534, 0.0 ], [ 106.611230000064566, -6.704319999568167, 0.0 ], [ 106.610889999673972, -6.704430000144193, 0.0 ], [ 106.610619999813281, -6.70459999988994, 0.0 ], [ 106.610329999929704, -6.704840000165682, 0.0 ], [ 106.610169999745935, -6.705099999565203, 0.0 ], [ 106.610049999607924, -6.705450000417059, 0.0 ], [ 106.610009999561981, -6.705829999954318, 0.0 ], [ 106.609970000415416, -6.706079999792038, 0.0 ], [ 106.609939999931186, -6.70630999960661, 0.0 ], [ 106.609859999839301, -6.706380000136694, 0.0 ], [ 106.609670000070579, -6.70652000029758, 0.0 ], [ 106.609679999632476, -6.706600000389553, 0.0 ], [ 106.609879999862272, -6.707030000434013, 0.0 ], [ 106.609939999931186, -6.707180000156701, 0.0 ], [ 106.609959999954157, -6.707309999856417, 0.0 ], [ 106.610049999607924, -6.70738999994839, 0.0 ], [ 106.610289999883761, -6.707630000224221, 0.0 ], [ 106.610308587971105, -6.707675755931266, 0.0 ], [ 106.610419999583485, -6.707949999692566, 0.0 ], [ 106.610590000228513, -6.708299999645142, 0.0 ], [ 106.610730000389395, -6.708499999874942, 0.0 ], [ 106.61102999983477, -6.7086699996206, 0.0 ], [ 106.611580000017142, -6.708980000426514, 0.0 ], [ 106.611680000132083, -6.709030000034346, 0.0 ], [ 106.611940000430891, -6.709170000195144, 0.0 ], [ 106.612310000406353, -6.709339999940891, 0.0 ], [ 106.612449999667945, -6.709460000078806, 0.0 ], [ 106.612500000175061, -6.709660000308606, 0.0 ], [ 106.612540000221003, -6.709819999593183, 0.0 ], [ 106.612609999851813, -6.710010000261182, 0.0 ], [ 106.612700000404857, -6.71018000000684, 0.0 ], [ 106.612709999966668, -6.710400000259611, 0.0 ], [ 106.612739999551522, -6.710540000420497, 0.0 ], [ 106.61283000010458, -6.710790000258129, 0.0 ], [ 106.613079999942215, -6.711120000187734, 0.0 ], [ 106.613103269900165, -6.71114777395049, 0.0 ], [ 106.613389999848749, -6.711490000163192, 0.0 ], [ 106.613449999917762, -6.711550000232105, 0.0 ], [ 106.613329999779836, -6.711789999608655, 0.0 ], [ 106.613149999573011, -6.712359999814002, 0.0 ], [ 106.612999999850246, -6.712399999859944, 0.0 ], [ 106.612640000335944, -6.712490000412998, 0.0 ], [ 106.612440000106147, -6.712620000112715, 0.0 ], [ 106.612130000199514, -6.712709999766489, 0.0 ], [ 106.611729999739822, -6.712640000135774, 0.0 ], [ 106.611609999601995, -6.712569999605691, 0.0 ], [ 106.611559999994171, -6.712510000435969, 0.0 ], [ 106.611439999856259, -6.712510000435969, 0.0 ], [ 106.611279999672405, -6.712499999974888, 0.0 ], [ 106.611160000433856, -6.712519999997859, 0.0 ], [ 106.610900000135047, -6.712379999836973, 0.0 ], [ 106.610750000412366, -6.712609999651633, 0.0 ], [ 106.610550000182471, -6.71276000027369, 0.0 ], [ 106.610280000321964, -6.71295999960412, 0.0 ], [ 106.610189999768906, -6.713190000318061, 0.0 ], [ 106.610120000138096, -6.713320000017777, 0.0 ], [ 106.610009999561981, -6.713369999625609, 0.0 ], [ 106.609859999839301, -6.713480000201724, 0.0 ], [ 106.609799999770388, -6.713620000362521, 0.0 ], [ 106.609759999724361, -6.713710000016295, 0.0 ], [ 106.609699999655447, -6.713879999762042, 0.0 ], [ 106.609650000047608, -6.713919999807985, 0.0 ], [ 106.609400000210073, -6.713930000269155, 0.0 ], [ 106.609150000372352, -6.714100000014813, 0.0 ], [ 106.608809999981659, -6.714309999806503, 0.0 ], [ 106.60868000028195, -6.714449999967389, 0.0 ], [ 106.608660000258979, -6.714579999667105, 0.0 ], [ 106.608609999751863, -6.714989999688594, 0.0 ], [ 106.608299999845315, -6.715370000125223, 0.0 ], [ 106.608219999753345, -6.715459999778997, 0.0 ], [ 106.608270000260461, -6.71574999966257, 0.0 ], [ 106.608319999868286, -6.715929999869488, 0.0 ], [ 106.608279999822258, -6.716020000422542, 0.0 ], [ 106.608230000214519, -6.716130000099287, 0.0 ], [ 106.60811999963849, -6.716489999613664, 0.0 ], [ 106.608009999961752, -6.716859999589122, 0.0 ], [ 106.607980000376884, -6.717170000395036, 0.0 ], [ 106.607909999846797, -6.71746000027861, 0.0 ], [ 106.607530000309453, -6.717779999747044, 0.0 ], [ 106.607419999733423, -6.717979999976844, 0.0 ], [ 106.607410000171541, -6.718240000275646, 0.0 ], [ 106.607490000263425, -6.718439999606076, 0.0 ], [ 106.607630000424393, -6.718570000205162, 0.0 ], [ 106.607590000378366, -6.71896000020368, 0.0 ], [ 106.607570000355395, -6.719160000433568, 0.0 ], [ 106.607160000333906, -6.719270000110313, 0.0 ], [ 106.606949999642936, -6.719359999763999, 0.0 ], [ 106.606770000335388, -6.719459999878943, 0.0 ], [ 106.606570000105592, -6.719589999578659, 0.0 ], [ 106.606429999944709, -6.719749999762517, 0.0 ], [ 106.606389999898767, -6.720019999623119, 0.0 ], [ 106.606409999921738, -6.720509999736493, 0.0 ], [ 106.606490000013622, -6.720700000404491, 0.0 ], [ 106.60659999969036, -6.720959999804013, 0.0 ], [ 106.606770000335388, -6.72113000044904, 0.0 ], [ 106.606920000058167, -6.721189999618584, 0.0 ], [ 106.607379999687396, -6.72132000021767, 0.0 ], [ 106.608150000122549, -6.721559999594131, 0.0 ], [ 106.608419999983226, -6.721679999732046, 0.0 ], [ 106.609790000208505, -6.722300000444505, 0.0 ], [ 106.609930000369388, -6.722490000213135, 0.0 ], [ 106.610120000138096, -6.722849999727512, 0.0 ], [ 106.610080000092154, -6.722909999796514, 0.0 ], [ 106.609979999977213, -6.723090000003342, 0.0 ], [ 106.609890000323446, -6.723270000210171, 0.0 ], [ 106.609750000162563, -6.723279999771972, 0.0 ], [ 106.609529999909697, -6.722949999842456, 0.0 ], [ 106.609389999748899, -6.722760000073738, 0.0 ], [ 106.609269999610987, -6.722650000397081, 0.0 ], [ 106.60911000032641, -6.72261999991294, 0.0 ], [ 106.609019999773352, -6.722639999935911, 0.0 ], [ 106.608879999612469, -6.722840000165711, 0.0 ], [ 106.608820000442833, -6.723060000418482, 0.0 ], [ 106.60883000000463, -6.723210000141258, 0.0 ], [ 106.609079999842265, -6.723410000371057, 0.0 ], [ 106.609289999633958, -6.723709999816521, 0.0 ], [ 106.609320000118089, -6.723800000369575, 0.0 ], [ 106.60919000041838, -6.723999999700094, 0.0 ], [ 106.608950000142556, -6.724239999975836, 0.0 ], [ 106.60876000037392, -6.724360000113752, 0.0 ], [ 106.608290000283432, -6.724380000136723, 0.0 ], [ 106.608199999730374, -6.724386000413443, 0.0 ], [ 106.608139999661461, -6.724389999698612, 0.0 ], [ 106.607940000330942, -6.72454000032058, 0.0 ], [ 106.607619999963219, -6.724890000273156, 0.0 ], [ 106.607410000171541, -6.725120000087728, 0.0 ], [ 106.607339999641454, -6.725260000248614, 0.0 ], [ 106.607339999641454, -6.725429999994361, 0.0 ], [ 106.607660000009162, -6.72584000001585, 0.0 ], [ 106.607709999617001, -6.725909999646564, 0.0 ], [ 106.607709999617001, -6.726009999761509, 0.0 ], [ 106.607590000378366, -6.726160000383565, 0.0 ], [ 106.607399999710367, -6.726299999645082, 0.0 ], [ 106.607270000010658, -6.726410000221197, 0.0 ], [ 106.607209999941745, -6.72647000029011, 0.0 ], [ 106.607040000196079, -6.726920000357541, 0.0 ], [ 106.606989999688878, -6.727019999573116, 0.0 ], [ 106.606859999989155, -6.72711000012626, 0.0 ], [ 106.606610000151534, -6.72713999971112, 0.0 ], [ 106.606400000359841, -6.727130000149231, 0.0 ], [ 106.606340000290928, -6.727179999757062, 0.0 ], [ 106.606510000036593, -6.727660000308635, 0.0 ], [ 106.606579999667389, -6.727899999685096, 0.0 ], [ 106.606570000105592, -6.728050000307153, 0.0 ], [ 106.606469999990651, -6.72820000002984, 0.0 ], [ 106.606340000290928, -6.728240000075782, 0.0 ], [ 106.605629999924787, -6.727919999708067, 0.0 ], [ 106.605489999763805, -6.727899999685096, 0.0 ], [ 106.605360000064181, -6.72797000021518, 0.0 ], [ 106.605299999995182, -6.728079999891925, 0.0 ], [ 106.605291828755043, -6.728382323185524, 0.0 ], [ 106.605290000433371, -6.728449999867472, 0.0 ], [ 106.605290000433371, -6.728549999982327, 0.0 ], [ 106.605279999972211, -6.729089999703532, 0.0 ], [ 106.605279999972211, -6.729160000233705, 0.0 ], [ 106.605279999972211, -6.729309999956392, 0.0 ], [ 106.605299999995182, -6.729459999679079, 0.0 ], [ 106.605520000247949, -6.729699999954821, 0.0 ], [ 106.605680000431803, -6.729860000138768, 0.0 ], [ 106.605750000062613, -6.729969999815424, 0.0 ], [ 106.605739999601525, -6.730109999976399, 0.0 ], [ 106.605669999970729, -6.730170000045312, 0.0 ], [ 106.605290000433371, -6.730120000437481, 0.0 ], [ 106.605159999834285, -6.730089999953339, 0.0 ], [ 106.604990000088634, -6.730089999953339, 0.0 ], [ 106.604939999581518, -6.730230000114226, 0.0 ], [ 106.605070000180518, -6.730510000435999, 0.0 ], [ 106.605199999880227, -6.730729999789489, 0.0 ], [ 106.605301991094194, -6.731128690836243, 0.0 ], [ 106.60530999955698, -6.731159999833949, 0.0 ], [ 106.605349999603007, -6.731420000132751, 0.0 ], [ 106.605380000087152, -6.731719999578125, 0.0 ], [ 106.605420000133094, -6.731779999647127, 0.0 ], [ 106.605329999579951, -6.732180000106815, 0.0 ], [ 106.60525999994924, -6.732400000359586, 0.0 ], [ 106.604939999581518, -6.73269000024316, 0.0 ], [ 106.604829999904695, -6.732750000312073, 0.0 ], [ 106.604529999559944, -6.732710000266131, 0.0 ], [ 106.604490647025912, -6.732710000266131, 0.0 ], [ 106.604430000344365, -6.732710000266131, 0.0 ], [ 106.604319999768336, -6.732850000427018, 0.0 ], [ 106.604250000137625, -6.733129999849421, 0.0 ], [ 106.604250000137625, -6.733220000402564, 0.0 ], [ 106.604390000298423, -6.733359999664081, 0.0 ], [ 106.604430000344365, -6.733459999779026, 0.0 ], [ 106.604370000275452, -6.73355999989397, 0.0 ], [ 106.604080000391889, -6.733570000355051, 0.0 ], [ 106.603860000139107, -6.733599999939912, 0.0 ], [ 106.603719999978225, -6.733650000447025, 0.0 ], [ 106.603309999956736, -6.734040000445543, 0.0 ], [ 106.603180000257026, -6.734230000214172, 0.0 ], [ 106.603260000348911, -6.734700000304574, 0.0 ], [ 106.603249999887737, -6.734789999958348, 0.0 ], [ 106.603051504223743, -6.734828514324267, 0.0 ], [ 106.602836425960447, -6.734870245565219, 0.0 ], [ 106.602814165941197, -6.734874565009044, 0.0 ], [ 106.602579999567524, -6.734919999658064, 0.0 ], [ 106.60248000035196, -6.734950000142206, 0.0 ], [ 106.602420000282962, -6.735159999933895, 0.0 ], [ 106.602429999844759, -6.735560000393583, 0.0 ], [ 106.602429999844759, -6.735650000047357, 0.0 ], [ 106.602349999752875, -6.7356999996551, 0.0 ], [ 106.602119999938211, -6.735619999563127, 0.0 ], [ 106.601950000192545, -6.735560000393583, 0.0 ], [ 106.601652747276674, -6.735560000393583, 0.0 ], [ 106.601600000239984, -6.735560000393583, 0.0 ], [ 106.601480000102057, -6.735589999978355, 0.0 ], [ 106.601379999987117, -6.7356900000933, 0.0 ], [ 106.60115999973435, -6.7358999998849, 0.0 ], [ 106.601059999619494, -6.736089999653618, 0.0 ], [ 106.601010000011655, -6.736249999837476, 0.0 ], [ 106.600889999873743, -6.73634999995242, 0.0 ], [ 106.600709999666918, -6.736450000067276, 0.0 ], [ 106.600649999598005, -6.736439999606105, 0.0 ], [ 106.600359999714428, -6.736410000021333, 0.0 ], [ 106.600189999968677, -6.736439999606105, 0.0 ], [ 106.59988999962394, -6.736730000389048, 0.0 ], [ 106.599450000017669, -6.736889999673537, 0.0 ], [ 106.599069999580962, -6.737020000272622, 0.0 ], [ 106.598839999766383, -6.737109999926396, 0.0 ], [ 106.598779999697385, -6.736989999788481, 0.0 ], [ 106.598640000435864, -6.736900000134707, 0.0 ], [ 106.598520000297952, -6.736889999673537, 0.0 ], [ 106.598210000391319, -6.737000000249651, 0.0 ], [ 106.598053842111327, -6.737043377249865, 0.0 ], [ 106.598030000184494, -6.737049999857483, 0.0 ], [ 106.59776999988577, -6.737040000295593, 0.0 ], [ 106.597569999655974, -6.737020000272622, 0.0 ], [ 106.597170000095659, -6.736929999719568, 0.0 ], [ 106.596820000143083, -6.736989999788481, 0.0 ], [ 106.596499999775375, -6.737080000341535, 0.0 ], [ 106.595949999592989, -6.737319999718085, 0.0 ], [ 106.595619999663384, -6.737490000363024, 0.0 ], [ 106.595149999572982, -6.737729999739575, 0.0 ], [ 106.594759999574464, -6.737909999946403, 0.0 ], [ 106.594640000335914, -6.737929999969374, 0.0 ], [ 106.594460000129089, -6.737979999577117, 0.0 ], [ 106.594059999669412, -6.738099999715033, 0.0 ], [ 106.593889999923746, -6.738150000222145, 0.0 ], [ 106.593569999556024, -6.738409999621666, 0.0 ], [ 106.593330000179577, -6.738640000335607, 0.0 ], [ 106.59317999955752, -6.73891000019621, 0.0 ], [ 106.593009999811855, -6.739079999941868, 0.0 ], [ 106.592960000204016, -6.739169999595642, 0.0 ], [ 106.592800000020162, -6.739480000401556, 0.0 ], [ 106.59267999988225, -6.739659999709016, 0.0 ], [ 106.592570000205512, -6.739750000262159, 0.0 ], [ 106.592450000067586, -6.73977000028513, 0.0 ], [ 106.592320000367963, -6.739739999800989, 0.0 ], [ 106.592209999791848, -6.739779999846931, 0.0 ], [ 106.592009999561952, -6.740180000306619, 0.0 ], [ 106.591828162939493, -6.740290682568819, 0.0 ], [ 106.591779999747388, -6.740319999568136, 0.0 ], [ 106.591619999563449, -6.74041999968308, 0.0 ], [ 106.591440000255986, -6.740590000328108, 0.0 ], [ 106.591329999679957, -6.74065000039711, 0.0 ], [ 106.591136244342323, -6.740759970396173, 0.0 ], [ 106.59095999970441, -6.740860000188711, 0.0 ], [ 106.590359999914284, -6.741139999611114, 0.0 ], [ 106.590059999569547, -6.7412700002102, 0.0 ], [ 106.58980000017003, -6.741399999909916, 0.0 ], [ 106.589339999641425, -6.741580000116745, 0.0 ], [ 106.589180000356933, -6.741680000231689, 0.0 ], [ 106.589060000219021, -6.741760000323573, 0.0 ], [ 106.588859999989126, -6.741910000046261, 0.0 ], [ 106.588420000382868, -6.742289999583608, 0.0 ], [ 106.588140000061102, -6.742629999974383, 0.0 ], [ 106.587925869683318, -6.742931727916748, 0.0 ], [ 106.587257595162086, -6.742310913317819, 0.0 ], [ 106.586715921802494, -6.74157086840065, 0.0 ], [ 106.586212378798393, -6.740664394945686, 0.0 ], [ 106.585693578795798, -6.739661130156929, 0.0 ], [ 106.585060337364865, -6.73810806663381, 0.0 ], [ 106.58474754776131, -6.737238323289798, 0.0 ], [ 106.584640721791999, -6.73668712161323, 0.0 ], [ 106.584648363331482, -6.736079607088055, 0.0 ], [ 106.584800936913879, -6.734852704288699, 0.0 ], [ 106.584915380140856, -6.733498012323249, 0.0 ], [ 106.584915380140856, -6.732836165256675, 0.0 ], [ 106.58478567991537, -6.732271593359176, 0.0 ], [ 106.584182951582164, -6.730695631298236, 0.0 ], [ 106.583854905879392, -6.729653267584048, 0.0 ], [ 106.583664151579484, -6.728686732906244, 0.0 ], [ 106.583603122686156, -6.727700610994205, 0.0 ], [ 106.583671768837235, -6.726179997708606, 0.0 ], [ 106.583618379684665, -6.725083761905939, 0.0 ], [ 106.583481064000068, -6.724410453879184, 0.0 ], [ 106.583328465236661, -6.723510654293055, 0.0 ], [ 106.583084322683561, -6.722728657801138, 0.0 ], [ 106.582748636340654, -6.721862225760979, 0.0 ], [ 106.582374793562053, -6.721113597714137, 0.0 ], [ 106.581794940384412, -6.720291052589857, 0.0 ], [ 106.581400156891931, -6.71976966523772, 0.0 ], [ 106.581381282820118, -6.719744737829227, 0.0 ], [ 106.580978608676048, -6.719212927334564, 0.0 ], [ 106.580177534865555, -6.718589695357959, 0.0 ], [ 106.579208606192438, -6.718071862126553, 0.0 ], [ 106.57831593912951, -6.717747611562821, 0.0 ], [ 106.577247825127188, -6.71748344830231, 0.0 ], [ 106.57645439195683, -6.717366611080102, 0.0 ], [ 106.575859280881303, -6.717398552301148, 0.0 ], [ 106.575539999971141, -6.717529999909413, 0.0 ], [ 106.57537000022549, -6.716419999982861, 0.0 ], [ 106.575129999949652, -6.715350000102251, 0.0 ], [ 106.574889999673914, -6.714449999967389, 0.0 ], [ 106.574539999721338, -6.713560000293608, 0.0 ], [ 106.574200000230022, -6.712519999997859, 0.0 ], [ 106.573870000300502, -6.711359999564195, 0.0 ], [ 106.573630000024679, -6.71018000000684, 0.0 ], [ 106.573480000301984, -6.709270000310088, 0.0 ], [ 106.573300000095159, -6.707779999946908, 0.0 ], [ 106.573249999587958, -6.707060000018785, 0.0 ], [ 106.573210000441378, -6.705729999839463, 0.0 ], [ 106.573280000072188, -6.704140000260619, 0.0 ], [ 106.573409999771812, -6.702739999551213, 0.0 ], [ 106.573520000347926, -6.701550000431968, 0.0 ], [ 106.573614514598304, -6.701042603832921, 0.0 ], [ 106.573710000116563, -6.700530000159191, 0.0 ], [ 106.573890000323473, -6.700269999860478, 0.0 ], [ 106.574189999768848, -6.700109999676531, 0.0 ], [ 106.57473999995122, -6.699950000392043, 0.0 ], [ 106.575559999994198, -6.699899999884931, 0.0 ], [ 106.576700000404898, -6.69987999986196, 0.0 ], [ 106.578089999753843, -6.699839999816017, 0.0 ], [ 106.578709999567025, -6.699739999701073, 0.0 ], [ 106.579049999957718, -6.699589999978386, 0.0 ], [ 106.57945000041731, -6.699979999976815, 0.0 ], [ 106.580090000253463, -6.700349999952362, 0.0 ], [ 106.580819999743383, -6.700550000182162, 0.0 ], [ 106.581670000270506, -6.700679999881878, 0.0 ], [ 106.582689999643918, -6.700599999789993, 0.0 ], [ 106.583780000446865, -6.700360000413532, 0.0 ], [ 106.584549999982727, -6.700169999745533, 0.0 ], [ 106.584671805059955, -6.700143749434364, 0.0 ], [ 106.585710000416398, -6.699919999907902, 0.0 ], [ 106.58637999983732, -6.699850000277099, 0.0 ], [ 106.587270000410371, -6.699830000254128, 0.0 ], [ 106.588550000082591, -6.699630000024328, 0.0 ], [ 106.589350000102598, -6.699440000255699, 0.0 ], [ 106.589702659350451, -6.699277233757197, 0.0 ], [ 106.589740000101116, -6.699260000048781, 0.0 ], [ 106.589980000376855, -6.698999999749979, 0.0 ], [ 106.590090000053607, -6.698549999682637, 0.0 ], [ 106.590119999638461, -6.697829999754514, 0.0 ], [ 106.590179999707374, -6.697260000448537, 0.0 ], [ 106.590239999776287, -6.696719999827963, 0.0 ], [ 106.590359999914284, -6.696050000407041, 0.0 ], [ 106.590449999568065, -6.695710000016355, 0.0 ], [ 106.59046000002914, -6.694880000411487, 0.0 ], [ 106.590509999636978, -6.694669999720517, 0.0 ], [ 106.590649999797861, -6.694430000344056, 0.0 ], [ 106.59087999961244, -6.694179999607144, 0.0 ], [ 106.591260000049147, -6.693780000046825, 0.0 ], [ 106.591360000164102, -6.693650000347109, 0.0 ], [ 106.591560000393898, -6.693430000094249, 0.0 ], [ 106.591810000231447, -6.693280000371562, 0.0 ], [ 106.592120000138067, -6.693049999657621, 0.0 ], [ 106.592369999975702, -6.692770000235129, 0.0 ], [ 106.592419999583541, -6.692639999636132, 0.0 ], [ 106.592499999675425, -6.692509999936327, 0.0 ], [ 106.592519999698396, -6.692429999844443, 0.0 ], [ 106.592639999836308, -6.691979999777011, 0.0 ], [ 106.592710000366395, -6.691709999916409, 0.0 ], [ 106.592789999558988, -6.691560000193721, 0.0 ], [ 106.592869999650972, -6.691489999663549, 0.0 ], [ 106.593160000433826, -6.691469999640578, 0.0 ], [ 106.593359999764346, -6.691469999640578, 0.0 ], [ 106.593539999971171, -6.69152000014769, 0.0 ], [ 106.593800000269965, -6.691110000126201, 0.0 ], [ 106.593929999969689, -6.690969999965404, 0.0 ], [ 106.594239999876237, -6.69066000005877, 0.0 ], [ 106.594449999667916, -6.690330000129254, 0.0 ], [ 106.594520000198003, -6.690209999991339, 0.0 ], [ 106.594569999805842, -6.68981000043102, 0.0 ], [ 106.594600000289972, -6.689630000224192, 0.0 ], [ 106.594609999851784, -6.689450000017274, 0.0 ], [ 106.594739999551493, -6.68914999967253, 0.0 ], [ 106.595380000287008, -6.688569999905383, 0.0 ], [ 106.595659999709326, -6.687990000138235, 0.0 ], [ 106.595579999617442, -6.687860000438519, 0.0 ], [ 106.595480000401864, -6.68764000018566, 0.0 ], [ 106.59548999996376, -6.687489999563692, 0.0 ], [ 106.59548999996376, -6.687319999817944, 0.0 ], [ 106.595340000240981, -6.6870099999114, 0.0 ], [ 106.595309999756836, -6.686880000211683, 0.0 ], [ 106.595360000263952, -6.686700000004855, 0.0 ], [ 106.595449999917733, -6.686260000398505, 0.0 ], [ 106.595530000009703, -6.685879999961877, 0.0 ], [ 106.595570000055645, -6.685790000308103, 0.0 ], [ 106.595659999709326, -6.685699999754959, 0.0 ], [ 106.595799999870309, -6.685590000078303, 0.0 ], [ 106.596100000215046, -6.685369999825443, 0.0 ], [ 106.59676000007417, -6.684999999849897, 0.0 ], [ 106.596800000120112, -6.684859999689099, 0.0 ], [ 106.596880000211996, -6.684720000427493, 0.0 ], [ 106.597020000372879, -6.684620000312549, 0.0 ], [ 106.597210000141601, -6.68444999966761, 0.0 ], [ 106.597250000187543, -6.684330000429064, 0.0 ], [ 106.597230000164572, -6.684159999784036, 0.0 ], [ 106.597139999611429, -6.683840000315602, 0.0 ], [ 106.597060000418907, -6.683450000317084, 0.0 ], [ 106.597000000349908, -6.682969999765511, 0.0 ], [ 106.597080000441878, -6.682770000434992, 0.0 ], [ 106.597150000072688, -6.682639999835907, 0.0 ], [ 106.597250000187543, -6.682470000090248, 0.0 ], [ 106.597279999772311, -6.682260000298648, 0.0 ], [ 106.597230000164572, -6.682120000137761, 0.0 ], [ 106.597130000049631, -6.682040000045788, 0.0 ], [ 106.596929999819821, -6.681970000415074, 0.0 ], [ 106.596670000420403, -6.68187999986193, 0.0 ], [ 106.596490000213478, -6.681719999678073, 0.0 ], [ 106.5962600003989, -6.681420000232698, 0.0 ], [ 106.596100000215046, -6.681360000163696, 0.0 ], [ 106.595910000446338, -6.681380000186756, 0.0 ], [ 106.595610000101587, -6.68144999981747, 0.0 ], [ 106.595380000287008, -6.681460000278641, 0.0 ], [ 106.595378878832349, -6.6814566368142, 0.0 ], [ 106.595360000263952, -6.681400000209727, 0.0 ], [ 106.595369999825749, -6.681139999910926, 0.0 ], [ 106.595400000309979, -6.680749999912408, 0.0 ], [ 106.59542000033295, -6.68058000016666, 0.0 ], [ 106.595659999709326, -6.680440000005863, 0.0 ], [ 106.595710000216528, -6.680379999936861, 0.0 ], [ 106.595779999847338, -6.680290000283176, 0.0 ], [ 106.595910000446338, -6.680110000076258, 0.0 ], [ 106.596049999707844, -6.679909999846458, 0.0 ], [ 106.59619321134781, -6.679710750550552, 0.0 ], [ 106.596280000421871, -6.679590000378024, 0.0 ], [ 106.596430000144565, -6.679499999824969, 0.0 ], [ 106.596749999612911, -6.679350000102282, 0.0 ], [ 106.596820000143083, -6.67931000005634, 0.0 ], [ 106.596960000303966, -6.679229999964367, 0.0 ], [ 106.597060000418907, -6.679149999872394, 0.0 ], [ 106.59719000011863, -6.679060000218708, 0.0 ], [ 106.597310000256456, -6.679069999780509, 0.0 ], [ 106.597430000394368, -6.679060000218708, 0.0 ], [ 106.597529999609947, -6.678949999642594, 0.0 ], [ 106.597740000301002, -6.678759999873964, 0.0 ], [ 106.597890000023696, -6.678690000243162, 0.0 ], [ 106.598039999746376, -6.678630000174248, 0.0 ], [ 106.598190000368348, -6.678559999644076, 0.0 ], [ 106.598369999675896, -6.678479999552192, 0.0 ], [ 106.598710000066575, -6.678329999829504, 0.0 ], [ 106.598779999697385, -6.678149999622676, 0.0 ], [ 106.598830000204586, -6.677879999761984, 0.0 ], [ 106.598819999743327, -6.677609999901382, 0.0 ], [ 106.598779999697385, -6.67738000008681, 0.0 ], [ 106.59880807023643, -6.677243159244242, 0.0 ], [ 106.598939999881239, -6.676600000089774, 0.0 ], [ 106.599109999626904, -6.676439999905917, 0.0 ], [ 106.599329999879757, -6.676330000229171, 0.0 ], [ 106.599400000409844, -6.6763100002062, 0.0 ], [ 106.599519999648479, -6.676279999722059, 0.0 ], [ 106.599909999646997, -6.676179999607115, 0.0 ], [ 106.599951006933622, -6.676038753885241, 0.0 ], [ 106.600000000199969, -6.67586999970057, 0.0 ], [ 106.600000000199969, -6.67565000034708, 0.0 ], [ 106.600020000223026, -6.675519999747994, 0.0 ], [ 106.599860000039172, -6.675049999657592, 0.0 ], [ 106.599860000039172, -6.675015084378479, 0.0 ], [ 106.599860000039172, -6.675011548244161, 0.0 ], [ 106.599860000039172, -6.674850000327073, 0.0 ], [ 106.599920000108085, -6.67479999981996, 0.0 ], [ 106.600189999968677, -6.674529999959358, 0.0 ], [ 106.600189999968677, -6.674429999844413, 0.0 ], [ 106.600109999876793, -6.674300000144697, 0.0 ], [ 106.599980000176998, -6.674079999891926, 0.0 ], [ 106.599989999738881, -6.673899999685098, 0.0 ], [ 106.600279999622458, -6.673810000031324, 0.0 ], [ 106.600579999967195, -6.673689999893408, 0.0 ], [ 106.600729999689889, -6.673540000170721, 0.0 ], [ 106.600999999550581, -6.673230000264176, 0.0 ], [ 106.601120532986343, -6.673083264181159, 0.0 ], [ 106.601243196916201, -6.672934163780511, 0.0 ], [ 106.601250558766438, -6.672925328840709, 0.0 ], [ 106.601279999872261, -6.67288999987349, 0.0 ], [ 106.601379999987117, -6.672769999735486, 0.0 ], [ 106.601549999732867, -6.672680000081712, 0.0 ], [ 106.601879999662373, -6.672590000428027, 0.0 ], [ 106.602110000376413, -6.672570000405056, 0.0 ], [ 106.602360000213949, -6.672620000012799, 0.0 ], [ 106.602739999751392, -6.672760000173685, 0.0 ], [ 106.603260000348911, -6.673050000057259, 0.0 ], [ 106.603590000278501, -6.673190000218234, 0.0 ], [ 106.603909999746861, -6.673270000310119, 0.0 ], [ 106.603980000276934, -6.673219999803006, 0.0 ], [ 106.604080000391889, -6.67307999964212, 0.0 ], [ 106.604270000160597, -6.672720000127743, 0.0 ], [ 106.604660000159029, -6.671940000130707, 0.0 ], [ 106.604800000319912, -6.671840000015852, 0.0 ], [ 106.605010000111605, -6.67177999994685, 0.0 ], [ 106.605320000018153, -6.671719999877936, 0.0 ], [ 106.605520000247949, -6.671610000201191, 0.0 ], [ 106.605739999601525, -6.671409999971392, 0.0 ], [ 106.605850000177554, -6.671189999718532, 0.0 ], [ 106.606180000107074, -6.670409999721496, 0.0 ], [ 106.606300000244985, -6.670119999837922, 0.0 ], [ 106.606400000359841, -6.670039999746038, 0.0 ], [ 106.60655000008262, -6.669950000092264, 0.0 ], [ 106.60667999978233, -6.669849999977409, 0.0 ], [ 106.606799999920241, -6.669749999862464, 0.0 ], [ 106.606980000127081, -6.669489999563663, 0.0 ], [ 106.607009999711849, -6.669410000371059, 0.0 ], [ 106.607189999918674, -6.669009999911371, 0.0 ], [ 106.607339999641454, -6.668670000420054, 0.0 ], [ 106.607490000263425, -6.668530000259167, 0.0 ], [ 106.607504640327079, -6.668481197648948, 0.0 ], [ 106.607550000332424, -6.668330000029279, 0.0 ], [ 106.607559999894221, -6.668060000168765, 0.0 ], [ 106.607514070618024, -6.667869723408817, 0.0 ], [ 106.607490000263425, -6.667770000285103, 0.0 ], [ 106.607270000010658, -6.667269999710559, 0.0 ], [ 106.606992823560148, -6.667184601887701, 0.0 ], [ 106.6065547790799, -6.667049640628289, 0.0 ], [ 106.606518691084915, -6.667038522309756, 0.0 ], [ 106.606263119047867, -6.666844112265871, 0.0 ], [ 106.60610185081994, -6.666721438443481, 0.0 ], [ 106.60600338314984, -6.666367934732289, 0.0 ], [ 106.606228020307071, -6.664839329171581, 0.0 ], [ 106.606254384832113, -6.664659920718599, 0.0 ], [ 106.605934257659968, -6.664156764422948, 0.0 ], [ 106.605959444972555, -6.663740940391918, 0.0 ], [ 106.606082494711487, -6.663492864204148, 0.0 ], [ 106.606586821924452, -6.663508914404694, 0.0 ], [ 106.607118063148278, -6.663639869184426, 0.0 ], [ 106.607470985897436, -6.663346816102536, 0.0 ], [ 106.607664751127516, -6.663080817325664, 0.0 ], [ 106.607893702332618, -6.662752786012085, 0.0 ], [ 106.607906743401642, -6.662672948697459, 0.0 ], [ 106.607954420060622, -6.662381073727399, 0.0 ], [ 106.607972651117109, -6.662255204613778, 0.0 ], [ 106.607989028670914, -6.662142131054374, 0.0 ], [ 106.608159999684432, -6.6619299998694, 0.0 ], [ 106.608419291317404, -6.661870254308635, 0.0 ], [ 106.608474679662862, -6.661857491130121, 0.0 ], [ 106.608898692021157, -6.661661507272623, 0.0 ], [ 106.609190087652593, -6.661492491385204, 0.0 ], [ 106.609301780752702, -6.661267305641463, 0.0 ], [ 106.60937465911347, -6.661120376204224, 0.0 ], [ 106.609670000070579, -6.660830000404019, 0.0 ], [ 106.609791545243795, -6.660722395621956, 0.0 ], [ 106.609833278283404, -6.660685448774331, 0.0 ], [ 106.610009637135192, -6.660507963071929, 0.0 ], [ 106.610194581814667, -6.660250837905703, 0.0 ], [ 106.610260040768395, -6.660109387138338, 0.0 ], [ 106.610502054626323, -6.659586417878707, 0.0 ], [ 106.610996923669319, -6.659416739190984, 0.0 ], [ 106.61138840305253, -6.660096570899867, 0.0 ], [ 106.611760341067054, -6.660210348628528, 0.0 ], [ 106.612175849436099, -6.660120537832395, 0.0 ], [ 106.612449866568284, -6.660048878952498, 0.0 ], [ 106.612953495007957, -6.659852631593512, 0.0 ], [ 106.613750994912635, -6.659688831774027, 0.0 ], [ 106.613828744001495, -6.65967286341175, 0.0 ], [ 106.613915938669876, -6.659283374228178, 0.0 ], [ 106.614074080854294, -6.65894672561075, 0.0 ], [ 106.614400223591645, -6.658582993010533, 0.0 ], [ 106.61484999972788, -6.658430000344087, 0.0 ], [ 106.615107410878494, -6.658412616448874, 0.0 ], [ 106.61556963273253, -6.658142675943548, 0.0 ], [ 106.615716676383656, -6.658056803278658, 0.0 ], [ 106.615760000323917, -6.65786000013874, 0.0 ], [ 106.615865882904401, -6.657693647143983, 0.0 ], [ 106.616007197874083, -6.657622420837885, 0.0 ], [ 106.616272136350219, -6.657480025782405, 0.0 ], [ 106.616599405038727, -6.657461264125821, 0.0 ], [ 106.616891779132459, -6.657592991423247, 0.0 ], [ 106.617070189337909, -6.658043529285287, 0.0 ], [ 106.617291732827326, -6.658157796245092, 0.0 ], [ 106.617601628412615, -6.658236391596031, 0.0 ], [ 106.617734095852029, -6.658165194068335, 0.0 ], [ 106.617830829629284, -6.657987965572012, 0.0 ], [ 106.617892091447032, -6.657784317691942, 0.0 ], [ 106.617687689935138, -6.657501929670175, 0.0 ], [ 106.617289069035479, -6.657344015913438, 0.0 ], [ 106.61727935276005, -6.657078680836239, 0.0 ], [ 106.617578084161437, -6.656449669816258, 0.0 ], [ 106.61755969482428, -6.656237437907322, 0.0 ], [ 106.617329421615693, -6.656158581753004, 0.0 ], [ 106.617064052364313, -6.656168295330414, 0.0 ], [ 106.616868412047751, -6.655859342234685, 0.0 ], [ 106.616824681613892, -6.655665577903971, 0.0 ], [ 106.616724782223088, -6.65522293339146, 0.0 ], [ 106.616777770278105, -6.654803462609529, 0.0 ], [ 106.616785145618167, -6.654745075924353, 0.0 ], [ 106.617099637638333, -6.654458696711387, 0.0 ], [ 106.617155604247898, -6.65440773392957, 0.0 ], [ 106.617588828361903, -6.654326706811933, 0.0 ], [ 106.61825206308238, -6.654244926062383, 0.0 ], [ 106.618516910726996, -6.654075993811883, 0.0 ], [ 106.618471721592869, -6.653784240250307, 0.0 ], [ 106.617992471075823, -6.653316994783367, 0.0 ], [ 106.61825760830213, -6.653236517151431, 0.0 ], [ 106.618477904431913, -6.65297043024097, 0.0 ], [ 106.618857235773007, -6.652641904300296, 0.0 ], [ 106.619590776793103, -6.652418364315906, 0.0 ], [ 106.61994487225823, -6.652487968245016, 0.0 ], [ 106.62029853155218, -6.652424890696054, 0.0 ], [ 106.620677600291145, -6.65201675496915, 0.0 ], [ 106.620942387681211, -6.651830131255423, 0.0 ], [ 106.620952887266142, -6.652334291194464, 0.0 ], [ 106.621073076261609, -6.652485070629357, 0.0 ], [ 106.621121668430391, -6.652546030274866, 0.0 ], [ 106.62123732124553, -6.652688784159935, 0.0 ], [ 106.621352185355221, -6.652683621152047, 0.0 ], [ 106.621438815249334, -6.652826919126866, 0.0 ], [ 106.621463203064565, -6.652965635055832, 0.0 ], [ 106.621611566920521, -6.653066174763946, 0.0 ], [ 106.621798488309736, -6.653031540972645, 0.0 ], [ 106.621923584905659, -6.653227360254323, 0.0 ], [ 106.622129582714251, -6.653279331176023, 0.0 ], [ 106.622626923094145, -6.653134116745942, 0.0 ], [ 106.622995368141957, -6.653094619420976, 0.0 ], [ 106.62325076301245, -6.653025624332933, 0.0 ], [ 106.623325190905007, -6.652954739769292, 0.0 ], [ 106.623545249613784, -6.65291572897754, 0.0 ], [ 106.623679056143715, -6.652848285220028, 0.0 ], [ 106.623923096174124, -6.652823552964406, 0.0 ], [ 106.624286629124811, -6.652745782291838, 0.0 ], [ 106.624429708564392, -6.652587372109355, 0.0 ], [ 106.624611207041795, -6.652467123758612, 0.0 ], [ 106.624917363245913, -6.652408684912672, 0.0 ], [ 106.625011822637688, -6.65232153521055, 0.0 ], [ 106.625146428664991, -6.652197346030544, 0.0 ], [ 106.62536149703557, -6.652096130931486, 0.0 ], [ 106.625552332274466, -6.651904061822869, 0.0 ], [ 106.625603977641646, -6.651597583661353, 0.0 ], [ 106.626427324061936, -6.651609235277824, 0.0 ], [ 106.626524287166333, -6.650768451902369, 0.0 ], [ 106.6265341374407, -6.650730701960175, 0.0 ], [ 106.626719759309594, -6.650019345416283, 0.0 ], [ 106.627038881039709, -6.649188154209842, 0.0 ], [ 106.626961758778336, -6.64873804982097, 0.0 ], [ 106.627133539181656, -6.648687339748829, 0.0 ], [ 106.627265072225498, -6.648333087801586, 0.0 ], [ 106.627300000095062, -6.648130000199206, 0.0 ], [ 106.627219327310257, -6.647873271634044, 0.0 ], [ 106.627094603933031, -6.647608316970057, 0.0 ], [ 106.627315067336653, -6.647395299952965, 0.0 ], [ 106.627677043560851, -6.647172973154039, 0.0 ], [ 106.627995137365829, -6.647056935429099, 0.0 ], [ 106.628331126780253, -6.647002756671707, 0.0 ], [ 106.628437283653952, -6.647002406835458, 0.0 ], [ 106.628888423162365, -6.646992077222382, 0.0 ], [ 106.629162255034203, -6.646867338556675, 0.0 ], [ 106.629391214333197, -6.646548147578848, 0.0 ], [ 106.629434397079905, -6.64622956813993, 0.0 ], [ 106.629362548443083, -6.64590252068459, 0.0 ], [ 106.629272686385562, -6.645478234033178, 0.0 ], [ 106.629351808739116, -6.645327600288322, 0.0 ], [ 106.629420230959099, -6.645239935274585, 0.0 ], [ 106.62944871158895, -6.645203444383299, 0.0 ], [ 106.629598983806204, -6.645167567728851, 0.0 ], [ 106.629722717029949, -6.645131778308802, 0.0 ], [ 106.629837982237291, -6.645211007681731, 0.0 ], [ 106.630024921613, -6.6455642119187, 0.0 ], [ 106.630184390297572, -6.645634450769169, 0.0 ], [ 106.630458715897234, -6.645660084145391, 0.0 ], [ 106.630652346228914, -6.645358699744044, 0.0 ], [ 106.630642217164834, -6.644969531618408, 0.0 ], [ 106.630790000058667, -6.64458000016678, 0.0 ], [ 106.630852898642516, -6.64447349075882, 0.0 ], [ 106.630937959219679, -6.64441841807534, 0.0 ], [ 106.63097648527669, -6.644393473579804, 0.0 ], [ 106.631233000702565, -6.644383784284038, 0.0 ], [ 106.631418949924722, -6.644436244436971, 0.0 ], [ 106.631835488017543, -6.644664853899709, 0.0 ] ] ] ] } },
{ "type": "Feature", "properties": { "PROVNO": "32", "KABKOTNO": "01", "KECNO": "020", "DESANO": "002", "PROVINSI": "JAWA BARAT", "KABKOT": "BOGOR", "KECAMATAN": "LEUWILIANG", "ID2013": "3201020002", "DESA": "PURASEDA", "DESA_1": "PURASEDA", "ID2012": "3201020002", "IDKAB2": "3201", "IDKEC_2": "3201020", "WILAYAH": "BARAT" }, "geometry": { "type": "MultiPolygon", "coordinates": [ [ [ [ 106.606343272923851, -6.643046487904982, 0.0 ], [ 106.607209993646421, -6.643313643209883, 0.0 ], [ 106.607657425250096, -6.643479756984974, 0.0 ], [ 106.607936337392189, -6.643588948171288, 0.0 ], [ 106.608219999753345, -6.6437000000548, 0.0 ], [ 106.608420203229983, -6.643879492144702, 0.0 ], [ 106.608800000419862, -6.644219999753034, 0.0 ], [ 106.60904161407943, -6.644438382125486, 0.0 ], [ 106.609320000118089, -6.644689999843436, 0.0 ], [ 106.609890000323446, -6.645380000186698, 0.0 ], [ 106.610180000207009, -6.645819999792959, 0.0 ], [ 106.610419999583485, -6.646280000321649, 0.0 ], [ 106.610481127402281, -6.646410226650481, 0.0 ], [ 106.610650000297426, -6.646770000435023, 0.0 ], [ 106.610990366712201, -6.647579521577498, 0.0 ], [ 106.611020000272958, -6.647649999647633, 0.0 ], [ 106.611230000064566, -6.648010000061291, 0.0 ], [ 106.611450000317433, -6.648380000036838, 0.0 ], [ 106.611781712556166, -6.648763185872166, 0.0 ], [ 106.611788810905097, -6.648771385890608, 0.0 ], [ 106.612030000084573, -6.64905000035704, 0.0 ], [ 106.612380000037149, -6.649329999779532, 0.0 ], [ 106.612790000058638, -6.649550000032303, 0.0 ], [ 106.613280000172011, -6.649730000239131, 0.0 ], [ 106.613587094369109, -6.649790083045772, 0.0 ], [ 106.613724438832023, -6.64981695478847, 0.0 ], [ 106.613739999801339, -6.649819999892905, 0.0 ], [ 106.61441999968342, -6.649910000446049, 0.0 ], [ 106.614472815967844, -6.649912854894193, 0.0 ], [ 106.615159999634429, -6.649949999592621, 0.0 ], [ 106.61526306373959, -6.649955152707978, 0.0 ], [ 106.615365463245709, -6.649960273447633, 0.0 ], [ 106.615959999654436, -6.649989999638564, 0.0 ], [ 106.616420000183041, -6.64992000000785, 0.0 ], [ 106.616790000158588, -6.649799999869934, 0.0 ], [ 106.617069999580991, -6.649590000078245, 0.0 ], [ 106.61749000006364, -6.64926999971053, 0.0 ], [ 106.618332402218783, -6.648590061881734, 0.0 ], [ 106.618479899128232, -6.648471011427883, 0.0 ], [ 106.618889999873772, -6.648139999761007, 0.0 ], [ 106.619469999640927, -6.64778999980852, 0.0 ], [ 106.620089080346901, -6.647765022937282, 0.0 ], [ 106.620104745637661, -6.647764390713942, 0.0 ], [ 106.621255361645822, -6.648367975201754, 0.0 ], [ 106.6242726608548, -6.649950764915715, 0.0 ], [ 106.624276095365701, -6.649948610140068, 0.0 ], [ 106.624564045694342, -6.649767937240405, 0.0 ], [ 106.624859998190544, -6.649518090287501, 0.0 ], [ 106.625017279723849, -6.649311772320257, 0.0 ], [ 106.62496854905946, -6.649048699038076, 0.0 ], [ 106.624895489035737, -6.648879421447997, 0.0 ], [ 106.624587323746184, -6.648251299857435, 0.0 ], [ 106.624747787080892, -6.647919203608179, 0.0 ], [ 106.624918036838125, -6.647978156866277, 0.0 ], [ 106.625088143603151, -6.648127949744911, 0.0 ], [ 106.625451982323284, -6.648471729086882, 0.0 ], [ 106.625709111986083, -6.648647794759768, 0.0 ], [ 106.625903298098876, -6.648514473863756, 0.0 ], [ 106.626158478930805, -6.648097897100094, 0.0 ], [ 106.626449801717143, -6.647911184353497, 0.0 ], [ 106.626635751838663, -6.64796364630508, 0.0 ], [ 106.626649999797834, -6.648110000176146, 0.0 ], [ 106.626566666818377, -6.648476911879833, 0.0 ], [ 106.626709316382005, -6.648812572142351, 0.0 ], [ 106.626961758778336, -6.64873804982097, 0.0 ], [ 106.627038881039709, -6.649188154209842, 0.0 ], [ 106.626719759309594, -6.650019345416283, 0.0 ], [ 106.6265341374407, -6.650730701960175, 0.0 ], [ 106.626524287166333, -6.650768451902369, 0.0 ], [ 106.626427324061936, -6.651609235277824, 0.0 ], [ 106.625603977641646, -6.651597583661353, 0.0 ], [ 106.625552332274466, -6.651904061822869, 0.0 ], [ 106.62536149703557, -6.652096130931486, 0.0 ], [ 106.625146428664991, -6.652197346030544, 0.0 ], [ 106.625011822637688, -6.65232153521055, 0.0 ], [ 106.624917363245913, -6.652408684912672, 0.0 ], [ 106.624611207041795, -6.652467123758612, 0.0 ], [ 106.624429708564392, -6.652587372109355, 0.0 ], [ 106.624286629124811, -6.652745782291838, 0.0 ], [ 106.623923096174124, -6.652823552964406, 0.0 ], [ 106.623679056143715, -6.652848285220028, 0.0 ], [ 106.623545249613784, -6.65291572897754, 0.0 ], [ 106.623325190905007, -6.652954739769292, 0.0 ], [ 106.62325076301245, -6.653025624332933, 0.0 ], [ 106.622995368141957, -6.653094619420976, 0.0 ], [ 106.622626923094145, -6.653134116745942, 0.0 ], [ 106.622129582714251, -6.653279331176023, 0.0 ], [ 106.621923584905659, -6.653227360254323, 0.0 ], [ 106.621798488309736, -6.653031540972645, 0.0 ], [ 106.621611566920521, -6.653066174763946, 0.0 ], [ 106.621463203064565, -6.652965635055832, 0.0 ], [ 106.621438815249334, -6.652826919126866, 0.0 ], [ 106.621352185355221, -6.652683621152047, 0.0 ], [ 106.62123732124553, -6.652688784159935, 0.0 ], [ 106.621121668430391, -6.652546030274866, 0.0 ], [ 106.621073076261609, -6.652485070629357, 0.0 ], [ 106.620952887266142, -6.652334291194464, 0.0 ], [ 106.620942387681211, -6.651830131255423, 0.0 ], [ 106.620677600291145, -6.65201675496915, 0.0 ], [ 106.62029853155218, -6.652424890696054, 0.0 ], [ 106.61994487225823, -6.652487968245016, 0.0 ], [ 106.619590776793103, -6.652418364315906, 0.0 ], [ 106.618857235773007, -6.652641904300296, 0.0 ], [ 106.618477904431913, -6.65297043024097, 0.0 ], [ 106.61825760830213, -6.653236517151431, 0.0 ], [ 106.617992471075823, -6.653316994783367, 0.0 ], [ 106.618471721592869, -6.653784240250307, 0.0 ], [ 106.618516910726996, -6.654075993811883, 0.0 ], [ 106.61825206308238, -6.654244926062383, 0.0 ], [ 106.617588828361903, -6.654326706811933, 0.0 ], [ 106.617155604247898, -6.65440773392957, 0.0 ], [ 106.617099637638333, -6.654458696711387, 0.0 ], [ 106.616785145618167, -6.654745075924353, 0.0 ], [ 106.616777770278105, -6.654803462609529, 0.0 ], [ 106.616724782223088, -6.65522293339146, 0.0 ], [ 106.616824681613892, -6.655665577903971, 0.0 ], [ 106.616868412047751, -6.655859342234685, 0.0 ], [ 106.617064052364313, -6.656168295330414, 0.0 ], [ 106.617329421615693, -6.656158581753004, 0.0 ], [ 106.61755969482428, -6.656237437907322, 0.0 ], [ 106.617578084161437, -6.656449669816258, 0.0 ], [ 106.61727935276005, -6.657078680836239, 0.0 ], [ 106.617289069035479, -6.657344015913438, 0.0 ], [ 106.617687689935138, -6.657501929670175, 0.0 ], [ 106.617892091447032, -6.657784317691942, 0.0 ], [ 106.617830829629284, -6.657987965572012, 0.0 ], [ 106.617734095852029, -6.658165194068335, 0.0 ], [ 106.617601628412615, -6.658236391596031, 0.0 ], [ 106.617291732827326, -6.658157796245092, 0.0 ], [ 106.617070189337909, -6.658043529285287, 0.0 ], [ 106.616891779132459, -6.657592991423247, 0.0 ], [ 106.616599405038727, -6.657461264125821, 0.0 ], [ 106.616272136350219, -6.657480025782405, 0.0 ], [ 106.616007197874083, -6.657622420837885, 0.0 ], [ 106.615865882904401, -6.657693647143983, 0.0 ], [ 106.615760000323917, -6.65786000013874, 0.0 ], [ 106.615716676383656, -6.658056803278658, 0.0 ], [ 106.61556963273253, -6.658142675943548, 0.0 ], [ 106.615107410878494, -6.658412616448874, 0.0 ], [ 106.61484999972788, -6.658430000344087, 0.0 ], [ 106.614400223591645, -6.658582993010533, 0.0 ], [ 106.614074080854294, -6.65894672561075, 0.0 ], [ 106.613915938669876, -6.659283374228178, 0.0 ], [ 106.613828744001495, -6.65967286341175, 0.0 ], [ 106.613750994912635, -6.659688831774027, 0.0 ], [ 106.612953495007957, -6.659852631593512, 0.0 ], [ 106.612449866568284, -6.660048878952498, 0.0 ], [ 106.612175849436099, -6.660120537832395, 0.0 ], [ 106.611760341067054, -6.660210348628528, 0.0 ], [ 106.61138840305253, -6.660096570899867, 0.0 ], [ 106.610996923669319, -6.659416739190984, 0.0 ], [ 106.610502054626323, -6.659586417878707, 0.0 ], [ 106.610260040768395, -6.660109387138338, 0.0 ], [ 106.610194581814667, -6.660250837905703, 0.0 ], [ 106.610009637135192, -6.660507963071929, 0.0 ], [ 106.609833278283404, -6.660685448774331, 0.0 ], [ 106.609791545243795, -6.660722395621956, 0.0 ], [ 106.609670000070579, -6.660830000404019, 0.0 ], [ 106.60937465911347, -6.661120376204224, 0.0 ], [ 106.609301780752702, -6.661267305641463, 0.0 ], [ 106.609190087652593, -6.661492491385204, 0.0 ], [ 106.608898692021157, -6.661661507272623, 0.0 ], [ 106.608474679662862, -6.661857491130121, 0.0 ], [ 106.608419291317404, -6.661870254308635, 0.0 ], [ 106.608159999684432, -6.6619299998694, 0.0 ], [ 106.607989028670914, -6.662142131054374, 0.0 ], [ 106.607972651117109, -6.662255204613778, 0.0 ], [ 106.607954420060622, -6.662381073727399, 0.0 ], [ 106.607906743401642, -6.662672948697459, 0.0 ], [ 106.607893702332618, -6.662752786012085, 0.0 ], [ 106.607664751127516, -6.663080817325664, 0.0 ], [ 106.607470985897436, -6.663346816102536, 0.0 ], [ 106.607118063148278, -6.663639869184426, 0.0 ], [ 106.606586821924452, -6.663508914404694, 0.0 ], [ 106.606082494711487, -6.663492864204148, 0.0 ], [ 106.605959444972555, -6.663740940391918, 0.0 ], [ 106.605934257659968, -6.664156764422948, 0.0 ], [ 106.606254384832113, -6.664659920718599, 0.0 ], [ 106.606228020307071, -6.664839329171581, 0.0 ], [ 106.60600338314984, -6.666367934732289, 0.0 ], [ 106.60610185081994, -6.666721438443481, 0.0 ], [ 106.606263119047867, -6.666844112265871, 0.0 ], [ 106.606518691084915, -6.667038522309756, 0.0 ], [ 106.6065547790799, -6.667049640628289, 0.0 ], [ 106.606992823560148, -6.667184601887701, 0.0 ], [ 106.607270000010658, -6.667269999710559, 0.0 ], [ 106.607490000263425, -6.667770000285103, 0.0 ], [ 106.607514070618024, -6.667869723408817, 0.0 ], [ 106.607559999894221, -6.668060000168765, 0.0 ], [ 106.607550000332424, -6.668330000029279, 0.0 ], [ 106.607504640327079, -6.668481197648948, 0.0 ], [ 106.607490000263425, -6.668530000259167, 0.0 ], [ 106.607339999641454, -6.668670000420054, 0.0 ], [ 106.607189999918674, -6.669009999911371, 0.0 ], [ 106.607009999711849, -6.669410000371059, 0.0 ], [ 106.606980000127081, -6.669489999563663, 0.0 ], [ 106.606799999920241, -6.669749999862464, 0.0 ], [ 106.60667999978233, -6.669849999977409, 0.0 ], [ 106.60655000008262, -6.669950000092264, 0.0 ], [ 106.606400000359841, -6.670039999746038, 0.0 ], [ 106.606300000244985, -6.670119999837922, 0.0 ], [ 106.606180000107074, -6.670409999721496, 0.0 ], [ 106.605850000177554, -6.671189999718532, 0.0 ], [ 106.605739999601525, -6.671409999971392, 0.0 ], [ 106.605520000247949, -6.671610000201191, 0.0 ], [ 106.605320000018153, -6.671719999877936, 0.0 ], [ 106.605010000111605, -6.67177999994685, 0.0 ], [ 106.604800000319912, -6.671840000015852, 0.0 ], [ 106.604660000159029, -6.671940000130707, 0.0 ], [ 106.604270000160597, -6.672720000127743, 0.0 ], [ 106.604080000391889, -6.67307999964212, 0.0 ], [ 106.603980000276934, -6.673219999803006, 0.0 ], [ 106.603909999746861, -6.673270000310119, 0.0 ], [ 106.603590000278501, -6.673190000218234, 0.0 ], [ 106.603260000348911, -6.673050000057259, 0.0 ], [ 106.602739999751392, -6.672760000173685, 0.0 ], [ 106.602360000213949, -6.672620000012799, 0.0 ], [ 106.602110000376413, -6.672570000405056, 0.0 ], [ 106.601879999662373, -6.672590000428027, 0.0 ], [ 106.601549999732867, -6.672680000081712, 0.0 ], [ 106.601379999987117, -6.672769999735486, 0.0 ], [ 106.601279999872261, -6.67288999987349, 0.0 ], [ 106.601250558766438, -6.672925328840709, 0.0 ], [ 106.601243196916201, -6.672934163780511, 0.0 ], [ 106.601120532986343, -6.673083264181159, 0.0 ], [ 106.600999999550581, -6.673230000264176, 0.0 ], [ 106.600729999689889, -6.673540000170721, 0.0 ], [ 106.600579999967195, -6.673689999893408, 0.0 ], [ 106.600279999622458, -6.673810000031324, 0.0 ], [ 106.599989999738881, -6.673899999685098, 0.0 ], [ 106.599980000176998, -6.674079999891926, 0.0 ], [ 106.600109999876793, -6.674300000144697, 0.0 ], [ 106.600189999968677, -6.674429999844413, 0.0 ], [ 106.600189999968677, -6.674529999959358, 0.0 ], [ 106.599920000108085, -6.67479999981996, 0.0 ], [ 106.599860000039172, -6.674850000327073, 0.0 ], [ 106.599860000039172, -6.675011548244161, 0.0 ], [ 106.599860000039172, -6.675015084378479, 0.0 ], [ 106.599860000039172, -6.675049999657592, 0.0 ], [ 106.600020000223026, -6.675519999747994, 0.0 ], [ 106.600000000199969, -6.67565000034708, 0.0 ], [ 106.600000000199969, -6.67586999970057, 0.0 ], [ 106.599951006933622, -6.676038753885241, 0.0 ], [ 106.599909999646997, -6.676179999607115, 0.0 ], [ 106.599519999648479, -6.676279999722059, 0.0 ], [ 106.599400000409844, -6.6763100002062, 0.0 ], [ 106.599329999879757, -6.676330000229171, 0.0 ], [ 106.599109999626904, -6.676439999905917, 0.0 ], [ 106.598939999881239, -6.676600000089774, 0.0 ], [ 106.59880807023643, -6.677243159244242, 0.0 ], [ 106.598779999697385, -6.67738000008681, 0.0 ], [ 106.598819999743327, -6.677609999901382, 0.0 ], [ 106.598830000204586, -6.677879999761984, 0.0 ], [ 106.598779999697385, -6.678149999622676, 0.0 ], [ 106.598710000066575, -6.678329999829504, 0.0 ], [ 106.598369999675896, -6.678479999552192, 0.0 ], [ 106.598190000368348, -6.678559999644076, 0.0 ], [ 106.598039999746376, -6.678630000174248, 0.0 ], [ 106.597890000023696, -6.678690000243162, 0.0 ], [ 106.597740000301002, -6.678759999873964, 0.0 ], [ 106.597529999609947, -6.678949999642594, 0.0 ], [ 106.597430000394368, -6.679060000218708, 0.0 ], [ 106.597310000256456, -6.679069999780509, 0.0 ], [ 106.59719000011863, -6.679060000218708, 0.0 ], [ 106.597060000418907, -6.679149999872394, 0.0 ], [ 106.596960000303966, -6.679229999964367, 0.0 ], [ 106.596820000143083, -6.67931000005634, 0.0 ], [ 106.596749999612911, -6.679350000102282, 0.0 ], [ 106.596430000144565, -6.679499999824969, 0.0 ], [ 106.596280000421871, -6.679590000378024, 0.0 ], [ 106.59619321134781, -6.679710750550552, 0.0 ], [ 106.596049999707844, -6.679909999846458, 0.0 ], [ 106.595910000446338, -6.680110000076258, 0.0 ], [ 106.595779999847338, -6.680290000283176, 0.0 ], [ 106.595710000216528, -6.680379999936861, 0.0 ], [ 106.595659999709326, -6.680440000005863, 0.0 ], [ 106.59542000033295, -6.68058000016666, 0.0 ], [ 106.595400000309979, -6.680749999912408, 0.0 ], [ 106.595369999825749, -6.681139999910926, 0.0 ], [ 106.595360000263952, -6.681400000209727, 0.0 ], [ 106.595378878832349, -6.6814566368142, 0.0 ], [ 106.595380000287008, -6.681460000278641, 0.0 ], [ 106.595610000101587, -6.68144999981747, 0.0 ], [ 106.595910000446338, -6.681380000186756, 0.0 ], [ 106.596100000215046, -6.681360000163696, 0.0 ], [ 106.5962600003989, -6.681420000232698, 0.0 ], [ 106.596490000213478, -6.681719999678073, 0.0 ], [ 106.596670000420403, -6.68187999986193, 0.0 ], [ 106.596929999819821, -6.681970000415074, 0.0 ], [ 106.597130000049631, -6.682040000045788, 0.0 ], [ 106.597230000164572, -6.682120000137761, 0.0 ], [ 106.597279999772311, -6.682260000298648, 0.0 ], [ 106.597250000187543, -6.682470000090248, 0.0 ], [ 106.597150000072688, -6.682639999835907, 0.0 ], [ 106.597080000441878, -6.682770000434992, 0.0 ], [ 106.597000000349908, -6.682969999765511, 0.0 ], [ 106.597060000418907, -6.683450000317084, 0.0 ], [ 106.597139999611429, -6.683840000315602, 0.0 ], [ 106.597230000164572, -6.684159999784036, 0.0 ], [ 106.597250000187543, -6.684330000429064, 0.0 ], [ 106.597210000141601, -6.68444999966761, 0.0 ], [ 106.597020000372879, -6.684620000312549, 0.0 ], [ 106.596880000211996, -6.684720000427493, 0.0 ], [ 106.596800000120112, -6.684859999689099, 0.0 ], [ 106.59676000007417, -6.684999999849897, 0.0 ], [ 106.596100000215046, -6.685369999825443, 0.0 ], [ 106.595799999870309, -6.685590000078303, 0.0 ], [ 106.595659999709326, -6.685699999754959, 0.0 ], [ 106.595570000055645, -6.685790000308103, 0.0 ], [ 106.595530000009703, -6.685879999961877, 0.0 ], [ 106.595449999917733, -6.686260000398505, 0.0 ], [ 106.595360000263952, -6.686700000004855, 0.0 ], [ 106.595309999756836, -6.686880000211683, 0.0 ], [ 106.595340000240981, -6.6870099999114, 0.0 ], [ 106.59548999996376, -6.687319999817944, 0.0 ], [ 106.59548999996376, -6.687489999563692, 0.0 ], [ 106.595480000401864, -6.68764000018566, 0.0 ], [ 106.595579999617442, -6.687860000438519, 0.0 ], [ 106.595659999709326, -6.687990000138235, 0.0 ], [ 106.595380000287008, -6.688569999905383, 0.0 ], [ 106.594739999551493, -6.68914999967253, 0.0 ], [ 106.594609999851784, -6.689450000017274, 0.0 ], [ 106.594600000289972, -6.689630000224192, 0.0 ], [ 106.594569999805842, -6.68981000043102, 0.0 ], [ 106.594520000198003, -6.690209999991339, 0.0 ], [ 106.594449999667916, -6.690330000129254, 0.0 ], [ 106.594239999876237, -6.69066000005877, 0.0 ], [ 106.593929999969689, -6.690969999965404, 0.0 ], [ 106.593800000269965, -6.691110000126201, 0.0 ], [ 106.593539999971171, -6.69152000014769, 0.0 ], [ 106.593359999764346, -6.691469999640578, 0.0 ], [ 106.593160000433826, -6.691469999640578, 0.0 ], [ 106.592869999650972, -6.691489999663549, 0.0 ], [ 106.592789999558988, -6.691560000193721, 0.0 ], [ 106.592710000366395, -6.691709999916409, 0.0 ], [ 106.592639999836308, -6.691979999777011, 0.0 ], [ 106.592519999698396, -6.692429999844443, 0.0 ], [ 106.592499999675425, -6.692509999936327, 0.0 ], [ 106.592419999583541, -6.692639999636132, 0.0 ], [ 106.592369999975702, -6.692770000235129, 0.0 ], [ 106.592120000138067, -6.693049999657621, 0.0 ], [ 106.591810000231447, -6.693280000371562, 0.0 ], [ 106.591560000393898, -6.693430000094249, 0.0 ], [ 106.591360000164102, -6.693650000347109, 0.0 ], [ 106.591260000049147, -6.693780000046825, 0.0 ], [ 106.59087999961244, -6.694179999607144, 0.0 ], [ 106.590649999797861, -6.694430000344056, 0.0 ], [ 106.590509999636978, -6.694669999720517, 0.0 ], [ 106.59046000002914, -6.694880000411487, 0.0 ], [ 106.590449999568065, -6.695710000016355, 0.0 ], [ 106.590359999914284, -6.696050000407041, 0.0 ], [ 106.590239999776287, -6.696719999827963, 0.0 ], [ 106.590179999707374, -6.697260000448537, 0.0 ], [ 106.590119999638461, -6.697829999754514, 0.0 ], [ 106.590090000053607, -6.698549999682637, 0.0 ], [ 106.589980000376855, -6.698999999749979, 0.0 ], [ 106.589740000101116, -6.699260000048781, 0.0 ], [ 106.589702659350451, -6.699277233757197, 0.0 ], [ 106.589350000102598, -6.699440000255699, 0.0 ], [ 106.588550000082591, -6.699630000024328, 0.0 ], [ 106.587270000410371, -6.699830000254128, 0.0 ], [ 106.58637999983732, -6.699850000277099, 0.0 ], [ 106.585710000416398, -6.699919999907902, 0.0 ], [ 106.584671805059955, -6.700143749434364, 0.0 ], [ 106.584549999982727, -6.700169999745533, 0.0 ], [ 106.583780000446865, -6.700360000413532, 0.0 ], [ 106.582689999643918, -6.700599999789993, 0.0 ], [ 106.581670000270506, -6.700679999881878, 0.0 ], [ 106.580819999743383, -6.700550000182162, 0.0 ], [ 106.580090000253463, -6.700349999952362, 0.0 ], [ 106.57945000041731, -6.699979999976815, 0.0 ], [ 106.579049999957718, -6.699589999978386, 0.0 ], [ 106.579299999795353, -6.699329999679584, 0.0 ], [ 106.579620000163061, -6.69880999998135, 0.0 ], [ 106.579939999631407, -6.698150000122229, 0.0 ], [ 106.580300000045156, -6.697080000241709, 0.0 ], [ 106.580520000297923, -6.696309999806473, 0.0 ], [ 106.580670000020604, -6.695529999809438, 0.0 ], [ 106.580670000020604, -6.694919999558149, 0.0 ], [ 106.58060999995169, -6.694179999607144, 0.0 ], [ 106.580589999928719, -6.693049999657621, 0.0 ], [ 106.58060999995169, -6.692619999613161, 0.0 ], [ 106.580659999559529, -6.692099999914927, 0.0 ], [ 106.58089000027347, -6.69154000017075, 0.0 ], [ 106.58122000020299, -6.691119999688091, 0.0 ], [ 106.581490000063681, -6.690900000334601, 0.0 ], [ 106.581679999832303, -6.690689999643631, 0.0 ], [ 106.58194999969291, -6.690259999599171, 0.0 ], [ 106.582419999783312, -6.68914999967253, 0.0 ], [ 106.582740000151034, -6.688269999560639, 0.0 ], [ 106.582849999827857, -6.687609999701607, 0.0 ], [ 106.582880000311917, -6.687049999957342, 0.0 ], [ 106.582869999850828, -6.686530000259197, 0.0 ], [ 106.582780000197062, -6.686040000145734, 0.0 ], [ 106.582669999620947, -6.685559999594162, 0.0 ], [ 106.582439999806283, -6.684979999826925, 0.0 ], [ 106.582140000360909, -6.684179999807007, 0.0 ], [ 106.582000000200026, -6.683550000432028, 0.0 ], [ 106.581996056672835, -6.683473513092011, 0.0 ], [ 106.58194999969291, -6.682579999766993, 0.0 ], [ 106.581946399706737, -6.682194848913028, 0.0 ], [ 106.581940000131027, -6.681509999886472, 0.0 ], [ 106.581969999715881, -6.680609999751521, 0.0 ], [ 106.582009999761823, -6.679760000123771, 0.0 ], [ 106.582120000337937, -6.679000000149706, 0.0 ], [ 106.582259999599543, -6.678570000105246, 0.0 ], [ 106.58247999985231, -6.678169999645647, 0.0 ], [ 106.582840000265975, -6.677939999830986, 0.0 ], [ 106.583259999849261, -6.677669999970384, 0.0 ], [ 106.583950000192516, -6.677309999556638, 0.0 ], [ 106.58489000037342, -6.676609999651575, 0.0 ], [ 106.585123568697924, -6.676321932411113, 0.0 ], [ 106.585189999818795, -6.676239999676028, 0.0 ], [ 106.585410000071647, -6.675780000046796, 0.0 ], [ 106.585749999562964, -6.674989999588679, 0.0 ], [ 106.585849999677919, -6.674289999683616, 0.0 ], [ 106.585949999792859, -6.673560000193692, 0.0 ], [ 106.586120000437887, -6.671920000107736, 0.0 ], [ 106.586210000091654, -6.670429999744556, 0.0 ], [ 106.586250000137596, -6.669370000325117, 0.0 ], [ 106.586279999722365, -6.668280000421536, 0.0 ], [ 106.586250000137596, -6.666979999826985, 0.0 ], [ 106.586120000437887, -6.665640000085773, 0.0 ], [ 106.586020000322947, -6.664539999721022, 0.0 ], [ 106.585999805147097, -6.664454411241962, 0.0 ], [ 106.585809999631977, -6.66365000004733, 0.0 ], [ 106.585749999562964, -6.663460000278612, 0.0 ], [ 106.585639999886311, -6.663300000094754, 0.0 ], [ 106.585350000002649, -6.663110000326036, 0.0 ], [ 106.585089999703854, -6.662979999727039, 0.0 ], [ 106.584879999912246, -6.662720000327607, 0.0 ], [ 106.584823973947408, -6.662630357704682, 0.0 ], [ 106.584730000189552, -6.662480000051776, 0.0 ], [ 106.584670000120553, -6.662040000445515, 0.0 ], [ 106.584730000189552, -6.661550000332142, 0.0 ], [ 106.584810000281436, -6.661279999572169, 0.0 ], [ 106.584969999566027, -6.660880000011851, 0.0 ], [ 106.585140000211055, -6.660530000059275, 0.0 ], [ 106.585399999610473, -6.660079999991844, 0.0 ], [ 106.585760000024138, -6.659649999947383, 0.0 ], [ 106.586170000045627, -6.659250000387065, 0.0 ], [ 106.586840000365925, -6.658689999743519, 0.0 ], [ 106.586990000088605, -6.658540000020832, 0.0 ], [ 106.587230000364428, -6.658239999676088, 0.0 ], [ 106.587509999786846, -6.657399999610139, 0.0 ], [ 106.587704004236585, -6.656842238278529, 0.0 ], [ 106.587830000154554, -6.656480000351586, 0.0 ], [ 106.587919999808321, -6.656229999614673, 0.0 ], [ 106.588209999691898, -6.655790000008324, 0.0 ], [ 106.588750000312388, -6.655019999573177, 0.0 ], [ 106.589249999987658, -6.65421999955317, 0.0 ], [ 106.589339999641425, -6.653889999623654, 0.0 ], [ 106.589290000033685, -6.653590000178191, 0.0 ], [ 106.589060000219021, -6.653300000294617, 0.0 ], [ 106.588440000405839, -6.652750000112242, 0.0 ], [ 106.587680000431874, -6.651820000392519, 0.0 ], [ 106.587275869385991, -6.651133740329698, 0.0 ], [ 106.587150000272459, -6.650920000257656, 0.0 ], [ 106.586860000388896, -6.650189999868452, 0.0 ], [ 106.590567217203485, -6.648284504626059, 0.0 ], [ 106.591383351960332, -6.647765028333232, 0.0 ], [ 106.591939537679679, -6.647411009310513, 0.0 ], [ 106.591943786077039, -6.647408305049076, 0.0 ], [ 106.592140448922777, -6.64728312661488, 0.0 ], [ 106.592599375660825, -6.646627351770675, 0.0 ], [ 106.593208026929048, -6.646283373678621, 0.0 ], [ 106.593801995865576, -6.645998922612009, 0.0 ], [ 106.594545020236666, -6.645818086035629, 0.0 ], [ 106.595437672910492, -6.645919302033967, 0.0 ], [ 106.596267864970216, -6.645098754303849, 0.0 ], [ 106.597455506966242, -6.644440625933914, 0.0 ], [ 106.597537924435812, -6.644151435440229, 0.0 ], [ 106.5976920646373, -6.644008621300692, 0.0 ], [ 106.597915095605302, -6.643993030653697, 0.0 ], [ 106.598108814070756, -6.64411136884441, 0.0 ], [ 106.598421171999689, -6.644125230994504, 0.0 ], [ 106.598574342731879, -6.644061444779705, 0.0 ], [ 106.599356850938108, -6.643735579932954, 0.0 ], [ 106.601547002292435, -6.642587250900736, 0.0 ], [ 106.602868955338224, -6.642555046178291, 0.0 ], [ 106.604162795576727, -6.64246707269708, 0.0 ], [ 106.604963620275015, -6.642511025263467, 0.0 ], [ 106.605690838161806, -6.642825181836489, 0.0 ], [ 106.606343272923851, -6.643046487904982, 0.0 ] ] ] ] } },
{ "type": "Feature", "properties": { "PROVNO": "32", "KABKOTNO": "01", "KECNO": "020", "DESANO": "003", "PROVINSI": "JAWA BARAT", "KABKOT": "BOGOR", "KECAMATAN": "LEUWILIANG", "ID2013": "3201020003", "DESA": "KARYASARI", "DESA_1": "KARYASARI", "ID2012": "3201020003", "IDKAB2": "3201", "IDKEC_2": "3201020", "WILAYAH": "BARAT" }, "geometry": { "type": "MultiPolygon", "coordinates": [ [ [ [ 106.641902040347119, -6.632007999569325, 0.0 ], [ 106.641899714700244, -6.632452126164559, 0.0 ], [ 106.641899685022651, -6.632457783799541, 0.0 ], [ 106.641977835209062, -6.632838104394825, 0.0 ], [ 106.641944597165633, -6.633249546928912, 0.0 ], [ 106.641818682186653, -6.633538282365716, 0.0 ], [ 106.64112643623622, -6.633471377302005, 0.0 ], [ 106.641125896643061, -6.633471685769479, 0.0 ], [ 106.641021268616811, -6.633531720012655, 0.0 ], [ 106.640941262229703, -6.633577626805867, 0.0 ], [ 106.640850150114517, -6.633629905295759, 0.0 ], [ 106.640846543833106, -6.633636090832731, 0.0 ], [ 106.64081587695128, -6.633688694877229, 0.0 ], [ 106.640673465708034, -6.633932976825232, 0.0 ], [ 106.640627040905358, -6.634298292232224, 0.0 ], [ 106.640597789556551, -6.634528460220093, 0.0 ], [ 106.640595355091747, -6.634547622974232, 0.0 ], [ 106.640594745351393, -6.63455241995802, 0.0 ], [ 106.640595525063603, -6.634599057000781, 0.0 ], [ 106.640600336436506, -6.634886707855117, 0.0 ], [ 106.64050617921697, -6.635249345081053, 0.0 ], [ 106.640214896900119, -6.635597409692497, 0.0 ], [ 106.639946157889, -6.635918536910737, 0.0 ], [ 106.639185923191931, -6.636826969089196, 0.0 ], [ 106.638677376359993, -6.637219372076189, 0.0 ], [ 106.638239571099504, -6.637456537688848, 0.0 ], [ 106.637828752694972, -6.637913672977405, 0.0 ], [ 106.637378121303385, -6.638074380028449, 0.0 ], [ 106.637178448426852, -6.638058205721489, 0.0 ], [ 106.636643679162688, -6.638014888076462, 0.0 ], [ 106.636040139640855, -6.637967122384616, 0.0 ], [ 106.635785359906578, -6.637946957785648, 0.0 ], [ 106.635661951338136, -6.638080047555963, 0.0 ], [ 106.635520936742054, -6.638239731178466, 0.0 ], [ 106.63561982169756, -6.638717059844303, 0.0 ], [ 106.635408008872687, -6.638868131558908, 0.0 ], [ 106.635116024185322, -6.638851405068138, 0.0 ], [ 106.634858548283574, -6.638569198709412, 0.0 ], [ 106.6346366333741, -6.638339948929364, 0.0 ], [ 106.63445862786358, -6.638013254008293, 0.0 ], [ 106.634166177327444, -6.637855000307837, 0.0 ], [ 106.634111422104596, -6.637859092223177, 0.0 ], [ 106.633918540008793, -6.637873508355554, 0.0 ], [ 106.633555961238855, -6.637910084682499, 0.0 ], [ 106.633319999818312, -6.638079999891957, 0.0 ], [ 106.63321224035279, -6.638300419228784, 0.0 ], [ 106.633231244826248, -6.638698401609791, 0.0 ], [ 106.633418533139022, -6.63915774923062, 0.0 ], [ 106.633464717822648, -6.639750244178302, 0.0 ], [ 106.633297630981048, -6.64005154134534, 0.0 ], [ 106.6329795137937, -6.640158735137316, 0.0 ], [ 106.632803637877728, -6.640477751646792, 0.0 ], [ 106.632611343938564, -6.640631477260719, 0.0 ], [ 106.632503651022816, -6.640717569360124, 0.0 ], [ 106.632044692808535, -6.641037517567252, 0.0 ], [ 106.631753550785874, -6.64127730470371, 0.0 ], [ 106.632084158657179, -6.642275755421636, 0.0 ], [ 106.632394655888831, -6.642540095848606, 0.0 ], [ 106.632483936084952, -6.642787475061809, 0.0 ], [ 106.632547231269882, -6.643203004115197, 0.0 ], [ 106.632532041720523, -6.643220127206941, 0.0 ], [ 106.632326889274651, -6.643451403159553, 0.0 ], [ 106.632009324271024, -6.643726659557583, 0.0 ], [ 106.631860132139565, -6.644089815692258, 0.0 ], [ 106.631835488017543, -6.644664853899709, 0.0 ], [ 106.631418949924722, -6.644436244436971, 0.0 ], [ 106.631233000702565, -6.644383784284038, 0.0 ], [ 106.63097648527669, -6.644393473579804, 0.0 ], [ 106.630937959219679, -6.64441841807534, 0.0 ], [ 106.630852898642516, -6.64447349075882, 0.0 ], [ 106.630790000058667, -6.64458000016678, 0.0 ], [ 106.630642217164834, -6.644969531618408, 0.0 ], [ 106.630652346228914, -6.645358699744044, 0.0 ], [ 106.630458715897234, -6.645660084145391, 0.0 ], [ 106.630184390297572, -6.645634450769169, 0.0 ], [ 106.630024921613, -6.6455642119187, 0.0 ], [ 106.629837982237291, -6.645211007681731, 0.0 ], [ 106.629722717029949, -6.645131778308802, 0.0 ], [ 106.629598983806204, -6.645167567728851, 0.0 ], [ 106.62944871158895, -6.645203444383299, 0.0 ], [ 106.629420230959099, -6.645239935274585, 0.0 ], [ 106.629351808739116, -6.645327600288322, 0.0 ], [ 106.629272686385562, -6.645478234033178, 0.0 ], [ 106.629362548443083, -6.64590252068459, 0.0 ], [ 106.629434397079905, -6.64622956813993, 0.0 ], [ 106.629391214333197, -6.646548147578848, 0.0 ], [ 106.629162255034203, -6.646867338556675, 0.0 ], [ 106.628888423162365, -6.646992077222382, 0.0 ], [ 106.628437283653952, -6.647002406835458, 0.0 ], [ 106.628331126780253, -6.647002756671707, 0.0 ], [ 106.627995137365829, -6.647056935429099, 0.0 ], [ 106.627677043560851, -6.647172973154039, 0.0 ], [ 106.627315067336653, -6.647395299952965, 0.0 ], [ 106.627094603933031, -6.647608316970057, 0.0 ], [ 106.627219327310257, -6.647873271634044, 0.0 ], [ 106.627300000095062, -6.648130000199206, 0.0 ], [ 106.627265072225498, -6.648333087801586, 0.0 ], [ 106.627133539181656, -6.648687339748829, 0.0 ], [ 106.626961758778336, -6.64873804982097, 0.0 ], [ 106.626709316382005, -6.648812572142351, 0.0 ], [ 106.626566666818377, -6.648476911879833, 0.0 ], [ 106.626649999797834, -6.648110000176146, 0.0 ], [ 106.626635751838663, -6.64796364630508, 0.0 ], [ 106.626449801717143, -6.647911184353497, 0.0 ], [ 106.626158478930805, -6.648097897100094, 0.0 ], [ 106.625903298098876, -6.648514473863756, 0.0 ], [ 106.625709111986083, -6.648647794759768, 0.0 ], [ 106.625451982323284, -6.648471729086882, 0.0 ], [ 106.625088143603151, -6.648127949744911, 0.0 ], [ 106.624918036838125, -6.647978156866277, 0.0 ], [ 106.624747787080892, -6.647919203608179, 0.0 ], [ 106.624587323746184, -6.648251299857435, 0.0 ], [ 106.624895489035737, -6.648879421447997, 0.0 ], [ 106.62496854905946, -6.649048699038076, 0.0 ], [ 106.625017279723849, -6.649311772320257, 0.0 ], [ 106.624859998190544, -6.649518090287501, 0.0 ], [ 106.624564045694342, -6.649767937240405, 0.0 ], [ 106.624276095365701, -6.649948610140068, 0.0 ], [ 106.6242726608548, -6.649950764915715, 0.0 ], [ 106.621255361645822, -6.648367975201754, 0.0 ], [ 106.620104745637661, -6.647764390713942, 0.0 ], [ 106.620089080346901, -6.647765022937282, 0.0 ], [ 106.619469999640927, -6.64778999980852, 0.0 ], [ 106.618889999873772, -6.648139999761007, 0.0 ], [ 106.618479899128232, -6.648471011427883, 0.0 ], [ 106.618332402218783, -6.648590061881734, 0.0 ], [ 106.61749000006364, -6.64926999971053, 0.0 ], [ 106.617069999580991, -6.649590000078245, 0.0 ], [ 106.616790000158588, -6.649799999869934, 0.0 ], [ 106.616420000183041, -6.64992000000785, 0.0 ], [ 106.615959999654436, -6.649989999638564, 0.0 ], [ 106.615365463245709, -6.649960273447633, 0.0 ], [ 106.61526306373959, -6.649955152707978, 0.0 ], [ 106.615159999634429, -6.649949999592621, 0.0 ], [ 106.614472815967844, -6.649912854894193, 0.0 ], [ 106.61441999968342, -6.649910000446049, 0.0 ], [ 106.613739999801339, -6.649819999892905, 0.0 ], [ 106.613724438832023, -6.64981695478847, 0.0 ], [ 106.613587094369109, -6.649790083045772, 0.0 ], [ 106.613280000172011, -6.649730000239131, 0.0 ], [ 106.612790000058638, -6.649550000032303, 0.0 ], [ 106.612380000037149, -6.649329999779532, 0.0 ], [ 106.612030000084573, -6.64905000035704, 0.0 ], [ 106.611788810905097, -6.648771385890608, 0.0 ], [ 106.611781712556166, -6.648763185872166, 0.0 ], [ 106.611450000317433, -6.648380000036838, 0.0 ], [ 106.611230000064566, -6.648010000061291, 0.0 ], [ 106.611020000272958, -6.647649999647633, 0.0 ], [ 106.610990366712201, -6.647579521577498, 0.0 ], [ 106.610650000297426, -6.646770000435023, 0.0 ], [ 106.610481127402281, -6.646410226650481, 0.0 ], [ 106.610419999583485, -6.646280000321649, 0.0 ], [ 106.610180000207009, -6.645819999792959, 0.0 ], [ 106.609890000323446, -6.645380000186698, 0.0 ], [ 106.609320000118089, -6.644689999843436, 0.0 ], [ 106.60904161407943, -6.644438382125486, 0.0 ], [ 106.608800000419862, -6.644219999753034, 0.0 ], [ 106.608420203229983, -6.643879492144702, 0.0 ], [ 106.608219999753345, -6.6437000000548, 0.0 ], [ 106.607936337392189, -6.643588948171288, 0.0 ], [ 106.607657425250096, -6.643479756984974, 0.0 ], [ 106.607209993646421, -6.643313643209883, 0.0 ], [ 106.606343272923851, -6.643046487904982, 0.0 ], [ 106.605632095345072, -6.6367781179156, 0.0 ], [ 106.611046592326502, -6.630171551575739, 0.0 ], [ 106.611058967897208, -6.630166875101065, 0.0 ], [ 106.612671001765463, -6.629557731903581, 0.0 ], [ 106.615238562609761, -6.628587513602682, 0.0 ], [ 106.616253614812663, -6.628203947354141, 0.0 ], [ 106.617100724019366, -6.627883839967055, 0.0 ], [ 106.617910899868349, -6.628144211685907, 0.0 ], [ 106.618756624119072, -6.628594709078452, 0.0 ], [ 106.619136825104604, -6.628769104710255, 0.0 ], [ 106.619454549288193, -6.628826085755026, 0.0 ], [ 106.619464806056072, -6.62881294486132, 0.0 ], [ 106.619563747669019, -6.628686178224399, 0.0 ], [ 106.620346222600261, -6.628663687978644, 0.0 ], [ 106.620546065448764, -6.62860177235375, 0.0 ], [ 106.620554288849561, -6.628605518929422, 0.0 ], [ 106.620625264244723, -6.628637856751531, 0.0 ], [ 106.620931212705514, -6.629219984314663, 0.0 ], [ 106.620996221098935, -6.62928456283213, 0.0 ], [ 106.62107087202331, -6.629249431715714, 0.0 ], [ 106.621273796848428, -6.628810177647395, 0.0 ], [ 106.621383320783863, -6.628769948274318, 0.0 ], [ 106.621531663056018, -6.628744377850584, 0.0 ], [ 106.621662525205494, -6.62879395567634, 0.0 ], [ 106.62175247090002, -6.628863438196966, 0.0 ], [ 106.621852694946071, -6.62902758155747, 0.0 ], [ 106.621982450929536, -6.629076996605967, 0.0 ], [ 106.622206192362029, -6.628906810700599, 0.0 ], [ 106.622240641792359, -6.628772130928908, 0.0 ], [ 106.622429785406467, -6.628691768410224, 0.0 ], [ 106.622548513903013, -6.628714559029483, 0.0 ], [ 106.622654258887067, -6.628745858134657, 0.0 ], [ 106.622643621705976, -6.628541550152214, 0.0 ], [ 106.622558285936321, -6.628357422057221, 0.0 ], [ 106.622712956737729, -6.628188691254913, 0.0 ], [ 106.622891795020493, -6.628221763823241, 0.0 ], [ 106.623041731790607, -6.628345872963539, 0.0 ], [ 106.623252149767069, -6.628674127308933, 0.0 ], [ 106.623242832790638, -6.628873516899105, 0.0 ], [ 106.623109447143491, -6.629237783696631, 0.0 ], [ 106.623104425329146, -6.629351501170646, 0.0 ], [ 106.623249562417541, -6.629406779798899, 0.0 ], [ 106.623763111278748, -6.629454940293069, 0.0 ], [ 106.623772346416828, -6.629230631388374, 0.0 ], [ 106.623856230680715, -6.628971189568613, 0.0 ], [ 106.623878693946722, -6.628964328640699, 0.0 ], [ 106.624384047286156, -6.628809975300012, 0.0 ], [ 106.624464337859109, -6.628645840033389, 0.0 ], [ 106.624522825268343, -6.628570289786886, 0.0 ], [ 106.62462249533209, -6.628564980189502, 0.0 ], [ 106.625179633433532, -6.628387448621744, 0.0 ], [ 106.62534945421416, -6.628333336414229, 0.0 ], [ 106.625429333796845, -6.628372947053709, 0.0 ], [ 106.625525325633461, -6.628766366274643, 0.0 ], [ 106.625663621579093, -6.62884320884686, 0.0 ], [ 106.625749930415083, -6.628860325643373, 0.0 ], [ 106.626228521729033, -6.628888660583101, 0.0 ], [ 106.626552977338264, -6.62903213302636, 0.0 ], [ 106.626826475561614, -6.629347485697714, 0.0 ], [ 106.626902973693447, -6.629364911861071, 0.0 ], [ 106.626962589751841, -6.629304908194769, 0.0 ], [ 106.62713087988638, -6.628945511226227, 0.0 ], [ 106.627176030349659, -6.628908142596526, 0.0 ], [ 106.627245437327247, -6.628920215095704, 0.0 ], [ 106.627581054422336, -6.629427478595087, 0.0 ], [ 106.627675935596102, -6.629481991900246, 0.0 ], [ 106.627739103077303, -6.629509299814131, 0.0 ], [ 106.627815644376653, -6.629526388731701, 0.0 ], [ 106.627860405433552, -6.629496338784904, 0.0 ], [ 106.627719060786191, -6.628953550265972, 0.0 ], [ 106.627698225293045, -6.628679499858894, 0.0 ], [ 106.627752562331111, -6.62852980320773, 0.0 ], [ 106.627871923050989, -6.628449668217442, 0.0 ], [ 106.628998382369616, -6.62845346605442, 0.0 ], [ 106.629031296657175, -6.628453576671092, 0.0 ], [ 106.629068075331588, -6.628420823362138, 0.0 ], [ 106.629117607291903, -6.628325964671369, 0.0 ], [ 106.628877296750034, -6.628002795992085, 0.0 ], [ 106.629278638998187, -6.627953514043252, 0.0 ], [ 106.629362361384011, -6.628055598786755, 0.0 ], [ 106.629695444189522, -6.628396726027876, 0.0 ], [ 106.629819729597003, -6.629781733240261, 0.0 ], [ 106.629883627327757, -6.633646486096225, 0.0 ], [ 106.629883776615173, -6.633655551262532, 0.0 ], [ 106.631544256962087, -6.634134743323585, 0.0 ], [ 106.632394303354573, -6.634690390349043, 0.0 ], [ 106.633890876862708, -6.633245780568089, 0.0 ], [ 106.634585016785223, -6.633267018957625, 0.0 ], [ 106.635391229321954, -6.631599916902466, 0.0 ], [ 106.635379000340748, -6.631458803380887, 0.0 ], [ 106.635434242096807, -6.631459413121235, 0.0 ], [ 106.635561223671658, -6.631460816063619, 0.0 ], [ 106.635755264993605, -6.631404629120166, 0.0 ], [ 106.635933370328885, -6.631416203394949, 0.0 ], [ 106.63604340328061, -6.631423353005186, 0.0 ], [ 106.63616738381792, -6.631520897970891, 0.0 ], [ 106.636514530221547, -6.631555041631678, 0.0 ], [ 106.636816860709743, -6.631548740082085, 0.0 ], [ 106.636849776795955, -6.631548053899419, 0.0 ], [ 106.637129057660076, -6.631545308269207, 0.0 ], [ 106.63732640129254, -6.631539174892822, 0.0 ], [ 106.63749130188225, -6.631670195323061, 0.0 ], [ 106.637645365641248, -6.631839623099935, 0.0 ], [ 106.638106182754342, -6.631931292794793, 0.0 ], [ 106.638309207404149, -6.631985440075852, 0.0 ], [ 106.638418707057838, -6.631941224008155, 0.0 ], [ 106.638539442841164, -6.631979197881535, 0.0 ], [ 106.638693055140578, -6.632011581569088, 0.0 ], [ 106.639126097591458, -6.631993704845431, 0.0 ], [ 106.63942199432968, -6.631948872742068, 0.0 ], [ 106.639459300006891, -6.631625320951642, 0.0 ], [ 106.639495608335864, -6.631626353373345, 0.0 ], [ 106.639804717014243, -6.631635143346983, 0.0 ], [ 106.640084565350577, -6.631710964289397, 0.0 ], [ 106.641896972667325, -6.632007172193113, 0.0 ], [ 106.641902040347119, -6.632007999569325, 0.0 ] ] ] ] } },
{ "type": "Feature", "properties": { "PROVNO": "32", "KABKOTNO": "01", "KECNO": "020", "DESANO": "004", "PROVINSI": "JAWA BARAT", "KABKOT": "BOGOR", "KECAMATAN": "LEUWILIANG", "ID2013": "3201020004", "DESA": "PABANGBON", "DESA_1": "PABANGBON", "ID2012": "3201020004", "IDKAB2": "3201", "IDKEC_2": "3201020", "WILAYAH": "BARAT" }, "geometry": { "type": "MultiPolygon", "coordinates": [ [ [ [ 106.602359043335383, -6.608468130799441, 0.0 ], [ 106.601292016613456, -6.609222027974084, 0.0 ], [ 106.601365034369039, -6.610760085409453, 0.0 ], [ 106.602189999569021, -6.610829999604597, 0.0 ], [ 106.602739999751392, -6.611040000295567, 0.0 ], [ 106.603140000210985, -6.611270000110228, 0.0 ], [ 106.603519999748329, -6.611399999809944, 0.0 ], [ 106.603949999792803, -6.611629999624604, 0.0 ], [ 106.60439999986032, -6.611940000430518, 0.0 ], [ 106.604809999881724, -6.61219000026815, 0.0 ], [ 106.605044013370659, -6.612470816274953, 0.0 ], [ 106.60525999994924, -6.612729999989355, 0.0 ], [ 106.605640000385861, -6.613169999595616, 0.0 ], [ 106.605990000338437, -6.613570000055304, 0.0 ], [ 106.606280000222014, -6.614180000306593, 0.0 ], [ 106.606570000105592, -6.614610000351053, 0.0 ], [ 106.606869999551051, -6.614929999819488, 0.0 ], [ 106.607169999895703, -6.61517000009523, 0.0 ], [ 106.607430000194512, -6.615520000047805, 0.0 ], [ 106.607769999685914, -6.615860000438492, 0.0 ], [ 106.607880000261943, -6.616210000391067, 0.0 ], [ 106.608179999707403, -6.616529999859413, 0.0 ], [ 106.608603228756181, -6.616933543647932, 0.0 ], [ 106.608609999751863, -6.616939999880902, 0.0 ], [ 106.608910000096614, -6.617220000202675, 0.0 ], [ 106.60911000032641, -6.617349999902391, 0.0 ], [ 106.609300000095118, -6.617499999625167, 0.0 ], [ 106.609560716254279, -6.618234483134735, 0.0 ], [ 106.609309106630121, -6.618409870718747, 0.0 ], [ 106.609498192687596, -6.618884353929602, 0.0 ], [ 106.609686874050126, -6.619233813389638, 0.0 ], [ 106.609462586729236, -6.619472086967129, 0.0 ], [ 106.60908765397221, -6.619523310552147, 0.0 ], [ 106.608562037108499, -6.619374982669193, 0.0 ], [ 106.607549888816465, -6.619565796324292, 0.0 ], [ 106.607201094854844, -6.619967004573404, 0.0 ], [ 106.607251956912435, -6.620229392572199, 0.0 ], [ 106.607678845302672, -6.620778122911855, 0.0 ], [ 106.607692198436382, -6.621040633218502, 0.0 ], [ 106.607568582124529, -6.621478621041401, 0.0 ], [ 106.606209168718323, -6.622545733198884, 0.0 ], [ 106.606185092967877, -6.622833368764827, 0.0 ], [ 106.606523934132412, -6.623219850615438, 0.0 ], [ 106.606887297111228, -6.62345622392543, 0.0 ], [ 106.606950864790718, -6.623781083330229, 0.0 ], [ 106.606814341408864, -6.624094087871715, 0.0 ], [ 106.606077659056865, -6.624409034049474, 0.0 ], [ 106.605916046388543, -6.624697114779856, 0.0 ], [ 106.605904270665746, -6.624922198900176, 0.0 ], [ 106.606468335345596, -6.625357962699621, 0.0 ], [ 106.606468861448946, -6.625520493575756, 0.0 ], [ 106.60548344460544, -6.626248828420547, 0.0 ], [ 106.605271817940178, -6.626537070129537, 0.0 ], [ 106.605260052109912, -6.626569753291314, 0.0 ], [ 106.605172681174452, -6.626812447036592, 0.0 ], [ 106.605273435820578, -6.627037166032181, 0.0 ], [ 106.605079522202359, -6.627486321636269, 0.0 ], [ 106.604908712167529, -6.627830693631456, 0.0 ], [ 106.604956711683087, -6.628174357860175, 0.0 ], [ 106.605192465360204, -6.628579927821256, 0.0 ], [ 106.605334190420692, -6.628907660559982, 0.0 ], [ 106.605163330023842, -6.62923640503589, 0.0 ], [ 106.604710838834336, -6.629472290913299, 0.0 ], [ 106.604430877183418, -6.629895156636003, 0.0 ], [ 106.604432847598005, -6.630504648770366, 0.0 ], [ 106.604434061682753, -6.630879720922191, 0.0 ], [ 106.604625360971781, -6.631138224749158, 0.0 ], [ 106.604834619722112, -6.631464695738956, 0.0 ], [ 106.604509324146207, -6.632045691954982, 0.0 ], [ 106.604361090691981, -6.632194875093269, 0.0 ], [ 106.604198611077237, -6.632537417867326, 0.0 ], [ 106.603680032307807, -6.633133909402247, 0.0 ], [ 106.603607020847463, -6.633550514944133, 0.0 ], [ 106.603220264703637, -6.633522025321028, 0.0 ], [ 106.602371722876882, -6.633257101234094, 0.0 ], [ 106.601434143670957, -6.633051945191006, 0.0 ], [ 106.600938389695131, -6.632790962832527, 0.0 ], [ 106.600704190945763, -6.63266767207519, 0.0 ], [ 106.600078914810268, -6.632461504294831, 0.0 ], [ 106.599558028380471, -6.632344221008815, 0.0 ], [ 106.599097346165777, -6.632449798719033, 0.0 ], [ 106.598546282984728, -6.632289639355218, 0.0 ], [ 106.597952969654003, -6.632479088738776, 0.0 ], [ 106.597390109166355, -6.632418388997277, 0.0 ], [ 106.596728739639758, -6.632852721076024, 0.0 ], [ 106.596717505308774, -6.632860099114115, 0.0 ], [ 106.59651261906231, -6.633365220428402, 0.0 ], [ 106.596081918445989, -6.633545051562653, 0.0 ], [ 106.595948551684529, -6.633694185238284, 0.0 ], [ 106.595948983359051, -6.633828016949241, 0.0 ], [ 106.59559307036406, -6.634141440574872, 0.0 ], [ 106.595608803103971, -6.634409058131343, 0.0 ], [ 106.596042377953509, -6.635121441700988, 0.0 ], [ 106.595701192256399, -6.635390206792504, 0.0 ], [ 106.596061797913819, -6.636534067992663, 0.0 ], [ 106.596206177773084, -6.636916759200897, 0.0 ], [ 106.59633580605275, -6.637260349685228, 0.0 ], [ 106.595782397439862, -6.637516413651348, 0.0 ], [ 106.595790324064367, -6.637535692418108, 0.0 ], [ 106.595947279143786, -6.637917383580163, 0.0 ], [ 106.597036796111368, -6.639118376012068, 0.0 ], [ 106.597294506736304, -6.640634325413632, 0.0 ], [ 106.596761183581947, -6.641275471885368, 0.0 ], [ 106.596747224305105, -6.641558054160726, 0.0 ], [ 106.597224273281782, -6.64191340507946, 0.0 ], [ 106.597969160148807, -6.642312502619721, 0.0 ], [ 106.598430713806593, -6.642474588331417, 0.0 ], [ 106.598729784252342, -6.64297921501861, 0.0 ], [ 106.598968502094891, -6.643216370738738, 0.0 ], [ 106.599356850938108, -6.643735579932954, 0.0 ], [ 106.598574342731879, -6.644061444779705, 0.0 ], [ 106.598421171999689, -6.644125230994504, 0.0 ], [ 106.598108814070756, -6.64411136884441, 0.0 ], [ 106.597915095605302, -6.643993030653697, 0.0 ], [ 106.5976920646373, -6.644008621300692, 0.0 ], [ 106.597537924435812, -6.644151435440229, 0.0 ], [ 106.597455506966242, -6.644440625933914, 0.0 ], [ 106.596267864970216, -6.645098754303849, 0.0 ], [ 106.595437672910492, -6.645919302033967, 0.0 ], [ 106.594545020236666, -6.645818086035629, 0.0 ], [ 106.593801995865576, -6.645998922612009, 0.0 ], [ 106.593208026929048, -6.646283373678621, 0.0 ], [ 106.592599375660825, -6.646627351770675, 0.0 ], [ 106.592140448922777, -6.64728312661488, 0.0 ], [ 106.591943786077039, -6.647408305049076, 0.0 ], [ 106.591939537679679, -6.647411009310513, 0.0 ], [ 106.591383351960332, -6.647765028333232, 0.0 ], [ 106.590567217203485, -6.648284504626059, 0.0 ], [ 106.586860000388896, -6.650189999868452, 0.0 ], [ 106.579999999700405, -6.63898000002682, 0.0 ], [ 106.579949097173241, -6.638801839832844, 0.0 ], [ 106.5798706771902, -6.638527369442428, 0.0 ], [ 106.579780000346915, -6.638209999591673, 0.0 ], [ 106.579500000025149, -6.637400000009865, 0.0 ], [ 106.579230000164543, -6.636530000359055, 0.0 ], [ 106.578940000280966, -6.635750000362108, 0.0 ], [ 106.578519999798317, -6.634520000297641, 0.0 ], [ 106.578060000169074, -6.633170000095259, 0.0 ], [ 106.577850000377396, -6.63257000030514, 0.0 ], [ 106.577845837415595, -6.632552780086556, 0.0 ], [ 106.577673947295054, -6.631841782372163, 0.0 ], [ 106.577631744809366, -6.631667217667783, 0.0 ], [ 106.577630000124614, -6.631659999709107, 0.0 ], [ 106.577443605738026, -6.630922191405855, 0.0 ], [ 106.577389999848791, -6.630709999966413, 0.0 ], [ 106.577260000149067, -6.630090000153235, 0.0 ], [ 106.577099999965213, -6.62955999999383, 0.0 ], [ 106.576879999712361, -6.628650000297078, 0.0 ], [ 106.576722996069549, -6.62817185234891, 0.0 ], [ 106.576672869657386, -6.62801919423023, 0.0 ], [ 106.576660000358956, -6.627979999976876, 0.0 ], [ 106.576360000014205, -6.627449999817472, 0.0 ], [ 106.576067029669872, -6.627112448280705, 0.0 ], [ 106.575900000384891, -6.626919999658067, 0.0 ], [ 106.575390000248461, -6.626440000005864, 0.0 ], [ 106.574889999673914, -6.62592000030763, 0.0 ], [ 106.572249976855147, -6.625255378832531, 0.0 ], [ 106.572029999984665, -6.625200000379508, 0.0 ], [ 106.571279999572482, -6.625000000149708, 0.0 ], [ 106.570759999874241, -6.624630000174161, 0.0 ], [ 106.570570000105619, -6.624349999852388, 0.0 ], [ 106.570389999898708, -6.6239900003381, 0.0 ], [ 106.570189999668898, -6.623770000085329, 0.0 ], [ 106.569569999855815, -6.623159999833952, 0.0 ], [ 106.569190000318457, -6.622990000088294, 0.0 ], [ 106.569090000203516, -6.62268999974355, 0.0 ], [ 106.568680000182027, -6.621989999838398, 0.0 ], [ 106.568499999975202, -6.621479999702053, 0.0 ], [ 106.568290000183509, -6.621029999634622, 0.0 ], [ 106.568009999861744, -6.620449999867475, 0.0 ], [ 106.567550000232501, -6.61925999984895, 0.0 ], [ 106.567240000325882, -6.618880000311602, 0.0 ], [ 106.566799999820333, -6.6186200000128, 0.0 ], [ 106.566570000005669, -6.618279999622114, 0.0 ], [ 106.5660100002615, -6.617860000038824, 0.0 ], [ 106.565549999732895, -6.617369999925451, 0.0 ], [ 106.565010000011682, -6.616759999674073, 0.0 ], [ 106.565010000011682, -6.616560000343554, 0.0 ], [ 106.565150000172579, -6.616320000067812, 0.0 ], [ 106.565160239853327, -6.616301795091619, 0.0 ], [ 106.565330000379404, -6.615999999700097, 0.0 ], [ 106.565480000102099, -6.615660000208692, 0.0 ], [ 106.565950000192487, -6.615020000372542, 0.0 ], [ 106.566260000099035, -6.614659999958885, 0.0 ], [ 106.566286277389963, -6.614630438343951, 0.0 ], [ 106.566739999751334, -6.61412000023768, 0.0 ], [ 106.567049999657883, -6.613770000285104, 0.0 ], [ 106.56730000039488, -6.613449999917389, 0.0 ], [ 106.567570000255472, -6.613149999572645, 0.0 ], [ 106.56788000016202, -6.612759999574127, 0.0 ], [ 106.569454491831507, -6.610508472188084, 0.0 ], [ 106.569514507188998, -6.6104226507845, 0.0 ], [ 106.569884829121762, -6.609379342782287, 0.0 ], [ 106.570620721868949, -6.607306097897983, 0.0 ], [ 106.571102378072482, -6.607304578942976, 0.0 ], [ 106.571865423150896, -6.607125959195539, 0.0 ], [ 106.571911338037992, -6.606785138623064, 0.0 ], [ 106.572168006348591, -6.606220454310332, 0.0 ], [ 106.57301190857288, -6.605606924220044, 0.0 ], [ 106.573029839255852, -6.605615817615753, 0.0 ], [ 106.573388427733875, -6.605793692724617, 0.0 ], [ 106.573518543446212, -6.606075219195908, 0.0 ], [ 106.573694497603157, -6.605992431205578, 0.0 ], [ 106.574354297812732, -6.606601210177523, 0.0 ], [ 106.574731746872743, -6.607081658591465, 0.0 ], [ 106.575579774287334, -6.607772070824272, 0.0 ], [ 106.575779297876451, -6.607712702079329, 0.0 ], [ 106.575944249727485, -6.607864896147877, 0.0 ], [ 106.576143885731909, -6.607840769136022, 0.0 ], [ 106.576025293033055, -6.60748872412519, 0.0 ], [ 106.576024103229955, -6.607112811107143, 0.0 ], [ 106.575681599126654, -6.606538273822107, 0.0 ], [ 106.575714648312527, -6.605845073691032, 0.0 ], [ 106.575982539262924, -6.605115888986948, 0.0 ], [ 106.576264854439671, -6.605232469003077, 0.0 ], [ 106.576996369287215, -6.606228680409156, 0.0 ], [ 106.577373112379405, -6.606485928782426, 0.0 ], [ 106.577725206852989, -6.606379086625438, 0.0 ], [ 106.578009645329047, -6.607165258669525, 0.0 ], [ 106.579223902761072, -6.608500607117165, 0.0 ], [ 106.578612692921624, -6.611110124032873, 0.0 ], [ 106.57860493896689, -6.611143229876006, 0.0 ], [ 106.579074759192991, -6.611047719176746, 0.0 ], [ 106.579303159113664, -6.610800189776835, 0.0 ], [ 106.57993082204996, -6.610445620368957, 0.0 ], [ 106.580735300693746, -6.610255024349723, 0.0 ], [ 106.581393186246714, -6.610164789972952, 0.0 ], [ 106.581587316601528, -6.610322835030704, 0.0 ], [ 106.581755705661465, -6.61045992228745, 0.0 ], [ 106.581817392858596, -6.610510142229167, 0.0 ], [ 106.581917348906657, -6.610527453279182, 0.0 ], [ 106.582502715827815, -6.609808686321585, 0.0 ], [ 106.582901772898666, -6.609637004843751, 0.0 ], [ 106.583840864764269, -6.609275563716146, 0.0 ], [ 106.584286838566953, -6.609074351200164, 0.0 ], [ 106.584857714711887, -6.60934284199838, 0.0 ], [ 106.586207133952243, -6.608810185241722, 0.0 ], [ 106.587150242190063, -6.608228028900278, 0.0 ], [ 106.588138001767561, -6.6073104326302, 0.0 ], [ 106.591433949617326, -6.606208300872254, 0.0 ], [ 106.592707591981963, -6.605634379622796, 0.0 ], [ 106.593632345956166, -6.605217671558119, 0.0 ], [ 106.594546562573953, -6.604805711014574, 0.0 ], [ 106.594923284082512, -6.605274953875853, 0.0 ], [ 106.595972697582084, -6.60658209958406, 0.0 ], [ 106.596535862040611, -6.607283571679314, 0.0 ], [ 106.597224254395996, -6.608073880604906, 0.0 ], [ 106.59766864269389, -6.60881924860929, 0.0 ], [ 106.599161000180189, -6.608418197741486, 0.0 ], [ 106.599311221136134, -6.608130098125322, 0.0 ], [ 106.599352378609566, -6.60793780418615, 0.0 ], [ 106.599464151749373, -6.607619958594082, 0.0 ], [ 106.599546910961394, -6.607373225094051, 0.0 ], [ 106.599600038411211, -6.607005440148797, 0.0 ], [ 106.599649377916663, -6.607008430394625, 0.0 ], [ 106.599796423366442, -6.607017340877377, 0.0 ], [ 106.599943039839616, -6.607142192857776, 0.0 ], [ 106.599964491368354, -6.607317575945206, 0.0 ], [ 106.600337567924583, -6.607713232679338, 0.0 ], [ 106.600630990627877, -6.608021419552692, 0.0 ], [ 106.600782242206861, -6.608097245891056, 0.0 ], [ 106.60102013357249, -6.60821650768554, 0.0 ], [ 106.601408605622851, -6.608202725575154, 0.0 ], [ 106.602359043335383, -6.608468130799441, 0.0 ] ] ] ] } },
{ "type": "Feature", "properties": { "PROVNO": "32", "KABKOTNO": "01", "KECNO": "020", "DESANO": "005", "PROVINSI": "JAWA BARAT", "KABKOT": "BOGOR", "KECAMATAN": "LEUWILIANG", "ID2013": "3201020005", "DESA": "KARACAK", "DESA_1": "KARACAK", "ID2012": "3201020005", "IDKAB2": "3201", "IDKEC_2": "3201020", "WILAYAH": "BARAT" }, "geometry": { "type": "MultiPolygon", "coordinates": [ [ [ [ 106.642592823100429, -6.606220678241517, 0.0 ], [ 106.642618406114707, -6.606617060728617, 0.0 ], [ 106.6426613190648, -6.607361308177619, 0.0 ], [ 106.642781438812548, -6.607727541792521, 0.0 ], [ 106.642857488182727, -6.607959407700328, 0.0 ], [ 106.643305239045688, -6.608783229862016, 0.0 ], [ 106.643704773656594, -6.609363587559383, 0.0 ], [ 106.64374428626995, -6.609420983191718, 0.0 ], [ 106.643957148603675, -6.610172758865609, 0.0 ], [ 106.64404231440146, -6.61071125492029, 0.0 ], [ 106.644064583413964, -6.610852062672414, 0.0 ], [ 106.644462615257709, -6.611320034791603, 0.0 ], [ 106.644718672029313, -6.611726710918777, 0.0 ], [ 106.644747312738417, -6.611772200426582, 0.0 ], [ 106.644756555071098, -6.612120088770936, 0.0 ], [ 106.644604208117897, -6.612541333915303, 0.0 ], [ 106.644499741969724, -6.612760140767673, 0.0 ], [ 106.644427453564333, -6.612922203097007, 0.0 ], [ 106.644355270379577, -6.613067764665495, 0.0 ], [ 106.644330997677585, -6.613116710267821, 0.0 ], [ 106.64431967701168, -6.613252084316059, 0.0 ], [ 106.644299863148319, -6.613489007111841, 0.0 ], [ 106.644421742869298, -6.613642336124794, 0.0 ], [ 106.644520045963503, -6.613711749397524, 0.0 ], [ 106.644786715634652, -6.613900046749634, 0.0 ], [ 106.644917436590575, -6.614279898798117, 0.0 ], [ 106.64451441530818, -6.614750520320136, 0.0 ], [ 106.644135050692199, -6.615034965990709, 0.0 ], [ 106.643828964635162, -6.615456719252091, 0.0 ], [ 106.64371364366994, -6.615664497718257, 0.0 ], [ 106.643563524337338, -6.615934975118822, 0.0 ], [ 106.643465421791959, -6.616221426277704, 0.0 ], [ 106.643426291390455, -6.616335683344978, 0.0 ], [ 106.643419266785912, -6.616356193283526, 0.0 ], [ 106.64340300974132, -6.616469334292177, 0.0 ], [ 106.643379719098931, -6.616631423601174, 0.0 ], [ 106.643296125316098, -6.616902949611294, 0.0 ], [ 106.643227612264681, -6.617125487750943, 0.0 ], [ 106.64333328260507, -6.617270780421993, 0.0 ], [ 106.643633807254588, -6.617348799307479, 0.0 ], [ 106.643641028810578, -6.617350674393965, 0.0 ], [ 106.643956412058969, -6.617292992777237, 0.0 ], [ 106.644102381020247, -6.61738960424664, 0.0 ], [ 106.644337275844819, -6.617461648036418, 0.0 ], [ 106.64442730067961, -6.61776881507862, 0.0 ], [ 106.64426651358886, -6.618084901596735, 0.0 ], [ 106.644099999615491, -6.618239999576172, 0.0 ], [ 106.644055913050153, -6.618352244859995, 0.0 ], [ 106.643912572807196, -6.618717184350444, 0.0 ], [ 106.643865415956327, -6.619138080557843, 0.0 ], [ 106.643876184438511, -6.61994716283111, 0.0 ], [ 106.643796597135378, -6.620352035817625, 0.0 ], [ 106.643756818322686, -6.620554394969194, 0.0 ], [ 106.643701542392449, -6.620967227855115, 0.0 ], [ 106.64359822557779, -6.621533951830241, 0.0 ], [ 106.643479047420314, -6.622197822371447, 0.0 ], [ 106.643507645861348, -6.622546983256452, 0.0 ], [ 106.643537025813245, -6.622905674257353, 0.0 ], [ 106.643571804395393, -6.62333027926886, 0.0 ], [ 106.643630828699941, -6.624050198257905, 0.0 ], [ 106.643674152640202, -6.624915810116363, 0.0 ], [ 106.643764206253309, -6.625231068358985, 0.0 ], [ 106.64386283310337, -6.625691937632663, 0.0 ], [ 106.643928478216893, -6.625966819912623, 0.0 ], [ 106.643921324109982, -6.62625003531069, 0.0 ], [ 106.643784393335267, -6.626300847006341, 0.0 ], [ 106.64352531394222, -6.626396987231011, 0.0 ], [ 106.643137180936307, -6.626479182568037, 0.0 ], [ 106.642736078807189, -6.626513355007138, 0.0 ], [ 106.642449948706343, -6.626651372162975, 0.0 ], [ 106.642393975801539, -6.626853837434545, 0.0 ], [ 106.642484056394295, -6.627177185978219, 0.0 ], [ 106.642801279655473, -6.627503827839245, 0.0 ], [ 106.643014844359783, -6.627883474842324, 0.0 ], [ 106.642644071866556, -6.628114684245148, 0.0 ], [ 106.642123209718562, -6.62843484289354, 0.0 ], [ 106.641829418293156, -6.628716139138326, 0.0 ], [ 106.641761663370232, -6.628781011734155, 0.0 ], [ 106.641767382159145, -6.628791066154651, 0.0 ], [ 106.641778748690413, -6.628811050889141, 0.0 ], [ 106.642268845031339, -6.629672722817794, 0.0 ], [ 106.642539999621505, -6.630139999760978, 0.0 ], [ 106.642523585195505, -6.630217009607122, 0.0 ], [ 106.642396467822877, -6.630813361747059, 0.0 ], [ 106.642167611945965, -6.631159090819185, 0.0 ], [ 106.64192293159816, -6.631941218612205, 0.0 ], [ 106.641902040347119, -6.632007999569325, 0.0 ], [ 106.641896972667325, -6.632007172193113, 0.0 ], [ 106.640084565350577, -6.631710964289397, 0.0 ], [ 106.639804717014243, -6.631635143346983, 0.0 ], [ 106.639495608335864, -6.631626353373345, 0.0 ], [ 106.639459300006891, -6.631625320951642, 0.0 ], [ 106.63942199432968, -6.631948872742068, 0.0 ], [ 106.639126097591458, -6.631993704845431, 0.0 ], [ 106.638693055140578, -6.632011581569088, 0.0 ], [ 106.638539442841164, -6.631979197881535, 0.0 ], [ 106.638418707057838, -6.631941224008155, 0.0 ], [ 106.638309207404149, -6.631985440075852, 0.0 ], [ 106.638106182754342, -6.631931292794793, 0.0 ], [ 106.637645365641248, -6.631839623099935, 0.0 ], [ 106.63749130188225, -6.631670195323061, 0.0 ], [ 106.63732640129254, -6.631539174892822, 0.0 ], [ 106.637129057660076, -6.631545308269207, 0.0 ], [ 106.636849776795955, -6.631548053899419, 0.0 ], [ 106.636816860709743, -6.631548740082085, 0.0 ], [ 106.636514530221547, -6.631555041631678, 0.0 ], [ 106.63616738381792, -6.631520897970891, 0.0 ], [ 106.63604340328061, -6.631423353005186, 0.0 ], [ 106.635933370328885, -6.631416203394949, 0.0 ], [ 106.635755264993605, -6.631404629120166, 0.0 ], [ 106.635561223671658, -6.631460816063619, 0.0 ], [ 106.635434242096807, -6.631459413121235, 0.0 ], [ 106.635379000340748, -6.631458803380887, 0.0 ], [ 106.635391229321954, -6.631599916902466, 0.0 ], [ 106.634585016785223, -6.633267018957625, 0.0 ], [ 106.633890876862708, -6.633245780568089, 0.0 ], [ 106.632394303354573, -6.634690390349043, 0.0 ], [ 106.631544256962087, -6.634134743323585, 0.0 ], [ 106.629883776615173, -6.633655551262532, 0.0 ], [ 106.629883627327757, -6.633646486096225, 0.0 ], [ 106.629819729597003, -6.629781733240261, 0.0 ], [ 106.629695444189522, -6.628396726027876, 0.0 ], [ 106.629362361384011, -6.628055598786755, 0.0 ], [ 106.629278638998187, -6.627953514043252, 0.0 ], [ 106.628877296750034, -6.628002795992085, 0.0 ], [ 106.629117607291903, -6.628325964671369, 0.0 ], [ 106.629068075331588, -6.628420823362138, 0.0 ], [ 106.629031296657175, -6.628453576671092, 0.0 ], [ 106.628998382369616, -6.62845346605442, 0.0 ], [ 106.627871923050989, -6.628449668217442, 0.0 ], [ 106.627752562331111, -6.62852980320773, 0.0 ], [ 106.627698225293045, -6.628679499858894, 0.0 ], [ 106.627719060786191, -6.628953550265972, 0.0 ], [ 106.627860405433552, -6.629496338784904, 0.0 ], [ 106.627815644376653, -6.629526388731701, 0.0 ], [ 106.627739103077303, -6.629509299814131, 0.0 ], [ 106.627675935596102, -6.629481991900246, 0.0 ], [ 106.627581054422336, -6.629427478595087, 0.0 ], [ 106.627245437327247, -6.628920215095704, 0.0 ], [ 106.627176030349659, -6.628908142596526, 0.0 ], [ 106.62713087988638, -6.628945511226227, 0.0 ], [ 106.626962589751841, -6.629304908194769, 0.0 ], [ 106.626902973693447, -6.629364911861071, 0.0 ], [ 106.626826475561614, -6.629347485697714, 0.0 ], [ 106.626552977338264, -6.62903213302636, 0.0 ], [ 106.626228521729033, -6.628888660583101, 0.0 ], [ 106.625749930415083, -6.628860325643373, 0.0 ], [ 106.625663621579093, -6.62884320884686, 0.0 ], [ 106.625525325633461, -6.628766366274643, 0.0 ], [ 106.625429333796845, -6.628372947053709, 0.0 ], [ 106.62534945421416, -6.628333336414229, 0.0 ], [ 106.625179633433532, -6.628387448621744, 0.0 ], [ 106.62462249533209, -6.628564980189502, 0.0 ], [ 106.624522825268343, -6.628570289786886, 0.0 ], [ 106.624464337859109, -6.628645840033389, 0.0 ], [ 106.624384047286156, -6.628809975300012, 0.0 ], [ 106.623878693946722, -6.628964328640699, 0.0 ], [ 106.623856230680715, -6.628971189568613, 0.0 ], [ 106.623772346416828, -6.629230631388374, 0.0 ], [ 106.623763111278748, -6.629454940293069, 0.0 ], [ 106.623249562417541, -6.629406779798899, 0.0 ], [ 106.623104425329146, -6.629351501170646, 0.0 ], [ 106.623109447143491, -6.629237783696631, 0.0 ], [ 106.623242832790638, -6.628873516899105, 0.0 ], [ 106.623252149767069, -6.628674127308933, 0.0 ], [ 106.623041731790607, -6.628345872963539, 0.0 ], [ 106.622891795020493, -6.628221763823241, 0.0 ], [ 106.622712956737729, -6.628188691254913, 0.0 ], [ 106.622558285936321, -6.628357422057221, 0.0 ], [ 106.622643621705976, -6.628541550152214, 0.0 ], [ 106.622654258887067, -6.628745858134657, 0.0 ], [ 106.622548513903013, -6.628714559029483, 0.0 ], [ 106.622429785406467, -6.628691768410224, 0.0 ], [ 106.622240641792359, -6.628772130928908, 0.0 ], [ 106.622206192362029, -6.628906810700599, 0.0 ], [ 106.621982450929536, -6.629076996605967, 0.0 ], [ 106.621852694946071, -6.62902758155747, 0.0 ], [ 106.62175247090002, -6.628863438196966, 0.0 ], [ 106.621662525205494, -6.62879395567634, 0.0 ], [ 106.621531663056018, -6.628744377850584, 0.0 ], [ 106.621383320783863, -6.628769948274318, 0.0 ], [ 106.621273796848428, -6.628810177647395, 0.0 ], [ 106.62107087202331, -6.629249431715714, 0.0 ], [ 106.620996221098935, -6.62928456283213, 0.0 ], [ 106.620931212705514, -6.629219984314663, 0.0 ], [ 106.620625264244723, -6.628637856751531, 0.0 ], [ 106.620554288849561, -6.628605518929422, 0.0 ], [ 106.620546065448764, -6.62860177235375, 0.0 ], [ 106.620346222600261, -6.628663687978644, 0.0 ], [ 106.619563747669019, -6.628686178224399, 0.0 ], [ 106.619464806056072, -6.62881294486132, 0.0 ], [ 106.619454549288193, -6.628826085755026, 0.0 ], [ 106.619136825104604, -6.628769104710255, 0.0 ], [ 106.618756624119072, -6.628594709078452, 0.0 ], [ 106.617910899868349, -6.628144211685907, 0.0 ], [ 106.617100724019366, -6.627883839967055, 0.0 ], [ 106.616253614812663, -6.628203947354141, 0.0 ], [ 106.615238562609761, -6.628587513602682, 0.0 ], [ 106.612671001765463, -6.629557731903581, 0.0 ], [ 106.611058967897208, -6.630166875101065, 0.0 ], [ 106.611046592326502, -6.630171551575739, 0.0 ], [ 106.605632095345072, -6.6367781179156, 0.0 ], [ 106.606343272923851, -6.643046487904982, 0.0 ], [ 106.605690838161806, -6.642825181836489, 0.0 ], [ 106.604963620275015, -6.642511025263467, 0.0 ], [ 106.604162795576727, -6.64246707269708, 0.0 ], [ 106.602868955338224, -6.642555046178291, 0.0 ], [ 106.601547002292435, -6.642587250900736, 0.0 ], [ 106.599356850938108, -6.643735579932954, 0.0 ], [ 106.598968502094891, -6.643216370738738, 0.0 ], [ 106.598729784252342, -6.64297921501861, 0.0 ], [ 106.598430713806593, -6.642474588331417, 0.0 ], [ 106.597969160148807, -6.642312502619721, 0.0 ], [ 106.597224273281782, -6.64191340507946, 0.0 ], [ 106.596747224305105, -6.641558054160726, 0.0 ], [ 106.596761183581947, -6.641275471885368, 0.0 ], [ 106.597294506736304, -6.640634325413632, 0.0 ], [ 106.597036796111368, -6.639118376012068, 0.0 ], [ 106.595947279143786, -6.637917383580163, 0.0 ], [ 106.595790324064367, -6.637535692418108, 0.0 ], [ 106.595782397439862, -6.637516413651348, 0.0 ], [ 106.59633580605275, -6.637260349685228, 0.0 ], [ 106.596206177773084, -6.636916759200897, 0.0 ], [ 106.596061797913819, -6.636534067992663, 0.0 ], [ 106.595701192256399, -6.635390206792504, 0.0 ], [ 106.596042377953509, -6.635121441700988, 0.0 ], [ 106.595608803103971, -6.634409058131343, 0.0 ], [ 106.59559307036406, -6.634141440574872, 0.0 ], [ 106.595948983359051, -6.633828016949241, 0.0 ], [ 106.595948551684529, -6.633694185238284, 0.0 ], [ 106.596081918445989, -6.633545051562653, 0.0 ], [ 106.59651261906231, -6.633365220428402, 0.0 ], [ 106.596717505308774, -6.632860099114115, 0.0 ], [ 106.596728739639758, -6.632852721076024, 0.0 ], [ 106.597390109166355, -6.632418388997277, 0.0 ], [ 106.597952969654003, -6.632479088738776, 0.0 ], [ 106.598546282984728, -6.632289639355218, 0.0 ], [ 106.599097346165777, -6.632449798719033, 0.0 ], [ 106.599558028380471, -6.632344221008815, 0.0 ], [ 106.600078914810268, -6.632461504294831, 0.0 ], [ 106.600704190945763, -6.63266767207519, 0.0 ], [ 106.600938389695131, -6.632790962832527, 0.0 ], [ 106.601434143670957, -6.633051945191006, 0.0 ], [ 106.602371722876882, -6.633257101234094, 0.0 ], [ 106.603220264703637, -6.633522025321028, 0.0 ], [ 106.603607020847463, -6.633550514944133, 0.0 ], [ 106.603680032307807, -6.633133909402247, 0.0 ], [ 106.604198611077237, -6.632537417867326, 0.0 ], [ 106.604361090691981, -6.632194875093269, 0.0 ], [ 106.604509324146207, -6.632045691954982, 0.0 ], [ 106.604834619722112, -6.631464695738956, 0.0 ], [ 106.604625360971781, -6.631138224749158, 0.0 ], [ 106.604434061682753, -6.630879720922191, 0.0 ], [ 106.604432847598005, -6.630504648770366, 0.0 ], [ 106.604430877183418, -6.629895156636003, 0.0 ], [ 106.604710838834336, -6.629472290913299, 0.0 ], [ 106.605163330023842, -6.62923640503589, 0.0 ], [ 106.605334190420692, -6.628907660559982, 0.0 ], [ 106.605192465360204, -6.628579927821256, 0.0 ], [ 106.604956711683087, -6.628174357860175, 0.0 ], [ 106.604908712167529, -6.627830693631456, 0.0 ], [ 106.605079522202359, -6.627486321636269, 0.0 ], [ 106.605273435820578, -6.627037166032181, 0.0 ], [ 106.605172681174452, -6.626812447036592, 0.0 ], [ 106.605260052109912, -6.626569753291314, 0.0 ], [ 106.605271817940178, -6.626537070129537, 0.0 ], [ 106.60548344460544, -6.626248828420547, 0.0 ], [ 106.606468861448946, -6.625520493575756, 0.0 ], [ 106.606468335345596, -6.625357962699621, 0.0 ], [ 106.605904270665746, -6.624922198900176, 0.0 ], [ 106.605916046388543, -6.624697114779856, 0.0 ], [ 106.606077659056865, -6.624409034049474, 0.0 ], [ 106.606814341408864, -6.624094087871715, 0.0 ], [ 106.606950864790718, -6.623781083330229, 0.0 ], [ 106.606887297111228, -6.62345622392543, 0.0 ], [ 106.606523934132412, -6.623219850615438, 0.0 ], [ 106.606185092967877, -6.622833368764827, 0.0 ], [ 106.606209168718323, -6.622545733198884, 0.0 ], [ 106.607568582124529, -6.621478621041401, 0.0 ], [ 106.607692198436382, -6.621040633218502, 0.0 ], [ 106.607678845302672, -6.620778122911855, 0.0 ], [ 106.607251956912435, -6.620229392572199, 0.0 ], [ 106.607201094854844, -6.619967004573404, 0.0 ], [ 106.607549888816465, -6.619565796324292, 0.0 ], [ 106.608562037108499, -6.619374982669193, 0.0 ], [ 106.60908765397221, -6.619523310552147, 0.0 ], [ 106.609462586729236, -6.619472086967129, 0.0 ], [ 106.609686874050126, -6.619233813389638, 0.0 ], [ 106.609498192687596, -6.618884353929602, 0.0 ], [ 106.609309106630121, -6.618409870718747, 0.0 ], [ 106.609560716254279, -6.618234483134735, 0.0 ], [ 106.609563091363725, -6.618241173191421, 0.0 ], [ 106.609954300950392, -6.618370162952516, 0.0 ], [ 106.610495348381789, -6.618796395736961, 0.0 ], [ 106.611035793267433, -6.61903654889743, 0.0 ], [ 106.611283920716517, -6.618998509373544, 0.0 ], [ 106.611407792435884, -6.618979519289194, 0.0 ], [ 106.611419809177079, -6.61897303068061, 0.0 ], [ 106.611927937824248, -6.618698711376272, 0.0 ], [ 106.611920000407821, -6.6184100002212, 0.0 ], [ 106.611868248021366, -6.617507989202167, 0.0 ], [ 106.611867524067222, -6.617284693833394, 0.0 ], [ 106.612090000153572, -6.617019999972875, 0.0 ], [ 106.612331781086979, -6.616985459711024, 0.0 ], [ 106.612592305690555, -6.616984615247681, 0.0 ], [ 106.612983576431077, -6.617132210183154, 0.0 ], [ 106.613299685432281, -6.61705675166754, 0.0 ], [ 106.613596762980436, -6.616851099198708, 0.0 ], [ 106.614004588441134, -6.616365966216211, 0.0 ], [ 106.614089999753816, -6.615990000138297, 0.0 ], [ 106.613891001368842, -6.615770876724394, 0.0 ], [ 106.613833906110102, -6.615380293065911, 0.0 ], [ 106.61414904834011, -6.615007110389683, 0.0 ], [ 106.614223699264485, -6.61505751559174, 0.0 ], [ 106.614615295559602, -6.61532193336031, 0.0 ], [ 106.614746947313989, -6.615749489946801, 0.0 ], [ 106.615045656232212, -6.616046248235588, 0.0 ], [ 106.615399948648871, -6.616268394270843, 0.0 ], [ 106.615939182147699, -6.616136384586326, 0.0 ], [ 106.616441378866753, -6.616060320826946, 0.0 ], [ 106.617244161389166, -6.616857854905902, 0.0 ], [ 106.617422253234523, -6.617050861108211, 0.0 ], [ 106.617449585430222, -6.617080482078421, 0.0 ], [ 106.617727869845481, -6.616819065347403, 0.0 ], [ 106.617987061653764, -6.61640884499203, 0.0 ], [ 106.618413187418838, -6.615830609694697, 0.0 ], [ 106.618728082335281, -6.615382992830678, 0.0 ], [ 106.61910043943395, -6.615437604161958, 0.0 ], [ 106.619417394697138, -6.615622652263422, 0.0 ], [ 106.619789509878117, -6.615602832104841, 0.0 ], [ 106.62001190592494, -6.615322988265095, 0.0 ], [ 106.6202159351175, -6.615117635270487, 0.0 ], [ 106.620476821248516, -6.61522843264585, 0.0 ], [ 106.620863524332378, -6.615795260942416, 0.0 ], [ 106.620869485938258, -6.615803999654659, 0.0 ], [ 106.621148738923353, -6.615840306185063, 0.0 ], [ 106.621464603309022, -6.615690411683008, 0.0 ], [ 106.621370000025678, -6.615350000302058, 0.0 ], [ 106.620978044901051, -6.614854639329995, 0.0 ], [ 106.62126000034894, -6.614639999935914, 0.0 ], [ 106.621944485150038, -6.614479328857783, 0.0 ], [ 106.622078824977919, -6.614465453217946, 0.0 ], [ 106.622263998085174, -6.61444632643672, 0.0 ], [ 106.622316538277815, -6.614440899028153, 0.0 ], [ 106.622725322415903, -6.6142534857096, 0.0 ], [ 106.623497146676144, -6.614003734084886, 0.0 ], [ 106.623654785240305, -6.613952725437713, 0.0 ], [ 106.624360760241075, -6.613596868200791, 0.0 ], [ 106.624601092366646, -6.613112276610114, 0.0 ], [ 106.625241742412641, -6.612666845997985, 0.0 ], [ 106.625380890915579, -6.612570098730899, 0.0 ], [ 106.626085585281729, -6.611823477971015, 0.0 ], [ 106.626399061068042, -6.611594923366884, 0.0 ], [ 106.626623956330718, -6.611430950877519, 0.0 ], [ 106.626995640736453, -6.611280872913774, 0.0 ], [ 106.627512644792915, -6.610868090389879, 0.0 ], [ 106.627533887678936, -6.610851130075481, 0.0 ], [ 106.627595669304895, -6.610826471564248, 0.0 ], [ 106.628333019853159, -6.610532181015163, 0.0 ], [ 106.62879835426078, -6.61056787330855, 0.0 ], [ 106.629171072886876, -6.610734124679976, 0.0 ], [ 106.629505781666595, -6.610658596916554, 0.0 ], [ 106.630230538109004, -6.610358495847759, 0.0 ], [ 106.630343163806131, -6.610655853984362, 0.0 ], [ 106.630623451011587, -6.611008485353178, 0.0 ], [ 106.630918994316261, -6.610820476683479, 0.0 ], [ 106.630976280231295, -6.610784034355568, 0.0 ], [ 106.631010000311434, -6.610380000436535, 0.0 ], [ 106.631110000426389, -6.610269999860421, 0.0 ], [ 106.631215079012833, -6.609834248651527, 0.0 ], [ 106.631363614639298, -6.609614115299003, 0.0 ], [ 106.631605124876799, -6.609609676245345, 0.0 ], [ 106.63195776973545, -6.609329400731081, 0.0 ], [ 106.631920000008193, -6.608870000050295, 0.0 ], [ 106.631750332112276, -6.608492726358097, 0.0 ], [ 106.63195331629268, -6.607971040431018, 0.0 ], [ 106.632175884109927, -6.607747014812695, 0.0 ], [ 106.63247325213905, -6.607634392712871, 0.0 ], [ 106.633013565723687, -6.60783730674618, 0.0 ], [ 106.634093339436262, -6.607982627296263, 0.0 ], [ 106.634744203981981, -6.607850235399884, 0.0 ], [ 106.635451321121764, -6.607847911551747, 0.0 ], [ 106.635638321651399, -6.608126416300966, 0.0 ], [ 106.635527833642783, -6.608480328304314, 0.0 ], [ 106.635491411999226, -6.608722350256038, 0.0 ], [ 106.635770904204065, -6.608833078383682, 0.0 ], [ 106.636319251432496, -6.608310179271228, 0.0 ], [ 106.636828276703767, -6.607824778290663, 0.0 ], [ 106.637460348116747, -6.607636621232906, 0.0 ], [ 106.637464778177161, -6.607637036719751, 0.0 ], [ 106.638800575386441, -6.607762466064795, 0.0 ], [ 106.639287076237693, -6.60794307241467, 0.0 ], [ 106.639298548889059, -6.607947330704569, 0.0 ], [ 106.639843928354736, -6.608149794177489, 0.0 ], [ 106.640104014988481, -6.608018682016361, 0.0 ], [ 106.640100000414819, -6.607439999756028, 0.0 ], [ 106.640210000091571, -6.607319999618113, 0.0 ], [ 106.641125079159195, -6.607289613324809, 0.0 ], [ 106.64158991714109, -6.607176432746034, 0.0 ], [ 106.642015513205521, -6.606449326375099, 0.0 ], [ 106.642050000407409, -6.606079999991845, 0.0 ], [ 106.64229141531672, -6.605606741657635, 0.0 ], [ 106.64256518603473, -6.605201279615205, 0.0 ], [ 106.642592823100429, -6.606220678241517, 0.0 ] ] ] ] } },
{ "type": "Feature", "properties": { "PROVNO": "32", "KABKOTNO": "01", "KECNO": "020", "DESANO": "006", "PROVINSI": "JAWA BARAT", "KABKOT": "BOGOR", "KECAMATAN": "LEUWILIANG", "ID2013": "3201020006", "DESA": "BARENGKOK", "DESA_1": "BARENGKOK", "ID2012": "3201020006", "IDKAB2": "3201", "IDKEC_2": "3201020", "WILAYAH": "BARAT" }, "geometry": { "type": "MultiPolygon", "coordinates": [ [ [ [ 106.643363110419429, -6.587066312959813, 0.0 ], [ 106.642782178055256, -6.587561787246479, 0.0 ], [ 106.64257763355117, -6.587711578326463, 0.0 ], [ 106.642338234022432, -6.587886894864106, 0.0 ], [ 106.642112110285808, -6.588017097810663, 0.0 ], [ 106.642097043943593, -6.588038402749898, 0.0 ], [ 106.641733585636672, -6.588552360802638, 0.0 ], [ 106.641815136159806, -6.588746280716098, 0.0 ], [ 106.64199348521133, -6.588850879963939, 0.0 ], [ 106.642422392579533, -6.588873743428305, 0.0 ], [ 106.642875333430055, -6.588823705149718, 0.0 ], [ 106.643618088004516, -6.588327697565024, 0.0 ], [ 106.644175279165992, -6.587994124628995, 0.0 ], [ 106.644597054011001, -6.588308291993918, 0.0 ], [ 106.644543428336704, -6.589222771213734, 0.0 ], [ 106.644669999820835, -6.589740000100832, 0.0 ], [ 106.644740000350922, -6.590600000189664, 0.0 ], [ 106.644787630245077, -6.590828025992437, 0.0 ], [ 106.644840840432622, -6.59108276165993, 0.0 ], [ 106.64485000002766, -6.591050000257184, 0.0 ], [ 106.644736962440987, -6.591479572224337, 0.0 ], [ 106.644745485316108, -6.591958618595175, 0.0 ], [ 106.644746893654357, -6.592037829981692, 0.0 ], [ 106.645056436705374, -6.592667921087561, 0.0 ], [ 106.645722792972691, -6.593539570094933, 0.0 ], [ 106.646405253399877, -6.594386890642348, 0.0 ], [ 106.646681446891421, -6.594717717048884, 0.0 ], [ 106.646787860971202, -6.595089559735214, 0.0 ], [ 106.646651272838128, -6.595381292612359, 0.0 ], [ 106.646005502052475, -6.595844620632576, 0.0 ], [ 106.645495819376691, -6.596053516056735, 0.0 ], [ 106.645480000302015, -6.596060000168738, 0.0 ], [ 106.645189867318692, -6.596324692230606, 0.0 ], [ 106.645174593233136, -6.596599841609265, 0.0 ], [ 106.645361838378307, -6.596947145394285, 0.0 ], [ 106.645760149911126, -6.597504120718458, 0.0 ], [ 106.646108766706377, -6.597713339898572, 0.0 ], [ 106.646295506432637, -6.597906911774345, 0.0 ], [ 106.646401146196155, -6.598044113245063, 0.0 ], [ 106.646499041897385, -6.598286523703969, 0.0 ], [ 106.646419440205221, -6.598683254228668, 0.0 ], [ 106.646218521767508, -6.599096568251852, 0.0 ], [ 106.645766615137347, -6.599462163348004, 0.0 ], [ 106.645435301298306, -6.599592715231442, 0.0 ], [ 106.645127192666024, -6.599399543553943, 0.0 ], [ 106.644502885999572, -6.59901322807789, 0.0 ], [ 106.643976260995871, -6.598804595255761, 0.0 ], [ 106.643970366839156, -6.598805107869268, 0.0 ], [ 106.643350301375463, -6.59885910316488, 0.0 ], [ 106.643339999641427, -6.598859999788989, 0.0 ], [ 106.643002603687407, -6.599020250883694, 0.0 ], [ 106.642989850401506, -6.599026308716951, 0.0 ], [ 106.642996882200563, -6.599052630074667, 0.0 ], [ 106.643227430601556, -6.599915554758908, 0.0 ], [ 106.643524154716175, -6.60035746722313, 0.0 ], [ 106.644056823164007, -6.60115076999185, 0.0 ], [ 106.644122254238795, -6.601265983038509, 0.0 ], [ 106.644254322379211, -6.60149853422979, 0.0 ], [ 106.644237235260377, -6.601878380882411, 0.0 ], [ 106.643590918586156, -6.602179886692241, 0.0 ], [ 106.642759999874272, -6.602070000330098, 0.0 ], [ 106.642619536562535, -6.602053630870177, 0.0 ], [ 106.6424500197528, -6.602175558255254, 0.0 ], [ 106.642516190969658, -6.602612263644883, 0.0 ], [ 106.642696014010028, -6.603161870823495, 0.0 ], [ 106.642794791046882, -6.603671289997894, 0.0 ], [ 106.642791307073338, -6.603697305586067, 0.0 ], [ 106.642739513318091, -6.604084121984535, 0.0 ], [ 106.642652590244992, -6.604715520704509, 0.0 ], [ 106.64256518603473, -6.605201279615205, 0.0 ], [ 106.64229141531672, -6.605606741657635, 0.0 ], [ 106.642050000407409, -6.606079999991845, 0.0 ], [ 106.642015513205521, -6.606449326375099, 0.0 ], [ 106.64158991714109, -6.607176432746034, 0.0 ], [ 106.641125079159195, -6.607289613324809, 0.0 ], [ 106.640210000091571, -6.607319999618113, 0.0 ], [ 106.640100000414819, -6.607439999756028, 0.0 ], [ 106.640104014988481, -6.608018682016361, 0.0 ], [ 106.639843928354736, -6.608149794177489, 0.0 ], [ 106.639298548889059, -6.607947330704569, 0.0 ], [ 106.639287076237693, -6.60794307241467, 0.0 ], [ 106.638800575386441, -6.607762466064795, 0.0 ], [ 106.637464778177161, -6.607637036719751, 0.0 ], [ 106.637460348116747, -6.607636621232906, 0.0 ], [ 106.636828276703767, -6.607824778290663, 0.0 ], [ 106.636319251432496, -6.608310179271228, 0.0 ], [ 106.635770904204065, -6.608833078383682, 0.0 ], [ 106.635491411999226, -6.608722350256038, 0.0 ], [ 106.635527833642783, -6.608480328304314, 0.0 ], [ 106.635638321651399, -6.608126416300966, 0.0 ], [ 106.635451321121764, -6.607847911551747, 0.0 ], [ 106.634744203981981, -6.607850235399884, 0.0 ], [ 106.634093339436262, -6.607982627296263, 0.0 ], [ 106.633013565723687, -6.60783730674618, 0.0 ], [ 106.63247325213905, -6.607634392712871, 0.0 ], [ 106.632175884109927, -6.607747014812695, 0.0 ], [ 106.63195331629268, -6.607971040431018, 0.0 ], [ 106.631750332112276, -6.608492726358097, 0.0 ], [ 106.631920000008193, -6.608870000050295, 0.0 ], [ 106.63195776973545, -6.609329400731081, 0.0 ], [ 106.631605124876799, -6.609609676245345, 0.0 ], [ 106.631363614639298, -6.609614115299003, 0.0 ], [ 106.631215079012833, -6.609834248651527, 0.0 ], [ 106.631110000426389, -6.610269999860421, 0.0 ], [ 106.631010000311434, -6.610380000436535, 0.0 ], [ 106.630976280231295, -6.610784034355568, 0.0 ], [ 106.630918994316261, -6.610820476683479, 0.0 ], [ 106.630623451011587, -6.611008485353178, 0.0 ], [ 106.630343163806131, -6.610655853984362, 0.0 ], [ 106.630230538109004, -6.610358495847759, 0.0 ], [ 106.629505781666595, -6.610658596916554, 0.0 ], [ 106.629171072886876, -6.610734124679976, 0.0 ], [ 106.62879835426078, -6.61056787330855, 0.0 ], [ 106.628333019853159, -6.610532181015163, 0.0 ], [ 106.628820000043191, -6.609540000370586, 0.0 ], [ 106.628826991372662, -6.609442122655675, 0.0 ], [ 106.628829595809336, -6.609405658743963, 0.0 ], [ 106.628829999604989, -6.6094000002097, 0.0 ], [ 106.628860000089134, -6.609019999772983, 0.0 ], [ 106.628900000135076, -6.608870000050295, 0.0 ], [ 106.62904999985777, -6.608680000281666, 0.0 ], [ 106.629120000387942, -6.608589999728522, 0.0 ], [ 106.629069999880741, -6.608560000143751, 0.0 ], [ 106.628949999742915, -6.608529999659609, 0.0 ], [ 106.628829999604989, -6.60854999968258, 0.0 ], [ 106.628570000205471, -6.608600000189693, 0.0 ], [ 106.628479999652427, -6.608609999751494, 0.0 ], [ 106.628369999975675, -6.608589999728522, 0.0 ], [ 106.628220000252981, -6.608460000028806, 0.0 ], [ 106.62818999976885, -6.608359999913862, 0.0 ], [ 106.628220000252981, -6.608259999799007, 0.0 ], [ 106.628269999860819, -6.60813000009929, 0.0 ], [ 106.628209999791821, -6.608009999961375, 0.0 ], [ 106.627919999908244, -6.607579999916915, 0.0 ], [ 106.628089999653895, -6.607550000332054, 0.0 ], [ 106.628149999722908, -6.607519999848002, 0.0 ], [ 106.628349999952704, -6.607049999757511, 0.0 ], [ 106.628309999906762, -6.607000000149768, 0.0 ], [ 106.628177849028702, -6.606793302668592, 0.0 ], [ 106.627919999908244, -6.60638999989839, 0.0 ], [ 106.627879999862301, -6.606340000290647, 0.0 ], [ 106.627830000254477, -6.60595999985393, 0.0 ], [ 106.627854424941901, -6.605889166551684, 0.0 ], [ 106.627930000369417, -6.605669999970356, 0.0 ], [ 106.628900000135076, -6.60425999969906, 0.0 ], [ 106.62904999985777, -6.603929999769456, 0.0 ], [ 106.62906000031893, -6.603659999908942, 0.0 ], [ 106.628820000043191, -6.603320000417536, 0.0 ], [ 106.628490000113587, -6.602989999588651, 0.0 ], [ 106.627589999978639, -6.602340000190701, 0.0 ], [ 106.627238590788536, -6.602135449391291, 0.0 ], [ 106.627134709199694, -6.602074979876207, 0.0 ], [ 106.627129272797873, -6.602071816061308, 0.0 ], [ 106.62694047632209, -6.601961918907264, 0.0 ], [ 106.62691999965844, -6.601950000192183, 0.0 ], [ 106.626689999843776, -6.60189999968507, 0.0 ], [ 106.626560000144053, -6.601729999939412, 0.0 ], [ 106.626535804783686, -6.601621124415171, 0.0 ], [ 106.626520000098111, -6.601549999732494, 0.0 ], [ 106.626449999568038, -6.601359999963865, 0.0 ], [ 106.626390000398402, -6.601210000241178, 0.0 ], [ 106.626237901657959, -6.601206426335384, 0.0 ], [ 106.62615653279795, -6.601111161151021, 0.0 ], [ 106.62587824838262, -6.600933269854394, 0.0 ], [ 106.625715630272254, -6.600843377219903, 0.0 ], [ 106.625584604446075, -6.600612216380544, 0.0 ], [ 106.625566206115749, -6.600296735106106, 0.0 ], [ 106.625605633293532, -6.600104995149216, 0.0 ], [ 106.625608131610107, -6.600092844409069, 0.0 ], [ 106.625712645422382, -6.599584583561526, 0.0 ], [ 106.625850810966284, -6.598969679307078, 0.0 ], [ 106.626062889990578, -6.598389281140307, 0.0 ], [ 106.626217555396039, -6.597966008924008, 0.0 ], [ 106.627182117860599, -6.596891550204678, 0.0 ], [ 106.627391885627219, -6.596568180077291, 0.0 ], [ 106.627588493614269, -6.596167409797928, 0.0 ], [ 106.627694111793986, -6.596035633937216, 0.0 ], [ 106.627716959969959, -6.595978716744213, 0.0 ], [ 106.627883398400286, -6.595564103200626, 0.0 ], [ 106.627972147996402, -6.595073333267578, 0.0 ], [ 106.628052898122903, -6.594767595248143, 0.0 ], [ 106.628059468569845, -6.594709859672179, 0.0 ], [ 106.628107271133885, -6.594289844800318, 0.0 ], [ 106.628209378360282, -6.593936709811157, 0.0 ], [ 106.628180966078872, -6.593140847571846, 0.0 ], [ 106.628243125420013, -6.592902142319836, 0.0 ], [ 106.62826170091698, -6.592830807195806, 0.0 ], [ 106.628346724621764, -6.592516450073962, 0.0 ], [ 106.628401505025622, -6.592163469768177, 0.0 ], [ 106.628482029422287, -6.591788893142727, 0.0 ], [ 106.628619018652998, -6.591577626206337, 0.0 ], [ 106.628774134618766, -6.591531112370799, 0.0 ], [ 106.629101796311033, -6.591444492369227, 0.0 ], [ 106.629498950416362, -6.591236193195584, 0.0 ], [ 106.629539491854217, -6.591214928725844, 0.0 ], [ 106.629951934434388, -6.590892769085901, 0.0 ], [ 106.630314866637974, -6.590691965761444, 0.0 ], [ 106.630601104657472, -6.590417285828867, 0.0 ], [ 106.631000683335088, -6.590033840988809, 0.0 ], [ 106.631224923891267, -6.589933300381325, 0.0 ], [ 106.631520781958642, -6.589932332710848, 0.0 ], [ 106.631866717874914, -6.589984669656648, 0.0 ], [ 106.632126871957723, -6.589965997032934, 0.0 ], [ 106.632319147910479, -6.589901206275464, 0.0 ], [ 106.632700473048516, -6.589918091046911, 0.0 ], [ 106.632703807734643, -6.589929892850179, 0.0 ], [ 106.632738581820306, -6.590052941689741, 0.0 ], [ 106.632977039758771, -6.590042525741815, 0.0 ], [ 106.633049294889261, -6.590039370020708, 0.0 ], [ 106.633158361069619, -6.590754697071457, 0.0 ], [ 106.633171821222703, -6.590748561896511, 0.0 ], [ 106.633581491192999, -6.590561834760713, 0.0 ], [ 106.633760000323946, -6.590270000260148, 0.0 ], [ 106.634090000253465, -6.590259999798977, 0.0 ], [ 106.634249327744485, -6.590240084312295, 0.0 ], [ 106.634250000437319, -6.590239999776006, 0.0 ], [ 106.634947870747837, -6.590035744853608, 0.0 ], [ 106.63506999958102, -6.590000000399545, 0.0 ], [ 106.63518000015705, -6.589909999846402, 0.0 ], [ 106.636000000200028, -6.589310000056283, 0.0 ], [ 106.636109999876766, -6.58926000044854, 0.0 ], [ 106.636250000037649, -6.589279999572142, 0.0 ], [ 106.636470000290416, -6.589350000102314, 0.0 ], [ 106.6365500003824, -6.589359999664115, 0.0 ], [ 106.636609999552036, -6.589310000056283, 0.0 ], [ 106.636649999597978, -6.58904999975757, 0.0 ], [ 106.636820000243006, -6.588949999642626, 0.0 ], [ 106.63698000042686, -6.588900000034794, 0.0 ], [ 106.637090000103598, -6.588909999596595, 0.0 ], [ 106.637179999757379, -6.589009999711539, 0.0 ], [ 106.637250000287452, -6.58904999975757, 0.0 ], [ 106.637440000056088, -6.588909999596595, 0.0 ], [ 106.637740000400839, -6.588839999965881, 0.0 ], [ 106.637990000238545, -6.58881000038102, 0.0 ], [ 106.638340000191036, -6.588909999596595, 0.0 ], [ 106.63848999991373, -6.588830000403991, 0.0 ], [ 106.63863999963641, -6.588750000312107, 0.0 ], [ 106.63885000032738, -6.588619999713021, 0.0 ], [ 106.639320000417882, -6.588440000405473, 0.0 ], [ 106.639639999886214, -6.588360000313589, 0.0 ], [ 106.640009999861775, -6.588440000405473, 0.0 ], [ 106.640012211294675, -6.588435135972617, 0.0 ], [ 106.640024048171483, -6.588409094304062, 0.0 ], [ 106.640060000368877, -6.588329999829448, 0.0 ], [ 106.64012000043779, -6.58818000010676, 0.0 ], [ 106.640117874440548, -6.588145983250318, 0.0 ], [ 106.640109999976715, -6.588019999922903, 0.0 ], [ 106.640060000368877, -6.587890000223187, 0.0 ], [ 106.639949999792762, -6.587759999624101, 0.0 ], [ 106.639840000116109, -6.587609999901414, 0.0 ], [ 106.639288951324176, -6.587550973798209, 0.0 ], [ 106.639197728592507, -6.587541202664262, 0.0 ], [ 106.639318617260557, -6.587395163555811, 0.0 ], [ 106.639666055044614, -6.587248381607349, 0.0 ], [ 106.639705713348178, -6.587005516091562, 0.0 ], [ 106.639543785017878, -6.586973682789079, 0.0 ], [ 106.639410000071649, -6.586849999927349, 0.0 ], [ 106.639162495852659, -6.586667469028331, 0.0 ], [ 106.638935256057408, -6.586457844253992, 0.0 ], [ 106.638789430987615, -6.586401684290113, 0.0 ], [ 106.638587419873744, -6.58648325909498, 0.0 ], [ 106.638457963364488, -6.586483682675617, 0.0 ], [ 106.638335934356078, -6.586281803762031, 0.0 ], [ 106.638036033836016, -6.586120962712041, 0.0 ], [ 106.637784759659084, -6.585984236982725, 0.0 ], [ 106.63774358779655, -6.585765910368337, 0.0 ], [ 106.637775554198612, -6.585644437140861, 0.0 ], [ 106.637750883096913, -6.585523149173813, 0.0 ], [ 106.637710241834384, -6.585466643870355, 0.0 ], [ 106.63762126740771, -6.585475027350487, 0.0 ], [ 106.637901960207472, -6.584713533602518, 0.0 ], [ 106.638161190686588, -6.584809778148628, 0.0 ], [ 106.638702202145069, -6.584476263668506, 0.0 ], [ 106.639227428703052, -6.584264169355816, 0.0 ], [ 106.639890679611369, -6.584197263392824, 0.0 ], [ 106.640290382395406, -6.584230201962118, 0.0 ], [ 106.640457210232199, -6.584243949898241, 0.0 ], [ 106.641152878103057, -6.584193118417527, 0.0 ], [ 106.641734387831875, -6.58407201930812, 0.0 ], [ 106.641823980092767, -6.584053361972888, 0.0 ], [ 106.642360032689481, -6.584044153814474, 0.0 ], [ 106.642406506055607, -6.584043356115856, 0.0 ], [ 106.642885279931889, -6.584256917222788, 0.0 ], [ 106.642892684949643, -6.584260220432672, 0.0 ], [ 106.64333114311799, -6.584728065747427, 0.0 ], [ 106.643575123793127, -6.585107549073967, 0.0 ], [ 106.643657819153191, -6.585649386110095, 0.0 ], [ 106.643667287215706, -6.586254858274945, 0.0 ], [ 106.643668066927916, -6.586304738272855, 0.0 ], [ 106.643363110419429, -6.587066312959813, 0.0 ] ] ] ] } },
{ "type": "Feature", "properties": { "PROVNO": "32", "KABKOTNO": "01", "KECNO": "020", "DESANO": "007", "PROVINSI": "JAWA BARAT", "KABKOT": "BOGOR", "KECAMATAN": "LEUWILIANG", "ID2013": "3201020007", "DESA": "CIBEBER II", "DESA_1": "CIBEBER II", "ID2012": "3201020007", "IDKAB2": "3201", "IDKEC_2": "3201020", "WILAYAH": "BARAT" }, "geometry": { "type": "MultiPolygon", "coordinates": [ [ [ [ 106.623881055566414, -6.590515035840063, 0.0 ], [ 106.623849876970453, -6.590716764566853, 0.0 ], [ 106.623945579225278, -6.590776588368676, 0.0 ], [ 106.623915005872988, -6.590905928865389, 0.0 ], [ 106.623857917808849, -6.591013872691889, 0.0 ], [ 106.623829494735531, -6.591135977243336, 0.0 ], [ 106.623678033614553, -6.59117363815275, 0.0 ], [ 106.623412818147187, -6.59119926163644, 0.0 ], [ 106.623396729275797, -6.591285798001003, 0.0 ], [ 106.623303829308426, -6.591404781005696, 0.0 ], [ 106.623251207277605, -6.591539369945778, 0.0 ], [ 106.623237783097437, -6.591762265116277, 0.0 ], [ 106.623220488235091, -6.591882589909428, 0.0 ], [ 106.62316753615309, -6.591972549093708, 0.0 ], [ 106.623132930240729, -6.592151711132335, 0.0 ], [ 106.6230060799668, -6.592122039800099, 0.0 ], [ 106.622935289831986, -6.592290309250206, 0.0 ], [ 106.622374637179945, -6.592975034170347, 0.0 ], [ 106.622234115412212, -6.593208911861606, 0.0 ], [ 106.62218472914212, -6.59329110719872, 0.0 ], [ 106.622064776668296, -6.593420169804833, 0.0 ], [ 106.621853332565451, -6.593495570763821, 0.0 ], [ 106.621746047941954, -6.593691005135618, 0.0 ], [ 106.621721616059915, -6.593836359859964, 0.0 ], [ 106.621723829291483, -6.593973304124514, 0.0 ], [ 106.621622928955119, -6.594123081714756, 0.0 ], [ 106.62162920982037, -6.594305517285672, 0.0 ], [ 106.621505512569527, -6.595032476167653, 0.0 ], [ 106.621543449570709, -6.595210834212519, 0.0 ], [ 106.621647867155517, -6.595409730074877, 0.0 ], [ 106.622367119746954, -6.595768504712609, 0.0 ], [ 106.622687254113615, -6.59592934216521, 0.0 ], [ 106.62258410727091, -6.596120611776648, 0.0 ], [ 106.622443589100556, -6.596307852425323, 0.0 ], [ 106.621898785200969, -6.596695592427473, 0.0 ], [ 106.6214124282412, -6.597041736087075, 0.0 ], [ 106.621940761956722, -6.597405283426951, 0.0 ], [ 106.62216043215841, -6.597765714615846, 0.0 ], [ 106.622453737050506, -6.598150746759437, 0.0 ], [ 106.622799155856512, -6.598427721761748, 0.0 ], [ 106.623040468243204, -6.598601266634976, 0.0 ], [ 106.623443268292348, -6.59865391474618, 0.0 ], [ 106.623621033683904, -6.598433347021206, 0.0 ], [ 106.623673831981904, -6.598076211847506, 0.0 ], [ 106.623910222379038, -6.598013181063358, 0.0 ], [ 106.624134620316596, -6.598091314162637, 0.0 ], [ 106.624198649348358, -6.5981579539263, 0.0 ], [ 106.62430954744778, -6.598273375615662, 0.0 ], [ 106.624227275668432, -6.598501933817005, 0.0 ], [ 106.624319674713377, -6.598833691921193, 0.0 ], [ 106.624366280279816, -6.599124091103761, 0.0 ], [ 106.624736401663753, -6.599338723303241, 0.0 ], [ 106.625712645422382, -6.599584583561526, 0.0 ], [ 106.625608131610107, -6.600092844409069, 0.0 ], [ 106.625605633293532, -6.600104995149216, 0.0 ], [ 106.625566206115749, -6.600296735106106, 0.0 ], [ 106.625584604446075, -6.600612216380544, 0.0 ], [ 106.625715630272254, -6.600843377219903, 0.0 ], [ 106.62587824838262, -6.600933269854394, 0.0 ], [ 106.62615653279795, -6.601111161151021, 0.0 ], [ 106.626237901657959, -6.601206426335384, 0.0 ], [ 106.626390000398402, -6.601210000241178, 0.0 ], [ 106.626449999568038, -6.601359999963865, 0.0 ], [ 106.626520000098111, -6.601549999732494, 0.0 ], [ 106.626535804783686, -6.601621124415171, 0.0 ], [ 106.626560000144053, -6.601729999939412, 0.0 ], [ 106.626689999843776, -6.60189999968507, 0.0 ], [ 106.62691999965844, -6.601950000192183, 0.0 ], [ 106.62694047632209, -6.601961918907264, 0.0 ], [ 106.627129272797873, -6.602071816061308, 0.0 ], [ 106.627134709199694, -6.602074979876207, 0.0 ], [ 106.627238590788536, -6.602135449391291, 0.0 ], [ 106.627589999978639, -6.602340000190701, 0.0 ], [ 106.628490000113587, -6.602989999588651, 0.0 ], [ 106.628820000043191, -6.603320000417536, 0.0 ], [ 106.62906000031893, -6.603659999908942, 0.0 ], [ 106.62904999985777, -6.603929999769456, 0.0 ], [ 106.628900000135076, -6.60425999969906, 0.0 ], [ 106.627930000369417, -6.605669999970356, 0.0 ], [ 106.627854424941901, -6.605889166551684, 0.0 ], [ 106.627830000254477, -6.60595999985393, 0.0 ], [ 106.627879999862301, -6.606340000290647, 0.0 ], [ 106.627919999908244, -6.60638999989839, 0.0 ], [ 106.628177849028702, -6.606793302668592, 0.0 ], [ 106.628309999906762, -6.607000000149768, 0.0 ], [ 106.628349999952704, -6.607049999757511, 0.0 ], [ 106.628149999722908, -6.607519999848002, 0.0 ], [ 106.628089999653895, -6.607550000332054, 0.0 ], [ 106.627919999908244, -6.607579999916915, 0.0 ], [ 106.628209999791821, -6.608009999961375, 0.0 ], [ 106.628269999860819, -6.60813000009929, 0.0 ], [ 106.628220000252981, -6.608259999799007, 0.0 ], [ 106.62818999976885, -6.608359999913862, 0.0 ], [ 106.628220000252981, -6.608460000028806, 0.0 ], [ 106.628369999975675, -6.608589999728522, 0.0 ], [ 106.628479999652427, -6.608609999751494, 0.0 ], [ 106.628570000205471, -6.608600000189693, 0.0 ], [ 106.628829999604989, -6.60854999968258, 0.0 ], [ 106.628949999742915, -6.608529999659609, 0.0 ], [ 106.629069999880741, -6.608560000143751, 0.0 ], [ 106.629120000387942, -6.608589999728522, 0.0 ], [ 106.62904999985777, -6.608680000281666, 0.0 ], [ 106.628900000135076, -6.608870000050295, 0.0 ], [ 106.628860000089134, -6.609019999772983, 0.0 ], [ 106.628829999604989, -6.6094000002097, 0.0 ], [ 106.628829595809336, -6.609405658743963, 0.0 ], [ 106.628826991372662, -6.609442122655675, 0.0 ], [ 106.628820000043191, -6.609540000370586, 0.0 ], [ 106.628333019853159, -6.610532181015163, 0.0 ], [ 106.627595669304895, -6.610826471564248, 0.0 ], [ 106.627533887678936, -6.610851130075481, 0.0 ], [ 106.627512644792915, -6.610868090389879, 0.0 ], [ 106.626995640736453, -6.611280872913774, 0.0 ], [ 106.626623956330718, -6.611430950877519, 0.0 ], [ 106.626399061068042, -6.611594923366884, 0.0 ], [ 106.626085585281729, -6.611823477971015, 0.0 ], [ 106.625380890915579, -6.612570098730899, 0.0 ], [ 106.625241742412641, -6.612666845997985, 0.0 ], [ 106.624601092366646, -6.613112276610114, 0.0 ], [ 106.624360760241075, -6.613596868200791, 0.0 ], [ 106.623654785240305, -6.613952725437713, 0.0 ], [ 106.623497146676144, -6.614003734084886, 0.0 ], [ 106.622725322415903, -6.6142534857096, 0.0 ], [ 106.622316538277815, -6.614440899028153, 0.0 ], [ 106.622263998085174, -6.61444632643672, 0.0 ], [ 106.622078824977919, -6.614465453217946, 0.0 ], [ 106.621944485150038, -6.614479328857783, 0.0 ], [ 106.62126000034894, -6.614639999935914, 0.0 ], [ 106.620978044901051, -6.614854639329995, 0.0 ], [ 106.621370000025678, -6.615350000302058, 0.0 ], [ 106.621464603309022, -6.615690411683008, 0.0 ], [ 106.621148738923353, -6.615840306185063, 0.0 ], [ 106.620869485938258, -6.615803999654659, 0.0 ], [ 106.620863524332378, -6.615795260942416, 0.0 ], [ 106.620476821248516, -6.61522843264585, 0.0 ], [ 106.6202159351175, -6.615117635270487, 0.0 ], [ 106.62001190592494, -6.615322988265095, 0.0 ], [ 106.619789509878117, -6.615602832104841, 0.0 ], [ 106.619417394697138, -6.615622652263422, 0.0 ], [ 106.61910043943395, -6.615437604161958, 0.0 ], [ 106.618728082335281, -6.615382992830678, 0.0 ], [ 106.618413187418838, -6.615830609694697, 0.0 ], [ 106.617987061653764, -6.61640884499203, 0.0 ], [ 106.617727869845481, -6.616819065347403, 0.0 ], [ 106.617449585430222, -6.617080482078421, 0.0 ], [ 106.617422253234523, -6.617050861108211, 0.0 ], [ 106.617244161389166, -6.616857854905902, 0.0 ], [ 106.616441378866753, -6.616060320826946, 0.0 ], [ 106.615939182147699, -6.616136384586326, 0.0 ], [ 106.615399948648871, -6.616268394270843, 0.0 ], [ 106.615045656232212, -6.616046248235588, 0.0 ], [ 106.614746947313989, -6.615749489946801, 0.0 ], [ 106.614615295559602, -6.61532193336031, 0.0 ], [ 106.614223699264485, -6.61505751559174, 0.0 ], [ 106.61414904834011, -6.615007110389683, 0.0 ], [ 106.613833906110102, -6.615380293065911, 0.0 ], [ 106.613891001368842, -6.615770876724394, 0.0 ], [ 106.614089999753816, -6.615990000138297, 0.0 ], [ 106.614004588441134, -6.616365966216211, 0.0 ], [ 106.613596762980436, -6.616851099198708, 0.0 ], [ 106.613299685432281, -6.61705675166754, 0.0 ], [ 106.612983576431077, -6.617132210183154, 0.0 ], [ 106.612592305690555, -6.616984615247681, 0.0 ], [ 106.612331781086979, -6.616985459711024, 0.0 ], [ 106.612090000153572, -6.617019999972875, 0.0 ], [ 106.611867524067222, -6.617284693833394, 0.0 ], [ 106.611868248021366, -6.617507989202167, 0.0 ], [ 106.611920000407821, -6.6184100002212, 0.0 ], [ 106.611927937824248, -6.618698711376272, 0.0 ], [ 106.611419809177079, -6.61897303068061, 0.0 ], [ 106.611407792435884, -6.618979519289194, 0.0 ], [ 106.611283920716517, -6.618998509373544, 0.0 ], [ 106.611035793267433, -6.61903654889743, 0.0 ], [ 106.610495348381789, -6.618796395736961, 0.0 ], [ 106.609954300950392, -6.618370162952516, 0.0 ], [ 106.609563091363725, -6.618241173191421, 0.0 ], [ 106.609560716254279, -6.618234483134735, 0.0 ], [ 106.609300000095118, -6.617499999625167, 0.0 ], [ 106.60911000032641, -6.617349999902391, 0.0 ], [ 106.608910000096614, -6.617220000202675, 0.0 ], [ 106.608609999751863, -6.616939999880902, 0.0 ], [ 106.608603228756181, -6.616933543647932, 0.0 ], [ 106.608179999707403, -6.616529999859413, 0.0 ], [ 106.607880000261943, -6.616210000391067, 0.0 ], [ 106.607769999685914, -6.615860000438492, 0.0 ], [ 106.607430000194512, -6.615520000047805, 0.0 ], [ 106.607169999895703, -6.61517000009523, 0.0 ], [ 106.606869999551051, -6.614929999819488, 0.0 ], [ 106.606570000105592, -6.614610000351053, 0.0 ], [ 106.606280000222014, -6.614180000306593, 0.0 ], [ 106.605990000338437, -6.613570000055304, 0.0 ], [ 106.605640000385861, -6.613169999595616, 0.0 ], [ 106.60525999994924, -6.612729999989355, 0.0 ], [ 106.605044013370659, -6.612470816274953, 0.0 ], [ 106.604809999881724, -6.61219000026815, 0.0 ], [ 106.60439999986032, -6.611940000430518, 0.0 ], [ 106.603949999792803, -6.611629999624604, 0.0 ], [ 106.603519999748329, -6.611399999809944, 0.0 ], [ 106.603140000210985, -6.611270000110228, 0.0 ], [ 106.602739999751392, -6.611040000295567, 0.0 ], [ 106.602189999569021, -6.610829999604597, 0.0 ], [ 106.601365034369039, -6.610760085409453, 0.0 ], [ 106.601292016613456, -6.609222027974084, 0.0 ], [ 106.602359043335383, -6.608468130799441, 0.0 ], [ 106.604139999561511, -6.606679999781964, 0.0 ], [ 106.604529999559944, -6.606639999736021, 0.0 ], [ 106.604709999766868, -6.606510000036305, 0.0 ], [ 106.605070000180518, -6.606169999645619, 0.0 ], [ 106.60516564038214, -6.606079142038581, 0.0 ], [ 106.6052700004104, -6.605979999876901, 0.0 ], [ 106.60532282209077, -6.605363745740114, 0.0 ], [ 106.605360000064181, -6.604930000019351, 0.0 ], [ 106.605660000408832, -6.604310000206173, 0.0 ], [ 106.605990000338437, -6.603900000184684, 0.0 ], [ 106.606249999737869, -6.603439999656082, 0.0 ], [ 106.607080000242021, -6.602039999845957, 0.0 ], [ 106.607343530379822, -6.601838146113383, 0.0 ], [ 106.607563312996632, -6.601669801120238, 0.0 ], [ 106.60811551831668, -6.601221883882626, 0.0 ], [ 106.608313567017689, -6.600963238862203, 0.0 ], [ 106.608237933134262, -6.600845230722676, 0.0 ], [ 106.608633162690452, -6.600059189080145, 0.0 ], [ 106.608895816888577, -6.599832586004908, 0.0 ], [ 106.608720000327978, -6.599690000293137, 0.0 ], [ 106.608620000213037, -6.599579999717022, 0.0 ], [ 106.608569999705921, -6.599380000386503, 0.0 ], [ 106.608631073565405, -6.599229384628238, 0.0 ], [ 106.609026864298571, -6.599035259669375, 0.0 ], [ 106.609229735164362, -6.598820329794233, 0.0 ], [ 106.609439020894257, -6.598668341670457, 0.0 ], [ 106.60988175623821, -6.598346819649894, 0.0 ], [ 106.610276367060891, -6.597788430591436, 0.0 ], [ 106.61056411684072, -6.597316096760366, 0.0 ], [ 106.610570000205541, -6.597069999980345, 0.0 ], [ 106.610569824837725, -6.597065991702014, 0.0 ], [ 106.610551223260558, -6.596641172651854, 0.0 ], [ 106.61060333807373, -6.596191027793488, 0.0 ], [ 106.610495300717702, -6.595912819820651, 0.0 ], [ 106.610494055156707, -6.595527129373338, 0.0 ], [ 106.610353427269061, -6.595109747716545, 0.0 ], [ 106.610373679102167, -6.594745415268601, 0.0 ], [ 106.610329648294808, -6.594381289664621, 0.0 ], [ 106.610307597817538, -6.594188513688817, 0.0 ], [ 106.610125920375111, -6.594181525057188, 0.0 ], [ 106.60997445835477, -6.594150698096115, 0.0 ], [ 106.609807270789105, -6.594099043735682, 0.0 ], [ 106.609551372298171, -6.594052895924243, 0.0 ], [ 106.609354393790369, -6.594006527778831, 0.0 ], [ 106.609201408318512, -6.593970516226157, 0.0 ], [ 106.608887287718318, -6.593674025935439, 0.0 ], [ 106.608562107255665, -6.593184455697934, 0.0 ], [ 106.608325655704618, -6.592694600375317, 0.0 ], [ 106.60833000032946, -6.592080000091762, 0.0 ], [ 106.608324017139864, -6.591199388440874, 0.0 ], [ 106.608319703091993, -6.590564521035649, 0.0 ], [ 106.608562519145124, -6.590677387751089, 0.0 ], [ 106.608782337734851, -6.590706986238306, 0.0 ], [ 106.608873036161853, -6.59063850376377, 0.0 ], [ 106.609024470303254, -6.590607709178311, 0.0 ], [ 106.609236516052562, -6.590576719439891, 0.0 ], [ 106.609463372736585, -6.590439607901413, 0.0 ], [ 106.60965259189382, -6.590378384754505, 0.0 ], [ 106.60987216496865, -6.590332217157915, 0.0 ], [ 106.610137270718624, -6.590308630638599, 0.0 ], [ 106.610402573420203, -6.590345659324583, 0.0 ], [ 106.610751460911374, -6.590458181599637, 0.0 ], [ 106.611054768063298, -6.590532969220977, 0.0 ], [ 106.611400626637788, -6.590531852262984, 0.0 ], [ 106.611516937756662, -6.590531477245722, 0.0 ], [ 106.611773105144849, -6.590078537294488, 0.0 ], [ 106.612157666942991, -6.589062939203174, 0.0 ], [ 106.612310394309389, -6.588624881233098, 0.0 ], [ 106.612566783830204, -6.587952788190456, 0.0 ], [ 106.6126227531377, -6.587802057318939, 0.0 ], [ 106.612640725189465, -6.587753655806452, 0.0 ], [ 106.612665217326054, -6.587639214378118, 0.0 ], [ 106.612689999943697, -6.587500000224669, 0.0 ], [ 106.612694129630512, -6.587447136276161, 0.0 ], [ 106.612790000058638, -6.586219999653089, 0.0 ], [ 106.612720000427828, -6.585900000184743, 0.0 ], [ 106.612560000243974, -6.585439999656142, 0.0 ], [ 106.612409999621917, -6.584910000396107, 0.0 ], [ 106.612290000383382, -6.584670000120276, 0.0 ], [ 106.612119999738354, -6.584159999983843, 0.0 ], [ 106.612030000084573, -6.583810000031267, 0.0 ], [ 106.612090000153572, -6.583509999686523, 0.0 ], [ 106.612093331242406, -6.583487239644228, 0.0 ], [ 106.612117608441054, -6.583321348001672, 0.0 ], [ 106.612150000222485, -6.583099999665123, 0.0 ], [ 106.612210000291398, -6.582720000127686, 0.0 ], [ 106.612259999899237, -6.582459999828973, 0.0 ], [ 106.61240000006012, -6.58218000040657, 0.0 ], [ 106.612600000289916, -6.581860000038855, 0.0 ], [ 106.612919999758361, -6.581400000409534, 0.0 ], [ 106.613130000449331, -6.581109999626591, 0.0 ], [ 106.613309999756865, -6.580859999788959, 0.0 ], [ 106.613521939386189, -6.580635832977091, 0.0 ], [ 106.613830000354383, -6.580309999606673, 0.0 ], [ 106.614089999753816, -6.58001999972301, 0.0 ], [ 106.614289999983711, -6.579950000092296, 0.0 ], [ 106.614330000029653, -6.579840000415551, 0.0 ], [ 106.614450000167565, -6.579720000277636, 0.0 ], [ 106.614740000051142, -6.579199999680121, 0.0 ], [ 106.614880000212025, -6.578869999750516, 0.0 ], [ 106.61496000030391, -6.578630000374055, 0.0 ], [ 106.615119999588487, -6.578379999637054, 0.0 ], [ 106.615339999841254, -6.57812000023771, 0.0 ], [ 106.615640000186005, -6.577799999869907, 0.0 ], [ 106.615700000255003, -6.577489999963362, 0.0 ], [ 106.616409999721867, -6.576779999597129, 0.0 ], [ 106.616669878612186, -6.576617575740364, 0.0 ], [ 106.616730000089575, -6.57658000026661, 0.0 ], [ 106.617010000411355, -6.576500000174725, 0.0 ], [ 106.61777000038542, -6.576330000429067, 0.0 ], [ 106.618040000245941, -6.576310000406007, 0.0 ], [ 106.61818143032896, -6.576310000406007, 0.0 ], [ 106.618530000359399, -6.576310000406007, 0.0 ], [ 106.618729999689918, -6.576640000335612, 0.0 ], [ 106.618949999942771, -6.576899999735044, 0.0 ], [ 106.619332728922487, -6.577427273149929, 0.0 ], [ 106.6194249570963, -6.577472307600765, 0.0 ], [ 106.619732221265153, -6.577622345994296, 0.0 ], [ 106.619808444204494, -6.577837887408435, 0.0 ], [ 106.619818924004363, -6.577867522767846, 0.0 ], [ 106.619586739736377, -6.578175099001484, 0.0 ], [ 106.619444603685707, -6.578371914731953, 0.0 ], [ 106.619170544285296, -6.578573020228564, 0.0 ], [ 106.619152763789202, -6.578833827219146, 0.0 ], [ 106.619298097829116, -6.579140667807373, 0.0 ], [ 106.619345277162978, -6.579331421207915, 0.0 ], [ 106.619340969410331, -6.579345501893243, 0.0 ], [ 106.619285381415409, -6.579527175738367, 0.0 ], [ 106.619155252213332, -6.57960209825811, 0.0 ], [ 106.618987466598512, -6.579551423259424, 0.0 ], [ 106.618590990581964, -6.579333862867323, 0.0 ], [ 106.618269584573838, -6.579292997673516, 0.0 ], [ 106.617906379875706, -6.57928486060765, 0.0 ], [ 106.61786002971678, -6.57935019815298, 0.0 ], [ 106.617948948385475, -6.579489597566681, 0.0 ], [ 106.618224426016681, -6.579726174123515, 0.0 ], [ 106.618371568593204, -6.579919620993593, 0.0 ], [ 106.618383410865874, -6.579935190056787, 0.0 ], [ 106.618482049407206, -6.580200276021699, 0.0 ], [ 106.618575774052857, -6.580386221646641, 0.0 ], [ 106.618618462172464, -6.580628207625541, 0.0 ], [ 106.618637479236483, -6.580749208708916, 0.0 ], [ 106.618731310002133, -6.580967747563395, 0.0 ], [ 106.618470000290486, -6.581329999879451, 0.0 ], [ 106.618369822109798, -6.581490417348714, 0.0 ], [ 106.618213545119161, -6.581675961876012, 0.0 ], [ 106.618188927976789, -6.581705189842459, 0.0 ], [ 106.618073203215914, -6.581915095205328, 0.0 ], [ 106.618250874178642, -6.582142674944382, 0.0 ], [ 106.618483936184873, -6.582221076041641, 0.0 ], [ 106.618572658801327, -6.582299944786509, 0.0 ], [ 106.618643073918889, -6.582476654373917, 0.0 ], [ 106.61868999694596, -6.582588252146007, 0.0 ], [ 106.618662648562577, -6.58276993318573, 0.0 ], [ 106.618588875376432, -6.582993671920203, 0.0 ], [ 106.618347375031561, -6.583185359716417, 0.0 ], [ 106.618009999761881, -6.583390000447977, 0.0 ], [ 106.617809089418145, -6.583750508079369, 0.0 ], [ 106.617796191341313, -6.584081142030964, 0.0 ], [ 106.617861949769349, -6.584257866007572, 0.0 ], [ 106.618080878030298, -6.584285093881839, 0.0 ], [ 106.618262619324568, -6.584331068124119, 0.0 ], [ 106.618383918982801, -6.584405174958743, 0.0 ], [ 106.618347455071174, -6.584647417244351, 0.0 ], [ 106.618310990260184, -6.584889660429329, 0.0 ], [ 106.618218862810423, -6.58519726993795, 0.0 ], [ 106.618196427423371, -6.585458092217014, 0.0 ], [ 106.618173900305422, -6.585690976157501, 0.0 ], [ 106.618207081691679, -6.585872462044353, 0.0 ], [ 106.618203074312632, -6.586072693399938, 0.0 ], [ 106.618157100969626, -6.586254434694219, 0.0 ], [ 106.618026699272988, -6.58624554489581, 0.0 ], [ 106.618039882434843, -6.586268443433809, 0.0 ], [ 106.618139080354496, -6.58644074274596, 0.0 ], [ 106.618227606918708, -6.586459080821818, 0.0 ], [ 106.618385886699542, -6.586449255728368, 0.0 ], [ 106.618656063726519, -6.58648562970793, 0.0 ], [ 106.619099999665465, -6.586310000206232, 0.0 ], [ 106.619199999780321, -6.586490000413061, 0.0 ], [ 106.619290000333464, -6.586720000227633, 0.0 ], [ 106.619290000333464, -6.586809999881407, 0.0 ], [ 106.619259999849319, -6.586959999604094, 0.0 ], [ 106.619219999803292, -6.587190000318124, 0.0 ], [ 106.619219999803292, -6.587440000155667, 0.0 ], [ 106.619119999688436, -6.587540000270611, 0.0 ], [ 106.619039999596453, -6.587609999901414, 0.0 ], [ 106.618920000357917, -6.587710000016358, 0.0 ], [ 106.618869999850801, -6.587830000154185, 0.0 ], [ 106.618880000311975, -6.587990000338131, 0.0 ], [ 106.618929999919715, -6.588240000175674, 0.0 ], [ 106.618949999942771, -6.588369999875479, 0.0 ], [ 106.618969999965742, -6.588440000405473, 0.0 ], [ 106.619010000011684, -6.588490000013305, 0.0 ], [ 106.619250000287522, -6.588730000289136, 0.0 ], [ 106.619310000356435, -6.58881000038102, 0.0 ], [ 106.619720000377839, -6.589290000033312, 0.0 ], [ 106.619760000423867, -6.589370000125285, 0.0 ], [ 106.619819999593489, -6.589559999893915, 0.0 ], [ 106.61983999961646, -6.58968000003183, 0.0 ], [ 106.620159999984182, -6.589989999938375, 0.0 ], [ 106.620420000282891, -6.59011000007629, 0.0 ], [ 106.620590000028642, -6.590139999661151, 0.0 ], [ 106.621069508651047, -6.590196081383883, 0.0 ], [ 106.62166888790901, -6.590266181738738, 0.0 ], [ 106.621976840958652, -6.590270401357792, 0.0 ], [ 106.62214617610536, -6.590313513957327, 0.0 ], [ 106.622300706612492, -6.590352856598916, 0.0 ], [ 106.622754901117972, -6.590387915769593, 0.0 ], [ 106.623057585039717, -6.590376492580887, 0.0 ], [ 106.623344865373468, -6.590443409335691, 0.0 ], [ 106.623533115061392, -6.590552402671115, 0.0 ], [ 106.623726040324712, -6.590494362224888, 0.0 ], [ 106.623881055566414, -6.590515035840063, 0.0 ] ] ] ] } },
{ "type": "Feature", "properties": { "PROVNO": "32", "KABKOTNO": "01", "KECNO": "020", "DESANO": "017", "PROVINSI": "JAWA BARAT", "KABKOT": "BOGOR", "KECAMATAN": "LEUWILIANG", "ID2013": "3201020017", "DESA": "LEUWIMEKAR", "DESA_1": "LEUWIMEKAR", "ID2012": "3201020017", "IDKAB2": "3201", "IDKEC_2": "3201020", "WILAYAH": "BARAT" }, "geometry": { "type": "MultiPolygon", "coordinates": [ [ [ [ 106.639407840799421, -6.574596245120503, 0.0 ], [ 106.638917896443928, -6.575125302790354, 0.0 ], [ 106.638742710308023, -6.575316594884786, 0.0 ], [ 106.638549868681622, -6.575576482768355, 0.0 ], [ 106.63841973228503, -6.575874905702186, 0.0 ], [ 106.638400279049833, -6.576304083766296, 0.0 ], [ 106.638414654712719, -6.576357460328399, 0.0 ], [ 106.638463627294797, -6.57653929425285, 0.0 ], [ 106.638640453794096, -6.576848629560441, 0.0 ], [ 106.638853030143423, -6.577067456197963, 0.0 ], [ 106.63888862081339, -6.577104093678834, 0.0 ], [ 106.639136593579096, -6.577299958825868, 0.0 ], [ 106.639294974983258, -6.577436518180626, 0.0 ], [ 106.639379192895632, -6.57767463797402, 0.0 ], [ 106.639198710652096, -6.578068585096943, 0.0 ], [ 106.639060000119073, -6.578419999683085, 0.0 ], [ 106.638894120167691, -6.578781794244239, 0.0 ], [ 106.638900787741392, -6.579039476990047, 0.0 ], [ 106.638907768279054, -6.579309202557528, 0.0 ], [ 106.639016713950383, -6.579818419384367, 0.0 ], [ 106.639172400086366, -6.580041406285755, 0.0 ], [ 106.639268235440952, -6.580187109047699, 0.0 ], [ 106.639265997927666, -6.580413594311754, 0.0 ], [ 106.639117776164625, -6.580649497276383, 0.0 ], [ 106.638931040934949, -6.58095406527778, 0.0 ], [ 106.638927640598311, -6.580957311830318, 0.0 ], [ 106.638699334207089, -6.581175341668501, 0.0 ], [ 106.638336751839759, -6.581596994205743, 0.0 ], [ 106.637889658381241, -6.582861955414767, 0.0 ], [ 106.637855749443446, -6.582957893291965, 0.0 ], [ 106.637769107858247, -6.583678295217013, 0.0 ], [ 106.637737911275693, -6.584034409660102, 0.0 ], [ 106.637848270681303, -6.584491275152029, 0.0 ], [ 106.637901960207472, -6.584713533602518, 0.0 ], [ 106.63762126740771, -6.585475027350487, 0.0 ], [ 106.637710241834384, -6.585466643870355, 0.0 ], [ 106.637750883096913, -6.585523149173813, 0.0 ], [ 106.637775554198612, -6.585644437140861, 0.0 ], [ 106.63774358779655, -6.585765910368337, 0.0 ], [ 106.637784759659084, -6.585984236982725, 0.0 ], [ 106.638036033836016, -6.586120962712041, 0.0 ], [ 106.638335934356078, -6.586281803762031, 0.0 ], [ 106.638457963364488, -6.586483682675617, 0.0 ], [ 106.638587419873744, -6.58648325909498, 0.0 ], [ 106.638789430987615, -6.586401684290113, 0.0 ], [ 106.638935256057408, -6.586457844253992, 0.0 ], [ 106.639162495852659, -6.586667469028331, 0.0 ], [ 106.639410000071649, -6.586849999927349, 0.0 ], [ 106.639543785017878, -6.586973682789079, 0.0 ], [ 106.639705713348178, -6.587005516091562, 0.0 ], [ 106.639666055044614, -6.587248381607349, 0.0 ], [ 106.639318617260557, -6.587395163555811, 0.0 ], [ 106.639197728592507, -6.587541202664262, 0.0 ], [ 106.639288951324176, -6.587550973798209, 0.0 ], [ 106.639840000116109, -6.587609999901414, 0.0 ], [ 106.639949999792762, -6.587759999624101, 0.0 ], [ 106.640060000368877, -6.587890000223187, 0.0 ], [ 106.640109999976715, -6.588019999922903, 0.0 ], [ 106.640117874440548, -6.588145983250318, 0.0 ], [ 106.64012000043779, -6.58818000010676, 0.0 ], [ 106.640060000368877, -6.588329999829448, 0.0 ], [ 106.640024048171483, -6.588409094304062, 0.0 ], [ 106.640012211294675, -6.588435135972617, 0.0 ], [ 106.640009999861775, -6.588440000405473, 0.0 ], [ 106.639639999886214, -6.588360000313589, 0.0 ], [ 106.639320000417882, -6.588440000405473, 0.0 ], [ 106.63885000032738, -6.588619999713021, 0.0 ], [ 106.63863999963641, -6.588750000312107, 0.0 ], [ 106.63848999991373, -6.588830000403991, 0.0 ], [ 106.638340000191036, -6.588909999596595, 0.0 ], [ 106.637990000238545, -6.58881000038102, 0.0 ], [ 106.637740000400839, -6.588839999965881, 0.0 ], [ 106.637440000056088, -6.588909999596595, 0.0 ], [ 106.637250000287452, -6.58904999975757, 0.0 ], [ 106.637179999757379, -6.589009999711539, 0.0 ], [ 106.637090000103598, -6.588909999596595, 0.0 ], [ 106.63698000042686, -6.588900000034794, 0.0 ], [ 106.636820000243006, -6.588949999642626, 0.0 ], [ 106.636649999597978, -6.58904999975757, 0.0 ], [ 106.636609999552036, -6.589310000056283, 0.0 ], [ 106.6365500003824, -6.589359999664115, 0.0 ], [ 106.636470000290416, -6.589350000102314, 0.0 ], [ 106.636250000037649, -6.589279999572142, 0.0 ], [ 106.636109999876766, -6.58926000044854, 0.0 ], [ 106.636000000200028, -6.589310000056283, 0.0 ], [ 106.63518000015705, -6.589909999846402, 0.0 ], [ 106.63506999958102, -6.590000000399545, 0.0 ], [ 106.634947870747837, -6.590035744853608, 0.0 ], [ 106.634250000437319, -6.590239999776006, 0.0 ], [ 106.634249327744485, -6.590240084312295, 0.0 ], [ 106.634090000253465, -6.590259999798977, 0.0 ], [ 106.633760000323946, -6.590270000260148, 0.0 ], [ 106.633581491192999, -6.590561834760713, 0.0 ], [ 106.633171821222703, -6.590748561896511, 0.0 ], [ 106.633158361069619, -6.590754697071457, 0.0 ], [ 106.633049294889261, -6.590039370020708, 0.0 ], [ 106.632977039758771, -6.590042525741815, 0.0 ], [ 106.632738581820306, -6.590052941689741, 0.0 ], [ 106.632703807734643, -6.589929892850179, 0.0 ], [ 106.632700473048516, -6.589918091046911, 0.0 ], [ 106.632319147910479, -6.589901206275464, 0.0 ], [ 106.632126871957723, -6.589965997032934, 0.0 ], [ 106.631866717874914, -6.589984669656648, 0.0 ], [ 106.631520781958642, -6.589932332710848, 0.0 ], [ 106.631224923891267, -6.589933300381325, 0.0 ], [ 106.631000683335088, -6.590033840988809, 0.0 ], [ 106.630601104657472, -6.590417285828867, 0.0 ], [ 106.630314866637974, -6.590691965761444, 0.0 ], [ 106.629951934434388, -6.590892769085901, 0.0 ], [ 106.629539491854217, -6.591214928725844, 0.0 ], [ 106.629498950416362, -6.591236193195584, 0.0 ], [ 106.629101796311033, -6.591444492369227, 0.0 ], [ 106.628774134618766, -6.591531112370799, 0.0 ], [ 106.628619018652998, -6.591577626206337, 0.0 ], [ 106.628482029422287, -6.591788893142727, 0.0 ], [ 106.628401505025622, -6.592163469768177, 0.0 ], [ 106.628346724621764, -6.592516450073962, 0.0 ], [ 106.62826170091698, -6.592830807195806, 0.0 ], [ 106.628243125420013, -6.592902142319836, 0.0 ], [ 106.628180966078872, -6.593140847571846, 0.0 ], [ 106.628209378360282, -6.593936709811157, 0.0 ], [ 106.628107271133885, -6.594289844800318, 0.0 ], [ 106.628059468569845, -6.594709859672179, 0.0 ], [ 106.628052898122903, -6.594767595248143, 0.0 ], [ 106.627972147996402, -6.595073333267578, 0.0 ], [ 106.627883398400286, -6.595564103200626, 0.0 ], [ 106.627716959969959, -6.595978716744213, 0.0 ], [ 106.627694111793986, -6.596035633937216, 0.0 ], [ 106.627588493614269, -6.596167409797928, 0.0 ], [ 106.627391885627219, -6.596568180077291, 0.0 ], [ 106.627182117860599, -6.596891550204678, 0.0 ], [ 106.626217555396039, -6.597966008924008, 0.0 ], [ 106.626062889990578, -6.598389281140307, 0.0 ], [ 106.625850810966284, -6.598969679307078, 0.0 ], [ 106.625712645422382, -6.599584583561526, 0.0 ], [ 106.624736401663753, -6.599338723303241, 0.0 ], [ 106.624366280279816, -6.599124091103761, 0.0 ], [ 106.624319674713377, -6.598833691921193, 0.0 ], [ 106.624227275668432, -6.598501933817005, 0.0 ], [ 106.62430954744778, -6.598273375615662, 0.0 ], [ 106.624198649348358, -6.5981579539263, 0.0 ], [ 106.624134620316596, -6.598091314162637, 0.0 ], [ 106.623910222379038, -6.598013181063358, 0.0 ], [ 106.623673831981904, -6.598076211847506, 0.0 ], [ 106.623621033683904, -6.598433347021206, 0.0 ], [ 106.623443268292348, -6.59865391474618, 0.0 ], [ 106.623040468243204, -6.598601266634976, 0.0 ], [ 106.622799155856512, -6.598427721761748, 0.0 ], [ 106.622453737050506, -6.598150746759437, 0.0 ], [ 106.62216043215841, -6.597765714615846, 0.0 ], [ 106.621940761956722, -6.597405283426951, 0.0 ], [ 106.6214124282412, -6.597041736087075, 0.0 ], [ 106.621898785200969, -6.596695592427473, 0.0 ], [ 106.622443589100556, -6.596307852425323, 0.0 ], [ 106.62258410727091, -6.596120611776648, 0.0 ], [ 106.622687254113615, -6.59592934216521, 0.0 ], [ 106.622367119746954, -6.595768504712609, 0.0 ], [ 106.621647867155517, -6.595409730074877, 0.0 ], [ 106.621543449570709, -6.595210834212519, 0.0 ], [ 106.621505512569527, -6.595032476167653, 0.0 ], [ 106.62162920982037, -6.594305517285672, 0.0 ], [ 106.621622928955119, -6.594123081714756, 0.0 ], [ 106.621723829291483, -6.593973304124514, 0.0 ], [ 106.621721616059915, -6.593836359859964, 0.0 ], [ 106.621746047941954, -6.593691005135618, 0.0 ], [ 106.621853332565451, -6.593495570763821, 0.0 ], [ 106.622064776668296, -6.593420169804833, 0.0 ], [ 106.62218472914212, -6.59329110719872, 0.0 ], [ 106.622234115412212, -6.593208911861606, 0.0 ], [ 106.622374637179945, -6.592975034170347, 0.0 ], [ 106.622935289831986, -6.592290309250206, 0.0 ], [ 106.6230060799668, -6.592122039800099, 0.0 ], [ 106.623132930240729, -6.592151711132335, 0.0 ], [ 106.62316753615309, -6.591972549093708, 0.0 ], [ 106.623220488235091, -6.591882589909428, 0.0 ], [ 106.623237783097437, -6.591762265116277, 0.0 ], [ 106.623251207277605, -6.591539369945778, 0.0 ], [ 106.623303829308426, -6.591404781005696, 0.0 ], [ 106.623396729275797, -6.591285798001003, 0.0 ], [ 106.623412818147187, -6.59119926163644, 0.0 ], [ 106.623678033614553, -6.59117363815275, 0.0 ], [ 106.623829494735531, -6.591135977243336, 0.0 ], [ 106.623857917808849, -6.591013872691889, 0.0 ], [ 106.623915005872988, -6.590905928865389, 0.0 ], [ 106.623945579225278, -6.590776588368676, 0.0 ], [ 106.623849876970453, -6.590716764566853, 0.0 ], [ 106.623881055566414, -6.590515035840063, 0.0 ], [ 106.62394453241447, -6.590454694928063, 0.0 ], [ 106.624061204161393, -6.590436629346854, 0.0 ], [ 106.624110242393982, -6.590470721746247, 0.0 ], [ 106.624192509676746, -6.59056708230489, 0.0 ], [ 106.624274235567697, -6.590680011073538, 0.0 ], [ 106.624391287727917, -6.590778673896516, 0.0 ], [ 106.624451480251778, -6.59079616481101, 0.0 ], [ 106.624569702429952, -6.590757932832183, 0.0 ], [ 106.624659695788495, -6.590646919619516, 0.0 ], [ 106.624783282422669, -6.590579308588076, 0.0 ], [ 106.624917826396768, -6.59061778068585, 0.0 ], [ 106.625147598682943, -6.590571048315077, 0.0 ], [ 106.625271277047915, -6.590531735351171, 0.0 ], [ 106.625334842029545, -6.590503493940982, 0.0 ], [ 106.625391452553728, -6.590503045179243, 0.0 ], [ 106.625451241281922, -6.590396730924244, 0.0 ], [ 106.625500704893796, -6.5903788829789, 0.0 ], [ 106.62558207375389, -6.59038215471254, 0.0 ], [ 106.625587955320043, -6.590372942057456, 0.0 ], [ 106.625613747876315, -6.59033253012197, 0.0 ], [ 106.625584965973587, -6.590184055649519, 0.0 ], [ 106.625549120795483, -6.590039143391593, 0.0 ], [ 106.625328887618267, -6.58975687497966, 0.0 ], [ 106.625204531164343, -6.58958748857156, 0.0 ], [ 106.625164667815355, -6.589495766716116, 0.0 ], [ 106.625200602026339, -6.589467233026216, 0.0 ], [ 106.625533231573542, -6.58950506120938, 0.0 ], [ 106.625713598703754, -6.589493861052667, 0.0 ], [ 106.625789999708914, -6.589419999733028, 0.0 ], [ 106.625907963781643, -6.589273375165963, 0.0 ], [ 106.626270329412392, -6.588897910909655, 0.0 ], [ 106.626194602898806, -6.588630813161291, 0.0 ], [ 106.62605914971013, -6.588631253829149, 0.0 ], [ 106.6258658988923, -6.588678568061326, 0.0 ], [ 106.625852568241584, -6.588681831700995, 0.0 ], [ 106.62574564334696, -6.588685743751945, 0.0 ], [ 106.625669999571002, -6.588630000174192, 0.0 ], [ 106.625616831651683, -6.588536450896356, 0.0 ], [ 106.625644906687313, -6.588400905077521, 0.0 ], [ 106.625727913212785, -6.588311103274638, 0.0 ], [ 106.625768645306934, -6.588086816852936, 0.0 ], [ 106.625636303772581, -6.587948228627685, 0.0 ], [ 106.625618213909632, -6.587866302187919, 0.0 ], [ 106.625646359092357, -6.587752143146677, 0.0 ], [ 106.625817422736048, -6.587740891728657, 0.0 ], [ 106.625981275615587, -6.587704712901967, 0.0 ], [ 106.626059497747818, -6.58764386027574, 0.0 ], [ 106.626027231871447, -6.587586931391645, 0.0 ], [ 106.625994941713344, -6.587522873581566, 0.0 ], [ 106.625998216144922, -6.587433748068818, 0.0 ], [ 106.625983667812164, -6.587344680112697, 0.0 ], [ 106.626158307160296, -6.587336981916039, 0.0 ], [ 106.626382571998278, -6.587243572033099, 0.0 ], [ 106.626513891003469, -6.587068479426641, 0.0 ], [ 106.626581058669117, -6.586897160375518, 0.0 ], [ 106.626737201660717, -6.586682774590216, 0.0 ], [ 106.626754340040947, -6.586472407875146, 0.0 ], [ 106.626657655726433, -6.586337269449274, 0.0 ], [ 106.626687451165168, -6.58603236420209, 0.0 ], [ 106.626709789425391, -6.585927169603014, 0.0 ], [ 106.626805381063647, -6.585727241318953, 0.0 ], [ 106.626793399396078, -6.585331609765834, 0.0 ], [ 106.627020995322795, -6.585166897134478, 0.0 ], [ 106.627095675025572, -6.585113185125238, 0.0 ], [ 106.627298330953437, -6.584952118345413, 0.0 ], [ 106.627322343751331, -6.584919882146636, 0.0 ], [ 106.627394154616667, -6.584823480219217, 0.0 ], [ 106.627435954206049, -6.5845239178444, 0.0 ], [ 106.627485683117982, -6.584470286774149, 0.0 ], [ 106.627498017319823, -6.584256547601477, 0.0 ], [ 106.627502552600944, -6.584177935163407, 0.0 ], [ 106.6275400003709, -6.583990000238185, 0.0 ], [ 106.627569999955668, -6.583850000077298, 0.0 ], [ 106.627639999586478, -6.583740000400553, 0.0 ], [ 106.627710000116551, -6.583700000354522, 0.0 ], [ 106.62775001275304, -6.583546194700975, 0.0 ], [ 106.627756852097249, -6.583457058396416, 0.0 ], [ 106.627831556081588, -6.58341047531307, 0.0 ], [ 106.62788149363621, -6.583421006374159, 0.0 ], [ 106.627956626597211, -6.583506311566847, 0.0 ], [ 106.628045833048958, -6.583534537688553, 0.0 ], [ 106.62810251731743, -6.583427414943035, 0.0 ], [ 106.628005066780545, -6.583057014769302, 0.0 ], [ 106.628018697804862, -6.582864481610375, 0.0 ], [ 106.628107358368098, -6.582725173927475, 0.0 ], [ 106.628189074366418, -6.582642921933104, 0.0 ], [ 106.628167466355663, -6.582575265036308, 0.0 ], [ 106.628046307890983, -6.582586353677158, 0.0 ], [ 106.627985978670168, -6.582668536423721, 0.0 ], [ 106.627829290689348, -6.582715385706308, 0.0 ], [ 106.627765049417675, -6.582690642658875, 0.0 ], [ 106.627509078081715, -6.582898224173519, 0.0 ], [ 106.627398671012017, -6.582927099605786, 0.0 ], [ 106.627226164855813, -6.583021201966712, 0.0 ], [ 106.627106058597889, -6.58293958129649, 0.0 ], [ 106.627061552049128, -6.582767082334797, 0.0 ], [ 106.627004744573441, -6.582673097785054, 0.0 ], [ 106.626929105294153, -6.582579175288608, 0.0 ], [ 106.626934565078244, -6.582328038707921, 0.0 ], [ 106.626905712129059, -6.582142933049742, 0.0 ], [ 106.6268687958584, -6.581919136758554, 0.0 ], [ 106.626854477752133, -6.581832341389262, 0.0 ], [ 106.626822701107002, -6.581713164131067, 0.0 ], [ 106.626598624227285, -6.581340354673451, 0.0 ], [ 106.62676385127088, -6.580991389840598, 0.0 ], [ 106.626694529728951, -6.580910002094722, 0.0 ], [ 106.626130776214595, -6.581294792320627, 0.0 ], [ 106.625850851435771, -6.581256770783153, 0.0 ], [ 106.625805728851532, -6.581142555084654, 0.0 ], [ 106.625705040755179, -6.580760014962586, 0.0 ], [ 106.625679821966429, -6.580652769009934, 0.0 ], [ 106.625704182801996, -6.580496485724066, 0.0 ], [ 106.625713319014579, -6.580247841164812, 0.0 ], [ 106.625669005820143, -6.580120278627835, 0.0 ], [ 106.625658107835577, -6.580088906677553, 0.0 ], [ 106.625692622017056, -6.57999929373231, 0.0 ], [ 106.62564928638561, -6.579787331619915, 0.0 ], [ 106.625368154716739, -6.57960753735777, 0.0 ], [ 106.625262948426467, -6.579364235670795, 0.0 ], [ 106.625292490256442, -6.579274638913315, 0.0 ], [ 106.625421943168291, -6.579328912998808, 0.0 ], [ 106.625571220735395, -6.579363233826054, 0.0 ], [ 106.62575489916938, -6.57927313524679, 0.0 ], [ 106.625904290051082, -6.579342261635936, 0.0 ], [ 106.626048626742929, -6.57938654335414, 0.0 ], [ 106.626182568171188, -6.579291634301345, 0.0 ], [ 106.626356334277574, -6.579211511002239, 0.0 ], [ 106.626455258803304, -6.579052075592653, 0.0 ], [ 106.626594267911258, -6.578986983562309, 0.0 ], [ 106.626610545640375, -6.578981252182849, 0.0 ], [ 106.626922057307326, -6.578871554678347, 0.0 ], [ 106.627631653877899, -6.578672783821773, 0.0 ], [ 106.628099331019456, -6.578541778680016, 0.0 ], [ 106.628386727365722, -6.57811708193762, 0.0 ], [ 106.628603391133808, -6.578141487739266, 0.0 ], [ 106.628634523864335, -6.578062912173479, 0.0 ], [ 106.628738157240349, -6.578078268996759, 0.0 ], [ 106.628807008436823, -6.578015266091466, 0.0 ], [ 106.628866175733577, -6.577870680287514, 0.0 ], [ 106.628957142158555, -6.5778515499089, 0.0 ], [ 106.629072941563194, -6.577747585582507, 0.0 ], [ 106.629417450255261, -6.577511041401287, 0.0 ], [ 106.629627601133024, -6.57746327121286, 0.0 ], [ 106.629627341229011, -6.577443360222759, 0.0 ], [ 106.629623418386245, -6.577143109866448, 0.0 ], [ 106.629786567096616, -6.577120605231581, 0.0 ], [ 106.629785032853121, -6.576649764275047, 0.0 ], [ 106.630265053189845, -6.576579142313435, 0.0 ], [ 106.630275026671356, -6.576535326444013, 0.0 ], [ 106.630318198626171, -6.576513050236912, 0.0 ], [ 106.630320948752967, -6.576393759664114, 0.0 ], [ 106.630289539930487, -6.576387584918955, 0.0 ], [ 106.630304149417171, -6.576054806084333, 0.0 ], [ 106.630542496738968, -6.575991250095949, 0.0 ], [ 106.630608095986958, -6.575893727613238, 0.0 ], [ 106.63058259391174, -6.575495534790967, 0.0 ], [ 106.630571716611612, -6.575325692426617, 0.0 ], [ 106.630480608093734, -6.575300878332726, 0.0 ], [ 106.63048033380052, -6.575291168352617, 0.0 ], [ 106.630466415892542, -6.574798687908991, 0.0 ], [ 106.630500176442183, -6.574563154565762, 0.0 ], [ 106.630571642867224, -6.57434005524923, 0.0 ], [ 106.630992797179985, -6.574558998798565, 0.0 ], [ 106.631676022030902, -6.574914185141392, 0.0 ], [ 106.631780831720192, -6.574968672366168, 0.0 ], [ 106.631816306377615, -6.574987113864008, 0.0 ], [ 106.631896989054951, -6.575029058244333, 0.0 ], [ 106.633250976851329, -6.575734579087413, 0.0 ], [ 106.633317829754191, -6.575769414326817, 0.0 ], [ 106.633731980146919, -6.575960290934493, 0.0 ], [ 106.634081830811979, -6.576121533981407, 0.0 ], [ 106.634865649330436, -6.57615473335408, 0.0 ], [ 106.635002932639424, -6.576182151884638, 0.0 ], [ 106.635056487267263, -6.576192848421005, 0.0 ], [ 106.635738776823217, -6.576429432172439, 0.0 ], [ 106.63573840090659, -6.576436516132169, 0.0 ], [ 106.635715123754125, -6.576875243197779, 0.0 ], [ 106.635714559879219, -6.577248002293281, 0.0 ], [ 106.635713138051045, -6.578187336076571, 0.0 ], [ 106.635892309982296, -6.578265223660953, 0.0 ], [ 106.636056281572294, -6.578306200370623, 0.0 ], [ 106.636237809727291, -6.578333151253748, 0.0 ], [ 106.636515297343294, -6.578315250248448, 0.0 ], [ 106.636545356283335, -6.578313311310104, 0.0 ], [ 106.636706523787211, -6.577763853418919, 0.0 ], [ 106.636760152159439, -6.57776069679862, 0.0 ], [ 106.636836321139455, -6.577361133409401, 0.0 ], [ 106.636943945706761, -6.576867709576941, 0.0 ], [ 106.636944946652136, -6.576863123034506, 0.0 ], [ 106.637128617891591, -6.57686252228741, 0.0 ], [ 106.637242931616214, -6.576862148169429, 0.0 ], [ 106.637483899562511, -6.576739180268856, 0.0 ], [ 106.637673908324402, -6.576524000382147, 0.0 ], [ 106.637816082146628, -6.576261297620647, 0.0 ], [ 106.637843746192075, -6.576169599147565, 0.0 ], [ 106.637881505127524, -6.576044436901132, 0.0 ], [ 106.637901570801006, -6.575977922143252, 0.0 ], [ 106.637906321020068, -6.575608390714507, 0.0 ], [ 106.637851921928785, -6.575376131802937, 0.0 ], [ 106.637806308314651, -6.575096163856688, 0.0 ], [ 106.637805036673285, -6.575060146908065, 0.0 ], [ 106.63779316921952, -6.574723712329291, 0.0 ], [ 106.637798477018336, -6.57471634688175, 0.0 ], [ 106.637926657389542, -6.574538516738961, 0.0 ], [ 106.638563288365219, -6.574214596226415, 0.0 ], [ 106.638576356413893, -6.574215137618324, 0.0 ], [ 106.638762965738422, -6.574222881680516, 0.0 ], [ 106.639407840799421, -6.574596245120503, 0.0 ] ] ] ] } },
{ "type": "Feature", "properties": { "PROVNO": "32", "KABKOTNO": "01", "KECNO": "020", "DESANO": "018", "PROVINSI": "JAWA BARAT", "KABKOT": "BOGOR", "KECAMATAN": "LEUWILIANG", "ID2013": "3201020018", "DESA": "LEUWILIANG", "DESA_1": "LEUWILIANG", "ID2012": "3201020018", "IDKAB2": "3201", "IDKEC_2": "3201020", "WILAYAH": "BARAT" }, "geometry": { "type": "MultiPolygon", "coordinates": [ [ [ [ 106.632967915237273, -6.559285015690755, 0.0 ], [ 106.633000845712587, -6.55963683137454, 0.0 ], [ 106.632844354683385, -6.559986398753139, 0.0 ], [ 106.632721769893962, -6.560375265605813, 0.0 ], [ 106.632701888581451, -6.560949588852285, 0.0 ], [ 106.632696042088838, -6.561118506713584, 0.0 ], [ 106.63276248759891, -6.561377589703845, 0.0 ], [ 106.632860001987737, -6.561757809575077, 0.0 ], [ 106.632935528851789, -6.562052301572265, 0.0 ], [ 106.633388025437142, -6.562939630259592, 0.0 ], [ 106.633422793227481, -6.563007808763146, 0.0 ], [ 106.635314294119567, -6.564713149991732, 0.0 ], [ 106.635697588772828, -6.565076710821351, 0.0 ], [ 106.63705927206793, -6.566368290164295, 0.0 ], [ 106.63842808069154, -6.565090837372125, 0.0 ], [ 106.638984377926832, -6.564571667748123, 0.0 ], [ 106.639249484576268, -6.564728440265135, 0.0 ], [ 106.639822885118249, -6.566195980959613, 0.0 ], [ 106.639769206383988, -6.566995609559569, 0.0 ], [ 106.639716049256407, -6.567216895842911, 0.0 ], [ 106.639643577389307, -6.567518585114431, 0.0 ], [ 106.639608139604164, -6.567666101809024, 0.0 ], [ 106.639384263273357, -6.568066560922894, 0.0 ], [ 106.638444516701242, -6.568193495733023, 0.0 ], [ 106.636603179992974, -6.568064398952647, 0.0 ], [ 106.636387388567272, -6.568165450375076, 0.0 ], [ 106.636131006241058, -6.568285509868268, 0.0 ], [ 106.636036847222869, -6.568758734927584, 0.0 ], [ 106.636122469876284, -6.569118773112717, 0.0 ], [ 106.636366423571758, -6.569450615753194, 0.0 ], [ 106.636642716888076, -6.569826446932794, 0.0 ], [ 106.637294505037573, -6.570311418936683, 0.0 ], [ 106.638262394094383, -6.571031589735945, 0.0 ], [ 106.638308308082102, -6.571096929979117, 0.0 ], [ 106.638811035401162, -6.571812357754006, 0.0 ], [ 106.63929399831953, -6.572101658864273, 0.0 ], [ 106.639465368632045, -6.572204311979259, 0.0 ], [ 106.639871721902637, -6.572512628354978, 0.0 ], [ 106.640092423626641, -6.572860960964402, 0.0 ], [ 106.640073671862595, -6.573193370177712, 0.0 ], [ 106.640071141170409, -6.5732382382539, 0.0 ], [ 106.640066304616397, -6.573480341144702, 0.0 ], [ 106.63999490294259, -6.573859447655241, 0.0 ], [ 106.639407840799421, -6.574596245120503, 0.0 ], [ 106.638762965738422, -6.574222881680516, 0.0 ], [ 106.638576356413893, -6.574215137618324, 0.0 ], [ 106.638563288365219, -6.574214596226415, 0.0 ], [ 106.637926657389542, -6.574538516738961, 0.0 ], [ 106.637798477018336, -6.57471634688175, 0.0 ], [ 106.63779316921952, -6.574723712329291, 0.0 ], [ 106.637805036673285, -6.575060146908065, 0.0 ], [ 106.637806308314651, -6.575096163856688, 0.0 ], [ 106.637851921928785, -6.575376131802937, 0.0 ], [ 106.637906321020068, -6.575608390714507, 0.0 ], [ 106.637901570801006, -6.575977922143252, 0.0 ], [ 106.637881505127524, -6.576044436901132, 0.0 ], [ 106.637843746192075, -6.576169599147565, 0.0 ], [ 106.637816082146628, -6.576261297620647, 0.0 ], [ 106.637673908324402, -6.576524000382147, 0.0 ], [ 106.637483899562511, -6.576739180268856, 0.0 ], [ 106.637242931616214, -6.576862148169429, 0.0 ], [ 106.637128617891591, -6.57686252228741, 0.0 ], [ 106.636944946652136, -6.576863123034506, 0.0 ], [ 106.636943945706761, -6.576867709576941, 0.0 ], [ 106.636836321139455, -6.577361133409401, 0.0 ], [ 106.636760152159439, -6.57776069679862, 0.0 ], [ 106.636706523787211, -6.577763853418919, 0.0 ], [ 106.636545356283335, -6.578313311310104, 0.0 ], [ 106.636515297343294, -6.578315250248448, 0.0 ], [ 106.636237809727291, -6.578333151253748, 0.0 ], [ 106.636056281572294, -6.578306200370623, 0.0 ], [ 106.635892309982296, -6.578265223660953, 0.0 ], [ 106.635713138051045, -6.578187336076571, 0.0 ], [ 106.635714559879219, -6.577248002293281, 0.0 ], [ 106.635715123754125, -6.576875243197779, 0.0 ], [ 106.63573840090659, -6.576436516132169, 0.0 ], [ 106.635738776823217, -6.576429432172439, 0.0 ], [ 106.635056487267263, -6.576192848421005, 0.0 ], [ 106.635002932639424, -6.576182151884638, 0.0 ], [ 106.634865649330436, -6.57615473335408, 0.0 ], [ 106.634081830811979, -6.576121533981407, 0.0 ], [ 106.633731980146919, -6.575960290934493, 0.0 ], [ 106.633317829754191, -6.575769414326817, 0.0 ], [ 106.633250976851329, -6.575734579087413, 0.0 ], [ 106.631896989054951, -6.575029058244333, 0.0 ], [ 106.631816306377615, -6.574987113864008, 0.0 ], [ 106.631780831720192, -6.574968672366168, 0.0 ], [ 106.631676022030902, -6.574914185141392, 0.0 ], [ 106.630992797179985, -6.574558998798565, 0.0 ], [ 106.630571642867224, -6.57434005524923, 0.0 ], [ 106.630043397285107, -6.574065631623451, 0.0 ], [ 106.629238870077941, -6.573647677997787, 0.0 ], [ 106.627865294148236, -6.57293409832981, 0.0 ], [ 106.627330164255838, -6.572656095402287, 0.0 ], [ 106.626698609953024, -6.572327999337482, 0.0 ], [ 106.626260835269505, -6.572100568885944, 0.0 ], [ 106.625964817122792, -6.57194678391674, 0.0 ], [ 106.625855829183408, -6.571890162600749, 0.0 ], [ 106.625215991225147, -6.571557758783388, 0.0 ], [ 106.624797010573729, -6.571340092271285, 0.0 ], [ 106.625048428642231, -6.570748127024242, 0.0 ], [ 106.625142452762091, -6.570229862118229, 0.0 ], [ 106.625225856788006, -6.569908681840033, 0.0 ], [ 106.625572486081538, -6.569164396619467, 0.0 ], [ 106.625608129811468, -6.569049251021966, 0.0 ], [ 106.625745197283237, -6.568606468013929, 0.0 ], [ 106.625742593745855, -6.568605479658931, 0.0 ], [ 106.625068792890644, -6.568349683690791, 0.0 ], [ 106.625020555954066, -6.568336814392275, 0.0 ], [ 106.624860312053968, -6.568294059722959, 0.0 ], [ 106.624859892070532, -6.568164571737469, 0.0 ], [ 106.624921775319905, -6.568065300073425, 0.0 ], [ 106.625017358864184, -6.568113391319788, 0.0 ], [ 106.625072632995767, -6.567797931629062, 0.0 ], [ 106.625365141987913, -6.567336127959802, 0.0 ], [ 106.625514523876376, -6.567417951876777, 0.0 ], [ 106.625516095891243, -6.567415004798463, 0.0 ], [ 106.625797747368324, -6.566886790692674, 0.0 ], [ 106.625648457210744, -6.566824851685418, 0.0 ], [ 106.62567707543684, -6.566698121920602, 0.0 ], [ 106.625824915887307, -6.566367282024235, 0.0 ], [ 106.62600529470879, -6.56637751720849, 0.0 ], [ 106.626069714945572, -6.566222204291119, 0.0 ], [ 106.62602980573115, -6.566150191078304, 0.0 ], [ 106.625998971575399, -6.566153408852617, 0.0 ], [ 106.62591178500108, -6.56616250999166, 0.0 ], [ 106.625727541792827, -6.566093385401253, 0.0 ], [ 106.625549693663629, -6.566009842879819, 0.0 ], [ 106.62512005244858, -6.565969610808722, 0.0 ], [ 106.62467122599648, -6.566031386139439, 0.0 ], [ 106.624344538270009, -6.566163297797836, 0.0 ], [ 106.623961532299077, -6.566220618786325, 0.0 ], [ 106.623709339014951, -6.566268170439606, 0.0 ], [ 106.623494833619901, -6.566409065425862, 0.0 ], [ 106.623269572333044, -6.566337259956381, 0.0 ], [ 106.623288523746538, -6.566194760579549, 0.0 ], [ 106.623409478065099, -6.566026129602012, 0.0 ], [ 106.623371700243879, -6.565904747206144, 0.0 ], [ 106.62311034286823, -6.566008405763171, 0.0 ], [ 106.622876933723688, -6.566083936224523, 0.0 ], [ 106.62252334727485, -6.56599376839754, 0.0 ], [ 106.62244562156836, -6.565655387685823, 0.0 ], [ 106.622556938751828, -6.565220001601659, 0.0 ], [ 106.622390765621461, -6.565141184118186, 0.0 ], [ 106.622358640039437, -6.565137099397447, 0.0 ], [ 106.622307772585813, -6.565130630574014, 0.0 ], [ 106.622224662638274, -6.565084007920454, 0.0 ], [ 106.622076722363033, -6.565066452254822, 0.0 ], [ 106.621939579348322, -6.565041646254812, 0.0 ], [ 106.621807048057036, -6.565327036213588, 0.0 ], [ 106.621637851405865, -6.565428582263113, 0.0 ], [ 106.621739498179437, -6.565630249835976, 0.0 ], [ 106.621581227391943, -6.5657642254385, 0.0 ], [ 106.621418881776151, -6.565753929999687, 0.0 ], [ 106.621234604393635, -6.565653526988537, 0.0 ], [ 106.621241549857842, -6.565570542046686, 0.0 ], [ 106.620843414592017, -6.565564905995505, 0.0 ], [ 106.620838804667315, -6.565564841244278, 0.0 ], [ 106.620826734866156, -6.56556467037305, 0.0 ], [ 106.620873064340628, -6.564894293236847, 0.0 ], [ 106.620873252298907, -6.564874325589489, 0.0 ], [ 106.620874273928791, -6.564765887135806, 0.0 ], [ 106.620874826112512, -6.564707266626915, 0.0 ], [ 106.621001915606115, -6.564486513641512, 0.0 ], [ 106.621247018635188, -6.564396481612125, 0.0 ], [ 106.621421839646359, -6.563269274956909, 0.0 ], [ 106.621253373244741, -6.562912863737527, 0.0 ], [ 106.621168006898216, -6.560659857865971, 0.0 ], [ 106.621799265324, -6.560351029776026, 0.0 ], [ 106.622202316283989, -6.560153846222896, 0.0 ], [ 106.622435479014271, -6.559961254608062, 0.0 ], [ 106.622880211752545, -6.559593909431207, 0.0 ], [ 106.623439846371994, -6.55952224155806, 0.0 ], [ 106.623908589210231, -6.559625437863517, 0.0 ], [ 106.624490617847954, -6.559275097967223, 0.0 ], [ 106.624941873368911, -6.559003475729632, 0.0 ], [ 106.625886267637298, -6.558435016962285, 0.0 ], [ 106.626674300378852, -6.557960676743715, 0.0 ], [ 106.627982988424336, -6.557852386678089, 0.0 ], [ 106.629165947650563, -6.557754499070736, 0.0 ], [ 106.62950463862839, -6.557608623638913, 0.0 ], [ 106.629633820844347, -6.557577420761209, 0.0 ], [ 106.629678221273096, -6.557566696345809, 0.0 ], [ 106.629819252057047, -6.557690329744794, 0.0 ], [ 106.630072494849912, -6.557979056188348, 0.0 ], [ 106.630176540115471, -6.558146596288186, 0.0 ], [ 106.630846821024107, -6.558245405700749, 0.0 ], [ 106.631632290697866, -6.558223868736359, 0.0 ], [ 106.6318030161964, -6.558473935123867, 0.0 ], [ 106.632363517762357, -6.559125663918088, 0.0 ], [ 106.632753120260446, -6.55937258087981, 0.0 ], [ 106.632967915237273, -6.559285015690755, 0.0 ] ] ] ] } },
{ "type": "Feature", "properties": { "PROVNO": "32", "KABKOTNO": "01", "KECNO": "020", "DESANO": "019", "PROVINSI": "JAWA BARAT", "KABKOT": "BOGOR", "KECAMATAN": "LEUWILIANG", "ID2013": "3201020019", "DESA": "KAREHKEL", "DESA_1": "KAREHKEL", "ID2012": "3201020019", "IDKAB2": "3201", "IDKEC_2": "3201020", "WILAYAH": "BARAT" }, "geometry": { "type": "MultiPolygon", "coordinates": [ [ [ [ 106.644933798855902, -6.538858568368102, 0.0 ], [ 106.645544789260839, -6.538606125072501, 0.0 ], [ 106.64609571304689, -6.538622892931958, 0.0 ], [ 106.646743369710919, -6.539000017336818, 0.0 ], [ 106.64709163577065, -6.539242132817904, 0.0 ], [ 106.647275652349691, -6.539728043714135, 0.0 ], [ 106.647222159775055, -6.540133069585377, 0.0 ], [ 106.647165454822144, -6.540562429312526, 0.0 ], [ 106.64757535591805, -6.541056286618154, 0.0 ], [ 106.647765458209477, -6.541017613971558, 0.0 ], [ 106.647826935864614, -6.541005107999212, 0.0 ], [ 106.647879193670079, -6.540994477113173, 0.0 ], [ 106.648017556165584, -6.54080289273903, 0.0 ], [ 106.648207867998991, -6.540559012787952, 0.0 ], [ 106.648432158017897, -6.540080452051047, 0.0 ], [ 106.64869068162993, -6.539445399385482, 0.0 ], [ 106.649254858725016, -6.53872241640622, 0.0 ], [ 106.649261615331483, -6.538713757733507, 0.0 ], [ 106.649513387732895, -6.538669493102436, 0.0 ], [ 106.649826823049722, -6.538885658646034, 0.0 ], [ 106.649853424995868, -6.539050638376089, 0.0 ], [ 106.649793585905485, -6.539346216754307, 0.0 ], [ 106.649779746238465, -6.540423541612963, 0.0 ], [ 106.649159142980267, -6.541902492006137, 0.0 ], [ 106.649241737616279, -6.542206390912, 0.0 ], [ 106.649255865965614, -6.542258371726319, 0.0 ], [ 106.649612794295265, -6.542491770078964, 0.0 ], [ 106.649932973627998, -6.542318237796199, 0.0 ], [ 106.650228159901914, -6.542064050715126, 0.0 ], [ 106.650339948330114, -6.541716174961234, 0.0 ], [ 106.650399458268694, -6.541255492746547, 0.0 ], [ 106.650433136080608, -6.540994788278667, 0.0 ], [ 106.65070122757983, -6.540629023210656, 0.0 ], [ 106.651282784972835, -6.540488110237987, 0.0 ], [ 106.651464402160698, -6.540485846644319, 0.0 ], [ 106.652229612806565, -6.540476312031931, 0.0 ], [ 106.653030078675442, -6.540864627600254, 0.0 ], [ 106.653096493608558, -6.540919610351494, 0.0 ], [ 106.653291395581689, -6.541080962216519, 0.0 ], [ 106.653596231581062, -6.541323215293939, 0.0 ], [ 106.653805485834724, -6.541557094783936, 0.0 ], [ 106.653962020031443, -6.541608706876136, 0.0 ], [ 106.654127381973268, -6.541703728344164, 0.0 ], [ 106.654336179371313, -6.541798605021345, 0.0 ], [ 106.654588439205298, -6.541902027956006, 0.0 ], [ 106.653975131247464, -6.54242875818051, 0.0 ], [ 106.653296308578007, -6.542575232560779, 0.0 ], [ 106.652661630929714, -6.542412253822274, 0.0 ], [ 106.65206167160899, -6.54224047072093, 0.0 ], [ 106.651488572339886, -6.542311856207075, 0.0 ], [ 106.651515774133856, -6.542659276004628, 0.0 ], [ 106.652257835330971, -6.54377755329131, 0.0 ], [ 106.652850594679336, -6.544401119815682, 0.0 ], [ 106.652843508021675, -6.544887654841283, 0.0 ], [ 106.652715049759962, -6.545181365327615, 0.0 ], [ 106.652706517891673, -6.545185039058179, 0.0 ], [ 106.652323812294327, -6.545349813742742, 0.0 ], [ 106.651383997373685, -6.545389911814805, 0.0 ], [ 106.651220726355646, -6.545396877963441, 0.0 ], [ 106.650257711624221, -6.5457736147604, 0.0 ], [ 106.650142376269798, -6.546314053350724, 0.0 ], [ 106.650103717113041, -6.546495201991789, 0.0 ], [ 106.650263162415158, -6.547432952968215, 0.0 ], [ 106.650793832569462, -6.547665777553426, 0.0 ], [ 106.651550592286213, -6.547967359805664, 0.0 ], [ 106.651594031339641, -6.548141988361902, 0.0 ], [ 106.651665034613842, -6.548427433179285, 0.0 ], [ 106.651249091872245, -6.548741559175522, 0.0 ], [ 106.651149220360395, -6.548739223636115, 0.0 ], [ 106.650597516862121, -6.548726325559286, 0.0 ], [ 106.649737314425735, -6.548668338173105, 0.0 ], [ 106.649303796233369, -6.548921705971757, 0.0 ], [ 106.648809383146627, -6.549149211067053, 0.0 ], [ 106.648706365806376, -6.549523122194181, 0.0 ], [ 106.648681332277789, -6.549835962159758, 0.0 ], [ 106.648555605257172, -6.550315667733777, 0.0 ], [ 106.648535480228418, -6.550392456346668, 0.0 ], [ 106.648303486616811, -6.55048815770213, 0.0 ], [ 106.647962625574934, -6.550542027992048, 0.0 ], [ 106.647535219175239, -6.550382808419766, 0.0 ], [ 106.647084160605715, -6.550214777289955, 0.0 ], [ 106.646562602382346, -6.550112234791641, 0.0 ], [ 106.646120136835037, -6.550287439813332, 0.0 ], [ 106.645948705368681, -6.550991709699474, 0.0 ], [ 106.645810824010439, -6.55133098433728, 0.0 ], [ 106.645800712033406, -6.551394490862918, 0.0 ], [ 106.645640587743131, -6.552400135257876, 0.0 ], [ 106.645033779185695, -6.552793073341459, 0.0 ], [ 106.644320590722913, -6.552534777258003, 0.0 ], [ 106.643731926887099, -6.552412123220765, 0.0 ], [ 106.643581684347453, -6.55238081782036, 0.0 ], [ 106.643069521341488, -6.552495434616414, 0.0 ], [ 106.642894928758167, -6.553043193688293, 0.0 ], [ 106.642844366174799, -6.55320182960061, 0.0 ], [ 106.642283363686431, -6.553900395986325, 0.0 ], [ 106.641704077980975, -6.55467184433002, 0.0 ], [ 106.641647950392795, -6.554728344237528, 0.0 ], [ 106.641011386866197, -6.555369130980484, 0.0 ], [ 106.640378167918342, -6.555657897893532, 0.0 ], [ 106.638438198963883, -6.554821523894052, 0.0 ], [ 106.637906520669517, -6.555008767240658, 0.0 ], [ 106.637865505289, -6.555023212151347, 0.0 ], [ 106.637510469133062, -6.555371882006558, 0.0 ], [ 106.637412524868267, -6.555827492944246, 0.0 ], [ 106.637461323881197, -6.556284260410141, 0.0 ], [ 106.637558526205169, -6.556787833991198, 0.0 ], [ 106.637769767960634, -6.55762985843106, 0.0 ], [ 106.638024560285459, -6.55850649238058, 0.0 ], [ 106.638087527217849, -6.559166556990839, 0.0 ], [ 106.638088463411989, -6.559453250966598, 0.0 ], [ 106.637959829782545, -6.559966250342022, 0.0 ], [ 106.637622676645407, -6.560471242153945, 0.0 ], [ 106.637146017974572, -6.560820310408779, 0.0 ], [ 106.636729289225542, -6.560899860839733, 0.0 ], [ 106.636671095894499, -6.560898665640771, 0.0 ], [ 106.636364399197845, -6.560892364990458, 0.0 ], [ 106.636358183983191, -6.560887314397892, 0.0 ], [ 106.636076956086839, -6.560658732814098, 0.0 ], [ 106.635997920967412, -6.560398356598753, 0.0 ], [ 106.635936090778173, -6.560085799020268, 0.0 ], [ 106.635969648980264, -6.559720801973281, 0.0 ], [ 106.636072024204736, -6.559147074078044, 0.0 ], [ 106.63605300624144, -6.55864324508947, 0.0 ], [ 106.635920828383718, -6.558070281618047, 0.0 ], [ 106.635640856840254, -6.557463050379244, 0.0 ], [ 106.635543656314852, -6.556959475898907, 0.0 ], [ 106.635324439371587, -6.556334670108779, 0.0 ], [ 106.635201347364415, -6.555883305769807, 0.0 ], [ 106.634713255612425, -6.555389692180338, 0.0 ], [ 106.634574433563458, -6.55532084098386, 0.0 ], [ 106.633962898169401, -6.555017537429233, 0.0 ], [ 106.633877938316388, -6.554975398795495, 0.0 ], [ 106.633369861829806, -6.555194051863857, 0.0 ], [ 106.63328803611418, -6.555229265717823, 0.0 ], [ 106.633150554055021, -6.555624175115451, 0.0 ], [ 106.633122902600036, -6.555703601439902, 0.0 ], [ 106.633073217754998, -6.555841257967501, 0.0 ], [ 106.632791893631179, -6.556620694089546, 0.0 ], [ 106.633032618760524, -6.557505560433121, 0.0 ], [ 106.632967915237273, -6.559285015690755, 0.0 ], [ 106.632753120260446, -6.55937258087981, 0.0 ], [ 106.632363517762357, -6.559125663918088, 0.0 ], [ 106.6318030161964, -6.558473935123867, 0.0 ], [ 106.631632290697866, -6.558223868736359, 0.0 ], [ 106.630846821024107, -6.558245405700749, 0.0 ], [ 106.630176540115471, -6.558146596288186, 0.0 ], [ 106.630072494849912, -6.557979056188348, 0.0 ], [ 106.629819252057047, -6.557690329744794, 0.0 ], [ 106.629678221273096, -6.557566696345809, 0.0 ], [ 106.629633820844347, -6.557577420761209, 0.0 ], [ 106.62950463862839, -6.557608623638913, 0.0 ], [ 106.629165947650563, -6.557754499070736, 0.0 ], [ 106.627982988424336, -6.557852386678089, 0.0 ], [ 106.626674300378852, -6.557960676743715, 0.0 ], [ 106.625886267637298, -6.558435016962285, 0.0 ], [ 106.624941873368911, -6.559003475729632, 0.0 ], [ 106.624490617847954, -6.559275097967223, 0.0 ], [ 106.623908589210231, -6.559625437863517, 0.0 ], [ 106.623439846371994, -6.55952224155806, 0.0 ], [ 106.622880211752545, -6.559593909431207, 0.0 ], [ 106.622435479014271, -6.559961254608062, 0.0 ], [ 106.622202316283989, -6.560153846222896, 0.0 ], [ 106.621799265324, -6.560351029776026, 0.0 ], [ 106.621168006898216, -6.560659857865971, 0.0 ], [ 106.619458821067923, -6.557914311296233, 0.0 ], [ 106.617510000086611, -6.555549999932389, 0.0 ], [ 106.617030000434326, -6.555429999794473, 0.0 ], [ 106.616529999859779, -6.555260000048815, 0.0 ], [ 106.616224939929225, -6.555178650973783, 0.0 ], [ 106.616079999792262, -6.555139999910899, 0.0 ], [ 106.615509999587005, -6.554970000165241, 0.0 ], [ 106.615070291360993, -6.555177052878527, 0.0 ], [ 106.614741029774905, -6.555105719553147, 0.0 ], [ 106.615042719046428, -6.554788856920037, 0.0 ], [ 106.615119355673968, -6.554064688634256, 0.0 ], [ 106.615457054699505, -6.553236432814948, 0.0 ], [ 106.615850074621449, -6.552387730908862, 0.0 ], [ 106.616174995180089, -6.552079372264998, 0.0 ], [ 106.616672359841715, -6.551826332718882, 0.0 ], [ 106.617383503246231, -6.551451542954148, 0.0 ], [ 106.617357503845909, -6.551016415874713, 0.0 ], [ 106.617319527274518, -6.550380812824077, 0.0 ], [ 106.61733711621514, -6.550059476063854, 0.0 ], [ 106.617410678959828, -6.549770551769409, 0.0 ], [ 106.617563150918798, -6.549406873128518, 0.0 ], [ 106.617791046319923, -6.549331639443459, 0.0 ], [ 106.618410659424569, -6.549450705185702, 0.0 ], [ 106.618674600552552, -6.549499908893477, 0.0 ], [ 106.619319096998893, -6.549620057419538, 0.0 ], [ 106.619984758090297, -6.549580659919343, 0.0 ], [ 106.620375365131139, -6.549430400292557, 0.0 ], [ 106.620765747341522, -6.549210296617716, 0.0 ], [ 106.621225333282652, -6.548794408734828, 0.0 ], [ 106.621660903727872, -6.548150441989122, 0.0 ], [ 106.622100301687752, -6.547250369908522, 0.0 ], [ 106.622425034288113, -6.54688613458724, 0.0 ], [ 106.622851805766373, -6.547018522886408, 0.0 ], [ 106.622900405129741, -6.547033599121157, 0.0 ], [ 106.622907045723778, -6.547036491340865, 0.0 ], [ 106.623706998079683, -6.547384866218433, 0.0 ], [ 106.624285638971244, -6.547792742940608, 0.0 ], [ 106.624851519382304, -6.548573159323681, 0.0 ], [ 106.62521278694075, -6.549428735647513, 0.0 ], [ 106.62585893364303, -6.550553451180665, 0.0 ], [ 106.625919165737102, -6.550615543072738, 0.0 ], [ 106.626232649617194, -6.55093870725544, 0.0 ], [ 106.626783317995915, -6.551332702042458, 0.0 ], [ 106.627230516675155, -6.551405752173558, 0.0 ], [ 106.627448668821188, -6.551388417741091, 0.0 ], [ 106.62771925593907, -6.551366917648984, 0.0 ], [ 106.627956052829774, -6.551165931762206, 0.0 ], [ 106.62807616718149, -6.550876857280965, 0.0 ], [ 106.628075439629953, -6.550652623919309, 0.0 ], [ 106.628075230987264, -6.550588174904206, 0.0 ], [ 106.628036580823746, -6.550155271848137, 0.0 ], [ 106.627961122308136, -6.549857518009929, 0.0 ], [ 106.627591866071967, -6.549411717776401, 0.0 ], [ 106.62729323179741, -6.549207811790883, 0.0 ], [ 106.627171245956418, -6.548919522417886, 0.0 ], [ 106.627216732766129, -6.54858878324557, 0.0 ], [ 106.6273093206688, -6.548425514925462, 0.0 ], [ 106.627322307778499, -6.548122818413162, 0.0 ], [ 106.626918126370597, -6.546955415659763, 0.0 ], [ 106.626804970073465, -6.546518096932488, 0.0 ], [ 106.626930284305345, -6.546396630000331, 0.0 ], [ 106.627139462116688, -6.546293514633774, 0.0 ], [ 106.627563014921336, -6.546254894147854, 0.0 ], [ 106.627661475396934, -6.546264418867711, 0.0 ], [ 106.628168460106522, -6.546313463395439, 0.0 ], [ 106.628396862725211, -6.546385742807583, 0.0 ], [ 106.628518004102759, -6.546424079107762, 0.0 ], [ 106.628965862884471, -6.546702000197016, 0.0 ], [ 106.629340436811901, -6.547352656100038, 0.0 ], [ 106.629546061401783, -6.547589455688687, 0.0 ], [ 106.629760226853108, -6.547588761412051, 0.0 ], [ 106.630178943103942, -6.547494277738544, 0.0 ], [ 106.630499107148196, -6.547149616161665, 0.0 ], [ 106.630512995378581, -6.547134664932699, 0.0 ], [ 106.63075394623776, -6.546780010988531, 0.0 ], [ 106.630817253113861, -6.54620243489429, 0.0 ], [ 106.630853485899792, -6.545890351258556, 0.0 ], [ 106.63102482743399, -6.545605765293629, 0.0 ], [ 106.631294285902769, -6.545427954036711, 0.0 ], [ 106.631578120034348, -6.545375814941714, 0.0 ], [ 106.631894861258971, -6.545421347616944, 0.0 ], [ 106.632408126833724, -6.54576889691695, 0.0 ], [ 106.632721983932612, -6.546359214605904, 0.0 ], [ 106.632872193197286, -6.546735880356405, 0.0 ], [ 106.633082644448649, -6.546927184142106, 0.0 ], [ 106.633091663749411, -6.546935384160459, 0.0 ], [ 106.633696624200041, -6.546844949234867, 0.0 ], [ 106.634240757205362, -6.546661587362248, 0.0 ], [ 106.634286215236841, -6.546633344153321, 0.0 ], [ 106.635295490194935, -6.546006285561514, 0.0 ], [ 106.635786876163564, -6.545352818377683, 0.0 ], [ 106.636068919745028, -6.544751249270533, 0.0 ], [ 106.636239591284237, -6.544261792347719, 0.0 ], [ 106.636230822894305, -6.544150083959046, 0.0 ], [ 106.63618999996865, -6.543629999724523, 0.0 ], [ 106.635853669711224, -6.5429872488623, 0.0 ], [ 106.635529244679049, -6.542010502382603, 0.0 ], [ 106.635785165653061, -6.541979545919165, 0.0 ], [ 106.636399526716957, -6.541905233139858, 0.0 ], [ 106.63677675993975, -6.541941254585062, 0.0 ], [ 106.637549560863718, -6.541924770011978, 0.0 ], [ 106.638171416877597, -6.541797945818342, 0.0 ], [ 106.638951141682057, -6.541286541840332, 0.0 ], [ 106.639240407718859, -6.54083125555788, 0.0 ], [ 106.639421295556559, -6.540576234805275, 0.0 ], [ 106.639438278354035, -6.540415301125115, 0.0 ], [ 106.639470922844964, -6.540105944233812, 0.0 ], [ 106.639436861022446, -6.539776542353373, 0.0 ], [ 106.639235965967188, -6.539468243964066, 0.0 ], [ 106.638890112788644, -6.539287634016979, 0.0 ], [ 106.638509099715378, -6.539470612778455, 0.0 ], [ 106.637176129075286, -6.539967401873916, 0.0 ], [ 106.63699699221759, -6.539857725953127, 0.0 ], [ 106.636850359556632, -6.539664504812883, 0.0 ], [ 106.63721000024151, -6.538510000136224, 0.0 ], [ 106.637190000218453, -6.538419999583169, 0.0 ], [ 106.637170000195482, -6.538349999952366, 0.0 ], [ 106.637159999734408, -6.538269999860482, 0.0 ], [ 106.637159999734408, -6.538200000229679, 0.0 ], [ 106.637159999734408, -6.538100000114735, 0.0 ], [ 106.637170000195482, -6.537999999999879, 0.0 ], [ 106.63719999978035, -6.537919999907906, 0.0 ], [ 106.637250000287452, -6.537830000254132, 0.0 ], [ 106.637299999895291, -6.537739999701078, 0.0 ], [ 106.637379999987175, -6.537659999609193, 0.0 ], [ 106.637469999640956, -6.53758999997839, 0.0 ], [ 106.637540000171029, -6.537540000370559, 0.0 ], [ 106.637609999801839, -6.537500000324616, 0.0 ], [ 106.637700000354897, -6.537440000255614, 0.0 ], [ 106.637780000446782, -6.537409999771473, 0.0 ], [ 106.637850000077577, -6.537400000209672, 0.0 ], [ 106.637950000192518, -6.537380000186701, 0.0 ], [ 106.638019999823328, -6.537380000186701, 0.0 ], [ 106.638099999915298, -6.537380000186701, 0.0 ], [ 106.638180000007182, -6.537389999748502, 0.0 ], [ 106.638255114082412, -6.537235317255909, 0.0 ], [ 106.638574736734839, -6.53731065706106, 0.0 ], [ 106.639010650721076, -6.537413408202077, 0.0 ], [ 106.639519581563619, -6.537460991331514, 0.0 ], [ 106.640571765874498, -6.53801563201565, 0.0 ], [ 106.641295712927018, -6.538571341993684, 0.0 ], [ 106.642232909021715, -6.539093526145159, 0.0 ], [ 106.642922802345694, -6.539271824834749, 0.0 ], [ 106.64348118510874, -6.539384896595593, 0.0 ], [ 106.644279838843616, -6.539145032117446, 0.0 ], [ 106.644933798855902, -6.538858568368102, 0.0 ] ] ] ] } },
{ "type": "Feature", "properties": { "PROVNO": "32", "KABKOTNO": "01", "KECNO": "020", "DESANO": "016", "PROVINSI": "JAWA BARAT", "KABKOT": "BOGOR", "KECAMATAN": "LEUWILIANG", "ID2013": "3201020016", "DESA": "CIBEBER I", "DESA_1": "CIBEBER I", "ID2012": "3201020016", "IDKAB2": "3201", "IDKEC_2": "3201020", "WILAYAH": "BARAT" }, "geometry": { "type": "MultiPolygon", "coordinates": [ [ [ [ 106.621168006898216, -6.560659857865971, 0.0 ], [ 106.621253373244741, -6.562912863737527, 0.0 ], [ 106.621421839646359, -6.563269274956909, 0.0 ], [ 106.621247018635188, -6.564396481612125, 0.0 ], [ 106.621001915606115, -6.564486513641512, 0.0 ], [ 106.620874826112512, -6.564707266626915, 0.0 ], [ 106.620874273928791, -6.564765887135806, 0.0 ], [ 106.620873252298907, -6.564874325589489, 0.0 ], [ 106.620873064340628, -6.564894293236847, 0.0 ], [ 106.620826734866156, -6.56556467037305, 0.0 ], [ 106.620838804667315, -6.565564841244278, 0.0 ], [ 106.620843414592017, -6.565564905995505, 0.0 ], [ 106.621241549857842, -6.565570542046686, 0.0 ], [ 106.621234604393635, -6.565653526988537, 0.0 ], [ 106.621418881776151, -6.565753929999687, 0.0 ], [ 106.621581227391943, -6.5657642254385, 0.0 ], [ 106.621739498179437, -6.565630249835976, 0.0 ], [ 106.621637851405865, -6.565428582263113, 0.0 ], [ 106.621807048057036, -6.565327036213588, 0.0 ], [ 106.621939579348322, -6.565041646254812, 0.0 ], [ 106.622076722363033, -6.565066452254822, 0.0 ], [ 106.622224662638274, -6.565084007920454, 0.0 ], [ 106.622307772585813, -6.565130630574014, 0.0 ], [ 106.622358640039437, -6.565137099397447, 0.0 ], [ 106.622390765621461, -6.565141184118186, 0.0 ], [ 106.622556938751828, -6.565220001601659, 0.0 ], [ 106.62244562156836, -6.565655387685823, 0.0 ], [ 106.62252334727485, -6.56599376839754, 0.0 ], [ 106.622876933723688, -6.566083936224523, 0.0 ], [ 106.62311034286823, -6.566008405763171, 0.0 ], [ 106.623371700243879, -6.565904747206144, 0.0 ], [ 106.623409478065099, -6.566026129602012, 0.0 ], [ 106.623288523746538, -6.566194760579549, 0.0 ], [ 106.623269572333044, -6.566337259956381, 0.0 ], [ 106.623494833619901, -6.566409065425862, 0.0 ], [ 106.623709339014951, -6.566268170439606, 0.0 ], [ 106.623961532299077, -6.566220618786325, 0.0 ], [ 106.624344538270009, -6.566163297797836, 0.0 ], [ 106.62467122599648, -6.566031386139439, 0.0 ], [ 106.62512005244858, -6.565969610808722, 0.0 ], [ 106.625549693663629, -6.566009842879819, 0.0 ], [ 106.625727541792827, -6.566093385401253, 0.0 ], [ 106.62591178500108, -6.56616250999166, 0.0 ], [ 106.625998971575399, -6.566153408852617, 0.0 ], [ 106.62602980573115, -6.566150191078304, 0.0 ], [ 106.626069714945572, -6.566222204291119, 0.0 ], [ 106.62600529470879, -6.56637751720849, 0.0 ], [ 106.625824915887307, -6.566367282024235, 0.0 ], [ 106.62567707543684, -6.566698121920602, 0.0 ], [ 106.625648457210744, -6.566824851685418, 0.0 ], [ 106.625797747368324, -6.566886790692674, 0.0 ], [ 106.625516095891243, -6.567415004798463, 0.0 ], [ 106.625514523876376, -6.567417951876777, 0.0 ], [ 106.625365141987913, -6.567336127959802, 0.0 ], [ 106.625072632995767, -6.567797931629062, 0.0 ], [ 106.625017358864184, -6.568113391319788, 0.0 ], [ 106.624921775319905, -6.568065300073425, 0.0 ], [ 106.624859892070532, -6.568164571737469, 0.0 ], [ 106.624860312053968, -6.568294059722959, 0.0 ], [ 106.625020555954066, -6.568336814392275, 0.0 ], [ 106.625068792890644, -6.568349683690791, 0.0 ], [ 106.625742593745855, -6.568605479658931, 0.0 ], [ 106.625745197283237, -6.568606468013929, 0.0 ], [ 106.625608129811468, -6.569049251021966, 0.0 ], [ 106.625572486081538, -6.569164396619467, 0.0 ], [ 106.625225856788006, -6.569908681840033, 0.0 ], [ 106.625142452762091, -6.570229862118229, 0.0 ], [ 106.625048428642231, -6.570748127024242, 0.0 ], [ 106.624797010573729, -6.571340092271285, 0.0 ], [ 106.625215991225147, -6.571557758783388, 0.0 ], [ 106.625855829183408, -6.571890162600749, 0.0 ], [ 106.625964817122792, -6.57194678391674, 0.0 ], [ 106.626260835269505, -6.572100568885944, 0.0 ], [ 106.626698609953024, -6.572327999337482, 0.0 ], [ 106.627330164255838, -6.572656095402287, 0.0 ], [ 106.627865294148236, -6.57293409832981, 0.0 ], [ 106.629238870077941, -6.573647677997787, 0.0 ], [ 106.630043397285107, -6.574065631623451, 0.0 ], [ 106.630571642867224, -6.57434005524923, 0.0 ], [ 106.630500176442183, -6.574563154565762, 0.0 ], [ 106.630466415892542, -6.574798687908991, 0.0 ], [ 106.63048033380052, -6.575291168352617, 0.0 ], [ 106.630480608093734, -6.575300878332726, 0.0 ], [ 106.630571716611612, -6.575325692426617, 0.0 ], [ 106.63058259391174, -6.575495534790967, 0.0 ], [ 106.630608095986958, -6.575893727613238, 0.0 ], [ 106.630542496738968, -6.575991250095949, 0.0 ], [ 106.630304149417171, -6.576054806084333, 0.0 ], [ 106.630289539930487, -6.576387584918955, 0.0 ], [ 106.630320948752967, -6.576393759664114, 0.0 ], [ 106.630318198626171, -6.576513050236912, 0.0 ], [ 106.630275026671356, -6.576535326444013, 0.0 ], [ 106.630265053189845, -6.576579142313435, 0.0 ], [ 106.629785032853121, -6.576649764275047, 0.0 ], [ 106.629786567096616, -6.577120605231581, 0.0 ], [ 106.629623418386245, -6.577143109866448, 0.0 ], [ 106.629627341229011, -6.577443360222759, 0.0 ], [ 106.629627601133024, -6.57746327121286, 0.0 ], [ 106.629417450255261, -6.577511041401287, 0.0 ], [ 106.629072941563194, -6.577747585582507, 0.0 ], [ 106.628957142158555, -6.5778515499089, 0.0 ], [ 106.628866175733577, -6.577870680287514, 0.0 ], [ 106.628807008436823, -6.578015266091466, 0.0 ], [ 106.628738157240349, -6.578078268996759, 0.0 ], [ 106.628634523864335, -6.578062912173479, 0.0 ], [ 106.628603391133808, -6.578141487739266, 0.0 ], [ 106.628386727365722, -6.57811708193762, 0.0 ], [ 106.628099331019456, -6.578541778680016, 0.0 ], [ 106.627631653877899, -6.578672783821773, 0.0 ], [ 106.626922057307326, -6.578871554678347, 0.0 ], [ 106.626610545640375, -6.578981252182849, 0.0 ], [ 106.626594267911258, -6.578986983562309, 0.0 ], [ 106.626455258803304, -6.579052075592653, 0.0 ], [ 106.626356334277574, -6.579211511002239, 0.0 ], [ 106.626182568171188, -6.579291634301345, 0.0 ], [ 106.626048626742929, -6.57938654335414, 0.0 ], [ 106.625904290051082, -6.579342261635936, 0.0 ], [ 106.62575489916938, -6.57927313524679, 0.0 ], [ 106.625571220735395, -6.579363233826054, 0.0 ], [ 106.625421943168291, -6.579328912998808, 0.0 ], [ 106.625292490256442, -6.579274638913315, 0.0 ], [ 106.625262948426467, -6.579364235670795, 0.0 ], [ 106.625368154716739, -6.57960753735777, 0.0 ], [ 106.62564928638561, -6.579787331619915, 0.0 ], [ 106.625692622017056, -6.57999929373231, 0.0 ], [ 106.625658107835577, -6.580088906677553, 0.0 ], [ 106.625669005820143, -6.580120278627835, 0.0 ], [ 106.625713319014579, -6.580247841164812, 0.0 ], [ 106.625704182801996, -6.580496485724066, 0.0 ], [ 106.625679821966429, -6.580652769009934, 0.0 ], [ 106.625705040755179, -6.580760014962586, 0.0 ], [ 106.625805728851532, -6.581142555084654, 0.0 ], [ 106.625850851435771, -6.581256770783153, 0.0 ], [ 106.626130776214595, -6.581294792320627, 0.0 ], [ 106.626694529728951, -6.580910002094722, 0.0 ], [ 106.62676385127088, -6.580991389840598, 0.0 ], [ 106.626598624227285, -6.581340354673451, 0.0 ], [ 106.626822701107002, -6.581713164131067, 0.0 ], [ 106.626854477752133, -6.581832341389262, 0.0 ], [ 106.6268687958584, -6.581919136758554, 0.0 ], [ 106.626905712129059, -6.582142933049742, 0.0 ], [ 106.626934565078244, -6.582328038707921, 0.0 ], [ 106.626929105294153, -6.582579175288608, 0.0 ], [ 106.627004744573441, -6.582673097785054, 0.0 ], [ 106.627061552049128, -6.582767082334797, 0.0 ], [ 106.627106058597889, -6.58293958129649, 0.0 ], [ 106.627226164855813, -6.583021201966712, 0.0 ], [ 106.627398671012017, -6.582927099605786, 0.0 ], [ 106.627509078081715, -6.582898224173519, 0.0 ], [ 106.627765049417675, -6.582690642658875, 0.0 ], [ 106.627829290689348, -6.582715385706308, 0.0 ], [ 106.627985978670168, -6.582668536423721, 0.0 ], [ 106.628046307890983, -6.582586353677158, 0.0 ], [ 106.628167466355663, -6.582575265036308, 0.0 ], [ 106.628189074366418, -6.582642921933104, 0.0 ], [ 106.628107358368098, -6.582725173927475, 0.0 ], [ 106.628018697804862, -6.582864481610375, 0.0 ], [ 106.628005066780545, -6.583057014769302, 0.0 ], [ 106.62810251731743, -6.583427414943035, 0.0 ], [ 106.628045833048958, -6.583534537688553, 0.0 ], [ 106.627956626597211, -6.583506311566847, 0.0 ], [ 106.62788149363621, -6.583421006374159, 0.0 ], [ 106.627831556081588, -6.58341047531307, 0.0 ], [ 106.627756852097249, -6.583457058396416, 0.0 ], [ 106.62775001275304, -6.583546194700975, 0.0 ], [ 106.627710000116551, -6.583700000354522, 0.0 ], [ 106.627639999586478, -6.583740000400553, 0.0 ], [ 106.627569999955668, -6.583850000077298, 0.0 ], [ 106.6275400003709, -6.583990000238185, 0.0 ], [ 106.627502552600944, -6.584177935163407, 0.0 ], [ 106.627498017319823, -6.584256547601477, 0.0 ], [ 106.627485683117982, -6.584470286774149, 0.0 ], [ 106.627435954206049, -6.5845239178444, 0.0 ], [ 106.627394154616667, -6.584823480219217, 0.0 ], [ 106.627322343751331, -6.584919882146636, 0.0 ], [ 106.627298330953437, -6.584952118345413, 0.0 ], [ 106.627095675025572, -6.585113185125238, 0.0 ], [ 106.627020995322795, -6.585166897134478, 0.0 ], [ 106.626793399396078, -6.585331609765834, 0.0 ], [ 106.626805381063647, -6.585727241318953, 0.0 ], [ 106.626709789425391, -6.585927169603014, 0.0 ], [ 106.626687451165168, -6.58603236420209, 0.0 ], [ 106.626657655726433, -6.586337269449274, 0.0 ], [ 106.626754340040947, -6.586472407875146, 0.0 ], [ 106.626737201660717, -6.586682774590216, 0.0 ], [ 106.626581058669117, -6.586897160375518, 0.0 ], [ 106.626513891003469, -6.587068479426641, 0.0 ], [ 106.626382571998278, -6.587243572033099, 0.0 ], [ 106.626158307160296, -6.587336981916039, 0.0 ], [ 106.625983667812164, -6.587344680112697, 0.0 ], [ 106.625998216144922, -6.587433748068818, 0.0 ], [ 106.625994941713344, -6.587522873581566, 0.0 ], [ 106.626027231871447, -6.587586931391645, 0.0 ], [ 106.626059497747818, -6.58764386027574, 0.0 ], [ 106.625981275615587, -6.587704712901967, 0.0 ], [ 106.625817422736048, -6.587740891728657, 0.0 ], [ 106.625646359092357, -6.587752143146677, 0.0 ], [ 106.625618213909632, -6.587866302187919, 0.0 ], [ 106.625636303772581, -6.587948228627685, 0.0 ], [ 106.625768645306934, -6.588086816852936, 0.0 ], [ 106.625727913212785, -6.588311103274638, 0.0 ], [ 106.625644906687313, -6.588400905077521, 0.0 ], [ 106.625616831651683, -6.588536450896356, 0.0 ], [ 106.625669999571002, -6.588630000174192, 0.0 ], [ 106.62574564334696, -6.588685743751945, 0.0 ], [ 106.625852568241584, -6.588681831700995, 0.0 ], [ 106.6258658988923, -6.588678568061326, 0.0 ], [ 106.62605914971013, -6.588631253829149, 0.0 ], [ 106.626194602898806, -6.588630813161291, 0.0 ], [ 106.626270329412392, -6.588897910909655, 0.0 ], [ 106.625907963781643, -6.589273375165963, 0.0 ], [ 106.625789999708914, -6.589419999733028, 0.0 ], [ 106.625713598703754, -6.589493861052667, 0.0 ], [ 106.625533231573542, -6.58950506120938, 0.0 ], [ 106.625200602026339, -6.589467233026216, 0.0 ], [ 106.625164667815355, -6.589495766716116, 0.0 ], [ 106.625204531164343, -6.58958748857156, 0.0 ], [ 106.625328887618267, -6.58975687497966, 0.0 ], [ 106.625549120795483, -6.590039143391593, 0.0 ], [ 106.625584965973587, -6.590184055649519, 0.0 ], [ 106.625613747876315, -6.59033253012197, 0.0 ], [ 106.625587955320043, -6.590372942057456, 0.0 ], [ 106.62558207375389, -6.59038215471254, 0.0 ], [ 106.625500704893796, -6.5903788829789, 0.0 ], [ 106.625451241281922, -6.590396730924244, 0.0 ], [ 106.625391452553728, -6.590503045179243, 0.0 ], [ 106.625334842029545, -6.590503493940982, 0.0 ], [ 106.625271277047915, -6.590531735351171, 0.0 ], [ 106.625147598682943, -6.590571048315077, 0.0 ], [ 106.624917826396768, -6.59061778068585, 0.0 ], [ 106.624783282422669, -6.590579308588076, 0.0 ], [ 106.624659695788495, -6.590646919619516, 0.0 ], [ 106.624569702429952, -6.590757932832183, 0.0 ], [ 106.624451480251778, -6.59079616481101, 0.0 ], [ 106.624391287727917, -6.590778673896516, 0.0 ], [ 106.624274235567697, -6.590680011073538, 0.0 ], [ 106.624192509676746, -6.59056708230489, 0.0 ], [ 106.624110242393982, -6.590470721746247, 0.0 ], [ 106.624061204161393, -6.590436629346854, 0.0 ], [ 106.62394453241447, -6.590454694928063, 0.0 ], [ 106.623881055566414, -6.590515035840063, 0.0 ], [ 106.623726040324712, -6.590494362224888, 0.0 ], [ 106.623533115061392, -6.590552402671115, 0.0 ], [ 106.623344865373468, -6.590443409335691, 0.0 ], [ 106.623057585039717, -6.590376492580887, 0.0 ], [ 106.622754901117972, -6.590387915769593, 0.0 ], [ 106.622300706612492, -6.590352856598916, 0.0 ], [ 106.62214617610536, -6.590313513957327, 0.0 ], [ 106.621976840958652, -6.590270401357792, 0.0 ], [ 106.62166888790901, -6.590266181738738, 0.0 ], [ 106.621069508651047, -6.590196081383883, 0.0 ], [ 106.620590000028642, -6.590139999661151, 0.0 ], [ 106.620420000282891, -6.59011000007629, 0.0 ], [ 106.620159999984182, -6.589989999938375, 0.0 ], [ 106.61983999961646, -6.58968000003183, 0.0 ], [ 106.619819999593489, -6.589559999893915, 0.0 ], [ 106.619760000423867, -6.589370000125285, 0.0 ], [ 106.619720000377839, -6.589290000033312, 0.0 ], [ 106.619310000356435, -6.58881000038102, 0.0 ], [ 106.619250000287522, -6.588730000289136, 0.0 ], [ 106.619010000011684, -6.588490000013305, 0.0 ], [ 106.618969999965742, -6.588440000405473, 0.0 ], [ 106.618949999942771, -6.588369999875479, 0.0 ], [ 106.618929999919715, -6.588240000175674, 0.0 ], [ 106.618880000311975, -6.587990000338131, 0.0 ], [ 106.618869999850801, -6.587830000154185, 0.0 ], [ 106.618920000357917, -6.587710000016358, 0.0 ], [ 106.619039999596453, -6.587609999901414, 0.0 ], [ 106.619119999688436, -6.587540000270611, 0.0 ], [ 106.619219999803292, -6.587440000155667, 0.0 ], [ 106.619219999803292, -6.587190000318124, 0.0 ], [ 106.619259999849319, -6.586959999604094, 0.0 ], [ 106.619290000333464, -6.586809999881407, 0.0 ], [ 106.619290000333464, -6.586720000227633, 0.0 ], [ 106.619199999780321, -6.586490000413061, 0.0 ], [ 106.619099999665465, -6.586310000206232, 0.0 ], [ 106.618656063726519, -6.58648562970793, 0.0 ], [ 106.618385886699542, -6.586449255728368, 0.0 ], [ 106.618227606918708, -6.586459080821818, 0.0 ], [ 106.618139080354496, -6.58644074274596, 0.0 ], [ 106.618039882434843, -6.586268443433809, 0.0 ], [ 106.618026699272988, -6.58624554489581, 0.0 ], [ 106.618157100969626, -6.586254434694219, 0.0 ], [ 106.618203074312632, -6.586072693399938, 0.0 ], [ 106.618207081691679, -6.585872462044353, 0.0 ], [ 106.618173900305422, -6.585690976157501, 0.0 ], [ 106.618196427423371, -6.585458092217014, 0.0 ], [ 106.618218862810423, -6.58519726993795, 0.0 ], [ 106.618310990260184, -6.584889660429329, 0.0 ], [ 106.618347455071174, -6.584647417244351, 0.0 ], [ 106.618383918982801, -6.584405174958743, 0.0 ], [ 106.618262619324568, -6.584331068124119, 0.0 ], [ 106.618080878030298, -6.584285093881839, 0.0 ], [ 106.617861949769349, -6.584257866007572, 0.0 ], [ 106.617796191341313, -6.584081142030964, 0.0 ], [ 106.617809089418145, -6.583750508079369, 0.0 ], [ 106.618009999761881, -6.583390000447977, 0.0 ], [ 106.618347375031561, -6.583185359716417, 0.0 ], [ 106.618588875376432, -6.582993671920203, 0.0 ], [ 106.618662648562577, -6.58276993318573, 0.0 ], [ 106.61868999694596, -6.582588252146007, 0.0 ], [ 106.618643073918889, -6.582476654373917, 0.0 ], [ 106.618572658801327, -6.582299944786509, 0.0 ], [ 106.618483936184873, -6.582221076041641, 0.0 ], [ 106.618250874178642, -6.582142674944382, 0.0 ], [ 106.618073203215914, -6.581915095205328, 0.0 ], [ 106.618188927976789, -6.581705189842459, 0.0 ], [ 106.618213545119161, -6.581675961876012, 0.0 ], [ 106.618369822109798, -6.581490417348714, 0.0 ], [ 106.618470000290486, -6.581329999879451, 0.0 ], [ 106.618731310002133, -6.580967747563395, 0.0 ], [ 106.618637479236483, -6.580749208708916, 0.0 ], [ 106.618618462172464, -6.580628207625541, 0.0 ], [ 106.618575774052857, -6.580386221646641, 0.0 ], [ 106.618482049407206, -6.580200276021699, 0.0 ], [ 106.618383410865874, -6.579935190056787, 0.0 ], [ 106.618371568593204, -6.579919620993593, 0.0 ], [ 106.618224426016681, -6.579726174123515, 0.0 ], [ 106.617948948385475, -6.579489597566681, 0.0 ], [ 106.61786002971678, -6.57935019815298, 0.0 ], [ 106.617906379875706, -6.57928486060765, 0.0 ], [ 106.618269584573838, -6.579292997673516, 0.0 ], [ 106.618590990581964, -6.579333862867323, 0.0 ], [ 106.618987466598512, -6.579551423259424, 0.0 ], [ 106.619155252213332, -6.57960209825811, 0.0 ], [ 106.619285381415409, -6.579527175738367, 0.0 ], [ 106.619340969410331, -6.579345501893243, 0.0 ], [ 106.619345277162978, -6.579331421207915, 0.0 ], [ 106.619298097829116, -6.579140667807373, 0.0 ], [ 106.619152763789202, -6.578833827219146, 0.0 ], [ 106.619170544285296, -6.578573020228564, 0.0 ], [ 106.619444603685707, -6.578371914731953, 0.0 ], [ 106.619586739736377, -6.578175099001484, 0.0 ], [ 106.619818924004363, -6.577867522767846, 0.0 ], [ 106.619808444204494, -6.577837887408435, 0.0 ], [ 106.619732221265153, -6.577622345994296, 0.0 ], [ 106.6194249570963, -6.577472307600765, 0.0 ], [ 106.619332728922487, -6.577427273149929, 0.0 ], [ 106.618949999942771, -6.576899999735044, 0.0 ], [ 106.618729999689918, -6.576640000335612, 0.0 ], [ 106.618530000359399, -6.576310000406007, 0.0 ], [ 106.61818143032896, -6.576310000406007, 0.0 ], [ 106.618040000245941, -6.576310000406007, 0.0 ], [ 106.61777000038542, -6.576330000429067, 0.0 ], [ 106.617010000411355, -6.576500000174725, 0.0 ], [ 106.616730000089575, -6.57658000026661, 0.0 ], [ 106.616669878612186, -6.576617575740364, 0.0 ], [ 106.616409999721867, -6.576779999597129, 0.0 ], [ 106.615700000255003, -6.577489999963362, 0.0 ], [ 106.615640000186005, -6.577799999869907, 0.0 ], [ 106.615339999841254, -6.57812000023771, 0.0 ], [ 106.615119999588487, -6.578379999637054, 0.0 ], [ 106.61496000030391, -6.578630000374055, 0.0 ], [ 106.614880000212025, -6.578869999750516, 0.0 ], [ 106.614740000051142, -6.579199999680121, 0.0 ], [ 106.614450000167565, -6.579720000277636, 0.0 ], [ 106.614330000029653, -6.579840000415551, 0.0 ], [ 106.614289999983711, -6.579950000092296, 0.0 ], [ 106.614089999753816, -6.58001999972301, 0.0 ], [ 106.613830000354383, -6.580309999606673, 0.0 ], [ 106.613521939386189, -6.580635832977091, 0.0 ], [ 106.613309999756865, -6.580859999788959, 0.0 ], [ 106.613130000449331, -6.581109999626591, 0.0 ], [ 106.612919999758361, -6.581400000409534, 0.0 ], [ 106.612600000289916, -6.581860000038855, 0.0 ], [ 106.61240000006012, -6.58218000040657, 0.0 ], [ 106.612259999899237, -6.582459999828973, 0.0 ], [ 106.612210000291398, -6.582720000127686, 0.0 ], [ 106.612150000222485, -6.583099999665123, 0.0 ], [ 106.612117608441054, -6.583321348001672, 0.0 ], [ 106.612093331242406, -6.583487239644228, 0.0 ], [ 106.612090000153572, -6.583509999686523, 0.0 ], [ 106.612030000084573, -6.583810000031267, 0.0 ], [ 106.612119999738354, -6.584159999983843, 0.0 ], [ 106.612290000383382, -6.584670000120276, 0.0 ], [ 106.612409999621917, -6.584910000396107, 0.0 ], [ 106.612560000243974, -6.585439999656142, 0.0 ], [ 106.612720000427828, -6.585900000184743, 0.0 ], [ 106.612790000058638, -6.586219999653089, 0.0 ], [ 106.612694129630512, -6.587447136276161, 0.0 ], [ 106.612689999943697, -6.587500000224669, 0.0 ], [ 106.612665217326054, -6.587639214378118, 0.0 ], [ 106.612640725189465, -6.587753655806452, 0.0 ], [ 106.6126227531377, -6.587802057318939, 0.0 ], [ 106.612566783830204, -6.587952788190456, 0.0 ], [ 106.612310394309389, -6.588624881233098, 0.0 ], [ 106.612157666942991, -6.589062939203174, 0.0 ], [ 106.611773105144849, -6.590078537294488, 0.0 ], [ 106.611516937756662, -6.590531477245722, 0.0 ], [ 106.611400626637788, -6.590531852262984, 0.0 ], [ 106.611054768063298, -6.590532969220977, 0.0 ], [ 106.610751460911374, -6.590458181599637, 0.0 ], [ 106.610402573420203, -6.590345659324583, 0.0 ], [ 106.610137270718624, -6.590308630638599, 0.0 ], [ 106.60987216496865, -6.590332217157915, 0.0 ], [ 106.60965259189382, -6.590378384754505, 0.0 ], [ 106.609463372736585, -6.590439607901413, 0.0 ], [ 106.609236516052562, -6.590576719439891, 0.0 ], [ 106.609024470303254, -6.590607709178311, 0.0 ], [ 106.608873036161853, -6.59063850376377, 0.0 ], [ 106.608782337734851, -6.590706986238306, 0.0 ], [ 106.608562519145124, -6.590677387751089, 0.0 ], [ 106.608319703091993, -6.590564521035649, 0.0 ], [ 106.608230000214519, -6.58902999973451, 0.0 ], [ 106.608509999637008, -6.588309999806476, 0.0 ], [ 106.608609999751863, -6.587779999647161, 0.0 ], [ 106.608731231061654, -6.587332378286472, 0.0 ], [ 106.608740000350949, -6.587299999994869, 0.0 ], [ 106.608930000119585, -6.586629999674578, 0.0 ], [ 106.608956610159623, -6.586480318311896, 0.0 ], [ 106.609010000211555, -6.586179999607147, 0.0 ], [ 106.609220000003148, -6.585570000255139, 0.0 ], [ 106.609320000118089, -6.58516999979545, 0.0 ], [ 106.609500000324928, -6.584770000235132, 0.0 ], [ 106.609600000439869, -6.584209999591586, 0.0 ], [ 106.609710000116621, -6.583729999939383, 0.0 ], [ 106.609630000024637, -6.583549999732554, 0.0 ], [ 106.609560000393842, -6.583170000195206, 0.0 ], [ 106.609569999955639, -6.583070000080262, 0.0 ], [ 106.609579616406293, -6.582887294712716, 0.0 ], [ 106.609580000416898, -6.582880000311633, 0.0 ], [ 106.609739999701389, -6.582089999853427, 0.0 ], [ 106.609830000254448, -6.581940000130739, 0.0 ], [ 106.610380000436905, -6.581060000018848, 0.0 ], [ 106.610360000413849, -6.58087000025013, 0.0 ], [ 106.610180000207009, -6.580380000136756, 0.0 ], [ 106.610109999676936, -6.580090000253183, 0.0 ], [ 106.609930000369388, -6.58003000018418, 0.0 ], [ 106.609759999724361, -6.579930000069325, 0.0 ], [ 106.609560000393842, -6.579629999724581, 0.0 ], [ 106.609610000001666, -6.579489999563695, 0.0 ], [ 106.609639999586449, -6.579319999817947, 0.0 ], [ 106.609600000439869, -6.579270000210116, 0.0 ], [ 106.609444111956321, -6.578991627661281, 0.0 ], [ 106.609320000118089, -6.578769999635572, 0.0 ], [ 106.609369999725843, -6.578610000351084, 0.0 ], [ 106.609489999863754, -6.578410000121284, 0.0 ], [ 106.609549999932668, -6.57831000000634, 0.0 ], [ 106.609799999770388, -6.57787000039999, 0.0 ], [ 106.609919999908215, -6.57703000033413, 0.0 ], [ 106.60983999981633, -6.576870000150183, 0.0 ], [ 106.609819999793359, -6.576750000012357, 0.0 ], [ 106.609790000208505, -6.57660999985147, 0.0 ], [ 106.609870000300475, -6.576360000013839, 0.0 ], [ 106.610049999607924, -6.57576000022372, 0.0 ], [ 106.610627995685604, -6.574961815035554, 0.0 ], [ 106.610889999673972, -6.574599999789967, 0.0 ], [ 106.611009999811799, -6.574040000045791, 0.0 ], [ 106.611069999880797, -6.573759999724107, 0.0 ], [ 106.611149002624529, -6.573556414796524, 0.0 ], [ 106.611330000179507, -6.573090000303097, 0.0 ], [ 106.611746667774696, -6.572490794614296, 0.0 ], [ 106.612196509561443, -6.571019481263853, 0.0 ], [ 106.612292755906111, -6.57032212176837, 0.0 ], [ 106.612363017239574, -6.569725157190067, 0.0 ], [ 106.612403374316457, -6.569382263680392, 0.0 ], [ 106.61239242686915, -6.569082794834937, 0.0 ], [ 106.612392210132569, -6.569076853913582, 0.0 ], [ 106.61237014166889, -6.56847317589623, 0.0 ], [ 106.612498401180432, -6.568306077363442, 0.0 ], [ 106.612709850679238, -6.568093251002551, 0.0 ], [ 106.613450342559403, -6.567477158743742, 0.0 ], [ 106.614047519377621, -6.567058520733973, 0.0 ], [ 106.614294650378, -6.566856391808908, 0.0 ], [ 106.614410224052804, -6.566761864068607, 0.0 ], [ 106.615161291960234, -6.567077660105749, 0.0 ], [ 106.615456151780165, -6.56688729431302, 0.0 ], [ 106.615841951045326, -6.566704210330911, 0.0 ], [ 106.616431890119799, -6.566391666242257, 0.0 ], [ 106.616824799425075, -6.566064602599155, 0.0 ], [ 106.617020410064043, -6.565639681925663, 0.0 ], [ 106.617033780284885, -6.56551215805953, 0.0 ], [ 106.617039916359204, -6.565453629281439, 0.0 ], [ 106.617049809801102, -6.565359251727934, 0.0 ], [ 106.616995651728132, -6.565010902930659, 0.0 ], [ 106.616774966191883, -6.564708550858747, 0.0 ], [ 106.616743640107046, -6.564670989774193, 0.0 ], [ 106.616605806412991, -6.564505717764515, 0.0 ], [ 106.616603488860093, -6.564502938859409, 0.0 ], [ 106.616559323154419, -6.564449981381362, 0.0 ], [ 106.616554402064224, -6.564444080929412, 0.0 ], [ 106.616227724230271, -6.564164800964658, 0.0 ], [ 106.61586301856363, -6.563840182578176, 0.0 ], [ 106.61569551263797, -6.563583117666596, 0.0 ], [ 106.615861602131417, -6.563400744148886, 0.0 ], [ 106.616141845270164, -6.563377109965476, 0.0 ], [ 106.616391783953773, -6.563353573808186, 0.0 ], [ 106.616778239724184, -6.56337505681325, 0.0 ], [ 106.617141551441691, -6.563267811759967, 0.0 ], [ 106.617153085246883, -6.563241633394536, 0.0 ], [ 106.617171635562755, -6.563199526236954, 0.0 ], [ 106.61717097635966, -6.562994960149151, 0.0 ], [ 106.61711742892642, -6.562836023863241, 0.0 ], [ 106.617169924152805, -6.5626691690467, 0.0 ], [ 106.617215210413775, -6.562615985838907, 0.0 ], [ 106.617168775718568, -6.562313071690742, 0.0 ], [ 106.617197739284421, -6.562129728703816, 0.0 ], [ 106.617205897933999, -6.562078077041491, 0.0 ], [ 106.617212399133138, -6.561744684869133, 0.0 ], [ 106.617264307102261, -6.561395994329491, 0.0 ], [ 106.61718028614149, -6.561184120350774, 0.0 ], [ 106.617126861915295, -6.561063067106723, 0.0 ], [ 106.617057332630026, -6.560646576678, 0.0 ], [ 106.616943203266388, -6.560495413232594, 0.0 ], [ 106.616874334982782, -6.560283489791043, 0.0 ], [ 106.617002736587239, -6.560161850189008, 0.0 ], [ 106.61698577807131, -6.560143225229567, 0.0 ], [ 106.616858277587625, -6.560003207082179, 0.0 ], [ 106.616600496815607, -6.55994342644787, 0.0 ], [ 106.616358306690671, -6.560019973143074, 0.0 ], [ 106.616086422750342, -6.560286031275133, 0.0 ], [ 106.61575300179976, -6.56026437560028, 0.0 ], [ 106.615502746554697, -6.560189416208431, 0.0 ], [ 106.61525263879841, -6.560159914848054, 0.0 ], [ 106.615115609997574, -6.55995578762937, 0.0 ], [ 106.615145524146783, -6.55983446638734, 0.0 ], [ 106.615311490433086, -6.55961420892849, 0.0 ], [ 106.615280576237708, -6.559424894443158, 0.0 ], [ 106.615060064270708, -6.559175576291612, 0.0 ], [ 106.614824767449221, -6.559039954030457, 0.0 ], [ 106.614627350072368, -6.558904211260188, 0.0 ], [ 106.614528121575745, -6.558829816642611, 0.0 ], [ 106.614224844101415, -6.55860244194896, 0.0 ], [ 106.614140335708072, -6.558239035802629, 0.0 ], [ 106.614131707612415, -6.558229633390713, 0.0 ], [ 106.613904650379482, -6.557982189426372, 0.0 ], [ 106.613721728275351, -6.557641830206098, 0.0 ], [ 106.61397794062961, -6.557233871645654, 0.0 ], [ 106.614009658818844, -6.556865227847855, 0.0 ], [ 106.613982108087995, -6.556483613128119, 0.0 ], [ 106.614027198296725, -6.556180736751429, 0.0 ], [ 106.614262828766698, -6.555785113292192, 0.0 ], [ 106.614445920842769, -6.555422563300475, 0.0 ], [ 106.614741029774905, -6.555105719553147, 0.0 ], [ 106.615070291360993, -6.555177052878527, 0.0 ], [ 106.615509999587005, -6.554970000165241, 0.0 ], [ 106.616079999792262, -6.555139999910899, 0.0 ], [ 106.616224939929225, -6.555178650973783, 0.0 ], [ 106.616529999859779, -6.555260000048815, 0.0 ], [ 106.617030000434326, -6.555429999794473, 0.0 ], [ 106.617510000086611, -6.555549999932389, 0.0 ], [ 106.619458821067923, -6.557914311296233, 0.0 ], [ 106.621168006898216, -6.560659857865971, 0.0 ] ] ] ] } }
]
}
