{
"type": "FeatureCollection",
"name": "PAMIJAHAN",
"crs": { "type": "name", "properties": { "name": "urn:ogc:def:crs:OGC:1.3:CRS84" } },
"features": [
{ "type": "Feature", "properties": { "PROVNO": "32", "KABKOTNO": "01", "KECNO": "030", "DESANO": "001", "PROVINSI": "JAWA BARAT", "KABKOT": "BOGOR", "KECAMATAN": "PAMIJAHAN", "ID2013": "3201030001", "DESA": "CIBUNIAN", "DESA_1": "CIBUNIAN", "ID2012": "3201030001", "IDKAB2": "3201", "IDKEC_2": "3201030", "WILAYAH": "BARAT" }, "geometry": { "type": "MultiPolygon", "coordinates": [ [ [ [ 106.631580513130388, -6.66657593712964, 0.0 ], [ 106.631431347079143, -6.666947939895387, 0.0 ], [ 106.630937038313846, -6.667285701873507, 0.0 ], [ 106.63069002962132, -6.667498809722119, 0.0 ], [ 106.63042000008312, -6.667559999594133, 0.0 ], [ 106.630200055588233, -6.667779571769685, 0.0 ], [ 106.630125005364874, -6.66785449608799, 0.0 ], [ 106.630047312933272, -6.668438555394864, 0.0 ], [ 106.630019999623428, -6.668969999865428, 0.0 ], [ 106.629789999808764, -6.669540000070775, 0.0 ], [ 106.629609999602025, -6.669939999631183, 0.0 ], [ 106.629442962223081, -6.670280411012044, 0.0 ], [ 106.629496705708561, -6.670347127218026, 0.0 ], [ 106.629798297853341, -6.670721511388447, 0.0 ], [ 106.630064492682351, -6.670959459411332, 0.0 ], [ 106.630339916354231, -6.671312367771378, 0.0 ], [ 106.630563676672494, -6.671347121172513, 0.0 ], [ 106.630897560773931, -6.67139897788033, 0.0 ], [ 106.631384927672414, -6.671636193855104, 0.0 ], [ 106.631588991938614, -6.671812427701198, 0.0 ], [ 106.631643214762704, -6.672157222377741, 0.0 ], [ 106.6315799996175, -6.672629999574688, 0.0 ], [ 106.631397931869245, -6.672892207709094, 0.0 ], [ 106.631789099187785, -6.673465869054453, 0.0 ], [ 106.632366901011864, -6.674295429790114, 0.0 ], [ 106.63261546463221, -6.674551125034203, 0.0 ], [ 106.633004991587256, -6.674629444293281, 0.0 ], [ 106.633120705556252, -6.67484135244635, 0.0 ], [ 106.633128812045143, -6.675080272636293, 0.0 ], [ 106.633139999611487, -6.675410000071249, 0.0 ], [ 106.633040000395823, -6.675579999816996, 0.0 ], [ 106.632805500373664, -6.675833087926488, 0.0 ], [ 106.632717852447144, -6.676081050799656, 0.0 ], [ 106.633170365220366, -6.676477597862664, 0.0 ], [ 106.633533089680512, -6.676476394569821, 0.0 ], [ 106.633850816562116, -6.676245359635438, 0.0 ], [ 106.634080015080855, -6.675996927316188, 0.0 ], [ 106.634301247404878, -6.676013884033374, 0.0 ], [ 106.634584789256834, -6.676145625719911, 0.0 ], [ 106.634824596178348, -6.676427885138683, 0.0 ], [ 106.634799999720414, -6.676789999858403, 0.0 ], [ 106.634540000320982, -6.677070000180176, 0.0 ], [ 106.6343400000911, -6.677279999971866, 0.0 ], [ 106.634301381403816, -6.67742024294963, 0.0 ], [ 106.634260402895421, -6.677569051070655, 0.0 ], [ 106.63440431420797, -6.677983151101365, 0.0 ], [ 106.6344176115837, -6.678021417254456, 0.0 ], [ 106.634666290317227, -6.678310722861394, 0.0 ], [ 106.634815552595853, -6.678501289202945, 0.0 ], [ 106.634950000342471, -6.678900000034762, 0.0 ], [ 106.634913709999836, -6.679500146414465, 0.0 ], [ 106.635130015837689, -6.679844754931299, 0.0 ], [ 106.635487159105281, -6.679973774369987, 0.0 ], [ 106.635928819759371, -6.679977967908748, 0.0 ], [ 106.63637000017556, -6.679849999777545, 0.0 ], [ 106.63668999964392, -6.67972999963963, 0.0 ], [ 106.636969060174152, -6.679498980893097, 0.0 ], [ 106.637223476582363, -6.679384912683375, 0.0 ], [ 106.637467415888722, -6.67952562870461, 0.0 ], [ 106.637661500378087, -6.679709963643745, 0.0 ], [ 106.637830000054606, -6.679869999800516, 0.0 ], [ 106.637999999800357, -6.680099999615177, 0.0 ], [ 106.638189999568979, -6.680549999682608, 0.0 ], [ 106.638203364393874, -6.680593176134, 0.0 ], [ 106.638320000168065, -6.680970000165178, 0.0 ], [ 106.638420913094791, -6.681225312298213, 0.0 ], [ 106.638562372855404, -6.681537332082002, 0.0 ], [ 106.638622072550817, -6.681781692271063, 0.0 ], [ 106.638682165249904, -6.68214380069573, 0.0 ], [ 106.638659999659382, -6.682639999835907, 0.0 ], [ 106.638349999752847, -6.682969999765511, 0.0 ], [ 106.637950000192518, -6.683140000410539, 0.0 ], [ 106.637569999755812, -6.683270000110255, 0.0 ], [ 106.637250000287452, -6.683470000340055, 0.0 ], [ 106.637110000126569, -6.683789999808489, 0.0 ], [ 106.637159999734408, -6.684219999852949, 0.0 ], [ 106.637489999663927, -6.684640000335609, 0.0 ], [ 106.637899999685402, -6.685010000311067, 0.0 ], [ 106.638300000145094, -6.685369999825443, 0.0 ], [ 106.638710000166583, -6.685550000032361, 0.0 ], [ 106.638960000004133, -6.686029999684564, 0.0 ], [ 106.639040000096102, -6.686550000282168, 0.0 ], [ 106.639140000210958, -6.687520000047833, 0.0 ], [ 106.63928000037194, -6.687820000392577, 0.0 ], [ 106.639840000116109, -6.68807000023012, 0.0 ], [ 106.640100000414819, -6.68830000004478, 0.0 ], [ 106.640299999745338, -6.68873999965113, 0.0 ], [ 106.640600000090089, -6.689189999718561, 0.0 ], [ 106.641015362768911, -6.689614391590695, 0.0 ], [ 106.641059999719403, -6.689659999809052, 0.0 ], [ 106.641380000087125, -6.689949999692537, 0.0 ], [ 106.641812573091912, -6.690114559439255, 0.0 ], [ 106.642398026348019, -6.69017111780267, 0.0 ], [ 106.643170760722185, -6.690227051137345, 0.0 ], [ 106.643539999871308, -6.69045999982897, 0.0 ], [ 106.643650000447337, -6.69066000005877, 0.0 ], [ 106.643198005683587, -6.691373839630845, 0.0 ], [ 106.642858712160006, -6.691421785187082, 0.0 ], [ 106.64251844017403, -6.691177162395903, 0.0 ], [ 106.64196755415945, -6.690956647730975, 0.0 ], [ 106.641347493192427, -6.691052340992556, 0.0 ], [ 106.640879911378988, -6.691241147360962, 0.0 ], [ 106.640831043118354, -6.691275999687498, 0.0 ], [ 106.640599650253833, -6.69144103067886, 0.0 ], [ 106.640447951711749, -6.69158197242993, 0.0 ], [ 106.640157333094663, -6.691911054151625, 0.0 ], [ 106.640074790619238, -6.692004519792629, 0.0 ], [ 106.640109999976715, -6.692289999683556, 0.0 ], [ 106.640430000344423, -6.692879999911874, 0.0 ], [ 106.640900000434826, -6.693069999680592, 0.0 ], [ 106.64113000024949, -6.693120000187704, 0.0 ], [ 106.641369999625951, -6.693329999979394, 0.0 ], [ 106.641440000156123, -6.694150000022283, 0.0 ], [ 106.641477171834211, -6.694831934346137, 0.0 ], [ 106.641549999832776, -6.69538999964864, 0.0 ], [ 106.64162009928836, -6.69556873720726, 0.0 ], [ 106.641947847315464, -6.695567641833069, 0.0 ], [ 106.642252263331414, -6.695590029556033, 0.0 ], [ 106.642592146810301, -6.695717626267275, 0.0 ], [ 106.642780409988148, -6.696009567787122, 0.0 ], [ 106.642859999989213, -6.696400000359617, 0.0 ], [ 106.642735936714274, -6.69671188794311, 0.0 ], [ 106.642490634935029, -6.696864844636732, 0.0 ], [ 106.642174473773167, -6.696830792706745, 0.0 ], [ 106.641835333134296, -6.696925549774182, 0.0 ], [ 106.641660653316663, -6.697195298723937, 0.0 ], [ 106.64162999992466, -6.697490000263109, 0.0 ], [ 106.641615944420522, -6.697827403411818, 0.0 ], [ 106.64181661824253, -6.698329956262263, 0.0 ], [ 106.642286201946803, -6.698737985869165, 0.0 ], [ 106.642352624074519, -6.69899064680072, 0.0 ], [ 106.642369195881912, -6.699053685678926, 0.0 ], [ 106.642323548992707, -6.699404923997889, 0.0 ], [ 106.64211422279331, -6.699815224392882, 0.0 ], [ 106.641881015996233, -6.700085170294159, 0.0 ], [ 106.64167121855202, -6.700355037055186, 0.0 ], [ 106.641356113194306, -6.700636959228081, 0.0 ], [ 106.641204333713148, -6.700754495223595, 0.0 ], [ 106.640982595970215, -6.70095418518736, 0.0 ], [ 106.640678528891144, -6.701037120666378, 0.0 ], [ 106.640629999674857, -6.701259999649114, 0.0 ], [ 106.640656526977253, -6.701458498011128, 0.0 ], [ 106.640902771246061, -6.701586406787143, 0.0 ], [ 106.6412891676611, -6.701620223993956, 0.0 ], [ 106.641593116928988, -6.701502178982235, 0.0 ], [ 106.641838891751604, -6.701489654124106, 0.0 ], [ 106.641850000177527, -6.70182000029266, 0.0 ], [ 106.641793519155797, -6.701922811688235, 0.0 ], [ 106.641607249774992, -6.702227708841537, 0.0 ], [ 106.641326868140638, -6.702392487123401, 0.0 ], [ 106.641035053425128, -6.702639222421993, 0.0 ], [ 106.641050000157605, -6.702959999803983, 0.0 ], [ 106.641170000295432, -6.703610000101303, 0.0 ], [ 106.641154844020974, -6.703740342442668, 0.0 ], [ 106.641119999788316, -6.704040000145675, 0.0 ], [ 106.640596273299565, -6.704442930596635, 0.0 ], [ 106.640569999605944, -6.704829999704511, 0.0 ], [ 106.640751536754195, -6.705366938133519, 0.0 ], [ 106.640787672413367, -6.70567109244681, 0.0 ], [ 106.640671673359265, -6.705987456855524, 0.0 ], [ 106.640696180784246, -6.706315054695846, 0.0 ], [ 106.640427226835271, -6.7063978750617, 0.0 ], [ 106.640146097864317, -6.706340299564975, 0.0 ], [ 106.63980577731499, -6.706083974795476, 0.0 ], [ 106.639607603608198, -6.706330397130014, 0.0 ], [ 106.639678775954891, -6.706611027876477, 0.0 ], [ 106.639574092170761, -6.706810326635129, 0.0 ], [ 106.639469250106032, -6.706962814781861, 0.0 ], [ 106.639282195616985, -6.707033657077446, 0.0 ], [ 106.639083122588175, -6.707010915920844, 0.0 ], [ 106.638836562657389, -6.706789385921255, 0.0 ], [ 106.638533078339094, -6.707047862768469, 0.0 ], [ 106.638440333055101, -6.707317339223664, 0.0 ], [ 106.638476741208834, -6.707703411882751, 0.0 ], [ 106.638782767910598, -6.708205613098386, 0.0 ], [ 106.638947389710438, -6.708427418290555, 0.0 ], [ 106.638948262952169, -6.708688619184269, 0.0 ], [ 106.638948759377925, -6.708837013617099, 0.0 ], [ 106.638844152036114, -6.709059718131307, 0.0 ], [ 106.638727331001661, -6.709130325703807, 0.0 ], [ 106.638563294660528, -6.709084061879746, 0.0 ], [ 106.638375457761342, -6.708920850216895, 0.0 ], [ 106.638246226981934, -6.708780847358078, 0.0 ], [ 106.638035799113027, -6.708863469873041, 0.0 ], [ 106.637838132623898, -6.709262027820131, 0.0 ], [ 106.637547032869463, -6.709595364234513, 0.0 ], [ 106.637150000172511, -6.710050000307124, 0.0 ], [ 106.636920000357946, -6.70997999977704, 0.0 ], [ 106.636490000313387, -6.709720000377519, 0.0 ], [ 106.635960000154085, -6.709350000402061, 0.0 ], [ 106.635659999809334, -6.709199999780004, 0.0 ], [ 106.635439999556567, -6.70931999991792, 0.0 ], [ 106.635229999764874, -6.709620000262664, 0.0 ], [ 106.635120000088037, -6.709939999731009, 0.0 ], [ 106.634950000342471, -6.710159999983869, 0.0 ], [ 106.634790000158517, -6.710220000052782, 0.0 ], [ 106.634529999859808, -6.710320000167727, 0.0 ], [ 106.6343400000911, -6.71059999959013, 0.0 ], [ 106.634409999721896, -6.711129999749534, 0.0 ], [ 106.634770000135546, -6.711539999771023, 0.0 ], [ 106.635019999973181, -6.71188999972351, 0.0 ], [ 106.635019999973181, -6.712219999653115, 0.0 ], [ 106.634770000135546, -6.712560000043801, 0.0 ], [ 106.634380000137043, -6.712780000296661, 0.0 ], [ 106.633959999654465, -6.712990000088261, 0.0 ], [ 106.633439999956138, -6.713340000040837, 0.0 ], [ 106.633179999657429, -6.713699999555125, 0.0 ], [ 106.633160792836492, -6.713930481406418, 0.0 ], [ 106.633150000072661, -6.714059999968871, 0.0 ], [ 106.633520000048122, -6.714539999621163, 0.0 ], [ 106.633910000046626, -6.715049999757507, 0.0 ], [ 106.63399000013861, -6.715339999641081, 0.0 ], [ 106.633979999677436, -6.715590000377993, 0.0 ], [ 106.633879999562495, -6.715789999708512, 0.0 ], [ 106.633470000440369, -6.716050000007314, 0.0 ], [ 106.632590000328392, -6.716029999984343, 0.0 ], [ 106.632129999799787, -6.715929999869488, 0.0 ], [ 106.631940000031165, -6.716009999961372, 0.0 ], [ 106.6318543243178, -6.716132634213547, 0.0 ], [ 106.631429999894721, -6.716740000350576, 0.0 ], [ 106.631309999756894, -6.717159999933866, 0.0 ], [ 106.631180000057185, -6.717939999930902, 0.0 ], [ 106.631050000357376, -6.718360000413561, 0.0 ], [ 106.630649999897784, -6.718719999927849, 0.0 ], [ 106.630290000383411, -6.71894999974251, 0.0 ], [ 106.630103364978496, -6.719055489319228, 0.0 ], [ 106.629829999854806, -6.719210000041311, 0.0 ], [ 106.629430000294491, -6.719000000249622, 0.0 ], [ 106.628750000412396, -6.718650000297046, 0.0 ], [ 106.628240000275952, -6.718470000090306, 0.0 ], [ 106.627839999816359, -6.718309999906449, 0.0 ], [ 106.627730000139621, -6.718309999906449, 0.0 ], [ 106.627190000418324, -6.718389999998333, 0.0 ], [ 106.626879999612498, -6.718399999560134, 0.0 ], [ 106.626620000212966, -6.718410000021304, 0.0 ], [ 106.62627000026049, -6.718730000389019, 0.0 ], [ 106.626040000445826, -6.719089999903396, 0.0 ], [ 106.625829999754856, -6.719510000386055, 0.0 ], [ 106.625530000309396, -6.719940000430515, 0.0 ], [ 106.625310000056629, -6.720110000176174, 0.0 ], [ 106.625000000150081, -6.720569999805495, 0.0 ], [ 106.624659999759302, -6.720750000012323, 0.0 ], [ 106.624389999898796, -6.720910000196181, 0.0 ], [ 106.6241899996689, -6.721019999872926, 0.0 ], [ 106.624129999599987, -6.72113000044904, 0.0 ], [ 106.624140000061161, -6.721249999687586, 0.0 ], [ 106.624309999806812, -6.721469999940357, 0.0 ], [ 106.624479999552563, -6.721610000101244, 0.0 ], [ 106.624710000266504, -6.721949999592649, 0.0 ], [ 106.624770000335417, -6.722080000191646, 0.0 ], [ 106.624719999828301, -6.722350000052337, 0.0 ], [ 106.624539999621476, -6.722579999866909, 0.0 ], [ 106.624320000267986, -6.72282999970454, 0.0 ], [ 106.6241899996689, -6.722929999819485, 0.0 ], [ 106.623899999785323, -6.723000000349568, 0.0 ], [ 106.623779999647496, -6.723000000349568, 0.0 ], [ 106.623669999970673, -6.722940000280655, 0.0 ], [ 106.623500000225008, -6.722789999658598, 0.0 ], [ 106.623320000018182, -6.722650000397081, 0.0 ], [ 106.623090000203518, -6.722499999775025, 0.0 ], [ 106.622909999996693, -6.722490000213135, 0.0 ], [ 106.622809999881753, -6.722579999866909, 0.0 ], [ 106.622560000044118, -6.722809999681569, 0.0 ], [ 106.622379999837278, -6.722969999865427, 0.0 ], [ 106.622310000206568, -6.723020000372539, 0.0 ], [ 106.621960000253992, -6.723159999634145, 0.0 ], [ 106.621740000001225, -6.723199999680087, 0.0 ], [ 106.621510000186561, -6.723170000095227, 0.0 ], [ 106.621320000417853, -6.723170000095227, 0.0 ], [ 106.621240000325969, -6.723199999680087, 0.0 ], [ 106.62093000041942, -6.723379999886916, 0.0 ], [ 106.620839999866277, -6.723390000348086, 0.0 ], [ 106.620639999636467, -6.723299999795032, 0.0 ], [ 106.620520000397846, -6.723270000210171, 0.0 ], [ 106.620420000282891, -6.723319999818003, 0.0 ], [ 106.620117507017525, -6.723539307592787, 0.0 ], [ 106.620019999823299, -6.723609999701576, 0.0 ], [ 106.619919999708344, -6.723580000116716, 0.0 ], [ 106.619660000308926, -6.723489999563661, 0.0 ], [ 106.619460000079116, -6.723509999586632, 0.0 ], [ 106.619118955575544, -6.723553723725253, 0.0 ], [ 106.619070000080598, -6.723560000093745, 0.0 ], [ 106.618880000311975, -6.723470000439971, 0.0 ], [ 106.618399999760399, -6.723099999565232, 0.0 ], [ 106.61777000038542, -6.722519999797996, 0.0 ], [ 106.617639999786334, -6.722410000121251, 0.0 ], [ 106.61749000006364, -6.722330000029366, 0.0 ], [ 106.617442667844969, -6.722322718218745, 0.0 ], [ 106.617360000363846, -6.722310000006395, 0.0 ], [ 106.617030000434326, -6.722319999568196, 0.0 ], [ 106.616850000227501, -6.722390000098279, 0.0 ], [ 106.616649999997691, -6.722510000236195, 0.0 ], [ 106.616560000343924, -6.722610000351139, 0.0 ], [ 106.616409999721867, -6.722840000165711, 0.0 ], [ 106.616300000045129, -6.723090000003342, 0.0 ], [ 106.616159999884232, -6.723139999611174, 0.0 ], [ 106.616010000161552, -6.723130000049284, 0.0 ], [ 106.615890000023725, -6.723099999565232, 0.0 ], [ 106.615680000231947, -6.723529999609603, 0.0 ], [ 106.615669999770859, -6.723609999701576, 0.0 ], [ 106.615609999701945, -6.724159999883952, 0.0 ], [ 106.615600000140063, -6.724239999975836, 0.0 ], [ 106.615439999956209, -6.724280000021867, 0.0 ], [ 106.615319999818283, -6.724239999975836, 0.0 ], [ 106.615090000003619, -6.723740000300573, 0.0 ], [ 106.615029999934706, -6.723620000162747, 0.0 ], [ 106.614840000166083, -6.723509999586632, 0.0 ], [ 106.614709999566998, -6.723450000416999, 0.0 ], [ 106.614550000282421, -6.723099999565232, 0.0 ], [ 106.614359999614422, -6.722809999681569, 0.0 ], [ 106.61426999996074, -6.722729999589685, 0.0 ], [ 106.613980000077078, -6.722659999958882, 0.0 ], [ 106.613750000262499, -6.722330000029366, 0.0 ], [ 106.613650000147558, -6.72218000030659, 0.0 ], [ 106.613489999963704, -6.722109999776507, 0.0 ], [ 106.613400000309923, -6.722109999776507, 0.0 ], [ 106.613349999802807, -6.722140000260648, 0.0 ], [ 106.613289999733894, -6.722189999868391, 0.0 ], [ 106.613269999710923, -6.722390000098279, 0.0 ], [ 106.613189999618953, -6.722949999842456, 0.0 ], [ 106.613160000034185, -6.723090000003342, 0.0 ], [ 106.61311000042636, -6.723410000371057, 0.0 ], [ 106.613070000380418, -6.72366999977049, 0.0 ], [ 106.613189999618953, -6.724380000136723, 0.0 ], [ 106.613240000126069, -6.724629999974354, 0.0 ], [ 106.613220000103098, -6.72475999967407, 0.0 ], [ 106.61311000042636, -6.724899999834957, 0.0 ], [ 106.612910000196464, -6.72497999992693, 0.0 ], [ 106.612629999874784, -6.7249900003881, 0.0 ], [ 106.612380000037149, -6.724950000342069, 0.0 ], [ 106.611880000361879, -6.724719999628128, 0.0 ], [ 106.611649999647938, -6.724520000297609, 0.0 ], [ 106.611550000432374, -6.724369999675552, 0.0 ], [ 106.611470000340404, -6.72411999983801, 0.0 ], [ 106.611459999879315, -6.723890000023349, 0.0 ], [ 106.611450000317433, -6.723769999885434, 0.0 ], [ 106.611519999948229, -6.723379999886916, 0.0 ], [ 106.611700000155054, -6.723069999980371, 0.0 ], [ 106.611820000292965, -6.722869999750483, 0.0 ], [ 106.611959999554486, -6.722610000351139, 0.0 ], [ 106.611959999554486, -6.722479999752053, 0.0 ], [ 106.611889999923775, -6.722390000098279, 0.0 ], [ 106.611780000247023, -6.722220000352621, 0.0 ], [ 106.61139000024852, -6.722260000398563, 0.0 ], [ 106.61102999983477, -6.722249999937393, 0.0 ], [ 106.61082999960496, -6.722229999914422, 0.0 ], [ 106.61069999990525, -6.722289999983335, 0.0 ], [ 106.610439999606456, -6.722510000236195, 0.0 ], [ 106.610120000138096, -6.722849999727512, 0.0 ], [ 106.609930000369388, -6.722490000213135, 0.0 ], [ 106.609790000208505, -6.722300000444505, 0.0 ], [ 106.608419999983226, -6.721679999732046, 0.0 ], [ 106.608150000122549, -6.721559999594131, 0.0 ], [ 106.607379999687396, -6.72132000021767, 0.0 ], [ 106.606920000058167, -6.721189999618584, 0.0 ], [ 106.606770000335388, -6.72113000044904, 0.0 ], [ 106.60659999969036, -6.720959999804013, 0.0 ], [ 106.606490000013622, -6.720700000404491, 0.0 ], [ 106.606409999921738, -6.720509999736493, 0.0 ], [ 106.606389999898767, -6.720019999623119, 0.0 ], [ 106.606429999944709, -6.719749999762517, 0.0 ], [ 106.606570000105592, -6.719589999578659, 0.0 ], [ 106.606770000335388, -6.719459999878943, 0.0 ], [ 106.606949999642936, -6.719359999763999, 0.0 ], [ 106.607160000333906, -6.719270000110313, 0.0 ], [ 106.607570000355395, -6.719160000433568, 0.0 ], [ 106.607590000378366, -6.71896000020368, 0.0 ], [ 106.607630000424393, -6.718570000205162, 0.0 ], [ 106.607490000263425, -6.718439999606076, 0.0 ], [ 106.607410000171541, -6.718240000275646, 0.0 ], [ 106.607419999733423, -6.717979999976844, 0.0 ], [ 106.607530000309453, -6.717779999747044, 0.0 ], [ 106.607909999846797, -6.71746000027861, 0.0 ], [ 106.607980000376884, -6.717170000395036, 0.0 ], [ 106.608009999961752, -6.716859999589122, 0.0 ], [ 106.60811999963849, -6.716489999613664, 0.0 ], [ 106.608230000214519, -6.716130000099287, 0.0 ], [ 106.608279999822258, -6.716020000422542, 0.0 ], [ 106.608319999868286, -6.715929999869488, 0.0 ], [ 106.608270000260461, -6.71574999966257, 0.0 ], [ 106.608219999753345, -6.715459999778997, 0.0 ], [ 106.608299999845315, -6.715370000125223, 0.0 ], [ 106.608609999751863, -6.714989999688594, 0.0 ], [ 106.608660000258979, -6.714579999667105, 0.0 ], [ 106.60868000028195, -6.714449999967389, 0.0 ], [ 106.608809999981659, -6.714309999806503, 0.0 ], [ 106.609150000372352, -6.714100000014813, 0.0 ], [ 106.609400000210073, -6.713930000269155, 0.0 ], [ 106.609650000047608, -6.713919999807985, 0.0 ], [ 106.609699999655447, -6.713879999762042, 0.0 ], [ 106.609759999724361, -6.713710000016295, 0.0 ], [ 106.609799999770388, -6.713620000362521, 0.0 ], [ 106.609859999839301, -6.713480000201724, 0.0 ], [ 106.610009999561981, -6.713369999625609, 0.0 ], [ 106.610120000138096, -6.713320000017777, 0.0 ], [ 106.610189999768906, -6.713190000318061, 0.0 ], [ 106.610280000321964, -6.71295999960412, 0.0 ], [ 106.610550000182471, -6.71276000027369, 0.0 ], [ 106.610750000412366, -6.712609999651633, 0.0 ], [ 106.610900000135047, -6.712379999836973, 0.0 ], [ 106.611160000433856, -6.712519999997859, 0.0 ], [ 106.611279999672405, -6.712499999974888, 0.0 ], [ 106.611439999856259, -6.712510000435969, 0.0 ], [ 106.611559999994171, -6.712510000435969, 0.0 ], [ 106.611609999601995, -6.712569999605691, 0.0 ], [ 106.611729999739822, -6.712640000135774, 0.0 ], [ 106.612130000199514, -6.712709999766489, 0.0 ], [ 106.612440000106147, -6.712620000112715, 0.0 ], [ 106.612640000335944, -6.712490000412998, 0.0 ], [ 106.612999999850246, -6.712399999859944, 0.0 ], [ 106.613149999573011, -6.712359999814002, 0.0 ], [ 106.613329999779836, -6.711789999608655, 0.0 ], [ 106.613449999917762, -6.711550000232105, 0.0 ], [ 106.613389999848749, -6.711490000163192, 0.0 ], [ 106.613103269900165, -6.71114777395049, 0.0 ], [ 106.613079999942215, -6.711120000187734, 0.0 ], [ 106.61283000010458, -6.710790000258129, 0.0 ], [ 106.612739999551522, -6.710540000420497, 0.0 ], [ 106.612709999966668, -6.710400000259611, 0.0 ], [ 106.612700000404857, -6.71018000000684, 0.0 ], [ 106.612609999851813, -6.710010000261182, 0.0 ], [ 106.612540000221003, -6.709819999593183, 0.0 ], [ 106.612500000175061, -6.709660000308606, 0.0 ], [ 106.612449999667945, -6.709460000078806, 0.0 ], [ 106.612310000406353, -6.709339999940891, 0.0 ], [ 106.611940000430891, -6.709170000195144, 0.0 ], [ 106.611680000132083, -6.709030000034346, 0.0 ], [ 106.611580000017142, -6.708980000426514, 0.0 ], [ 106.61102999983477, -6.7086699996206, 0.0 ], [ 106.610730000389395, -6.708499999874942, 0.0 ], [ 106.610590000228513, -6.708299999645142, 0.0 ], [ 106.610419999583485, -6.707949999692566, 0.0 ], [ 106.610308587971105, -6.707675755931266, 0.0 ], [ 106.610289999883761, -6.707630000224221, 0.0 ], [ 106.610049999607924, -6.70738999994839, 0.0 ], [ 106.609959999954157, -6.707309999856417, 0.0 ], [ 106.609939999931186, -6.707180000156701, 0.0 ], [ 106.609879999862272, -6.707030000434013, 0.0 ], [ 106.609679999632476, -6.706600000389553, 0.0 ], [ 106.609670000070579, -6.70652000029758, 0.0 ], [ 106.609859999839301, -6.706380000136694, 0.0 ], [ 106.609939999931186, -6.70630999960661, 0.0 ], [ 106.609970000415416, -6.706079999792038, 0.0 ], [ 106.610009999561981, -6.705829999954318, 0.0 ], [ 106.610049999607924, -6.705450000417059, 0.0 ], [ 106.610169999745935, -6.705099999565203, 0.0 ], [ 106.610329999929704, -6.704840000165682, 0.0 ], [ 106.610619999813281, -6.70459999988994, 0.0 ], [ 106.610889999673972, -6.704430000144193, 0.0 ], [ 106.611230000064566, -6.704319999568167, 0.0 ], [ 106.611600000040113, -6.704260000398534, 0.0 ], [ 106.612139999761411, -6.704200000329621, 0.0 ], [ 106.612569999805871, -6.704120000237648, 0.0 ], [ 106.612939999781332, -6.704220000352592, 0.0 ], [ 106.613240000126069, -6.704109999776477, 0.0 ], [ 106.6135599995945, -6.70394999959262, 0.0 ], [ 106.613590000078645, -6.703790000308132, 0.0 ], [ 106.613400000309923, -6.703550000032301, 0.0 ], [ 106.613209999641924, -6.70332999977953, 0.0 ], [ 106.613140000011214, -6.703010000311096, 0.0 ], [ 106.613329999779836, -6.702879999712099, 0.0 ], [ 106.613460000378922, -6.702859999689039, 0.0 ], [ 106.613570000055674, -6.702790000058325, 0.0 ], [ 106.613599999640442, -6.702729999989323, 0.0 ], [ 106.6136900001935, -6.702310000406033, 0.0 ], [ 106.613710000216471, -6.702119999738034, 0.0 ], [ 106.613710000216471, -6.701709999716545, 0.0 ], [ 106.613730000239528, -6.701479999901885, 0.0 ], [ 106.613771220665456, -6.701397558150592, 0.0 ], [ 106.613790000308441, -6.701359999763969, 0.0 ], [ 106.613859999939251, -6.701299999695056, 0.0 ], [ 106.613940000031135, -6.701250000087313, 0.0 ], [ 106.614020000123105, -6.701190000018311, 0.0 ], [ 106.614220000352901, -6.701109999926427, 0.0 ], [ 106.614330000029653, -6.701069999880396, 0.0 ], [ 106.61464962538011, -6.701042603832921, 0.0 ], [ 106.614679999982144, -6.701040000295624, 0.0 ], [ 106.614700307573301, -6.701042603832921, 0.0 ], [ 106.615069999980648, -6.701089999903367, 0.0 ], [ 106.615600000140063, -6.701330000179198, 0.0 ], [ 106.616280000022158, -6.701419999832972, 0.0 ], [ 106.616560000343924, -6.701310000156226, 0.0 ], [ 106.616600000389866, -6.701190000018311, 0.0 ], [ 106.616521388851169, -6.701042603832921, 0.0 ], [ 106.616440000206012, -6.700889999673567, 0.0 ], [ 106.616380000137099, -6.700770000435021, 0.0 ], [ 106.616380000137099, -6.700670000320077, 0.0 ], [ 106.616440000206012, -6.700530000159191, 0.0 ], [ 106.616429999744838, -6.700450000067306, 0.0 ], [ 106.61625000043729, -6.700289999883449, 0.0 ], [ 106.616159999884232, -6.700189999768504, 0.0 ], [ 106.616139999861261, -6.700109999676531, 0.0 ], [ 106.61625000043729, -6.699990000437985, 0.0 ], [ 106.61640000016007, -6.699910000346012, 0.0 ], [ 106.616500330326204, -6.699905540608011, 0.0 ], [ 106.616850000227501, -6.699890000323041, 0.0 ], [ 106.617089999603962, -6.699899999884931, 0.0 ], [ 106.617200000180077, -6.699890000323041, 0.0 ], [ 106.617309999856815, -6.699819999793046, 0.0 ], [ 106.617429999994641, -6.699529999909473, 0.0 ], [ 106.617499999625451, -6.699449999817499, 0.0 ], [ 106.617559999694365, -6.699420000232728, 0.0 ], [ 106.617730000339392, -6.69946000027867, 0.0 ], [ 106.618080000291968, -6.699610000001357, 0.0 ], [ 106.618230000014648, -6.699679999632071, 0.0 ], [ 106.618379999737428, -6.699699999655042, 0.0 ], [ 106.618470000290486, -6.6996599996091, 0.0 ], [ 106.618510000336428, -6.699580000416496, 0.0 ], [ 106.618450000267515, -6.699489999863442, 0.0 ], [ 106.61820000042988, -6.699369999725526, 0.0 ], [ 106.618109999876737, -6.699329999679584, 0.0 ], [ 106.618060000268997, -6.699220000002839, 0.0 ], [ 106.618060000268997, -6.699159999933926, 0.0 ], [ 106.618658826443863, -6.698895403200158, 0.0 ], [ 106.618920000357917, -6.698780000396578, 0.0 ], [ 106.619030000034655, -6.698720000327576, 0.0 ], [ 106.619130000149511, -6.698660000258663, 0.0 ], [ 106.619246868848137, -6.698649837020145, 0.0 ], [ 106.619359999964175, -6.698640000235692, 0.0 ], [ 106.619480000102087, -6.698620000212632, 0.0 ], [ 106.61956000019407, -6.698540000120747, 0.0 ], [ 106.619565623654779, -6.698444395892036, 0.0 ], [ 106.619569999755868, -6.698370000375089, 0.0 ], [ 106.619409999572014, -6.698079999592146, 0.0 ], [ 106.619350000402378, -6.697849999777574, 0.0 ], [ 106.619310000356435, -6.6977600001238, 0.0 ], [ 106.619119999688436, -6.69772999963957, 0.0 ], [ 106.618969999965742, -6.697709999616599, 0.0 ], [ 106.618840000265948, -6.697650000447055, 0.0 ], [ 106.61874999971289, -6.697570000355082, 0.0 ], [ 106.618740000150993, -6.697490000263109, 0.0 ], [ 106.618920000357917, -6.697319999618081, 0.0 ], [ 106.61899999955051, -6.697240000425477, 0.0 ], [ 106.619039999596453, -6.697140000310622, 0.0 ], [ 106.619030000034655, -6.697060000218737, 0.0 ], [ 106.618769999735861, -6.696980000126764, 0.0 ], [ 106.618640000036137, -6.696940000080733, 0.0 ], [ 106.618550000382456, -6.696830000403988, 0.0 ], [ 106.618479999852283, -6.696739999850934, 0.0 ], [ 106.61835000015256, -6.696659999759049, 0.0 ], [ 106.618259999599516, -6.696550000082215, 0.0 ], [ 106.618239999576446, -6.696329999829445, 0.0 ], [ 106.618299999645458, -6.695899999784984, 0.0 ], [ 106.618390000198502, -6.69560000033961, 0.0 ], [ 106.618439999806341, -6.695460000178723, 0.0 ], [ 106.618479999852283, -6.695290000433065, 0.0 ], [ 106.618450000267515, -6.694979999627062, 0.0 ], [ 106.61841999978337, -6.694880000411487, 0.0 ], [ 106.618379999737428, -6.69474000025069, 0.0 ], [ 106.618250000037619, -6.694589999628633, 0.0 ], [ 106.618040000245941, -6.694390000298114, 0.0 ], [ 106.617860000039201, -6.694179999607144, 0.0 ], [ 106.61777000038542, -6.694049999907428, 0.0 ], [ 106.61777000038542, -6.693969999815454, 0.0 ], [ 106.617659999809305, -6.693439999656139, 0.0 ], [ 106.617659999809305, -6.692939999980876, 0.0 ], [ 106.61777000038542, -6.692540000420557, 0.0 ], [ 106.617900000085143, -6.692380000236611, 0.0 ], [ 106.617969999715939, -6.692349999752558, 0.0 ], [ 106.618140000360881, -6.692139999960869, 0.0 ], [ 106.618219999553475, -6.692010000261153, 0.0 ], [ 106.618219999553475, -6.691870000100266, 0.0 ], [ 106.618189999968706, -6.691780000446492, 0.0 ], [ 106.618109999876737, -6.691669999870467, 0.0 ], [ 106.618117425578831, -6.691551183240332, 0.0 ], [ 106.618128283993272, -6.691377456704153, 0.0 ], [ 106.618140000360881, -6.691190000218175, 0.0 ], [ 106.618230000014648, -6.691070000080259, 0.0 ], [ 106.618319999668429, -6.690989999988375, 0.0 ], [ 106.61835000015256, -6.69088000031163, 0.0 ], [ 106.61835000015256, -6.690820000242628, 0.0 ], [ 106.618279999622487, -6.690789999758486, 0.0 ], [ 106.617969999715939, -6.690680000081741, 0.0 ], [ 106.617819999993159, -6.690609999551658, 0.0 ], [ 106.617650000247508, -6.690499999874913, 0.0 ], [ 106.617570000155624, -6.690439999805999, 0.0 ], [ 106.61749000006364, -6.690390000198168, 0.0 ], [ 106.617420000432844, -6.690319999668084, 0.0 ], [ 106.617380000386902, -6.690209999991339, 0.0 ], [ 106.617420000432844, -6.690069999830452, 0.0 ], [ 106.617470000040669, -6.689860000038852, 0.0 ], [ 106.617519999648422, -6.689759999923908, 0.0 ], [ 106.617550000132553, -6.689699999854994, 0.0 ], [ 106.617639999786334, -6.689510000086276, 0.0 ], [ 106.617679999832276, -6.689429999994303, 0.0 ], [ 106.617880000062172, -6.689080000041816, 0.0 ], [ 106.617969999715939, -6.688979999926872, 0.0 ], [ 106.618100000314939, -6.688859999788956, 0.0 ], [ 106.618239999576446, -6.68873999965113, 0.0 ], [ 106.618279999622487, -6.688679999582217, 0.0 ], [ 106.618279999622487, -6.688500000274669, 0.0 ], [ 106.618160000383938, -6.688170000345064, 0.0 ], [ 106.618109999876737, -6.688010000161206, 0.0 ], [ 106.618060000268997, -6.687689999793491, 0.0 ], [ 106.618040000245941, -6.687520000047833, 0.0 ], [ 106.618029999784852, -6.687399999909918, 0.0 ], [ 106.618009999761881, -6.687279999772002, 0.0 ], [ 106.618049999807823, -6.686920000257626, 0.0 ], [ 106.618060000268997, -6.686760000073768, 0.0 ], [ 106.618040000245941, -6.686650000397023, 0.0 ], [ 106.61802000022297, -6.686499999774966, 0.0 ], [ 106.61798999973891, -6.686390000098221, 0.0 ], [ 106.618219999553475, -6.686060000168705, 0.0 ], [ 106.618519999898226, -6.685890000422958, 0.0 ], [ 106.618629999574978, -6.685859999938906, 0.0 ], [ 106.618720000128022, -6.685839999915935, 0.0 ], [ 106.618969999965742, -6.685890000422958, 0.0 ], [ 106.619159999734379, -6.685870000399987, 0.0 ], [ 106.619310000356435, -6.685790000308103, 0.0 ], [ 106.61952999970984, -6.685579999617133, 0.0 ], [ 106.61960999980181, -6.685469999940388, 0.0 ], [ 106.619640000285955, -6.685349999802472, 0.0 ], [ 106.619629999824781, -6.685260000148698, 0.0 ], [ 106.61952999970984, -6.68487999971207, 0.0 ], [ 106.619370000425349, -6.684609999851467, 0.0 ], [ 106.619319999918233, -6.684549999782554, 0.0 ], [ 106.619199999780321, -6.684529999759583, 0.0 ], [ 106.618949999942771, -6.68466000035858, 0.0 ], [ 106.618840000265948, -6.684729999989383, 0.0 ], [ 106.618740000150993, -6.684739999551184, 0.0 ], [ 106.61868000008208, -6.684689999943352, 0.0 ], [ 106.618640000036137, -6.684609999851467, 0.0 ], [ 106.618780000197034, -6.684369999575637, 0.0 ], [ 106.618929999919715, -6.684219999852949, 0.0 ], [ 106.619420000033088, -6.683820000292631, 0.0 ], [ 106.619480000102087, -6.683769999785518, 0.0 ], [ 106.619919999708344, -6.683450000317084, 0.0 ], [ 106.620030000284459, -6.683350000202228, 0.0 ], [ 106.620110000376343, -6.683250000087284, 0.0 ], [ 106.620110000376343, -6.6831699999954, 0.0 ], [ 106.619979999777357, -6.683089999903427, 0.0 ], [ 106.619819999593489, -6.683000000249653, 0.0 ], [ 106.619709999916751, -6.68294000018065, 0.0 ], [ 106.619649999847837, -6.682860000088766, 0.0 ], [ 106.619709999916751, -6.682750000412021, 0.0 ], [ 106.619850000077633, -6.682659999858966, 0.0 ], [ 106.620209999591921, -6.682470000090248, 0.0 ], [ 106.620369999775875, -6.682329999929362, 0.0 ], [ 106.62046999989073, -6.682280000321619, 0.0 ], [ 106.620639999636467, -6.682229999814506, 0.0 ], [ 106.620679999682409, -6.682120000137761, 0.0 ], [ 106.620679999682409, -6.681770000185185, 0.0 ], [ 106.620670000120612, -6.68167000007033, 0.0 ], [ 106.620610000051613, -6.681619999563129, 0.0 ], [ 106.6205499999827, -6.681630000024299, 0.0 ], [ 106.620389999798846, -6.681750000162214, 0.0 ], [ 106.620320000168036, -6.681810000231128, 0.0 ], [ 106.620130000399413, -6.681790000208156, 0.0 ], [ 106.619999999800328, -6.681730000139243, 0.0 ], [ 106.619819999593489, -6.681560000393496, 0.0 ], [ 106.619600000240013, -6.681159999933897, 0.0 ], [ 106.619585266646908, -6.681142109720408, 0.0 ], [ 106.619460000079116, -6.680990000188238, 0.0 ], [ 106.619400000010117, -6.680919999658066, 0.0 ], [ 106.619319999918233, -6.680729999889436, 0.0 ], [ 106.619330000379406, -6.680489999613695, 0.0 ], [ 106.619370000425349, -6.680379999936861, 0.0 ], [ 106.61956000019407, -6.680310000306147, 0.0 ], [ 106.619729999939722, -6.680270000260116, 0.0 ], [ 106.620010000261487, -6.680330000329118, 0.0 ], [ 106.620139999961211, -6.680350000352089, 0.0 ], [ 106.620220000053095, -6.680279999821916, 0.0 ], [ 106.620260000099123, -6.680119999638148, 0.0 ], [ 106.620289999683905, -6.6799400003306, 0.0 ], [ 106.620289999683905, -6.679829999754574, 0.0 ], [ 106.620260000099123, -6.679749999662601, 0.0 ], [ 106.619910000146547, -6.679650000447026, 0.0 ], [ 106.619830000054577, -6.679619999962885, 0.0 ], [ 106.619769999985664, -6.679550000332082, 0.0 ], [ 106.619749999962693, -6.679470000240109, 0.0 ], [ 106.619790000008635, -6.679379999687054, 0.0 ], [ 106.620010000261487, -6.679249999987338, 0.0 ], [ 106.620159999984182, -6.679189999918336, 0.0 ], [ 106.620260000099123, -6.67908999980348, 0.0 ], [ 106.620280000122094, -6.679000000149706, 0.0 ], [ 106.620101999108172, -6.678872855797504, 0.0 ], [ 106.619999999800328, -6.678799999919907, 0.0 ], [ 106.619939999731415, -6.678730000289104, 0.0 ], [ 106.619890000123576, -6.678630000174248, 0.0 ], [ 106.619890000123576, -6.678559999644076, 0.0 ], [ 106.619930000169603, -6.678469999990302, 0.0 ], [ 106.620110000376343, -6.678400000359588, 0.0 ], [ 106.620260000099123, -6.678320000267703, 0.0 ], [ 106.620389999798846, -6.678200000129699, 0.0 ], [ 106.620440000305962, -6.678160000083757, 0.0 ], [ 106.620560000443874, -6.678129999599705, 0.0 ], [ 106.620599999590439, -6.678019999922959, 0.0 ], [ 106.620590000028642, -6.677910000246126, 0.0 ], [ 106.620579999567468, -6.677730000039297, 0.0 ], [ 106.620570000005671, -6.677560000293639, 0.0 ], [ 106.620520000397846, -6.677429999694553, 0.0 ], [ 106.620369999775875, -6.676959999604151, 0.0 ], [ 106.620260000099123, -6.676769999835432, 0.0 ], [ 106.620159999984182, -6.676640000135805, 0.0 ], [ 106.620170000445356, -6.6763100002062, 0.0 ], [ 106.620150000422385, -6.676179999607115, 0.0 ], [ 106.62011999993824, -6.676120000437482, 0.0 ], [ 106.620150000422385, -6.676040000345509, 0.0 ], [ 106.620269709179951, -6.676019360005316, 0.0 ], [ 106.620440000305962, -6.675989999838485, 0.0 ], [ 106.620679999682409, -6.67588000016174, 0.0 ], [ 106.620950000442392, -6.675780000046796, 0.0 ], [ 106.621089999703912, -6.675730000438964, 0.0 ], [ 106.621129999749854, -6.675679999931941, 0.0 ], [ 106.621129999749854, -6.675510000186193, 0.0 ], [ 106.621060000119044, -6.675329999979365, 0.0 ], [ 106.621009999611928, -6.675160000233706, 0.0 ], [ 106.621069999680941, -6.674969999565707, 0.0 ], [ 106.621140000211014, -6.674870000350133, 0.0 ], [ 106.621140000211014, -6.674739999751047, 0.0 ], [ 106.62104999965797, -6.67457999956719, 0.0 ], [ 106.62091000039635, -6.674469999890444, 0.0 ], [ 106.620810000281409, -6.674440000305584, 0.0 ], [ 106.620630000074669, -6.674549999982329, 0.0 ], [ 106.62046999989073, -6.674610000051331, 0.0 ], [ 106.620380000236949, -6.67457999956719, 0.0 ], [ 106.620309999706876, -6.674469999890444, 0.0 ], [ 106.620300000145065, -6.674180000006871, 0.0 ], [ 106.620349999752904, -6.674030000284095, 0.0 ], [ 106.620409999821817, -6.673970000215181, 0.0 ], [ 106.620590000028642, -6.673899999685098, 0.0 ], [ 106.620790000258438, -6.673810000031324, 0.0 ], [ 106.620950000442392, -6.673640000285577, 0.0 ], [ 106.620989999588957, -6.673560000193692, 0.0 ], [ 106.620960000004189, -6.673330000379032, 0.0 ], [ 106.620790000258438, -6.673139999711033, 0.0 ], [ 106.620710000166554, -6.673050000057259, 0.0 ], [ 106.620679999682409, -6.672940000380514, 0.0 ], [ 106.620719999728351, -6.67286000028863, 0.0 ], [ 106.620790000258438, -6.672820000242687, 0.0 ], [ 106.621149999772825, -6.673059999619149, 0.0 ], [ 106.621240000325969, -6.673119999688062, 0.0 ], [ 106.621278545268837, -6.673119999688062, 0.0 ], [ 106.621350000002707, -6.673119999688062, 0.0 ], [ 106.621439999656474, -6.67307000008023, 0.0 ], [ 106.621570000255474, -6.67286000028863, 0.0 ], [ 106.621659999909255, -6.672720000127743, 0.0 ], [ 106.621789999608964, -6.672689999643602, 0.0 ], [ 106.621869999700849, -6.672720000127743, 0.0 ], [ 106.621969999815803, -6.672849999827459, 0.0 ], [ 106.622069999930744, -6.673110000126261, 0.0 ], [ 106.622089999953715, -6.673279999871919, 0.0 ], [ 106.621989999838775, -6.673540000170721, 0.0 ], [ 106.621969999815803, -6.673680000331608, 0.0 ], [ 106.621980000276963, -6.673740000400521, 0.0 ], [ 106.622159999584511, -6.673740000400521, 0.0 ], [ 106.622330000229539, -6.673680000331608, 0.0 ], [ 106.622549999582944, -6.67352000014775, 0.0 ], [ 106.622955857327156, -6.673105300269224, 0.0 ], [ 106.62311000022649, -6.672570000405056, 0.0 ], [ 106.623299999995211, -6.671369999925361, 0.0 ], [ 106.623380000087096, -6.671100000064758, 0.0 ], [ 106.62342999969492, -6.670870000250186, 0.0 ], [ 106.623480000202036, -6.670489999813469, 0.0 ], [ 106.623477707830148, -6.670468223629502, 0.0 ], [ 106.623460000179065, -6.670300000044751, 0.0 ], [ 106.623369999625922, -6.669919999608123, 0.0 ], [ 106.623380000087096, -6.669729999839404, 0.0 ], [ 106.623460000179065, -6.669500000024833, 0.0 ], [ 106.623589999878789, -6.669259999749002, 0.0 ], [ 106.623629999924731, -6.669179999657118, 0.0 ], [ 106.623569999855718, -6.669049999957402, 0.0 ], [ 106.623469999740863, -6.668900000234625, 0.0 ], [ 106.6232900004334, -6.668679999981855, 0.0 ], [ 106.623079999742345, -6.668479999752055, 0.0 ], [ 106.62299378623446, -6.668251668179739, 0.0 ], [ 106.622972780769359, -6.668216924671224, 0.0 ], [ 106.622949594448414, -6.668188662576515, 0.0 ], [ 106.622790395560472, -6.667815159741721, 0.0 ], [ 106.622720000227972, -6.667650000147187, 0.0 ], [ 106.622609999651942, -6.667409999871445, 0.0 ], [ 106.622600000090145, -6.667189999618675, 0.0 ], [ 106.622640000136087, -6.667010000311127, 0.0 ], [ 106.622780000296885, -6.666700000404582, 0.0 ], [ 106.622909999996693, -6.666330000429035, 0.0 ], [ 106.622959999604433, -6.666150000222117, 0.0 ], [ 106.623150000272432, -6.665789999808549, 0.0 ], [ 106.623250000387372, -6.665729999739547, 0.0 ], [ 106.623320000018182, -6.665680000131715, 0.0 ], [ 106.623629999924731, -6.664860000088737, 0.0 ], [ 106.623699999555527, -6.664699999904879, 0.0 ], [ 106.6237100000167, -6.664470000090219, 0.0 ], [ 106.623660000408861, -6.664329999929421, 0.0 ], [ 106.62364000038589, -6.664129999699622, 0.0 ], [ 106.623669999970673, -6.664049999607649, 0.0 ], [ 106.623739999601469, -6.663899999884872, 0.0 ], [ 106.623669999970673, -6.663659999609131, 0.0 ], [ 106.623660000408861, -6.663589999978328, 0.0 ], [ 106.623629999924731, -6.66344999981753, 0.0 ], [ 106.623569999855718, -6.663159999933868, 0.0 ], [ 106.623569999855718, -6.662789999958321, 0.0 ], [ 106.623589999878789, -6.662430000444033, 0.0 ], [ 106.623680000431833, -6.662059999569205, 0.0 ], [ 106.623735690949545, -6.661818672793309, 0.0 ], [ 106.623770000085614, -6.661669999570687, 0.0 ], [ 106.623990000338466, -6.661009999711567, 0.0 ], [ 106.624209999691871, -6.660510000036304, 0.0 ], [ 106.624449999967709, -6.659950000292127, 0.0 ], [ 106.624550000082564, -6.659879999762044, 0.0 ], [ 106.62469999980533, -6.659750000062239, 0.0 ], [ 106.624989999688907, -6.659469999740466, 0.0 ], [ 106.625220000402848, -6.659239999925894, 0.0 ], [ 106.625459999779395, -6.659059999719066, 0.0 ], [ 106.625749999662887, -6.65870999976649, 0.0 ], [ 106.625820000193059, -6.658609999651635, 0.0 ], [ 106.625900000284943, -6.658390000298144, 0.0 ], [ 106.625860000239001, -6.658120000437542, 0.0 ], [ 106.625800000170088, -6.657789999608568, 0.0 ], [ 106.625809999731885, -6.657650000347051, 0.0 ], [ 106.626179999707432, -6.657470000140222, 0.0 ], [ 106.626379999937228, -6.657320000417535, 0.0 ], [ 106.626529999659923, -6.656910000396046, 0.0 ], [ 106.626580000167024, -6.656830000304161, 0.0 ], [ 106.626820000442862, -6.656739999751018, 0.0 ], [ 106.626910000096544, -6.656690000143186, 0.0 ], [ 106.62785999983933, -6.656500000374557, 0.0 ], [ 106.62808522785113, -6.656473187087766, 0.0 ], [ 106.628280000321894, -6.656449999867444, 0.0 ], [ 106.628610000251513, -6.656409999821413, 0.0 ], [ 106.628984644326025, -6.656325029176582, 0.0 ], [ 106.629580000017171, -6.656189999568642, 0.0 ], [ 106.629660000109055, -6.656090000353068, 0.0 ], [ 106.629740000201025, -6.656010000261094, 0.0 ], [ 106.629789999808764, -6.655950000192181, 0.0 ], [ 106.629869999900748, -6.655830000054355, 0.0 ], [ 106.629949999992718, -6.655769999985353, 0.0 ], [ 106.630050000107573, -6.655749999962381, 0.0 ], [ 106.630178083352035, -6.655745774048096, 0.0 ], [ 106.630208873440907, -6.655744757814155, 0.0 ], [ 106.630432139132083, -6.656380895961469, 0.0 ], [ 106.630743491618986, -6.656901751814228, 0.0 ], [ 106.631002349778782, -6.657599689573814, 0.0 ], [ 106.631040132096587, -6.658324894777969, 0.0 ], [ 106.630796836704761, -6.659661364680094, 0.0 ], [ 106.630600000289945, -6.659979999876988, 0.0 ], [ 106.630471437706788, -6.660246240571368, 0.0 ], [ 106.630527673213706, -6.661201367349037, 0.0 ], [ 106.630228969691345, -6.661407917341347, 0.0 ], [ 106.630209981405741, -6.661441244417734, 0.0 ], [ 106.63012288926015, -6.66147900964841, 0.0 ], [ 106.629889999923719, -6.661579999916913, 0.0 ], [ 106.629725340352408, -6.662026644613785, 0.0 ], [ 106.629859618127085, -6.662503858166371, 0.0 ], [ 106.630086455925408, -6.663327421323331, 0.0 ], [ 106.630110333825058, -6.663414114169921, 0.0 ], [ 106.630350919559504, -6.663935202947115, 0.0 ], [ 106.630653345375805, -6.664429551282538, 0.0 ], [ 106.63091941969563, -6.664632118177529, 0.0 ], [ 106.631283158591074, -6.664940508297637, 0.0 ], [ 106.631522605783815, -6.665116626131198, 0.0 ], [ 106.631569750943413, -6.665314527343416, 0.0 ], [ 106.631728948032702, -6.665982800065997, 0.0 ], [ 106.631580513130388, -6.66657593712964, 0.0 ] ] ] ] } },
{ "type": "Feature", "properties": { "PROVNO": "32", "KABKOTNO": "01", "KECNO": "030", "DESANO": "002", "PROVINSI": "JAWA BARAT", "KABKOT": "BOGOR", "KECAMATAN": "PAMIJAHAN", "ID2013": "3201030002", "DESA": "PURWABAKTI", "DESA_1": "PURWABAKTI", "ID2012": "3201030002", "IDKAB2": "3201", "IDKEC_2": "3201030", "WILAYAH": "BARAT" }, "geometry": { "type": "MultiPolygon", "coordinates": [ [ [ [ 106.659209657699662, -6.731742591447301, 0.0 ], [ 106.659095993285604, -6.731781911605808, 0.0 ], [ 106.658859467090892, -6.73192304940903, 0.0 ], [ 106.658661097331958, -6.732209627372256, 0.0 ], [ 106.658615300256045, -6.732342664082527, 0.0 ], [ 106.658561912002853, -6.732509552173962, 0.0 ], [ 106.658470367313782, -6.7327556048871, 0.0 ], [ 106.658310152191902, -6.733127052771106, 0.0 ], [ 106.658043112000158, -6.733667807922785, 0.0 ], [ 106.657875279620612, -6.733998247620878, 0.0 ], [ 106.657509054999053, -6.734724002310735, 0.0 ], [ 106.657158109859083, -6.735458798784357, 0.0 ], [ 106.657005511994953, -6.735799756953078, 0.0 ], [ 106.656784267979759, -6.736375742146574, 0.0 ], [ 106.656662184112662, -6.736972280446221, 0.0 ], [ 106.656616412217844, -6.737660361636202, 0.0 ], [ 106.656585897321463, -6.73779864499128, 0.0 ], [ 106.65637229394639, -6.738437594419313, 0.0 ], [ 106.656135767751664, -6.738960213842606, 0.0 ], [ 106.656013684783929, -6.739310675147383, 0.0 ], [ 106.655952654991239, -6.739833318852408, 0.0 ], [ 106.656021325423964, -6.740077438023242, 0.0 ], [ 106.656318881411451, -6.74074022757928, 0.0 ], [ 106.656341754768349, -6.740822270031579, 0.0 ], [ 106.656387526663167, -6.741093590096927, 0.0 ], [ 106.656471479275496, -6.741245221189853, 0.0 ], [ 106.656578280963075, -6.741355360261494, 0.0 ], [ 106.656715596647672, -6.741613817323646, 0.0 ], [ 106.657165727116748, -6.742526963748254, 0.0 ], [ 106.657409868770657, -6.743187844043632, 0.0 ], [ 106.657592982430373, -6.74387926261776, 0.0 ], [ 106.657614336832353, -6.74412551228242, 0.0 ], [ 106.657692142578455, -6.745022720921625, 0.0 ], [ 106.65757772543185, -6.74558444016963, 0.0 ], [ 106.657356479618016, -6.746094656143367, 0.0 ], [ 106.656929225203754, -6.746734572342419, 0.0 ], [ 106.656555383324445, -6.747188497051351, 0.0 ], [ 106.656051840320345, -6.747749272910522, 0.0 ], [ 106.654930312883835, -6.748516495339842, 0.0 ], [ 106.654098724176947, -6.748739189961519, 0.0 ], [ 106.648295502435673, -6.749031412969178, 0.0 ], [ 106.647934155736891, -6.749049606254189, 0.0 ], [ 106.647629007672734, -6.749107781598731, 0.0 ], [ 106.647110184287769, -6.749065347087893, 0.0 ], [ 106.646988124702403, -6.749052458903684, 0.0 ], [ 106.646973897427571, -6.749047778831798, 0.0 ], [ 106.646843166579032, -6.749004776848846, 0.0 ], [ 106.646522738133996, -6.748843619237501, 0.0 ], [ 106.645920009800804, -6.748735390325891, 0.0 ], [ 106.645523293665221, -6.748759690007535, 0.0 ], [ 106.645332540264675, -6.748766847711654, 0.0 ], [ 106.644966338126196, -6.748795452448011, 0.0 ], [ 106.644577238349001, -6.748818350086641, 0.0 ], [ 106.644409382587085, -6.748795911102281, 0.0 ], [ 106.644180497931856, -6.74877209435655, 0.0 ], [ 106.643921121762602, -6.748788777679806, 0.0 ], [ 106.643470993091995, -6.748850775142969, 0.0 ], [ 106.643356525583371, -6.748842191114104, 0.0 ], [ 106.642906396013487, -6.749037683941808, 0.0 ], [ 106.642761438789577, -6.749086332767931, 0.0 ], [ 106.642517297135754, -6.749046267071392, 0.0 ], [ 106.642296052221184, -6.749022908979931, 0.0 ], [ 106.641929850981981, -6.74922316641581, 0.0 ], [ 106.64173148032377, -6.749254648083394, 0.0 ], [ 106.641594138558872, -6.749319981132054, 0.0 ], [ 106.641502594769079, -6.749411524921758, 0.0 ], [ 106.641456822874275, -6.74969525023549, 0.0 ], [ 106.641418667337774, -6.749878821650181, 0.0 ], [ 106.641380511801344, -6.749999938746001, 0.0 ], [ 106.641334739906455, -6.750137763446808, 0.0 ], [ 106.641311841368548, -6.75021738672287, 0.0 ], [ 106.64112113563209, -6.750344233399499, 0.0 ], [ 106.640907507975285, -6.750524469228694, 0.0 ], [ 106.640548923094471, -6.750930736164342, 0.0 ], [ 106.640472636303286, -6.751021821299865, 0.0 ], [ 106.640182696674259, -6.751214437196342, 0.0 ], [ 106.639938555020436, -6.751220166777063, 0.0 ], [ 106.639610509317748, -6.75111000432306, 0.0 ], [ 106.639267181435443, -6.751022279954135, 0.0 ], [ 106.639251924436934, -6.75101631924754, 0.0 ], [ 106.639236665639771, -6.751010359440404, 0.0 ], [ 106.639168368425672, -6.751073311084301, 0.0 ], [ 106.639040736640879, -6.751022771883211, 0.0 ], [ 106.638604244390535, -6.751024239576822, 0.0 ], [ 106.638022904633587, -6.751220128106219, 0.0 ], [ 106.637393719144981, -6.751610111017694, 0.0 ], [ 106.637050394859983, -6.751901105551408, 0.0 ], [ 106.636696079960345, -6.751982624598298, 0.0 ], [ 106.636512967199835, -6.752063214645467, 0.0 ], [ 106.636314597440901, -6.752168107072389, 0.0 ], [ 106.636139125320511, -6.752211026317614, 0.0 ], [ 106.636070478270156, -6.752209599093586, 0.0 ], [ 106.635902623407532, -6.752374577024991, 0.0 ], [ 106.635666097212805, -6.753030693611475, 0.0 ], [ 106.635505882090925, -6.75333398007897, 0.0 ], [ 106.635322793612232, -6.753586705761663, 0.0 ], [ 106.634933693835038, -6.753951480676115, 0.0 ], [ 106.634918436836614, -6.753960547640983, 0.0 ], [ 106.634903178938742, -6.7539696164045, 0.0 ], [ 106.634868911171537, -6.753996587072688, 0.0 ], [ 106.634865023402227, -6.753999646566324, 0.0 ], [ 106.634853574133317, -6.754007746759996, 0.0 ], [ 106.634842124864321, -6.754015846953578, 0.0 ], [ 106.634659012103896, -6.754121222316414, 0.0 ], [ 106.634582725312697, -6.754166076003489, 0.0 ], [ 106.634262295968398, -6.754316255590567, 0.0 ], [ 106.634186009177114, -6.754350590806926, 0.0 ], [ 106.633766370221977, -6.754516536408897, 0.0 ], [ 106.633392527443377, -6.754737780424094, 0.0 ], [ 106.633102637277105, -6.754876088060904, 0.0 ], [ 106.632581052074073, -6.754976233865975, 0.0 ], [ 106.632141324063014, -6.754917097146187, 0.0 ], [ 106.631981108941218, -6.754965721690578, 0.0 ], [ 106.631744583645769, -6.754997662911624, 0.0 ], [ 106.631218167284786, -6.754934722958907, 0.0 ], [ 106.63090535429879, -6.754743992940728, 0.0 ], [ 106.630874863684213, -6.754563733729171, 0.0 ], [ 106.630813809609805, -6.754330592582605, 0.0 ], [ 106.630752779817115, -6.754001071991702, 0.0 ], [ 106.63072226492082, -6.753916201171553, 0.0 ], [ 106.630539153059672, -6.753408862129131, 0.0 ], [ 106.630516253622389, -6.753255780429726, 0.0 ], [ 106.630493355983759, -6.753130843913127, 0.0 ], [ 106.630455224728991, -6.752885757971185, 0.0 ], [ 106.630363680040006, -6.752649231776466, 0.0 ], [ 106.630165310281072, -6.752357891003715, 0.0 ], [ 106.629982196621285, -6.752228674613505, 0.0 ], [ 106.628624191553413, -6.752067491821148, 0.0 ], [ 106.628605115134121, -6.752065111315666, 0.0 ], [ 106.628586036916275, -6.752062729011623, 0.0 ], [ 106.628380024718496, -6.752067491821148, 0.0 ], [ 106.628158780703387, -6.752072739365236, 0.0 ], [ 106.628021465018776, -6.752006462028461, 0.0 ], [ 106.627815452821082, -6.751812396424786, 0.0 ], [ 106.627693369853347, -6.751667438301503, 0.0 ], [ 106.627617083062063, -6.751548691818545, 0.0 ], [ 106.627525539272355, -6.751251619666334, 0.0 ], [ 106.627426378224897, -6.751216341061141, 0.0 ], [ 106.626854164788, -6.751122426658487, 0.0 ], [ 106.626716823922465, -6.751150064623648, 0.0 ], [ 106.626503196265659, -6.751218251221172, 0.0 ], [ 106.62633536478539, -6.751187253388871, 0.0 ], [ 106.626159869282731, -6.751155795103738, 0.0 ], [ 106.625885210933944, -6.751161985137379, 0.0 ], [ 106.625755535889382, -6.751099045184574, 0.0 ], [ 106.625618195023861, -6.75097316527923, 0.0 ], [ 106.625122292659881, -6.75039285164857, 0.0 ], [ 106.625099395021167, -6.7503022512477, 0.0 ], [ 106.625000209692061, -6.74999947199785, 0.0 ], [ 106.624389865899758, -6.74958747368283, 0.0 ], [ 106.623520098274099, -6.74916546501402, 0.0 ], [ 106.622955549759055, -6.748986171674378, 0.0 ], [ 106.622352822325041, -6.74887985382199, 0.0 ], [ 106.621338095676734, -6.748774938012883, 0.0 ], [ 106.620865069367682, -6.748776364337541, 0.0 ], [ 106.620514313085266, -6.748785910641111, 0.0 ], [ 106.619865624898893, -6.748803566131514, 0.0 ], [ 106.617927765753919, -6.748976160421307, 0.0 ], [ 106.616066195198883, -6.749095364659166, 0.0 ], [ 106.614013892827103, -6.749305171995914, 0.0 ], [ 106.612098908837766, -6.74928468993631, 0.0 ], [ 106.61061879562115, -6.749232702826848, 0.0 ], [ 106.609047163795765, -6.749123966697503, 0.0 ], [ 106.607429734894552, -6.74914829066088, 0.0 ], [ 106.605781766815213, -6.749229824096972, 0.0 ], [ 106.604042254046988, -6.749295640081545, 0.0 ], [ 106.602318022558819, -6.74917691698095, 0.0 ], [ 106.600647206303691, -6.74901907067337, 0.0 ], [ 106.599075549297282, -6.748796376051782, 0.0 ], [ 106.597839578633781, -6.748535088823129, 0.0 ], [ 106.596351849958069, -6.748103529354257, 0.0 ], [ 106.595833049955459, -6.747795019624316, 0.0 ], [ 106.595367639105433, -6.747429277039299, 0.0 ], [ 106.594848863384556, -6.746990585047321, 0.0 ], [ 106.59401725039595, -6.746333041236721, 0.0 ], [ 106.593322978273051, -6.745919157043314, 0.0 ], [ 106.592544755336377, -6.745481406641431, 0.0 ], [ 106.591293551056722, -6.744898240361366, 0.0 ], [ 106.590477220247735, -6.744558248963841, 0.0 ], [ 106.589988935141434, -6.744315532735481, 0.0 ], [ 106.588958952393895, -6.743731423066581, 0.0 ], [ 106.588440152391286, -6.743369477419261, 0.0 ], [ 106.587925869683318, -6.742931727916748, 0.0 ], [ 106.588140000061102, -6.742629999974383, 0.0 ], [ 106.588420000382868, -6.742289999583608, 0.0 ], [ 106.588859999989126, -6.741910000046261, 0.0 ], [ 106.589060000219021, -6.741760000323573, 0.0 ], [ 106.589180000356933, -6.741680000231689, 0.0 ], [ 106.589339999641425, -6.741580000116745, 0.0 ], [ 106.58980000017003, -6.741399999909916, 0.0 ], [ 106.590059999569547, -6.7412700002102, 0.0 ], [ 106.590359999914284, -6.741139999611114, 0.0 ], [ 106.59095999970441, -6.740860000188711, 0.0 ], [ 106.591136244342323, -6.740759970396173, 0.0 ], [ 106.591329999679957, -6.74065000039711, 0.0 ], [ 106.591440000255986, -6.740590000328108, 0.0 ], [ 106.591619999563449, -6.74041999968308, 0.0 ], [ 106.591779999747388, -6.740319999568136, 0.0 ], [ 106.591828162939493, -6.740290682568819, 0.0 ], [ 106.592009999561952, -6.740180000306619, 0.0 ], [ 106.592209999791848, -6.739779999846931, 0.0 ], [ 106.592320000367963, -6.739739999800989, 0.0 ], [ 106.592450000067586, -6.73977000028513, 0.0 ], [ 106.592570000205512, -6.739750000262159, 0.0 ], [ 106.59267999988225, -6.739659999709016, 0.0 ], [ 106.592800000020162, -6.739480000401556, 0.0 ], [ 106.592960000204016, -6.739169999595642, 0.0 ], [ 106.593009999811855, -6.739079999941868, 0.0 ], [ 106.59317999955752, -6.73891000019621, 0.0 ], [ 106.593330000179577, -6.738640000335607, 0.0 ], [ 106.593569999556024, -6.738409999621666, 0.0 ], [ 106.593889999923746, -6.738150000222145, 0.0 ], [ 106.594059999669412, -6.738099999715033, 0.0 ], [ 106.594460000129089, -6.737979999577117, 0.0 ], [ 106.594640000335914, -6.737929999969374, 0.0 ], [ 106.594759999574464, -6.737909999946403, 0.0 ], [ 106.595149999572982, -6.737729999739575, 0.0 ], [ 106.595619999663384, -6.737490000363024, 0.0 ], [ 106.595949999592989, -6.737319999718085, 0.0 ], [ 106.596499999775375, -6.737080000341535, 0.0 ], [ 106.596820000143083, -6.736989999788481, 0.0 ], [ 106.597170000095659, -6.736929999719568, 0.0 ], [ 106.597569999655974, -6.737020000272622, 0.0 ], [ 106.59776999988577, -6.737040000295593, 0.0 ], [ 106.598030000184494, -6.737049999857483, 0.0 ], [ 106.598053842111327, -6.737043377249865, 0.0 ], [ 106.598210000391319, -6.737000000249651, 0.0 ], [ 106.598520000297952, -6.736889999673537, 0.0 ], [ 106.598640000435864, -6.736900000134707, 0.0 ], [ 106.598779999697385, -6.736989999788481, 0.0 ], [ 106.598839999766383, -6.737109999926396, 0.0 ], [ 106.599069999580962, -6.737020000272622, 0.0 ], [ 106.599450000017669, -6.736889999673537, 0.0 ], [ 106.59988999962394, -6.736730000389048, 0.0 ], [ 106.600189999968677, -6.736439999606105, 0.0 ], [ 106.600359999714428, -6.736410000021333, 0.0 ], [ 106.600649999598005, -6.736439999606105, 0.0 ], [ 106.600709999666918, -6.736450000067276, 0.0 ], [ 106.600889999873743, -6.73634999995242, 0.0 ], [ 106.601010000011655, -6.736249999837476, 0.0 ], [ 106.601059999619494, -6.736089999653618, 0.0 ], [ 106.60115999973435, -6.7358999998849, 0.0 ], [ 106.601379999987117, -6.7356900000933, 0.0 ], [ 106.601480000102057, -6.735589999978355, 0.0 ], [ 106.601600000239984, -6.735560000393583, 0.0 ], [ 106.601652747276674, -6.735560000393583, 0.0 ], [ 106.601950000192545, -6.735560000393583, 0.0 ], [ 106.602119999938211, -6.735619999563127, 0.0 ], [ 106.602349999752875, -6.7356999996551, 0.0 ], [ 106.602429999844759, -6.735650000047357, 0.0 ], [ 106.602429999844759, -6.735560000393583, 0.0 ], [ 106.602420000282962, -6.735159999933895, 0.0 ], [ 106.60248000035196, -6.734950000142206, 0.0 ], [ 106.602579999567524, -6.734919999658064, 0.0 ], [ 106.602814165941197, -6.734874565009044, 0.0 ], [ 106.602836425960447, -6.734870245565219, 0.0 ], [ 106.603051504223743, -6.734828514324267, 0.0 ], [ 106.603249999887737, -6.734789999958348, 0.0 ], [ 106.603260000348911, -6.734700000304574, 0.0 ], [ 106.603180000257026, -6.734230000214172, 0.0 ], [ 106.603309999956736, -6.734040000445543, 0.0 ], [ 106.603719999978225, -6.733650000447025, 0.0 ], [ 106.603860000139107, -6.733599999939912, 0.0 ], [ 106.604080000391889, -6.733570000355051, 0.0 ], [ 106.604370000275452, -6.73355999989397, 0.0 ], [ 106.604430000344365, -6.733459999779026, 0.0 ], [ 106.604390000298423, -6.733359999664081, 0.0 ], [ 106.604250000137625, -6.733220000402564, 0.0 ], [ 106.604250000137625, -6.733129999849421, 0.0 ], [ 106.604319999768336, -6.732850000427018, 0.0 ], [ 106.604430000344365, -6.732710000266131, 0.0 ], [ 106.604490647025912, -6.732710000266131, 0.0 ], [ 106.604529999559944, -6.732710000266131, 0.0 ], [ 106.604829999904695, -6.732750000312073, 0.0 ], [ 106.604939999581518, -6.73269000024316, 0.0 ], [ 106.60525999994924, -6.732400000359586, 0.0 ], [ 106.605329999579951, -6.732180000106815, 0.0 ], [ 106.605420000133094, -6.731779999647127, 0.0 ], [ 106.605380000087152, -6.731719999578125, 0.0 ], [ 106.605349999603007, -6.731420000132751, 0.0 ], [ 106.60530999955698, -6.731159999833949, 0.0 ], [ 106.605301991094194, -6.731128690836243, 0.0 ], [ 106.605199999880227, -6.730729999789489, 0.0 ], [ 106.605070000180518, -6.730510000435999, 0.0 ], [ 106.604939999581518, -6.730230000114226, 0.0 ], [ 106.604990000088634, -6.730089999953339, 0.0 ], [ 106.605159999834285, -6.730089999953339, 0.0 ], [ 106.605290000433371, -6.730120000437481, 0.0 ], [ 106.605669999970729, -6.730170000045312, 0.0 ], [ 106.605739999601525, -6.730109999976399, 0.0 ], [ 106.605750000062613, -6.729969999815424, 0.0 ], [ 106.605680000431803, -6.729860000138768, 0.0 ], [ 106.605520000247949, -6.729699999954821, 0.0 ], [ 106.605299999995182, -6.729459999679079, 0.0 ], [ 106.605279999972211, -6.729309999956392, 0.0 ], [ 106.605279999972211, -6.729160000233705, 0.0 ], [ 106.605279999972211, -6.729089999703532, 0.0 ], [ 106.605290000433371, -6.728549999982327, 0.0 ], [ 106.605290000433371, -6.728449999867472, 0.0 ], [ 106.605291828755043, -6.728382323185524, 0.0 ], [ 106.605299999995182, -6.728079999891925, 0.0 ], [ 106.605360000064181, -6.72797000021518, 0.0 ], [ 106.605489999763805, -6.727899999685096, 0.0 ], [ 106.605629999924787, -6.727919999708067, 0.0 ], [ 106.606340000290928, -6.728240000075782, 0.0 ], [ 106.606469999990651, -6.72820000002984, 0.0 ], [ 106.606570000105592, -6.728050000307153, 0.0 ], [ 106.606579999667389, -6.727899999685096, 0.0 ], [ 106.606510000036593, -6.727660000308635, 0.0 ], [ 106.606340000290928, -6.727179999757062, 0.0 ], [ 106.606400000359841, -6.727130000149231, 0.0 ], [ 106.606610000151534, -6.72713999971112, 0.0 ], [ 106.606859999989155, -6.72711000012626, 0.0 ], [ 106.606989999688878, -6.727019999573116, 0.0 ], [ 106.607040000196079, -6.726920000357541, 0.0 ], [ 106.607209999941745, -6.72647000029011, 0.0 ], [ 106.607270000010658, -6.726410000221197, 0.0 ], [ 106.607399999710367, -6.726299999645082, 0.0 ], [ 106.607590000378366, -6.726160000383565, 0.0 ], [ 106.607709999617001, -6.726009999761509, 0.0 ], [ 106.607709999617001, -6.725909999646564, 0.0 ], [ 106.607660000009162, -6.72584000001585, 0.0 ], [ 106.607339999641454, -6.725429999994361, 0.0 ], [ 106.607339999641454, -6.725260000248614, 0.0 ], [ 106.607410000171541, -6.725120000087728, 0.0 ], [ 106.607619999963219, -6.724890000273156, 0.0 ], [ 106.607940000330942, -6.72454000032058, 0.0 ], [ 106.608139999661461, -6.724389999698612, 0.0 ], [ 106.608199999730374, -6.724386000413443, 0.0 ], [ 106.608290000283432, -6.724380000136723, 0.0 ], [ 106.60876000037392, -6.724360000113752, 0.0 ], [ 106.608950000142556, -6.724239999975836, 0.0 ], [ 106.60919000041838, -6.723999999700094, 0.0 ], [ 106.609320000118089, -6.723800000369575, 0.0 ], [ 106.609289999633958, -6.723709999816521, 0.0 ], [ 106.609079999842265, -6.723410000371057, 0.0 ], [ 106.60883000000463, -6.723210000141258, 0.0 ], [ 106.608820000442833, -6.723060000418482, 0.0 ], [ 106.608879999612469, -6.722840000165711, 0.0 ], [ 106.609019999773352, -6.722639999935911, 0.0 ], [ 106.60911000032641, -6.72261999991294, 0.0 ], [ 106.609269999610987, -6.722650000397081, 0.0 ], [ 106.609389999748899, -6.722760000073738, 0.0 ], [ 106.609529999909697, -6.722949999842456, 0.0 ], [ 106.609750000162563, -6.723279999771972, 0.0 ], [ 106.609890000323446, -6.723270000210171, 0.0 ], [ 106.609979999977213, -6.723090000003342, 0.0 ], [ 106.610080000092154, -6.722909999796514, 0.0 ], [ 106.610120000138096, -6.722849999727512, 0.0 ], [ 106.610439999606456, -6.722510000236195, 0.0 ], [ 106.61069999990525, -6.722289999983335, 0.0 ], [ 106.61082999960496, -6.722229999914422, 0.0 ], [ 106.61102999983477, -6.722249999937393, 0.0 ], [ 106.61139000024852, -6.722260000398563, 0.0 ], [ 106.611780000247023, -6.722220000352621, 0.0 ], [ 106.611889999923775, -6.722390000098279, 0.0 ], [ 106.611959999554486, -6.722479999752053, 0.0 ], [ 106.611959999554486, -6.722610000351139, 0.0 ], [ 106.611820000292965, -6.722869999750483, 0.0 ], [ 106.611700000155054, -6.723069999980371, 0.0 ], [ 106.611519999948229, -6.723379999886916, 0.0 ], [ 106.611450000317433, -6.723769999885434, 0.0 ], [ 106.611459999879315, -6.723890000023349, 0.0 ], [ 106.611470000340404, -6.72411999983801, 0.0 ], [ 106.611550000432374, -6.724369999675552, 0.0 ], [ 106.611649999647938, -6.724520000297609, 0.0 ], [ 106.611880000361879, -6.724719999628128, 0.0 ], [ 106.612380000037149, -6.724950000342069, 0.0 ], [ 106.612629999874784, -6.7249900003881, 0.0 ], [ 106.612910000196464, -6.72497999992693, 0.0 ], [ 106.61311000042636, -6.724899999834957, 0.0 ], [ 106.613220000103098, -6.72475999967407, 0.0 ], [ 106.613240000126069, -6.724629999974354, 0.0 ], [ 106.613189999618953, -6.724380000136723, 0.0 ], [ 106.613070000380418, -6.72366999977049, 0.0 ], [ 106.61311000042636, -6.723410000371057, 0.0 ], [ 106.613160000034185, -6.723090000003342, 0.0 ], [ 106.613189999618953, -6.722949999842456, 0.0 ], [ 106.613269999710923, -6.722390000098279, 0.0 ], [ 106.613289999733894, -6.722189999868391, 0.0 ], [ 106.613349999802807, -6.722140000260648, 0.0 ], [ 106.613400000309923, -6.722109999776507, 0.0 ], [ 106.613489999963704, -6.722109999776507, 0.0 ], [ 106.613650000147558, -6.72218000030659, 0.0 ], [ 106.613750000262499, -6.722330000029366, 0.0 ], [ 106.613980000077078, -6.722659999958882, 0.0 ], [ 106.61426999996074, -6.722729999589685, 0.0 ], [ 106.614359999614422, -6.722809999681569, 0.0 ], [ 106.614550000282421, -6.723099999565232, 0.0 ], [ 106.614709999566998, -6.723450000416999, 0.0 ], [ 106.614840000166083, -6.723509999586632, 0.0 ], [ 106.615029999934706, -6.723620000162747, 0.0 ], [ 106.615090000003619, -6.723740000300573, 0.0 ], [ 106.615319999818283, -6.724239999975836, 0.0 ], [ 106.615439999956209, -6.724280000021867, 0.0 ], [ 106.615600000140063, -6.724239999975836, 0.0 ], [ 106.615609999701945, -6.724159999883952, 0.0 ], [ 106.615669999770859, -6.723609999701576, 0.0 ], [ 106.615680000231947, -6.723529999609603, 0.0 ], [ 106.615890000023725, -6.723099999565232, 0.0 ], [ 106.616010000161552, -6.723130000049284, 0.0 ], [ 106.616159999884232, -6.723139999611174, 0.0 ], [ 106.616300000045129, -6.723090000003342, 0.0 ], [ 106.616409999721867, -6.722840000165711, 0.0 ], [ 106.616560000343924, -6.722610000351139, 0.0 ], [ 106.616649999997691, -6.722510000236195, 0.0 ], [ 106.616850000227501, -6.722390000098279, 0.0 ], [ 106.617030000434326, -6.722319999568196, 0.0 ], [ 106.617360000363846, -6.722310000006395, 0.0 ], [ 106.617442667844969, -6.722322718218745, 0.0 ], [ 106.61749000006364, -6.722330000029366, 0.0 ], [ 106.617639999786334, -6.722410000121251, 0.0 ], [ 106.61777000038542, -6.722519999797996, 0.0 ], [ 106.618399999760399, -6.723099999565232, 0.0 ], [ 106.618880000311975, -6.723470000439971, 0.0 ], [ 106.619070000080598, -6.723560000093745, 0.0 ], [ 106.619118955575544, -6.723553723725253, 0.0 ], [ 106.619460000079116, -6.723509999586632, 0.0 ], [ 106.619660000308926, -6.723489999563661, 0.0 ], [ 106.619919999708344, -6.723580000116716, 0.0 ], [ 106.620019999823299, -6.723609999701576, 0.0 ], [ 106.620117507017525, -6.723539307592787, 0.0 ], [ 106.620420000282891, -6.723319999818003, 0.0 ], [ 106.620520000397846, -6.723270000210171, 0.0 ], [ 106.620639999636467, -6.723299999795032, 0.0 ], [ 106.620839999866277, -6.723390000348086, 0.0 ], [ 106.62093000041942, -6.723379999886916, 0.0 ], [ 106.621240000325969, -6.723199999680087, 0.0 ], [ 106.621320000417853, -6.723170000095227, 0.0 ], [ 106.621510000186561, -6.723170000095227, 0.0 ], [ 106.621740000001225, -6.723199999680087, 0.0 ], [ 106.621960000253992, -6.723159999634145, 0.0 ], [ 106.622310000206568, -6.723020000372539, 0.0 ], [ 106.622379999837278, -6.722969999865427, 0.0 ], [ 106.622560000044118, -6.722809999681569, 0.0 ], [ 106.622809999881753, -6.722579999866909, 0.0 ], [ 106.622909999996693, -6.722490000213135, 0.0 ], [ 106.623090000203518, -6.722499999775025, 0.0 ], [ 106.623320000018182, -6.722650000397081, 0.0 ], [ 106.623500000225008, -6.722789999658598, 0.0 ], [ 106.623669999970673, -6.722940000280655, 0.0 ], [ 106.623779999647496, -6.723000000349568, 0.0 ], [ 106.623899999785323, -6.723000000349568, 0.0 ], [ 106.6241899996689, -6.722929999819485, 0.0 ], [ 106.624320000267986, -6.72282999970454, 0.0 ], [ 106.624539999621476, -6.722579999866909, 0.0 ], [ 106.624719999828301, -6.722350000052337, 0.0 ], [ 106.624770000335417, -6.722080000191646, 0.0 ], [ 106.624710000266504, -6.721949999592649, 0.0 ], [ 106.624479999552563, -6.721610000101244, 0.0 ], [ 106.624309999806812, -6.721469999940357, 0.0 ], [ 106.624140000061161, -6.721249999687586, 0.0 ], [ 106.624129999599987, -6.72113000044904, 0.0 ], [ 106.6241899996689, -6.721019999872926, 0.0 ], [ 106.624389999898796, -6.720910000196181, 0.0 ], [ 106.624659999759302, -6.720750000012323, 0.0 ], [ 106.625000000150081, -6.720569999805495, 0.0 ], [ 106.625310000056629, -6.720110000176174, 0.0 ], [ 106.625530000309396, -6.719940000430515, 0.0 ], [ 106.625829999754856, -6.719510000386055, 0.0 ], [ 106.626040000445826, -6.719089999903396, 0.0 ], [ 106.62627000026049, -6.718730000389019, 0.0 ], [ 106.626620000212966, -6.718410000021304, 0.0 ], [ 106.626879999612498, -6.718399999560134, 0.0 ], [ 106.627190000418324, -6.718389999998333, 0.0 ], [ 106.627730000139621, -6.718309999906449, 0.0 ], [ 106.627839999816359, -6.718309999906449, 0.0 ], [ 106.628240000275952, -6.718470000090306, 0.0 ], [ 106.628750000412396, -6.718650000297046, 0.0 ], [ 106.629430000294491, -6.719000000249622, 0.0 ], [ 106.629829999854806, -6.719210000041311, 0.0 ], [ 106.630103364978496, -6.719055489319228, 0.0 ], [ 106.630290000383411, -6.71894999974251, 0.0 ], [ 106.630649999897784, -6.718719999927849, 0.0 ], [ 106.631050000357376, -6.718360000413561, 0.0 ], [ 106.631180000057185, -6.717939999930902, 0.0 ], [ 106.631309999756894, -6.717159999933866, 0.0 ], [ 106.631429999894721, -6.716740000350576, 0.0 ], [ 106.6318543243178, -6.716132634213547, 0.0 ], [ 106.631940000031165, -6.716009999961372, 0.0 ], [ 106.632129999799787, -6.715929999869488, 0.0 ], [ 106.632590000328392, -6.716029999984343, 0.0 ], [ 106.633470000440369, -6.716050000007314, 0.0 ], [ 106.633879999562495, -6.715789999708512, 0.0 ], [ 106.633979999677436, -6.715590000377993, 0.0 ], [ 106.63399000013861, -6.715339999641081, 0.0 ], [ 106.633910000046626, -6.715049999757507, 0.0 ], [ 106.633520000048122, -6.714539999621163, 0.0 ], [ 106.633150000072661, -6.714059999968871, 0.0 ], [ 106.633160792836492, -6.713930481406418, 0.0 ], [ 106.633179999657429, -6.713699999555125, 0.0 ], [ 106.633439999956138, -6.713340000040837, 0.0 ], [ 106.633959999654465, -6.712990000088261, 0.0 ], [ 106.634380000137043, -6.712780000296661, 0.0 ], [ 106.634770000135546, -6.712560000043801, 0.0 ], [ 106.635019999973181, -6.712219999653115, 0.0 ], [ 106.635019999973181, -6.71188999972351, 0.0 ], [ 106.634770000135546, -6.711539999771023, 0.0 ], [ 106.634409999721896, -6.711129999749534, 0.0 ], [ 106.6343400000911, -6.71059999959013, 0.0 ], [ 106.634529999859808, -6.710320000167727, 0.0 ], [ 106.634790000158517, -6.710220000052782, 0.0 ], [ 106.634950000342471, -6.710159999983869, 0.0 ], [ 106.635120000088037, -6.709939999731009, 0.0 ], [ 106.635229999764874, -6.709620000262664, 0.0 ], [ 106.635439999556567, -6.70931999991792, 0.0 ], [ 106.635659999809334, -6.709199999780004, 0.0 ], [ 106.635960000154085, -6.709350000402061, 0.0 ], [ 106.636490000313387, -6.709720000377519, 0.0 ], [ 106.636920000357946, -6.70997999977704, 0.0 ], [ 106.637150000172511, -6.710050000307124, 0.0 ], [ 106.637547032869463, -6.709595364234513, 0.0 ], [ 106.637838132623898, -6.709262027820131, 0.0 ], [ 106.638035799113027, -6.708863469873041, 0.0 ], [ 106.638246226981934, -6.708780847358078, 0.0 ], [ 106.638375457761342, -6.708920850216895, 0.0 ], [ 106.638563294660528, -6.709084061879746, 0.0 ], [ 106.638727331001661, -6.709130325703807, 0.0 ], [ 106.638844152036114, -6.709059718131307, 0.0 ], [ 106.638948759377925, -6.708837013617099, 0.0 ], [ 106.638948262952169, -6.708688619184269, 0.0 ], [ 106.638947389710438, -6.708427418290555, 0.0 ], [ 106.638782767910598, -6.708205613098386, 0.0 ], [ 106.638476741208834, -6.707703411882751, 0.0 ], [ 106.638440333055101, -6.707317339223664, 0.0 ], [ 106.638533078339094, -6.707047862768469, 0.0 ], [ 106.638836562657389, -6.706789385921255, 0.0 ], [ 106.639083122588175, -6.707010915920844, 0.0 ], [ 106.639282195616985, -6.707033657077446, 0.0 ], [ 106.639469250106032, -6.706962814781861, 0.0 ], [ 106.639574092170761, -6.706810326635129, 0.0 ], [ 106.639678775954891, -6.706611027876477, 0.0 ], [ 106.639607603608198, -6.706330397130014, 0.0 ], [ 106.63980577731499, -6.706083974795476, 0.0 ], [ 106.640146097864317, -6.706340299564975, 0.0 ], [ 106.640427226835271, -6.7063978750617, 0.0 ], [ 106.640696180784246, -6.706315054695846, 0.0 ], [ 106.640671673359265, -6.705987456855524, 0.0 ], [ 106.640787672413367, -6.70567109244681, 0.0 ], [ 106.640751536754195, -6.705366938133519, 0.0 ], [ 106.640569999605944, -6.704829999704511, 0.0 ], [ 106.640596273299565, -6.704442930596635, 0.0 ], [ 106.641119999788316, -6.704040000145675, 0.0 ], [ 106.641154844020974, -6.703740342442668, 0.0 ], [ 106.641170000295432, -6.703610000101303, 0.0 ], [ 106.641050000157605, -6.702959999803983, 0.0 ], [ 106.641035053425128, -6.702639222421993, 0.0 ], [ 106.641326868140638, -6.702392487123401, 0.0 ], [ 106.641607249774992, -6.702227708841537, 0.0 ], [ 106.641793519155797, -6.701922811688235, 0.0 ], [ 106.641850000177527, -6.70182000029266, 0.0 ], [ 106.641838891751604, -6.701489654124106, 0.0 ], [ 106.641593116928988, -6.701502178982235, 0.0 ], [ 106.6412891676611, -6.701620223993956, 0.0 ], [ 106.640902771246061, -6.701586406787143, 0.0 ], [ 106.640656526977253, -6.701458498011128, 0.0 ], [ 106.640629999674857, -6.701259999649114, 0.0 ], [ 106.640678528891144, -6.701037120666378, 0.0 ], [ 106.640982595970215, -6.70095418518736, 0.0 ], [ 106.641204333713148, -6.700754495223595, 0.0 ], [ 106.641356113194306, -6.700636959228081, 0.0 ], [ 106.64167121855202, -6.700355037055186, 0.0 ], [ 106.641881015996233, -6.700085170294159, 0.0 ], [ 106.64211422279331, -6.699815224392882, 0.0 ], [ 106.642323548992707, -6.699404923997889, 0.0 ], [ 106.642369195881912, -6.699053685678926, 0.0 ], [ 106.642352624074519, -6.69899064680072, 0.0 ], [ 106.642286201946803, -6.698737985869165, 0.0 ], [ 106.64181661824253, -6.698329956262263, 0.0 ], [ 106.641615944420522, -6.697827403411818, 0.0 ], [ 106.64162999992466, -6.697490000263109, 0.0 ], [ 106.641660653316663, -6.697195298723937, 0.0 ], [ 106.641835333134296, -6.696925549774182, 0.0 ], [ 106.642174473773167, -6.696830792706745, 0.0 ], [ 106.642490634935029, -6.696864844636732, 0.0 ], [ 106.642735936714274, -6.69671188794311, 0.0 ], [ 106.642859999989213, -6.696400000359617, 0.0 ], [ 106.642780409988148, -6.696009567787122, 0.0 ], [ 106.642592146810301, -6.695717626267275, 0.0 ], [ 106.642252263331414, -6.695590029556033, 0.0 ], [ 106.641947847315464, -6.695567641833069, 0.0 ], [ 106.64162009928836, -6.69556873720726, 0.0 ], [ 106.641549999832776, -6.69538999964864, 0.0 ], [ 106.641477171834211, -6.694831934346137, 0.0 ], [ 106.641440000156123, -6.694150000022283, 0.0 ], [ 106.641369999625951, -6.693329999979394, 0.0 ], [ 106.64113000024949, -6.693120000187704, 0.0 ], [ 106.640900000434826, -6.693069999680592, 0.0 ], [ 106.640430000344423, -6.692879999911874, 0.0 ], [ 106.640109999976715, -6.692289999683556, 0.0 ], [ 106.640074790619238, -6.692004519792629, 0.0 ], [ 106.640157333094663, -6.691911054151625, 0.0 ], [ 106.640447951711749, -6.69158197242993, 0.0 ], [ 106.640599650253833, -6.69144103067886, 0.0 ], [ 106.640831043118354, -6.691275999687498, 0.0 ], [ 106.640879911378988, -6.691241147360962, 0.0 ], [ 106.641347493192427, -6.691052340992556, 0.0 ], [ 106.64196755415945, -6.690956647730975, 0.0 ], [ 106.64251844017403, -6.691177162395903, 0.0 ], [ 106.642858712160006, -6.691421785187082, 0.0 ], [ 106.643198005683587, -6.691373839630845, 0.0 ], [ 106.643650000447337, -6.69066000005877, 0.0 ], [ 106.643539999871308, -6.69045999982897, 0.0 ], [ 106.643170760722185, -6.690227051137345, 0.0 ], [ 106.642398026348019, -6.69017111780267, 0.0 ], [ 106.641812573091912, -6.690114559439255, 0.0 ], [ 106.641380000087125, -6.689949999692537, 0.0 ], [ 106.641059999719403, -6.689659999809052, 0.0 ], [ 106.641015362768911, -6.689614391590695, 0.0 ], [ 106.640600000090089, -6.689189999718561, 0.0 ], [ 106.640299999745338, -6.68873999965113, 0.0 ], [ 106.640100000414819, -6.68830000004478, 0.0 ], [ 106.639840000116109, -6.68807000023012, 0.0 ], [ 106.63928000037194, -6.687820000392577, 0.0 ], [ 106.639140000210958, -6.687520000047833, 0.0 ], [ 106.639040000096102, -6.686550000282168, 0.0 ], [ 106.638960000004133, -6.686029999684564, 0.0 ], [ 106.638710000166583, -6.685550000032361, 0.0 ], [ 106.638300000145094, -6.685369999825443, 0.0 ], [ 106.637899999685402, -6.685010000311067, 0.0 ], [ 106.637489999663927, -6.684640000335609, 0.0 ], [ 106.637159999734408, -6.684219999852949, 0.0 ], [ 106.637110000126569, -6.683789999808489, 0.0 ], [ 106.637250000287452, -6.683470000340055, 0.0 ], [ 106.637569999755812, -6.683270000110255, 0.0 ], [ 106.637950000192518, -6.683140000410539, 0.0 ], [ 106.638349999752847, -6.682969999765511, 0.0 ], [ 106.638659999659382, -6.682639999835907, 0.0 ], [ 106.638682165249904, -6.68214380069573, 0.0 ], [ 106.638622072550817, -6.681781692271063, 0.0 ], [ 106.638562372855404, -6.681537332082002, 0.0 ], [ 106.638866192620839, -6.681635956234224, 0.0 ], [ 106.639200000279956, -6.681730000139243, 0.0 ], [ 106.639539999771358, -6.681990000438045, 0.0 ], [ 106.639710000416386, -6.682129999699562, 0.0 ], [ 106.639869768575096, -6.682388935201047, 0.0 ], [ 106.640359999814336, -6.683270000110255, 0.0 ], [ 106.640600000090089, -6.68358999957869, 0.0 ], [ 106.640689999743856, -6.683660000108773, 0.0 ], [ 106.640840000365912, -6.683660000108773, 0.0 ], [ 106.641019999673375, -6.683600000039771, 0.0 ], [ 106.641250000387402, -6.683459999878973, 0.0 ], [ 106.64156000029395, -6.683339999740969, 0.0 ], [ 106.641759999624469, -6.683299999695027, 0.0 ], [ 106.641830000154556, -6.683330000179168, 0.0 ], [ 106.641919999808323, -6.683470000340055, 0.0 ], [ 106.641939999831294, -6.683600000039771, 0.0 ], [ 106.641899999785352, -6.683789999808489, 0.0 ], [ 106.641710000016644, -6.684150000222147, 0.0 ], [ 106.641669999970702, -6.684239999875921, 0.0 ], [ 106.641680000431862, -6.684299999944834, 0.0 ], [ 106.641770000085643, -6.684369999575637, 0.0 ], [ 106.641939999831294, -6.684360000013836, 0.0 ], [ 106.642129999600016, -6.684250000337091, 0.0 ], [ 106.642309999806756, -6.684190000268089, 0.0 ], [ 106.642610000151507, -6.684119999738005, 0.0 ], [ 106.642679999782303, -6.684079999692063, 0.0 ], [ 106.642759999874272, -6.683840000315602, 0.0 ], [ 106.642790000358417, -6.683230000064313, 0.0 ], [ 106.642799999920214, -6.683080000341626, 0.0 ], [ 106.642839999966242, -6.683000000249653, 0.0 ], [ 106.642989999688936, -6.682900000134708, 0.0 ], [ 106.643140000310993, -6.682849999627596, 0.0 ], [ 106.643220000402877, -6.682869999650656, 0.0 ], [ 106.643290000033588, -6.682929999719569, 0.0 ], [ 106.643319999618456, -6.683029999834424, 0.0 ], [ 106.643249999987646, -6.683190000018371, 0.0 ], [ 106.643189999918732, -6.683410000271142, 0.0 ], [ 106.643270000010617, -6.683470000340055, 0.0 ], [ 106.64357999991725, -6.683510000385997, 0.0 ], [ 106.64361531269671, -6.683504423690092, 0.0 ], [ 106.643769999685887, -6.683479999901945, 0.0 ], [ 106.643880000262001, -6.683459999878973, 0.0 ], [ 106.644210000191521, -6.683490000363026, 0.0 ], [ 106.644399999960228, -6.683530000408968, 0.0 ], [ 106.644549999682923, -6.68358999957869, 0.0 ], [ 106.64476999993569, -6.68380999983146, 0.0 ], [ 106.644899999635498, -6.68399999960009, 0.0 ], [ 106.644979999727383, -6.684310000406004, 0.0 ], [ 106.645019999773325, -6.684720000427493, 0.0 ], [ 106.64505000025747, -6.68487999971207, 0.0 ], [ 106.645179999957179, -6.685039999895928, 0.0 ], [ 106.6455600003939, -6.685489999963359, 0.0 ], [ 106.64563000002461, -6.685579999617133, 0.0 ], [ 106.645719999678391, -6.685839999915935, 0.0 ], [ 106.645719999678391, -6.686057548616855, 0.0 ], [ 106.645719999678391, -6.68616000028365, 0.0 ], [ 106.645739999701362, -6.686339999591198, 0.0 ], [ 106.645759999724334, -6.686450000167223, 0.0 ], [ 106.645839999816303, -6.686479999751995, 0.0 ], [ 106.646180000207067, -6.686450000167223, 0.0 ], [ 106.646280000321923, -6.686399999660111, 0.0 ], [ 106.646360000413807, -6.686229999914453, 0.0 ], [ 106.646399999560472, -6.685969999615651, 0.0 ], [ 106.6464320289152, -6.685910516656826, 0.0 ], [ 106.646470000090645, -6.685839999915935, 0.0 ], [ 106.646530000159558, -6.685779999846932, 0.0 ], [ 106.646619999813339, -6.685750000262161, 0.0 ], [ 106.646770000435396, -6.685819999892963, 0.0 ], [ 106.646909999696902, -6.686000000099703, 0.0 ], [ 106.64700000024996, -6.68616999984545, 0.0 ], [ 106.64706999988077, -6.686459999729024, 0.0 ], [ 106.647109999926712, -6.686639999935853, 0.0 ], [ 106.647129999949684, -6.68682000014277, 0.0 ], [ 106.647169999995711, -6.686940000280597, 0.0 ], [ 106.647270000110566, -6.687029999934371, 0.0 ], [ 106.647359999764348, -6.687040000395541, 0.0 ], [ 106.647539999971173, -6.686929999819515, 0.0 ], [ 106.647709999716909, -6.686829999704571, 0.0 ], [ 106.648030000084631, -6.686740000050797, 0.0 ], [ 106.648239999876324, -6.686749999612598, 0.0 ], [ 106.64830931512293, -6.686776955891585, 0.0 ], [ 106.648420000083064, -6.68682000014277, 0.0 ], [ 106.648600000289974, -6.686989999888429, 0.0 ], [ 106.648720000427801, -6.687219999703089, 0.0 ], [ 106.648846570113292, -6.687329111748976, 0.0 ], [ 106.649010000311378, -6.687470000440001, 0.0 ], [ 106.649026547837039, -6.687497579949166, 0.0 ], [ 106.649099999965159, -6.687620000162688, 0.0 ], [ 106.649110000426319, -6.687709999816462, 0.0 ], [ 106.649070000380377, -6.687910000046351, 0.0 ], [ 106.649039999896246, -6.688130000299122, 0.0 ], [ 106.649050000357406, -6.688210000391095, 0.0 ], [ 106.649070000380377, -6.688340000090722, 0.0 ], [ 106.649180000057129, -6.688409999721525, 0.0 ], [ 106.649380000286925, -6.688480000251698, 0.0 ], [ 106.649590000078618, -6.688549999882412, 0.0 ], [ 106.649960000054165, -6.688770000135271, 0.0 ], [ 106.650069999730903, -6.688979999926872, 0.0 ], [ 106.650300000444844, -6.689049999557675, 0.0 ], [ 106.650700000005173, -6.689209999741532, 0.0 ], [ 106.650909999796852, -6.68938000038656, 0.0 ], [ 106.651090000003677, -6.689539999671048, 0.0 ], [ 106.651202429648563, -6.689660461161164, 0.0 ], [ 106.651230000164574, -6.689690000293105, 0.0 ], [ 106.651580000117065, -6.690339999691055, 0.0 ], [ 106.651580000117065, -6.690579999966886, 0.0 ], [ 106.651589999678862, -6.69088000031163, 0.0 ], [ 106.651660000209034, -6.690980000426485, 0.0 ], [ 106.651680000232005, -6.691059999619178, 0.0 ], [ 106.65176000032389, -6.691290000333119, 0.0 ], [ 106.651939999631438, -6.691629999824524, 0.0 ], [ 106.652210000391406, -6.691890000123237, 0.0 ], [ 106.652269999560957, -6.692099999914927, 0.0 ], [ 106.652300000045187, -6.692460000328584, 0.0 ], [ 106.652250000437348, -6.692650000097302, 0.0 ], [ 106.652219999953203, -6.692839999865932, 0.0 ], [ 106.652199999930232, -6.693300000394533, 0.0 ], [ 106.652289999584013, -6.693510000186222, 0.0 ], [ 106.652409999721925, -6.693690000393051, 0.0 ], [ 106.652527504241107, -6.693794447655446, 0.0 ], [ 106.65258999992875, -6.693849999677539, 0.0 ], [ 106.652759999674416, -6.694009999861485, 0.0 ], [ 106.652970000365386, -6.694239999676057, 0.0 ], [ 106.653209999741847, -6.694450000367027, 0.0 ], [ 106.653420000432817, -6.694680000181688, 0.0 ], [ 106.653940000131044, -6.695050000157234, 0.0 ], [ 106.654350000152533, -6.695340000040808, 0.0 ], [ 106.654860000288977, -6.695750000062297, 0.0 ], [ 106.654929999919688, -6.695799999670129, 0.0 ], [ 106.655099999665424, -6.695939999830927, 0.0 ], [ 106.655290000333423, -6.696100000014873, 0.0 ], [ 106.655379999987204, -6.696129999599645, 0.0 ], [ 106.655818611040189, -6.696241197173372, 0.0 ], [ 106.65609000035343, -6.696309999806473, 0.0 ], [ 106.656240000076124, -6.696400000359617, 0.0 ], [ 106.656389999798819, -6.696550000082215, 0.0 ], [ 106.656449999867817, -6.696739999850934, 0.0 ], [ 106.656679999682382, -6.696850000426959, 0.0 ], [ 106.657220000302956, -6.697149999872423, 0.0 ], [ 106.657320000417911, -6.697240000425477, 0.0 ], [ 106.657390000048622, -6.697290000033309, 0.0 ], [ 106.657419999633476, -6.697619999962825, 0.0 ], [ 106.65745000011762, -6.69774000010074, 0.0 ], [ 106.657554005812869, -6.697776280550762, 0.0 ], [ 106.657880000162081, -6.697889999823516, 0.0 ], [ 106.658150000022687, -6.698009999961343, 0.0 ], [ 106.658270000160513, -6.698070000030345, 0.0 ], [ 106.658519999998234, -6.698139999661148, 0.0 ], [ 106.658589999628944, -6.698199999730061, 0.0 ], [ 106.658669999720829, -6.698310000306087, 0.0 ], [ 106.658660000159031, -6.698709999866406, 0.0 ], [ 106.658780000296943, -6.698830000004321, 0.0 ], [ 106.658909999996666, -6.69901000021115, 0.0 ], [ 106.658959999604491, -6.69924000002581, 0.0 ], [ 106.658930000019637, -6.69946000027867, 0.0 ], [ 106.658809999881811, -6.700020000022846, 0.0 ], [ 106.658780000296943, -6.700269999860478, 0.0 ], [ 106.659219999903286, -6.700559999744051, 0.0 ], [ 106.659500000225066, -6.700820000042853, 0.0 ], [ 106.6596999995555, -6.70096999976554, 0.0 ], [ 106.659759999624413, -6.701029999834454, 0.0 ], [ 106.659776205407795, -6.701042603832921, 0.0 ], [ 106.659939999831323, -6.70116999999534, 0.0 ], [ 106.660070000430323, -6.701299999695056, 0.0 ], [ 106.6602299997149, -6.701720000177716, 0.0 ], [ 106.660260000199045, -6.701860000338602, 0.0 ], [ 106.660269999760843, -6.702130000199205, 0.0 ], [ 106.660200000130132, -6.702360000013776, 0.0 ], [ 106.660140000061119, -6.702569999805466, 0.0 ], [ 106.66012999959996, -6.70268000038158, 0.0 ], [ 106.660109999576989, -6.702759999574184, 0.0 ], [ 106.66016000008409, -6.702839999666068, 0.0 ], [ 106.66051000003668, -6.702990000288125, 0.0 ], [ 106.660690000243505, -6.703010000311096, 0.0 ], [ 106.660980000127068, -6.703030000334067, 0.0 ], [ 106.661183578759335, -6.703097859578424, 0.0 ], [ 106.661249999987675, -6.703119999987841, 0.0 ], [ 106.661430000194514, -6.703180000056843, 0.0 ], [ 106.661550000332426, -6.70332999977953, 0.0 ], [ 106.661619999963222, -6.703469999940417, 0.0 ], [ 106.66163000042431, -6.703750000262101, 0.0 ], [ 106.661639999986193, -6.703870000400016, 0.0 ], [ 106.661709999617003, -6.704009999661622, 0.0 ], [ 106.661920000307973, -6.704310000006366, 0.0 ], [ 106.662310000306405, -6.705000000349539, 0.0 ], [ 106.662430000444317, -6.705190000118257, 0.0 ], [ 106.662529999659881, -6.705359999863916, 0.0 ], [ 106.662430000444317, -6.705669999770549, 0.0 ], [ 106.662350000352433, -6.705760000323604, 0.0 ], [ 106.662199999730376, -6.705899999585121, 0.0 ], [ 106.662059999569493, -6.706210000391035, 0.0 ], [ 106.662050000007682, -6.706369999675612, 0.0 ], [ 106.662199999730376, -6.706620000412524, 0.0 ], [ 106.662270000260463, -6.706739999651159, 0.0 ], [ 106.662310000306405, -6.706870000250156, 0.0 ], [ 106.662290000283434, -6.707060000018785, 0.0 ], [ 106.662139999661377, -6.707409999971361, 0.0 ], [ 106.662070000030653, -6.707539999671077, 0.0 ], [ 106.661820000193018, -6.707579999717019, 0.0 ], [ 106.661530000309455, -6.70761999976305, 0.0 ], [ 106.661399999710369, -6.707679999831964, 0.0 ], [ 106.661290000033617, -6.707810000431049, 0.0 ], [ 106.661249999987675, -6.707940000130765, 0.0 ], [ 106.661140000310937, -6.708219999553169, 0.0 ], [ 106.661100000264994, -6.708330000129283, 0.0 ], [ 106.661149999872734, -6.70845000026711, 0.0 ], [ 106.661319999618485, -6.708620000012857, 0.0 ], [ 106.661330000079559, -6.708760000173655, 0.0 ], [ 106.661240000425877, -6.709039999596147, 0.0 ], [ 106.661220000402906, -6.709170000195144, 0.0 ], [ 106.661279999572542, -6.709339999940891, 0.0 ], [ 106.661319999618485, -6.709400000009893, 0.0 ], [ 106.661330000079559, -6.709629999824465, 0.0 ], [ 106.661319999618485, -6.710050000307124, 0.0 ], [ 106.661390000148572, -6.710240000075753, 0.0 ], [ 106.661450000217485, -6.710320000167727, 0.0 ], [ 106.661969999915712, -6.710630000074271, 0.0 ], [ 106.662170000145608, -6.710899999934874, 0.0 ], [ 106.662259999799375, -6.71102999963459, 0.0 ], [ 106.662279999822346, -6.711120000187734, 0.0 ], [ 106.662319999868288, -6.711619999862908, 0.0 ], [ 106.662339999891259, -6.711769999585684, 0.0 ], [ 106.662460000029171, -6.712299999744999, 0.0 ], [ 106.662540000121055, -6.712620000112715, 0.0 ], [ 106.662560000144111, -6.712800000319632, 0.0 ], [ 106.662529999659881, -6.713110000226177, 0.0 ], [ 106.662500000075113, -6.713290000433005, 0.0 ], [ 106.662419999983143, -6.713489999763524, 0.0 ], [ 106.662339999891259, -6.713609999901351, 0.0 ], [ 106.662139999661377, -6.713759999624127, 0.0 ], [ 106.662000000399857, -6.713870000200153, 0.0 ], [ 106.661969999915712, -6.713950000292126, 0.0 ], [ 106.661920000307973, -6.714209999691558, 0.0 ], [ 106.661820000193018, -6.714360000313615, 0.0 ], [ 106.661720000078077, -6.714479999552161, 0.0 ], [ 106.661610000401339, -6.714610000151247, 0.0 ], [ 106.66149999982531, -6.714699999804932, 0.0 ], [ 106.661430000194514, -6.714750000312133, 0.0 ], [ 106.661149999872734, -6.714920000057791, 0.0 ], [ 106.660969999665994, -6.714980000126705, 0.0 ], [ 106.660850000427359, -6.715029999734536, 0.0 ], [ 106.660830000404388, -6.715180000356593, 0.0 ], [ 106.660819999943214, -6.715240000425506, 0.0 ], [ 106.660770000335475, -6.715720000077798, 0.0 ], [ 106.660739999851245, -6.716000000399571, 0.0 ], [ 106.660639999736389, -6.716480000051774, 0.0 ], [ 106.660590000128565, -6.716589999728608, 0.0 ], [ 106.660300000244987, -6.716930000119206, 0.0 ], [ 106.660249999737871, -6.717050000257121, 0.0 ], [ 106.660220000153103, -6.717240000025839, 0.0 ], [ 106.660120000038148, -6.717469999840411, 0.0 ], [ 106.660079999992206, -6.717619999563187, 0.0 ], [ 106.660120000038148, -6.717910000346041, 0.0 ], [ 106.660140000061119, -6.718149999722502, 0.0 ], [ 106.660140000061119, -6.718630000274075, 0.0 ], [ 106.660140000061119, -6.718849999627565, 0.0 ], [ 106.660169999645902, -6.719129999949338, 0.0 ], [ 106.660249999737871, -6.719479999901914, 0.0 ], [ 106.660260000199045, -6.719589999578659, 0.0 ], [ 106.660320000267959, -6.719900000384573, 0.0 ], [ 106.660519999598478, -6.720150000222205, 0.0 ], [ 106.660570000105594, -6.720190000268147, 0.0 ], [ 106.660960000104097, -6.720569999805495, 0.0 ], [ 106.661089999803821, -6.720660000358549, 0.0 ], [ 106.661370000125601, -6.720830000104296, 0.0 ], [ 106.661639999986193, -6.720990000288154, 0.0 ], [ 106.661920000307973, -6.721160000033812, 0.0 ], [ 106.662170000145608, -6.721340000240641, 0.0 ], [ 106.662449999567997, -6.721659999709075, 0.0 ], [ 106.662469999590968, -6.721790000308072, 0.0 ], [ 106.662560000144111, -6.722020000122733, 0.0 ], [ 106.662489999613939, -6.722080000191646, 0.0 ], [ 106.662440000006114, -6.722140000260648, 0.0 ], [ 106.662390000398375, -6.722220000352621, 0.0 ], [ 106.662350000352433, -6.722370000075308, 0.0 ], [ 106.662339999891259, -6.722590000328079, 0.0 ], [ 106.662319999868288, -6.72282999970454, 0.0 ], [ 106.662250000237492, -6.723350000302144, 0.0 ], [ 106.662179999707405, -6.723620000162747, 0.0 ], [ 106.662130000099566, -6.723760000323544, 0.0 ], [ 106.662050000007682, -6.72391000004632, 0.0 ], [ 106.661980000376886, -6.724070000230178, 0.0 ], [ 106.66188000026203, -6.724259999998807, 0.0 ], [ 106.661700000055106, -6.724560000343551, 0.0 ], [ 106.661550000332426, -6.724879999811986, 0.0 ], [ 106.661439999756311, -6.725109999626646, 0.0 ], [ 106.661299999595514, -6.725380000386529, 0.0 ], [ 106.661160000333993, -6.725799999969908, 0.0 ], [ 106.660929999619967, -6.726370000175255, 0.0 ], [ 106.660719999828274, -6.7268899998734, 0.0 ], [ 106.660460000428841, -6.727520000147749, 0.0 ], [ 106.660360000313901, -6.727749999962409, 0.0 ], [ 106.660120000038148, -6.728380000236669, 0.0 ], [ 106.659839999716382, -6.729200000279647, 0.0 ], [ 106.65962999992469, -6.729820000092825, 0.0 ], [ 106.659460000179038, -6.730350000252141, 0.0 ], [ 106.659279999972199, -6.731210000341061, 0.0 ], [ 106.659210000341403, -6.731739999601096, 0.0 ], [ 106.659209657699662, -6.731742591447301, 0.0 ] ] ] ] } },
{ "type": "Feature", "properties": { "PROVNO": "32", "KABKOTNO": "01", "KECNO": "030", "DESANO": "003", "PROVINSI": "JAWA BARAT", "KABKOT": "BOGOR", "KECAMATAN": "PAMIJAHAN", "ID2013": "3201030003", "DESA": "CIASMARA", "DESA_1": "CIASMARA", "ID2012": "3201030003", "IDKAB2": "3201", "IDKEC_2": "3201030", "WILAYAH": "BARAT" }, "geometry": { "type": "MultiPolygon", "coordinates": [ [ [ [ 106.6320925349427, -6.668765986860627, 0.0 ], [ 106.632136447039599, -6.668820848203474, 0.0 ], [ 106.632687086639919, -6.669464744802003, 0.0 ], [ 106.633165665363322, -6.669719679219668, 0.0 ], [ 106.633422398425154, -6.669771901951584, 0.0 ], [ 106.633678927340782, -6.669762207259868, 0.0 ], [ 106.633881758636448, -6.669566934766049, 0.0 ], [ 106.634090000253465, -6.669350000302146, 0.0 ], [ 106.634199715744472, -6.669406662986912, 0.0 ], [ 106.634297061060721, -6.66941518586194, 0.0 ], [ 106.634394727434909, -6.669521008187775, 0.0 ], [ 106.634430701216019, -6.669697797814891, 0.0 ], [ 106.634483958168289, -6.669750694139012, 0.0 ], [ 106.634519697226395, -6.669856722409619, 0.0 ], [ 106.634609073649997, -6.670130635220453, 0.0 ], [ 106.634901546669226, -6.670288882625677, 0.0 ], [ 106.635114750745302, -6.670553539614001, 0.0 ], [ 106.635186582295077, -6.670871738639708, 0.0 ], [ 106.635213913591414, -6.671110475367961, 0.0 ], [ 106.635365308162605, -6.671410719428952, 0.0 ], [ 106.635516057020624, -6.671516363689047, 0.0 ], [ 106.636080000291912, -6.671679999831994, 0.0 ], [ 106.636242496094496, -6.671814700288028, 0.0 ], [ 106.636366527893102, -6.671867360989783, 0.0 ], [ 106.636703030820399, -6.671963544381967, 0.0 ], [ 106.6369597656808, -6.672015764415864, 0.0 ], [ 106.63726091086248, -6.672120909552195, 0.0 ], [ 106.637400000010146, -6.672120000337625, 0.0 ], [ 106.637609999801839, -6.672250000037341, 0.0 ], [ 106.638429999844817, -6.672929999919432, 0.0 ], [ 106.638590000028671, -6.673030000034288, 0.0 ], [ 106.638790000258467, -6.67307000008023, 0.0 ], [ 106.638811819609955, -6.67307436359085, 0.0 ], [ 106.639040000096102, -6.673119999688062, 0.0 ], [ 106.639459999679389, -6.673179999756975, 0.0 ], [ 106.639590000278474, -6.673210000241205, 0.0 ], [ 106.639699999955226, -6.67329000033309, 0.0 ], [ 106.639749999562966, -6.673390000448034, 0.0 ], [ 106.639730000439357, -6.673609999801524, 0.0 ], [ 106.639670000370444, -6.673910000146268, 0.0 ], [ 106.639670000370444, -6.674010000261124, 0.0 ], [ 106.639719999978198, -6.674059999868955, 0.0 ], [ 106.63986000013908, -6.674110000376068, 0.0 ], [ 106.64012000043779, -6.674130000399039, 0.0 ], [ 106.640530142552194, -6.67405794761601, 0.0 ], [ 106.640545392356188, -6.674055269434955, 0.0 ], [ 106.640860000388884, -6.673999999800042, 0.0 ], [ 106.641139999811372, -6.67395000019221, 0.0 ], [ 106.64127999997217, -6.67395000019221, 0.0 ], [ 106.641469999740892, -6.674010000261124, 0.0 ], [ 106.64156000029395, -6.674059999868955, 0.0 ], [ 106.64164000038592, -6.674220000052813, 0.0 ], [ 106.641660000408891, -6.674340000190639, 0.0 ], [ 106.641480000202066, -6.674610000051331, 0.0 ], [ 106.641369999625951, -6.674790000258159, 0.0 ], [ 106.641329999580009, -6.674939999980847, 0.0 ], [ 106.641380000087125, -6.675000000049849, 0.0 ], [ 106.641669999970702, -6.675089999703534, 0.0 ], [ 106.641730000039701, -6.675109999726505, 0.0 ], [ 106.641839999716439, -6.675149999772447, 0.0 ], [ 106.641939999831294, -6.675180000256677, 0.0 ], [ 106.642039999946235, -6.675260000348562, 0.0 ], [ 106.642149999622987, -6.675300000394504, 0.0 ], [ 106.642300000244958, -6.675309999956394, 0.0 ], [ 106.642469999990709, -6.67522999986442, 0.0 ], [ 106.643040000196052, -6.674919999957876, 0.0 ], [ 106.643249999987646, -6.674879999911933, 0.0 ], [ 106.643749999662916, -6.674819999842931, 0.0 ], [ 106.643943148857417, -6.674808857242756, 0.0 ], [ 106.644270000260434, -6.674790000258159, 0.0 ], [ 106.644609999751921, -6.674879999911933, 0.0 ], [ 106.644890000073602, -6.67502000007282, 0.0 ], [ 106.645090000303497, -6.675089999703534, 0.0 ], [ 106.645460000278945, -6.675160000233706, 0.0 ], [ 106.64571000011658, -6.675129999749476, 0.0 ], [ 106.64591000034639, -6.675049999657592, 0.0 ], [ 106.646160000184011, -6.674989999588679, 0.0 ], [ 106.646240000275981, -6.67502000007282, 0.0 ], [ 106.646329999929762, -6.675140000210646, 0.0 ], [ 106.646380000436878, -6.675309999956394, 0.0 ], [ 106.646410000021646, -6.675490000163222, 0.0 ], [ 106.646479999652456, -6.675599999839967, 0.0 ], [ 106.646619999813339, -6.675659999908969, 0.0 ], [ 106.646719999928195, -6.675659999908969, 0.0 ], [ 106.646800000020164, -6.675659999908969, 0.0 ], [ 106.64680285896489, -6.675659609603137, 0.0 ], [ 106.646865803414272, -6.675651027372833, 0.0 ], [ 106.647020000272931, -6.675630000324109, 0.0 ], [ 106.647410000271449, -6.675579999816996, 0.0 ], [ 106.64762999962494, -6.675619999862938, 0.0 ], [ 106.647709999716909, -6.675690000393022, 0.0 ], [ 106.648079999692371, -6.676159999584144, 0.0 ], [ 106.648160855039592, -6.676365812132392, 0.0 ], [ 106.648299999945237, -6.676720000227689, 0.0 ], [ 106.648540000221061, -6.677010000111263, 0.0 ], [ 106.64870000040483, -6.677119999788008, 0.0 ], [ 106.648850000127609, -6.677179999856921, 0.0 ], [ 106.649380000286925, -6.67738000008681, 0.0 ], [ 106.649469999940692, -6.677489999763466, 0.0 ], [ 106.649619999663386, -6.677719999578127, 0.0 ], [ 106.649890000423355, -6.678200000129699, 0.0 ], [ 106.650069999730903, -6.678309999806444, 0.0 ], [ 106.6502099998917, -6.678340000290675, 0.0 ], [ 106.650630000374363, -6.678460000428501, 0.0 ], [ 106.650676893723841, -6.678512103550585, 0.0 ], [ 106.650720000028144, -6.678559999644076, 0.0 ], [ 106.650769999635969, -6.679020000172766, 0.0 ], [ 106.650804950887988, -6.679278637998589, 0.0 ], [ 106.650820000143085, -6.679390000148224, 0.0 ], [ 106.650929999819823, -6.679539999870912, 0.0 ], [ 106.651009999911793, -6.679590000378024, 0.0 ], [ 106.651259999749342, -6.679650000447026, 0.0 ], [ 106.65164999974786, -6.679760000123771, 0.0 ], [ 106.651689999793803, -6.679829999754574, 0.0 ], [ 106.651820000392888, -6.680179999707061, 0.0 ], [ 106.651930000069626, -6.680310000306147, 0.0 ], [ 106.652110000276465, -6.680469999590635, 0.0 ], [ 106.652269999560957, -6.680489999613695, 0.0 ], [ 106.652549999882723, -6.680469999590635, 0.0 ], [ 106.652690000043691, -6.680399999959921, 0.0 ], [ 106.652859999789356, -6.680279999821916, 0.0 ], [ 106.652979999927268, -6.680250000237145, 0.0 ], [ 106.653439999556497, -6.680179999707061, 0.0 ], [ 106.653490000063613, -6.680230000214173, 0.0 ], [ 106.653519999648481, -6.680350000352089, 0.0 ], [ 106.653599999740365, -6.680609999751521, 0.0 ], [ 106.653690000293508, -6.680760000373578, 0.0 ], [ 106.65377999994719, -6.680839999566182, 0.0 ], [ 106.653840000016103, -6.680830000004292, 0.0 ], [ 106.65406000026897, -6.680729999889436, 0.0 ], [ 106.654079269143196, -6.680725183120586, 0.0 ], [ 106.654259999599475, -6.680680000281694, 0.0 ], [ 106.654299915109135, -6.680692472979146, 0.0 ], [ 106.654419999783343, -6.680729999889436, 0.0 ], [ 106.654479999852342, -6.68078999995835, 0.0 ], [ 106.654519999898284, -6.680990000188238, 0.0 ], [ 106.654680000082138, -6.681710000116272, 0.0 ], [ 106.654780000196993, -6.68187000030013, 0.0 ], [ 106.654805058906504, -6.681910416732197, 0.0 ], [ 106.655090000103627, -6.682369999975393, 0.0 ], [ 106.655299999895234, -6.682559999744022, 0.0 ], [ 106.655400000010175, -6.682599999789964, 0.0 ], [ 106.655600000239971, -6.682610000251135, 0.0 ], [ 106.65609000035343, -6.682599999789964, 0.0 ], [ 106.65615999998424, -6.682650000297077, 0.0 ], [ 106.656209999591979, -6.682789999558683, 0.0 ], [ 106.656209999591979, -6.682900000134708, 0.0 ], [ 106.656139999961269, -6.683060000318655, 0.0 ], [ 106.656130000399372, -6.6831699999954, 0.0 ], [ 106.656099999915241, -6.683279999672056, 0.0 ], [ 106.656050000307488, -6.683629999624632, 0.0 ], [ 106.656110000376401, -6.683720000177686, 0.0 ], [ 106.656269999660893, -6.683829999854431, 0.0 ], [ 106.656590000028615, -6.684030000084231, 0.0 ], [ 106.656759999774351, -6.684250000337091, 0.0 ], [ 106.656839999866335, -6.684440000105809, 0.0 ], [ 106.656969999565959, -6.684750000012354, 0.0 ], [ 106.657080000142074, -6.684910000196211, 0.0 ], [ 106.657690000393359, -6.685570000055332, 0.0 ], [ 106.657737265162794, -6.685664528694915, 0.0 ], [ 106.657829999654965, -6.685850000377016, 0.0 ], [ 106.657800000070111, -6.685969999615651, 0.0 ], [ 106.657699999955156, -6.686189999868422, 0.0 ], [ 106.657550000232476, -6.686459999729024, 0.0 ], [ 106.657527747407826, -6.686977371608229, 0.0 ], [ 106.657510000186534, -6.687390000348117, 0.0 ], [ 106.657459999679418, -6.687569999655576, 0.0 ], [ 106.657390000048622, -6.68764000018566, 0.0 ], [ 106.656750000212554, -6.688010000161206, 0.0 ], [ 106.656670000120585, -6.688119999837951, 0.0 ], [ 106.656699999705353, -6.688409999721525, 0.0 ], [ 106.656969999565959, -6.68893999988093, 0.0 ], [ 106.657035049328243, -6.689076010649178, 0.0 ], [ 106.657080000142074, -6.68916999969559, 0.0 ], [ 106.657049999657929, -6.689300000294587, 0.0 ], [ 106.657009999611901, -6.689459999579164, 0.0 ], [ 106.657040000096131, -6.689679999832023, 0.0 ], [ 106.657140000210987, -6.689829999554622, 0.0 ], [ 106.6572000002799, -6.689940000130736, 0.0 ], [ 106.657100000165045, -6.69088000031163, 0.0 ], [ 106.657100000165045, -6.691000000449456, 0.0 ], [ 106.657160000233958, -6.691159999734033, 0.0 ], [ 106.65735000000268, -6.691560000193721, 0.0 ], [ 106.657390000048622, -6.691649999847495, 0.0 ], [ 106.657399999610419, -6.691830000054324, 0.0 ], [ 106.65745000011762, -6.691919999708009, 0.0 ], [ 106.657610000301474, -6.692150000422039, 0.0 ], [ 106.657769999585966, -6.692150000422039, 0.0 ], [ 106.657911253401807, -6.692159741878392, 0.0 ], [ 106.658060000368906, -6.69217000044501, 0.0 ], [ 106.658100000414848, -6.692380000236611, 0.0 ], [ 106.658100000414848, -6.692650000097302, 0.0 ], [ 106.658190000068629, -6.692730000189187, 0.0 ], [ 106.658379999837251, -6.692890000373044, 0.0 ], [ 106.658430000344453, -6.692989999588619, 0.0 ], [ 106.658450000367424, -6.693140000210676, 0.0 ], [ 106.658479999952192, -6.693289999933363, 0.0 ], [ 106.65872000022803, -6.693969999815454, 0.0 ], [ 106.658900000434855, -6.69408000039148, 0.0 ], [ 106.658950000042609, -6.694109999976341, 0.0 ], [ 106.659230000364374, -6.694299999745059, 0.0 ], [ 106.659259999949228, -6.694439999905946, 0.0 ], [ 106.659279999972199, -6.694549999582691, 0.0 ], [ 106.659279999972199, -6.694809999881404, 0.0 ], [ 106.659325128851776, -6.694940873722235, 0.0 ], [ 106.659380000087054, -6.695099999765066, 0.0 ], [ 106.659529999809834, -6.695279999971895, 0.0 ], [ 106.659730000039644, -6.695420000132781, 0.0 ], [ 106.659850000177556, -6.695469999740524, 0.0 ], [ 106.660079999992206, -6.695560000293579, 0.0 ], [ 106.660120000038148, -6.695730000039326, 0.0 ], [ 106.660070000430323, -6.695899999784984, 0.0 ], [ 106.660030000384381, -6.695999999899929, 0.0 ], [ 106.660050000407352, -6.696100000014873, 0.0 ], [ 106.66012999959996, -6.696120000037844, 0.0 ], [ 106.660369999875698, -6.696149999622616, 0.0 ], [ 106.66055999964442, -6.696089999553703, 0.0 ], [ 106.660949999642938, -6.695959999853898, 0.0 ], [ 106.660966167654664, -6.695964042306581, 0.0 ], [ 106.661109999826792, -6.695999999899929, 0.0 ], [ 106.661270000010646, -6.696079999991902, 0.0 ], [ 106.661680000032135, -6.696340000290615, 0.0 ], [ 106.661769999685916, -6.696510000036273, 0.0 ], [ 106.661869999800857, -6.696659999759049, 0.0 ], [ 106.662059999569493, -6.696810000381017, 0.0 ], [ 106.662159999684434, -6.69688000001182, 0.0 ], [ 106.662370000375404, -6.697000000149735, 0.0 ], [ 106.662569999705923, -6.697089999803509, 0.0 ], [ 106.662669999820864, -6.697200000379535, 0.0 ], [ 106.662780000396893, -6.697359999664112, 0.0 ], [ 106.6628599995895, -6.697470000240138, 0.0 ], [ 106.663030000234428, -6.697780000146771, 0.0 ], [ 106.663199999980179, -6.698070000030345, 0.0 ], [ 106.663400000209975, -6.698339999890948, 0.0 ], [ 106.663449999817814, -6.698410000421031, 0.0 ], [ 106.663600000439871, -6.698620000212632, 0.0 ], [ 106.663759999724363, -6.698689999843435, 0.0 ], [ 106.663890000323448, -6.698640000235692, 0.0 ], [ 106.664140000161069, -6.698600000189661, 0.0 ], [ 106.66422999981485, -6.698629999774521, 0.0 ], [ 106.664260000298981, -6.698709999866406, 0.0 ], [ 106.664309999906735, -6.698890000073234, 0.0 ], [ 106.664334242931119, -6.699065760876035, 0.0 ], [ 106.664349999952762, -6.699179999956897, 0.0 ], [ 106.664430000044646, -6.6992499995877, 0.0 ], [ 106.664510000136531, -6.699269999610671, 0.0 ], [ 106.664670000320385, -6.699329999679584, 0.0 ], [ 106.664679999882281, -6.699409999771468, 0.0 ], [ 106.664750000412369, -6.699589999978386, 0.0 ], [ 106.664829999604962, -6.699679999632071, 0.0 ], [ 106.664980000227018, -6.699790000208186, 0.0 ], [ 106.665109999926742, -6.699890000323041, 0.0 ], [ 106.665279999672393, -6.699950000392043, 0.0 ], [ 106.665379999787348, -6.699930000369072, 0.0 ], [ 106.665459999879232, -6.69987999986196, 0.0 ], [ 106.665499999925174, -6.699719999678102, 0.0 ], [ 106.66556999955597, -6.699560000393525, 0.0 ], [ 106.66564999964794, -6.699529999909473, 0.0 ], [ 106.665909999946749, -6.699569999955415, 0.0 ], [ 106.665979999577459, -6.699639999586129, 0.0 ], [ 106.666239999876268, -6.700040000045817, 0.0 ], [ 106.666330000429312, -6.700049999607618, 0.0 ], [ 106.666469999690918, -6.700029999584647, 0.0 ], [ 106.666870000150524, -6.699939999930873, 0.0 ], [ 106.66693999978132, -6.699950000392043, 0.0 ], [ 106.666999999850333, -6.700029999584647, 0.0 ], [ 106.667030000334378, -6.700369999975333, 0.0 ], [ 106.667050000357349, -6.700639999835936, 0.0 ], [ 106.667099999965188, -6.700679999881878, 0.0 ], [ 106.667249999687868, -6.700679999881878, 0.0 ], [ 106.667360000263983, -6.700659999858907, 0.0 ], [ 106.667489999963692, -6.700570000205133, 0.0 ], [ 106.667710000216559, -6.700430000044335, 0.0 ], [ 106.668140000260934, -6.700439999606136, 0.0 ], [ 106.668209999891729, -6.700499999675049, 0.0 ], [ 106.668570000305479, -6.700800000019793, 0.0 ], [ 106.668829999704911, -6.700949999742569, 0.0 ], [ 106.668930774136115, -6.701042603832921, 0.0 ], [ 106.669199999680458, -6.701290000133255, 0.0 ], [ 106.669279999772343, -6.701450000317113, 0.0 ], [ 106.669399999910254, -6.701569999555659, 0.0 ], [ 106.669729999839774, -6.701749999762487, 0.0 ], [ 106.669800000369861, -6.701860000338602, 0.0 ], [ 106.669879999562554, -6.702159999783976, 0.0 ], [ 106.670099999815321, -6.70248000015178, 0.0 ], [ 106.670199999930176, -6.70248000015178, 0.0 ], [ 106.670480000251956, -6.70244999966755, 0.0 ], [ 106.670560000343926, -6.702509999736552, 0.0 ], [ 106.670679999582461, -6.702689999943381, 0.0 ], [ 106.670770000135605, -6.702770000035265, 0.0 ], [ 106.670890000273431, -6.702830000104267, 0.0 ], [ 106.671249999787818, -6.703010000311096, 0.0 ], [ 106.671510000086613, -6.703440000355556, 0.0 ], [ 106.671750000362451, -6.703630000124274, 0.0 ], [ 106.672120000337912, -6.70373000023913, 0.0 ], [ 106.672200000429797, -6.703850000377045, 0.0 ], [ 106.672290000083564, -6.704069999730535, 0.0 ], [ 106.672350000152562, -6.704189999868451, 0.0 ], [ 106.672530000359387, -6.704319999568167, 0.0 ], [ 106.672649999597937, -6.704419999683111, 0.0 ], [ 106.672680000082082, -6.704499999774995, 0.0 ], [ 106.672749999712892, -6.704639999935882, 0.0 ], [ 106.672850474669858, -6.704799084609938, 0.0 ], [ 106.672869999850803, -6.704829999704511, 0.0 ], [ 106.672900000334948, -6.704969999865487, 0.0 ], [ 106.672949999942688, -6.705060000418541, 0.0 ], [ 106.673010000011686, -6.705159999634116, 0.0 ], [ 106.673059999619426, -6.705250000187259, 0.0 ], [ 106.673030000034657, -6.705310000256173, 0.0 ], [ 106.672999999550512, -6.705419999932829, 0.0 ], [ 106.673199999780408, -6.705620000162718, 0.0 ], [ 106.673469999640915, -6.705680000231631, 0.0 ], [ 106.673589999778841, -6.705669999770549, 0.0 ], [ 106.673976118303457, -6.705669999770549, 0.0 ], [ 106.674010000261489, -6.705669999770549, 0.0 ], [ 106.674170000445343, -6.705700000254602, 0.0 ], [ 106.674280000122096, -6.705760000323604, 0.0 ], [ 106.674369999775777, -6.705899999585121, 0.0 ], [ 106.674500000374863, -6.706179999906894, 0.0 ], [ 106.67465999965944, -6.706259999998867, 0.0 ], [ 106.674930000419323, -6.706340000090751, 0.0 ], [ 106.675020000073104, -6.706380000136694, 0.0 ], [ 106.67530000039487, -6.706440000205696, 0.0 ], [ 106.675410000071622, -6.706469999790468, 0.0 ], [ 106.675550000232505, -6.70652999985947, 0.0 ], [ 106.675679999932214, -6.706609999951354, 0.0 ], [ 106.675829999654908, -6.706730000089269, 0.0 ], [ 106.675920000208052, -6.706810000181154, 0.0 ], [ 106.676139999561457, -6.706939999880959, 0.0 ], [ 106.676350000252512, -6.707019999972843, 0.0 ], [ 106.676499999975192, -6.707069999580675, 0.0 ], [ 106.676609999651944, -6.707100000064727, 0.0 ], [ 106.676689999743829, -6.707189999718501, 0.0 ], [ 106.676769999835798, -6.707269999810475, 0.0 ], [ 106.676930000019667, -6.707360000363529, 0.0 ], [ 106.677380000087084, -6.707360000363529, 0.0 ], [ 106.677529999809778, -6.707420000432531, 0.0 ], [ 106.67764999994769, -6.707570000155219, 0.0 ], [ 106.678019999923237, -6.707960000153737, 0.0 ], [ 106.677970000315412, -6.708219999553169, 0.0 ], [ 106.677939999831352, -6.708339999691084, 0.0 ], [ 106.677899999785325, -6.708510000336112, 0.0 ], [ 106.677899999785325, -6.708760000173655, 0.0 ], [ 106.677919999808296, -6.708829999804458, 0.0 ], [ 106.678089999554047, -6.709090000103259, 0.0 ], [ 106.678260000199074, -6.709290000333148, 0.0 ], [ 106.678530000059681, -6.709620000262664, 0.0 ], [ 106.678670000220478, -6.709700000354548, 0.0 ], [ 106.678830000404417, -6.709790000008322, 0.0 ], [ 106.678869999550983, -6.709919999708038, 0.0 ], [ 106.678949999642967, -6.710039999845954, 0.0 ], [ 106.679109999826821, -6.710240000075753, 0.0 ], [ 106.679140000310966, -6.710739999751016, 0.0 ], [ 106.679240000425906, -6.711769999585684, 0.0 ], [ 106.679729999640003, -6.712339999790942, 0.0 ], [ 106.680410000421375, -6.71276000027369, 0.0 ], [ 106.680460000029115, -6.713620000362521, 0.0 ], [ 106.680540000121084, -6.714169999645616, 0.0 ], [ 106.680620000213054, -6.71488999957365, 0.0 ], [ 106.680720000327909, -6.715599999939883, 0.0 ], [ 106.680939999681414, -6.716640000235632, 0.0 ], [ 106.680959999704385, -6.716809999981379, 0.0 ], [ 106.6810700002804, -6.716930000119206, 0.0 ], [ 106.681159999934181, -6.717119999887924, 0.0 ], [ 106.681199999980208, -6.71724999958764, 0.0 ], [ 106.681229999564977, -6.717469999840411, 0.0 ], [ 106.681159999934181, -6.717659999609129, 0.0 ], [ 106.6810700002804, -6.717799999770016, 0.0 ], [ 106.681030000234458, -6.717919999907931, 0.0 ], [ 106.680939999681414, -6.718180000206733, 0.0 ], [ 106.680939999681414, -6.718280000321588, 0.0 ], [ 106.680919999658443, -6.718439999606076, 0.0 ], [ 106.680850000027633, -6.71855999974408, 0.0 ], [ 106.680769999935748, -6.718590000228133, 0.0 ], [ 106.680700000304938, -6.718659999858936, 0.0 ], [ 106.680640000236025, -6.718730000389019, 0.0 ], [ 106.680540000121084, -6.718900000134767, 0.0 ], [ 106.680460000029115, -6.719000000249622, 0.0 ], [ 106.680430000444346, -6.719120000387537, 0.0 ], [ 106.680359999914259, -6.719589999578659, 0.0 ], [ 106.680259999799318, -6.719680000131714, 0.0 ], [ 106.680110000076624, -6.719769999785488, 0.0 ], [ 106.679960000353944, -6.719829999854401, 0.0 ], [ 106.679729999640003, -6.719900000384573, 0.0 ], [ 106.679430000194543, -6.719949999992405, 0.0 ], [ 106.679319999618514, -6.719999999600148, 0.0 ], [ 106.678960000104126, -6.720380000036776, 0.0 ], [ 106.679060000218982, -6.720500000174692, 0.0 ], [ 106.679430000194543, -6.720790000058265, 0.0 ], [ 106.679539999871281, -6.720979999826984, 0.0 ], [ 106.679630000424339, -6.721169999595613, 0.0 ], [ 106.67965000044731, -6.721409999871444, 0.0 ], [ 106.679610000401368, -6.721500000424498, 0.0 ], [ 106.679579999917223, -6.721690000193217, 0.0 ], [ 106.679579999917223, -6.721779999846902, 0.0 ], [ 106.679619999963251, -6.721899999984817, 0.0 ], [ 106.679709999617032, -6.722029999684622, 0.0 ], [ 106.679840000216018, -6.722229999914422, 0.0 ], [ 106.679980000376915, -6.722570000305108, 0.0 ], [ 106.680250000237521, -6.723139999611174, 0.0 ], [ 106.680310000306434, -6.723270000210171, 0.0 ], [ 106.680330000329405, -6.723509999586632, 0.0 ], [ 106.680279999822289, -6.723700000254631, 0.0 ], [ 106.680110000076624, -6.724139999860981, 0.0 ], [ 106.680009999961683, -6.724409999721583, 0.0 ], [ 106.679769999685945, -6.724950000342069, 0.0 ], [ 106.679599999940194, -6.725300000294645, 0.0 ], [ 106.679470000240485, -6.725639999785962, 0.0 ], [ 106.679339999641485, -6.725900000084764, 0.0 ], [ 106.679209999941676, -6.726060000268621, 0.0 ], [ 106.679029999734936, -6.726160000383565, 0.0 ], [ 106.678730000289477, -6.726319999668053, 0.0 ], [ 106.677919999808296, -6.726660000058828, 0.0 ], [ 106.677580000316979, -6.726729999689542, 0.0 ], [ 106.677680000431835, -6.726949999942402, 0.0 ], [ 106.677689999993632, -6.727299999894889, 0.0 ], [ 106.677449999717894, -6.727569999755492, 0.0 ], [ 106.676970000065609, -6.728130000399037, 0.0 ], [ 106.676510000436366, -6.72861999961313, 0.0 ], [ 106.675659999909243, -6.729459999679079, 0.0 ], [ 106.674950000442294, -6.730210000091255, 0.0 ], [ 106.674200000030211, -6.730919999558207, 0.0 ], [ 106.673201936020732, -6.731638606436388, 0.0 ], [ 106.672958583072358, -6.731706114945126, 0.0 ], [ 106.672599998191544, -6.731985535204146, 0.0 ], [ 106.67226428576835, -6.732395138624572, 0.0 ], [ 106.671852312634343, -6.732921072049649, 0.0 ], [ 106.671447954959362, -6.733421760605598, 0.0 ], [ 106.671089370078548, -6.733938166612887, 0.0 ], [ 106.67082235416845, -6.734471764959817, 0.0 ], [ 106.670463769287736, -6.734587149776985, 0.0 ], [ 106.670379840957054, -6.734624339441577, 0.0 ], [ 106.670257782270951, -6.734753554932507, 0.0 ], [ 106.670135698403939, -6.735036311676303, 0.0 ], [ 106.670089925609759, -6.735132161419912, 0.0 ], [ 106.669929711387255, -6.735410155354185, 0.0 ], [ 106.66980762841952, -6.735531294933175, 0.0 ], [ 106.669700825832564, -6.735588020570518, 0.0 ], [ 106.669616899300621, -6.73560567156434, 0.0 ], [ 106.669380397387627, -6.73555796522777, 0.0 ], [ 106.669220182265747, -6.735580862866399, 0.0 ], [ 106.669201103148538, -6.735588974751252, 0.0 ], [ 106.669182025830054, -6.735597088434666, 0.0 ], [ 106.669006553709664, -6.735794491422489, 0.0 ], [ 106.668770052695947, -6.735974266798763, 0.0 ], [ 106.668373312278732, -6.73626321357629, 0.0 ], [ 106.668220737796958, -6.73636861412005, 0.0 ], [ 106.667976595243857, -6.736513547062408, 0.0 ], [ 106.667724812050636, -6.736609395007367, 0.0 ], [ 106.667518825033937, -6.736624193351695, 0.0 ], [ 106.667160240153123, -6.736545027830623, 0.0 ], [ 106.666633800409684, -6.736322841325872, 0.0 ], [ 106.66606161125452, -6.736030048148081, 0.0 ], [ 106.665466500179079, -6.735686721165148, 0.0 ], [ 106.664863796127435, -6.735291429555659, 0.0 ], [ 106.664421308097047, -6.734952889663983, 0.0 ], [ 106.663788040585729, -6.734355869327793, 0.0 ], [ 106.663330294657541, -6.733908132853941, 0.0 ], [ 106.662925937881923, -6.73354763691373, 0.0 ], [ 106.662521581106304, -6.733207186862025, 0.0 ], [ 106.662140096788207, -6.73294824596459, 0.0 ], [ 106.661789129165157, -6.732730822269453, 0.0 ], [ 106.661384795771909, -6.732488588977006, 0.0 ], [ 106.660927025561904, -6.732196281433058, 0.0 ], [ 106.66038532792075, -6.731801450276489, 0.0 ], [ 106.660202239441972, -6.731673683593478, 0.0 ], [ 106.660110669571893, -6.731631224801085, 0.0 ], [ 106.659919964734726, -6.731598799744667, 0.0 ], [ 106.65941639834827, -6.731671774332728, 0.0 ], [ 106.659210412230863, -6.731742330643922, 0.0 ], [ 106.659210035414944, -6.731742460146286, 0.0 ], [ 106.659209657699662, -6.731742591447301, 0.0 ], [ 106.659210000341403, -6.731739999601096, 0.0 ], [ 106.659279999972199, -6.731210000341061, 0.0 ], [ 106.659460000179038, -6.730350000252141, 0.0 ], [ 106.65962999992469, -6.729820000092825, 0.0 ], [ 106.659839999716382, -6.729200000279647, 0.0 ], [ 106.660120000038148, -6.728380000236669, 0.0 ], [ 106.660360000313901, -6.727749999962409, 0.0 ], [ 106.660460000428841, -6.727520000147749, 0.0 ], [ 106.660719999828274, -6.7268899998734, 0.0 ], [ 106.660929999619967, -6.726370000175255, 0.0 ], [ 106.661160000333993, -6.725799999969908, 0.0 ], [ 106.661299999595514, -6.725380000386529, 0.0 ], [ 106.661439999756311, -6.725109999626646, 0.0 ], [ 106.661550000332426, -6.724879999811986, 0.0 ], [ 106.661700000055106, -6.724560000343551, 0.0 ], [ 106.66188000026203, -6.724259999998807, 0.0 ], [ 106.661980000376886, -6.724070000230178, 0.0 ], [ 106.662050000007682, -6.72391000004632, 0.0 ], [ 106.662130000099566, -6.723760000323544, 0.0 ], [ 106.662179999707405, -6.723620000162747, 0.0 ], [ 106.662250000237492, -6.723350000302144, 0.0 ], [ 106.662319999868288, -6.72282999970454, 0.0 ], [ 106.662339999891259, -6.722590000328079, 0.0 ], [ 106.662350000352433, -6.722370000075308, 0.0 ], [ 106.662390000398375, -6.722220000352621, 0.0 ], [ 106.662440000006114, -6.722140000260648, 0.0 ], [ 106.662489999613939, -6.722080000191646, 0.0 ], [ 106.662560000144111, -6.722020000122733, 0.0 ], [ 106.662469999590968, -6.721790000308072, 0.0 ], [ 106.662449999567997, -6.721659999709075, 0.0 ], [ 106.662170000145608, -6.721340000240641, 0.0 ], [ 106.661920000307973, -6.721160000033812, 0.0 ], [ 106.661639999986193, -6.720990000288154, 0.0 ], [ 106.661370000125601, -6.720830000104296, 0.0 ], [ 106.661089999803821, -6.720660000358549, 0.0 ], [ 106.660960000104097, -6.720569999805495, 0.0 ], [ 106.660570000105594, -6.720190000268147, 0.0 ], [ 106.660519999598478, -6.720150000222205, 0.0 ], [ 106.660320000267959, -6.719900000384573, 0.0 ], [ 106.660260000199045, -6.719589999578659, 0.0 ], [ 106.660249999737871, -6.719479999901914, 0.0 ], [ 106.660169999645902, -6.719129999949338, 0.0 ], [ 106.660140000061119, -6.718849999627565, 0.0 ], [ 106.660140000061119, -6.718630000274075, 0.0 ], [ 106.660140000061119, -6.718149999722502, 0.0 ], [ 106.660120000038148, -6.717910000346041, 0.0 ], [ 106.660079999992206, -6.717619999563187, 0.0 ], [ 106.660120000038148, -6.717469999840411, 0.0 ], [ 106.660220000153103, -6.717240000025839, 0.0 ], [ 106.660249999737871, -6.717050000257121, 0.0 ], [ 106.660300000244987, -6.716930000119206, 0.0 ], [ 106.660590000128565, -6.716589999728608, 0.0 ], [ 106.660639999736389, -6.716480000051774, 0.0 ], [ 106.660739999851245, -6.716000000399571, 0.0 ], [ 106.660770000335475, -6.715720000077798, 0.0 ], [ 106.660819999943214, -6.715240000425506, 0.0 ], [ 106.660830000404388, -6.715180000356593, 0.0 ], [ 106.660850000427359, -6.715029999734536, 0.0 ], [ 106.660969999665994, -6.714980000126705, 0.0 ], [ 106.661149999872734, -6.714920000057791, 0.0 ], [ 106.661430000194514, -6.714750000312133, 0.0 ], [ 106.66149999982531, -6.714699999804932, 0.0 ], [ 106.661610000401339, -6.714610000151247, 0.0 ], [ 106.661720000078077, -6.714479999552161, 0.0 ], [ 106.661820000193018, -6.714360000313615, 0.0 ], [ 106.661920000307973, -6.714209999691558, 0.0 ], [ 106.661969999915712, -6.713950000292126, 0.0 ], [ 106.662000000399857, -6.713870000200153, 0.0 ], [ 106.662139999661377, -6.713759999624127, 0.0 ], [ 106.662339999891259, -6.713609999901351, 0.0 ], [ 106.662419999983143, -6.713489999763524, 0.0 ], [ 106.662500000075113, -6.713290000433005, 0.0 ], [ 106.662529999659881, -6.713110000226177, 0.0 ], [ 106.662560000144111, -6.712800000319632, 0.0 ], [ 106.662540000121055, -6.712620000112715, 0.0 ], [ 106.662460000029171, -6.712299999744999, 0.0 ], [ 106.662339999891259, -6.711769999585684, 0.0 ], [ 106.662319999868288, -6.711619999862908, 0.0 ], [ 106.662279999822346, -6.711120000187734, 0.0 ], [ 106.662259999799375, -6.71102999963459, 0.0 ], [ 106.662170000145608, -6.710899999934874, 0.0 ], [ 106.661969999915712, -6.710630000074271, 0.0 ], [ 106.661450000217485, -6.710320000167727, 0.0 ], [ 106.661390000148572, -6.710240000075753, 0.0 ], [ 106.661319999618485, -6.710050000307124, 0.0 ], [ 106.661330000079559, -6.709629999824465, 0.0 ], [ 106.661319999618485, -6.709400000009893, 0.0 ], [ 106.661279999572542, -6.709339999940891, 0.0 ], [ 106.661220000402906, -6.709170000195144, 0.0 ], [ 106.661240000425877, -6.709039999596147, 0.0 ], [ 106.661330000079559, -6.708760000173655, 0.0 ], [ 106.661319999618485, -6.708620000012857, 0.0 ], [ 106.661149999872734, -6.70845000026711, 0.0 ], [ 106.661100000264994, -6.708330000129283, 0.0 ], [ 106.661140000310937, -6.708219999553169, 0.0 ], [ 106.661249999987675, -6.707940000130765, 0.0 ], [ 106.661290000033617, -6.707810000431049, 0.0 ], [ 106.661399999710369, -6.707679999831964, 0.0 ], [ 106.661530000309455, -6.70761999976305, 0.0 ], [ 106.661820000193018, -6.707579999717019, 0.0 ], [ 106.662070000030653, -6.707539999671077, 0.0 ], [ 106.662139999661377, -6.707409999971361, 0.0 ], [ 106.662290000283434, -6.707060000018785, 0.0 ], [ 106.662310000306405, -6.706870000250156, 0.0 ], [ 106.662270000260463, -6.706739999651159, 0.0 ], [ 106.662199999730376, -6.706620000412524, 0.0 ], [ 106.662050000007682, -6.706369999675612, 0.0 ], [ 106.662059999569493, -6.706210000391035, 0.0 ], [ 106.662199999730376, -6.705899999585121, 0.0 ], [ 106.662350000352433, -6.705760000323604, 0.0 ], [ 106.662430000444317, -6.705669999770549, 0.0 ], [ 106.662529999659881, -6.705359999863916, 0.0 ], [ 106.662430000444317, -6.705190000118257, 0.0 ], [ 106.662310000306405, -6.705000000349539, 0.0 ], [ 106.661920000307973, -6.704310000006366, 0.0 ], [ 106.661709999617003, -6.704009999661622, 0.0 ], [ 106.661639999986193, -6.703870000400016, 0.0 ], [ 106.66163000042431, -6.703750000262101, 0.0 ], [ 106.661619999963222, -6.703469999940417, 0.0 ], [ 106.661550000332426, -6.70332999977953, 0.0 ], [ 106.661430000194514, -6.703180000056843, 0.0 ], [ 106.661249999987675, -6.703119999987841, 0.0 ], [ 106.661183578759335, -6.703097859578424, 0.0 ], [ 106.660980000127068, -6.703030000334067, 0.0 ], [ 106.660690000243505, -6.703010000311096, 0.0 ], [ 106.66051000003668, -6.702990000288125, 0.0 ], [ 106.66016000008409, -6.702839999666068, 0.0 ], [ 106.660109999576989, -6.702759999574184, 0.0 ], [ 106.66012999959996, -6.70268000038158, 0.0 ], [ 106.660140000061119, -6.702569999805466, 0.0 ], [ 106.660200000130132, -6.702360000013776, 0.0 ], [ 106.660269999760843, -6.702130000199205, 0.0 ], [ 106.660260000199045, -6.701860000338602, 0.0 ], [ 106.6602299997149, -6.701720000177716, 0.0 ], [ 106.660070000430323, -6.701299999695056, 0.0 ], [ 106.659939999831323, -6.70116999999534, 0.0 ], [ 106.659776205407795, -6.701042603832921, 0.0 ], [ 106.659759999624413, -6.701029999834454, 0.0 ], [ 106.6596999995555, -6.70096999976554, 0.0 ], [ 106.659500000225066, -6.700820000042853, 0.0 ], [ 106.659219999903286, -6.700559999744051, 0.0 ], [ 106.658780000296943, -6.700269999860478, 0.0 ], [ 106.658809999881811, -6.700020000022846, 0.0 ], [ 106.658930000019637, -6.69946000027867, 0.0 ], [ 106.658959999604491, -6.69924000002581, 0.0 ], [ 106.658909999996666, -6.69901000021115, 0.0 ], [ 106.658780000296943, -6.698830000004321, 0.0 ], [ 106.658660000159031, -6.698709999866406, 0.0 ], [ 106.658669999720829, -6.698310000306087, 0.0 ], [ 106.658589999628944, -6.698199999730061, 0.0 ], [ 106.658519999998234, -6.698139999661148, 0.0 ], [ 106.658270000160513, -6.698070000030345, 0.0 ], [ 106.658150000022687, -6.698009999961343, 0.0 ], [ 106.657880000162081, -6.697889999823516, 0.0 ], [ 106.657554005812869, -6.697776280550762, 0.0 ], [ 106.65745000011762, -6.69774000010074, 0.0 ], [ 106.657419999633476, -6.697619999962825, 0.0 ], [ 106.657390000048622, -6.697290000033309, 0.0 ], [ 106.657320000417911, -6.697240000425477, 0.0 ], [ 106.657220000302956, -6.697149999872423, 0.0 ], [ 106.656679999682382, -6.696850000426959, 0.0 ], [ 106.656449999867817, -6.696739999850934, 0.0 ], [ 106.656389999798819, -6.696550000082215, 0.0 ], [ 106.656240000076124, -6.696400000359617, 0.0 ], [ 106.65609000035343, -6.696309999806473, 0.0 ], [ 106.655818611040189, -6.696241197173372, 0.0 ], [ 106.655379999987204, -6.696129999599645, 0.0 ], [ 106.655290000333423, -6.696100000014873, 0.0 ], [ 106.655099999665424, -6.695939999830927, 0.0 ], [ 106.654929999919688, -6.695799999670129, 0.0 ], [ 106.654860000288977, -6.695750000062297, 0.0 ], [ 106.654350000152533, -6.695340000040808, 0.0 ], [ 106.653940000131044, -6.695050000157234, 0.0 ], [ 106.653420000432817, -6.694680000181688, 0.0 ], [ 106.653209999741847, -6.694450000367027, 0.0 ], [ 106.652970000365386, -6.694239999676057, 0.0 ], [ 106.652759999674416, -6.694009999861485, 0.0 ], [ 106.65258999992875, -6.693849999677539, 0.0 ], [ 106.652527504241107, -6.693794447655446, 0.0 ], [ 106.652409999721925, -6.693690000393051, 0.0 ], [ 106.652289999584013, -6.693510000186222, 0.0 ], [ 106.652199999930232, -6.693300000394533, 0.0 ], [ 106.652219999953203, -6.692839999865932, 0.0 ], [ 106.652250000437348, -6.692650000097302, 0.0 ], [ 106.652300000045187, -6.692460000328584, 0.0 ], [ 106.652269999560957, -6.692099999914927, 0.0 ], [ 106.652210000391406, -6.691890000123237, 0.0 ], [ 106.651939999631438, -6.691629999824524, 0.0 ], [ 106.65176000032389, -6.691290000333119, 0.0 ], [ 106.651680000232005, -6.691059999619178, 0.0 ], [ 106.651660000209034, -6.690980000426485, 0.0 ], [ 106.651589999678862, -6.69088000031163, 0.0 ], [ 106.651580000117065, -6.690579999966886, 0.0 ], [ 106.651580000117065, -6.690339999691055, 0.0 ], [ 106.651230000164574, -6.689690000293105, 0.0 ], [ 106.651202429648563, -6.689660461161164, 0.0 ], [ 106.651090000003677, -6.689539999671048, 0.0 ], [ 106.650909999796852, -6.68938000038656, 0.0 ], [ 106.650700000005173, -6.689209999741532, 0.0 ], [ 106.650300000444844, -6.689049999557675, 0.0 ], [ 106.650069999730903, -6.688979999926872, 0.0 ], [ 106.649960000054165, -6.688770000135271, 0.0 ], [ 106.649590000078618, -6.688549999882412, 0.0 ], [ 106.649380000286925, -6.688480000251698, 0.0 ], [ 106.649180000057129, -6.688409999721525, 0.0 ], [ 106.649070000380377, -6.688340000090722, 0.0 ], [ 106.649050000357406, -6.688210000391095, 0.0 ], [ 106.649039999896246, -6.688130000299122, 0.0 ], [ 106.649070000380377, -6.687910000046351, 0.0 ], [ 106.649110000426319, -6.687709999816462, 0.0 ], [ 106.649099999965159, -6.687620000162688, 0.0 ], [ 106.649026547837039, -6.687497579949166, 0.0 ], [ 106.649010000311378, -6.687470000440001, 0.0 ], [ 106.648846570113292, -6.687329111748976, 0.0 ], [ 106.648720000427801, -6.687219999703089, 0.0 ], [ 106.648600000289974, -6.686989999888429, 0.0 ], [ 106.648420000083064, -6.68682000014277, 0.0 ], [ 106.64830931512293, -6.686776955891585, 0.0 ], [ 106.648239999876324, -6.686749999612598, 0.0 ], [ 106.648030000084631, -6.686740000050797, 0.0 ], [ 106.647709999716909, -6.686829999704571, 0.0 ], [ 106.647539999971173, -6.686929999819515, 0.0 ], [ 106.647359999764348, -6.687040000395541, 0.0 ], [ 106.647270000110566, -6.687029999934371, 0.0 ], [ 106.647169999995711, -6.686940000280597, 0.0 ], [ 106.647129999949684, -6.68682000014277, 0.0 ], [ 106.647109999926712, -6.686639999935853, 0.0 ], [ 106.64706999988077, -6.686459999729024, 0.0 ], [ 106.64700000024996, -6.68616999984545, 0.0 ], [ 106.646909999696902, -6.686000000099703, 0.0 ], [ 106.646770000435396, -6.685819999892963, 0.0 ], [ 106.646619999813339, -6.685750000262161, 0.0 ], [ 106.646530000159558, -6.685779999846932, 0.0 ], [ 106.646470000090645, -6.685839999915935, 0.0 ], [ 106.6464320289152, -6.685910516656826, 0.0 ], [ 106.646399999560472, -6.685969999615651, 0.0 ], [ 106.646360000413807, -6.686229999914453, 0.0 ], [ 106.646280000321923, -6.686399999660111, 0.0 ], [ 106.646180000207067, -6.686450000167223, 0.0 ], [ 106.645839999816303, -6.686479999751995, 0.0 ], [ 106.645759999724334, -6.686450000167223, 0.0 ], [ 106.645739999701362, -6.686339999591198, 0.0 ], [ 106.645719999678391, -6.68616000028365, 0.0 ], [ 106.645719999678391, -6.686057548616855, 0.0 ], [ 106.645719999678391, -6.685839999915935, 0.0 ], [ 106.64563000002461, -6.685579999617133, 0.0 ], [ 106.6455600003939, -6.685489999963359, 0.0 ], [ 106.645179999957179, -6.685039999895928, 0.0 ], [ 106.64505000025747, -6.68487999971207, 0.0 ], [ 106.645019999773325, -6.684720000427493, 0.0 ], [ 106.644979999727383, -6.684310000406004, 0.0 ], [ 106.644899999635498, -6.68399999960009, 0.0 ], [ 106.64476999993569, -6.68380999983146, 0.0 ], [ 106.644549999682923, -6.68358999957869, 0.0 ], [ 106.644399999960228, -6.683530000408968, 0.0 ], [ 106.644210000191521, -6.683490000363026, 0.0 ], [ 106.643880000262001, -6.683459999878973, 0.0 ], [ 106.643769999685887, -6.683479999901945, 0.0 ], [ 106.64361531269671, -6.683504423690092, 0.0 ], [ 106.64357999991725, -6.683510000385997, 0.0 ], [ 106.643270000010617, -6.683470000340055, 0.0 ], [ 106.643189999918732, -6.683410000271142, 0.0 ], [ 106.643249999987646, -6.683190000018371, 0.0 ], [ 106.643319999618456, -6.683029999834424, 0.0 ], [ 106.643290000033588, -6.682929999719569, 0.0 ], [ 106.643220000402877, -6.682869999650656, 0.0 ], [ 106.643140000310993, -6.682849999627596, 0.0 ], [ 106.642989999688936, -6.682900000134708, 0.0 ], [ 106.642839999966242, -6.683000000249653, 0.0 ], [ 106.642799999920214, -6.683080000341626, 0.0 ], [ 106.642790000358417, -6.683230000064313, 0.0 ], [ 106.642759999874272, -6.683840000315602, 0.0 ], [ 106.642679999782303, -6.684079999692063, 0.0 ], [ 106.642610000151507, -6.684119999738005, 0.0 ], [ 106.642309999806756, -6.684190000268089, 0.0 ], [ 106.642129999600016, -6.684250000337091, 0.0 ], [ 106.641939999831294, -6.684360000013836, 0.0 ], [ 106.641770000085643, -6.684369999575637, 0.0 ], [ 106.641680000431862, -6.684299999944834, 0.0 ], [ 106.641669999970702, -6.684239999875921, 0.0 ], [ 106.641710000016644, -6.684150000222147, 0.0 ], [ 106.641899999785352, -6.683789999808489, 0.0 ], [ 106.641939999831294, -6.683600000039771, 0.0 ], [ 106.641919999808323, -6.683470000340055, 0.0 ], [ 106.641830000154556, -6.683330000179168, 0.0 ], [ 106.641759999624469, -6.683299999695027, 0.0 ], [ 106.64156000029395, -6.683339999740969, 0.0 ], [ 106.641250000387402, -6.683459999878973, 0.0 ], [ 106.641019999673375, -6.683600000039771, 0.0 ], [ 106.640840000365912, -6.683660000108773, 0.0 ], [ 106.640689999743856, -6.683660000108773, 0.0 ], [ 106.640600000090089, -6.68358999957869, 0.0 ], [ 106.640359999814336, -6.683270000110255, 0.0 ], [ 106.639869768575096, -6.682388935201047, 0.0 ], [ 106.639710000416386, -6.682129999699562, 0.0 ], [ 106.639539999771358, -6.681990000438045, 0.0 ], [ 106.639200000279956, -6.681730000139243, 0.0 ], [ 106.638866192620839, -6.681635956234224, 0.0 ], [ 106.638562372855404, -6.681537332082002, 0.0 ], [ 106.638420913094791, -6.681225312298213, 0.0 ], [ 106.638320000168065, -6.680970000165178, 0.0 ], [ 106.638203364393874, -6.680593176134, 0.0 ], [ 106.638189999568979, -6.680549999682608, 0.0 ], [ 106.637999999800357, -6.680099999615177, 0.0 ], [ 106.637830000054606, -6.679869999800516, 0.0 ], [ 106.637661500378087, -6.679709963643745, 0.0 ], [ 106.637467415888722, -6.67952562870461, 0.0 ], [ 106.637223476582363, -6.679384912683375, 0.0 ], [ 106.636969060174152, -6.679498980893097, 0.0 ], [ 106.63668999964392, -6.67972999963963, 0.0 ], [ 106.63637000017556, -6.679849999777545, 0.0 ], [ 106.635928819759371, -6.679977967908748, 0.0 ], [ 106.635487159105281, -6.679973774369987, 0.0 ], [ 106.635130015837689, -6.679844754931299, 0.0 ], [ 106.634913709999836, -6.679500146414465, 0.0 ], [ 106.634950000342471, -6.678900000034762, 0.0 ], [ 106.634815552595853, -6.678501289202945, 0.0 ], [ 106.634666290317227, -6.678310722861394, 0.0 ], [ 106.6344176115837, -6.678021417254456, 0.0 ], [ 106.63440431420797, -6.677983151101365, 0.0 ], [ 106.634260402895421, -6.677569051070655, 0.0 ], [ 106.634301381403816, -6.67742024294963, 0.0 ], [ 106.6343400000911, -6.677279999971866, 0.0 ], [ 106.634540000320982, -6.677070000180176, 0.0 ], [ 106.634799999720414, -6.676789999858403, 0.0 ], [ 106.634824596178348, -6.676427885138683, 0.0 ], [ 106.634584789256834, -6.676145625719911, 0.0 ], [ 106.634301247404878, -6.676013884033374, 0.0 ], [ 106.634080015080855, -6.675996927316188, 0.0 ], [ 106.633850816562116, -6.676245359635438, 0.0 ], [ 106.633533089680512, -6.676476394569821, 0.0 ], [ 106.633170365220366, -6.676477597862664, 0.0 ], [ 106.632717852447144, -6.676081050799656, 0.0 ], [ 106.632805500373664, -6.675833087926488, 0.0 ], [ 106.633040000395823, -6.675579999816996, 0.0 ], [ 106.633139999611487, -6.675410000071249, 0.0 ], [ 106.633128812045143, -6.675080272636293, 0.0 ], [ 106.633120705556252, -6.67484135244635, 0.0 ], [ 106.633004991587256, -6.674629444293281, 0.0 ], [ 106.63261546463221, -6.674551125034203, 0.0 ], [ 106.632366901011864, -6.674295429790114, 0.0 ], [ 106.631789099187785, -6.673465869054453, 0.0 ], [ 106.631397931869245, -6.672892207709094, 0.0 ], [ 106.6315799996175, -6.672629999574688, 0.0 ], [ 106.631643214762704, -6.672157222377741, 0.0 ], [ 106.631588991938614, -6.671812427701198, 0.0 ], [ 106.631384927672414, -6.671636193855104, 0.0 ], [ 106.630897560773931, -6.67139897788033, 0.0 ], [ 106.630563676672494, -6.671347121172513, 0.0 ], [ 106.630339916354231, -6.671312367771378, 0.0 ], [ 106.630064492682351, -6.670959459411332, 0.0 ], [ 106.629798297853341, -6.670721511388447, 0.0 ], [ 106.629496705708561, -6.670347127218026, 0.0 ], [ 106.629442962223081, -6.670280411012044, 0.0 ], [ 106.629609999602025, -6.669939999631183, 0.0 ], [ 106.629789999808764, -6.669540000070775, 0.0 ], [ 106.630019999623428, -6.668969999865428, 0.0 ], [ 106.630047312933272, -6.668438555394864, 0.0 ], [ 106.630125005364874, -6.66785449608799, 0.0 ], [ 106.630200055588233, -6.667779571769685, 0.0 ], [ 106.63042000008312, -6.667559999594133, 0.0 ], [ 106.63069002962132, -6.667498809722119, 0.0 ], [ 106.630937038313846, -6.667285701873507, 0.0 ], [ 106.631431347079143, -6.666947939895387, 0.0 ], [ 106.631580513130388, -6.66657593712964, 0.0 ], [ 106.631749216053663, -6.66676113361925, 0.0 ], [ 106.631909569671066, -6.667096731828561, 0.0 ], [ 106.631927644245522, -6.667211663387409, 0.0 ], [ 106.631890000423326, -6.667429999894416, 0.0 ], [ 106.631761573637945, -6.667822550370275, 0.0 ], [ 106.631736146206407, -6.668158761917145, 0.0 ], [ 106.631861054843966, -6.668476785575042, 0.0 ], [ 106.6320925349427, -6.668765986860627, 0.0 ] ] ] ] } },
{ "type": "Feature", "properties": { "PROVNO": "32", "KABKOTNO": "01", "KECNO": "030", "DESANO": "004", "PROVINSI": "JAWA BARAT", "KABKOT": "BOGOR", "KECAMATAN": "PAMIJAHAN", "ID2013": "3201030004", "DESA": "CIASIHAN", "DESA_1": "CIASIHAN", "ID2012": "3201030004", "IDKAB2": "3201", "IDKEC_2": "3201030", "WILAYAH": "BARAT" }, "geometry": { "type": "MultiPolygon", "coordinates": [ [ [ [ 106.65044463031559, -6.667654108250378, 0.0 ], [ 106.650544191561423, -6.667650379661119, 0.0 ], [ 106.650729999590027, -6.668310000006308, 0.0 ], [ 106.650929999819823, -6.668729999589598, 0.0 ], [ 106.651043657938658, -6.668890459327095, 0.0 ], [ 106.651099999565488, -6.668969999865428, 0.0 ], [ 106.651230000164574, -6.668960000303628, 0.0 ], [ 106.65154999963292, -6.668709999566627, 0.0 ], [ 106.651749999862801, -6.668450000167283, 0.0 ], [ 106.652019999723407, -6.668319999568197, 0.0 ], [ 106.652329999629956, -6.668390000098281, 0.0 ], [ 106.652640000435866, -6.668599999889882, 0.0 ], [ 106.65301999997321, -6.669119999588116, 0.0 ], [ 106.653309999856788, -6.669459999978891, 0.0 ], [ 106.653421377294904, -6.669552813611315, 0.0 ], [ 106.653730000339451, -6.669809999931378, 0.0 ], [ 106.654279999622446, -6.670259999998809, 0.0 ], [ 106.654459999829371, -6.670569999905442, 0.0 ], [ 106.654459999829371, -6.670826349855954, 0.0 ], [ 106.654459999829371, -6.670830000204244, 0.0 ], [ 106.654499999875313, -6.671120000087818, 0.0 ], [ 106.654677492772223, -6.671341867333105, 0.0 ], [ 106.654700000105109, -6.671369999925361, 0.0 ], [ 106.654889999873745, -6.671389999948332, 0.0 ], [ 106.655179999757408, -6.671280000271587, 0.0 ], [ 106.655540000171058, -6.671280000271587, 0.0 ], [ 106.655930000169491, -6.671530000109307, 0.0 ], [ 106.656380000237007, -6.671920000107736, 0.0 ], [ 106.656529999959702, -6.672299999645173, 0.0 ], [ 106.656480000351863, -6.672599999989828, 0.0 ], [ 106.656400000259978, -6.673150000172203, 0.0 ], [ 106.656367220870735, -6.673417696869102, 0.0 ], [ 106.656340000191065, -6.673640000285577, 0.0 ], [ 106.656469999890788, -6.674260000098755, 0.0 ], [ 106.656690000143556, -6.674710000166186, 0.0 ], [ 106.657000000050104, -6.674670000120244, 0.0 ], [ 106.657390000048622, -6.674570000005389, 0.0 ], [ 106.657699999955156, -6.674560000443499, 0.0 ], [ 106.657849999677936, -6.674630000074302, 0.0 ], [ 106.658150000022687, -6.674950000442017, 0.0 ], [ 106.658410000321481, -6.675120000187675, 0.0 ], [ 106.658669999720829, -6.675149999772447, 0.0 ], [ 106.658869999950724, -6.675249999887392, 0.0 ], [ 106.659010000111607, -6.675510000186193, 0.0 ], [ 106.659010861662168, -6.67551224039741, 0.0 ], [ 106.659159999834287, -6.675900000184711, 0.0 ], [ 106.659347451823606, -6.676393293615437, 0.0 ], [ 106.659349999603009, -6.676399999859974, 0.0 ], [ 106.659649999947661, -6.676669999720577, 0.0 ], [ 106.659970000315383, -6.676849999927406, 0.0 ], [ 106.66034000029093, -6.677079999742066, 0.0 ], [ 106.660619999713418, -6.677440000155723, 0.0 ], [ 106.660750000312419, -6.6777999996701, 0.0 ], [ 106.660819999943214, -6.677979999876928, 0.0 ], [ 106.661009999711936, -6.678089999553674, 0.0 ], [ 106.661149999872734, -6.678169999645647, 0.0 ], [ 106.661229999964704, -6.678309999806444, 0.0 ], [ 106.661299999595514, -6.678510000036333, 0.0 ], [ 106.661299999595514, -6.678730000289104, 0.0 ], [ 106.661089999803821, -6.678940000080793, 0.0 ], [ 106.661029999734907, -6.679080000241679, 0.0 ], [ 106.661180000356964, -6.679339999641112, 0.0 ], [ 106.661339999641456, -6.679479999801998, 0.0 ], [ 106.661579999917279, -6.679590000378024, 0.0 ], [ 106.661760000124104, -6.679539999870912, 0.0 ], [ 106.661969999915712, -6.679370000125253, 0.0 ], [ 106.662119999638406, -6.679350000102282, 0.0 ], [ 106.66235999991423, -6.679669999570628, 0.0 ], [ 106.662419999983143, -6.679840000215655, 0.0 ], [ 106.662560000144111, -6.680050000007345, 0.0 ], [ 106.662675971319175, -6.680183025925803, 0.0 ], [ 106.662852885952077, -6.680385957945436, 0.0 ], [ 106.662899999635442, -6.680440000005863, 0.0 ], [ 106.663090000303441, -6.680780000396549, 0.0 ], [ 106.663139999911266, -6.680990000188238, 0.0 ], [ 106.663170000395411, -6.681269999610642, 0.0 ], [ 106.663155453861293, -6.681366368263166, 0.0 ], [ 106.663090000303441, -6.681799999770046, 0.0 ], [ 106.663039999796325, -6.681919999907873, 0.0 ], [ 106.662930000119573, -6.682200000229646, 0.0 ], [ 106.662919999658413, -6.682369999975393, 0.0 ], [ 106.662970000165515, -6.682490000113219, 0.0 ], [ 106.663170000395411, -6.682550000182133, 0.0 ], [ 106.6635800004169, -6.682619999812935, 0.0 ], [ 106.664069999630982, -6.682710000366079, 0.0 ], [ 106.664499999675357, -6.682809999581654, 0.0 ], [ 106.664739999951195, -6.68294000018065, 0.0 ], [ 106.664800000020108, -6.683060000318655, 0.0 ], [ 106.664719561059101, -6.683264752566078, 0.0 ], [ 106.664690000343356, -6.683339999740969, 0.0 ], [ 106.664530000159587, -6.683600000039771, 0.0 ], [ 106.664399999560501, -6.683880000361544, 0.0 ], [ 106.664419999583473, -6.684299999944834, 0.0 ], [ 106.664610000251471, -6.684720000427493, 0.0 ], [ 106.664840000066135, -6.685099999964841, 0.0 ], [ 106.664846863691977, -6.685109914091161, 0.0 ], [ 106.66502000027296, -6.685360000263643, 0.0 ], [ 106.665199999580423, -6.6855200004475, 0.0 ], [ 106.665539999971202, -6.685650000147216, 0.0 ], [ 106.665809999831794, -6.685659999709017, 0.0 ], [ 106.666070000130603, -6.685619999663075, 0.0 ], [ 106.66636000001418, -6.685759999823961, 0.0 ], [ 106.666429999644976, -6.685910000446018, 0.0 ], [ 106.666429999644976, -6.686339999591198, 0.0 ], [ 106.666433989037529, -6.686479607647602, 0.0 ], [ 106.666440000106064, -6.686690000442965, 0.0 ], [ 106.666500000175063, -6.686960000303568, 0.0 ], [ 106.666560000243976, -6.687170000095257, 0.0 ], [ 106.66636000001418, -6.687910000046351, 0.0 ], [ 106.666301652899122, -6.688060033943302, 0.0 ], [ 106.66629000038337, -6.68809000025318, 0.0 ], [ 106.666199999830326, -6.688409999721525, 0.0 ], [ 106.666210000291485, -6.688529999859441, 0.0 ], [ 106.666349999553006, -6.688690000043298, 0.0 ], [ 106.666689999943785, -6.688919999857958, 0.0 ], [ 106.666890000173581, -6.689069999580646, 0.0 ], [ 106.666959999804291, -6.689360000363589, 0.0 ], [ 106.666919999758349, -6.689590000178249, 0.0 ], [ 106.667016416974249, -6.689826660371914, 0.0 ], [ 106.667030000334378, -6.689860000038852, 0.0 ], [ 106.667200000080129, -6.689949999692537, 0.0 ], [ 106.667509999986663, -6.690089999853424, 0.0 ], [ 106.667530000009634, -6.690169999945397, 0.0 ], [ 106.667349999802809, -6.690530000359054, 0.0 ], [ 106.667309999756867, -6.690920000357572, 0.0 ], [ 106.667509999986663, -6.691230000264117, 0.0 ], [ 106.667659999709358, -6.691290000333119, 0.0 ], [ 106.668530000259452, -6.691429999594636, 0.0 ], [ 106.668820000143029, -6.691500000124719, 0.0 ], [ 106.669000000349939, -6.691640000285606, 0.0 ], [ 106.66892000025797, -6.692200000029782, 0.0 ], [ 106.668897457851628, -6.692350283039019, 0.0 ], [ 106.668889999773825, -6.692400000259582, 0.0 ], [ 106.668849999727883, -6.692670000120273, 0.0 ], [ 106.668869999750854, -6.69304000009582, 0.0 ], [ 106.66902000037291, -6.693129999749505, 0.0 ], [ 106.669270000210545, -6.693149999772476, 0.0 ], [ 106.669673322765803, -6.693040002793751, 0.0 ], [ 106.669820000392832, -6.693000000049789, 0.0 ], [ 106.670059999769379, -6.692890000373044, 0.0 ], [ 106.670289999583957, -6.692870000350073, 0.0 ], [ 106.670380000137101, -6.692899999934845, 0.0 ], [ 106.670507203844579, -6.693096106100285, 0.0 ], [ 106.670620000412839, -6.693269999910392, 0.0 ], [ 106.670620000412839, -6.693399999610108, 0.0 ], [ 106.670560000343926, -6.693780000046825, 0.0 ], [ 106.67065999955949, -6.693940000230683, 0.0 ], [ 106.671049999558022, -6.694170000045254, 0.0 ], [ 106.671409999971672, -6.694310000206229, 0.0 ], [ 106.672000000199986, -6.694620000112774, 0.0 ], [ 106.672100000314941, -6.694769999835462, 0.0 ], [ 106.672169999945737, -6.695019999673093, 0.0 ], [ 106.672209999991679, -6.695110000226148, 0.0 ], [ 106.672370000175533, -6.695210000341092, 0.0 ], [ 106.672649999597937, -6.695190000318121, 0.0 ], [ 106.67274000015108, -6.694999999650122, 0.0 ], [ 106.672940000380891, -6.694540000020801, 0.0 ], [ 106.673079999642397, -6.694399999860003, 0.0 ], [ 106.673210000241482, -6.694430000344056, 0.0 ], [ 106.673319999918235, -6.694589999628633, 0.0 ], [ 106.673409999572002, -6.694919999558149, 0.0 ], [ 106.673409999572002, -6.695290000433065, 0.0 ], [ 106.673420000033175, -6.695380000086839, 0.0 ], [ 106.673549999732899, -6.695529999809438, 0.0 ], [ 106.673790000008722, -6.695680000431494, 0.0 ], [ 106.674039999846258, -6.695839999716071, 0.0 ], [ 106.674139999961213, -6.6960199999229, 0.0 ], [ 106.674119999938242, -6.696180000106757, 0.0 ], [ 106.67411000037643, -6.696490000013302, 0.0 ], [ 106.674349999752806, -6.696850000426959, 0.0 ], [ 106.674730000189527, -6.696949999642623, 0.0 ], [ 106.675309999956681, -6.696989999688565, 0.0 ], [ 106.675769999585995, -6.697140000310622, 0.0 ], [ 106.675969999815791, -6.69729999959511, 0.0 ], [ 106.676261818128594, -6.69754926198868, 0.0 ], [ 106.676450000367453, -6.697709999616599, 0.0 ], [ 106.676649999697887, -6.698070000030345, 0.0 ], [ 106.676720000227974, -6.698440000005892, 0.0 ], [ 106.676680000182031, -6.698979999727008, 0.0 ], [ 106.676649999697887, -6.699179999956897, 0.0 ], [ 106.676840000365885, -6.699349999702555, 0.0 ], [ 106.677309999557011, -6.699469999840471, 0.0 ], [ 106.677480000202038, -6.699529999909473, 0.0 ], [ 106.677699999555529, -6.699650000047299, 0.0 ], [ 106.677686582569862, -6.699904929968383, 0.0 ], [ 106.677680000431835, -6.700029999584647, 0.0 ], [ 106.677569999855805, -6.700349999952362, 0.0 ], [ 106.677537019018374, -6.701042603832921, 0.0 ], [ 106.677529999809778, -6.701190000018311, 0.0 ], [ 106.67764999994769, -6.701479999901885, 0.0 ], [ 106.677850000177585, -6.701470000340084, 0.0 ], [ 106.678160000084119, -6.701109999926427, 0.0 ], [ 106.678245131707655, -6.701042603832921, 0.0 ], [ 106.678400000359872, -6.700920000157709, 0.0 ], [ 106.678610000151565, -6.700880000111766, 0.0 ], [ 106.678871971764224, -6.701042603832921, 0.0 ], [ 106.678900000035128, -6.701060000318595, 0.0 ], [ 106.679180000356908, -6.70139999981, 0.0 ], [ 106.679479999802282, -6.701880000361573, 0.0 ], [ 106.679729999640003, -6.701909999946434, 0.0 ], [ 106.680029999984654, -6.701929999969405, 0.0 ], [ 106.680319999868317, -6.70201999962309, 0.0 ], [ 106.680330000329405, -6.702090000153262, 0.0 ], [ 106.68037999993723, -6.702389999598637, 0.0 ], [ 106.680520000098113, -6.702600000289607, 0.0 ], [ 106.680600000190083, -6.702770000035265, 0.0 ], [ 106.680669999820807, -6.703010000311096, 0.0 ], [ 106.680709999866835, -6.703429999894386, 0.0 ], [ 106.68074000035088, -6.703650000147245, 0.0 ], [ 106.680800000419893, -6.703879999961906, 0.0 ], [ 106.680830000004661, -6.704020000122703, 0.0 ], [ 106.680629999774865, -6.70461000035111, 0.0 ], [ 106.680540000121084, -6.704829999704511, 0.0 ], [ 106.68037999993723, -6.705139999611145, 0.0 ], [ 106.680339999891288, -6.7052300001642, 0.0 ], [ 106.680290000283463, -6.705419999932829, 0.0 ], [ 106.68037999993723, -6.705709999816492, 0.0 ], [ 106.680469999590997, -6.706010000161235, 0.0 ], [ 106.680520000098113, -6.706119999837981, 0.0 ], [ 106.680689999843779, -6.706250000437066, 0.0 ], [ 106.680930000119602, -6.706340000090751, 0.0 ], [ 106.681349999702888, -6.706420000182636, 0.0 ], [ 106.68193000036942, -6.70654000032064, 0.0 ], [ 106.682140000161013, -6.706690000043327, 0.0 ], [ 106.682320000367923, -6.706939999880959, 0.0 ], [ 106.682450000067647, -6.707200000179672, 0.0 ], [ 106.682639999836283, -6.707550000132247, 0.0 ], [ 106.682699999905282, -6.707679999831964, 0.0 ], [ 106.682739999951224, -6.707730000339076, 0.0 ], [ 106.682980000227047, -6.708009999761568, 0.0 ], [ 106.683000000250019, -6.708080000291563, 0.0 ], [ 106.682969999765874, -6.708290000083252, 0.0 ], [ 106.683000000250019, -6.708390000198197, 0.0 ], [ 106.683109999926771, -6.708609999551687, 0.0 ], [ 106.683080000341903, -6.709050000057317, 0.0 ], [ 106.683100000364874, -6.70911000012623, 0.0 ], [ 106.683137647784378, -6.709123944114594, 0.0 ], [ 106.68337000022548, -6.709210000241175, 0.0 ], [ 106.683499999925203, -6.709250000287117, 0.0 ], [ 106.683620000063115, -6.709359999963862, 0.0 ], [ 106.683700000155085, -6.709449999617636, 0.0 ], [ 106.683780000246969, -6.709509999686549, 0.0 ], [ 106.683829999854794, -6.709589999778522, 0.0 ], [ 106.683869999900736, -6.709649999847436, 0.0 ], [ 106.683900000384881, -6.709729999939409, 0.0 ], [ 106.683940000430823, -6.709810000031293, 0.0 ], [ 106.683970000015691, -6.709870000100207, 0.0 ], [ 106.683970000015691, -6.710010000261182, 0.0 ], [ 106.683920000407852, -6.710170000445039, 0.0 ], [ 106.683789999808852, -6.710360000213669, 0.0 ], [ 106.683769999785881, -6.710460000328524, 0.0 ], [ 106.683809999831823, -6.710579999567159, 0.0 ], [ 106.683889999923707, -6.710839999865961, 0.0 ], [ 106.683940000430823, -6.710980000026847, 0.0 ], [ 106.6840999997154, -6.711280000371591, 0.0 ], [ 106.684179999807284, -6.711300000394562, 0.0 ], [ 106.684290000383399, -6.711430000094278, 0.0 ], [ 106.684389999598977, -6.711550000232105, 0.0 ], [ 106.684469999690947, -6.711670000370109, 0.0 ], [ 106.68452999975986, -6.711840000115767, 0.0 ], [ 106.684509999736889, -6.712000000299625, 0.0 ], [ 106.684489999713918, -6.712239999676086, 0.0 ], [ 106.684520000197978, -6.712439999905886, 0.0 ], [ 106.684580000266976, -6.712809999881433, 0.0 ], [ 106.684660000358946, -6.713429999694611, 0.0 ], [ 106.684739999551553, -6.713549999832438, 0.0 ], [ 106.684799999620466, -6.713699999555125, 0.0 ], [ 106.684919999758293, -6.713970000315097, 0.0 ], [ 106.684999999850262, -6.714089999553643, 0.0 ], [ 106.685099999965217, -6.714220000152729, 0.0 ], [ 106.685280000172042, -6.714300000244613, 0.0 ], [ 106.685309999756811, -6.714349999852445, 0.0 ], [ 106.68538999984878, -6.714440000405588, 0.0 ], [ 106.685520000447781, -6.714559999644134, 0.0 ], [ 106.685659999709387, -6.714630000174218, 0.0 ], [ 106.685879999962154, -6.714730000289162, 0.0 ], [ 106.686149999822845, -6.714929999619681, 0.0 ], [ 106.686129999799874, -6.715049999757507, 0.0 ], [ 106.686060000169078, -6.715129999849481, 0.0 ], [ 106.685949999592964, -6.715200000379564, 0.0 ], [ 106.685599999640473, -6.715370000125223, 0.0 ], [ 106.685460000378868, -6.715720000077798, 0.0 ], [ 106.685309999756811, -6.716050000007314, 0.0 ], [ 106.685320000217985, -6.716130000099287, 0.0 ], [ 106.685309999756811, -6.716250000237114, 0.0 ], [ 106.685169999596013, -6.716489999613664, 0.0 ], [ 106.684930000219467, -6.71662999977455, 0.0 ], [ 106.684409999621948, -6.71683000000435, 0.0 ], [ 106.68431000040637, -6.716959999704066, 0.0 ], [ 106.684179999807284, -6.717360000163666, 0.0 ], [ 106.68401999962343, -6.717610000001386, 0.0 ], [ 106.683900000384881, -6.717730000139213, 0.0 ], [ 106.683920000407852, -6.717790000208215, 0.0 ], [ 106.684010000061633, -6.717959999953873, 0.0 ], [ 106.684210000291429, -6.718260000298617, 0.0 ], [ 106.684400000060151, -6.718730000389019, 0.0 ], [ 106.684500000175007, -6.718980000226651, 0.0 ], [ 106.68452999975986, -6.71919000001834, 0.0 ], [ 106.684580000266976, -6.719430000294082, 0.0 ], [ 106.68429999994521, -6.719749999762517, 0.0 ], [ 106.684190000268458, -6.719869999900432, 0.0 ], [ 106.684119999738371, -6.720019999623119, 0.0 ], [ 106.684110000176574, -6.720150000222205, 0.0 ], [ 106.684110000176574, -6.720230000314089, 0.0 ], [ 106.684150000222516, -6.720319999967863, 0.0 ], [ 106.684179999807284, -6.720389999598666, 0.0 ], [ 106.684270000360428, -6.72046999969055, 0.0 ], [ 106.684339999991153, -6.720580000266665, 0.0 ], [ 106.684420000083122, -6.720649999897468, 0.0 ], [ 106.684509999736889, -6.720700000404491, 0.0 ], [ 106.684629999874716, -6.720839999666097, 0.0 ], [ 106.684640000335975, -6.720919999757982, 0.0 ], [ 106.684580000266976, -6.721300000194699, 0.0 ], [ 106.684600000289947, -6.721489999963328, 0.0 ], [ 106.684669999920743, -6.721520000447558, 0.0 ], [ 106.684750000012727, -6.72153999957116, 0.0 ], [ 106.684839999666409, -6.721570000055301, 0.0 ], [ 106.684950000242523, -6.721590000078272, 0.0 ], [ 106.685229999664926, -6.721659999709075, 0.0 ], [ 106.685420000332925, -6.72175000026213, 0.0 ], [ 106.68567000017056, -6.721899999984817, 0.0 ], [ 106.686009999661877, -6.72196999961562, 0.0 ], [ 106.686260000398875, -6.722000000099762, 0.0 ], [ 106.686410000121555, -6.722080000191646, 0.0 ], [ 106.68665999995919, -6.722220000352621, 0.0 ], [ 106.686820000143058, -6.722249999937393, 0.0 ], [ 106.687130000049677, -6.722269999960364, 0.0 ], [ 106.687210000141562, -6.722350000052337, 0.0 ], [ 106.688839999766358, -6.723760000323544, 0.0 ], [ 106.689080000042182, -6.723990000138294, 0.0 ], [ 106.68965000024744, -6.724469999790497, 0.0 ], [ 106.690330000129535, -6.725049999557644, 0.0 ], [ 106.691070000080629, -6.725679999831993, 0.0 ], [ 106.691379999987177, -6.725960000153766, 0.0 ], [ 106.692119999938171, -6.726620000012797, 0.0 ], [ 106.692220000053126, -6.726649999597658, 0.0 ], [ 106.692300000145096, -6.7266899996436, 0.0 ], [ 106.692420000282922, -6.726789999758545, 0.0 ], [ 106.692650000097586, -6.726929999919342, 0.0 ], [ 106.692850000327468, -6.727000000449515, 0.0 ], [ 106.693029999634931, -6.727070000080317, 0.0 ], [ 106.693209999841756, -6.72713999971112, 0.0 ], [ 106.693679999932243, -6.727299999894889, 0.0 ], [ 106.693749999563053, -6.72733999994092, 0.0 ], [ 106.69396999981582, -6.727500000124778, 0.0 ], [ 106.6942500001376, -6.727760000423491, 0.0 ], [ 106.694620000113147, -6.728019999822923, 0.0 ], [ 106.69480999988177, -6.728079999891925, 0.0 ], [ 106.694979999627435, -6.728139999960927, 0.0 ], [ 106.695460000178997, -6.728440000305582, 0.0 ], [ 106.695609999901777, -6.728469999890443, 0.0 ], [ 106.696030000384354, -6.728570000005298, 0.0 ], [ 106.696229999714873, -6.728750000212216, 0.0 ], [ 106.69618000010712, -6.728850000327071, 0.0 ], [ 106.696220000153062, -6.729000000049759, 0.0 ], [ 106.696360000313959, -6.729160000233705, 0.0 ], [ 106.696479999552508, -6.729289999933332, 0.0 ], [ 106.69653000005961, -6.729530000209163, 0.0 ], [ 106.696739999851303, -6.72971000041608, 0.0 ], [ 106.696909999596954, -6.729800000069766, 0.0 ], [ 106.697140000310895, -6.729829999654626, 0.0 ], [ 106.697270000010704, -6.729829999654626, 0.0 ], [ 106.697630000424368, -6.729840000115797, 0.0 ], [ 106.697720000078135, -6.729820000092825, 0.0 ], [ 106.69796999991577, -6.729769999585624, 0.0 ], [ 106.698079999592522, -6.729840000115797, 0.0 ], [ 106.698159999684407, -6.730020000322625, 0.0 ], [ 106.698239999776291, -6.730109999976399, 0.0 ], [ 106.698310000306464, -6.730109999976399, 0.0 ], [ 106.698999999750356, -6.730729999789489, 0.0 ], [ 106.699420000233005, -6.731170000295119, 0.0 ], [ 106.700289999883722, -6.732240000175729, 0.0 ], [ 106.700800000020166, -6.732989999688623, 0.0 ], [ 106.70145999987929, -6.73355999989397, 0.0 ], [ 106.702872309609603, -6.734385504687115, 0.0 ], [ 106.702872868987839, -6.734389289933631, 0.0 ], [ 106.702873428366246, -6.734393073381497, 0.0 ], [ 106.702820039213591, -6.734612430619027, 0.0 ], [ 106.702736086601263, -6.73494096105637, 0.0 ], [ 106.702369909643792, -6.735140758039417, 0.0 ], [ 106.702285957930741, -6.735196080734376, 0.0 ], [ 106.702141024988478, -6.735262841007152, 0.0 ], [ 106.701996066865107, -6.735393508003842, 0.0 ], [ 106.701797697106173, -6.7355956738011, 0.0 ], [ 106.701744283671971, -6.735694834848562, 0.0 ], [ 106.701729026673462, -6.735871298921161, 0.0 ], [ 106.701706128135456, -6.736203140662269, 0.0 ], [ 106.701675614138438, -6.736385794768509, 0.0 ], [ 106.701553553653781, -6.736679045701202, 0.0 ], [ 106.701370441792648, -6.736952253443587, 0.0 ], [ 106.701294155001449, -6.737170184356369, 0.0 ], [ 106.701187329032138, -6.737418147229537, 0.0 ], [ 106.701050012448263, -6.737603145868345, 0.0 ], [ 106.701004239654083, -6.737776224892702, 0.0 ], [ 106.700927928581237, -6.738171538985185, 0.0 ], [ 106.700889773044736, -6.738357988230383, 0.0 ], [ 106.700844025431564, -6.73844000640095, 0.0 ], [ 106.70069906820757, -6.738676508314025, 0.0 ], [ 106.700607499236853, -6.738829564832329, 0.0 ], [ 106.700508313907747, -6.738964027867436, 0.0 ], [ 106.700496864638751, -6.738980723781154, 0.0 ], [ 106.700485416269117, -6.73899742059433, 0.0 ], [ 106.700447284115057, -6.739117109566752, 0.0 ], [ 106.700500696649982, -6.739360769183946, 0.0 ], [ 106.700470182652964, -6.739428497127289, 0.0 ], [ 106.700432027116548, -6.739536725139619, 0.0 ], [ 106.700348098785952, -6.739753206345291, 0.0 ], [ 106.700248914356123, -6.73990295066055, 0.0 ], [ 106.700172626665562, -6.740058377791716, 0.0 ], [ 106.700088699234243, -6.740190472012522, 0.0 ], [ 106.700004771802924, -6.740403131998765, 0.0 ], [ 106.699981898446026, -6.740478499682858, 0.0 ], [ 106.699913227113939, -6.740595772176974, 0.0 ], [ 106.699775911429342, -6.740741213236259, 0.0 ], [ 106.699714857354934, -6.740790345897576, 0.0 ], [ 106.699661443920633, -6.740856139399156, 0.0 ], [ 106.699657635291842, -6.740867335958658, 0.0 ], [ 106.699653826662967, -6.740878528920771, 0.0 ], [ 106.699638569664444, -6.740950535838444, 0.0 ], [ 106.699569924412657, -6.741166073655194, 0.0 ], [ 106.69950125308057, -6.741335839577136, 0.0 ], [ 106.699470738184175, -6.741404969563494, 0.0 ], [ 106.699470738184175, -6.741416890077225, 0.0 ], [ 106.699470738184175, -6.741428810591046, 0.0 ], [ 106.699455456904033, -6.741493660703703, 0.0 ], [ 106.699447839646268, -6.741551354011612, 0.0 ], [ 106.699432582647759, -6.741626698313343, 0.0 ], [ 106.699402067751379, -6.741720636098272, 0.0 ], [ 106.6993867873705, -6.741781206337496, 0.0 ], [ 106.69840259990022, -6.742161238250368, 0.0 ], [ 106.698013500123125, -6.742579425699748, 0.0 ], [ 106.697708327777235, -6.742876981687154, 0.0 ], [ 106.697296353743951, -6.743237936281545, 0.0 ], [ 106.697292518135413, -6.743239868025377, 0.0 ], [ 106.697290598982121, -6.743240833897204, 0.0 ], [ 106.696891996968247, -6.743441529303009, 0.0 ], [ 106.696518154189647, -6.743594611002326, 0.0 ], [ 106.695541583977118, -6.744037582868003, 0.0 ], [ 106.694786257779711, -6.74443192928992, 0.0 ], [ 106.694282739956634, -6.744680858934284, 0.0 ], [ 106.693809712748205, -6.744809131935749, 0.0 ], [ 106.693382457434581, -6.74482102906703, 0.0 ], [ 106.693077285088791, -6.744813894745274, 0.0 ], [ 106.692428784860695, -6.744723752998674, 0.0 ], [ 106.691810800428271, -6.744654140076403, 0.0 ], [ 106.691223354274513, -6.744634578023181, 0.0 ], [ 106.690376484287484, -6.744634094187898, 0.0 ], [ 106.689102383268562, -6.744664631567368, 0.0 ], [ 106.688362314069664, -6.744708034647964, 0.0 ], [ 106.68785877196494, -6.744787174987934, 0.0 ], [ 106.687736713278852, -6.7448310367228, 0.0 ], [ 106.687423923675297, -6.744986971970981, 0.0 ], [ 106.686790657063355, -6.745260202196359, 0.0 ], [ 106.686187929629426, -6.745417538588363, 0.0 ], [ 106.685630999271424, -6.745541048780215, 0.0 ], [ 106.684631553903273, -6.745749428892847, 0.0 ], [ 106.683815198812539, -6.745898182155177, 0.0 ], [ 106.683113286049519, -6.745947798651777, 0.0 ], [ 106.682914939672955, -6.745853377031565, 0.0 ], [ 106.682873185948921, -6.745797840297953, 0.0 ], [ 106.68239613967026, -6.745093770960544, 0.0 ], [ 106.682007040792513, -6.744570232430149, 0.0 ], [ 106.681457725893523, -6.743873542030201, 0.0 ], [ 106.680595623189646, -6.742873154172582, 0.0 ], [ 106.67999289485644, -6.742404405938398, 0.0 ], [ 106.679367293166166, -6.74185175365535, 0.0 ], [ 106.67871112891568, -6.741273834919372, 0.0 ], [ 106.677948210641603, -6.740510432810112, 0.0 ], [ 106.677322608951428, -6.73994537707733, 0.0 ], [ 106.676460456784781, -6.738822422416693, 0.0 ], [ 106.675796723839909, -6.737865872911488, 0.0 ], [ 106.675453396856895, -6.737150613309986, 0.0 ], [ 106.675247409840296, -6.736465408151862, 0.0 ], [ 106.675049039181999, -6.735748238390329, 0.0 ], [ 106.674675197302676, -6.73450895462441, 0.0 ], [ 106.674492083642889, -6.733756990092878, 0.0 ], [ 106.674209785553359, -6.732979249192841, 0.0 ], [ 106.673492640073476, -6.731912101961726, 0.0 ], [ 106.673202330823045, -6.731638495819805, 0.0 ], [ 106.673201936020732, -6.731638606436388, 0.0 ], [ 106.674200000030211, -6.730919999558207, 0.0 ], [ 106.674950000442294, -6.730210000091255, 0.0 ], [ 106.675659999909243, -6.729459999679079, 0.0 ], [ 106.676510000436366, -6.72861999961313, 0.0 ], [ 106.676970000065609, -6.728130000399037, 0.0 ], [ 106.677449999717894, -6.727569999755492, 0.0 ], [ 106.677689999993632, -6.727299999894889, 0.0 ], [ 106.677680000431835, -6.726949999942402, 0.0 ], [ 106.677580000316979, -6.726729999689542, 0.0 ], [ 106.677919999808296, -6.726660000058828, 0.0 ], [ 106.678730000289477, -6.726319999668053, 0.0 ], [ 106.679029999734936, -6.726160000383565, 0.0 ], [ 106.679209999941676, -6.726060000268621, 0.0 ], [ 106.679339999641485, -6.725900000084764, 0.0 ], [ 106.679470000240485, -6.725639999785962, 0.0 ], [ 106.679599999940194, -6.725300000294645, 0.0 ], [ 106.679769999685945, -6.724950000342069, 0.0 ], [ 106.680009999961683, -6.724409999721583, 0.0 ], [ 106.680110000076624, -6.724139999860981, 0.0 ], [ 106.680279999822289, -6.723700000254631, 0.0 ], [ 106.680330000329405, -6.723509999586632, 0.0 ], [ 106.680310000306434, -6.723270000210171, 0.0 ], [ 106.680250000237521, -6.723139999611174, 0.0 ], [ 106.679980000376915, -6.722570000305108, 0.0 ], [ 106.679840000216018, -6.722229999914422, 0.0 ], [ 106.679709999617032, -6.722029999684622, 0.0 ], [ 106.679619999963251, -6.721899999984817, 0.0 ], [ 106.679579999917223, -6.721779999846902, 0.0 ], [ 106.679579999917223, -6.721690000193217, 0.0 ], [ 106.679610000401368, -6.721500000424498, 0.0 ], [ 106.67965000044731, -6.721409999871444, 0.0 ], [ 106.679630000424339, -6.721169999595613, 0.0 ], [ 106.679539999871281, -6.720979999826984, 0.0 ], [ 106.679430000194543, -6.720790000058265, 0.0 ], [ 106.679060000218982, -6.720500000174692, 0.0 ], [ 106.678960000104126, -6.720380000036776, 0.0 ], [ 106.679319999618514, -6.719999999600148, 0.0 ], [ 106.679430000194543, -6.719949999992405, 0.0 ], [ 106.679729999640003, -6.719900000384573, 0.0 ], [ 106.679960000353944, -6.719829999854401, 0.0 ], [ 106.680110000076624, -6.719769999785488, 0.0 ], [ 106.680259999799318, -6.719680000131714, 0.0 ], [ 106.680359999914259, -6.719589999578659, 0.0 ], [ 106.680430000444346, -6.719120000387537, 0.0 ], [ 106.680460000029115, -6.719000000249622, 0.0 ], [ 106.680540000121084, -6.718900000134767, 0.0 ], [ 106.680640000236025, -6.718730000389019, 0.0 ], [ 106.680700000304938, -6.718659999858936, 0.0 ], [ 106.680769999935748, -6.718590000228133, 0.0 ], [ 106.680850000027633, -6.71855999974408, 0.0 ], [ 106.680919999658443, -6.718439999606076, 0.0 ], [ 106.680939999681414, -6.718280000321588, 0.0 ], [ 106.680939999681414, -6.718180000206733, 0.0 ], [ 106.681030000234458, -6.717919999907931, 0.0 ], [ 106.6810700002804, -6.717799999770016, 0.0 ], [ 106.681159999934181, -6.717659999609129, 0.0 ], [ 106.681229999564977, -6.717469999840411, 0.0 ], [ 106.681199999980208, -6.71724999958764, 0.0 ], [ 106.681159999934181, -6.717119999887924, 0.0 ], [ 106.6810700002804, -6.716930000119206, 0.0 ], [ 106.680959999704385, -6.716809999981379, 0.0 ], [ 106.680939999681414, -6.716640000235632, 0.0 ], [ 106.680720000327909, -6.715599999939883, 0.0 ], [ 106.680620000213054, -6.71488999957365, 0.0 ], [ 106.680540000121084, -6.714169999645616, 0.0 ], [ 106.680460000029115, -6.713620000362521, 0.0 ], [ 106.680410000421375, -6.71276000027369, 0.0 ], [ 106.679729999640003, -6.712339999790942, 0.0 ], [ 106.679240000425906, -6.711769999585684, 0.0 ], [ 106.679140000310966, -6.710739999751016, 0.0 ], [ 106.679109999826821, -6.710240000075753, 0.0 ], [ 106.678949999642967, -6.710039999845954, 0.0 ], [ 106.678869999550983, -6.709919999708038, 0.0 ], [ 106.678830000404417, -6.709790000008322, 0.0 ], [ 106.678670000220478, -6.709700000354548, 0.0 ], [ 106.678530000059681, -6.709620000262664, 0.0 ], [ 106.678260000199074, -6.709290000333148, 0.0 ], [ 106.678089999554047, -6.709090000103259, 0.0 ], [ 106.677919999808296, -6.708829999804458, 0.0 ], [ 106.677899999785325, -6.708760000173655, 0.0 ], [ 106.677899999785325, -6.708510000336112, 0.0 ], [ 106.677939999831352, -6.708339999691084, 0.0 ], [ 106.677970000315412, -6.708219999553169, 0.0 ], [ 106.678019999923237, -6.707960000153737, 0.0 ], [ 106.67764999994769, -6.707570000155219, 0.0 ], [ 106.677529999809778, -6.707420000432531, 0.0 ], [ 106.677380000087084, -6.707360000363529, 0.0 ], [ 106.676930000019667, -6.707360000363529, 0.0 ], [ 106.676769999835798, -6.707269999810475, 0.0 ], [ 106.676689999743829, -6.707189999718501, 0.0 ], [ 106.676609999651944, -6.707100000064727, 0.0 ], [ 106.676499999975192, -6.707069999580675, 0.0 ], [ 106.676350000252512, -6.707019999972843, 0.0 ], [ 106.676139999561457, -6.706939999880959, 0.0 ], [ 106.675920000208052, -6.706810000181154, 0.0 ], [ 106.675829999654908, -6.706730000089269, 0.0 ], [ 106.675679999932214, -6.706609999951354, 0.0 ], [ 106.675550000232505, -6.70652999985947, 0.0 ], [ 106.675410000071622, -6.706469999790468, 0.0 ], [ 106.67530000039487, -6.706440000205696, 0.0 ], [ 106.675020000073104, -6.706380000136694, 0.0 ], [ 106.674930000419323, -6.706340000090751, 0.0 ], [ 106.67465999965944, -6.706259999998867, 0.0 ], [ 106.674500000374863, -6.706179999906894, 0.0 ], [ 106.674369999775777, -6.705899999585121, 0.0 ], [ 106.674280000122096, -6.705760000323604, 0.0 ], [ 106.674170000445343, -6.705700000254602, 0.0 ], [ 106.674010000261489, -6.705669999770549, 0.0 ], [ 106.673976118303457, -6.705669999770549, 0.0 ], [ 106.673589999778841, -6.705669999770549, 0.0 ], [ 106.673469999640915, -6.705680000231631, 0.0 ], [ 106.673199999780408, -6.705620000162718, 0.0 ], [ 106.672999999550512, -6.705419999932829, 0.0 ], [ 106.673030000034657, -6.705310000256173, 0.0 ], [ 106.673059999619426, -6.705250000187259, 0.0 ], [ 106.673010000011686, -6.705159999634116, 0.0 ], [ 106.672949999942688, -6.705060000418541, 0.0 ], [ 106.672900000334948, -6.704969999865487, 0.0 ], [ 106.672869999850803, -6.704829999704511, 0.0 ], [ 106.672850474669858, -6.704799084609938, 0.0 ], [ 106.672749999712892, -6.704639999935882, 0.0 ], [ 106.672680000082082, -6.704499999774995, 0.0 ], [ 106.672649999597937, -6.704419999683111, 0.0 ], [ 106.672530000359387, -6.704319999568167, 0.0 ], [ 106.672350000152562, -6.704189999868451, 0.0 ], [ 106.672290000083564, -6.704069999730535, 0.0 ], [ 106.672200000429797, -6.703850000377045, 0.0 ], [ 106.672120000337912, -6.70373000023913, 0.0 ], [ 106.671750000362451, -6.703630000124274, 0.0 ], [ 106.671510000086613, -6.703440000355556, 0.0 ], [ 106.671249999787818, -6.703010000311096, 0.0 ], [ 106.670890000273431, -6.702830000104267, 0.0 ], [ 106.670770000135605, -6.702770000035265, 0.0 ], [ 106.670679999582461, -6.702689999943381, 0.0 ], [ 106.670560000343926, -6.702509999736552, 0.0 ], [ 106.670480000251956, -6.70244999966755, 0.0 ], [ 106.670199999930176, -6.70248000015178, 0.0 ], [ 106.670099999815321, -6.70248000015178, 0.0 ], [ 106.669879999562554, -6.702159999783976, 0.0 ], [ 106.669800000369861, -6.701860000338602, 0.0 ], [ 106.669729999839774, -6.701749999762487, 0.0 ], [ 106.669399999910254, -6.701569999555659, 0.0 ], [ 106.669279999772343, -6.701450000317113, 0.0 ], [ 106.669199999680458, -6.701290000133255, 0.0 ], [ 106.668930774136115, -6.701042603832921, 0.0 ], [ 106.668829999704911, -6.700949999742569, 0.0 ], [ 106.668570000305479, -6.700800000019793, 0.0 ], [ 106.668209999891729, -6.700499999675049, 0.0 ], [ 106.668140000260934, -6.700439999606136, 0.0 ], [ 106.667710000216559, -6.700430000044335, 0.0 ], [ 106.667489999963692, -6.700570000205133, 0.0 ], [ 106.667360000263983, -6.700659999858907, 0.0 ], [ 106.667249999687868, -6.700679999881878, 0.0 ], [ 106.667099999965188, -6.700679999881878, 0.0 ], [ 106.667050000357349, -6.700639999835936, 0.0 ], [ 106.667030000334378, -6.700369999975333, 0.0 ], [ 106.666999999850333, -6.700029999584647, 0.0 ], [ 106.66693999978132, -6.699950000392043, 0.0 ], [ 106.666870000150524, -6.699939999930873, 0.0 ], [ 106.666469999690918, -6.700029999584647, 0.0 ], [ 106.666330000429312, -6.700049999607618, 0.0 ], [ 106.666239999876268, -6.700040000045817, 0.0 ], [ 106.665979999577459, -6.699639999586129, 0.0 ], [ 106.665909999946749, -6.699569999955415, 0.0 ], [ 106.66564999964794, -6.699529999909473, 0.0 ], [ 106.66556999955597, -6.699560000393525, 0.0 ], [ 106.665499999925174, -6.699719999678102, 0.0 ], [ 106.665459999879232, -6.69987999986196, 0.0 ], [ 106.665379999787348, -6.699930000369072, 0.0 ], [ 106.665279999672393, -6.699950000392043, 0.0 ], [ 106.665109999926742, -6.699890000323041, 0.0 ], [ 106.664980000227018, -6.699790000208186, 0.0 ], [ 106.664829999604962, -6.699679999632071, 0.0 ], [ 106.664750000412369, -6.699589999978386, 0.0 ], [ 106.664679999882281, -6.699409999771468, 0.0 ], [ 106.664670000320385, -6.699329999679584, 0.0 ], [ 106.664510000136531, -6.699269999610671, 0.0 ], [ 106.664430000044646, -6.6992499995877, 0.0 ], [ 106.664349999952762, -6.699179999956897, 0.0 ], [ 106.664334242931119, -6.699065760876035, 0.0 ], [ 106.664309999906735, -6.698890000073234, 0.0 ], [ 106.664260000298981, -6.698709999866406, 0.0 ], [ 106.66422999981485, -6.698629999774521, 0.0 ], [ 106.664140000161069, -6.698600000189661, 0.0 ], [ 106.663890000323448, -6.698640000235692, 0.0 ], [ 106.663759999724363, -6.698689999843435, 0.0 ], [ 106.663600000439871, -6.698620000212632, 0.0 ], [ 106.663449999817814, -6.698410000421031, 0.0 ], [ 106.663400000209975, -6.698339999890948, 0.0 ], [ 106.663199999980179, -6.698070000030345, 0.0 ], [ 106.663030000234428, -6.697780000146771, 0.0 ], [ 106.6628599995895, -6.697470000240138, 0.0 ], [ 106.662780000396893, -6.697359999664112, 0.0 ], [ 106.662669999820864, -6.697200000379535, 0.0 ], [ 106.662569999705923, -6.697089999803509, 0.0 ], [ 106.662370000375404, -6.697000000149735, 0.0 ], [ 106.662159999684434, -6.69688000001182, 0.0 ], [ 106.662059999569493, -6.696810000381017, 0.0 ], [ 106.661869999800857, -6.696659999759049, 0.0 ], [ 106.661769999685916, -6.696510000036273, 0.0 ], [ 106.661680000032135, -6.696340000290615, 0.0 ], [ 106.661270000010646, -6.696079999991902, 0.0 ], [ 106.661109999826792, -6.695999999899929, 0.0 ], [ 106.660966167654664, -6.695964042306581, 0.0 ], [ 106.660949999642938, -6.695959999853898, 0.0 ], [ 106.66055999964442, -6.696089999553703, 0.0 ], [ 106.660369999875698, -6.696149999622616, 0.0 ], [ 106.66012999959996, -6.696120000037844, 0.0 ], [ 106.660050000407352, -6.696100000014873, 0.0 ], [ 106.660030000384381, -6.695999999899929, 0.0 ], [ 106.660070000430323, -6.695899999784984, 0.0 ], [ 106.660120000038148, -6.695730000039326, 0.0 ], [ 106.660079999992206, -6.695560000293579, 0.0 ], [ 106.659850000177556, -6.695469999740524, 0.0 ], [ 106.659730000039644, -6.695420000132781, 0.0 ], [ 106.659529999809834, -6.695279999971895, 0.0 ], [ 106.659380000087054, -6.695099999765066, 0.0 ], [ 106.659325128851776, -6.694940873722235, 0.0 ], [ 106.659279999972199, -6.694809999881404, 0.0 ], [ 106.659279999972199, -6.694549999582691, 0.0 ], [ 106.659259999949228, -6.694439999905946, 0.0 ], [ 106.659230000364374, -6.694299999745059, 0.0 ], [ 106.658950000042609, -6.694109999976341, 0.0 ], [ 106.658900000434855, -6.69408000039148, 0.0 ], [ 106.65872000022803, -6.693969999815454, 0.0 ], [ 106.658479999952192, -6.693289999933363, 0.0 ], [ 106.658450000367424, -6.693140000210676, 0.0 ], [ 106.658430000344453, -6.692989999588619, 0.0 ], [ 106.658379999837251, -6.692890000373044, 0.0 ], [ 106.658190000068629, -6.692730000189187, 0.0 ], [ 106.658100000414848, -6.692650000097302, 0.0 ], [ 106.658100000414848, -6.692380000236611, 0.0 ], [ 106.658060000368906, -6.69217000044501, 0.0 ], [ 106.657911253401807, -6.692159741878392, 0.0 ], [ 106.657769999585966, -6.692150000422039, 0.0 ], [ 106.657610000301474, -6.692150000422039, 0.0 ], [ 106.65745000011762, -6.691919999708009, 0.0 ], [ 106.657399999610419, -6.691830000054324, 0.0 ], [ 106.657390000048622, -6.691649999847495, 0.0 ], [ 106.65735000000268, -6.691560000193721, 0.0 ], [ 106.657160000233958, -6.691159999734033, 0.0 ], [ 106.657100000165045, -6.691000000449456, 0.0 ], [ 106.657100000165045, -6.69088000031163, 0.0 ], [ 106.6572000002799, -6.689940000130736, 0.0 ], [ 106.657140000210987, -6.689829999554622, 0.0 ], [ 106.657040000096131, -6.689679999832023, 0.0 ], [ 106.657009999611901, -6.689459999579164, 0.0 ], [ 106.657049999657929, -6.689300000294587, 0.0 ], [ 106.657080000142074, -6.68916999969559, 0.0 ], [ 106.657035049328243, -6.689076010649178, 0.0 ], [ 106.656969999565959, -6.68893999988093, 0.0 ], [ 106.656699999705353, -6.688409999721525, 0.0 ], [ 106.656670000120585, -6.688119999837951, 0.0 ], [ 106.656750000212554, -6.688010000161206, 0.0 ], [ 106.657390000048622, -6.68764000018566, 0.0 ], [ 106.657459999679418, -6.687569999655576, 0.0 ], [ 106.657510000186534, -6.687390000348117, 0.0 ], [ 106.657527747407826, -6.686977371608229, 0.0 ], [ 106.657550000232476, -6.686459999729024, 0.0 ], [ 106.657699999955156, -6.686189999868422, 0.0 ], [ 106.657800000070111, -6.685969999615651, 0.0 ], [ 106.657829999654965, -6.685850000377016, 0.0 ], [ 106.657737265162794, -6.685664528694915, 0.0 ], [ 106.657690000393359, -6.685570000055332, 0.0 ], [ 106.657080000142074, -6.684910000196211, 0.0 ], [ 106.656969999565959, -6.684750000012354, 0.0 ], [ 106.656839999866335, -6.684440000105809, 0.0 ], [ 106.656759999774351, -6.684250000337091, 0.0 ], [ 106.656590000028615, -6.684030000084231, 0.0 ], [ 106.656269999660893, -6.683829999854431, 0.0 ], [ 106.656110000376401, -6.683720000177686, 0.0 ], [ 106.656050000307488, -6.683629999624632, 0.0 ], [ 106.656099999915241, -6.683279999672056, 0.0 ], [ 106.656130000399372, -6.6831699999954, 0.0 ], [ 106.656139999961269, -6.683060000318655, 0.0 ], [ 106.656209999591979, -6.682900000134708, 0.0 ], [ 106.656209999591979, -6.682789999558683, 0.0 ], [ 106.65615999998424, -6.682650000297077, 0.0 ], [ 106.65609000035343, -6.682599999789964, 0.0 ], [ 106.655600000239971, -6.682610000251135, 0.0 ], [ 106.655400000010175, -6.682599999789964, 0.0 ], [ 106.655299999895234, -6.682559999744022, 0.0 ], [ 106.655090000103627, -6.682369999975393, 0.0 ], [ 106.654805058906504, -6.681910416732197, 0.0 ], [ 106.654780000196993, -6.68187000030013, 0.0 ], [ 106.654680000082138, -6.681710000116272, 0.0 ], [ 106.654519999898284, -6.680990000188238, 0.0 ], [ 106.654479999852342, -6.68078999995835, 0.0 ], [ 106.654419999783343, -6.680729999889436, 0.0 ], [ 106.654299915109135, -6.680692472979146, 0.0 ], [ 106.654259999599475, -6.680680000281694, 0.0 ], [ 106.654079269143196, -6.680725183120586, 0.0 ], [ 106.65406000026897, -6.680729999889436, 0.0 ], [ 106.653840000016103, -6.680830000004292, 0.0 ], [ 106.65377999994719, -6.680839999566182, 0.0 ], [ 106.653690000293508, -6.680760000373578, 0.0 ], [ 106.653599999740365, -6.680609999751521, 0.0 ], [ 106.653519999648481, -6.680350000352089, 0.0 ], [ 106.653490000063613, -6.680230000214173, 0.0 ], [ 106.653439999556497, -6.680179999707061, 0.0 ], [ 106.652979999927268, -6.680250000237145, 0.0 ], [ 106.652859999789356, -6.680279999821916, 0.0 ], [ 106.652690000043691, -6.680399999959921, 0.0 ], [ 106.652549999882723, -6.680469999590635, 0.0 ], [ 106.652269999560957, -6.680489999613695, 0.0 ], [ 106.652110000276465, -6.680469999590635, 0.0 ], [ 106.651930000069626, -6.680310000306147, 0.0 ], [ 106.651820000392888, -6.680179999707061, 0.0 ], [ 106.651689999793803, -6.679829999754574, 0.0 ], [ 106.65164999974786, -6.679760000123771, 0.0 ], [ 106.651259999749342, -6.679650000447026, 0.0 ], [ 106.651009999911793, -6.679590000378024, 0.0 ], [ 106.650929999819823, -6.679539999870912, 0.0 ], [ 106.650820000143085, -6.679390000148224, 0.0 ], [ 106.650804950887988, -6.679278637998589, 0.0 ], [ 106.650769999635969, -6.679020000172766, 0.0 ], [ 106.650720000028144, -6.678559999644076, 0.0 ], [ 106.650676893723841, -6.678512103550585, 0.0 ], [ 106.650630000374363, -6.678460000428501, 0.0 ], [ 106.6502099998917, -6.678340000290675, 0.0 ], [ 106.650069999730903, -6.678309999806444, 0.0 ], [ 106.649890000423355, -6.678200000129699, 0.0 ], [ 106.649619999663386, -6.677719999578127, 0.0 ], [ 106.649469999940692, -6.677489999763466, 0.0 ], [ 106.649380000286925, -6.67738000008681, 0.0 ], [ 106.648850000127609, -6.677179999856921, 0.0 ], [ 106.64870000040483, -6.677119999788008, 0.0 ], [ 106.648540000221061, -6.677010000111263, 0.0 ], [ 106.648299999945237, -6.676720000227689, 0.0 ], [ 106.648160855039592, -6.676365812132392, 0.0 ], [ 106.648079999692371, -6.676159999584144, 0.0 ], [ 106.647709999716909, -6.675690000393022, 0.0 ], [ 106.64762999962494, -6.675619999862938, 0.0 ], [ 106.647410000271449, -6.675579999816996, 0.0 ], [ 106.647020000272931, -6.675630000324109, 0.0 ], [ 106.646865803414272, -6.675651027372833, 0.0 ], [ 106.64680285896489, -6.675659609603137, 0.0 ], [ 106.646800000020164, -6.675659999908969, 0.0 ], [ 106.646719999928195, -6.675659999908969, 0.0 ], [ 106.646619999813339, -6.675659999908969, 0.0 ], [ 106.646479999652456, -6.675599999839967, 0.0 ], [ 106.646410000021646, -6.675490000163222, 0.0 ], [ 106.646380000436878, -6.675309999956394, 0.0 ], [ 106.646329999929762, -6.675140000210646, 0.0 ], [ 106.646240000275981, -6.67502000007282, 0.0 ], [ 106.646160000184011, -6.674989999588679, 0.0 ], [ 106.64591000034639, -6.675049999657592, 0.0 ], [ 106.64571000011658, -6.675129999749476, 0.0 ], [ 106.645460000278945, -6.675160000233706, 0.0 ], [ 106.645090000303497, -6.675089999703534, 0.0 ], [ 106.644890000073602, -6.67502000007282, 0.0 ], [ 106.644609999751921, -6.674879999911933, 0.0 ], [ 106.644270000260434, -6.674790000258159, 0.0 ], [ 106.643943148857417, -6.674808857242756, 0.0 ], [ 106.643749999662916, -6.674819999842931, 0.0 ], [ 106.643249999987646, -6.674879999911933, 0.0 ], [ 106.643040000196052, -6.674919999957876, 0.0 ], [ 106.642469999990709, -6.67522999986442, 0.0 ], [ 106.642300000244958, -6.675309999956394, 0.0 ], [ 106.642149999622987, -6.675300000394504, 0.0 ], [ 106.642039999946235, -6.675260000348562, 0.0 ], [ 106.641939999831294, -6.675180000256677, 0.0 ], [ 106.641839999716439, -6.675149999772447, 0.0 ], [ 106.641730000039701, -6.675109999726505, 0.0 ], [ 106.641669999970702, -6.675089999703534, 0.0 ], [ 106.641380000087125, -6.675000000049849, 0.0 ], [ 106.641329999580009, -6.674939999980847, 0.0 ], [ 106.641369999625951, -6.674790000258159, 0.0 ], [ 106.641480000202066, -6.674610000051331, 0.0 ], [ 106.641660000408891, -6.674340000190639, 0.0 ], [ 106.64164000038592, -6.674220000052813, 0.0 ], [ 106.64156000029395, -6.674059999868955, 0.0 ], [ 106.641469999740892, -6.674010000261124, 0.0 ], [ 106.64127999997217, -6.67395000019221, 0.0 ], [ 106.641139999811372, -6.67395000019221, 0.0 ], [ 106.640860000388884, -6.673999999800042, 0.0 ], [ 106.640545392356188, -6.674055269434955, 0.0 ], [ 106.640530142552194, -6.67405794761601, 0.0 ], [ 106.64012000043779, -6.674130000399039, 0.0 ], [ 106.63986000013908, -6.674110000376068, 0.0 ], [ 106.639719999978198, -6.674059999868955, 0.0 ], [ 106.639670000370444, -6.674010000261124, 0.0 ], [ 106.639670000370444, -6.673910000146268, 0.0 ], [ 106.639730000439357, -6.673609999801524, 0.0 ], [ 106.639749999562966, -6.673390000448034, 0.0 ], [ 106.639699999955226, -6.67329000033309, 0.0 ], [ 106.639590000278474, -6.673210000241205, 0.0 ], [ 106.639459999679389, -6.673179999756975, 0.0 ], [ 106.639040000096102, -6.673119999688062, 0.0 ], [ 106.638811819609955, -6.67307436359085, 0.0 ], [ 106.638790000258467, -6.67307000008023, 0.0 ], [ 106.638590000028671, -6.673030000034288, 0.0 ], [ 106.638429999844817, -6.672929999919432, 0.0 ], [ 106.637609999801839, -6.672250000037341, 0.0 ], [ 106.637400000010146, -6.672120000337625, 0.0 ], [ 106.63726091086248, -6.672120909552195, 0.0 ], [ 106.6369597656808, -6.672015764415864, 0.0 ], [ 106.636703030820399, -6.671963544381967, 0.0 ], [ 106.636366527893102, -6.671867360989783, 0.0 ], [ 106.636242496094496, -6.671814700288028, 0.0 ], [ 106.636080000291912, -6.671679999831994, 0.0 ], [ 106.635516057020624, -6.671516363689047, 0.0 ], [ 106.635365308162605, -6.671410719428952, 0.0 ], [ 106.635213913591414, -6.671110475367961, 0.0 ], [ 106.635186582295077, -6.670871738639708, 0.0 ], [ 106.635114750745302, -6.670553539614001, 0.0 ], [ 106.634901546669226, -6.670288882625677, 0.0 ], [ 106.634609073649997, -6.670130635220453, 0.0 ], [ 106.634519697226395, -6.669856722409619, 0.0 ], [ 106.634483958168289, -6.669750694139012, 0.0 ], [ 106.634430701216019, -6.669697797814891, 0.0 ], [ 106.634394727434909, -6.669521008187775, 0.0 ], [ 106.634297061060721, -6.66941518586194, 0.0 ], [ 106.634199715744472, -6.669406662986912, 0.0 ], [ 106.634090000253465, -6.669350000302146, 0.0 ], [ 106.633881758636448, -6.669566934766049, 0.0 ], [ 106.633678927340782, -6.669762207259868, 0.0 ], [ 106.633422398425154, -6.669771901951584, 0.0 ], [ 106.633165665363322, -6.669719679219668, 0.0 ], [ 106.632687086639919, -6.669464744802003, 0.0 ], [ 106.632136447039599, -6.668820848203474, 0.0 ], [ 106.6320925349427, -6.668765986860627, 0.0 ], [ 106.633523368009222, -6.668428779764248, 0.0 ], [ 106.634181969422542, -6.668273564872909, 0.0 ], [ 106.634736102889036, -6.668247712062083, 0.0 ], [ 106.635832656152331, -6.668196548731622, 0.0 ], [ 106.635965032760225, -6.668190372187812, 0.0 ], [ 106.636393218872129, -6.668170393748554, 0.0 ], [ 106.636881068706529, -6.668003886969611, 0.0 ], [ 106.637469826071793, -6.667802938854397, 0.0 ], [ 106.637971719719232, -6.667705827361861, 0.0 ], [ 106.638446520390815, -6.667771607373609, 0.0 ], [ 106.6393055402187, -6.66806622257802, 0.0 ], [ 106.640289712400502, -6.668237433710402, 0.0 ], [ 106.640917868165232, -6.668015267890173, 0.0 ], [ 106.641233629128834, -6.667903589179183, 0.0 ], [ 106.641240465775098, -6.667901170902137, 0.0 ], [ 106.642628854438257, -6.667463008610799, 0.0 ], [ 106.642845643212027, -6.667394591786859, 0.0 ], [ 106.644111278912632, -6.667701268698369, 0.0 ], [ 106.644873189945912, -6.667825625152304, 0.0 ], [ 106.645099651827607, -6.667719776746175, 0.0 ], [ 106.645522621871663, -6.66752208237801, 0.0 ], [ 106.646356597379253, -6.667126859117136, 0.0 ], [ 106.646694993379441, -6.667042312952223, 0.0 ], [ 106.646971642827239, -6.667101520718468, 0.0 ], [ 106.647164056376255, -6.667142700674979, 0.0 ], [ 106.648966349917316, -6.667709444435168, 0.0 ], [ 106.649729463344173, -6.667680879269025, 0.0 ], [ 106.65044463031559, -6.667654108250378, 0.0 ] ] ] ] } },
{ "type": "Feature", "properties": { "PROVNO": "32", "KABKOTNO": "01", "KECNO": "030", "DESANO": "005", "PROVINSI": "JAWA BARAT", "KABKOT": "BOGOR", "KECAMATAN": "PAMIJAHAN", "ID2013": "3201030005", "DESA": "GUNUNG SARI", "DESA_1": "GUNUNG SARI", "ID2012": "3201030005", "IDKAB2": "3201", "IDKEC_2": "3201030", "WILAYAH": "BARAT" }, "geometry": { "type": "MultiPolygon", "coordinates": [ [ [ [ 106.663090000303441, -6.654519999897914, 0.0 ], [ 106.663139999911266, -6.654559999943856, 0.0 ], [ 106.663199999980179, -6.654599999989799, 0.0 ], [ 106.663280000072149, -6.65464999959763, 0.0 ], [ 106.66336999972593, -6.654680000081772, 0.0 ], [ 106.663440000256003, -6.654700000104743, 0.0 ], [ 106.663529999909784, -6.654720000127714, 0.0 ], [ 106.663619999563466, -6.654740000150774, 0.0 ], [ 106.663699999655449, -6.654749999712575, 0.0 ], [ 106.663759999724363, -6.654780000196716, 0.0 ], [ 106.663859999839303, -6.654800000219687, 0.0 ], [ 106.663950000392362, -6.654829999804459, 0.0 ], [ 106.664009999561983, -6.654840000265629, 0.0 ], [ 106.664060000069099, -6.65486999985049, 0.0 ], [ 106.664149999722866, -6.654909999896432, 0.0 ], [ 106.664249999837821, -6.654949999942374, 0.0 ], [ 106.664329999929791, -6.655000000449487, 0.0 ], [ 106.664419999583473, -6.655050000057319, 0.0 ], [ 106.664479999652386, -6.655099999665062, 0.0 ], [ 106.664550000182558, -6.655170000195234, 0.0 ], [ 106.664619999813368, -6.65527000031009, 0.0 ], [ 106.664639999836339, -6.655350000402063, 0.0 ], [ 106.664670000320385, -6.655429999594578, 0.0 ], [ 106.664670000320385, -6.65548999966358, 0.0 ], [ 106.664670000320385, -6.655560000193663, 0.0 ], [ 106.664670000320385, -6.655620000262576, 0.0 ], [ 106.664650000297414, -6.65570999991635, 0.0 ], [ 106.664630000274443, -6.655790000008324, 0.0 ], [ 106.664599999790312, -6.655879999662098, 0.0 ], [ 106.664570000205529, -6.655959999754071, 0.0 ], [ 106.664553842985612, -6.656008472313015, 0.0 ], [ 106.664539999721399, -6.656050000307125, 0.0 ], [ 106.664510000136531, -6.656119999937928, 0.0 ], [ 106.664479999652386, -6.656209999591614, 0.0 ], [ 106.664470000090589, -6.656289999683587, 0.0 ], [ 106.664450000067617, -6.6563499997525, 0.0 ], [ 106.664439999606444, -6.656409999821413, 0.0 ], [ 106.664430000044646, -6.656489999913386, 0.0 ], [ 106.664410000021675, -6.65656000044347, 0.0 ], [ 106.664399999560501, -6.656639999636162, 0.0 ], [ 106.664389999998704, -6.656719999728047, 0.0 ], [ 106.664380000436807, -6.65679000025813, 0.0 ], [ 106.664360000413836, -6.656879999911904, 0.0 ], [ 106.664340000390865, -6.656950000441988, 0.0 ], [ 106.664320000367894, -6.657029999634592, 0.0 ], [ 106.664289999883763, -6.657109999726565, 0.0 ], [ 106.664249999837821, -6.657200000279619, 0.0 ], [ 106.66420999979178, -6.657300000394475, 0.0 ], [ 106.664180000207011, -6.657370000025278, 0.0 ], [ 106.664169999745837, -6.65743000009428, 0.0 ], [ 106.664140000161069, -6.657490000163193, 0.0 ], [ 106.664109999676924, -6.657559999793996, 0.0 ], [ 106.664069999630982, -6.65765999990894, 0.0 ], [ 106.664060000069099, -6.657719999977854, 0.0 ], [ 106.664060000069099, -6.657789999608568, 0.0 ], [ 106.664069999630982, -6.65786000013874, 0.0 ], [ 106.664069999630982, -6.657929999769543, 0.0 ], [ 106.664089999653953, -6.658000000299626, 0.0 ], [ 106.664120000138098, -6.658080000391511, 0.0 ], [ 106.664129999699895, -6.658139999561143, 0.0 ], [ 106.66416000018404, -6.658199999630146, 0.0 ], [ 106.66420999979178, -6.6582900001832, 0.0 ], [ 106.664269999860792, -6.658359999814003, 0.0 ], [ 106.664320000367894, -6.658410000321116, 0.0 ], [ 106.664360000413836, -6.658490000413089, 0.0 ], [ 106.664419999583473, -6.658529999559661, 0.0 ], [ 106.664479999652386, -6.658589999628663, 0.0 ], [ 106.664550000182558, -6.658640000135776, 0.0 ], [ 106.664599999790312, -6.65870999976649, 0.0 ], [ 106.664650000297414, -6.658769999835403, 0.0 ], [ 106.664690000343356, -6.658820000342605, 0.0 ], [ 106.664730000389397, -6.658909999996379, 0.0 ], [ 106.664759999974166, -6.658970000065292, 0.0 ], [ 106.664775741707231, -6.659017226163879, 0.0 ], [ 106.664779999997137, -6.659030000134205, 0.0 ], [ 106.664800000020108, -6.659110000226178, 0.0 ], [ 106.664820000043164, -6.659210000341123, 0.0 ], [ 106.664829999604962, -6.659309999556697, 0.0 ], [ 106.664840000066135, -6.659389999648582, 0.0 ], [ 106.664849999627933, -6.659460000178665, 0.0 ], [ 106.664860000089107, -6.659549999832439, 0.0 ], [ 106.664869999650904, -6.659640000385494, 0.0 ], [ 106.664880000112078, -6.659730000039268, 0.0 ], [ 106.664889999673875, -6.659819999693042, 0.0 ], [ 106.664900000135049, -6.659910000246185, 0.0 ], [ 106.664900000135049, -6.659999999899959, 0.0 ], [ 106.664909999696846, -6.660120000037786, 0.0 ], [ 106.664915946913609, -6.660185415824085, 0.0 ], [ 106.664920000158105, -6.660229999714531, 0.0 ], [ 106.664920000158105, -6.660309999806504, 0.0 ], [ 106.664920000158105, -6.660380000336588, 0.0 ], [ 106.664920000158105, -6.660449999967302, 0.0 ], [ 106.664909999696846, -6.660519999598105, 0.0 ], [ 106.664909999696846, -6.660579999667107, 0.0 ], [ 106.664900000135049, -6.66065000019719, 0.0 ], [ 106.664889999673875, -6.660730000289075, 0.0 ], [ 106.664889999673875, -6.660799999919877, 0.0 ], [ 106.664880000112078, -6.660889999573651, 0.0 ], [ 106.664869999650904, -6.661000000149766, 0.0 ], [ 106.664860000089107, -6.661109999826422, 0.0 ], [ 106.664849999627933, -6.661200000379566, 0.0 ], [ 106.664849999627933, -6.661270000010369, 0.0 ], [ 106.664840000066135, -6.661330000079282, 0.0 ], [ 106.664829999604962, -6.661399999710085, 0.0 ], [ 106.664820000043164, -6.661470000240168, 0.0 ], [ 106.664800000020108, -6.661550000332142, 0.0 ], [ 106.664800000020108, -6.661639999985827, 0.0 ], [ 106.664789999559019, -6.66170999961663, 0.0 ], [ 106.664789999559019, -6.661800000169684, 0.0 ], [ 106.664779999997137, -6.661880000261657, 0.0 ], [ 106.66477000043534, -6.661969999915431, 0.0 ], [ 106.66477000043534, -6.662070000030287, 0.0 ], [ 106.664759999974166, -6.662170000145231, 0.0 ], [ 106.664750000412369, -6.662259999799005, 0.0 ], [ 106.664750000412369, -6.662330000329089, 0.0 ], [ 106.664750000412369, -6.662399999959892, 0.0 ], [ 106.664739999951195, -6.662500000074747, 0.0 ], [ 106.664739999951195, -6.662600000189691, 0.0 ], [ 106.664739999951195, -6.662669999820494, 0.0 ], [ 106.664739999951195, -6.662789999958321, 0.0 ], [ 106.664750000412369, -6.662870000050294, 0.0 ], [ 106.664750000412369, -6.662939999681097, 0.0 ], [ 106.664759999974166, -6.663039999796041, 0.0 ], [ 106.664789999559019, -6.663130000349096, 0.0 ], [ 106.664829999604962, -6.66319999997981, 0.0 ], [ 106.664889999673875, -6.663289999633584, 0.0 ], [ 106.664960000204047, -6.663349999702586, 0.0 ], [ 106.665040000295932, -6.66344000025564, 0.0 ], [ 106.665109999926742, -6.663509999886443, 0.0 ], [ 106.665160000433843, -6.663569999955357, 0.0 ], [ 106.665210000041682, -6.663639999586159, 0.0 ], [ 106.665259999649422, -6.663690000093272, 0.0 ], [ 106.665310000156538, -6.663779999747046, 0.0 ], [ 106.665359999764377, -6.663879999861901, 0.0 ], [ 106.665379999787348, -6.663970000415045, 0.0 ], [ 106.665410000271478, -6.664049999607649, 0.0 ], [ 106.66541645920239, -6.664095213922874, 0.0 ], [ 106.66541999983329, -6.664120000137732, 0.0 ], [ 106.665439999856261, -6.664200000229616, 0.0 ], [ 106.665450000317421, -6.664260000298619, 0.0 ], [ 106.665450000317421, -6.664349999952393, 0.0 ], [ 106.665421534976048, -6.664421163305825, 0.0 ], [ 106.665410000271478, -6.664450000067248, 0.0 ], [ 106.665379999787348, -6.664519999698051, 0.0 ], [ 106.665359999764377, -6.664590000228134, 0.0 ], [ 106.665319999718434, -6.664659999858937, 0.0 ], [ 106.665290000133567, -6.664730000389021, 0.0 ], [ 106.665250000087624, -6.664779999996853, 0.0 ], [ 106.665210000041682, -6.664860000088737, 0.0 ], [ 106.665160000433843, -6.66494000018071, 0.0 ], [ 106.665120000387901, -6.665000000249712, 0.0 ], [ 106.665080000341874, -6.665069999880426, 0.0 ], [ 106.66502000027296, -6.6651499999724, 0.0 ], [ 106.664960000204047, -6.665239999626085, 0.0 ], [ 106.664889999673875, -6.665330000179228, 0.0 ], [ 106.664849999627933, -6.665410000271113, 0.0 ], [ 106.664820000043164, -6.665530000409028, 0.0 ], [ 106.664800000020108, -6.665660000108744, 0.0 ], [ 106.664800000020108, -6.665729999739547, 0.0 ], [ 106.664800000020108, -6.665808030316214, 0.0 ], [ 106.664800000020108, -6.665820000292602, 0.0 ], [ 106.664820000043164, -6.665909999946376, 0.0 ], [ 106.664829999604962, -6.66597999957709, 0.0 ], [ 106.664849999627933, -6.666050000107262, 0.0 ], [ 106.664869999650904, -6.666130000199146, 0.0 ], [ 106.664900000135049, -6.666250000337062, 0.0 ], [ 106.664940000181076, -6.666369999575608, 0.0 ], [ 106.664980000227018, -6.666449999667581, 0.0 ], [ 106.665009999811886, -6.666540000220635, 0.0 ], [ 106.665049999857828, -6.666629999874409, 0.0 ], [ 106.665080000341874, -6.666700000404582, 0.0 ], [ 106.665120000387901, -6.666779999597185, 0.0 ], [ 106.665149999972684, -6.66685999968907, 0.0 ], [ 106.665179999557452, -6.666970000265184, 0.0 ], [ 106.665199999580423, -6.66707000038004, 0.0 ], [ 106.665199999580423, -6.667169999595703, 0.0 ], [ 106.66521999960348, -6.667269999710559, 0.0 ], [ 106.665230000064653, -6.667329999779472, 0.0 ], [ 106.665250000087624, -6.667409999871445, 0.0 ], [ 106.665250000087624, -6.667469999940447, 0.0 ], [ 106.665259999649422, -6.667570000055303, 0.0 ], [ 106.665290000133567, -6.667650000147187, 0.0 ], [ 106.665299999695364, -6.667739999800961, 0.0 ], [ 106.665319999718434, -6.667830000354016, 0.0 ], [ 106.66535000020248, -6.667899999984819, 0.0 ], [ 106.665370000225451, -6.667980000076792, 0.0 ], [ 106.66541999983329, -6.668080000191736, 0.0 ], [ 106.665431038112104, -6.668095454141767, 0.0 ], [ 106.665470000340392, -6.66814999982245, 0.0 ], [ 106.665499999925174, -6.668209999891452, 0.0 ], [ 106.665519999948231, -6.668280000421536, 0.0 ], [ 106.66556999955597, -6.668379999637111, 0.0 ], [ 106.6656000000402, -6.668490000213225, 0.0 ], [ 106.665620000063171, -6.668599999889882, 0.0 ], [ 106.665629999624969, -6.668720000027797, 0.0 ], [ 106.665629999624969, -6.668820000142741, 0.0 ], [ 106.665629999624969, -6.668929999819486, 0.0 ], [ 106.665620000063171, -6.669009999911371, 0.0 ], [ 106.665609999601998, -6.669099999565145, 0.0 ], [ 106.6656000000402, -6.669170000095317, 0.0 ], [ 106.665580000017144, -6.669270000210172, 0.0 ], [ 106.665559999994173, -6.669359999863946, 0.0 ], [ 106.665539999971202, -6.66943999995592, 0.0 ], [ 106.665519999948231, -6.669509999586634, 0.0 ], [ 106.665499999925174, -6.669609999701578, 0.0 ], [ 106.665490000363363, -6.669680000231661, 0.0 ], [ 106.665459999879232, -6.669749999862464, 0.0 ], [ 106.66543000029445, -6.669840000415519, 0.0 ], [ 106.66541999983329, -6.669930000069293, 0.0 ], [ 106.66541999983329, -6.670039999746038, 0.0 ], [ 106.66541999983329, -6.670119999837922, 0.0 ], [ 106.66543000029445, -6.670179999906924, 0.0 ], [ 106.665450000317421, -6.670259999998809, 0.0 ], [ 106.665479999902203, -6.670320000067722, 0.0 ], [ 106.665519999948231, -6.670380000136724, 0.0 ], [ 106.665550000432376, -6.670460000228697, 0.0 ], [ 106.665589999578941, -6.67050999983644, 0.0 ], [ 106.665604808715074, -6.670527771339465, 0.0 ], [ 106.665618777884461, -6.67054453380306, 0.0 ], [ 106.665640000086142, -6.670569999905442, 0.0 ], [ 106.665689999693882, -6.670629999974356, 0.0 ], [ 106.665740000200998, -6.670679999582187, 0.0 ], [ 106.665800000269996, -6.670739999651101, 0.0 ], [ 106.665869999900707, -6.670799999720014, 0.0 ], [ 106.665940000430879, -6.670859999789016, 0.0 ], [ 106.665990000038633, -6.670899999834958, 0.0 ], [ 106.666050000107631, -6.670959999903872, 0.0 ], [ 106.666110000176545, -6.671019999972874, 0.0 ], [ 106.666159999784284, -6.671089999603588, 0.0 ], [ 106.666179999807255, -6.67116000013376, 0.0 ], [ 106.666210000291485, -6.671220000202673, 0.0 ], [ 106.666239999876268, -6.671300000294558, 0.0 ], [ 106.66627999992221, -6.671389999948332, 0.0 ], [ 106.666339999991209, -6.671479999602106, 0.0 ], [ 106.666389999598948, -6.671550000132278, 0.0 ], [ 106.666449999667947, -6.671599999740021, 0.0 ], [ 106.666500000175063, -6.671659999809023, 0.0 ], [ 106.666580000266947, -6.671739999900907, 0.0 ], [ 106.666629999874772, -6.67179000040802, 0.0 ], [ 106.666680000381888, -6.671840000015852, 0.0 ], [ 106.666729999989727, -6.671889999623595, 0.0 ], [ 106.666770000035669, -6.671960000153678, 0.0 ], [ 106.666799999620437, -6.672049999807452, 0.0 ], [ 106.666819999643408, -6.672129999899425, 0.0 ], [ 106.666830000104582, -6.672219999553199, 0.0 ], [ 106.666839999666379, -6.672279999622113, 0.0 ], [ 106.666870000150524, -6.672359999714086, 0.0 ], [ 106.666890000173581, -6.672450000267141, 0.0 ], [ 106.666910000196552, -6.672530000359114, 0.0 ], [ 106.666919999758349, -6.672620000012799, 0.0 ], [ 106.666938949373119, -6.672686321416457, 0.0 ], [ 106.66693999978132, -6.672689999643602, 0.0 ], [ 106.666959999804291, -6.672760000173685, 0.0 ], [ 106.666979999827262, -6.672829999804488, 0.0 ], [ 106.667030000334378, -6.672900000334572, 0.0 ], [ 106.667079999942217, -6.672949999942404, 0.0 ], [ 106.667149999573013, -6.672989999988346, 0.0 ], [ 106.667209999641926, -6.673000000449516, 0.0 ], [ 106.66730000019507, -6.673039999596178, 0.0 ], [ 106.667400000309925, -6.67309000010329, 0.0 ], [ 106.667500000424866, -6.673159999734004, 0.0 ], [ 106.667559999594502, -6.673230000264176, 0.0 ], [ 106.667610000101618, -6.67329000033309, 0.0 ], [ 106.667679999732414, -6.673359999963893, 0.0 ], [ 106.667750000262501, -6.673440000055777, 0.0 ], [ 106.667819999893212, -6.67352000014775, 0.0 ], [ 106.667890000423384, -6.673609999801524, 0.0 ], [ 106.667960000054109, -6.673669999870437, 0.0 ], [ 106.668029999684904, -6.673729999939351, 0.0 ], [ 106.66808000019202, -6.673780000446552, 0.0 ], [ 106.668140000260934, -6.673819999593125, 0.0 ], [ 106.668200000329932, -6.673870000100237, 0.0 ], [ 106.668269999960728, -6.673919999708069, 0.0 ], [ 106.668370000075683, -6.67395000019221, 0.0 ], [ 106.668439999706393, -6.673970000215181, 0.0 ], [ 106.668499999775307, -6.673999999800042, 0.0 ], [ 106.668550000282423, -6.674030000284095, 0.0 ], [ 106.668610000351421, -6.674099999914898, 0.0 ], [ 106.668690000443306, -6.674159999983811, 0.0 ], [ 106.668749999612942, -6.674240000075784, 0.0 ], [ 106.668780000097087, -6.674349999752529, 0.0 ], [ 106.668780000097087, -6.674420000282613, 0.0 ], [ 106.668749999612942, -6.674489999913416, 0.0 ], [ 106.668700000005202, -6.674549999982329, 0.0 ], [ 106.66863999993619, -6.674630000074302, 0.0 ], [ 106.668621903778018, -6.674666193290015, 0.0 ], [ 106.668599999890247, -6.674710000166186, 0.0 ], [ 106.668539999821249, -6.674790000258159, 0.0 ], [ 106.668499999775307, -6.674879999911933, 0.0 ], [ 106.668479999752336, -6.674969999565707, 0.0 ], [ 106.668490000213509, -6.675049999657592, 0.0 ], [ 106.668494087632183, -6.675062262812972, 0.0 ], [ 106.668519999798278, -6.675140000210646, 0.0 ], [ 106.668559999844305, -6.67522000030262, 0.0 ], [ 106.668599999890247, -6.675269999910451, 0.0 ], [ 106.668650000397363, -6.675359999564225, 0.0 ], [ 106.668709999567, -6.67543000009422, 0.0 ], [ 106.668789999658969, -6.675510000186193, 0.0 ], [ 106.668840000166, -6.675570000255195, 0.0 ], [ 106.668889999773825, -6.67565000034708, 0.0 ], [ 106.668949999842738, -6.675730000438964, 0.0 ], [ 106.668980000326968, -6.675780000046796, 0.0 ], [ 106.669009999911736, -6.67586999970057, 0.0 ], [ 106.669040000395881, -6.675949999792543, 0.0 ], [ 106.669060000418852, -6.676020000322538, 0.0 ], [ 106.669080000441824, -6.676109999976312, 0.0 ], [ 106.669091289631496, -6.676149515287779, 0.0 ], [ 106.669099999565518, -6.676179999607115, 0.0 ], [ 106.669110000026677, -6.676250000137287, 0.0 ], [ 106.669110000026677, -6.6763100002062, 0.0 ], [ 106.669099999565518, -6.676390000298085, 0.0 ], [ 106.669090000003706, -6.676470000390058, 0.0 ], [ 106.669080000441824, -6.676540000020861, 0.0 ], [ 106.669049999957679, -6.676609999651575, 0.0 ], [ 106.66902000037291, -6.676689999743548, 0.0 ], [ 106.669000000349939, -6.676760000273632, 0.0 ], [ 106.668980000326968, -6.676849999927406, 0.0 ], [ 106.668969999865794, -6.67691999955812, 0.0 ], [ 106.668980000326968, -6.677010000111263, 0.0 ], [ 106.669049999957679, -6.677090000203147, 0.0 ], [ 106.66913999961146, -6.677170000295121, 0.0 ], [ 106.669210000141533, -6.677210000341063, 0.0 ], [ 106.669259999749372, -6.677250000387094, 0.0 ], [ 106.669339999841256, -6.677270000410065, 0.0 ], [ 106.669399999910254, -6.677290000433036, 0.0 ], [ 106.669459999979168, -6.677320000017808, 0.0 ], [ 106.669540000071052, -6.677349999602669, 0.0 ], [ 106.669620000163036, -6.67738000008681, 0.0 ], [ 106.669689999793832, -6.677420000132752, 0.0 ], [ 106.66974999986283, -6.677460000178694, 0.0 ], [ 106.669829999954715, -6.677489999763466, 0.0 ], [ 106.669879999562554, -6.677540000270668, 0.0 ], [ 106.669950000092626, -6.677569999855439, 0.0 ], [ 106.66999999970038, -6.677600000339581, 0.0 ], [ 106.670059999769379, -6.677640000385523, 0.0 ], [ 106.670119999838292, -6.677699999555156, 0.0 ], [ 106.670170000345408, -6.677759999624158, 0.0 ], [ 106.670199999930176, -6.677850000177212, 0.0 ], [ 106.67021000039135, -6.677959999853957, 0.0 ], [ 106.670179999907205, -6.678079999991873, 0.0 ], [ 106.670159999884234, -6.678160000083757, 0.0 ], [ 106.670139999861263, -6.678220000152759, 0.0 ], [ 106.670099999815321, -6.678280000221672, 0.0 ], [ 106.670039999746407, -6.678340000290675, 0.0 ], [ 106.669990000138569, -6.678420000382559, 0.0 ], [ 106.669959999654438, -6.678479999552192, 0.0 ], [ 106.669950000092626, -6.678539999621105, 0.0 ], [ 106.669950000092626, -6.678610000151277, 0.0 ], [ 106.669959999654438, -6.678679999781991, 0.0 ], [ 106.669979999677409, -6.678759999873964, 0.0 ], [ 106.67001000016154, -6.678850000427019, 0.0 ], [ 106.670039999746407, -6.678929999619623, 0.0 ], [ 106.67007999979235, -6.679000000149706, 0.0 ], [ 106.670119999838292, -6.679060000218708, 0.0 ], [ 106.670170000345408, -6.679149999872394, 0.0 ], [ 106.670230000414321, -6.679229999964367, 0.0 ], [ 106.670309999606928, -6.67931000005634, 0.0 ], [ 106.670369999675927, -6.679379999687054, 0.0 ], [ 106.67042999974484, -6.679450000217138, 0.0 ], [ 106.670480000251956, -6.679499999824969, 0.0 ], [ 106.670549999882752, -6.679559999893883, 0.0 ], [ 106.670620000412839, -6.679639999985856, 0.0 ], [ 106.670690000043635, -6.679680000031798, 0.0 ], [ 106.670750000112633, -6.67972999963963, 0.0 ], [ 106.670839999766415, -6.679780000146742, 0.0 ], [ 106.670950000342444, -6.679829999754574, 0.0 ], [ 106.671080000042153, -6.679840000215655, 0.0 ], [ 106.671189999718905, -6.679829999754574, 0.0 ], [ 106.671280000271963, -6.679769999685572, 0.0 ], [ 106.671349999902759, -6.679669999570628, 0.0 ], [ 106.671380000386904, -6.679610000401084, 0.0 ], [ 106.671420000432846, -6.679539999870912, 0.0 ], [ 106.671490000063642, -6.679459999779027, 0.0 ], [ 106.671570000155526, -6.679370000125253, 0.0 ], [ 106.671639999786336, -6.679319999618141, 0.0 ], [ 106.671690000293438, -6.679270000010309, 0.0 ], [ 106.671770000385422, -6.679229999964367, 0.0 ], [ 106.671869999601, -6.679169999895365, 0.0 ], [ 106.671960000154044, -6.679149999872394, 0.0 ], [ 106.672049999807825, -6.679120000287622, 0.0 ], [ 106.672129999899795, -6.679100000264651, 0.0 ], [ 106.672209999991679, -6.679100000264651, 0.0 ], [ 106.672339999691388, -6.67908999980348, 0.0 ], [ 106.672365294922642, -6.679096899402239, 0.0 ], [ 106.672450000267503, -6.679120000287622, 0.0 ], [ 106.672559999944255, -6.679189999918336, 0.0 ], [ 106.672620000013168, -6.679270000010309, 0.0 ], [ 106.672649999597937, -6.679359999664083, 0.0 ], [ 106.672709999666949, -6.679450000217138, 0.0 ], [ 106.672729999689921, -6.67951000028614, 0.0 ], [ 106.672769999735863, -6.679579999916854, 0.0 ], [ 106.67280999978189, -6.679639999985856, 0.0 ], [ 106.672860000288907, -6.679700000054858, 0.0 ], [ 106.672909999896746, -6.6797400001008, 0.0 ], [ 106.672980000426833, -6.679800000169713, 0.0 ], [ 106.673039999596455, -6.679840000215655, 0.0 ], [ 106.673130000149598, -6.679889999823487, 0.0 ], [ 106.673230000264454, -6.679929999869429, 0.0 ], [ 106.673339999941206, -6.679960000353571, 0.0 ], [ 106.673429999594973, -6.679980000376542, 0.0 ], [ 106.673549999732899, -6.680000000399602, 0.0 ], [ 106.673649999847754, -6.680020000422573, 0.0 ], [ 106.673749999962695, -6.680029999984374, 0.0 ], [ 106.673819999593491, -6.680040000445544, 0.0 ], [ 106.673919999708431, -6.680059999569146, 0.0 ], [ 106.674019999823287, -6.680090000053287, 0.0 ], [ 106.674099999915271, -6.680119999638148, 0.0 ], [ 106.674200000030211, -6.680170000145171, 0.0 ], [ 106.674280000122096, -6.680239999775974, 0.0 ], [ 106.674309999706864, -6.680330000329118, 0.0 ], [ 106.674329999729835, -6.680419999982892, 0.0 ], [ 106.674369999775777, -6.680529999659637, 0.0 ], [ 106.674400000260007, -6.680609999751521, 0.0 ], [ 106.674409999821819, -6.680669999820434, 0.0 ], [ 106.674460000328921, -6.680729999889436, 0.0 ], [ 106.674500000374863, -6.680830000004292, 0.0 ], [ 106.674549999982702, -6.680919999658066, 0.0 ], [ 106.674630000074586, -6.680999999750039, 0.0 ], [ 106.674730000189527, -6.681070000280123, 0.0 ], [ 106.674819999843294, -6.681099999864983, 0.0 ], [ 106.674919999958249, -6.681110000326065, 0.0 ], [ 106.675020000073104, -6.681090000303094, 0.0 ], [ 106.6750899997039, -6.681079999842012, 0.0 ], [ 106.675169999795884, -6.681059999818952, 0.0 ], [ 106.67530000039487, -6.681039999795981, 0.0 ], [ 106.67537000002568, -6.681039999795981, 0.0 ], [ 106.675459999679362, -6.681039999795981, 0.0 ], [ 106.675530000209534, -6.681039999795981, 0.0 ], [ 106.67559999984033, -6.681050000257152, 0.0 ], [ 106.675659999909243, -6.681070000280123, 0.0 ], [ 106.675740000001127, -6.681090000303094, 0.0 ], [ 106.675809999631937, -6.681130000349036, 0.0 ], [ 106.67588000016211, -6.681179999956868, 0.0 ], [ 106.675929999769849, -6.681210000441009, 0.0 ], [ 106.675980000276965, -6.681269999610642, 0.0 ], [ 106.676040000345878, -6.681309999656584, 0.0 ], [ 106.676089999953717, -6.681369999725497, 0.0 ], [ 106.676150000022631, -6.681420000232698, 0.0 ], [ 106.676210000091629, -6.681460000278641, 0.0 ], [ 106.676239999676397, -6.681520000347554, 0.0 ], [ 106.676270000160542, -6.681569999955386, 0.0 ], [ 106.676299999745396, -6.6816399995861, 0.0 ], [ 106.676359999814309, -6.681730000139243, 0.0 ], [ 106.676410000321425, -6.681819999793017, 0.0 ], [ 106.676479999952221, -6.681919999907873, 0.0 ], [ 106.676540000021134, -6.681999999999846, 0.0 ], [ 106.676620000113118, -6.682060000068759, 0.0 ], [ 106.676680000182031, -6.68208999965362, 0.0 ], [ 106.676740000250945, -6.682109999676591, 0.0 ], [ 106.676820000342914, -6.682129999699562, 0.0 ], [ 106.676909999996695, -6.682129999699562, 0.0 ], [ 106.676979999627491, -6.682120000137761, 0.0 ], [ 106.677050000157578, -6.682109999676591, 0.0 ], [ 106.677130000249463, -6.682080000091819, 0.0 ], [ 106.677230000364403, -6.682040000045788, 0.0 ], [ 106.677309999557011, -6.682020000022817, 0.0 ], [ 106.677400000110055, -6.681979999976875, 0.0 ], [ 106.677509999786807, -6.681959999953815, 0.0 ], [ 106.677589999878776, -6.681950000392014, 0.0 ], [ 106.677680000431835, -6.681970000415074, 0.0 ], [ 106.677759999624442, -6.681990000438045, 0.0 ], [ 106.677830000154614, -6.682020000022817, 0.0 ], [ 106.677899999785325, -6.682060000068759, 0.0 ], [ 106.677959999854323, -6.68210000011479, 0.0 ], [ 106.678019999923237, -6.682149999722533, 0.0 ], [ 106.678089999554047, -6.682209999791535, 0.0 ], [ 106.678140000061148, -6.682260000298648, 0.0 ], [ 106.678169999645931, -6.682309999906391, 0.0 ], [ 106.678209999691873, -6.682369999975393, 0.0 ], [ 106.678229999714929, -6.682430000044306, 0.0 ], [ 106.678260000199074, -6.68251000013619, 0.0 ], [ 106.678289999783843, -6.682570000205192, 0.0 ], [ 106.678309999806814, -6.682659999858966, 0.0 ], [ 106.678340000290959, -6.68271999992788, 0.0 ], [ 106.678340000290959, -6.682800000019853, 0.0 ], [ 106.678380000336901, -6.682860000088766, 0.0 ], [ 106.678400000359872, -6.68294000018065, 0.0 ], [ 106.678401286390439, -6.682943215257033, 0.0 ], [ 106.678440000405899, -6.683040000295595, 0.0 ], [ 106.678460000428871, -6.683129999949369, 0.0 ], [ 106.678479999552479, -6.683219999603143, 0.0 ], [ 106.678519999598421, -6.683290000133226, 0.0 ], [ 106.678550000082652, -6.683379999787, 0.0 ], [ 106.678590000128594, -6.683479999901945, 0.0 ], [ 106.678630000174536, -6.683559999993829, 0.0 ], [ 106.67865999975939, -6.683640000085802, 0.0 ], [ 106.678690000243449, -6.683729999739487, 0.0 ], [ 106.678730000289477, -6.683829999854431, 0.0 ], [ 106.678770000335419, -6.683909999946405, 0.0 ], [ 106.678799999920187, -6.683979999577119, 0.0 ], [ 106.678819999943244, -6.684039999646121, 0.0 ], [ 106.678850000427389, -6.684099999715034, 0.0 ], [ 106.678869999550983, -6.684159999784036, 0.0 ], [ 106.678909999596925, -6.684250000337091, 0.0 ], [ 106.678940000081155, -6.684349999552666, 0.0 ], [ 106.678969999665938, -6.684429999644639, 0.0 ], [ 106.679000000150069, -6.684500000174722, 0.0 ], [ 106.679040000196011, -6.684589999828496, 0.0 ], [ 106.67908999980385, -6.68464999989741, 0.0 ], [ 106.679160000333937, -6.684759999574155, 0.0 ], [ 106.679209999941676, -6.684799999620097, 0.0 ], [ 106.679260000448878, -6.684850000127298, 0.0 ], [ 106.679310000056617, -6.68487999971207, 0.0 ], [ 106.679359999664456, -6.684919999758012, 0.0 ], [ 106.679430000194543, -6.684970000265125, 0.0 ], [ 106.67943339963189, -6.68497113341088, 0.0 ], [ 106.67951999984831, -6.684999999849897, 0.0 ], [ 106.679579999917223, -6.685030000334127, 0.0 ], [ 106.67965000044731, -6.685059999918899, 0.0 ], [ 106.679749999662974, -6.685099999964841, 0.0 ], [ 106.679860000238989, -6.685130000448982, 0.0 ], [ 106.679969999915741, -6.685169999595644, 0.0 ], [ 106.680029999984654, -6.685189999618615, 0.0 ], [ 106.680090000053568, -6.685209999641586, 0.0 ], [ 106.680159999684378, -6.685229999664646, 0.0 ], [ 106.680259999799318, -6.685269999710588, 0.0 ], [ 106.680339999891288, -6.685289999733559, 0.0 ], [ 106.680399999960201, -6.685340000240672, 0.0 ], [ 106.680440000006143, -6.685420000332645, 0.0 ], [ 106.680460000029115, -6.685489999963359, 0.0 ], [ 106.680460000029115, -6.685570000055332, 0.0 ], [ 106.680449999568026, -6.685639999686046, 0.0 ], [ 106.680440000006143, -6.68573999980099, 0.0 ], [ 106.680419999983172, -6.685850000377016, 0.0 ], [ 106.680370000375348, -6.685920000007819, 0.0 ], [ 106.680330000329405, -6.685969999615651, 0.0 ], [ 106.680270000260492, -6.686040000145734, 0.0 ], [ 106.680190000168508, -6.686109999776537, 0.0 ], [ 106.680130000099595, -6.686189999868422, 0.0 ], [ 106.680059999569522, -6.686260000398505, 0.0 ], [ 106.680035738558715, -6.686332783431084, 0.0 ], [ 106.680029999984654, -6.686350000052279, 0.0 ], [ 106.680050000007625, -6.686430000144252, 0.0 ], [ 106.680110000076624, -6.686490000213166, 0.0 ], [ 106.680179999707349, -6.686530000259197, 0.0 ], [ 106.680250000237521, -6.686550000282168, 0.0 ], [ 106.680310000306434, -6.686570000305139, 0.0 ], [ 106.680399999960201, -6.68657999986694, 0.0 ], [ 106.680469999590997, -6.68659000032811, 0.0 ], [ 106.680560000144055, -6.68657999986694, 0.0 ], [ 106.680640000236025, -6.686570000305139, 0.0 ], [ 106.680749999912777, -6.686570000305139, 0.0 ], [ 106.68085999958943, -6.686539999820997, 0.0 ], [ 106.680979999727356, -6.686510000236225, 0.0 ], [ 106.6810700002804, -6.686510000236225, 0.0 ], [ 106.681190000418411, -6.68657999986694, 0.0 ], [ 106.681249999587948, -6.686639999935853, 0.0 ], [ 106.681300000095149, -6.686700000004855, 0.0 ], [ 106.681309999656946, -6.686780000096739, 0.0 ], [ 106.681327996889721, -6.686851989027911, 0.0 ], [ 106.681329999679917, -6.686860000188712, 0.0 ], [ 106.681329999679917, -6.686920000257626, 0.0 ], [ 106.681340000141091, -6.686980000326539, 0.0 ], [ 106.681340000141091, -6.687049999957342, 0.0 ], [ 106.681340000141091, -6.687119999588145, 0.0 ], [ 106.681400000210004, -6.687379999886858, 0.0 ], [ 106.681429999794872, -6.68745000041703, 0.0 ], [ 106.681509999886757, -6.687509999586663, 0.0 ], [ 106.681739999701421, -6.687589999678636, 0.0 ], [ 106.681910000346448, -6.687680000231602, 0.0 ], [ 106.681959999954188, -6.687760000323575, 0.0 ], [ 106.682000000000215, -6.688059999769038, 0.0 ], [ 106.6820800000921, -6.688340000090722, 0.0 ], [ 106.682160000183984, -6.688429999744496, 0.0 ], [ 106.682240000275954, -6.688569999905383, 0.0 ], [ 106.682369999975762, -6.68873999965113, 0.0 ], [ 106.682550000182502, -6.689080000041816, 0.0 ], [ 106.682630000274472, -6.689320000317558, 0.0 ], [ 106.682639999836283, -6.689459999579164, 0.0 ], [ 106.68257999976737, -6.689960000153707, 0.0 ], [ 106.68257999976737, -6.690160000383596, 0.0 ], [ 106.68251000013656, -6.690519999897884, 0.0 ], [ 106.682450000067647, -6.690689999643631, 0.0 ], [ 106.682399999560531, -6.690789999758486, 0.0 ], [ 106.682340000390894, -6.691000000449456, 0.0 ], [ 106.682220000252983, -6.691070000080259, 0.0 ], [ 106.682089999653982, -6.691239999826006, 0.0 ], [ 106.682109999676953, -6.691379999986893, 0.0 ], [ 106.68222999981478, -6.691460000078777, 0.0 ], [ 106.682309999906764, -6.691500000124719, 0.0 ], [ 106.682389999998733, -6.691620000262635, 0.0 ], [ 106.682410000021704, -6.691769999985322, 0.0 ], [ 106.682406253446032, -6.691782739781473, 0.0 ], [ 106.682360000413865, -6.691939999731069, 0.0 ], [ 106.682360000413865, -6.692070000330066, 0.0 ], [ 106.682399999560531, -6.692249999637614, 0.0 ], [ 106.682419999583502, -6.692340000190669, 0.0 ], [ 106.682690000343385, -6.692380000236611, 0.0 ], [ 106.682840000066079, -6.692449999867414, 0.0 ], [ 106.68294000018102, -6.692509999936327, 0.0 ], [ 106.683100000364874, -6.692850000327102, 0.0 ], [ 106.683350000202509, -6.693140000210676, 0.0 ], [ 106.683499999925203, -6.693340000440475, 0.0 ], [ 106.683519999948174, -6.693439999656139, 0.0 ], [ 106.683519999948174, -6.693590000278107, 0.0 ], [ 106.683550000432405, -6.693760000023854, 0.0 ], [ 106.683600000040144, -6.693860000138709, 0.0 ], [ 106.683689999693911, -6.693940000230683, 0.0 ], [ 106.684130000199545, -6.693920000207711, 0.0 ], [ 106.684330000429341, -6.693909999746541, 0.0 ], [ 106.684589999828773, -6.693980000276625, 0.0 ], [ 106.684739999551553, -6.694069999930399, 0.0 ], [ 106.684979999827291, -6.694259999699028, 0.0 ], [ 106.685090000403321, -6.694350000252172, 0.0 ], [ 106.685320000217985, -6.694379999836944, 0.0 ], [ 106.685449999917779, -6.694370000275143, 0.0 ], [ 106.685639999686416, -6.694430000344056, 0.0 ], [ 106.685790000308472, -6.69452999955972, 0.0 ], [ 106.685949999592964, -6.694680000181688, 0.0 ], [ 106.686020000123136, -6.694709999766548, 0.0 ], [ 106.686120000237992, -6.694709999766548, 0.0 ], [ 106.686200000329876, -6.694709999766548, 0.0 ], [ 106.686300000444817, -6.694709999766548, 0.0 ], [ 106.68657999986722, -6.694760000273661, 0.0 ], [ 106.686780000097116, -6.694800000319603, 0.0 ], [ 106.686860000189, -6.694809999881404, 0.0 ], [ 106.686920000257999, -6.694829999904375, 0.0 ], [ 106.687152266364166, -6.694964470134082, 0.0 ], [ 106.687261567267697, -6.695027749131146, 0.0 ], [ 106.687299999795343, -6.695050000157234, 0.0 ], [ 106.687399999910284, -6.695079999742006, 0.0 ], [ 106.687560000094052, -6.695119999788037, 0.0 ], [ 106.687680000231978, -6.695159999833979, 0.0 ], [ 106.687829999954744, -6.69536999962558, 0.0 ], [ 106.687890000023657, -6.695580000316639, 0.0 ], [ 106.687970000115541, -6.695680000431494, 0.0 ], [ 106.68801999972338, -6.695710000016355, 0.0 ], [ 106.688170000345437, -6.6958199996931, 0.0 ], [ 106.688329999629929, -6.6960199999229, 0.0 ], [ 106.688420000183072, -6.696100000014873, 0.0 ], [ 106.688549999882781, -6.696140000060815, 0.0 ], [ 106.688839999766358, -6.696280000221702, 0.0 ], [ 106.689240000225951, -6.696699999804991, 0.0 ], [ 106.689420000432875, -6.69688000001182, 0.0 ], [ 106.689550000132584, -6.696969999665594, 0.0 ], [ 106.689860000039133, -6.696960000103793, 0.0 ], [ 106.690060000269028, -6.696920000057762, 0.0 ], [ 106.690330000129535, -6.696940000080733, 0.0 ], [ 106.690570000405359, -6.696980000126764, 0.0 ], [ 106.690809999781834, -6.69710999982648, 0.0 ], [ 106.69094000038082, -6.697249999987278, 0.0 ], [ 106.691059999619455, -6.697459999779056, 0.0 ], [ 106.691150000172598, -6.697590000378053, 0.0 ], [ 106.691279999872322, -6.697709999616599, 0.0 ], [ 106.69152000014806, -6.697789999708572, 0.0 ], [ 106.691959999754403, -6.698009999961343, 0.0 ], [ 106.692090000353403, -6.698099999615117, 0.0 ], [ 106.69244999986779, -6.69839000039806, 0.0 ], [ 106.692560000443805, -6.698600000189661, 0.0 ], [ 106.69267999968244, -6.698930000119265, 0.0 ], [ 106.692770000235498, -6.699090000303123, 0.0 ], [ 106.692850000327468, -6.699179999956897, 0.0 ], [ 106.693189999818784, -6.699400000209668, 0.0 ], [ 106.693510000186507, -6.6996599996091, 0.0 ], [ 106.69396999981582, -6.700080000091759, 0.0 ], [ 106.694129999999689, -6.700220000252646, 0.0 ], [ 106.694179999607428, -6.700260000298588, 0.0 ], [ 106.694359999814338, -6.700369999975333, 0.0 ], [ 106.694580000067106, -6.700510000136219, 0.0 ], [ 106.69469686157106, -6.700597646264175, 0.0 ], [ 106.694740000250974, -6.700630000274135, 0.0 ], [ 106.695130000249492, -6.700840000065824, 0.0 ], [ 106.696543400857422, -6.701042603832921, 0.0 ], [ 106.698059999569551, -6.701259999649114, 0.0 ], [ 106.699890000323407, -6.701479999901885, 0.0 ], [ 106.701569999556028, -6.701669999670603, 0.0 ], [ 106.702859999689409, -6.701900000384544, 0.0 ], [ 106.704220000352876, -6.702360000013776, 0.0 ], [ 106.707089999603923, -6.703759999823902, 0.0 ], [ 106.709190000218484, -6.705139999611145, 0.0 ], [ 106.710269999660895, -6.706230000414095, 0.0 ], [ 106.710570000005646, -6.706739999651159, 0.0 ], [ 106.711470000140594, -6.70825000003731, 0.0 ], [ 106.712700000205061, -6.710099999914956, 0.0 ], [ 106.713870000200529, -6.712170000045283, 0.0 ], [ 106.714200000130035, -6.713609999901351, 0.0 ], [ 106.714779999897274, -6.715410000171254, 0.0 ], [ 106.714859999989159, -6.716480000051774, 0.0 ], [ 106.71488000001213, -6.718169999745562, 0.0 ], [ 106.714759999874303, -6.719100000364566, 0.0 ], [ 106.714650000197565, -6.720119999737975, 0.0 ], [ 106.714670000220536, -6.721819999892933, 0.0 ], [ 106.714770000335392, -6.722510000236195, 0.0 ], [ 106.715249999987677, -6.7249900003881, 0.0 ], [ 106.71545999977937, -6.725790000408018, 0.0 ], [ 106.716050000007684, -6.727270000310117, 0.0 ], [ 106.716346314031313, -6.727317792981538, 0.0 ], [ 106.715446682618477, -6.728027308613296, 0.0 ], [ 106.713920798406349, -6.729131185055994, 0.0 ], [ 106.711921886086401, -6.730352840311173, 0.0 ], [ 106.710853772084093, -6.730955108191541, 0.0 ], [ 106.710266325930419, -6.731098638191426, 0.0 ], [ 106.709457587198074, -6.731222582755816, 0.0 ], [ 106.708244539354126, -6.731374721965668, 0.0 ], [ 106.707237429963584, -6.731526811712865, 0.0 ], [ 106.706436356153091, -6.731695609964241, 0.0 ], [ 106.705414014045687, -6.732112854924157, 0.0 ], [ 106.704529012803874, -6.732647370579539, 0.0 ], [ 106.703567723871515, -6.732867696386915, 0.0 ], [ 106.702720853884486, -6.733360261366741, 0.0 ], [ 106.702872309609603, -6.734385504687115, 0.0 ], [ 106.70145999987929, -6.73355999989397, 0.0 ], [ 106.700800000020166, -6.732989999688623, 0.0 ], [ 106.700289999883722, -6.732240000175729, 0.0 ], [ 106.699420000233005, -6.731170000295119, 0.0 ], [ 106.698999999750356, -6.730729999789489, 0.0 ], [ 106.698310000306464, -6.730109999976399, 0.0 ], [ 106.698239999776291, -6.730109999976399, 0.0 ], [ 106.698159999684407, -6.730020000322625, 0.0 ], [ 106.698079999592522, -6.729840000115797, 0.0 ], [ 106.69796999991577, -6.729769999585624, 0.0 ], [ 106.697720000078135, -6.729820000092825, 0.0 ], [ 106.697630000424368, -6.729840000115797, 0.0 ], [ 106.697270000010704, -6.729829999654626, 0.0 ], [ 106.697140000310895, -6.729829999654626, 0.0 ], [ 106.696909999596954, -6.729800000069766, 0.0 ], [ 106.696739999851303, -6.72971000041608, 0.0 ], [ 106.69653000005961, -6.729530000209163, 0.0 ], [ 106.696479999552508, -6.729289999933332, 0.0 ], [ 106.696360000313959, -6.729160000233705, 0.0 ], [ 106.696220000153062, -6.729000000049759, 0.0 ], [ 106.69618000010712, -6.728850000327071, 0.0 ], [ 106.696229999714873, -6.728750000212216, 0.0 ], [ 106.696030000384354, -6.728570000005298, 0.0 ], [ 106.695609999901777, -6.728469999890443, 0.0 ], [ 106.695460000178997, -6.728440000305582, 0.0 ], [ 106.694979999627435, -6.728139999960927, 0.0 ], [ 106.69480999988177, -6.728079999891925, 0.0 ], [ 106.694620000113147, -6.728019999822923, 0.0 ], [ 106.6942500001376, -6.727760000423491, 0.0 ], [ 106.69396999981582, -6.727500000124778, 0.0 ], [ 106.693749999563053, -6.72733999994092, 0.0 ], [ 106.693679999932243, -6.727299999894889, 0.0 ], [ 106.693209999841756, -6.72713999971112, 0.0 ], [ 106.693029999634931, -6.727070000080317, 0.0 ], [ 106.692850000327468, -6.727000000449515, 0.0 ], [ 106.692650000097586, -6.726929999919342, 0.0 ], [ 106.692420000282922, -6.726789999758545, 0.0 ], [ 106.692300000145096, -6.7266899996436, 0.0 ], [ 106.692220000053126, -6.726649999597658, 0.0 ], [ 106.692119999938171, -6.726620000012797, 0.0 ], [ 106.691379999987177, -6.725960000153766, 0.0 ], [ 106.691070000080629, -6.725679999831993, 0.0 ], [ 106.690330000129535, -6.725049999557644, 0.0 ], [ 106.68965000024744, -6.724469999790497, 0.0 ], [ 106.689080000042182, -6.723990000138294, 0.0 ], [ 106.688839999766358, -6.723760000323544, 0.0 ], [ 106.687210000141562, -6.722350000052337, 0.0 ], [ 106.687130000049677, -6.722269999960364, 0.0 ], [ 106.686820000143058, -6.722249999937393, 0.0 ], [ 106.68665999995919, -6.722220000352621, 0.0 ], [ 106.686410000121555, -6.722080000191646, 0.0 ], [ 106.686260000398875, -6.722000000099762, 0.0 ], [ 106.686009999661877, -6.72196999961562, 0.0 ], [ 106.68567000017056, -6.721899999984817, 0.0 ], [ 106.685420000332925, -6.72175000026213, 0.0 ], [ 106.685229999664926, -6.721659999709075, 0.0 ], [ 106.684950000242523, -6.721590000078272, 0.0 ], [ 106.684839999666409, -6.721570000055301, 0.0 ], [ 106.684750000012727, -6.72153999957116, 0.0 ], [ 106.684669999920743, -6.721520000447558, 0.0 ], [ 106.684600000289947, -6.721489999963328, 0.0 ], [ 106.684580000266976, -6.721300000194699, 0.0 ], [ 106.684640000335975, -6.720919999757982, 0.0 ], [ 106.684629999874716, -6.720839999666097, 0.0 ], [ 106.684509999736889, -6.720700000404491, 0.0 ], [ 106.684420000083122, -6.720649999897468, 0.0 ], [ 106.684339999991153, -6.720580000266665, 0.0 ], [ 106.684270000360428, -6.72046999969055, 0.0 ], [ 106.684179999807284, -6.720389999598666, 0.0 ], [ 106.684150000222516, -6.720319999967863, 0.0 ], [ 106.684110000176574, -6.720230000314089, 0.0 ], [ 106.684110000176574, -6.720150000222205, 0.0 ], [ 106.684119999738371, -6.720019999623119, 0.0 ], [ 106.684190000268458, -6.719869999900432, 0.0 ], [ 106.68429999994521, -6.719749999762517, 0.0 ], [ 106.684580000266976, -6.719430000294082, 0.0 ], [ 106.68452999975986, -6.71919000001834, 0.0 ], [ 106.684500000175007, -6.718980000226651, 0.0 ], [ 106.684400000060151, -6.718730000389019, 0.0 ], [ 106.684210000291429, -6.718260000298617, 0.0 ], [ 106.684010000061633, -6.717959999953873, 0.0 ], [ 106.683920000407852, -6.717790000208215, 0.0 ], [ 106.683900000384881, -6.717730000139213, 0.0 ], [ 106.68401999962343, -6.717610000001386, 0.0 ], [ 106.684179999807284, -6.717360000163666, 0.0 ], [ 106.68431000040637, -6.716959999704066, 0.0 ], [ 106.684409999621948, -6.71683000000435, 0.0 ], [ 106.684930000219467, -6.71662999977455, 0.0 ], [ 106.685169999596013, -6.716489999613664, 0.0 ], [ 106.685309999756811, -6.716250000237114, 0.0 ], [ 106.685320000217985, -6.716130000099287, 0.0 ], [ 106.685309999756811, -6.716050000007314, 0.0 ], [ 106.685460000378868, -6.715720000077798, 0.0 ], [ 106.685599999640473, -6.715370000125223, 0.0 ], [ 106.685949999592964, -6.715200000379564, 0.0 ], [ 106.686060000169078, -6.715129999849481, 0.0 ], [ 106.686129999799874, -6.715049999757507, 0.0 ], [ 106.686149999822845, -6.714929999619681, 0.0 ], [ 106.685879999962154, -6.714730000289162, 0.0 ], [ 106.685659999709387, -6.714630000174218, 0.0 ], [ 106.685520000447781, -6.714559999644134, 0.0 ], [ 106.68538999984878, -6.714440000405588, 0.0 ], [ 106.685309999756811, -6.714349999852445, 0.0 ], [ 106.685280000172042, -6.714300000244613, 0.0 ], [ 106.685099999965217, -6.714220000152729, 0.0 ], [ 106.684999999850262, -6.714089999553643, 0.0 ], [ 106.684919999758293, -6.713970000315097, 0.0 ], [ 106.684799999620466, -6.713699999555125, 0.0 ], [ 106.684739999551553, -6.713549999832438, 0.0 ], [ 106.684660000358946, -6.713429999694611, 0.0 ], [ 106.684580000266976, -6.712809999881433, 0.0 ], [ 106.684520000197978, -6.712439999905886, 0.0 ], [ 106.684489999713918, -6.712239999676086, 0.0 ], [ 106.684509999736889, -6.712000000299625, 0.0 ], [ 106.68452999975986, -6.711840000115767, 0.0 ], [ 106.684469999690947, -6.711670000370109, 0.0 ], [ 106.684389999598977, -6.711550000232105, 0.0 ], [ 106.684290000383399, -6.711430000094278, 0.0 ], [ 106.684179999807284, -6.711300000394562, 0.0 ], [ 106.6840999997154, -6.711280000371591, 0.0 ], [ 106.683940000430823, -6.710980000026847, 0.0 ], [ 106.683889999923707, -6.710839999865961, 0.0 ], [ 106.683809999831823, -6.710579999567159, 0.0 ], [ 106.683769999785881, -6.710460000328524, 0.0 ], [ 106.683789999808852, -6.710360000213669, 0.0 ], [ 106.683920000407852, -6.710170000445039, 0.0 ], [ 106.683970000015691, -6.710010000261182, 0.0 ], [ 106.683970000015691, -6.709870000100207, 0.0 ], [ 106.683940000430823, -6.709810000031293, 0.0 ], [ 106.683900000384881, -6.709729999939409, 0.0 ], [ 106.683869999900736, -6.709649999847436, 0.0 ], [ 106.683829999854794, -6.709589999778522, 0.0 ], [ 106.683780000246969, -6.709509999686549, 0.0 ], [ 106.683700000155085, -6.709449999617636, 0.0 ], [ 106.683620000063115, -6.709359999963862, 0.0 ], [ 106.683499999925203, -6.709250000287117, 0.0 ], [ 106.68337000022548, -6.709210000241175, 0.0 ], [ 106.683137647784378, -6.709123944114594, 0.0 ], [ 106.683100000364874, -6.70911000012623, 0.0 ], [ 106.683080000341903, -6.709050000057317, 0.0 ], [ 106.683109999926771, -6.708609999551687, 0.0 ], [ 106.683000000250019, -6.708390000198197, 0.0 ], [ 106.682969999765874, -6.708290000083252, 0.0 ], [ 106.683000000250019, -6.708080000291563, 0.0 ], [ 106.682980000227047, -6.708009999761568, 0.0 ], [ 106.682739999951224, -6.707730000339076, 0.0 ], [ 106.682699999905282, -6.707679999831964, 0.0 ], [ 106.682639999836283, -6.707550000132247, 0.0 ], [ 106.682450000067647, -6.707200000179672, 0.0 ], [ 106.682320000367923, -6.706939999880959, 0.0 ], [ 106.682140000161013, -6.706690000043327, 0.0 ], [ 106.68193000036942, -6.70654000032064, 0.0 ], [ 106.681349999702888, -6.706420000182636, 0.0 ], [ 106.680930000119602, -6.706340000090751, 0.0 ], [ 106.680689999843779, -6.706250000437066, 0.0 ], [ 106.680520000098113, -6.706119999837981, 0.0 ], [ 106.680469999590997, -6.706010000161235, 0.0 ], [ 106.68037999993723, -6.705709999816492, 0.0 ], [ 106.680290000283463, -6.705419999932829, 0.0 ], [ 106.680339999891288, -6.7052300001642, 0.0 ], [ 106.68037999993723, -6.705139999611145, 0.0 ], [ 106.680540000121084, -6.704829999704511, 0.0 ], [ 106.680629999774865, -6.70461000035111, 0.0 ], [ 106.680830000004661, -6.704020000122703, 0.0 ], [ 106.680800000419893, -6.703879999961906, 0.0 ], [ 106.68074000035088, -6.703650000147245, 0.0 ], [ 106.680709999866835, -6.703429999894386, 0.0 ], [ 106.680669999820807, -6.703010000311096, 0.0 ], [ 106.680600000190083, -6.702770000035265, 0.0 ], [ 106.680520000098113, -6.702600000289607, 0.0 ], [ 106.68037999993723, -6.702389999598637, 0.0 ], [ 106.680330000329405, -6.702090000153262, 0.0 ], [ 106.680319999868317, -6.70201999962309, 0.0 ], [ 106.680029999984654, -6.701929999969405, 0.0 ], [ 106.679729999640003, -6.701909999946434, 0.0 ], [ 106.679479999802282, -6.701880000361573, 0.0 ], [ 106.679180000356908, -6.70139999981, 0.0 ], [ 106.678900000035128, -6.701060000318595, 0.0 ], [ 106.678871971764224, -6.701042603832921, 0.0 ], [ 106.678610000151565, -6.700880000111766, 0.0 ], [ 106.678400000359872, -6.700920000157709, 0.0 ], [ 106.678245131707655, -6.701042603832921, 0.0 ], [ 106.678160000084119, -6.701109999926427, 0.0 ], [ 106.677850000177585, -6.701470000340084, 0.0 ], [ 106.67764999994769, -6.701479999901885, 0.0 ], [ 106.677529999809778, -6.701190000018311, 0.0 ], [ 106.677537019018374, -6.701042603832921, 0.0 ], [ 106.677569999855805, -6.700349999952362, 0.0 ], [ 106.677680000431835, -6.700029999584647, 0.0 ], [ 106.677686582569862, -6.699904929968383, 0.0 ], [ 106.677699999555529, -6.699650000047299, 0.0 ], [ 106.677480000202038, -6.699529999909473, 0.0 ], [ 106.677309999557011, -6.699469999840471, 0.0 ], [ 106.676840000365885, -6.699349999702555, 0.0 ], [ 106.676649999697887, -6.699179999956897, 0.0 ], [ 106.676680000182031, -6.698979999727008, 0.0 ], [ 106.676720000227974, -6.698440000005892, 0.0 ], [ 106.676649999697887, -6.698070000030345, 0.0 ], [ 106.676450000367453, -6.697709999616599, 0.0 ], [ 106.676261818128594, -6.69754926198868, 0.0 ], [ 106.675969999815791, -6.69729999959511, 0.0 ], [ 106.675769999585995, -6.697140000310622, 0.0 ], [ 106.675309999956681, -6.696989999688565, 0.0 ], [ 106.674730000189527, -6.696949999642623, 0.0 ], [ 106.674349999752806, -6.696850000426959, 0.0 ], [ 106.67411000037643, -6.696490000013302, 0.0 ], [ 106.674119999938242, -6.696180000106757, 0.0 ], [ 106.674139999961213, -6.6960199999229, 0.0 ], [ 106.674039999846258, -6.695839999716071, 0.0 ], [ 106.673790000008722, -6.695680000431494, 0.0 ], [ 106.673549999732899, -6.695529999809438, 0.0 ], [ 106.673420000033175, -6.695380000086839, 0.0 ], [ 106.673409999572002, -6.695290000433065, 0.0 ], [ 106.673409999572002, -6.694919999558149, 0.0 ], [ 106.673319999918235, -6.694589999628633, 0.0 ], [ 106.673210000241482, -6.694430000344056, 0.0 ], [ 106.673079999642397, -6.694399999860003, 0.0 ], [ 106.672940000380891, -6.694540000020801, 0.0 ], [ 106.67274000015108, -6.694999999650122, 0.0 ], [ 106.672649999597937, -6.695190000318121, 0.0 ], [ 106.672370000175533, -6.695210000341092, 0.0 ], [ 106.672209999991679, -6.695110000226148, 0.0 ], [ 106.672169999945737, -6.695019999673093, 0.0 ], [ 106.672100000314941, -6.694769999835462, 0.0 ], [ 106.672000000199986, -6.694620000112774, 0.0 ], [ 106.671409999971672, -6.694310000206229, 0.0 ], [ 106.671049999558022, -6.694170000045254, 0.0 ], [ 106.67065999955949, -6.693940000230683, 0.0 ], [ 106.670560000343926, -6.693780000046825, 0.0 ], [ 106.670620000412839, -6.693399999610108, 0.0 ], [ 106.670620000412839, -6.693269999910392, 0.0 ], [ 106.670507203844579, -6.693096106100285, 0.0 ], [ 106.670380000137101, -6.692899999934845, 0.0 ], [ 106.670289999583957, -6.692870000350073, 0.0 ], [ 106.670059999769379, -6.692890000373044, 0.0 ], [ 106.669820000392832, -6.693000000049789, 0.0 ], [ 106.669673322765803, -6.693040002793751, 0.0 ], [ 106.669270000210545, -6.693149999772476, 0.0 ], [ 106.66902000037291, -6.693129999749505, 0.0 ], [ 106.668869999750854, -6.69304000009582, 0.0 ], [ 106.668849999727883, -6.692670000120273, 0.0 ], [ 106.668889999773825, -6.692400000259582, 0.0 ], [ 106.668897457851628, -6.692350283039019, 0.0 ], [ 106.66892000025797, -6.692200000029782, 0.0 ], [ 106.669000000349939, -6.691640000285606, 0.0 ], [ 106.668820000143029, -6.691500000124719, 0.0 ], [ 106.668530000259452, -6.691429999594636, 0.0 ], [ 106.667659999709358, -6.691290000333119, 0.0 ], [ 106.667509999986663, -6.691230000264117, 0.0 ], [ 106.667309999756867, -6.690920000357572, 0.0 ], [ 106.667349999802809, -6.690530000359054, 0.0 ], [ 106.667530000009634, -6.690169999945397, 0.0 ], [ 106.667509999986663, -6.690089999853424, 0.0 ], [ 106.667200000080129, -6.689949999692537, 0.0 ], [ 106.667030000334378, -6.689860000038852, 0.0 ], [ 106.667016416974249, -6.689826660371914, 0.0 ], [ 106.666919999758349, -6.689590000178249, 0.0 ], [ 106.666959999804291, -6.689360000363589, 0.0 ], [ 106.666890000173581, -6.689069999580646, 0.0 ], [ 106.666689999943785, -6.688919999857958, 0.0 ], [ 106.666349999553006, -6.688690000043298, 0.0 ], [ 106.666210000291485, -6.688529999859441, 0.0 ], [ 106.666199999830326, -6.688409999721525, 0.0 ], [ 106.66629000038337, -6.68809000025318, 0.0 ], [ 106.666301652899122, -6.688060033943302, 0.0 ], [ 106.66636000001418, -6.687910000046351, 0.0 ], [ 106.666560000243976, -6.687170000095257, 0.0 ], [ 106.666500000175063, -6.686960000303568, 0.0 ], [ 106.666440000106064, -6.686690000442965, 0.0 ], [ 106.666433989037529, -6.686479607647602, 0.0 ], [ 106.666429999644976, -6.686339999591198, 0.0 ], [ 106.666429999644976, -6.685910000446018, 0.0 ], [ 106.66636000001418, -6.685759999823961, 0.0 ], [ 106.666070000130603, -6.685619999663075, 0.0 ], [ 106.665809999831794, -6.685659999709017, 0.0 ], [ 106.665539999971202, -6.685650000147216, 0.0 ], [ 106.665199999580423, -6.6855200004475, 0.0 ], [ 106.66502000027296, -6.685360000263643, 0.0 ], [ 106.664846863691977, -6.685109914091161, 0.0 ], [ 106.664840000066135, -6.685099999964841, 0.0 ], [ 106.664610000251471, -6.684720000427493, 0.0 ], [ 106.664419999583473, -6.684299999944834, 0.0 ], [ 106.664399999560501, -6.683880000361544, 0.0 ], [ 106.664530000159587, -6.683600000039771, 0.0 ], [ 106.664690000343356, -6.683339999740969, 0.0 ], [ 106.664719561059101, -6.683264752566078, 0.0 ], [ 106.664800000020108, -6.683060000318655, 0.0 ], [ 106.664739999951195, -6.68294000018065, 0.0 ], [ 106.664499999675357, -6.682809999581654, 0.0 ], [ 106.664069999630982, -6.682710000366079, 0.0 ], [ 106.6635800004169, -6.682619999812935, 0.0 ], [ 106.663170000395411, -6.682550000182133, 0.0 ], [ 106.662970000165515, -6.682490000113219, 0.0 ], [ 106.662919999658413, -6.682369999975393, 0.0 ], [ 106.662930000119573, -6.682200000229646, 0.0 ], [ 106.663039999796325, -6.681919999907873, 0.0 ], [ 106.663090000303441, -6.681799999770046, 0.0 ], [ 106.663155453861293, -6.681366368263166, 0.0 ], [ 106.663170000395411, -6.681269999610642, 0.0 ], [ 106.663139999911266, -6.680990000188238, 0.0 ], [ 106.663090000303441, -6.680780000396549, 0.0 ], [ 106.662899999635442, -6.680440000005863, 0.0 ], [ 106.662852885952077, -6.680385957945436, 0.0 ], [ 106.662675971319175, -6.680183025925803, 0.0 ], [ 106.662560000144111, -6.680050000007345, 0.0 ], [ 106.662419999983143, -6.679840000215655, 0.0 ], [ 106.66235999991423, -6.679669999570628, 0.0 ], [ 106.662119999638406, -6.679350000102282, 0.0 ], [ 106.661969999915712, -6.679370000125253, 0.0 ], [ 106.661760000124104, -6.679539999870912, 0.0 ], [ 106.661579999917279, -6.679590000378024, 0.0 ], [ 106.661339999641456, -6.679479999801998, 0.0 ], [ 106.661180000356964, -6.679339999641112, 0.0 ], [ 106.661029999734907, -6.679080000241679, 0.0 ], [ 106.661089999803821, -6.678940000080793, 0.0 ], [ 106.661299999595514, -6.678730000289104, 0.0 ], [ 106.661299999595514, -6.678510000036333, 0.0 ], [ 106.661229999964704, -6.678309999806444, 0.0 ], [ 106.661149999872734, -6.678169999645647, 0.0 ], [ 106.661009999711936, -6.678089999553674, 0.0 ], [ 106.660819999943214, -6.677979999876928, 0.0 ], [ 106.660750000312419, -6.6777999996701, 0.0 ], [ 106.660619999713418, -6.677440000155723, 0.0 ], [ 106.66034000029093, -6.677079999742066, 0.0 ], [ 106.659970000315383, -6.676849999927406, 0.0 ], [ 106.659649999947661, -6.676669999720577, 0.0 ], [ 106.659349999603009, -6.676399999859974, 0.0 ], [ 106.659347451823606, -6.676393293615437, 0.0 ], [ 106.659159999834287, -6.675900000184711, 0.0 ], [ 106.659010861662168, -6.67551224039741, 0.0 ], [ 106.659010000111607, -6.675510000186193, 0.0 ], [ 106.658869999950724, -6.675249999887392, 0.0 ], [ 106.658669999720829, -6.675149999772447, 0.0 ], [ 106.658410000321481, -6.675120000187675, 0.0 ], [ 106.658150000022687, -6.674950000442017, 0.0 ], [ 106.657849999677936, -6.674630000074302, 0.0 ], [ 106.657699999955156, -6.674560000443499, 0.0 ], [ 106.657390000048622, -6.674570000005389, 0.0 ], [ 106.657000000050104, -6.674670000120244, 0.0 ], [ 106.656690000143556, -6.674710000166186, 0.0 ], [ 106.656469999890788, -6.674260000098755, 0.0 ], [ 106.656340000191065, -6.673640000285577, 0.0 ], [ 106.656367220870735, -6.673417696869102, 0.0 ], [ 106.656400000259978, -6.673150000172203, 0.0 ], [ 106.656480000351863, -6.672599999989828, 0.0 ], [ 106.656529999959702, -6.672299999645173, 0.0 ], [ 106.656380000237007, -6.671920000107736, 0.0 ], [ 106.655930000169491, -6.671530000109307, 0.0 ], [ 106.655540000171058, -6.671280000271587, 0.0 ], [ 106.655179999757408, -6.671280000271587, 0.0 ], [ 106.654889999873745, -6.671389999948332, 0.0 ], [ 106.654700000105109, -6.671369999925361, 0.0 ], [ 106.654677492772223, -6.671341867333105, 0.0 ], [ 106.654499999875313, -6.671120000087818, 0.0 ], [ 106.654459999829371, -6.670830000204244, 0.0 ], [ 106.654459999829371, -6.670826349855954, 0.0 ], [ 106.654459999829371, -6.670569999905442, 0.0 ], [ 106.654279999622446, -6.670259999998809, 0.0 ], [ 106.653730000339451, -6.669809999931378, 0.0 ], [ 106.653421377294904, -6.669552813611315, 0.0 ], [ 106.653309999856788, -6.669459999978891, 0.0 ], [ 106.65301999997321, -6.669119999588116, 0.0 ], [ 106.652640000435866, -6.668599999889882, 0.0 ], [ 106.652329999629956, -6.668390000098281, 0.0 ], [ 106.652019999723407, -6.668319999568197, 0.0 ], [ 106.651749999862801, -6.668450000167283, 0.0 ], [ 106.65154999963292, -6.668709999566627, 0.0 ], [ 106.651230000164574, -6.668960000303628, 0.0 ], [ 106.651099999565488, -6.668969999865428, 0.0 ], [ 106.651043657938658, -6.668890459327095, 0.0 ], [ 106.650929999819823, -6.668729999589598, 0.0 ], [ 106.650729999590027, -6.668310000006308, 0.0 ], [ 106.650544191561423, -6.667650379661119, 0.0 ], [ 106.65044463031559, -6.667654108250378, 0.0 ], [ 106.650530000259508, -6.667599999640075, 0.0 ], [ 106.650430000144567, -6.667079999941929, 0.0 ], [ 106.650370000075654, -6.666790000058356, 0.0 ], [ 106.650229999914757, -6.666270000360033, 0.0 ], [ 106.650080000191991, -6.666039999646092, 0.0 ], [ 106.649699999755356, -6.665550000431999, 0.0 ], [ 106.649633170234779, -6.665465753741397, 0.0 ], [ 106.649393304857341, -6.665163377387753, 0.0 ], [ 106.649440000355924, -6.664860000088737, 0.0 ], [ 106.649771700004123, -6.664560624772822, 0.0 ], [ 106.650037010799593, -6.664533201745684, 0.0 ], [ 106.650284095934424, -6.664346622998121, 0.0 ], [ 106.650300487877345, -6.663957371235565, 0.0 ], [ 106.650113703185013, -6.663657252180268, 0.0 ], [ 106.649643530424811, -6.663269626392001, 0.0 ], [ 106.649386091395172, -6.663005124087054, 0.0 ], [ 106.64914978823235, -6.662674940695847, 0.0 ], [ 106.649146109105828, -6.662669801070322, 0.0 ], [ 106.6492000000801, -6.662050000007316, 0.0 ], [ 106.649238820215558, -6.661889175145177, 0.0 ], [ 106.649269999710896, -6.661760000123742, 0.0 ], [ 106.649329999779894, -6.661579999916913, 0.0 ], [ 106.649570000055647, -6.660900000034822, 0.0 ], [ 106.649799999870211, -6.660810000381048, 0.0 ], [ 106.650274740287244, -6.6606201040344, 0.0 ], [ 106.650300000444844, -6.660610000151248, 0.0 ], [ 106.650519999798334, -6.660510000036304, 0.0 ], [ 106.65078999965894, -6.660360000313617, 0.0 ], [ 106.651069999980706, -6.660140000060757, 0.0 ], [ 106.651239999726371, -6.659830000154212, 0.0 ], [ 106.651259999749342, -6.659369999625611, 0.0 ], [ 106.6512199997034, -6.658970000065292, 0.0 ], [ 106.651216533716251, -6.658948336296557, 0.0 ], [ 106.651179999657458, -6.65872000022766, 0.0 ], [ 106.651110000026648, -6.658430000344087, 0.0 ], [ 106.651060000418823, -6.658179999607086, 0.0 ], [ 106.651080000441794, -6.657969999815485, 0.0 ], [ 106.651069999980706, -6.657679999931911, 0.0 ], [ 106.651040000395852, -6.657359999564196, 0.0 ], [ 106.65115000007259, -6.657220000302591, 0.0 ], [ 106.651370000325457, -6.656989999588649, 0.0 ], [ 106.651680000232005, -6.656650000097244, 0.0 ], [ 106.651700643270303, -6.656625766965387, 0.0 ], [ 106.651910000046655, -6.656380000236641, 0.0 ], [ 106.652420000183014, -6.655970000215152, 0.0 ], [ 106.652569999905694, -6.65593000016921, 0.0 ], [ 106.652810000181518, -6.655999999800013, 0.0 ], [ 106.653120000088066, -6.656260000098726, 0.0 ], [ 106.653389999948757, -6.656469999890415, 0.0 ], [ 106.653619999763336, -6.656469999890415, 0.0 ], [ 106.653880000062131, -6.656400000259612, 0.0 ], [ 106.654040000245999, -6.656409999821413, 0.0 ], [ 106.654729999689891, -6.656619999613191, 0.0 ], [ 106.654919229638921, -6.656672037983959, 0.0 ], [ 106.655130000149569, -6.656730000189217, 0.0 ], [ 106.655400000010175, -6.656770000235159, 0.0 ], [ 106.655560000194029, -6.656719999728047, 0.0 ], [ 106.655859999639489, -6.656480000351586, 0.0 ], [ 106.656050000307488, -6.656300000144668, 0.0 ], [ 106.656229999614951, -6.656110000376039, 0.0 ], [ 106.656453238326463, -6.655800346708443, 0.0 ], [ 106.656540000420875, -6.655680000331579, 0.0 ], [ 106.656879999912277, -6.655219999802977, 0.0 ], [ 106.657040000096131, -6.654969999965346, 0.0 ], [ 106.657340000440882, -6.654539999920885, 0.0 ], [ 106.657570000255447, -6.654359999714057, 0.0 ], [ 106.657769999585966, -6.654350000152256, 0.0 ], [ 106.658060000368906, -6.65441999978297, 0.0 ], [ 106.65835999981428, -6.654559999943856, 0.0 ], [ 106.658609999651915, -6.654680000081772, 0.0 ], [ 106.658869999950724, -6.654749999712575, 0.0 ], [ 106.659219999903286, -6.654749999712575, 0.0 ], [ 106.659480000202009, -6.654709999666544, 0.0 ], [ 106.659541156799122, -6.654689613834499, 0.0 ], [ 106.659750000062616, -6.65462000001277, 0.0 ], [ 106.659810366155625, -6.65459256079787, 0.0 ], [ 106.659970000315383, -6.654519999897914, 0.0 ], [ 106.660320000267959, -6.654330000129196, 0.0 ], [ 106.66051000003668, -6.65421999955317, 0.0 ], [ 106.660690000243505, -6.65421999955317, 0.0 ], [ 106.660869999551053, -6.654339999691086, 0.0 ], [ 106.661089999803821, -6.654479999851972, 0.0 ], [ 106.661490000263512, -6.654680000081772, 0.0 ], [ 106.6618499997778, -6.654749999712575, 0.0 ], [ 106.662370000375404, -6.654749999712575, 0.0 ], [ 106.662780000396893, -6.654660000058801, 0.0 ], [ 106.663090000303441, -6.654519999897914, 0.0 ] ] ] ] } },
{ "type": "Feature", "properties": { "PROVNO": "32", "KABKOTNO": "01", "KECNO": "030", "DESANO": "008", "PROVINSI": "JAWA BARAT", "KABKOT": "BOGOR", "KECAMATAN": "PAMIJAHAN", "ID2013": "3201030008", "DESA": "CIBENING", "DESA_1": "CIBENING", "ID2012": "3201030008", "IDKAB2": "3201", "IDKEC_2": "3201030", "WILAYAH": "BARAT" }, "geometry": { "type": "MultiPolygon", "coordinates": [ [ [ [ 106.677175344067052, -6.616442281785719, 0.0 ], [ 106.677592567443156, -6.616398975831874, 0.0 ], [ 106.677575888616573, -6.616976458396664, 0.0 ], [ 106.677514341713717, -6.617138097145272, 0.0 ], [ 106.677626211980282, -6.617168764027106, 0.0 ], [ 106.677737893389192, -6.617143550634221, 0.0 ], [ 106.678036310027792, -6.61725430394279, 0.0 ], [ 106.678369999875727, -6.617200000179704, 0.0 ], [ 106.67849999957545, -6.617229999764476, 0.0 ], [ 106.678610000151565, -6.617280000271677, 0.0 ], [ 106.678924093772096, -6.617214052986, 0.0 ], [ 106.678937119552543, -6.61739406668266, 0.0 ], [ 106.678981088306699, -6.617542930561662, 0.0 ], [ 106.678938463139744, -6.617791430330069, 0.0 ], [ 106.678946915867684, -6.618455752330945, 0.0 ], [ 106.67893560959088, -6.618784861032303, 0.0 ], [ 106.678905340209482, -6.619014691774474, 0.0 ], [ 106.679029999734936, -6.61905999961915, 0.0 ], [ 106.679419999733369, -6.61905999961915, 0.0 ], [ 106.679940000330973, -6.619039999596179, 0.0 ], [ 106.680059999569522, -6.61905999961915, 0.0 ], [ 106.680047797567966, -6.61918530036111, 0.0 ], [ 106.68007800489616, -6.619304408371587, 0.0 ], [ 106.680038384364153, -6.619339311959518, 0.0 ], [ 106.679993912888946, -6.619409002223478, 0.0 ], [ 106.6799245553741, -6.619463874358136, 0.0 ], [ 106.679919815047569, -6.619480190758011, 0.0 ], [ 106.679875452390377, -6.619632921721799, 0.0 ], [ 106.679856136751511, -6.619796901405763, 0.0 ], [ 106.679826887201259, -6.619960915263814, 0.0 ], [ 106.679892453174361, -6.620253751609209, 0.0 ], [ 106.679798695253737, -6.620437851825258, 0.0 ], [ 106.679804116367066, -6.620571945238876, 0.0 ], [ 106.679894032383828, -6.6207206544345, 0.0 ], [ 106.679824842142921, -6.620825197025084, 0.0 ], [ 106.679830229081986, -6.620949357426777, 0.0 ], [ 106.679954815762343, -6.621068146177791, 0.0 ], [ 106.679985006902683, -6.621182287232621, 0.0 ], [ 106.679876430852843, -6.621391271689649, 0.0 ], [ 106.679906755092844, -6.621545150188393, 0.0 ], [ 106.679862754862455, -6.621753917009556, 0.0 ], [ 106.680002261295527, -6.62187762325356, 0.0 ], [ 106.679993182639478, -6.622130974864451, 0.0 ], [ 106.680018506648949, -6.622274935639574, 0.0 ], [ 106.680058700049116, -6.622408912141378, 0.0 ], [ 106.680076702677837, -6.622429771016982, 0.0 ], [ 106.680208308566776, -6.622582253767852, 0.0 ], [ 106.680308178279986, -6.62273589574486, 0.0 ], [ 106.680343302201805, -6.622840085801176, 0.0 ], [ 106.680413216396943, -6.622949125901325, 0.0 ], [ 106.680493147241108, -6.623082966605445, 0.0 ], [ 106.680623408643584, -6.623410354903783, 0.0 ], [ 106.680916461725559, -6.624143833870679, 0.0 ], [ 106.680988962370947, -6.624274592598258, 0.0 ], [ 106.680963336189151, -6.62444498624696, 0.0 ], [ 106.681088375228541, -6.624614868181524, 0.0 ], [ 106.68124000002615, -6.624830000404049, 0.0 ], [ 106.68132000011812, -6.624940000080795, 0.0 ], [ 106.681380000187033, -6.625020000172679, 0.0 ], [ 106.681400000210004, -6.625129999849424, 0.0 ], [ 106.681429999794872, -6.625299999595171, 0.0 ], [ 106.681580000416929, -6.625459999779029, 0.0 ], [ 106.681679999632507, -6.625559999893973, 0.0 ], [ 106.681799999770334, -6.625760000123773, 0.0 ], [ 106.681798565351698, -6.625798745615477, 0.0 ], [ 106.681779999747363, -6.626299999844978, 0.0 ], [ 106.681959999954188, -6.626580000166751, 0.0 ], [ 106.682329999929735, -6.627159999933898, 0.0 ], [ 106.682470000090618, -6.627320000117756, 0.0 ], [ 106.68251000013656, -6.627380000186669, 0.0 ], [ 106.682599999790341, -6.627529999909445, 0.0 ], [ 106.682659999859254, -6.627659999609161, 0.0 ], [ 106.682770000435369, -6.627859999838961, 0.0 ], [ 106.682869999650933, -6.628020000022818, 0.0 ], [ 106.6829971377079, -6.628235157426356, 0.0 ], [ 106.683000000250019, -6.628240000275678, 0.0 ], [ 106.6830899999038, -6.62847000009025, 0.0 ], [ 106.684059999669458, -6.629000000249654, 0.0 ], [ 106.684589999828773, -6.629620000062832, 0.0 ], [ 106.684750000012727, -6.629800000269661, 0.0 ], [ 106.684850000127582, -6.630170000245119, 0.0 ], [ 106.685200000080073, -6.63083000010424, 0.0 ], [ 106.68553999957156, -6.631140000010785, 0.0 ], [ 106.685836399030762, -6.631401529157035, 0.0 ], [ 106.686220000352932, -6.631739999800992, 0.0 ], [ 106.68672999959, -6.632310000006338, 0.0 ], [ 106.687063383668388, -6.632960505722654, 0.0 ], [ 106.687139999611489, -6.633110000026345, 0.0 ], [ 106.687339999841285, -6.633569999655577, 0.0 ], [ 106.687189840938544, -6.633530626437114, 0.0 ], [ 106.68705274109125, -6.633541249229093, 0.0 ], [ 106.686544359734597, -6.633843296430832, 0.0 ], [ 106.686403810087924, -6.633898912304783, 0.0 ], [ 106.686276922042509, -6.633919710026461, 0.0 ], [ 106.686114813847738, -6.633922279389495, 0.0 ], [ 106.685890648834601, -6.633892637734942, 0.0 ], [ 106.685652181003519, -6.633874302357015, 0.0 ], [ 106.685042380401683, -6.633827411705475, 0.0 ], [ 106.684672706880036, -6.634059727274479, 0.0 ], [ 106.684530393662911, -6.634123714038012, 0.0 ], [ 106.684388128109788, -6.634088484895564, 0.0 ], [ 106.683964383749483, -6.633908027833026, 0.0 ], [ 106.68381357193897, -6.633928080916043, 0.0 ], [ 106.683704792642203, -6.634050223239054, 0.0 ], [ 106.683587646053155, -6.634339188902274, 0.0 ], [ 106.682789212652239, -6.63630868080082, 0.0 ], [ 106.682755176010744, -6.636392638809099, 0.0 ], [ 106.682680524186992, -6.6365220530502, 0.0 ], [ 106.682537923186743, -6.636568475154849, 0.0 ], [ 106.6823544596907, -6.63655357968377, 0.0 ], [ 106.682018930729285, -6.636526338319673, 0.0 ], [ 106.681649061155468, -6.636496308157938, 0.0 ], [ 106.681394384843173, -6.636475630945462, 0.0 ], [ 106.681206820438632, -6.636428925554263, 0.0 ], [ 106.681083544070489, -6.636423474763333, 0.0 ], [ 106.680948429926261, -6.636388721362287, 0.0 ], [ 106.680689638316352, -6.636505646717996, 0.0 ], [ 106.680540296897291, -6.636666243152458, 0.0 ], [ 106.680527052581596, -6.636778690783753, 0.0 ], [ 106.680450737911372, -6.636793708562685, 0.0 ], [ 106.680401394808712, -6.636891520627, 0.0 ], [ 106.680386879750841, -6.63743383969976, 0.0 ], [ 106.680394059938038, -6.638053415032932, 0.0 ], [ 106.680361607902043, -6.638164388675385, 0.0 ], [ 106.680288087425495, -6.638256921719368, 0.0 ], [ 106.680095339328631, -6.638333756197703, 0.0 ], [ 106.680008649179968, -6.638322341102967, 0.0 ], [ 106.679907325262988, -6.638308999660438, 0.0 ], [ 106.679641059387592, -6.638168020137893, 0.0 ], [ 106.679347171734804, -6.638078227328172, 0.0 ], [ 106.67914970759314, -6.638067789796445, 0.0 ], [ 106.679064766625814, -6.638224552421015, 0.0 ], [ 106.679023866358548, -6.638405504110558, 0.0 ], [ 106.678971819893817, -6.638635768325898, 0.0 ], [ 106.678818702221491, -6.639313189851705, 0.0 ], [ 106.678778308272427, -6.640882641720438, 0.0 ], [ 106.678796437705572, -6.641082300207781, 0.0 ], [ 106.678825794275198, -6.641405585798967, 0.0 ], [ 106.678920473101485, -6.642365137241182, 0.0 ], [ 106.678914933277682, -6.642520264898124, 0.0 ], [ 106.678889758555641, -6.643225192188709, 0.0 ], [ 106.678854092342647, -6.64331362342482, 0.0 ], [ 106.678796989889378, -6.643396529226244, 0.0 ], [ 106.67867752934464, -6.643370885957403, 0.0 ], [ 106.678508258049789, -6.643274053254835, 0.0 ], [ 106.678051209995544, -6.642926462586054, 0.0 ], [ 106.677874505803999, -6.642792077792006, 0.0 ], [ 106.677865416356042, -6.642785164703415, 0.0 ], [ 106.677534511708544, -6.642562822616007, 0.0 ], [ 106.677096601227333, -6.642239269926211, 0.0 ], [ 106.676771470227351, -6.641972911420559, 0.0 ], [ 106.676689131898115, -6.641905455971866, 0.0 ], [ 106.675751434880937, -6.640984307379707, 0.0 ], [ 106.675634477149615, -6.640944072610679, 0.0 ], [ 106.675512680166179, -6.640974958027748, 0.0 ], [ 106.675246300076907, -6.641657459823804, 0.0 ], [ 106.675240757555088, -6.641671659219508, 0.0 ], [ 106.675240976090322, -6.64167476997445, 0.0 ], [ 106.675390176315744, -6.643799126927998, 0.0 ], [ 106.675395976943008, -6.64401241194307, 0.0 ], [ 106.675335456166522, -6.644139585073585, 0.0 ], [ 106.675278833051891, -6.644176027401585, 0.0 ], [ 106.675152999911177, -6.644257012251167, 0.0 ], [ 106.674975313659957, -6.644283007154907, 0.0 ], [ 106.674782063741389, -6.644212558762455, 0.0 ], [ 106.674624143689428, -6.644075967931453, 0.0 ], [ 106.674491567432085, -6.64375725719152, 0.0 ], [ 106.674025000053831, -6.642635644319341, 0.0 ], [ 106.673614157367652, -6.643280672265064, 0.0 ], [ 106.67356999975587, -6.643350000102224, 0.0 ], [ 106.673210000241482, -6.64392999986946, 0.0 ], [ 106.672829999804861, -6.645039999796012, 0.0 ], [ 106.672803715319418, -6.64516738156923, 0.0 ], [ 106.672719623312204, -6.645574903059206, 0.0 ], [ 106.672700000105053, -6.645670000070272, 0.0 ], [ 106.672439999806343, -6.646940000180681, 0.0 ], [ 106.672189999968708, -6.647809999831491, 0.0 ], [ 106.671909999646942, -6.648259999898922, 0.0 ], [ 106.672351197150178, -6.648693099007144, 0.0 ], [ 106.672668250439585, -6.649065195302342, 0.0 ], [ 106.672804195557404, -6.649648407447941, 0.0 ], [ 106.671039999996211, -6.649630000124276, 0.0 ], [ 106.670610235574117, -6.649438912175878, 0.0 ], [ 106.670598859150232, -6.648895075047481, 0.0 ], [ 106.670853797165194, -6.648420658386502, 0.0 ], [ 106.671021017106469, -6.648267173790892, 0.0 ], [ 106.671158319301142, -6.648020066172968, 0.0 ], [ 106.671251153618002, -6.64775337671685, 0.0 ], [ 106.671289537582282, -6.647432610126671, 0.0 ], [ 106.671328389193974, -6.647249962315751, 0.0 ], [ 106.671366955720572, -6.646983456321234, 0.0 ], [ 106.671307272213014, -6.646840605309503, 0.0 ], [ 106.671316638652115, -6.646692585893934, 0.0 ], [ 106.671242205363683, -6.646564582689187, 0.0 ], [ 106.671177670913011, -6.646446411772313, 0.0 ], [ 106.671073353152892, -6.64623465020874, 0.0 ], [ 106.670959251668279, -6.646047585827244, 0.0 ], [ 106.670879685049655, -6.645860405433215, 0.0 ], [ 106.670760834245343, -6.645727617835142, 0.0 ], [ 106.670656617209275, -6.645545452960135, 0.0 ], [ 106.670685701284242, -6.645392436011957, 0.0 ], [ 106.670635966976462, -6.645274214733057, 0.0 ], [ 106.670319181685045, -6.644964511602804, 0.0 ], [ 106.67029420931047, -6.644946803052356, 0.0 ], [ 106.670111479661188, -6.644817226033997, 0.0 ], [ 106.67001721272436, -6.64465969179119, 0.0 ], [ 106.670056081423198, -6.644481976761654, 0.0 ], [ 106.670301251901435, -6.644037190064136, 0.0 ], [ 106.670389070699258, -6.643745853787966, 0.0 ], [ 106.670451989967546, -6.643385541309534, 0.0 ], [ 106.670431540283559, -6.64317349556022, 0.0 ], [ 106.67026334277918, -6.642981923776539, 0.0 ], [ 106.670159040307638, -6.642829113672502, 0.0 ], [ 106.67018176887369, -6.642605427997896, 0.0 ], [ 106.670189351957191, -6.642411869611955, 0.0 ], [ 106.670441629777514, -6.642118661846599, 0.0 ], [ 106.670601624565506, -6.641936943035311, 0.0 ], [ 106.670622235228194, -6.641828268959262, 0.0 ], [ 106.670673385968101, -6.641731587342772, 0.0 ], [ 106.670644060874906, -6.641622308922237, 0.0 ], [ 106.670627638354944, -6.641522638858568, 0.0 ], [ 106.670589999928694, -6.641389999648553, 0.0 ], [ 106.670507772216055, -6.64127774986806, 0.0 ], [ 106.670436732969037, -6.641081955767483, 0.0 ], [ 106.670496378705124, -6.640880693788844, 0.0 ], [ 106.670877427751208, -6.640582844622447, 0.0 ], [ 106.670947314067504, -6.64043684058754, 0.0 ], [ 106.670936801892111, -6.640301160769848, 0.0 ], [ 106.670931385275352, -6.640185570007908, 0.0 ], [ 106.670820317204075, -6.640045202024272, 0.0 ], [ 106.670694168401297, -6.63990488530203, 0.0 ], [ 106.670650360625842, -6.6395961957077, 0.0 ], [ 106.670647823638333, -6.639578318984132, 0.0 ], [ 106.670451094242807, -6.639377922153269, 0.0 ], [ 106.67030475296221, -6.63921254132557, 0.0 ], [ 106.670228721578439, -6.639026816034601, 0.0 ], [ 106.670322285245476, -6.638448453033465, 0.0 ], [ 106.670546904416284, -6.637975203692505, 0.0 ], [ 106.670540000320955, -6.637409999571666, 0.0 ], [ 106.67050999983681, -6.637219999803037, 0.0 ], [ 106.670480000251956, -6.636700000104803, 0.0 ], [ 106.670460000228985, -6.636479999851943, 0.0 ], [ 106.670449999767897, -6.636239999576201, 0.0 ], [ 106.670440941796187, -6.636176593774614, 0.0 ], [ 106.67042999974484, -6.636100000314595, 0.0 ], [ 106.670230000414321, -6.635909999646596, 0.0 ], [ 106.669970000115597, -6.635710000316166, 0.0 ], [ 106.669917314232833, -6.635640849645288, 0.0 ], [ 106.669809999931744, -6.635499999625107, 0.0 ], [ 106.669820000392832, -6.635380000386562, 0.0 ], [ 106.66999999970038, -6.635100000064789, 0.0 ], [ 106.670059999769379, -6.634970000365072, 0.0 ], [ 106.670119999838292, -6.6346999996051, 0.0 ], [ 106.669947821934628, -6.634598104618608, 0.0 ], [ 106.669911538786664, -6.634530132059826, 0.0 ], [ 106.669748471914573, -6.634224635958077, 0.0 ], [ 106.66978453742658, -6.634041113106761, 0.0 ], [ 106.669798345617352, -6.633784302703241, 0.0 ], [ 106.669702005743133, -6.633498519740701, 0.0 ], [ 106.669620931860678, -6.633388752089111, 0.0 ], [ 106.66950000002511, -6.633319999817946, 0.0 ], [ 106.669092322053203, -6.633280489902518, 0.0 ], [ 106.668864810662669, -6.63325924701649, 0.0 ], [ 106.668761504639917, -6.633083529381203, 0.0 ], [ 106.668782700761213, -6.632841366235844, 0.0 ], [ 106.668950728293638, -6.63262805424111, 0.0 ], [ 106.66906764465628, -6.632488275313477, 0.0 ], [ 106.669133032563622, -6.632297316867533, 0.0 ], [ 106.66918052935813, -6.632122871772896, 0.0 ], [ 106.669191010057276, -6.632084375393479, 0.0 ], [ 106.669086889248689, -6.631666568357311, 0.0 ], [ 106.668975482132964, -6.63126345804196, 0.0 ], [ 106.669017010127078, -6.631219981216976, 0.0 ], [ 106.669158255849041, -6.631072104793603, 0.0 ], [ 106.669385172787614, -6.630917282906115, 0.0 ], [ 106.669465727761335, -6.630872995791961, 0.0 ], [ 106.669560000094123, -6.630799999620098, 0.0 ], [ 106.669553174239752, -6.630696635141433, 0.0 ], [ 106.669559868793101, -6.63050587364701, 0.0 ], [ 106.669617648435946, -6.630234245114099, 0.0 ], [ 106.669778238575006, -6.629991613422117, 0.0 ], [ 106.670004463935044, -6.629631383681236, 0.0 ], [ 106.670113870958573, -6.629440276847145, 0.0 ], [ 106.670370306344751, -6.629336709121638, 0.0 ], [ 106.670472820964122, -6.629277674924552, 0.0 ], [ 106.670692696211105, -6.629210910155194, 0.0 ], [ 106.670758354814367, -6.62910064697714, 0.0 ], [ 106.670867712375156, -6.628894868603155, 0.0 ], [ 106.670822876674578, -6.628652929389069, 0.0 ], [ 106.670924577407476, -6.628351806690382, 0.0 ], [ 106.671033736218092, -6.628087341257629, 0.0 ], [ 106.671187261283293, -6.627925430014461, 0.0 ], [ 106.671325791052638, -6.627668199627603, 0.0 ], [ 106.67140991273746, -6.627618337616017, 0.0 ], [ 106.67145026531766, -6.627594420146234, 0.0 ], [ 106.671599999740394, -6.627580000416557, 0.0 ], [ 106.671670000270467, -6.627600000439529, 0.0 ], [ 106.671690027273115, -6.627613769059995, 0.0 ], [ 106.671829999555058, -6.627710000116185, 0.0 ], [ 106.671818132101279, -6.627901296707286, 0.0 ], [ 106.671848095713216, -6.628084598325437, 0.0 ], [ 106.671877713985509, -6.628165194667837, 0.0 ], [ 106.672000000199986, -6.628200000229647, 0.0 ], [ 106.67208000029197, -6.628240000275678, 0.0 ], [ 106.672288612429668, -6.628178483050409, 0.0 ], [ 106.672332432795756, -6.628119645804844, 0.0 ], [ 106.672368819365687, -6.628031490660593, 0.0 ], [ 106.672456338689216, -6.627877138219187, 0.0 ], [ 106.672463033242565, -6.627686377624045, 0.0 ], [ 106.672499246243348, -6.627546870291692, 0.0 ], [ 106.672564582889393, -6.627341240305853, 0.0 ], [ 106.672608057915724, -6.627179699583277, 0.0 ], [ 106.672789999758834, -6.627229999564701, 0.0 ], [ 106.672940000380891, -6.62719000041804, 0.0 ], [ 106.673158348579079, -6.627192516721117, 0.0 ], [ 106.673341392091771, -6.627081858740649, 0.0 ], [ 106.673458505405847, -6.627000766871696, 0.0 ], [ 106.673553435143077, -6.626868398357679, 0.0 ], [ 106.673575246400674, -6.626809635755961, 0.0 ], [ 106.673479426334566, -6.626677909357817, 0.0 ], [ 106.673398303888831, -6.626553469267051, 0.0 ], [ 106.673361052171032, -6.626384865269088, 0.0 ], [ 106.673345710636227, -6.626186842648476, 0.0 ], [ 106.673256782075001, -6.625923043613415, 0.0 ], [ 106.673230000264454, -6.625619999962886, 0.0 ], [ 106.673090000103571, -6.625450000217228, 0.0 ], [ 106.673019999573484, -6.625339999641113, 0.0 ], [ 106.672916754704659, -6.625168573570619, 0.0 ], [ 106.672981993324498, -6.624933598706431, 0.0 ], [ 106.673091447112753, -6.624757165210795, 0.0 ], [ 106.673124659975258, -6.624660390064765, 0.0 ], [ 106.673214957304594, -6.62439728080976, 0.0 ], [ 106.673192155893446, -6.624162602721775, 0.0 ], [ 106.673118246909709, -6.624001457700981, 0.0 ], [ 106.673125162696323, -6.623876721733115, 0.0 ], [ 106.673130000149598, -6.623620000362553, 0.0 ], [ 106.673059999619426, -6.623150000272151, 0.0 ], [ 106.673019999573484, -6.62290000043452, 0.0 ], [ 106.673099999665453, -6.622829999904436, 0.0 ], [ 106.673199999780408, -6.622829999904436, 0.0 ], [ 106.673429999594973, -6.622880000411548, 0.0 ], [ 106.673580000216944, -6.622939999581181, 0.0 ], [ 106.673959999754373, -6.623070000180178, 0.0 ], [ 106.674180000007155, -6.623099999765039, 0.0 ], [ 106.674201001874863, -6.623095578697793, 0.0 ], [ 106.674369999775777, -6.623059999719008, 0.0 ], [ 106.674590000028644, -6.622959999604152, 0.0 ], [ 106.674639999636469, -6.622889999973349, 0.0 ], [ 106.674630000074586, -6.622809999881465, 0.0 ], [ 106.674570000005673, -6.622729999789492, 0.0 ], [ 106.674460000328921, -6.622629999674547, 0.0 ], [ 106.674200000030211, -6.622430000344117, 0.0 ], [ 106.674139999961213, -6.622299999745032, 0.0 ], [ 106.674139999961213, -6.622080000391541, 0.0 ], [ 106.67422999961498, -6.621860000138682, 0.0 ], [ 106.674329999729835, -6.621670000370052, 0.0 ], [ 106.674409999821819, -6.621510000186195, 0.0 ], [ 106.674630000074586, -6.621089999703536, 0.0 ], [ 106.674713644219437, -6.620857656255676, 0.0 ], [ 106.674719999728353, -6.620839999865993, 0.0 ], [ 106.674750000212498, -6.620619999613133, 0.0 ], [ 106.674779999797352, -6.620469999890446, 0.0 ], [ 106.674960000004191, -6.62011999993787, 0.0 ], [ 106.675069999680929, -6.61991999970807, 0.0 ], [ 106.675109999726871, -6.619589999778466, 0.0 ], [ 106.675080000142103, -6.619339999940923, 0.0 ], [ 106.674989999588959, -6.61907000008032, 0.0 ], [ 106.674937627569619, -6.619015662142971, 0.0 ], [ 106.674900290416247, -6.618765716264665, 0.0 ], [ 106.674834814375302, -6.618327414578342, 0.0 ], [ 106.674590437998475, -6.61669154687722, 0.0 ], [ 106.674495592797541, -6.616056644398451, 0.0 ], [ 106.674568892040924, -6.61607316944103, 0.0 ], [ 106.675672664162278, -6.616322017247125, 0.0 ], [ 106.675603622309509, -6.617148221712945, 0.0 ], [ 106.676156991352272, -6.617205022893327, 0.0 ], [ 106.676196405939507, -6.617209068943222, 0.0 ], [ 106.676262131092656, -6.616713832976853, 0.0 ], [ 106.676313035418474, -6.616330273023454, 0.0 ], [ 106.67677882128568, -6.616432128439822, 0.0 ], [ 106.677175344067052, -6.616442281785719, 0.0 ] ] ] ] } },
{ "type": "Feature", "properties": { "PROVNO": "32", "KABKOTNO": "01", "KECNO": "030", "DESANO": "010", "PROVINSI": "JAWA BARAT", "KABKOT": "BOGOR", "KECAMATAN": "PAMIJAHAN", "ID2013": "3201030010", "DESA": "CIBITUNG KULON", "DESA_1": "CIBITUNG KULON", "ID2012": "3201030010", "IDKAB2": "3201", "IDKEC_2": "3201030", "WILAYAH": "BARAT" }, "geometry": { "type": "MultiPolygon", "coordinates": [ [ [ [ 106.649570000055647, -6.660900000034822, 0.0 ], [ 106.649329999779894, -6.661579999916913, 0.0 ], [ 106.649269999710896, -6.661760000123742, 0.0 ], [ 106.649238820215558, -6.661889175145177, 0.0 ], [ 106.6492000000801, -6.662050000007316, 0.0 ], [ 106.649146109105828, -6.662669801070322, 0.0 ], [ 106.64914978823235, -6.662674940695847, 0.0 ], [ 106.649386091395172, -6.663005124087054, 0.0 ], [ 106.649643530424811, -6.663269626392001, 0.0 ], [ 106.650113703185013, -6.663657252180268, 0.0 ], [ 106.650300487877345, -6.663957371235565, 0.0 ], [ 106.650284095934424, -6.664346622998121, 0.0 ], [ 106.650037010799593, -6.664533201745684, 0.0 ], [ 106.649771700004123, -6.664560624772822, 0.0 ], [ 106.649440000355924, -6.664860000088737, 0.0 ], [ 106.649393304857341, -6.665163377387753, 0.0 ], [ 106.649633170234779, -6.665465753741397, 0.0 ], [ 106.649699999755356, -6.665550000431999, 0.0 ], [ 106.650080000191991, -6.666039999646092, 0.0 ], [ 106.650229999914757, -6.666270000360033, 0.0 ], [ 106.650370000075654, -6.666790000058356, 0.0 ], [ 106.650430000144567, -6.667079999941929, 0.0 ], [ 106.650530000259508, -6.667599999640075, 0.0 ], [ 106.65044463031559, -6.667654108250378, 0.0 ], [ 106.649729463344173, -6.667680879269025, 0.0 ], [ 106.648966349917316, -6.667709444435168, 0.0 ], [ 106.647164056376255, -6.667142700674979, 0.0 ], [ 106.646971642827239, -6.667101520718468, 0.0 ], [ 106.646694993379441, -6.667042312952223, 0.0 ], [ 106.646356597379253, -6.667126859117136, 0.0 ], [ 106.645522621871663, -6.66752208237801, 0.0 ], [ 106.645099651827607, -6.667719776746175, 0.0 ], [ 106.644873189945912, -6.667825625152304, 0.0 ], [ 106.644111278912632, -6.667701268698369, 0.0 ], [ 106.642845643212027, -6.667394591786859, 0.0 ], [ 106.642628854438257, -6.667463008610799, 0.0 ], [ 106.641240465775098, -6.667901170902137, 0.0 ], [ 106.641233629128834, -6.667903589179183, 0.0 ], [ 106.640917868165232, -6.668015267890173, 0.0 ], [ 106.640289712400502, -6.668237433710402, 0.0 ], [ 106.6393055402187, -6.66806622257802, 0.0 ], [ 106.638446520390815, -6.667771607373609, 0.0 ], [ 106.637971719719232, -6.667705827361861, 0.0 ], [ 106.637469826071793, -6.667802938854397, 0.0 ], [ 106.636881068706529, -6.668003886969611, 0.0 ], [ 106.636393218872129, -6.668170393748554, 0.0 ], [ 106.635965032760225, -6.668190372187812, 0.0 ], [ 106.635832656152331, -6.668196548731622, 0.0 ], [ 106.634736102889036, -6.668247712062083, 0.0 ], [ 106.634181969422542, -6.668273564872909, 0.0 ], [ 106.633523368009222, -6.668428779764248, 0.0 ], [ 106.6320925349427, -6.668765986860627, 0.0 ], [ 106.631861054843966, -6.668476785575042, 0.0 ], [ 106.631736146206407, -6.668158761917145, 0.0 ], [ 106.631761573637945, -6.667822550370275, 0.0 ], [ 106.631890000423326, -6.667429999894416, 0.0 ], [ 106.631927644245522, -6.667211663387409, 0.0 ], [ 106.631909569671066, -6.667096731828561, 0.0 ], [ 106.631749216053663, -6.66676113361925, 0.0 ], [ 106.631580513130388, -6.66657593712964, 0.0 ], [ 106.631728948032702, -6.665982800065997, 0.0 ], [ 106.631569750943413, -6.665314527343416, 0.0 ], [ 106.631522605783815, -6.665116626131198, 0.0 ], [ 106.631283158591074, -6.664940508297637, 0.0 ], [ 106.63091941969563, -6.664632118177529, 0.0 ], [ 106.630653345375805, -6.664429551282538, 0.0 ], [ 106.630350919559504, -6.663935202947115, 0.0 ], [ 106.630110333825058, -6.663414114169921, 0.0 ], [ 106.630086455925408, -6.663327421323331, 0.0 ], [ 106.629859618127085, -6.662503858166371, 0.0 ], [ 106.629725340352408, -6.662026644613785, 0.0 ], [ 106.629889999923719, -6.661579999916913, 0.0 ], [ 106.63012288926015, -6.66147900964841, 0.0 ], [ 106.630209981405741, -6.661441244417734, 0.0 ], [ 106.630228969691345, -6.661407917341347, 0.0 ], [ 106.630527673213706, -6.661201367349037, 0.0 ], [ 106.630471437706788, -6.660246240571368, 0.0 ], [ 106.630600000289945, -6.659979999876988, 0.0 ], [ 106.630796836704761, -6.659661364680094, 0.0 ], [ 106.631040132096587, -6.658324894777969, 0.0 ], [ 106.631002349778782, -6.657599689573814, 0.0 ], [ 106.630743491618986, -6.656901751814228, 0.0 ], [ 106.630432139132083, -6.656380895961469, 0.0 ], [ 106.630208873440907, -6.655744757814155, 0.0 ], [ 106.630349999553033, -6.655580000216634, 0.0 ], [ 106.630446913194675, -6.655496299414523, 0.0 ], [ 106.630676690876811, -6.655424777231502, 0.0 ], [ 106.630977503309282, -6.655432630111626, 0.0 ], [ 106.631703594345552, -6.655633679850261, 0.0 ], [ 106.632101982320791, -6.65572081876066, 0.0 ], [ 106.632379999637422, -6.656209999591614, 0.0 ], [ 106.632780000097114, -6.656830000304161, 0.0 ], [ 106.633350000302457, -6.657450000117251, 0.0 ], [ 106.633780000346917, -6.657829999654599, 0.0 ], [ 106.634389999698925, -6.658319999768061, 0.0 ], [ 106.63484763501053, -6.658613355921474, 0.0 ], [ 106.635169999695876, -6.658820000342605, 0.0 ], [ 106.635992000730397, -6.658388280794405, 0.0 ], [ 106.636057482167203, -6.657857697874316, 0.0 ], [ 106.636325272393648, -6.657505723909853, 0.0 ], [ 106.636505117917011, -6.657669467072083, 0.0 ], [ 106.63668425387543, -6.657779819283096, 0.0 ], [ 106.636722219654843, -6.65780320705224, 0.0 ], [ 106.636991196986358, -6.657809785592974, 0.0 ], [ 106.637042800085311, -6.657600456695558, 0.0 ], [ 106.637356578043764, -6.657599417079254, 0.0 ], [ 106.637409740567222, -6.657860689019426, 0.0 ], [ 106.637700834026418, -6.657777554790147, 0.0 ], [ 106.637977653446072, -6.65789615558289, 0.0 ], [ 106.638088994011994, -6.657958290642476, 0.0 ], [ 106.638217168088062, -6.658029820919378, 0.0 ], [ 106.638396940766398, -6.658171153875472, 0.0 ], [ 106.63853206120578, -6.658364923602136, 0.0 ], [ 106.63862255368808, -6.658618601666912, 0.0 ], [ 106.638943605363281, -6.658557776919718, 0.0 ], [ 106.63908498238618, -6.658385500090649, 0.0 ], [ 106.639234375965813, -6.658377533895923, 0.0 ], [ 106.639271010748672, -6.658160784692271, 0.0 ], [ 106.639142542594413, -6.657720484712417, 0.0 ], [ 106.639270842575542, -6.656984270007928, 0.0 ], [ 106.639802740304432, -6.656861118645576, 0.0 ], [ 106.640238082321886, -6.656912593141531, 0.0 ], [ 106.64034388306392, -6.656925103610458, 0.0 ], [ 106.640494075241548, -6.656942861623563, 0.0 ], [ 106.640567947353091, -6.656690505562182, 0.0 ], [ 106.640726548191864, -6.656643292953426, 0.0 ], [ 106.640830413592852, -6.656717042757201, 0.0 ], [ 106.640989052203196, -6.656950556223009, 0.0 ], [ 106.641046044939145, -6.657239825857122, 0.0 ], [ 106.641177685002347, -6.657510173755323, 0.0 ], [ 106.641420519041887, -6.657518704724321, 0.0 ], [ 106.641690998241103, -6.65741509473067, 0.0 ], [ 106.641858222678962, -6.657153091641668, 0.0 ], [ 106.642156499922663, -6.656984027190962, 0.0 ], [ 106.64243690583875, -6.657057794981061, 0.0 ], [ 106.642643502595689, -6.657402592355623, 0.0 ], [ 106.642821837258197, -6.657672783771797, 0.0 ], [ 106.642923276288357, -6.657773535719915, 0.0 ], [ 106.642951682274457, -6.657792225430672, 0.0 ], [ 106.642993320885239, -6.657790966379853, 0.0 ], [ 106.643053240015249, -6.657772972744382, 0.0 ], [ 106.643185762313266, -6.657743861689749, 0.0 ], [ 106.643260876388496, -6.657708673016707, 0.0 ], [ 106.643340416027542, -6.657590071324595, 0.0 ], [ 106.64343719117366, -6.657371940762271, 0.0 ], [ 106.643651574260858, -6.657249840707404, 0.0 ], [ 106.643884822426799, -6.657183703664806, 0.0 ], [ 106.644121102207251, -6.657157770814273, 0.0 ], [ 106.644327919298263, -6.657208205693923, 0.0 ], [ 106.644338977362139, -6.65721090276076, 0.0 ], [ 106.64452104780824, -6.657295569434876, 0.0 ], [ 106.644633666310853, -6.65741636996934, 0.0 ], [ 106.644888876820374, -6.65760084070607, 0.0 ], [ 106.644914881616657, -6.657619638335479, 0.0 ], [ 106.644908642120271, -6.657178010956279, 0.0 ], [ 106.644900648046686, -6.656883512663772, 0.0 ], [ 106.644685408804705, -6.656484516746932, 0.0 ], [ 106.644600092820198, -6.656137682407994, 0.0 ], [ 106.644558124158237, -6.655117503170018, 0.0 ], [ 106.644518419089934, -6.654777528859714, 0.0 ], [ 106.644503808703973, -6.654602265382117, 0.0 ], [ 106.64450956616372, -6.654441335299257, 0.0 ], [ 106.644488603866137, -6.654248184306102, 0.0 ], [ 106.644551175996099, -6.654083182093053, 0.0 ], [ 106.644687119315279, -6.653837292157174, 0.0 ], [ 106.644844173320109, -6.653612369914743, 0.0 ], [ 106.645218207654366, -6.653256993814995, 0.0 ], [ 106.645361315872179, -6.653056661735359, 0.0 ], [ 106.645451204909364, -6.652670675411212, 0.0 ], [ 106.645531240074789, -6.652484577800823, 0.0 ], [ 106.645653494813132, -6.652340414678228, 0.0 ], [ 106.645625090625586, -6.652235321702573, 0.0 ], [ 106.645544228083864, -6.652172478876608, 0.0 ], [ 106.645368484368277, -6.652023677950272, 0.0 ], [ 106.645318729375973, -6.651850653784521, 0.0 ], [ 106.645377688030024, -6.651654107850593, 0.0 ], [ 106.645559310613834, -6.651436115783973, 0.0 ], [ 106.645684675207747, -6.651172730437018, 0.0 ], [ 106.646321403310338, -6.650725317719122, 0.0 ], [ 106.646562650046448, -6.650510634258158, 0.0 ], [ 106.646654317043286, -6.650424318227479, 0.0 ], [ 106.646671016554393, -6.650408591782977, 0.0 ], [ 106.646710689247072, -6.650447943417728, 0.0 ], [ 106.646849649791747, -6.650506181714757, 0.0 ], [ 106.647045183988226, -6.650779739293391, 0.0 ], [ 106.647081689268717, -6.651115743096927, 0.0 ], [ 106.646829999604932, -6.651459999978862, 0.0 ], [ 106.646719999928195, -6.651669999770462, 0.0 ], [ 106.646630000274413, -6.651899999585211, 0.0 ], [ 106.646545797650617, -6.652240894801267, 0.0 ], [ 106.646714764974561, -6.652505693882507, 0.0 ], [ 106.647059776387692, -6.65250454544827, 0.0 ], [ 106.647422097052271, -6.652388347644003, 0.0 ], [ 106.647696308438043, -6.652378589100429, 0.0 ], [ 106.647891223901013, -6.652466394408432, 0.0 ], [ 106.648110000176516, -6.652799999720074, 0.0 ], [ 106.647973142246911, -6.653156062002488, 0.0 ], [ 106.647707924980892, -6.653210018627345, 0.0 ], [ 106.647410000271449, -6.65336999992542, 0.0 ], [ 106.647370000225507, -6.653630000224133, 0.0 ], [ 106.647410000271449, -6.654189999968398, 0.0 ], [ 106.647450000317491, -6.654570000405027, 0.0 ], [ 106.647510000386404, -6.654940000380574, 0.0 ], [ 106.647521353427919, -6.655625436664394, 0.0 ], [ 106.647743931137697, -6.656049273654876, 0.0 ], [ 106.647840000315909, -6.656340000190699, 0.0 ], [ 106.647781381605583, -6.656668328280571, 0.0 ], [ 106.647589999578997, -6.656950000441988, 0.0 ], [ 106.647482045859974, -6.657102750291557, 0.0 ], [ 106.647424622348609, -6.657306274065125, 0.0 ], [ 106.647394612871295, -6.657412630588269, 0.0 ], [ 106.647989868737582, -6.658171350827082, 0.0 ], [ 106.647963918800002, -6.658348346398881, 0.0 ], [ 106.647337318862384, -6.658801550750795, 0.0 ], [ 106.647210000041653, -6.658909999996379, 0.0 ], [ 106.64714360939027, -6.659076404252531, 0.0 ], [ 106.647462793173503, -6.659287629820057, 0.0 ], [ 106.647843755884836, -6.65945442168411, 0.0 ], [ 106.648083203976853, -6.659630531423701, 0.0 ], [ 106.648260549385085, -6.659753775416224, 0.0 ], [ 106.648429165074134, -6.659912430214323, 0.0 ], [ 106.648597516362514, -6.659991477024931, 0.0 ], [ 106.649004902054713, -6.660122797828674, 0.0 ], [ 106.64919988136964, -6.660228291002692, 0.0 ], [ 106.649430482830667, -6.660404428621316, 0.0 ], [ 106.649546285832614, -6.660642867673996, 0.0 ], [ 106.649570000055647, -6.660900000034822, 0.0 ] ] ] ] } },
{ "type": "Feature", "properties": { "PROVNO": "32", "KABKOTNO": "01", "KECNO": "030", "DESANO": "011", "PROVINSI": "JAWA BARAT", "KABKOT": "BOGOR", "KECAMATAN": "PAMIJAHAN", "ID2013": "3201030011", "DESA": "CIBITUNG WETAN", "DESA_1": "CIBITUNG WETAN", "ID2012": "3201030011", "IDKAB2": "3201", "IDKEC_2": "3201030", "WILAYAH": "BARAT" }, "geometry": { "type": "MultiPolygon", "coordinates": [ [ [ [ 106.646671016554393, -6.650408591782977, 0.0 ], [ 106.646654317043286, -6.650424318227479, 0.0 ], [ 106.646562650046448, -6.650510634258158, 0.0 ], [ 106.646321403310338, -6.650725317719122, 0.0 ], [ 106.645684675207747, -6.651172730437018, 0.0 ], [ 106.645559310613834, -6.651436115783973, 0.0 ], [ 106.645377688030024, -6.651654107850593, 0.0 ], [ 106.645318729375973, -6.651850653784521, 0.0 ], [ 106.645368484368277, -6.652023677950272, 0.0 ], [ 106.645544228083864, -6.652172478876608, 0.0 ], [ 106.645625090625586, -6.652235321702573, 0.0 ], [ 106.645653494813132, -6.652340414678228, 0.0 ], [ 106.645531240074789, -6.652484577800823, 0.0 ], [ 106.645451204909364, -6.652670675411212, 0.0 ], [ 106.645361315872179, -6.653056661735359, 0.0 ], [ 106.645218207654366, -6.653256993814995, 0.0 ], [ 106.644844173320109, -6.653612369914743, 0.0 ], [ 106.644687119315279, -6.653837292157174, 0.0 ], [ 106.644551175996099, -6.654083182093053, 0.0 ], [ 106.644488603866137, -6.654248184306102, 0.0 ], [ 106.64450956616372, -6.654441335299257, 0.0 ], [ 106.644503808703973, -6.654602265382117, 0.0 ], [ 106.644518419089934, -6.654777528859714, 0.0 ], [ 106.644558124158237, -6.655117503170018, 0.0 ], [ 106.644600092820198, -6.656137682407994, 0.0 ], [ 106.644685408804705, -6.656484516746932, 0.0 ], [ 106.644900648046686, -6.656883512663772, 0.0 ], [ 106.644908642120271, -6.657178010956279, 0.0 ], [ 106.644914881616657, -6.657619638335479, 0.0 ], [ 106.644888876820374, -6.65760084070607, 0.0 ], [ 106.644633666310853, -6.65741636996934, 0.0 ], [ 106.64452104780824, -6.657295569434876, 0.0 ], [ 106.644338977362139, -6.65721090276076, 0.0 ], [ 106.644327919298263, -6.657208205693923, 0.0 ], [ 106.644121102207251, -6.657157770814273, 0.0 ], [ 106.643884822426799, -6.657183703664806, 0.0 ], [ 106.643651574260858, -6.657249840707404, 0.0 ], [ 106.64343719117366, -6.657371940762271, 0.0 ], [ 106.643340416027542, -6.657590071324595, 0.0 ], [ 106.643260876388496, -6.657708673016707, 0.0 ], [ 106.643185762313266, -6.657743861689749, 0.0 ], [ 106.643053240015249, -6.657772972744382, 0.0 ], [ 106.642993320885239, -6.657790966379853, 0.0 ], [ 106.642951682274457, -6.657792225430672, 0.0 ], [ 106.642923276288357, -6.657773535719915, 0.0 ], [ 106.642821837258197, -6.657672783771797, 0.0 ], [ 106.642643502595689, -6.657402592355623, 0.0 ], [ 106.64243690583875, -6.657057794981061, 0.0 ], [ 106.642156499922663, -6.656984027190962, 0.0 ], [ 106.641858222678962, -6.657153091641668, 0.0 ], [ 106.641690998241103, -6.65741509473067, 0.0 ], [ 106.641420519041887, -6.657518704724321, 0.0 ], [ 106.641177685002347, -6.657510173755323, 0.0 ], [ 106.641046044939145, -6.657239825857122, 0.0 ], [ 106.640989052203196, -6.656950556223009, 0.0 ], [ 106.640830413592852, -6.656717042757201, 0.0 ], [ 106.640726548191864, -6.656643292953426, 0.0 ], [ 106.640567947353091, -6.656690505562182, 0.0 ], [ 106.640494075241548, -6.656942861623563, 0.0 ], [ 106.64034388306392, -6.656925103610458, 0.0 ], [ 106.640238082321886, -6.656912593141531, 0.0 ], [ 106.639802740304432, -6.656861118645576, 0.0 ], [ 106.639270842575542, -6.656984270007928, 0.0 ], [ 106.639142542594413, -6.657720484712417, 0.0 ], [ 106.639271010748672, -6.658160784692271, 0.0 ], [ 106.639234375965813, -6.658377533895923, 0.0 ], [ 106.63908498238618, -6.658385500090649, 0.0 ], [ 106.638943605363281, -6.658557776919718, 0.0 ], [ 106.63862255368808, -6.658618601666912, 0.0 ], [ 106.63853206120578, -6.658364923602136, 0.0 ], [ 106.638396940766398, -6.658171153875472, 0.0 ], [ 106.638217168088062, -6.658029820919378, 0.0 ], [ 106.638088994011994, -6.657958290642476, 0.0 ], [ 106.637977653446072, -6.65789615558289, 0.0 ], [ 106.637700834026418, -6.657777554790147, 0.0 ], [ 106.637409740567222, -6.657860689019426, 0.0 ], [ 106.637356578043764, -6.657599417079254, 0.0 ], [ 106.637042800085311, -6.657600456695558, 0.0 ], [ 106.636991196986358, -6.657809785592974, 0.0 ], [ 106.636722219654843, -6.65780320705224, 0.0 ], [ 106.63668425387543, -6.657779819283096, 0.0 ], [ 106.636505117917011, -6.657669467072083, 0.0 ], [ 106.636325272393648, -6.657505723909853, 0.0 ], [ 106.636057482167203, -6.657857697874316, 0.0 ], [ 106.635992000730397, -6.658388280794405, 0.0 ], [ 106.635169999695876, -6.658820000342605, 0.0 ], [ 106.63484763501053, -6.658613355921474, 0.0 ], [ 106.634389999698925, -6.658319999768061, 0.0 ], [ 106.633780000346917, -6.657829999654599, 0.0 ], [ 106.633350000302457, -6.657450000117251, 0.0 ], [ 106.632780000097114, -6.656830000304161, 0.0 ], [ 106.632379999637422, -6.656209999591614, 0.0 ], [ 106.632101982320791, -6.65572081876066, 0.0 ], [ 106.632526938967288, -6.655816716168363, 0.0 ], [ 106.632889794728456, -6.655859745130979, 0.0 ], [ 106.633216504038643, -6.655672910076618, 0.0 ], [ 106.633204861415408, -6.655239125684922, 0.0 ], [ 106.633196325949925, -6.654921111919645, 0.0 ], [ 106.633097903245812, -6.654585309564212, 0.0 ], [ 106.632946517667861, -6.65428506370457, 0.0 ], [ 106.632697850625533, -6.653993983735198, 0.0 ], [ 106.632484248149737, -6.653605489201855, 0.0 ], [ 106.632475388928199, -6.653363736147391, 0.0 ], [ 106.632474524679793, -6.653340156822587, 0.0 ], [ 106.632610000351363, -6.652950000342042, 0.0 ], [ 106.633010803006343, -6.6523211565959, 0.0 ], [ 106.63312384958617, -6.651728137343529, 0.0 ], [ 106.633114831184685, -6.651711362289383, 0.0 ], [ 106.633052640367197, -6.651595689689174, 0.0 ], [ 106.632893433385391, -6.651605060624846, 0.0 ], [ 106.632654518591295, -6.651588158766355, 0.0 ], [ 106.63242357538789, -6.65130586607269, 0.0 ], [ 106.632183785553423, -6.651023602157338, 0.0 ], [ 106.632065997747773, -6.650810661582653, 0.0 ], [ 106.63178330035916, -6.650299594850253, 0.0 ], [ 106.631722802065866, -6.650221931196967, 0.0 ], [ 106.631419047950843, -6.649831986057144, 0.0 ], [ 106.631188951908797, -6.649806207890077, 0.0 ], [ 106.630588470981337, -6.650135471274812, 0.0 ], [ 106.630243224845117, -6.650065844862709, 0.0 ], [ 106.630171608233269, -6.649809562361266, 0.0 ], [ 106.630239999876295, -6.649570000055274, 0.0 ], [ 106.630373705682103, -6.649393158267483, 0.0 ], [ 106.630708588930432, -6.649002853398791, 0.0 ], [ 106.630929167447306, -6.648825215710943, 0.0 ], [ 106.631378849154729, -6.648372614804146, 0.0 ], [ 106.631590054937277, -6.648035789919629, 0.0 ], [ 106.631659250574145, -6.647557906372139, 0.0 ], [ 106.631806723201862, -6.646672871855444, 0.0 ], [ 106.631849992283506, -6.646380828712086, 0.0 ], [ 106.631883627827364, -6.645849988585919, 0.0 ], [ 106.631855659811023, -6.645416652955962, 0.0 ], [ 106.631800773287253, -6.644868413646279, 0.0 ], [ 106.631835488017543, -6.644664853899709, 0.0 ], [ 106.631860132139565, -6.644089815692258, 0.0 ], [ 106.632009324271024, -6.643726659557583, 0.0 ], [ 106.632326889274651, -6.643451403159553, 0.0 ], [ 106.632532041720523, -6.643220127206941, 0.0 ], [ 106.632547231269882, -6.643203004115197, 0.0 ], [ 106.632483936084952, -6.642787475061809, 0.0 ], [ 106.632394655888831, -6.642540095848606, 0.0 ], [ 106.632084158657179, -6.642275755421636, 0.0 ], [ 106.631753550785874, -6.64127730470371, 0.0 ], [ 106.632044692808535, -6.641037517567252, 0.0 ], [ 106.632503651022816, -6.640717569360124, 0.0 ], [ 106.632611343938564, -6.640631477260719, 0.0 ], [ 106.632803637877728, -6.640477751646792, 0.0 ], [ 106.6329795137937, -6.640158735137316, 0.0 ], [ 106.633297630981048, -6.64005154134534, 0.0 ], [ 106.633464717822648, -6.639750244178302, 0.0 ], [ 106.633418533139022, -6.63915774923062, 0.0 ], [ 106.633231244826248, -6.638698401609791, 0.0 ], [ 106.63321224035279, -6.638300419228784, 0.0 ], [ 106.633319999818312, -6.638079999891957, 0.0 ], [ 106.633555961238855, -6.637910084682499, 0.0 ], [ 106.633918540008793, -6.637873508355554, 0.0 ], [ 106.634111422104596, -6.637859092223177, 0.0 ], [ 106.634166177327444, -6.637855000307837, 0.0 ], [ 106.63445862786358, -6.638013254008293, 0.0 ], [ 106.6346366333741, -6.638339948929364, 0.0 ], [ 106.634858548283574, -6.638569198709412, 0.0 ], [ 106.635116024185322, -6.638851405068138, 0.0 ], [ 106.635408008872687, -6.638868131558908, 0.0 ], [ 106.63561982169756, -6.638717059844303, 0.0 ], [ 106.635520936742054, -6.638239731178466, 0.0 ], [ 106.635661951338136, -6.638080047555963, 0.0 ], [ 106.635785359906578, -6.637946957785648, 0.0 ], [ 106.636040139640855, -6.637967122384616, 0.0 ], [ 106.636643679162688, -6.638014888076462, 0.0 ], [ 106.637178448426852, -6.638058205721489, 0.0 ], [ 106.637378121303385, -6.638074380028449, 0.0 ], [ 106.637828752694972, -6.637913672977405, 0.0 ], [ 106.638239571099504, -6.637456537688848, 0.0 ], [ 106.638677376359993, -6.637219372076189, 0.0 ], [ 106.638682791178013, -6.637224357917617, 0.0 ], [ 106.639459999679389, -6.637939999731071, 0.0 ], [ 106.63954585795517, -6.638191049077449, 0.0 ], [ 106.639237323044213, -6.638519351986396, 0.0 ], [ 106.638928553410182, -6.638776890840727, 0.0 ], [ 106.638832174865215, -6.638876931425077, 0.0 ], [ 106.638646438782345, -6.639069723588733, 0.0 ], [ 106.638691752922256, -6.639396855580273, 0.0 ], [ 106.638940472125256, -6.639705624314942, 0.0 ], [ 106.639091209292104, -6.639811270373688, 0.0 ], [ 106.639383048289247, -6.639783769105492, 0.0 ], [ 106.639586804987246, -6.639871549232481, 0.0 ], [ 106.639693458286686, -6.640021567840861, 0.0 ], [ 106.639731507703104, -6.640826378334488, 0.0 ], [ 106.639909428677328, -6.641126534261979, 0.0 ], [ 106.640113332864189, -6.641258541248565, 0.0 ], [ 106.640393644351363, -6.641302179951438, 0.0 ], [ 106.640502774383748, -6.641319169044237, 0.0 ], [ 106.64090091504535, -6.641335541202089, 0.0 ], [ 106.641236575307872, -6.641184056698748, 0.0 ], [ 106.641670628596827, -6.641359527020398, 0.0 ], [ 106.641927787037943, -6.641544429431647, 0.0 ], [ 106.641997989016133, -6.641542601109975, 0.0 ], [ 106.642316993834328, -6.641534293172882, 0.0 ], [ 106.642653503056948, -6.641520940039172, 0.0 ], [ 106.642803480296564, -6.641514989225197, 0.0 ], [ 106.64314175219026, -6.642150737966048, 0.0 ], [ 106.643559700419971, -6.642803911970798, 0.0 ], [ 106.64370200374465, -6.643033420755575, 0.0 ], [ 106.643543974874746, -6.643396608366672, 0.0 ], [ 106.64358038842434, -6.643706076773839, 0.0 ], [ 106.643854975726668, -6.64381131094304, 0.0 ], [ 106.644129563928445, -6.64391654421296, 0.0 ], [ 106.644207919160252, -6.64402141235815, 0.0 ], [ 106.644333940259315, -6.64419007391265, 0.0 ], [ 106.64437908172944, -6.64446413241361, 0.0 ], [ 106.64513443040984, -6.645487692203069, 0.0 ], [ 106.645500656829967, -6.646107627265021, 0.0 ], [ 106.645534519902313, -6.646164950052249, 0.0 ], [ 106.645588151871934, -6.64625573481409, 0.0 ], [ 106.646307325323036, -6.64704058485496, 0.0 ], [ 106.646273410989295, -6.647482968564002, 0.0 ], [ 106.646248549231402, -6.647987240018907, 0.0 ], [ 106.646410345361318, -6.648756252998513, 0.0 ], [ 106.646479999652456, -6.649360000263673, 0.0 ], [ 106.646463617602066, -6.6494451103034, 0.0 ], [ 106.646439593112916, -6.649569934404767, 0.0 ], [ 106.646369999975704, -6.649730000239131, 0.0 ], [ 106.646264137180367, -6.65001278755998, 0.0 ], [ 106.646312851656916, -6.650089132807082, 0.0 ], [ 106.646433101806394, -6.650277588439781, 0.0 ], [ 106.646619319026527, -6.650409650284974, 0.0 ], [ 106.646671016554393, -6.650408591782977, 0.0 ] ] ] ] } },
{ "type": "Feature", "properties": { "PROVNO": "32", "KABKOTNO": "01", "KECNO": "030", "DESANO": "012", "PROVINSI": "JAWA BARAT", "KABKOT": "BOGOR", "KECAMATAN": "PAMIJAHAN", "ID2013": "3201030012", "DESA": "PAMIJAHAN", "DESA_1": "PAMIJAHAN", "ID2012": "3201030012", "IDKAB2": "3201", "IDKEC_2": "3201030", "WILAYAH": "BARAT" }, "geometry": { "type": "MultiPolygon", "coordinates": [ [ [ [ 106.648859999689407, -6.630440000105722, 0.0 ], [ 106.648979999827333, -6.630680000381552, 0.0 ], [ 106.649220000103071, -6.630979999827016, 0.0 ], [ 106.649389999848808, -6.6310599999189, 0.0 ], [ 106.649630000124645, -6.631200000079787, 0.0 ], [ 106.649690000193559, -6.631300000194731, 0.0 ], [ 106.649699999755356, -6.631409999871476, 0.0 ], [ 106.649610000101589, -6.631590000078305, 0.0 ], [ 106.649409999871779, -6.631799999869905, 0.0 ], [ 106.649380000286925, -6.631879999961878, 0.0 ], [ 106.649360000263954, -6.631949999592592, 0.0 ], [ 106.649469999940692, -6.632109999776539, 0.0 ], [ 106.649610000101589, -6.63212000023762, 0.0 ], [ 106.649940000031194, -6.632040000145736, 0.0 ], [ 106.650200000329903, -6.632029999684566, 0.0 ], [ 106.650300000444844, -6.632049999707537, 0.0 ], [ 106.650399999660422, -6.63212000023762, 0.0 ], [ 106.650439999706364, -6.632280000421567, 0.0 ], [ 106.650399999660422, -6.632530000259109, 0.0 ], [ 106.650398640784829, -6.632538610368357, 0.0 ], [ 106.650370000075654, -6.632720000027827, 0.0 ], [ 106.650530000259508, -6.632909999796457, 0.0 ], [ 106.650760000074087, -6.632969999865459, 0.0 ], [ 106.651080000441794, -6.633020000372571, 0.0 ], [ 106.651359999864283, -6.633060000418514, 0.0 ], [ 106.651604260228666, -6.63312303480005, 0.0 ], [ 106.651669999770832, -6.633139999611117, 0.0 ], [ 106.65197999967738, -6.633319999817946, 0.0 ], [ 106.652119999838263, -6.633489999563693, 0.0 ], [ 106.652219999953203, -6.633829999954379, 0.0 ], [ 106.652269999560957, -6.634050000207239, 0.0 ], [ 106.652269999560957, -6.63448000025161, 0.0 ], [ 106.652159999884205, -6.635039999995875, 0.0 ], [ 106.652099999815292, -6.635329999879449, 0.0 ], [ 106.652070000230523, -6.635519999648167, 0.0 ], [ 106.652105293224821, -6.635655290958766, 0.0 ], [ 106.652130000299437, -6.635750000362108, 0.0 ], [ 106.652300000045187, -6.635810000431022, 0.0 ], [ 106.652444442856932, -6.635810000431022, 0.0 ], [ 106.652569999905694, -6.635810000431022, 0.0 ], [ 106.652739999651445, -6.635750000362108, 0.0 ], [ 106.652950000342415, -6.635590000178162, 0.0 ], [ 106.653220000203021, -6.63555000013222, 0.0 ], [ 106.65334999990273, -6.635670000270135, 0.0 ], [ 106.653380000386875, -6.635810000431022, 0.0 ], [ 106.653329999879759, -6.636089999853425, 0.0 ], [ 106.653280000272019, -6.636319999668086, 0.0 ], [ 106.653189999718876, -6.636570000404998, 0.0 ], [ 106.653030000434384, -6.636800000219658, 0.0 ], [ 106.65301999997321, -6.636889999873432, 0.0 ], [ 106.653140000111037, -6.637070000080261, 0.0 ], [ 106.653309999856788, -6.637179999757006, 0.0 ], [ 106.653459999579468, -6.637239999826008, 0.0 ], [ 106.653679999832335, -6.637379999986894, 0.0 ], [ 106.653880000062131, -6.637569999755524, 0.0 ], [ 106.653980000177086, -6.6379199997081, 0.0 ], [ 106.653960000154115, -6.638050000307096, 0.0 ], [ 106.653898750926729, -6.638228641638335, 0.0 ], [ 106.653840000016103, -6.638400000259672, 0.0 ], [ 106.653829018394717, -6.638436606264211, 0.0 ], [ 106.653810000431335, -6.638500000374528, 0.0 ], [ 106.653829999555029, -6.638679999682076, 0.0 ], [ 106.653980000177086, -6.638750000212159, 0.0 ], [ 106.654270000060649, -6.638810000281161, 0.0 ], [ 106.654539999921255, -6.638850000327103, 0.0 ], [ 106.654889999873745, -6.638919999957906, 0.0 ], [ 106.654949999942744, -6.639100000164735, 0.0 ], [ 106.654929999919688, -6.639550000232166, 0.0 ], [ 106.654900000334919, -6.639800000069798, 0.0 ], [ 106.654929999919688, -6.640129999999314, 0.0 ], [ 106.655010000011657, -6.640450000367117, 0.0 ], [ 106.65515000017254, -6.64049999997486, 0.0 ], [ 106.655350000402436, -6.640519999997831, 0.0 ], [ 106.655680000331955, -6.640540000020891, 0.0 ], [ 106.655890000123549, -6.640589999628634, 0.0 ], [ 106.656209999591979, -6.64068999974349, 0.0 ], [ 106.656291735375461, -6.640898877181236, 0.0 ], [ 106.656300000145038, -6.64091999955815, 0.0 ], [ 106.656269999660893, -6.641320000017839, 0.0 ], [ 106.656289999683864, -6.641529999809528, 0.0 ], [ 106.656329999729905, -6.641750000062299, 0.0 ], [ 106.656480000351863, -6.641990000338041, 0.0 ], [ 106.656610643966275, -6.6420909519357, 0.0 ], [ 106.656699999705353, -6.642160000083788, 0.0 ], [ 106.656759999774351, -6.64222000015279, 0.0 ], [ 106.656750000212554, -6.642449999967361, 0.0 ], [ 106.656619999613469, -6.642799999919848, 0.0 ], [ 106.656489999913759, -6.643100000264681, 0.0 ], [ 106.656460000328892, -6.643229999964397, 0.0 ], [ 106.656469999890788, -6.643419999733027, 0.0 ], [ 106.656570000005644, -6.643599999939944, 0.0 ], [ 106.65673999975138, -6.643740000100742, 0.0 ], [ 106.65702000007316, -6.643820000192715, 0.0 ], [ 106.65728000037187, -6.643849999777487, 0.0 ], [ 106.657410000071593, -6.643880000261628, 0.0 ], [ 106.657539640042529, -6.643966426908889, 0.0 ], [ 106.657619999863272, -6.644020000422515, 0.0 ], [ 106.657798336324348, -6.644169964172377, 0.0 ], [ 106.658060000368906, -6.644390000398062, 0.0 ], [ 106.658319999768338, -6.64456000014372, 0.0 ], [ 106.658430000344453, -6.64478999995838, 0.0 ], [ 106.658580000067147, -6.645220000002841, 0.0 ], [ 106.658749999812798, -6.645400000209669, 0.0 ], [ 106.658948489181654, -6.645489319976008, 0.0 ], [ 106.658950000042609, -6.645489999863443, 0.0 ], [ 106.659219999903286, -6.645560000393527, 0.0 ], [ 106.659340000041112, -6.645659999609101, 0.0 ], [ 106.659400000110125, -6.646029999584648, 0.0 ], [ 106.659449999717864, -6.646200000229676, 0.0 ], [ 106.65958000031695, -6.646419999583166, 0.0 ], [ 106.659790000108643, -6.646789999558713, 0.0 ], [ 106.659839999716382, -6.647080000341568, 0.0 ], [ 106.659814091147581, -6.647313181058259, 0.0 ], [ 106.659810000131614, -6.64735000020217, 0.0 ], [ 106.659810000131614, -6.647640000085833, 0.0 ], [ 106.659823310097892, -6.647675491830309, 0.0 ], [ 106.659899999785381, -6.647880000361575, 0.0 ], [ 106.660050000407352, -6.648150000222177, 0.0 ], [ 106.66012999959996, -6.648310000406035, 0.0 ], [ 106.660280000222016, -6.648709999966353, 0.0 ], [ 106.660400000359928, -6.648859999689041, 0.0 ], [ 106.660719999828274, -6.649160000033785, 0.0 ], [ 106.660889999574025, -6.6494800004015, 0.0 ], [ 106.66106999978085, -6.649819999892905, 0.0 ], [ 106.661109999826792, -6.650029999684595, 0.0 ], [ 106.660770000335475, -6.650319999568168, 0.0 ], [ 106.660759999874216, -6.650650000397054, 0.0 ], [ 106.660859999989157, -6.650900000234685, 0.0 ], [ 106.660929999619967, -6.650969999865399, 0.0 ], [ 106.661160000333993, -6.651170000095288, 0.0 ], [ 106.661200000379935, -6.651330000279145, 0.0 ], [ 106.661180705425409, -6.651368589288822, 0.0 ], [ 106.661149999872734, -6.651430000394001, 0.0 ], [ 106.661006251337611, -6.651556499033031, 0.0 ], [ 106.660900000035184, -6.651649999747491, 0.0 ], [ 106.660869999551053, -6.651769999885406, 0.0 ], [ 106.660989999688965, -6.651890000023322, 0.0 ], [ 106.661270000010646, -6.651930000069264, 0.0 ], [ 106.661590000378368, -6.651979999677096, 0.0 ], [ 106.661760000124104, -6.65209000025321, 0.0 ], [ 106.661949999892741, -6.652349999652554, 0.0 ], [ 106.662050000007682, -6.652640000435497, 0.0 ], [ 106.662150000122637, -6.652950000342042, 0.0 ], [ 106.662379999937201, -6.653189999718592, 0.0 ], [ 106.662580000167083, -6.653269999810476, 0.0 ], [ 106.662899999635442, -6.65336999992542, 0.0 ], [ 106.663050000257499, -6.653499999625136, 0.0 ], [ 106.663019999773354, -6.653730000339078, 0.0 ], [ 106.662919999658413, -6.654169999945427, 0.0 ], [ 106.66293999968147, -6.654339999691086, 0.0 ], [ 106.662990000188486, -6.654399999759999, 0.0 ], [ 106.663030000234428, -6.654459999829001, 0.0 ], [ 106.663090000303441, -6.654519999897914, 0.0 ], [ 106.662780000396893, -6.654660000058801, 0.0 ], [ 106.662370000375404, -6.654749999712575, 0.0 ], [ 106.6618499997778, -6.654749999712575, 0.0 ], [ 106.661490000263512, -6.654680000081772, 0.0 ], [ 106.661089999803821, -6.654479999851972, 0.0 ], [ 106.660869999551053, -6.654339999691086, 0.0 ], [ 106.660690000243505, -6.65421999955317, 0.0 ], [ 106.66051000003668, -6.65421999955317, 0.0 ], [ 106.660320000267959, -6.654330000129196, 0.0 ], [ 106.659970000315383, -6.654519999897914, 0.0 ], [ 106.659810366155625, -6.65459256079787, 0.0 ], [ 106.659750000062616, -6.65462000001277, 0.0 ], [ 106.659541156799122, -6.654689613834499, 0.0 ], [ 106.659480000202009, -6.654709999666544, 0.0 ], [ 106.659219999903286, -6.654749999712575, 0.0 ], [ 106.658869999950724, -6.654749999712575, 0.0 ], [ 106.658609999651915, -6.654680000081772, 0.0 ], [ 106.65835999981428, -6.654559999943856, 0.0 ], [ 106.658060000368906, -6.65441999978297, 0.0 ], [ 106.657769999585966, -6.654350000152256, 0.0 ], [ 106.657570000255447, -6.654359999714057, 0.0 ], [ 106.657340000440882, -6.654539999920885, 0.0 ], [ 106.657040000096131, -6.654969999965346, 0.0 ], [ 106.656879999912277, -6.655219999802977, 0.0 ], [ 106.656540000420875, -6.655680000331579, 0.0 ], [ 106.656453238326463, -6.655800346708443, 0.0 ], [ 106.656229999614951, -6.656110000376039, 0.0 ], [ 106.656050000307488, -6.656300000144668, 0.0 ], [ 106.655859999639489, -6.656480000351586, 0.0 ], [ 106.655560000194029, -6.656719999728047, 0.0 ], [ 106.655400000010175, -6.656770000235159, 0.0 ], [ 106.655130000149569, -6.656730000189217, 0.0 ], [ 106.654919229638921, -6.656672037983959, 0.0 ], [ 106.654729999689891, -6.656619999613191, 0.0 ], [ 106.654040000245999, -6.656409999821413, 0.0 ], [ 106.653880000062131, -6.656400000259612, 0.0 ], [ 106.653619999763336, -6.656469999890415, 0.0 ], [ 106.653389999948757, -6.656469999890415, 0.0 ], [ 106.653120000088066, -6.656260000098726, 0.0 ], [ 106.652810000181518, -6.655999999800013, 0.0 ], [ 106.652569999905694, -6.65593000016921, 0.0 ], [ 106.652420000183014, -6.655970000215152, 0.0 ], [ 106.651910000046655, -6.656380000236641, 0.0 ], [ 106.651700643270303, -6.656625766965387, 0.0 ], [ 106.651680000232005, -6.656650000097244, 0.0 ], [ 106.651370000325457, -6.656989999588649, 0.0 ], [ 106.65115000007259, -6.657220000302591, 0.0 ], [ 106.651040000395852, -6.657359999564196, 0.0 ], [ 106.651069999980706, -6.657679999931911, 0.0 ], [ 106.651080000441794, -6.657969999815485, 0.0 ], [ 106.651060000418823, -6.658179999607086, 0.0 ], [ 106.651110000026648, -6.658430000344087, 0.0 ], [ 106.651179999657458, -6.65872000022766, 0.0 ], [ 106.651216533716251, -6.658948336296557, 0.0 ], [ 106.6512199997034, -6.658970000065292, 0.0 ], [ 106.651259999749342, -6.659369999625611, 0.0 ], [ 106.651239999726371, -6.659830000154212, 0.0 ], [ 106.651069999980706, -6.660140000060757, 0.0 ], [ 106.65078999965894, -6.660360000313617, 0.0 ], [ 106.650519999798334, -6.660510000036304, 0.0 ], [ 106.650300000444844, -6.660610000151248, 0.0 ], [ 106.650274740287244, -6.6606201040344, 0.0 ], [ 106.649799999870211, -6.660810000381048, 0.0 ], [ 106.649570000055647, -6.660900000034822, 0.0 ], [ 106.649546285832614, -6.660642867673996, 0.0 ], [ 106.649430482830667, -6.660404428621316, 0.0 ], [ 106.64919988136964, -6.660228291002692, 0.0 ], [ 106.649004902054713, -6.660122797828674, 0.0 ], [ 106.648597516362514, -6.659991477024931, 0.0 ], [ 106.648429165074134, -6.659912430214323, 0.0 ], [ 106.648260549385085, -6.659753775416224, 0.0 ], [ 106.648083203976853, -6.659630531423701, 0.0 ], [ 106.647843755884836, -6.65945442168411, 0.0 ], [ 106.647462793173503, -6.659287629820057, 0.0 ], [ 106.64714360939027, -6.659076404252531, 0.0 ], [ 106.647210000041653, -6.658909999996379, 0.0 ], [ 106.647337318862384, -6.658801550750795, 0.0 ], [ 106.647963918800002, -6.658348346398881, 0.0 ], [ 106.647989868737582, -6.658171350827082, 0.0 ], [ 106.647394612871295, -6.657412630588269, 0.0 ], [ 106.647424622348609, -6.657306274065125, 0.0 ], [ 106.647482045859974, -6.657102750291557, 0.0 ], [ 106.647589999578997, -6.656950000441988, 0.0 ], [ 106.647781381605583, -6.656668328280571, 0.0 ], [ 106.647840000315909, -6.656340000190699, 0.0 ], [ 106.647743931137697, -6.656049273654876, 0.0 ], [ 106.647521353427919, -6.655625436664394, 0.0 ], [ 106.647510000386404, -6.654940000380574, 0.0 ], [ 106.647450000317491, -6.654570000405027, 0.0 ], [ 106.647410000271449, -6.654189999968398, 0.0 ], [ 106.647370000225507, -6.653630000224133, 0.0 ], [ 106.647410000271449, -6.65336999992542, 0.0 ], [ 106.647707924980892, -6.653210018627345, 0.0 ], [ 106.647973142246911, -6.653156062002488, 0.0 ], [ 106.648110000176516, -6.652799999720074, 0.0 ], [ 106.647891223901013, -6.652466394408432, 0.0 ], [ 106.647696308438043, -6.652378589100429, 0.0 ], [ 106.647422097052271, -6.652388347644003, 0.0 ], [ 106.647059776387692, -6.65250454544827, 0.0 ], [ 106.646714764974561, -6.652505693882507, 0.0 ], [ 106.646545797650617, -6.652240894801267, 0.0 ], [ 106.646630000274413, -6.651899999585211, 0.0 ], [ 106.646719999928195, -6.651669999770462, 0.0 ], [ 106.646829999604932, -6.651459999978862, 0.0 ], [ 106.647081689268717, -6.651115743096927, 0.0 ], [ 106.647045183988226, -6.650779739293391, 0.0 ], [ 106.646849649791747, -6.650506181714757, 0.0 ], [ 106.646710689247072, -6.650447943417728, 0.0 ], [ 106.646671016554393, -6.650408591782977, 0.0 ], [ 106.646619319026527, -6.650409650284974, 0.0 ], [ 106.646433101806394, -6.650277588439781, 0.0 ], [ 106.646312851656916, -6.650089132807082, 0.0 ], [ 106.646264137180367, -6.65001278755998, 0.0 ], [ 106.646369999975704, -6.649730000239131, 0.0 ], [ 106.646439593112916, -6.649569934404767, 0.0 ], [ 106.646463617602066, -6.6494451103034, 0.0 ], [ 106.646479999652456, -6.649360000263673, 0.0 ], [ 106.646410345361318, -6.648756252998513, 0.0 ], [ 106.646248549231402, -6.647987240018907, 0.0 ], [ 106.646273410989295, -6.647482968564002, 0.0 ], [ 106.646307325323036, -6.64704058485496, 0.0 ], [ 106.645588151871934, -6.64625573481409, 0.0 ], [ 106.645534519902313, -6.646164950052249, 0.0 ], [ 106.645500656829967, -6.646107627265021, 0.0 ], [ 106.64513443040984, -6.645487692203069, 0.0 ], [ 106.64437908172944, -6.64446413241361, 0.0 ], [ 106.644333940259315, -6.64419007391265, 0.0 ], [ 106.644207919160252, -6.64402141235815, 0.0 ], [ 106.644129563928445, -6.64391654421296, 0.0 ], [ 106.643854975726668, -6.64381131094304, 0.0 ], [ 106.64358038842434, -6.643706076773839, 0.0 ], [ 106.643543974874746, -6.643396608366672, 0.0 ], [ 106.64370200374465, -6.643033420755575, 0.0 ], [ 106.643559700419971, -6.642803911970798, 0.0 ], [ 106.64314175219026, -6.642150737966048, 0.0 ], [ 106.642803480296564, -6.641514989225197, 0.0 ], [ 106.642653503056948, -6.641520940039172, 0.0 ], [ 106.642316993834328, -6.641534293172882, 0.0 ], [ 106.641997989016133, -6.641542601109975, 0.0 ], [ 106.641927787037943, -6.641544429431647, 0.0 ], [ 106.641670628596827, -6.641359527020398, 0.0 ], [ 106.641236575307872, -6.641184056698748, 0.0 ], [ 106.64090091504535, -6.641335541202089, 0.0 ], [ 106.640502774383748, -6.641319169044237, 0.0 ], [ 106.640393644351363, -6.641302179951438, 0.0 ], [ 106.640113332864189, -6.641258541248565, 0.0 ], [ 106.639909428677328, -6.641126534261979, 0.0 ], [ 106.639731507703104, -6.640826378334488, 0.0 ], [ 106.639693458286686, -6.640021567840861, 0.0 ], [ 106.639586804987246, -6.639871549232481, 0.0 ], [ 106.639383048289247, -6.639783769105492, 0.0 ], [ 106.639091209292104, -6.639811270373688, 0.0 ], [ 106.638940472125256, -6.639705624314942, 0.0 ], [ 106.638691752922256, -6.639396855580273, 0.0 ], [ 106.638646438782345, -6.639069723588733, 0.0 ], [ 106.638832174865215, -6.638876931425077, 0.0 ], [ 106.638928553410182, -6.638776890840727, 0.0 ], [ 106.639237323044213, -6.638519351986396, 0.0 ], [ 106.63954585795517, -6.638191049077449, 0.0 ], [ 106.639459999679389, -6.637939999731071, 0.0 ], [ 106.638682791178013, -6.637224357917617, 0.0 ], [ 106.638677376359993, -6.637219372076189, 0.0 ], [ 106.639185923191931, -6.636826969089196, 0.0 ], [ 106.639946157889, -6.635918536910737, 0.0 ], [ 106.640214896900119, -6.635597409692497, 0.0 ], [ 106.64050617921697, -6.635249345081053, 0.0 ], [ 106.640600336436506, -6.634886707855117, 0.0 ], [ 106.640595525063603, -6.634599057000781, 0.0 ], [ 106.640594745351393, -6.63455241995802, 0.0 ], [ 106.640595355091747, -6.634547622974232, 0.0 ], [ 106.640597789556551, -6.634528460220093, 0.0 ], [ 106.640627040905358, -6.634298292232224, 0.0 ], [ 106.640673465708034, -6.633932976825232, 0.0 ], [ 106.64081587695128, -6.633688694877229, 0.0 ], [ 106.640846543833106, -6.633636090832731, 0.0 ], [ 106.640850150114517, -6.633629905295759, 0.0 ], [ 106.640941262229703, -6.633577626805867, 0.0 ], [ 106.641021268616811, -6.633531720012655, 0.0 ], [ 106.641125896643061, -6.633471685769479, 0.0 ], [ 106.64112643623622, -6.633471377302005, 0.0 ], [ 106.641818682186653, -6.633538282365716, 0.0 ], [ 106.641944597165633, -6.633249546928912, 0.0 ], [ 106.641977835209062, -6.632838104394825, 0.0 ], [ 106.641899685022651, -6.632457783799541, 0.0 ], [ 106.641899714700244, -6.632452126164559, 0.0 ], [ 106.641902040347119, -6.632007999569325, 0.0 ], [ 106.64192293159816, -6.631941218612205, 0.0 ], [ 106.642167611945965, -6.631159090819185, 0.0 ], [ 106.642396467822877, -6.630813361747059, 0.0 ], [ 106.642599999690418, -6.630709999966413, 0.0 ], [ 106.642889999573995, -6.63064000033561, 0.0 ], [ 106.643299999595484, -6.630389999598698, 0.0 ], [ 106.643630000424366, -6.630099999715036, 0.0 ], [ 106.643960000353886, -6.629869999900375, 0.0 ], [ 106.644560000144082, -6.629709999716606, 0.0 ], [ 106.645039999796296, -6.629640000085804, 0.0 ], [ 106.645790000208564, -6.629580000016801, 0.0 ], [ 106.64620999979185, -6.629450000317085, 0.0 ], [ 106.646710000366397, -6.629230000064315, 0.0 ], [ 106.646754516807675, -6.62919333920108, 0.0 ], [ 106.647049999857799, -6.628949999742542, 0.0 ], [ 106.647259999649492, -6.628599999789966, 0.0 ], [ 106.647337042770431, -6.628503695888668, 0.0 ], [ 106.647459999879288, -6.628349999952334, 0.0 ], [ 106.647720000177998, -6.628329999929363, 0.0 ], [ 106.647900000384908, -6.628650000297078, 0.0 ], [ 106.647929999969691, -6.629029999834515, 0.0 ], [ 106.64827000036037, -6.629600000039861, 0.0 ], [ 106.648509999736831, -6.629929999969377, 0.0 ], [ 106.648859999689407, -6.630440000105722, 0.0 ] ] ] ] } },
{ "type": "Feature", "properties": { "PROVNO": "32", "KABKOTNO": "01", "KECNO": "030", "DESANO": "014", "PROVINSI": "JAWA BARAT", "KABKOT": "BOGOR", "KECAMATAN": "PAMIJAHAN", "ID2013": "3201030014", "DESA": "GUNUNG MENYAN", "DESA_1": "GUNUNG MENYAN", "ID2012": "3201030014", "IDKAB2": "3201", "IDKEC_2": "3201030", "WILAYAH": "BARAT" }, "geometry": { "type": "MultiPolygon", "coordinates": [ [ [ [ 106.67293525106119, -6.617590341920589, 0.0 ], [ 106.67356999975587, -6.617619999762994, 0.0 ], [ 106.673680000331885, -6.617630000224164, 0.0 ], [ 106.67379999957052, -6.617679999831996, 0.0 ], [ 106.673879999662404, -6.61777000038505, 0.0 ], [ 106.674030000284461, -6.618250000037342, 0.0 ], [ 106.674070000330403, -6.618339999691027, 0.0 ], [ 106.674249999637951, -6.618459999828943, 0.0 ], [ 106.674546370318922, -6.618699492887128, 0.0 ], [ 106.674937627569619, -6.619015662142971, 0.0 ], [ 106.674989999588959, -6.61907000008032, 0.0 ], [ 106.675080000142103, -6.619339999940923, 0.0 ], [ 106.675109999726871, -6.619589999778466, 0.0 ], [ 106.675069999680929, -6.61991999970807, 0.0 ], [ 106.674960000004191, -6.62011999993787, 0.0 ], [ 106.674779999797352, -6.620469999890446, 0.0 ], [ 106.674750000212498, -6.620619999613133, 0.0 ], [ 106.674719999728353, -6.620839999865993, 0.0 ], [ 106.674713644219437, -6.620857656255676, 0.0 ], [ 106.674630000074586, -6.621089999703536, 0.0 ], [ 106.674409999821819, -6.621510000186195, 0.0 ], [ 106.674329999729835, -6.621670000370052, 0.0 ], [ 106.67422999961498, -6.621860000138682, 0.0 ], [ 106.674139999961213, -6.622080000391541, 0.0 ], [ 106.674139999961213, -6.622299999745032, 0.0 ], [ 106.674200000030211, -6.622430000344117, 0.0 ], [ 106.674460000328921, -6.622629999674547, 0.0 ], [ 106.674570000005673, -6.622729999789492, 0.0 ], [ 106.674630000074586, -6.622809999881465, 0.0 ], [ 106.674639999636469, -6.622889999973349, 0.0 ], [ 106.674590000028644, -6.622959999604152, 0.0 ], [ 106.674369999775777, -6.623059999719008, 0.0 ], [ 106.674201001874863, -6.623095578697793, 0.0 ], [ 106.674180000007155, -6.623099999765039, 0.0 ], [ 106.673959999754373, -6.623070000180178, 0.0 ], [ 106.673580000216944, -6.622939999581181, 0.0 ], [ 106.673429999594973, -6.622880000411548, 0.0 ], [ 106.673199999780408, -6.622829999904436, 0.0 ], [ 106.673099999665453, -6.622829999904436, 0.0 ], [ 106.673019999573484, -6.62290000043452, 0.0 ], [ 106.673059999619426, -6.623150000272151, 0.0 ], [ 106.673130000149598, -6.623620000362553, 0.0 ], [ 106.673125162696323, -6.623876721733115, 0.0 ], [ 106.673118246909709, -6.624001457700981, 0.0 ], [ 106.673192155893446, -6.624162602721775, 0.0 ], [ 106.673214957304594, -6.62439728080976, 0.0 ], [ 106.673124659975258, -6.624660390064765, 0.0 ], [ 106.673091447112753, -6.624757165210795, 0.0 ], [ 106.672981993324498, -6.624933598706431, 0.0 ], [ 106.672916754704659, -6.625168573570619, 0.0 ], [ 106.673019999573484, -6.625339999641113, 0.0 ], [ 106.673090000103571, -6.625450000217228, 0.0 ], [ 106.673230000264454, -6.625619999962886, 0.0 ], [ 106.673256782075001, -6.625923043613415, 0.0 ], [ 106.673345710636227, -6.626186842648476, 0.0 ], [ 106.673361052171032, -6.626384865269088, 0.0 ], [ 106.673398303888831, -6.626553469267051, 0.0 ], [ 106.673479426334566, -6.626677909357817, 0.0 ], [ 106.673575246400674, -6.626809635755961, 0.0 ], [ 106.673553435143077, -6.626868398357679, 0.0 ], [ 106.673458505405847, -6.627000766871696, 0.0 ], [ 106.673341392091771, -6.627081858740649, 0.0 ], [ 106.673158348579079, -6.627192516721117, 0.0 ], [ 106.672940000380891, -6.62719000041804, 0.0 ], [ 106.672789999758834, -6.627229999564701, 0.0 ], [ 106.672608057915724, -6.627179699583277, 0.0 ], [ 106.672564582889393, -6.627341240305853, 0.0 ], [ 106.672499246243348, -6.627546870291692, 0.0 ], [ 106.672463033242565, -6.627686377624045, 0.0 ], [ 106.672456338689216, -6.627877138219187, 0.0 ], [ 106.672368819365687, -6.628031490660593, 0.0 ], [ 106.672332432795756, -6.628119645804844, 0.0 ], [ 106.672288612429668, -6.628178483050409, 0.0 ], [ 106.67208000029197, -6.628240000275678, 0.0 ], [ 106.672000000199986, -6.628200000229647, 0.0 ], [ 106.671877713985509, -6.628165194667837, 0.0 ], [ 106.671848095713216, -6.628084598325437, 0.0 ], [ 106.671818132101279, -6.627901296707286, 0.0 ], [ 106.671829999555058, -6.627710000116185, 0.0 ], [ 106.671690027273115, -6.627613769059995, 0.0 ], [ 106.671670000270467, -6.627600000439529, 0.0 ], [ 106.671599999740394, -6.627580000416557, 0.0 ], [ 106.67145026531766, -6.627594420146234, 0.0 ], [ 106.67140991273746, -6.627618337616017, 0.0 ], [ 106.671325791052638, -6.627668199627603, 0.0 ], [ 106.671187261283293, -6.627925430014461, 0.0 ], [ 106.671033736218092, -6.628087341257629, 0.0 ], [ 106.670924577407476, -6.628351806690382, 0.0 ], [ 106.670822876674578, -6.628652929389069, 0.0 ], [ 106.670867712375156, -6.628894868603155, 0.0 ], [ 106.670758354814367, -6.62910064697714, 0.0 ], [ 106.670692696211105, -6.629210910155194, 0.0 ], [ 106.670472820964122, -6.629277674924552, 0.0 ], [ 106.670370306344751, -6.629336709121638, 0.0 ], [ 106.670113870958573, -6.629440276847145, 0.0 ], [ 106.670004463935044, -6.629631383681236, 0.0 ], [ 106.669778238575006, -6.629991613422117, 0.0 ], [ 106.669617648435946, -6.630234245114099, 0.0 ], [ 106.669559868793101, -6.63050587364701, 0.0 ], [ 106.669553174239752, -6.630696635141433, 0.0 ], [ 106.669560000094123, -6.630799999620098, 0.0 ], [ 106.669465727761335, -6.630872995791961, 0.0 ], [ 106.669385172787614, -6.630917282906115, 0.0 ], [ 106.669158255849041, -6.631072104793603, 0.0 ], [ 106.669017010127078, -6.631219981216976, 0.0 ], [ 106.668975482132964, -6.63126345804196, 0.0 ], [ 106.669086889248689, -6.631666568357311, 0.0 ], [ 106.669191010057276, -6.632084375393479, 0.0 ], [ 106.66918052935813, -6.632122871772896, 0.0 ], [ 106.669133032563622, -6.632297316867533, 0.0 ], [ 106.66906764465628, -6.632488275313477, 0.0 ], [ 106.668950728293638, -6.63262805424111, 0.0 ], [ 106.668782700761213, -6.632841366235844, 0.0 ], [ 106.668761504639917, -6.633083529381203, 0.0 ], [ 106.668864810662669, -6.63325924701649, 0.0 ], [ 106.669092322053203, -6.633280489902518, 0.0 ], [ 106.66950000002511, -6.633319999817946, 0.0 ], [ 106.669620931860678, -6.633388752089111, 0.0 ], [ 106.669702005743133, -6.633498519740701, 0.0 ], [ 106.669798345617352, -6.633784302703241, 0.0 ], [ 106.66978453742658, -6.634041113106761, 0.0 ], [ 106.669748471914573, -6.634224635958077, 0.0 ], [ 106.669911538786664, -6.634530132059826, 0.0 ], [ 106.669947821934628, -6.634598104618608, 0.0 ], [ 106.670119999838292, -6.6346999996051, 0.0 ], [ 106.670059999769379, -6.634970000365072, 0.0 ], [ 106.66999999970038, -6.635100000064789, 0.0 ], [ 106.669820000392832, -6.635380000386562, 0.0 ], [ 106.669809999931744, -6.635499999625107, 0.0 ], [ 106.669917314232833, -6.635640849645288, 0.0 ], [ 106.669970000115597, -6.635710000316166, 0.0 ], [ 106.670230000414321, -6.635909999646596, 0.0 ], [ 106.67042999974484, -6.636100000314595, 0.0 ], [ 106.670440941796187, -6.636176593774614, 0.0 ], [ 106.670449999767897, -6.636239999576201, 0.0 ], [ 106.670460000228985, -6.636479999851943, 0.0 ], [ 106.670480000251956, -6.636700000104803, 0.0 ], [ 106.67050999983681, -6.637219999803037, 0.0 ], [ 106.670540000320955, -6.637409999571666, 0.0 ], [ 106.670546904416284, -6.637975203692505, 0.0 ], [ 106.670322285245476, -6.638448453033465, 0.0 ], [ 106.670228721578439, -6.639026816034601, 0.0 ], [ 106.67030475296221, -6.63921254132557, 0.0 ], [ 106.670451094242807, -6.639377922153269, 0.0 ], [ 106.670647823638333, -6.639578318984132, 0.0 ], [ 106.670650360625842, -6.6395961957077, 0.0 ], [ 106.670694168401297, -6.63990488530203, 0.0 ], [ 106.670820317204075, -6.640045202024272, 0.0 ], [ 106.670931385275352, -6.640185570007908, 0.0 ], [ 106.670936801892111, -6.640301160769848, 0.0 ], [ 106.670947314067504, -6.64043684058754, 0.0 ], [ 106.670877427751208, -6.640582844622447, 0.0 ], [ 106.670496378705124, -6.640880693788844, 0.0 ], [ 106.670436732969037, -6.641081955767483, 0.0 ], [ 106.670507772216055, -6.64127774986806, 0.0 ], [ 106.670589999928694, -6.641389999648553, 0.0 ], [ 106.670627638354944, -6.641522638858568, 0.0 ], [ 106.670644060874906, -6.641622308922237, 0.0 ], [ 106.670673385968101, -6.641731587342772, 0.0 ], [ 106.670622235228194, -6.641828268959262, 0.0 ], [ 106.670601624565506, -6.641936943035311, 0.0 ], [ 106.670441629777514, -6.642118661846599, 0.0 ], [ 106.670189351957191, -6.642411869611955, 0.0 ], [ 106.67018176887369, -6.642605427997896, 0.0 ], [ 106.670159040307638, -6.642829113672502, 0.0 ], [ 106.67026334277918, -6.642981923776539, 0.0 ], [ 106.670431540283559, -6.64317349556022, 0.0 ], [ 106.670451989967546, -6.643385541309534, 0.0 ], [ 106.670389070699258, -6.643745853787966, 0.0 ], [ 106.670301251901435, -6.644037190064136, 0.0 ], [ 106.670056081423198, -6.644481976761654, 0.0 ], [ 106.67001721272436, -6.64465969179119, 0.0 ], [ 106.670111479661188, -6.644817226033997, 0.0 ], [ 106.67029420931047, -6.644946803052356, 0.0 ], [ 106.670319181685045, -6.644964511602804, 0.0 ], [ 106.670635966976462, -6.645274214733057, 0.0 ], [ 106.670685701284242, -6.645392436011957, 0.0 ], [ 106.670656617209275, -6.645545452960135, 0.0 ], [ 106.670760834245343, -6.645727617835142, 0.0 ], [ 106.670879685049655, -6.645860405433215, 0.0 ], [ 106.670959251668279, -6.646047585827244, 0.0 ], [ 106.671073353152892, -6.64623465020874, 0.0 ], [ 106.671177670913011, -6.646446411772313, 0.0 ], [ 106.671242205363683, -6.646564582689187, 0.0 ], [ 106.671316638652115, -6.646692585893934, 0.0 ], [ 106.671307272213014, -6.646840605309503, 0.0 ], [ 106.671366955720572, -6.646983456321234, 0.0 ], [ 106.671328389193974, -6.647249962315751, 0.0 ], [ 106.671289537582282, -6.647432610126671, 0.0 ], [ 106.671251153618002, -6.64775337671685, 0.0 ], [ 106.671158319301142, -6.648020066172968, 0.0 ], [ 106.671021017106469, -6.648267173790892, 0.0 ], [ 106.670853797165194, -6.648420658386502, 0.0 ], [ 106.670598859150232, -6.648895075047481, 0.0 ], [ 106.670610235574117, -6.649438912175878, 0.0 ], [ 106.67036088234903, -6.649838551108047, 0.0 ], [ 106.670130789904192, -6.649835738028766, 0.0 ], [ 106.669823517641447, -6.649831980661194, 0.0 ], [ 106.66983467912732, -6.649630680911081, 0.0 ], [ 106.669594046628063, -6.649667009924389, 0.0 ], [ 106.669589999678891, -6.649460000378529, 0.0 ], [ 106.669520000048081, -6.649149999572703, 0.0 ], [ 106.669589999678891, -6.648569999805467, 0.0 ], [ 106.669489999564036, -6.648159999783978, 0.0 ], [ 106.669429528250305, -6.647563913843371, 0.0 ], [ 106.669419999933226, -6.647470000340086, 0.0 ], [ 106.669190000118562, -6.647069999880486, 0.0 ], [ 106.669150000072619, -6.646840000065737, 0.0 ], [ 106.669179999657487, -6.646639999835937, 0.0 ], [ 106.669190000118562, -6.646510000136221, 0.0 ], [ 106.669219999703429, -6.645529999909385, 0.0 ], [ 106.669279999772343, -6.645229999564641, 0.0 ], [ 106.669150000072619, -6.644910000096296, 0.0 ], [ 106.66902000037291, -6.644509999636607, 0.0 ], [ 106.66880999968194, -6.644179999707003, 0.0 ], [ 106.668720000028173, -6.644059999569176, 0.0 ], [ 106.668683912932366, -6.643969782279449, 0.0 ], [ 106.668599999890247, -6.643760000123713, 0.0 ], [ 106.668410000121625, -6.643370000125195, 0.0 ], [ 106.66831000000667, -6.642969999665596, 0.0 ], [ 106.668189999868758, -6.642710000266163, 0.0 ], [ 106.668129999799845, -6.642579999667078, 0.0 ], [ 106.667980000077165, -6.642499999575104, 0.0 ], [ 106.66784301084644, -6.642276903855873, 0.0 ], [ 106.667630000124589, -6.641930000269127, 0.0 ], [ 106.667599999640444, -6.641799999670042, 0.0 ], [ 106.667539999571531, -6.641719999578157, 0.0 ], [ 106.667529920869299, -6.641710760842781, 0.0 ], [ 106.667472220366875, -6.64165786811596, 0.0 ], [ 106.667420000332896, -6.641609999901412, 0.0 ], [ 106.667229999664897, -6.64156000029358, 0.0 ], [ 106.667130000449319, -6.641529999809528, 0.0 ], [ 106.66707000038032, -6.641480000201696, 0.0 ], [ 106.667039999896275, -6.641400000109723, 0.0 ], [ 106.666859999689351, -6.641270000410007, 0.0 ], [ 106.666709999966756, -6.64113999981101, 0.0 ], [ 106.66658999982883, -6.640959999604181, 0.0 ], [ 106.666520000198034, -6.640860000388518, 0.0 ], [ 106.666420000083093, -6.640769999835463, 0.0 ], [ 106.666199999830326, -6.640580000066834, 0.0 ], [ 106.666110000176545, -6.64049999997486, 0.0 ], [ 106.665990000038633, -6.640339999791003, 0.0 ], [ 106.665789999808823, -6.640190000068316, 0.0 ], [ 106.665689999693882, -6.640120000437513, 0.0 ], [ 106.66556999955597, -6.6400699999304, 0.0 ], [ 106.665539999971202, -6.639940000230595, 0.0 ], [ 106.665539999971202, -6.63991879421685, 0.0 ], [ 106.665539999971202, -6.639760000023855, 0.0 ], [ 106.665450000317421, -6.639570000255137, 0.0 ], [ 106.665370000225451, -6.639459999679111, 0.0 ], [ 106.665310000156538, -6.639370000025338, 0.0 ], [ 106.665270000110596, -6.639180000256619, 0.0 ], [ 106.665279999672393, -6.639029999634563, 0.0 ], [ 106.665319999718434, -6.638930000418988, 0.0 ], [ 106.665359999764377, -6.638839999865933, 0.0 ], [ 106.665359999764377, -6.638710000166217, 0.0 ], [ 106.665179999557452, -6.638320000167699, 0.0 ], [ 106.664980000227018, -6.638079999891957, 0.0 ], [ 106.664789999559019, -6.637879999662157, 0.0 ], [ 106.664699999905253, -6.637740000400552, 0.0 ], [ 106.664710000366426, -6.637609999801466, 0.0 ], [ 106.664829999604962, -6.637409999571666, 0.0 ], [ 106.664869999650904, -6.637330000379063, 0.0 ], [ 106.664829999604962, -6.637130000149263, 0.0 ], [ 106.664699999905253, -6.63705999961909, 0.0 ], [ 106.664619999813368, -6.637019999573148, 0.0 ], [ 106.664349999952762, -6.636609999551659, 0.0 ], [ 106.664289999883763, -6.636439999806001, 0.0 ], [ 106.664269292094318, -6.636319202868748, 0.0 ], [ 106.66422999981485, -6.636089999853425, 0.0 ], [ 106.66422999981485, -6.63600000019974, 0.0 ], [ 106.664289999883763, -6.635730000339137, 0.0 ], [ 106.664329999929791, -6.635470000040335, 0.0 ], [ 106.664280000321952, -6.635260000248646, 0.0 ], [ 106.664200000229982, -6.635129999649649, 0.0 ], [ 106.664120000138098, -6.634950000342101, 0.0 ], [ 106.664060000069099, -6.634850000227157, 0.0 ], [ 106.663532759029835, -6.634337687034488, 0.0 ], [ 106.663530656414849, -6.634335643774794, 0.0 ], [ 106.663319236593651, -6.634134229810709, 0.0 ], [ 106.663314257946823, -6.633932125167288, 0.0 ], [ 106.663464152448881, -6.633742400591149, 0.0 ], [ 106.663364727900017, -6.633592218306053, 0.0 ], [ 106.663183415582324, -6.633390702718636, 0.0 ], [ 106.662777985915511, -6.633048024146806, 0.0 ], [ 106.66313815809967, -6.632719980242676, 0.0 ], [ 106.663327263942307, -6.632680642097757, 0.0 ], [ 106.663503408755531, -6.63262414488818, 0.0 ], [ 106.6635718759415, -6.632520703067826, 0.0 ], [ 106.663519761128228, -6.632370361602771, 0.0 ], [ 106.663376983860886, -6.632117111615212, 0.0 ], [ 106.663208993200655, -6.632040267244346, 0.0 ], [ 106.663169996798104, -6.631954388284225, 0.0 ], [ 106.663130236871112, -6.631640586044032, 0.0 ], [ 106.662979731729422, -6.631539736969074, 0.0 ], [ 106.662957816150481, -6.631525051040157, 0.0 ], [ 106.662833875183395, -6.631565826301724, 0.0 ], [ 106.662601237657171, -6.631642360406467, 0.0 ], [ 106.662502002865324, -6.631548081778362, 0.0 ], [ 106.662483689970472, -6.631217006259629, 0.0 ], [ 106.662560022627105, -6.630894214396346, 0.0 ], [ 106.66257079470661, -6.630780425875784, 0.0 ], [ 106.662580791570477, -6.630674820286533, 0.0 ], [ 106.662502843731446, -6.63051596314105, 0.0 ], [ 106.662343555810637, -6.630469192099344, 0.0 ], [ 106.662171294269967, -6.630400961435026, 0.0 ], [ 106.66195632662334, -6.630423183682801, 0.0 ], [ 106.661812513336997, -6.629860301611448, 0.0 ], [ 106.661713235377732, -6.629753123108042, 0.0 ], [ 106.661682366148426, -6.629525300552022, 0.0 ], [ 106.661610000401339, -6.629410000271143, 0.0 ], [ 106.661500882959587, -6.629272180066916, 0.0 ], [ 106.661284965628823, -6.629010572679608, 0.0 ], [ 106.661166771329576, -6.628391698817673, 0.0 ], [ 106.661252614316879, -6.628339806136943, 0.0 ], [ 106.661243277555371, -6.62812051275127, 0.0 ], [ 106.661079157577234, -6.627914639049184, 0.0 ], [ 106.661061119874972, -6.627665271434982, 0.0 ], [ 106.661182994200004, -6.627537457987156, 0.0 ], [ 106.661245036629339, -6.627383996773819, 0.0 ], [ 106.661288157322744, -6.627183685378615, 0.0 ], [ 106.661149999872734, -6.626930000119238, 0.0 ], [ 106.66106999978085, -6.626839999566183, 0.0 ], [ 106.661029999734907, -6.626709999866378, 0.0 ], [ 106.661029999734907, -6.62656000014378, 0.0 ], [ 106.661029999734907, -6.626020000422486, 0.0 ], [ 106.660929999619967, -6.625829999754487, 0.0 ], [ 106.660679999782332, -6.625579999916944, 0.0 ], [ 106.660420000382899, -6.62549000026317, 0.0 ], [ 106.660300000244987, -6.625450000217228, 0.0 ], [ 106.660169999645902, -6.625350000102284, 0.0 ], [ 106.660109999576989, -6.625249999987339, 0.0 ], [ 106.660109999576989, -6.625160000333565, 0.0 ], [ 106.660220000153103, -6.625000000149708, 0.0 ], [ 106.660280000222016, -6.624920000057823, 0.0 ], [ 106.660300000244987, -6.624830000404049, 0.0 ], [ 106.660349999852727, -6.624690000243163, 0.0 ], [ 106.660409999921725, -6.624469999990392, 0.0 ], [ 106.660380000336957, -6.624300000244645, 0.0 ], [ 106.660380000336957, -6.624089999553675, 0.0 ], [ 106.660440693783229, -6.62386123091089, 0.0 ], [ 106.66051000003668, -6.623600000339582, 0.0 ], [ 106.66055999964442, -6.623320000017809, 0.0 ], [ 106.66055999964442, -6.623250000387007, 0.0 ], [ 106.660570000105594, -6.623110000226209, 0.0 ], [ 106.660687965977061, -6.622929118683754, 0.0 ], [ 106.660719999828274, -6.622880000411548, 0.0 ], [ 106.660799999920243, -6.622769999835434, 0.0 ], [ 106.660859999989157, -6.62249999997492, 0.0 ], [ 106.660819999943214, -6.622339999790974, 0.0 ], [ 106.660750000312419, -6.622219999653147, 0.0 ], [ 106.660969999665994, -6.621610000301139, 0.0 ], [ 106.661029999734907, -6.621450000117282, 0.0 ], [ 106.661049999757878, -6.621340000440536, 0.0 ], [ 106.661209999941732, -6.621120000187677, 0.0 ], [ 106.661339999641456, -6.620830000304103, 0.0 ], [ 106.661349875096846, -6.620767461449031, 0.0 ], [ 106.661399999710369, -6.620449999867475, 0.0 ], [ 106.661399999710369, -6.62034000019073, 0.0 ], [ 106.661339999641456, -6.620200000029755, 0.0 ], [ 106.661270000010646, -6.620050000307156, 0.0 ], [ 106.661229999964704, -6.61991999970807, 0.0 ], [ 106.661200000379935, -6.619859999639157, 0.0 ], [ 106.661180000356964, -6.619640000285667, 0.0 ], [ 106.661120000287966, -6.619390000448035, 0.0 ], [ 106.661120000287966, -6.619310000356062, 0.0 ], [ 106.661209999941732, -6.619010000011318, 0.0 ], [ 106.661240000425877, -6.618880000311602, 0.0 ], [ 106.661299999595514, -6.618729999689545, 0.0 ], [ 106.661270000010646, -6.61864000003586, 0.0 ], [ 106.661257608252185, -6.618586300617082, 0.0 ], [ 106.661240000425877, -6.618510000336055, 0.0 ], [ 106.661299999595514, -6.618299999645085, 0.0 ], [ 106.661370000125601, -6.618169999945369, 0.0 ], [ 106.661484738330131, -6.617969209211463, 0.0 ], [ 106.661490000263512, -6.617960000153769, 0.0 ], [ 106.66163000042431, -6.617490000063277, 0.0 ], [ 106.661760000124104, -6.617570000155251, 0.0 ], [ 106.66188000026203, -6.617639999785965, 0.0 ], [ 106.661989999938683, -6.617679999831996, 0.0 ], [ 106.662090000053624, -6.617730000339108, 0.0 ], [ 106.662179999707405, -6.61775999992388, 0.0 ], [ 106.662290000283434, -6.617779999946851, 0.0 ], [ 106.662390000398375, -6.617790000408021, 0.0 ], [ 106.662500000075113, -6.617790000408021, 0.0 ], [ 106.662609999751865, -6.617790000408021, 0.0 ], [ 106.662729999889777, -6.617790000408021, 0.0 ], [ 106.6628599995895, -6.617779999946851, 0.0 ], [ 106.662990000188486, -6.61777000038505, 0.0 ], [ 106.66311999988821, -6.617750000362079, 0.0 ], [ 106.663260000049178, -6.617730000339108, 0.0 ], [ 106.663389999748901, -6.617710000316137, 0.0 ], [ 106.663520000347887, -6.617679999831996, 0.0 ], [ 106.66365000004761, -6.617670000270195, 0.0 ], [ 106.663685620395256, -6.617664062945963, 0.0 ], [ 106.663770000185522, -6.617650000247224, 0.0 ], [ 106.663890000323448, -6.617619999762994, 0.0 ], [ 106.664009999561983, -6.617599999740023, 0.0 ], [ 106.664120000138098, -6.617570000155251, 0.0 ], [ 106.66422999981485, -6.617550000132191, 0.0 ], [ 106.664320000367894, -6.617519999648138, 0.0 ], [ 106.664410000021675, -6.617499999625167, 0.0 ], [ 106.664499999675357, -6.617479999602196, 0.0 ], [ 106.6645900002285, -6.617459999579225, 0.0 ], [ 106.664670000320385, -6.617450000017335, 0.0 ], [ 106.66477000043534, -6.617429999994364, 0.0 ], [ 106.664830336850756, -6.617423296447846, 0.0 ], [ 106.664860000089107, -6.617420000432475, 0.0 ], [ 106.664969999765844, -6.617409999971393, 0.0 ], [ 106.66508999990377, -6.617389999948422, 0.0 ], [ 106.665250000087624, -6.617380000386532, 0.0 ], [ 106.665399999810319, -6.617369999925451, 0.0 ], [ 106.665580000017144, -6.617360000363561, 0.0 ], [ 106.665769999785851, -6.617349999902391, 0.0 ], [ 106.665959999554488, -6.61734000034059, 0.0 ], [ 106.666150000222487, -6.61732999987942, 0.0 ], [ 106.666339999991209, -6.617320000317619, 0.0 ], [ 106.666384555103335, -6.617320000317619, 0.0 ], [ 106.66650999973686, -6.617320000317619, 0.0 ], [ 106.666669999920714, -6.617309999856449, 0.0 ], [ 106.666810000081611, -6.617309999856449, 0.0 ], [ 106.666930000219523, -6.617309999856449, 0.0 ], [ 106.667030000334378, -6.617309999856449, 0.0 ], [ 106.667130000449319, -6.617309999856449, 0.0 ], [ 106.667209999641926, -6.617309999856449, 0.0 ], [ 106.667289999733896, -6.617309999856449, 0.0 ], [ 106.66736999982578, -6.617320000317619, 0.0 ], [ 106.66744999991775, -6.617320000317619, 0.0 ], [ 106.66749752099399, -6.617320000317619, 0.0 ], [ 106.667539999571531, -6.617320000317619, 0.0 ], [ 106.667630000124589, -6.61732999987942, 0.0 ], [ 106.66773000023953, -6.61732999987942, 0.0 ], [ 106.667839999916183, -6.61732999987942, 0.0 ], [ 106.667960000054109, -6.61734000034059, 0.0 ], [ 106.66808000019202, -6.61734000034059, 0.0 ], [ 106.668209999891729, -6.61732999987942, 0.0 ], [ 106.668350000052612, -6.61732999987942, 0.0 ], [ 106.668499999775307, -6.617320000317619, 0.0 ], [ 106.66865999995926, -6.617309999856449, 0.0 ], [ 106.668820000143029, -6.617300000294648, 0.0 ], [ 106.669099313382759, -6.617904017356349, 0.0 ], [ 106.669114148599277, -6.617902362603747, 0.0 ], [ 106.67018470965678, -6.61778299378998, 0.0 ], [ 106.670194093183085, -6.618391857298214, 0.0 ], [ 106.670585005993388, -6.618343346967706, 0.0 ], [ 106.670619433840002, -6.618339075188064, 0.0 ], [ 106.671781309360057, -6.618181891680788, 0.0 ], [ 106.672621390365094, -6.618068242555211, 0.0 ], [ 106.672524609823114, -6.61765041213668, 0.0 ], [ 106.67293525106119, -6.617590341920589, 0.0 ] ] ] ] } },
{ "type": "Feature", "properties": { "PROVNO": "32", "KABKOTNO": "01", "KECNO": "030", "DESANO": "015", "PROVINSI": "JAWA BARAT", "KABKOT": "BOGOR", "KECAMATAN": "PAMIJAHAN", "ID2013": "3201030015", "DESA": "CIMAYANG", "DESA_1": "CIMAYANG", "ID2012": "3201030015", "IDKAB2": "3201", "IDKEC_2": "3201030", "WILAYAH": "BARAT" }, "geometry": { "type": "MultiPolygon", "coordinates": [ [ [ [ 106.668519999798278, -6.601330000379093, 0.0 ], [ 106.668410000121625, -6.60146000007872, 0.0 ], [ 106.668319999568482, -6.601729999939412, 0.0 ], [ 106.668311191608339, -6.601768168965663, 0.0 ], [ 106.668289999983699, -6.601859999639128, 0.0 ], [ 106.668383588831759, -6.602449612259633, 0.0 ], [ 106.668390000098654, -6.602489999913388, 0.0 ], [ 106.668419999683422, -6.602810000281103, 0.0 ], [ 106.668490000213509, -6.603280000371594, 0.0 ], [ 106.668490000213509, -6.60339999961014, 0.0 ], [ 106.668482809234405, -6.603666052346249, 0.0 ], [ 106.668479999752336, -6.603769999585687, 0.0 ], [ 106.668439999706393, -6.603900000184684, 0.0 ], [ 106.66831000000667, -6.604080000391512, 0.0 ], [ 106.668149999822816, -6.604299999745002, 0.0 ], [ 106.667969999615991, -6.604979999627094, 0.0 ], [ 106.667940000031138, -6.605119999787981, 0.0 ], [ 106.667920000008166, -6.605290000433008, 0.0 ], [ 106.66796816230098, -6.60555489214433, 0.0 ], [ 106.667980000077165, -6.605620000362613, 0.0 ], [ 106.667969999615991, -6.60575999962413, 0.0 ], [ 106.667940000031138, -6.606059999968874, 0.0 ], [ 106.667969999615991, -6.606280000221645, 0.0 ], [ 106.668289999983699, -6.606440000405502, 0.0 ], [ 106.668399999660451, -6.606490000013334, 0.0 ], [ 106.668869999750854, -6.606799999919879, 0.0 ], [ 106.668915675418276, -6.606834255995988, 0.0 ], [ 106.668949999842738, -6.606859999988881, 0.0 ], [ 106.668940000280941, -6.607049999757511, 0.0 ], [ 106.668650000397363, -6.60726000044848, 0.0 ], [ 106.668519999798278, -6.607359999664055, 0.0 ], [ 106.668370000075683, -6.607539999870973, 0.0 ], [ 106.668339999591453, -6.607660000008799, 0.0 ], [ 106.668345527724156, -6.607683216007434, 0.0 ], [ 106.668390000098654, -6.607869999800489, 0.0 ], [ 106.668430000144596, -6.608029999984346, 0.0 ], [ 106.668510000236481, -6.608290000283148, 0.0 ], [ 106.668599999890247, -6.608560000143751, 0.0 ], [ 106.668869999750854, -6.608839999566154, 0.0 ], [ 106.669230000164504, -6.608959999704069, 0.0 ], [ 106.669720000277977, -6.609039999795954, 0.0 ], [ 106.669809999931744, -6.609070000280184, 0.0 ], [ 106.669907716667964, -6.609167717016398, 0.0 ], [ 106.669910000046599, -6.609170000395039, 0.0 ], [ 106.670070000230552, -6.609469999840503, 0.0 ], [ 106.670199999930176, -6.609690000093273, 0.0 ], [ 106.670230000414321, -6.609790000208218, 0.0 ], [ 106.670179999907205, -6.609979999976847, 0.0 ], [ 106.670199999930176, -6.610200000229707, 0.0 ], [ 106.670219999953147, -6.610289999883392, 0.0 ], [ 106.670300000045117, -6.610369999975365, 0.0 ], [ 106.670469999790868, -6.610430000044278, 0.0 ], [ 106.670589999928694, -6.610430000044278, 0.0 ], [ 106.670750000112633, -6.610360000413564, 0.0 ], [ 106.67087000025046, -6.61024999983745, 0.0 ], [ 106.670950000342444, -6.61004000004576, 0.0 ], [ 106.670990000388386, -6.609959999953876, 0.0 ], [ 106.671129999649992, -6.609919999907934, 0.0 ], [ 106.671240000226021, -6.609930000369015, 0.0 ], [ 106.671340000340962, -6.609979999976847, 0.0 ], [ 106.671380000386904, -6.610100000114763, 0.0 ], [ 106.671340000340962, -6.610309999906363, 0.0 ], [ 106.671240000226021, -6.61049000011328, 0.0 ], [ 106.671089999603964, -6.610809999581626, 0.0 ], [ 106.671039999996211, -6.611029999834486, 0.0 ], [ 106.671080000042153, -6.611129999949341, 0.0 ], [ 106.671120000088095, -6.611190000018343, 0.0 ], [ 106.671630000224525, -6.611179999557173, 0.0 ], [ 106.671920000108102, -6.611210000041314, 0.0 ], [ 106.672030291165186, -6.611239410570171, 0.0 ], [ 106.672069999830796, -6.611250000087256, 0.0 ], [ 106.672140000360884, -6.611290000133199, 0.0 ], [ 106.672169999945737, -6.611450000317145, 0.0 ], [ 106.672169999945737, -6.611589999578662, 0.0 ], [ 106.672129999899795, -6.61197000001529, 0.0 ], [ 106.672100000314941, -6.612310000405976, 0.0 ], [ 106.672120000337912, -6.612580000266668, 0.0 ], [ 106.672219999553562, -6.612870000150242, 0.0 ], [ 106.672370000175533, -6.613090000403012, 0.0 ], [ 106.672458406230632, -6.613257972177546, 0.0 ], [ 106.672470000290474, -6.613280000171731, 0.0 ], [ 106.672680000082082, -6.613750000262133, 0.0 ], [ 106.67280999978189, -6.614269999960367, 0.0 ], [ 106.67280999978189, -6.614441450312505, 0.0 ], [ 106.67280999978189, -6.614499999775028, 0.0 ], [ 106.672760000174051, -6.614639999935914, 0.0 ], [ 106.672689999643879, -6.61476999963563, 0.0 ], [ 106.672439999806343, -6.615049999957403, 0.0 ], [ 106.67231000010662, -6.615139999611088, 0.0 ], [ 106.672140000360884, -6.61519000011829, 0.0 ], [ 106.671779999947219, -6.615370000325029, 0.0 ], [ 106.671639999786336, -6.615509999586635, 0.0 ], [ 106.671639999786336, -6.615609999701579, 0.0 ], [ 106.671710000316409, -6.615680000231663, 0.0 ], [ 106.672069999830796, -6.615769999885437, 0.0 ], [ 106.672330000129591, -6.615860000438492, 0.0 ], [ 106.672470000290474, -6.615899999585153, 0.0 ], [ 106.672640000036139, -6.61603999974604, 0.0 ], [ 106.672909999896746, -6.616449999767529, 0.0 ], [ 106.67298999998863, -6.616620000412556, 0.0 ], [ 106.67293525106119, -6.617590341920589, 0.0 ], [ 106.672524609823114, -6.61765041213668, 0.0 ], [ 106.672621390365094, -6.618068242555211, 0.0 ], [ 106.671781309360057, -6.618181891680788, 0.0 ], [ 106.670619433840002, -6.618339075188064, 0.0 ], [ 106.670585005993388, -6.618343346967706, 0.0 ], [ 106.670194093183085, -6.618391857298214, 0.0 ], [ 106.67018470965678, -6.61778299378998, 0.0 ], [ 106.669114148599277, -6.617902362603747, 0.0 ], [ 106.669099313382759, -6.617904017356349, 0.0 ], [ 106.668820000143029, -6.617300000294648, 0.0 ], [ 106.66865999995926, -6.617309999856449, 0.0 ], [ 106.668499999775307, -6.617320000317619, 0.0 ], [ 106.668350000052612, -6.61732999987942, 0.0 ], [ 106.668209999891729, -6.61732999987942, 0.0 ], [ 106.66808000019202, -6.61734000034059, 0.0 ], [ 106.667960000054109, -6.61734000034059, 0.0 ], [ 106.667839999916183, -6.61732999987942, 0.0 ], [ 106.66773000023953, -6.61732999987942, 0.0 ], [ 106.667630000124589, -6.61732999987942, 0.0 ], [ 106.667539999571531, -6.617320000317619, 0.0 ], [ 106.66749752099399, -6.617320000317619, 0.0 ], [ 106.66744999991775, -6.617320000317619, 0.0 ], [ 106.66736999982578, -6.617320000317619, 0.0 ], [ 106.667289999733896, -6.617309999856449, 0.0 ], [ 106.667209999641926, -6.617309999856449, 0.0 ], [ 106.667130000449319, -6.617309999856449, 0.0 ], [ 106.667030000334378, -6.617309999856449, 0.0 ], [ 106.666930000219523, -6.617309999856449, 0.0 ], [ 106.666810000081611, -6.617309999856449, 0.0 ], [ 106.666669999920714, -6.617309999856449, 0.0 ], [ 106.66650999973686, -6.617320000317619, 0.0 ], [ 106.666384555103335, -6.617320000317619, 0.0 ], [ 106.666339999991209, -6.617320000317619, 0.0 ], [ 106.666150000222487, -6.61732999987942, 0.0 ], [ 106.665959999554488, -6.61734000034059, 0.0 ], [ 106.665769999785851, -6.617349999902391, 0.0 ], [ 106.665580000017144, -6.617360000363561, 0.0 ], [ 106.665399999810319, -6.617369999925451, 0.0 ], [ 106.665250000087624, -6.617380000386532, 0.0 ], [ 106.66508999990377, -6.617389999948422, 0.0 ], [ 106.664969999765844, -6.617409999971393, 0.0 ], [ 106.664860000089107, -6.617420000432475, 0.0 ], [ 106.664830336850756, -6.617423296447846, 0.0 ], [ 106.66477000043534, -6.617429999994364, 0.0 ], [ 106.664670000320385, -6.617450000017335, 0.0 ], [ 106.6645900002285, -6.617459999579225, 0.0 ], [ 106.664499999675357, -6.617479999602196, 0.0 ], [ 106.664410000021675, -6.617499999625167, 0.0 ], [ 106.664320000367894, -6.617519999648138, 0.0 ], [ 106.66422999981485, -6.617550000132191, 0.0 ], [ 106.664120000138098, -6.617570000155251, 0.0 ], [ 106.664009999561983, -6.617599999740023, 0.0 ], [ 106.663890000323448, -6.617619999762994, 0.0 ], [ 106.663770000185522, -6.617650000247224, 0.0 ], [ 106.663685620395256, -6.617664062945963, 0.0 ], [ 106.66365000004761, -6.617670000270195, 0.0 ], [ 106.663520000347887, -6.617679999831996, 0.0 ], [ 106.663389999748901, -6.617710000316137, 0.0 ], [ 106.663260000049178, -6.617730000339108, 0.0 ], [ 106.66311999988821, -6.617750000362079, 0.0 ], [ 106.662990000188486, -6.61777000038505, 0.0 ], [ 106.6628599995895, -6.617779999946851, 0.0 ], [ 106.662729999889777, -6.617790000408021, 0.0 ], [ 106.662609999751865, -6.617790000408021, 0.0 ], [ 106.662500000075113, -6.617790000408021, 0.0 ], [ 106.662390000398375, -6.617790000408021, 0.0 ], [ 106.662290000283434, -6.617779999946851, 0.0 ], [ 106.662179999707405, -6.61775999992388, 0.0 ], [ 106.662090000053624, -6.617730000339108, 0.0 ], [ 106.661989999938683, -6.617679999831996, 0.0 ], [ 106.66188000026203, -6.617639999785965, 0.0 ], [ 106.661760000124104, -6.617570000155251, 0.0 ], [ 106.66163000042431, -6.617490000063277, 0.0 ], [ 106.661700000055106, -6.61734000034059, 0.0 ], [ 106.661769999685916, -6.61710000006476, 0.0 ], [ 106.661769999685916, -6.616879999811989, 0.0 ], [ 106.661720000078077, -6.616810000181186, 0.0 ], [ 106.661720000078077, -6.616750000112273, 0.0 ], [ 106.661769999685916, -6.616620000412556, 0.0 ], [ 106.661869999800857, -6.616420000182668, 0.0 ], [ 106.661960000353915, -6.616300000044841, 0.0 ], [ 106.662000000399857, -6.616199999929897, 0.0 ], [ 106.662000000399857, -6.615979999677126, 0.0 ], [ 106.661940000330944, -6.615640000185721, 0.0 ], [ 106.661940000330944, -6.615540000070776, 0.0 ], [ 106.661960000353915, -6.615219999703061, 0.0 ], [ 106.661949999892741, -6.615000000349571, 0.0 ], [ 106.661920000307973, -6.614860000188685, 0.0 ], [ 106.661829999754829, -6.61435000005234, 0.0 ], [ 106.661680000032135, -6.614100000214709, 0.0 ], [ 106.661682051385711, -6.614087696589745, 0.0 ], [ 106.661700000055106, -6.613980000076793, 0.0 ], [ 106.661740000101048, -6.613910000445991, 0.0 ], [ 106.66184488982995, -6.613702694123926, 0.0 ], [ 106.661899098264939, -6.613595556989207, 0.0 ], [ 106.662067960368262, -6.613472420915336, 0.0 ], [ 106.6621961578266, -6.613407789337824, 0.0 ], [ 106.662294957346631, -6.613279051386947, 0.0 ], [ 106.662259999799375, -6.613149999572645, 0.0 ], [ 106.662199999730376, -6.613090000403012, 0.0 ], [ 106.662090000053624, -6.612970000265097, 0.0 ], [ 106.662009999961654, -6.612819999643129, 0.0 ], [ 106.661983258620609, -6.612579684604594, 0.0 ], [ 106.662023318021909, -6.612340244606454, 0.0 ], [ 106.662180017693814, -6.61207123220148, 0.0 ], [ 106.662270000260463, -6.61197000001529, 0.0 ], [ 106.662370000375404, -6.611949999992319, 0.0 ], [ 106.662489999613939, -6.611920000407547, 0.0 ], [ 106.662593678855401, -6.611842217144428, 0.0 ], [ 106.662593171637752, -6.611690463743738, 0.0 ], [ 106.662505208049083, -6.611568185623131, 0.0 ], [ 106.66235999991423, -6.611479999901917, 0.0 ], [ 106.662230000214521, -6.611419999832915, 0.0 ], [ 106.661973170925208, -6.611307311183303, 0.0 ], [ 106.661902834947995, -6.611219995106534, 0.0 ], [ 106.66189005018586, -6.610887343975627, 0.0 ], [ 106.661825493252095, -6.610782499212799, 0.0 ], [ 106.661639999986193, -6.610519999698052, 0.0 ], [ 106.661514401568482, -6.610264067932228, 0.0 ], [ 106.661467044168973, -6.610065778212917, 0.0 ], [ 106.661452875350136, -6.60996121583727, 0.0 ], [ 106.661450000217485, -6.609939999930905, 0.0 ], [ 106.661501207614819, -6.609808847300283, 0.0 ], [ 106.661664563169239, -6.609784955011513, 0.0 ], [ 106.661740384111653, -6.609767191602458, 0.0 ], [ 106.6617927597283, -6.609720323434001, 0.0 ], [ 106.661973139448975, -6.609550454989357, 0.0 ], [ 106.662070000030653, -6.609509999886445, 0.0 ], [ 106.662060812556589, -6.60937219227268, 0.0 ], [ 106.662059999569493, -6.609360000163669, 0.0 ], [ 106.661909999846799, -6.608800000419492, 0.0 ], [ 106.661917625198441, -6.608657620652494, 0.0 ], [ 106.662063352242114, -6.608598767219167, 0.0 ], [ 106.662098061576458, -6.608505262907407, 0.0 ], [ 106.662103176920255, -6.60828928712073, 0.0 ], [ 106.662184309258606, -6.60811391392583, 0.0 ], [ 106.662189659325492, -6.607967978239451, 0.0 ], [ 106.662229347306749, -6.607617641940458, 0.0 ], [ 106.662176465371729, -6.607512756708225, 0.0 ], [ 106.662065486333333, -6.607489780828626, 0.0 ], [ 106.66187251790258, -6.607385364143017, 0.0 ], [ 106.661767143439121, -6.607292328378058, 0.0 ], [ 106.66167908272368, -6.60714086725708, 0.0 ], [ 106.661508966066123, -6.606849287264662, 0.0 ], [ 106.661485356164448, -6.606808819571199, 0.0 ], [ 106.661426421792129, -6.606639750623824, 0.0 ], [ 106.661479999802339, -6.606539999621166, 0.0 ], [ 106.661542633985604, -6.606481772115949, 0.0 ], [ 106.661559999894308, -6.606369999875419, 0.0 ], [ 106.66175752608909, -6.606160034258082, 0.0 ], [ 106.661657676160942, -6.605973592207395, 0.0 ], [ 106.66158730331162, -6.605874602031161, 0.0 ], [ 106.661539999871252, -6.605790000108271, 0.0 ], [ 106.661479999802339, -6.605689999993327, 0.0 ], [ 106.661370000125601, -6.605489999763527, 0.0 ], [ 106.661379999687398, -6.605360000063811, 0.0 ], [ 106.661450000217485, -6.605199999879954, 0.0 ], [ 106.661530000309455, -6.605030000134295, 0.0 ], [ 106.661610000401339, -6.604849999927378, 0.0 ], [ 106.661680000032135, -6.60468999974352, 0.0 ], [ 106.661727007595488, -6.604560727595334, 0.0 ], [ 106.661800000170047, -6.604359999814005, 0.0 ], [ 106.661949999892741, -6.603849999677571, 0.0 ], [ 106.661909999846799, -6.603780000046768, 0.0 ], [ 106.661760000124104, -6.603630000324081, 0.0 ], [ 106.661510000286484, -6.60341000007131, 0.0 ], [ 106.661379999687398, -6.603280000371594, 0.0 ], [ 106.661390000148572, -6.603189999818451, 0.0 ], [ 106.661490000263512, -6.603000000049821, 0.0 ], [ 106.661570000355397, -6.602930000419018, 0.0 ], [ 106.66188000026203, -6.602770000235161, 0.0 ], [ 106.662059999569493, -6.602630000074274, 0.0 ], [ 106.662130000099566, -6.602579999567162, 0.0 ], [ 106.662179999707405, -6.602500000374558, 0.0 ], [ 106.662139999661377, -6.602269999660617, 0.0 ], [ 106.662156207243314, -6.602059311887523, 0.0 ], [ 106.662159999684434, -6.602010000261185, 0.0 ], [ 106.662219999753347, -6.601939999731012, 0.0 ], [ 106.662360688794919, -6.601852069417316, 0.0 ], [ 106.662379999937201, -6.601839999616157, 0.0 ], [ 106.66250999963691, -6.601780000446524, 0.0 ], [ 106.662500000075113, -6.601720000377522, 0.0 ], [ 106.662419999983143, -6.601509999686552, 0.0 ], [ 106.662350000352433, -6.601339999940894, 0.0 ], [ 106.662239999776318, -6.60105000005732, 0.0 ], [ 106.662239999776318, -6.600960000403546, 0.0 ], [ 106.662299999845317, -6.600840000265631, 0.0 ], [ 106.662379999937201, -6.600869999850403, 0.0 ], [ 106.662500000075113, -6.600949999942376, 0.0 ], [ 106.662669999820864, -6.601070000080291, 0.0 ], [ 106.662800000419864, -6.601119999688123, 0.0 ], [ 106.66284673728731, -6.601106646554324, 0.0 ], [ 106.66293999968147, -6.601079999642092, 0.0 ], [ 106.66311999988821, -6.600969999965347, 0.0 ], [ 106.663249999588004, -6.600949999942376, 0.0 ], [ 106.663409999771872, -6.600989999988407, 0.0 ], [ 106.663540000370958, -6.601270000310091, 0.0 ], [ 106.6635800004169, -6.601330000379093, 0.0 ], [ 106.66373000013958, -6.601390000448006, 0.0 ], [ 106.66402999958504, -6.601370000425035, 0.0 ], [ 106.664129999699895, -6.601390000448006, 0.0 ], [ 106.664260000298981, -6.601520000147723, 0.0 ], [ 106.664499999675357, -6.601540000170694, 0.0 ], [ 106.664741927198349, -6.601513119434745, 0.0 ], [ 106.66477000043534, -6.601509999686552, 0.0 ], [ 106.665069999880799, -6.601429999594668, 0.0 ], [ 106.66541999983329, -6.601279999871981, 0.0 ], [ 106.665820000292968, -6.601070000080291, 0.0 ], [ 106.666070000130603, -6.600920000357604, 0.0 ], [ 106.666270000360399, -6.600769999735547, 0.0 ], [ 106.666469999690918, -6.600599999989889, 0.0 ], [ 106.666669999920714, -6.6003900001982, 0.0 ], [ 106.666979999827262, -6.600009999761571, 0.0 ], [ 106.667149999573013, -6.599860000038795, 0.0 ], [ 106.667320000218041, -6.599650000247195, 0.0 ], [ 106.667530000009634, -6.599519999648109, 0.0 ], [ 106.667739999801327, -6.599459999579196, 0.0 ], [ 106.667879999962224, -6.599459999579196, 0.0 ], [ 106.667989999638962, -6.599570000155222, 0.0 ], [ 106.667949999592935, -6.599710000316108, 0.0 ], [ 106.667969999615991, -6.599799999969882, 0.0 ], [ 106.668140000260934, -6.600080000291566, 0.0 ], [ 106.66837999963748, -6.600270000060284, 0.0 ], [ 106.668430000144596, -6.600370000175229, 0.0 ], [ 106.668419999683422, -6.600479999851885, 0.0 ], [ 106.668419999683422, -6.600789999758518, 0.0 ], [ 106.668519999798278, -6.601330000379093, 0.0 ] ] ] ] } },
{ "type": "Feature", "properties": { "PROVNO": "32", "KABKOTNO": "01", "KECNO": "030", "DESANO": "007", "PROVINSI": "JAWA BARAT", "KABKOT": "BOGOR", "KECAMATAN": "PAMIJAHAN", "ID2013": "3201030007", "DESA": "GUNUNG BUNDER 1", "DESA_1": "GUNUNG BUNDER 1", "ID2012": "3201030007", "IDKAB2": "3201", "IDKEC_2": "3201030", "WILAYAH": "BARAT" }, "geometry": { "type": "MultiPolygon", "coordinates": [ [ [ [ 106.687339999841285, -6.633569999655577, 0.0 ], [ 106.687509999587036, -6.633930000069324, 0.0 ], [ 106.687609999701891, -6.634629999974386, 0.0 ], [ 106.687310000256517, -6.635519999648167, 0.0 ], [ 106.687270000210475, -6.636069999830454, 0.0 ], [ 106.687513905342655, -6.636557809195356, 0.0 ], [ 106.687569999655949, -6.636669999620572, 0.0 ], [ 106.687989254600581, -6.637806826323835, 0.0 ], [ 106.688090000253553, -6.638079999891957, 0.0 ], [ 106.688039999746351, -6.638449999867415, 0.0 ], [ 106.687963353226365, -6.638638134442179, 0.0 ], [ 106.687820000392861, -6.63898999958862, 0.0 ], [ 106.68801999972338, -6.639399999610109, 0.0 ], [ 106.688026887630954, -6.639405927041722, 0.0 ], [ 106.68844999976784, -6.639769999585656, 0.0 ], [ 106.688645852324413, -6.640118182008372, 0.0 ], [ 106.688719999628432, -6.640250000137229, 0.0 ], [ 106.688770000135548, -6.641250000387036, 0.0 ], [ 106.68889000027346, -6.642070000430014, 0.0 ], [ 106.689069999580923, -6.642819999942908, 0.0 ], [ 106.689089999603993, -6.643189999918366, 0.0 ], [ 106.68867999958249, -6.643570000355083, 0.0 ], [ 106.68848613632629, -6.64385720604507, 0.0 ], [ 106.688409999721898, -6.643969999915402, 0.0 ], [ 106.688409999721898, -6.644319999867978, 0.0 ], [ 106.688549999882781, -6.644600000189751, 0.0 ], [ 106.688659999559519, -6.644850000027294, 0.0 ], [ 106.688739999651403, -6.645249999587612, 0.0 ], [ 106.688500000274956, -6.645750000162156, 0.0 ], [ 106.688489999813868, -6.64587000030016, 0.0 ], [ 106.68895999990427, -6.646539999720993, 0.0 ], [ 106.689010000411386, -6.646800000019795, 0.0 ], [ 106.689100000065153, -6.647219999603085, 0.0 ], [ 106.689300000294963, -6.648250000337121, 0.0 ], [ 106.689129999649936, -6.648739999551214, 0.0 ], [ 106.688919999858328, -6.649249999687559, 0.0 ], [ 106.688990000388415, -6.649400000309615, 0.0 ], [ 106.689490000063671, -6.649960000053792, 0.0 ], [ 106.689680667129281, -6.650145058947157, 0.0 ], [ 106.689829999554988, -6.650289999983308, 0.0 ], [ 106.689940000131017, -6.651170000095288, 0.0 ], [ 106.689929999669943, -6.651520000047775, 0.0 ], [ 106.690200000429826, -6.651809999931437, 0.0 ], [ 106.690439999806273, -6.65225999999878, 0.0 ], [ 106.690559999944284, -6.653269999810476, 0.0 ], [ 106.691059999619455, -6.654060000268682, 0.0 ], [ 106.691339999941235, -6.654490000313142, 0.0 ], [ 106.691839999616491, -6.655170000195234, 0.0 ], [ 106.691990000238462, -6.655629999824466, 0.0 ], [ 106.691999999800345, -6.656159999983871, 0.0 ], [ 106.692130000399345, -6.656799999819931, 0.0 ], [ 106.692320000168067, -6.657610000301108, 0.0 ], [ 106.692489999913732, -6.658159999584115, 0.0 ], [ 106.69281000028144, -6.658680000181718, 0.0 ], [ 106.693040000096104, -6.659010000111234, 0.0 ], [ 106.69123999982628, -6.659019999673124, 0.0 ], [ 106.690557371225879, -6.65904250430799, 0.0 ], [ 106.690330000129535, -6.659050000157176, 0.0 ], [ 106.688859999789329, -6.659079999742037, 0.0 ], [ 106.686920000257999, -6.659110000226178, 0.0 ], [ 106.687069999980679, -6.658620000112805, 0.0 ], [ 106.687093687224049, -6.658501562996513, 0.0 ], [ 106.687099999565447, -6.658470000390029, 0.0 ], [ 106.687103830677415, -6.658378067193862, 0.0 ], [ 106.687110000026706, -6.658230000114287, 0.0 ], [ 106.68709000000365, -6.658009999861427, 0.0 ], [ 106.687049999957708, -6.657869999700541, 0.0 ], [ 106.687049999957708, -6.657399999610139, 0.0 ], [ 106.687049999957708, -6.657160000233677, 0.0 ], [ 106.687009999911766, -6.656890000373075, 0.0 ], [ 106.686929999819796, -6.656739999751018, 0.0 ], [ 106.686339999591482, -6.65656000044347, 0.0 ], [ 106.686289999983643, -6.656489999913386, 0.0 ], [ 106.686280000421846, -6.656429999844473, 0.0 ], [ 106.686260000398875, -6.656320000167728, 0.0 ], [ 106.686189999868787, -6.655870000100297, 0.0 ], [ 106.686100000215021, -6.655680000331579, 0.0 ], [ 106.685910000446299, -6.655469999640609, 0.0 ], [ 106.685830000354414, -6.655379999986835, 0.0 ], [ 106.685729281681191, -6.655239132879522, 0.0 ], [ 106.685590723133529, -6.655045339770496, 0.0 ], [ 106.685578130826244, -6.655045382937921, 0.0 ], [ 106.685193902676687, -6.655046693250135, 0.0 ], [ 106.684508205589395, -6.654701856305447, 0.0 ], [ 106.683872956871681, -6.654604826651269, 0.0 ], [ 106.683650794648656, -6.654598301170491, 0.0 ], [ 106.68326774011426, -6.654587049752383, 0.0 ], [ 106.682425206658095, -6.654798223159322, 0.0 ], [ 106.68210835931356, -6.6549778483488, 0.0 ], [ 106.681792287184464, -6.655385615353673, 0.0 ], [ 106.68148769939792, -6.656341457991779, 0.0 ], [ 106.681263980448506, -6.656822231960327, 0.0 ], [ 106.680968681759452, -6.657077846265427, 0.0 ], [ 106.680469584104159, -6.65734421466361, 0.0 ], [ 106.679170851553764, -6.657621363235169, 0.0 ], [ 106.678863599075996, -6.657686930107545, 0.0 ], [ 106.678566140215338, -6.657735294747926, 0.0 ], [ 106.677508378309184, -6.657907280196653, 0.0 ], [ 106.674969999565988, -6.658319999768061, 0.0 ], [ 106.674480000351892, -6.658179999607086, 0.0 ], [ 106.6740799998922, -6.657869999700541, 0.0 ], [ 106.673890000123578, -6.657740000000825, 0.0 ], [ 106.673729999939724, -6.657579999816967, 0.0 ], [ 106.673700000354955, -6.657530000209224, 0.0 ], [ 106.673409999572002, -6.657100000164675, 0.0 ], [ 106.673299999895264, -6.656939999980906, 0.0 ], [ 106.672709999666949, -6.656220000052784, 0.0 ], [ 106.672640000036139, -6.656159999983871, 0.0 ], [ 106.672470000290474, -6.656059999868926, 0.0 ], [ 106.672430000244532, -6.655950000192181, 0.0 ], [ 106.672330000129591, -6.655799999570124, 0.0 ], [ 106.672219999553562, -6.65570000035455, 0.0 ], [ 106.672049999807825, -6.655640000285636, 0.0 ], [ 106.671920000108102, -6.655580000216634, 0.0 ], [ 106.671843045120653, -6.655508963667547, 0.0 ], [ 106.671790000408393, -6.655460000078808, 0.0 ], [ 106.671690000293438, -6.655279999871979, 0.0 ], [ 106.671590000178497, -6.655079999642091, 0.0 ], [ 106.671249999787818, -6.654609999551688, 0.0 ], [ 106.671030000434413, -6.654559999943856, 0.0 ], [ 106.670719999628403, -6.654539999920885, 0.0 ], [ 106.670640000435895, -6.654490000313142, 0.0 ], [ 106.670580000366897, -6.654410000221169, 0.0 ], [ 106.670540000320955, -6.654279999622172, 0.0 ], [ 106.670569999905723, -6.653889999623654, 0.0 ], [ 106.670819999743358, -6.653550000132249, 0.0 ], [ 106.670770000135605, -6.653309999856418, 0.0 ], [ 106.670810000181547, -6.653160000133731, 0.0 ], [ 106.670930000319473, -6.6529199998579, 0.0 ], [ 106.671129999649992, -6.652420000182726, 0.0 ], [ 106.671129999649992, -6.65228999958364, 0.0 ], [ 106.671080000042153, -6.65205999976898, 0.0 ], [ 106.67093999988127, -6.651800000369548, 0.0 ], [ 106.670879999812357, -6.651689999793522, 0.0 ], [ 106.670868472302388, -6.651672707629199, 0.0 ], [ 106.670739999651474, -6.651480000001833, 0.0 ], [ 106.670640000435895, -6.651330000279145, 0.0 ], [ 106.670589999928694, -6.65119999968006, 0.0 ], [ 106.670580000366897, -6.651040000395572, 0.0 ], [ 106.670620000412839, -6.650700000004885, 0.0 ], [ 106.671039999996211, -6.649630000124276, 0.0 ], [ 106.672804195557404, -6.649648407447941, 0.0 ], [ 106.672668250439585, -6.649065195302342, 0.0 ], [ 106.672351197150178, -6.648693099007144, 0.0 ], [ 106.671909999646942, -6.648259999898922, 0.0 ], [ 106.672189999968708, -6.647809999831491, 0.0 ], [ 106.672439999806343, -6.646940000180681, 0.0 ], [ 106.672700000105053, -6.645670000070272, 0.0 ], [ 106.672719623312204, -6.645574903059206, 0.0 ], [ 106.672803715319418, -6.64516738156923, 0.0 ], [ 106.672829999804861, -6.645039999796012, 0.0 ], [ 106.673210000241482, -6.64392999986946, 0.0 ], [ 106.67356999975587, -6.643350000102224, 0.0 ], [ 106.673614157367652, -6.643280672265064, 0.0 ], [ 106.674025000053831, -6.642635644319341, 0.0 ], [ 106.674491567432085, -6.64375725719152, 0.0 ], [ 106.674624143689428, -6.644075967931453, 0.0 ], [ 106.674782063741389, -6.644212558762455, 0.0 ], [ 106.674975313659957, -6.644283007154907, 0.0 ], [ 106.675152999911177, -6.644257012251167, 0.0 ], [ 106.675278833051891, -6.644176027401585, 0.0 ], [ 106.675335456166522, -6.644139585073585, 0.0 ], [ 106.675395976943008, -6.64401241194307, 0.0 ], [ 106.675390176315744, -6.643799126927998, 0.0 ], [ 106.675240976090322, -6.64167476997445, 0.0 ], [ 106.675240757555088, -6.641671659219508, 0.0 ], [ 106.675246300076907, -6.641657459823804, 0.0 ], [ 106.675512680166179, -6.640974958027748, 0.0 ], [ 106.675634477149615, -6.640944072610679, 0.0 ], [ 106.675751434880937, -6.640984307379707, 0.0 ], [ 106.676689131898115, -6.641905455971866, 0.0 ], [ 106.676771470227351, -6.641972911420559, 0.0 ], [ 106.677096601227333, -6.642239269926211, 0.0 ], [ 106.677534511708544, -6.642562822616007, 0.0 ], [ 106.677865416356042, -6.642785164703415, 0.0 ], [ 106.677874505803999, -6.642792077792006, 0.0 ], [ 106.678051209995544, -6.642926462586054, 0.0 ], [ 106.678508258049789, -6.643274053254835, 0.0 ], [ 106.67867752934464, -6.643370885957403, 0.0 ], [ 106.678796989889378, -6.643396529226244, 0.0 ], [ 106.678854092342647, -6.64331362342482, 0.0 ], [ 106.678889758555641, -6.643225192188709, 0.0 ], [ 106.678914933277682, -6.642520264898124, 0.0 ], [ 106.678920473101485, -6.642365137241182, 0.0 ], [ 106.678825794275198, -6.641405585798967, 0.0 ], [ 106.678796437705572, -6.641082300207781, 0.0 ], [ 106.678778308272427, -6.640882641720438, 0.0 ], [ 106.678818702221491, -6.639313189851705, 0.0 ], [ 106.678971819893817, -6.638635768325898, 0.0 ], [ 106.679023866358548, -6.638405504110558, 0.0 ], [ 106.679064766625814, -6.638224552421015, 0.0 ], [ 106.67914970759314, -6.638067789796445, 0.0 ], [ 106.679347171734804, -6.638078227328172, 0.0 ], [ 106.679641059387592, -6.638168020137893, 0.0 ], [ 106.679907325262988, -6.638308999660438, 0.0 ], [ 106.680008649179968, -6.638322341102967, 0.0 ], [ 106.680095339328631, -6.638333756197703, 0.0 ], [ 106.680288087425495, -6.638256921719368, 0.0 ], [ 106.680361607902043, -6.638164388675385, 0.0 ], [ 106.680394059938038, -6.638053415032932, 0.0 ], [ 106.680386879750841, -6.63743383969976, 0.0 ], [ 106.680401394808712, -6.636891520627, 0.0 ], [ 106.680450737911372, -6.636793708562685, 0.0 ], [ 106.680527052581596, -6.636778690783753, 0.0 ], [ 106.680540296897291, -6.636666243152458, 0.0 ], [ 106.680689638316352, -6.636505646717996, 0.0 ], [ 106.680948429926261, -6.636388721362287, 0.0 ], [ 106.681083544070489, -6.636423474763333, 0.0 ], [ 106.681206820438632, -6.636428925554263, 0.0 ], [ 106.681394384843173, -6.636475630945462, 0.0 ], [ 106.681649061155468, -6.636496308157938, 0.0 ], [ 106.682018930729285, -6.636526338319673, 0.0 ], [ 106.6823544596907, -6.63655357968377, 0.0 ], [ 106.682537923186743, -6.636568475154849, 0.0 ], [ 106.682680524186992, -6.6365220530502, 0.0 ], [ 106.682755176010744, -6.636392638809099, 0.0 ], [ 106.682789212652239, -6.63630868080082, 0.0 ], [ 106.683587646053155, -6.634339188902274, 0.0 ], [ 106.683704792642203, -6.634050223239054, 0.0 ], [ 106.68381357193897, -6.633928080916043, 0.0 ], [ 106.683964383749483, -6.633908027833026, 0.0 ], [ 106.684388128109788, -6.634088484895564, 0.0 ], [ 106.684530393662911, -6.634123714038012, 0.0 ], [ 106.684672706880036, -6.634059727274479, 0.0 ], [ 106.685042380401683, -6.633827411705475, 0.0 ], [ 106.685652181003519, -6.633874302357015, 0.0 ], [ 106.685890648834601, -6.633892637734942, 0.0 ], [ 106.686114813847738, -6.633922279389495, 0.0 ], [ 106.686276922042509, -6.633919710026461, 0.0 ], [ 106.686403810087924, -6.633898912304783, 0.0 ], [ 106.686544359734597, -6.633843296430832, 0.0 ], [ 106.68705274109125, -6.633541249229093, 0.0 ], [ 106.687189840938544, -6.633530626437114, 0.0 ], [ 106.687339999841285, -6.633569999655577, 0.0 ] ] ] ] } },
{ "type": "Feature", "properties": { "PROVNO": "32", "KABKOTNO": "01", "KECNO": "030", "DESANO": "013", "PROVINSI": "JAWA BARAT", "KABKOT": "BOGOR", "KECAMATAN": "PAMIJAHAN", "ID2013": "3201030013", "DESA": "PASAREAN", "DESA_1": "PASAREAN", "ID2012": "3201030013", "IDKAB2": "3201", "IDKEC_2": "3201030", "WILAYAH": "BARAT" }, "geometry": { "type": "MultiPolygon", "coordinates": [ [ [ [ 106.661182994200004, -6.627537457987156, 0.0 ], [ 106.661061119874972, -6.627665271434982, 0.0 ], [ 106.661079157577234, -6.627914639049184, 0.0 ], [ 106.661243277555371, -6.62812051275127, 0.0 ], [ 106.661252614316879, -6.628339806136943, 0.0 ], [ 106.661166771329576, -6.628391698817673, 0.0 ], [ 106.661284965628823, -6.629010572679608, 0.0 ], [ 106.661500882959587, -6.629272180066916, 0.0 ], [ 106.661610000401339, -6.629410000271143, 0.0 ], [ 106.661682366148426, -6.629525300552022, 0.0 ], [ 106.661713235377732, -6.629753123108042, 0.0 ], [ 106.661812513336997, -6.629860301611448, 0.0 ], [ 106.66195632662334, -6.630423183682801, 0.0 ], [ 106.662171294269967, -6.630400961435026, 0.0 ], [ 106.662343555810637, -6.630469192099344, 0.0 ], [ 106.662502843731446, -6.63051596314105, 0.0 ], [ 106.662580791570477, -6.630674820286533, 0.0 ], [ 106.66257079470661, -6.630780425875784, 0.0 ], [ 106.662560022627105, -6.630894214396346, 0.0 ], [ 106.662483689970472, -6.631217006259629, 0.0 ], [ 106.662502002865324, -6.631548081778362, 0.0 ], [ 106.662601237657171, -6.631642360406467, 0.0 ], [ 106.662833875183395, -6.631565826301724, 0.0 ], [ 106.662957816150481, -6.631525051040157, 0.0 ], [ 106.662979731729422, -6.631539736969074, 0.0 ], [ 106.663130236871112, -6.631640586044032, 0.0 ], [ 106.663169996798104, -6.631954388284225, 0.0 ], [ 106.663208993200655, -6.632040267244346, 0.0 ], [ 106.663376983860886, -6.632117111615212, 0.0 ], [ 106.663519761128228, -6.632370361602771, 0.0 ], [ 106.6635718759415, -6.632520703067826, 0.0 ], [ 106.663503408755531, -6.63262414488818, 0.0 ], [ 106.663327263942307, -6.632680642097757, 0.0 ], [ 106.66313815809967, -6.632719980242676, 0.0 ], [ 106.662777985915511, -6.633048024146806, 0.0 ], [ 106.663183415582324, -6.633390702718636, 0.0 ], [ 106.663364727900017, -6.633592218306053, 0.0 ], [ 106.663464152448881, -6.633742400591149, 0.0 ], [ 106.663314257946823, -6.633932125167288, 0.0 ], [ 106.663319236593651, -6.634134229810709, 0.0 ], [ 106.663530656414849, -6.634335643774794, 0.0 ], [ 106.663532759029835, -6.634337687034488, 0.0 ], [ 106.664060000069099, -6.634850000227157, 0.0 ], [ 106.664120000138098, -6.634950000342101, 0.0 ], [ 106.664200000229982, -6.635129999649649, 0.0 ], [ 106.664280000321952, -6.635260000248646, 0.0 ], [ 106.664329999929791, -6.635470000040335, 0.0 ], [ 106.664289999883763, -6.635730000339137, 0.0 ], [ 106.66422999981485, -6.63600000019974, 0.0 ], [ 106.66422999981485, -6.636089999853425, 0.0 ], [ 106.664269292094318, -6.636319202868748, 0.0 ], [ 106.664289999883763, -6.636439999806001, 0.0 ], [ 106.664349999952762, -6.636609999551659, 0.0 ], [ 106.664619999813368, -6.637019999573148, 0.0 ], [ 106.664699999905253, -6.63705999961909, 0.0 ], [ 106.664829999604962, -6.637130000149263, 0.0 ], [ 106.664869999650904, -6.637330000379063, 0.0 ], [ 106.664829999604962, -6.637409999571666, 0.0 ], [ 106.664710000366426, -6.637609999801466, 0.0 ], [ 106.664699999905253, -6.637740000400552, 0.0 ], [ 106.664789999559019, -6.637879999662157, 0.0 ], [ 106.664980000227018, -6.638079999891957, 0.0 ], [ 106.665179999557452, -6.638320000167699, 0.0 ], [ 106.665359999764377, -6.638710000166217, 0.0 ], [ 106.665359999764377, -6.638839999865933, 0.0 ], [ 106.665319999718434, -6.638930000418988, 0.0 ], [ 106.665279999672393, -6.639029999634563, 0.0 ], [ 106.665270000110596, -6.639180000256619, 0.0 ], [ 106.665310000156538, -6.639370000025338, 0.0 ], [ 106.665370000225451, -6.639459999679111, 0.0 ], [ 106.665450000317421, -6.639570000255137, 0.0 ], [ 106.665539999971202, -6.639760000023855, 0.0 ], [ 106.665539999971202, -6.63991879421685, 0.0 ], [ 106.665539999971202, -6.639940000230595, 0.0 ], [ 106.66556999955597, -6.6400699999304, 0.0 ], [ 106.665689999693882, -6.640120000437513, 0.0 ], [ 106.665789999808823, -6.640190000068316, 0.0 ], [ 106.665990000038633, -6.640339999791003, 0.0 ], [ 106.666110000176545, -6.64049999997486, 0.0 ], [ 106.666199999830326, -6.640580000066834, 0.0 ], [ 106.666420000083093, -6.640769999835463, 0.0 ], [ 106.666520000198034, -6.640860000388518, 0.0 ], [ 106.66658999982883, -6.640959999604181, 0.0 ], [ 106.666709999966756, -6.64113999981101, 0.0 ], [ 106.666859999689351, -6.641270000410007, 0.0 ], [ 106.667039999896275, -6.641400000109723, 0.0 ], [ 106.66707000038032, -6.641480000201696, 0.0 ], [ 106.667130000449319, -6.641529999809528, 0.0 ], [ 106.667229999664897, -6.64156000029358, 0.0 ], [ 106.667420000332896, -6.641609999901412, 0.0 ], [ 106.667472220366875, -6.64165786811596, 0.0 ], [ 106.667529920869299, -6.641710760842781, 0.0 ], [ 106.667539999571531, -6.641719999578157, 0.0 ], [ 106.667599999640444, -6.641799999670042, 0.0 ], [ 106.667630000124589, -6.641930000269127, 0.0 ], [ 106.66784301084644, -6.642276903855873, 0.0 ], [ 106.667980000077165, -6.642499999575104, 0.0 ], [ 106.668129999799845, -6.642579999667078, 0.0 ], [ 106.668189999868758, -6.642710000266163, 0.0 ], [ 106.66831000000667, -6.642969999665596, 0.0 ], [ 106.668410000121625, -6.643370000125195, 0.0 ], [ 106.668599999890247, -6.643760000123713, 0.0 ], [ 106.668683912932366, -6.643969782279449, 0.0 ], [ 106.668720000028173, -6.644059999569176, 0.0 ], [ 106.66880999968194, -6.644179999707003, 0.0 ], [ 106.66902000037291, -6.644509999636607, 0.0 ], [ 106.669150000072619, -6.644910000096296, 0.0 ], [ 106.669279999772343, -6.645229999564641, 0.0 ], [ 106.669219999703429, -6.645529999909385, 0.0 ], [ 106.669190000118562, -6.646510000136221, 0.0 ], [ 106.669179999657487, -6.646639999835937, 0.0 ], [ 106.669150000072619, -6.646840000065737, 0.0 ], [ 106.669190000118562, -6.647069999880486, 0.0 ], [ 106.669419999933226, -6.647470000340086, 0.0 ], [ 106.669429528250305, -6.647563913843371, 0.0 ], [ 106.669489999564036, -6.648159999783978, 0.0 ], [ 106.669589999678891, -6.648569999805467, 0.0 ], [ 106.669520000048081, -6.649149999572703, 0.0 ], [ 106.669589999678891, -6.649460000378529, 0.0 ], [ 106.669594046628063, -6.649667009924389, 0.0 ], [ 106.668209000745009, -6.650035198665307, 0.0 ], [ 106.667890000423384, -6.650120000237649, 0.0 ], [ 106.665923931344565, -6.650098629647818, 0.0 ], [ 106.665129999949713, -6.650089999753508, 0.0 ], [ 106.662919999658413, -6.650100000214678, 0.0 ], [ 106.661689999594032, -6.650180000306563, 0.0 ], [ 106.660770000335475, -6.650319999568168, 0.0 ], [ 106.661109999826792, -6.650029999684595, 0.0 ], [ 106.66106999978085, -6.649819999892905, 0.0 ], [ 106.660889999574025, -6.6494800004015, 0.0 ], [ 106.660719999828274, -6.649160000033785, 0.0 ], [ 106.660400000359928, -6.648859999689041, 0.0 ], [ 106.660280000222016, -6.648709999966353, 0.0 ], [ 106.66012999959996, -6.648310000406035, 0.0 ], [ 106.660050000407352, -6.648150000222177, 0.0 ], [ 106.659899999785381, -6.647880000361575, 0.0 ], [ 106.659823310097892, -6.647675491830309, 0.0 ], [ 106.659810000131614, -6.647640000085833, 0.0 ], [ 106.659810000131614, -6.64735000020217, 0.0 ], [ 106.659814091147581, -6.647313181058259, 0.0 ], [ 106.659839999716382, -6.647080000341568, 0.0 ], [ 106.659790000108643, -6.646789999558713, 0.0 ], [ 106.65958000031695, -6.646419999583166, 0.0 ], [ 106.659449999717864, -6.646200000229676, 0.0 ], [ 106.659400000110125, -6.646029999584648, 0.0 ], [ 106.659340000041112, -6.645659999609101, 0.0 ], [ 106.659219999903286, -6.645560000393527, 0.0 ], [ 106.658950000042609, -6.645489999863443, 0.0 ], [ 106.658948489181654, -6.645489319976008, 0.0 ], [ 106.658749999812798, -6.645400000209669, 0.0 ], [ 106.658580000067147, -6.645220000002841, 0.0 ], [ 106.658430000344453, -6.64478999995838, 0.0 ], [ 106.658319999768338, -6.64456000014372, 0.0 ], [ 106.658060000368906, -6.644390000398062, 0.0 ], [ 106.657798336324348, -6.644169964172377, 0.0 ], [ 106.657619999863272, -6.644020000422515, 0.0 ], [ 106.657539640042529, -6.643966426908889, 0.0 ], [ 106.657410000071593, -6.643880000261628, 0.0 ], [ 106.65728000037187, -6.643849999777487, 0.0 ], [ 106.65702000007316, -6.643820000192715, 0.0 ], [ 106.65673999975138, -6.643740000100742, 0.0 ], [ 106.656570000005644, -6.643599999939944, 0.0 ], [ 106.656469999890788, -6.643419999733027, 0.0 ], [ 106.656460000328892, -6.643229999964397, 0.0 ], [ 106.656489999913759, -6.643100000264681, 0.0 ], [ 106.656619999613469, -6.642799999919848, 0.0 ], [ 106.656750000212554, -6.642449999967361, 0.0 ], [ 106.656759999774351, -6.64222000015279, 0.0 ], [ 106.656699999705353, -6.642160000083788, 0.0 ], [ 106.656610643966275, -6.6420909519357, 0.0 ], [ 106.656480000351863, -6.641990000338041, 0.0 ], [ 106.656329999729905, -6.641750000062299, 0.0 ], [ 106.656289999683864, -6.641529999809528, 0.0 ], [ 106.656269999660893, -6.641320000017839, 0.0 ], [ 106.656300000145038, -6.64091999955815, 0.0 ], [ 106.656291735375461, -6.640898877181236, 0.0 ], [ 106.656209999591979, -6.64068999974349, 0.0 ], [ 106.655890000123549, -6.640589999628634, 0.0 ], [ 106.655680000331955, -6.640540000020891, 0.0 ], [ 106.655350000402436, -6.640519999997831, 0.0 ], [ 106.65515000017254, -6.64049999997486, 0.0 ], [ 106.655010000011657, -6.640450000367117, 0.0 ], [ 106.654929999919688, -6.640129999999314, 0.0 ], [ 106.654900000334919, -6.639800000069798, 0.0 ], [ 106.654929999919688, -6.639550000232166, 0.0 ], [ 106.654949999942744, -6.639100000164735, 0.0 ], [ 106.654889999873745, -6.638919999957906, 0.0 ], [ 106.654539999921255, -6.638850000327103, 0.0 ], [ 106.654270000060649, -6.638810000281161, 0.0 ], [ 106.653980000177086, -6.638750000212159, 0.0 ], [ 106.653829999555029, -6.638679999682076, 0.0 ], [ 106.653810000431335, -6.638500000374528, 0.0 ], [ 106.653829018394717, -6.638436606264211, 0.0 ], [ 106.653840000016103, -6.638400000259672, 0.0 ], [ 106.653898750926729, -6.638228641638335, 0.0 ], [ 106.653960000154115, -6.638050000307096, 0.0 ], [ 106.653980000177086, -6.6379199997081, 0.0 ], [ 106.653880000062131, -6.637569999755524, 0.0 ], [ 106.653679999832335, -6.637379999986894, 0.0 ], [ 106.653459999579468, -6.637239999826008, 0.0 ], [ 106.653309999856788, -6.637179999757006, 0.0 ], [ 106.653140000111037, -6.637070000080261, 0.0 ], [ 106.65301999997321, -6.636889999873432, 0.0 ], [ 106.653030000434384, -6.636800000219658, 0.0 ], [ 106.653189999718876, -6.636570000404998, 0.0 ], [ 106.653280000272019, -6.636319999668086, 0.0 ], [ 106.653329999879759, -6.636089999853425, 0.0 ], [ 106.653380000386875, -6.635810000431022, 0.0 ], [ 106.65334999990273, -6.635670000270135, 0.0 ], [ 106.653220000203021, -6.63555000013222, 0.0 ], [ 106.652950000342415, -6.635590000178162, 0.0 ], [ 106.652739999651445, -6.635750000362108, 0.0 ], [ 106.652569999905694, -6.635810000431022, 0.0 ], [ 106.652444442856932, -6.635810000431022, 0.0 ], [ 106.652300000045187, -6.635810000431022, 0.0 ], [ 106.652130000299437, -6.635750000362108, 0.0 ], [ 106.652105293224821, -6.635655290958766, 0.0 ], [ 106.652070000230523, -6.635519999648167, 0.0 ], [ 106.652099999815292, -6.635329999879449, 0.0 ], [ 106.652159999884205, -6.635039999995875, 0.0 ], [ 106.652269999560957, -6.63448000025161, 0.0 ], [ 106.652269999560957, -6.634050000207239, 0.0 ], [ 106.652219999953203, -6.633829999954379, 0.0 ], [ 106.652119999838263, -6.633489999563693, 0.0 ], [ 106.65197999967738, -6.633319999817946, 0.0 ], [ 106.651669999770832, -6.633139999611117, 0.0 ], [ 106.651604260228666, -6.63312303480005, 0.0 ], [ 106.651359999864283, -6.633060000418514, 0.0 ], [ 106.651080000441794, -6.633020000372571, 0.0 ], [ 106.650760000074087, -6.632969999865459, 0.0 ], [ 106.650530000259508, -6.632909999796457, 0.0 ], [ 106.650370000075654, -6.632720000027827, 0.0 ], [ 106.650398640784829, -6.632538610368357, 0.0 ], [ 106.650399999660422, -6.632530000259109, 0.0 ], [ 106.650439999706364, -6.632280000421567, 0.0 ], [ 106.650399999660422, -6.63212000023762, 0.0 ], [ 106.650300000444844, -6.632049999707537, 0.0 ], [ 106.650200000329903, -6.632029999684566, 0.0 ], [ 106.649940000031194, -6.632040000145736, 0.0 ], [ 106.649610000101589, -6.63212000023762, 0.0 ], [ 106.649469999940692, -6.632109999776539, 0.0 ], [ 106.649360000263954, -6.631949999592592, 0.0 ], [ 106.649380000286925, -6.631879999961878, 0.0 ], [ 106.649409999871779, -6.631799999869905, 0.0 ], [ 106.649610000101589, -6.631590000078305, 0.0 ], [ 106.649699999755356, -6.631409999871476, 0.0 ], [ 106.649690000193559, -6.631300000194731, 0.0 ], [ 106.649630000124645, -6.631200000079787, 0.0 ], [ 106.649389999848808, -6.6310599999189, 0.0 ], [ 106.649220000103071, -6.630979999827016, 0.0 ], [ 106.648979999827333, -6.630680000381552, 0.0 ], [ 106.648859999689407, -6.630440000105722, 0.0 ], [ 106.649249999687925, -6.630569999805438, 0.0 ], [ 106.649988270242659, -6.630259362279602, 0.0 ], [ 106.651080000441794, -6.629800000269661, 0.0 ], [ 106.651629999724889, -6.629510000386087, 0.0 ], [ 106.651829999954685, -6.629410000271143, 0.0 ], [ 106.65201000016161, -6.629020000272625, 0.0 ], [ 106.652099999815292, -6.62871000036608, 0.0 ], [ 106.652360000114101, -6.628300000344591, 0.0 ], [ 106.652779999697472, -6.628080000091732, 0.0 ], [ 106.653030000434384, -6.628140000160734, 0.0 ], [ 106.653490000063613, -6.628260000298649, 0.0 ], [ 106.653695422306029, -6.628272839020113, 0.0 ], [ 106.653969999715912, -6.628289999883421, 0.0 ], [ 106.654169999945708, -6.628189999768477, 0.0 ], [ 106.654279999622446, -6.62804000004579, 0.0 ], [ 106.654219999553533, -6.627830000254189, 0.0 ], [ 106.654040000245999, -6.627580000416557, 0.0 ], [ 106.653960000154115, -6.627340000140727, 0.0 ], [ 106.654014061100227, -6.627103483838539, 0.0 ], [ 106.654040000245999, -6.626990000188151, 0.0 ], [ 106.654069999830853, -6.626830000004382, 0.0 ], [ 106.654000000200057, -6.626640000235664, 0.0 ], [ 106.653931416102097, -6.626537124088863, 0.0 ], [ 106.653819999993132, -6.626370000375061, 0.0 ], [ 106.653690000293508, -6.626029999984286, 0.0 ], [ 106.653790000408364, -6.625949999892402, 0.0 ], [ 106.654040120755198, -6.62587319958833, 0.0 ], [ 106.654233438122816, -6.626065218335011, 0.0 ], [ 106.654426904778049, -6.626302568308731, 0.0 ], [ 106.654688111966905, -6.626460359757615, 0.0 ], [ 106.654711345952038, -6.626630278564374, 0.0 ], [ 106.654543455116496, -6.627265491309267, 0.0 ], [ 106.654611910611365, -6.627401260159829, 0.0 ], [ 106.654793554778905, -6.627491319168879, 0.0 ], [ 106.655280834443161, -6.627467027581115, 0.0 ], [ 106.655462855426606, -6.627670415557088, 0.0 ], [ 106.655600222372513, -6.628077948738156, 0.0 ], [ 106.655873546127424, -6.628339449106093, 0.0 ], [ 106.656171613829059, -6.628523646448983, 0.0 ], [ 106.656217848874803, -6.628552217910357, 0.0 ], [ 106.656392971158851, -6.628577562604256, 0.0 ], [ 106.656683139215644, -6.628109863878908, 0.0 ], [ 106.657103179268432, -6.627706555712756, 0.0 ], [ 106.657183381707867, -6.627632690795906, 0.0 ], [ 106.657406938779388, -6.627426800006688, 0.0 ], [ 106.657497200135907, -6.627277403729028, 0.0 ], [ 106.657561356871298, -6.62707623707858, 0.0 ], [ 106.657754801043367, -6.626764437628498, 0.0 ], [ 106.657922833971824, -6.626608300032846, 0.0 ], [ 106.658129828229207, -6.626471478975429, 0.0 ], [ 106.658318716435787, -6.626736625194987, 0.0 ], [ 106.658468685581596, -6.626995417704187, 0.0 ], [ 106.658650854053818, -6.62718928006111, 0.0 ], [ 106.658917845682183, -6.627366760367561, 0.0 ], [ 106.659546007742236, -6.627205151296547, 0.0 ], [ 106.659839522176327, -6.627054042709748, 0.0 ], [ 106.660445901757186, -6.626926910048727, 0.0 ], [ 106.66051504883059, -6.627026762674806, 0.0 ], [ 106.660592129723199, -6.6270212489313, 0.0 ], [ 106.660652642405694, -6.627016919595032, 0.0 ], [ 106.660784158362404, -6.627060266018283, 0.0 ], [ 106.660818919857419, -6.627166489441763, 0.0 ], [ 106.660794452002477, -6.627332335218874, 0.0 ], [ 106.660997896635791, -6.627372313681192, 0.0 ], [ 106.661085707339652, -6.627440827631883, 0.0 ], [ 106.661182994200004, -6.627537457987156, 0.0 ] ] ] ] } },
{ "type": "Feature", "properties": { "PROVNO": "32", "KABKOTNO": "01", "KECNO": "030", "DESANO": "009", "PROVINSI": "JAWA BARAT", "KABKOT": "BOGOR", "KECAMATAN": "PAMIJAHAN", "ID2013": "3201030009", "DESA": "GUNUNG PICUNG", "DESA_1": "GUNUNG PICUNG", "ID2012": "3201030009", "IDKAB2": "3201", "IDKEC_2": "3201030", "WILAYAH": "BARAT" }, "geometry": { "type": "MultiPolygon", "coordinates": [ [ [ [ 106.671039999996211, -6.649630000124276, 0.0 ], [ 106.670620000412839, -6.650700000004885, 0.0 ], [ 106.670580000366897, -6.651040000395572, 0.0 ], [ 106.670589999928694, -6.65119999968006, 0.0 ], [ 106.670640000435895, -6.651330000279145, 0.0 ], [ 106.670739999651474, -6.651480000001833, 0.0 ], [ 106.670868472302388, -6.651672707629199, 0.0 ], [ 106.670879999812357, -6.651689999793522, 0.0 ], [ 106.67093999988127, -6.651800000369548, 0.0 ], [ 106.671080000042153, -6.65205999976898, 0.0 ], [ 106.671129999649992, -6.65228999958364, 0.0 ], [ 106.671129999649992, -6.652420000182726, 0.0 ], [ 106.670930000319473, -6.6529199998579, 0.0 ], [ 106.670810000181547, -6.653160000133731, 0.0 ], [ 106.670770000135605, -6.653309999856418, 0.0 ], [ 106.670819999743358, -6.653550000132249, 0.0 ], [ 106.670569999905723, -6.653889999623654, 0.0 ], [ 106.670540000320955, -6.654279999622172, 0.0 ], [ 106.670580000366897, -6.654410000221169, 0.0 ], [ 106.670640000435895, -6.654490000313142, 0.0 ], [ 106.670719999628403, -6.654539999920885, 0.0 ], [ 106.671030000434413, -6.654559999943856, 0.0 ], [ 106.671249999787818, -6.654609999551688, 0.0 ], [ 106.671590000178497, -6.655079999642091, 0.0 ], [ 106.671690000293438, -6.655279999871979, 0.0 ], [ 106.671790000408393, -6.655460000078808, 0.0 ], [ 106.671843045120653, -6.655508963667547, 0.0 ], [ 106.671920000108102, -6.655580000216634, 0.0 ], [ 106.672049999807825, -6.655640000285636, 0.0 ], [ 106.672219999553562, -6.65570000035455, 0.0 ], [ 106.672330000129591, -6.655799999570124, 0.0 ], [ 106.672430000244532, -6.655950000192181, 0.0 ], [ 106.672470000290474, -6.656059999868926, 0.0 ], [ 106.672640000036139, -6.656159999983871, 0.0 ], [ 106.672709999666949, -6.656220000052784, 0.0 ], [ 106.673299999895264, -6.656939999980906, 0.0 ], [ 106.673409999572002, -6.657100000164675, 0.0 ], [ 106.673700000354955, -6.657530000209224, 0.0 ], [ 106.673729999939724, -6.657579999816967, 0.0 ], [ 106.673890000123578, -6.657740000000825, 0.0 ], [ 106.6740799998922, -6.657869999700541, 0.0 ], [ 106.674480000351892, -6.658179999607086, 0.0 ], [ 106.674969999565988, -6.658319999768061, 0.0 ], [ 106.675249999887768, -6.658580000066774, 0.0 ], [ 106.675479999702418, -6.65893999958115, 0.0 ], [ 106.67559999984033, -6.659299999994897, 0.0 ], [ 106.675659999909243, -6.659400000109752, 0.0 ], [ 106.675980000276965, -6.659870000200243, 0.0 ], [ 106.676170000045687, -6.660010000361041, 0.0 ], [ 106.676239999676397, -6.660030000384012, 0.0 ], [ 106.676299999745396, -6.660089999553733, 0.0 ], [ 106.676319999768367, -6.660160000083728, 0.0 ], [ 106.676290000183513, -6.660260000198672, 0.0 ], [ 106.676170000045687, -6.660490000013333, 0.0 ], [ 106.676190000068658, -6.660590000128277, 0.0 ], [ 106.676191971382522, -6.660593377981829, 0.0 ], [ 106.676259999699454, -6.660710000266103, 0.0 ], [ 106.676350000252512, -6.660770000335106, 0.0 ], [ 106.676499999975192, -6.660830000404019, 0.0 ], [ 106.676629999674915, -6.66085999998888, 0.0 ], [ 106.676729999789771, -6.660819999942849, 0.0 ], [ 106.676869999950753, -6.660810000381048, 0.0 ], [ 106.676918680253024, -6.660828723366699, 0.0 ], [ 106.676999999650462, -6.66085999998888, 0.0 ], [ 106.677059999719376, -6.660920000057793, 0.0 ], [ 106.677070000180549, -6.661060000218679, 0.0 ], [ 106.677059999719376, -6.661189999918395, 0.0 ], [ 106.677119999788289, -6.661279999572169, 0.0 ], [ 106.677349999603038, -6.661419999733056, 0.0 ], [ 106.67750000022501, -6.661559999893942, 0.0 ], [ 106.677710000016603, -6.6619299998694, 0.0 ], [ 106.677899999785325, -6.662520000097718, 0.0 ], [ 106.678010000361354, -6.662859999589124, 0.0 ], [ 106.678140000061148, -6.663070000280094, 0.0 ], [ 106.678189999668902, -6.663150000372067, 0.0 ], [ 106.678240000176103, -6.663309999656555, 0.0 ], [ 106.678320000267988, -6.66344000025564, 0.0 ], [ 106.678400000359872, -6.663509999886443, 0.0 ], [ 106.678449999967697, -6.663549999932386, 0.0 ], [ 106.67865999975939, -6.663770000185156, 0.0 ], [ 106.678736183128507, -6.663857066250447, 0.0 ], [ 106.67900999971188, -6.664169999745564, 0.0 ], [ 106.679189999918705, -6.664360000413563, 0.0 ], [ 106.679310000056617, -6.664459999629138, 0.0 ], [ 106.679350000102559, -6.66451000013625, 0.0 ], [ 106.679359999664456, -6.664619999812995, 0.0 ], [ 106.679430000194543, -6.66471000036605, 0.0 ], [ 106.679579999917223, -6.664800000019824, 0.0 ], [ 106.679729999640003, -6.664840000065766, 0.0 ], [ 106.679969999915741, -6.664909999696569, 0.0 ], [ 106.680319999868317, -6.665040000295654, 0.0 ], [ 106.680461311240691, -6.665059270069076, 0.0 ], [ 106.680540000121084, -6.665069999880426, 0.0 ], [ 106.680789999958719, -6.665029999834484, 0.0 ], [ 106.681280000072093, -6.664909999696569, 0.0 ], [ 106.681420000232976, -6.664949999742511, 0.0 ], [ 106.68156999995567, -6.665029999834484, 0.0 ], [ 106.681690000093582, -6.665169999995371, 0.0 ], [ 106.681879999862304, -6.66537000022517, 0.0 ], [ 106.682000000000215, -6.665390000248141, 0.0 ], [ 106.682169999745867, -6.665399999810031, 0.0 ], [ 106.682389999998733, -6.665439999855973, 0.0 ], [ 106.682519999698357, -6.665479999901915, 0.0 ], [ 106.682599999790341, -6.665459999878944, 0.0 ], [ 106.68280999958202, -6.665410000271113, 0.0 ], [ 106.68302000027299, -6.665390000248141, 0.0 ], [ 106.683162978089157, -6.665377882782888, 0.0 ], [ 106.683609999601941, -6.665339999741029, 0.0 ], [ 106.68366999967094, -6.665319999718058, 0.0 ], [ 106.684079999692429, -6.665210000041313, 0.0 ], [ 106.6842300003144, -6.665270000110226, 0.0 ], [ 106.684330000429341, -6.665359999764, 0.0 ], [ 106.684600000289947, -6.665569999555689, 0.0 ], [ 106.684931904084266, -6.665693278621756, 0.0 ], [ 106.684950000242523, -6.665700000154775, 0.0 ], [ 106.685259293281973, -6.666120981797654, 0.0 ], [ 106.685309999756811, -6.666190000268148, 0.0 ], [ 106.685440000355896, -6.666480000151722, 0.0 ], [ 106.6854703866492, -6.666631935215452, 0.0 ], [ 106.685489999963721, -6.666729999989354, 0.0 ], [ 106.685489999963721, -6.66685999968907, 0.0 ], [ 106.685449999917779, -6.66705999991887, 0.0 ], [ 106.685400000309954, -6.667149999572644, 0.0 ], [ 106.685320000217985, -6.667220000102727, 0.0 ], [ 106.685200000080073, -6.667440000355587, 0.0 ], [ 106.685110000426292, -6.667619999663046, 0.0 ], [ 106.68507000038035, -6.667670000170247, 0.0 ], [ 106.684919999758293, -6.667830000354016, 0.0 ], [ 106.684720000427859, -6.667949999592651, 0.0 ], [ 106.684449999667976, -6.668040000145705, 0.0 ], [ 106.684290000383399, -6.668240000375505, 0.0 ], [ 106.684139999761342, -6.668599999889882, 0.0 ], [ 106.684098889052649, -6.668864287256895, 0.0 ], [ 106.684070000130632, -6.669049999957402, 0.0 ], [ 106.684059999669458, -6.669279999771973, 0.0 ], [ 106.684079999692429, -6.669789999908406, 0.0 ], [ 106.684090000153603, -6.670150000322153, 0.0 ], [ 106.684130000199545, -6.670480000251668, 0.0 ], [ 106.684110000176574, -6.671030000434044, 0.0 ], [ 106.684070000130632, -6.671189999718532, 0.0 ], [ 106.683979999577488, -6.671340000340589, 0.0 ], [ 106.683869999900736, -6.671519999648137, 0.0 ], [ 106.683809999831823, -6.671730000339107, 0.0 ], [ 106.683769999785881, -6.671889999623595, 0.0 ], [ 106.683769999785881, -6.671960000153678, 0.0 ], [ 106.683909999946678, -6.672140000360596, 0.0 ], [ 106.684199999830255, -6.672470000290112, 0.0 ], [ 106.684270000360428, -6.672609999551717, 0.0 ], [ 106.68431000040637, -6.67288999987349, 0.0 ], [ 106.684330000429341, -6.673000000449516, 0.0 ], [ 106.684649999897772, -6.673179999756975, 0.0 ], [ 106.684739999551553, -6.673250000287148, 0.0 ], [ 106.684990000288465, -6.673689999893408, 0.0 ], [ 106.685090000403321, -6.673879999662127, 0.0 ], [ 106.685220000103044, -6.674229999614614, 0.0 ], [ 106.68533511332501, -6.674663889226942, 0.0 ], [ 106.685349999802838, -6.674719999728076, 0.0 ], [ 106.685429999894808, -6.674890000373104, 0.0 ], [ 106.685509999986692, -6.675040000095791, 0.0 ], [ 106.685570000055606, -6.67522999986442, 0.0 ], [ 106.685830000354414, -6.675530000209164, 0.0 ], [ 106.686180000306905, -6.675710000415993, 0.0 ], [ 106.686339999591482, -6.675780000046796, 0.0 ], [ 106.686419999683451, -6.675900000184711, 0.0 ], [ 106.686479999752365, -6.676020000322538, 0.0 ], [ 106.686590000328394, -6.676100000414511, 0.0 ], [ 106.686909999796825, -6.676190000068285, 0.0 ], [ 106.687020000372939, -6.676239999676028, 0.0 ], [ 106.687099999565447, -6.676319999768001, 0.0 ], [ 106.687199999680402, -6.676540000020861, 0.0 ], [ 106.687299999795343, -6.676689999743548, 0.0 ], [ 106.6874500004174, -6.676889999973348, 0.0 ], [ 106.687509999587036, -6.676959999604151, 0.0 ], [ 106.687829999954744, -6.677250000387094, 0.0 ], [ 106.687970000115541, -6.677340000040868, 0.0 ], [ 106.688219999953176, -6.677540000270668, 0.0 ], [ 106.688480000251985, -6.677669999970384, 0.0 ], [ 106.688819999743387, -6.677859999739013, 0.0 ], [ 106.689169999695878, -6.678019999922959, 0.0 ], [ 106.689329999879732, -6.678129999599705, 0.0 ], [ 106.689450000017644, -6.678269999760502, 0.0 ], [ 106.689550000132584, -6.678469999990302, 0.0 ], [ 106.689570000155555, -6.678710000266133, 0.0 ], [ 106.689570000155555, -6.678810000381077, 0.0 ], [ 106.689570000155555, -6.678969999665565, 0.0 ], [ 106.689519999648439, -6.679160000333564, 0.0 ], [ 106.689429999994672, -6.679439999756056, 0.0 ], [ 106.689420000432875, -6.679499999824969, 0.0 ], [ 106.689402923206487, -6.679798850836196, 0.0 ], [ 106.689400000409904, -6.679849999777545, 0.0 ], [ 106.689420000432875, -6.680099999615177, 0.0 ], [ 106.689420000432875, -6.680210000191202, 0.0 ], [ 106.689420000432875, -6.680279999821916, 0.0 ], [ 106.68943999955647, -6.680350000352089, 0.0 ], [ 106.689479999602497, -6.680939999681037, 0.0 ], [ 106.689510000086642, -6.68101999977301, 0.0 ], [ 106.689530000109613, -6.681179999956868, 0.0 ], [ 106.689540338715858, -6.6812161850787, 0.0 ], [ 106.689610000201498, -6.681460000278641, 0.0 ], [ 106.689690000293467, -6.681569999955386, 0.0 ], [ 106.689732307100513, -6.681661666052854, 0.0 ], [ 106.68975000036238, -6.681699999655102, 0.0 ], [ 106.689860000039133, -6.682029999584618, 0.0 ], [ 106.689989999738856, -6.682530000159161, 0.0 ], [ 106.690040000245958, -6.682929999719569, 0.0 ], [ 106.690053838114324, -6.683001494922927, 0.0 ], [ 106.69010000031497, -6.683239999626114, 0.0 ], [ 106.69014999992271, -6.683419999832942, 0.0 ], [ 106.690250000037651, -6.683660000108773, 0.0 ], [ 106.690279999622504, -6.683740000200746, 0.0 ], [ 106.690310000106564, -6.683929999969376, 0.0 ], [ 106.69037999973736, -6.684360000013836, 0.0 ], [ 106.690499999875286, -6.684540000220665, 0.0 ], [ 106.690680000082111, -6.684859999689099, 0.0 ], [ 106.690769999735892, -6.685019999872868, 0.0 ], [ 106.690820000242994, -6.68507999994187, 0.0 ], [ 106.69152000014806, -6.685460000378587, 0.0 ], [ 106.69158999977887, -6.685639999686046, 0.0 ], [ 106.691700000354885, -6.685779999846932, 0.0 ], [ 106.691999999800345, -6.686209999891481, 0.0 ], [ 106.692139999961242, -6.686399999660111, 0.0 ], [ 106.692300000145096, -6.686670000419994, 0.0 ], [ 106.692429999844819, -6.686989999888429, 0.0 ], [ 106.692540000420834, -6.687370000325057, 0.0 ], [ 106.692590000028673, -6.687600000139717, 0.0 ], [ 106.692639999636498, -6.687749999862405, 0.0 ], [ 106.692650000097586, -6.688400000159724, 0.0 ], [ 106.69259999959047, -6.689340000340529, 0.0 ], [ 106.692590000028673, -6.689920000107765, 0.0 ], [ 106.692770000235498, -6.690310000106283, 0.0 ], [ 106.692879999912236, -6.690519999897884, 0.0 ], [ 106.693060000119075, -6.690789999758486, 0.0 ], [ 106.6932400003259, -6.690920000357572, 0.0 ], [ 106.693430000094622, -6.691070000080259, 0.0 ], [ 106.693690000393332, -6.691330000379061, 0.0 ], [ 106.693949999792849, -6.691589999778493, 0.0 ], [ 106.694040000345908, -6.691680000331548, 0.0 ], [ 106.694589999628917, -6.692249999637614, 0.0 ], [ 106.694829999904741, -6.692469999890385, 0.0 ], [ 106.694990000088609, -6.692630000074331, 0.0 ], [ 106.695079999742376, -6.692810000281071, 0.0 ], [ 106.695130000249492, -6.693020000072849, 0.0 ], [ 106.695170000295434, -6.693140000210676, 0.0 ], [ 106.695259999949201, -6.693289999933363, 0.0 ], [ 106.69540999967198, -6.693470000140191, 0.0 ], [ 106.695649999947719, -6.693690000393051, 0.0 ], [ 106.695830000154558, -6.693860000138709, 0.0 ], [ 106.695910000246528, -6.694009999861485, 0.0 ], [ 106.696030000384354, -6.694170000045254, 0.0 ], [ 106.696089999554076, -6.694210000091285, 0.0 ], [ 106.696229999714873, -6.694270000160198, 0.0 ], [ 106.696320000268017, -6.694350000252172, 0.0 ], [ 106.696360000313959, -6.694430000344056, 0.0 ], [ 106.696389999898727, -6.694510000436029, 0.0 ], [ 106.696490000013668, -6.694609999651604, 0.0 ], [ 106.696559999644393, -6.694620000112774, 0.0 ], [ 106.696619999713391, -6.694649999697546, 0.0 ], [ 106.696730000289421, -6.694709999766548, 0.0 ], [ 106.696830000404361, -6.694800000319603, 0.0 ], [ 106.696920000058128, -6.694869999950317, 0.0 ], [ 106.697009999711909, -6.69495000004229, 0.0 ], [ 106.697069999780908, -6.694999999650122, 0.0 ], [ 106.697200000379908, -6.695110000226148, 0.0 ], [ 106.697430000194473, -6.695340000040808, 0.0 ], [ 106.697559999894281, -6.695540000270608, 0.0 ], [ 106.69768999959399, -6.695620000362581, 0.0 ], [ 106.69796999991577, -6.695730000039326, 0.0 ], [ 106.69825000023755, -6.695779999647158, 0.0 ], [ 106.698449999568055, -6.695890000223184, 0.0 ], [ 106.698600000190027, -6.695970000315157, 0.0 ], [ 106.699039999796383, -6.696229999714589, 0.0 ], [ 106.699179999957181, -6.696329999829445, 0.0 ], [ 106.699289999633919, -6.696539999621134, 0.0 ], [ 106.699349999702918, -6.696710000266162, 0.0 ], [ 106.699500000324889, -6.697089999803509, 0.0 ], [ 106.699730000139553, -6.697350000102311, 0.0 ], [ 106.699910000346378, -6.697470000240138, 0.0 ], [ 106.700229999814809, -6.697590000378053, 0.0 ], [ 106.700419999583531, -6.697660000008856, 0.0 ], [ 106.700470000090647, -6.697689999593628, 0.0 ], [ 106.700699999905225, -6.697849999777574, 0.0 ], [ 106.700849999627991, -6.697989999938372, 0.0 ], [ 106.700909999696904, -6.698099999615117, 0.0 ], [ 106.701069999880758, -6.698430000444002, 0.0 ], [ 106.701100000364903, -6.698489999613635, 0.0 ], [ 106.701330000179567, -6.698870000050263, 0.0 ], [ 106.701780000246998, -6.69924000002581, 0.0 ], [ 106.701999999600488, -6.699449999817499, 0.0 ], [ 106.702159999784342, -6.699569999955415, 0.0 ], [ 106.702460000129093, -6.700220000252646, 0.0 ], [ 106.702759999574468, -6.700840000065824, 0.0 ], [ 106.702779113765232, -6.701042603832921, 0.0 ], [ 106.702859999689409, -6.701900000384544, 0.0 ], [ 106.701569999556028, -6.701669999670603, 0.0 ], [ 106.699890000323407, -6.701479999901885, 0.0 ], [ 106.698059999569551, -6.701259999649114, 0.0 ], [ 106.696543400857422, -6.701042603832921, 0.0 ], [ 106.695130000249492, -6.700840000065824, 0.0 ], [ 106.694740000250974, -6.700630000274135, 0.0 ], [ 106.69469686157106, -6.700597646264175, 0.0 ], [ 106.694580000067106, -6.700510000136219, 0.0 ], [ 106.694359999814338, -6.700369999975333, 0.0 ], [ 106.694179999607428, -6.700260000298588, 0.0 ], [ 106.694129999999689, -6.700220000252646, 0.0 ], [ 106.69396999981582, -6.700080000091759, 0.0 ], [ 106.693510000186507, -6.6996599996091, 0.0 ], [ 106.693189999818784, -6.699400000209668, 0.0 ], [ 106.692850000327468, -6.699179999956897, 0.0 ], [ 106.692770000235498, -6.699090000303123, 0.0 ], [ 106.69267999968244, -6.698930000119265, 0.0 ], [ 106.692560000443805, -6.698600000189661, 0.0 ], [ 106.69244999986779, -6.69839000039806, 0.0 ], [ 106.692090000353403, -6.698099999615117, 0.0 ], [ 106.691959999754403, -6.698009999961343, 0.0 ], [ 106.69152000014806, -6.697789999708572, 0.0 ], [ 106.691279999872322, -6.697709999616599, 0.0 ], [ 106.691150000172598, -6.697590000378053, 0.0 ], [ 106.691059999619455, -6.697459999779056, 0.0 ], [ 106.69094000038082, -6.697249999987278, 0.0 ], [ 106.690809999781834, -6.69710999982648, 0.0 ], [ 106.690570000405359, -6.696980000126764, 0.0 ], [ 106.690330000129535, -6.696940000080733, 0.0 ], [ 106.690060000269028, -6.696920000057762, 0.0 ], [ 106.689860000039133, -6.696960000103793, 0.0 ], [ 106.689550000132584, -6.696969999665594, 0.0 ], [ 106.689420000432875, -6.69688000001182, 0.0 ], [ 106.689240000225951, -6.696699999804991, 0.0 ], [ 106.688839999766358, -6.696280000221702, 0.0 ], [ 106.688549999882781, -6.696140000060815, 0.0 ], [ 106.688420000183072, -6.696100000014873, 0.0 ], [ 106.688329999629929, -6.6960199999229, 0.0 ], [ 106.688170000345437, -6.6958199996931, 0.0 ], [ 106.68801999972338, -6.695710000016355, 0.0 ], [ 106.687970000115541, -6.695680000431494, 0.0 ], [ 106.687890000023657, -6.695580000316639, 0.0 ], [ 106.687829999954744, -6.69536999962558, 0.0 ], [ 106.687680000231978, -6.695159999833979, 0.0 ], [ 106.687560000094052, -6.695119999788037, 0.0 ], [ 106.687399999910284, -6.695079999742006, 0.0 ], [ 106.687299999795343, -6.695050000157234, 0.0 ], [ 106.687261567267697, -6.695027749131146, 0.0 ], [ 106.687152266364166, -6.694964470134082, 0.0 ], [ 106.686920000257999, -6.694829999904375, 0.0 ], [ 106.686860000189, -6.694809999881404, 0.0 ], [ 106.686780000097116, -6.694800000319603, 0.0 ], [ 106.68657999986722, -6.694760000273661, 0.0 ], [ 106.686300000444817, -6.694709999766548, 0.0 ], [ 106.686200000329876, -6.694709999766548, 0.0 ], [ 106.686120000237992, -6.694709999766548, 0.0 ], [ 106.686020000123136, -6.694709999766548, 0.0 ], [ 106.685949999592964, -6.694680000181688, 0.0 ], [ 106.685790000308472, -6.69452999955972, 0.0 ], [ 106.685639999686416, -6.694430000344056, 0.0 ], [ 106.685449999917779, -6.694370000275143, 0.0 ], [ 106.685320000217985, -6.694379999836944, 0.0 ], [ 106.685090000403321, -6.694350000252172, 0.0 ], [ 106.684979999827291, -6.694259999699028, 0.0 ], [ 106.684739999551553, -6.694069999930399, 0.0 ], [ 106.684589999828773, -6.693980000276625, 0.0 ], [ 106.684330000429341, -6.693909999746541, 0.0 ], [ 106.684130000199545, -6.693920000207711, 0.0 ], [ 106.683689999693911, -6.693940000230683, 0.0 ], [ 106.683600000040144, -6.693860000138709, 0.0 ], [ 106.683550000432405, -6.693760000023854, 0.0 ], [ 106.683519999948174, -6.693590000278107, 0.0 ], [ 106.683519999948174, -6.693439999656139, 0.0 ], [ 106.683499999925203, -6.693340000440475, 0.0 ], [ 106.683350000202509, -6.693140000210676, 0.0 ], [ 106.683100000364874, -6.692850000327102, 0.0 ], [ 106.68294000018102, -6.692509999936327, 0.0 ], [ 106.682840000066079, -6.692449999867414, 0.0 ], [ 106.682690000343385, -6.692380000236611, 0.0 ], [ 106.682419999583502, -6.692340000190669, 0.0 ], [ 106.682399999560531, -6.692249999637614, 0.0 ], [ 106.682360000413865, -6.692070000330066, 0.0 ], [ 106.682360000413865, -6.691939999731069, 0.0 ], [ 106.682406253446032, -6.691782739781473, 0.0 ], [ 106.682410000021704, -6.691769999985322, 0.0 ], [ 106.682389999998733, -6.691620000262635, 0.0 ], [ 106.682309999906764, -6.691500000124719, 0.0 ], [ 106.68222999981478, -6.691460000078777, 0.0 ], [ 106.682109999676953, -6.691379999986893, 0.0 ], [ 106.682089999653982, -6.691239999826006, 0.0 ], [ 106.682220000252983, -6.691070000080259, 0.0 ], [ 106.682340000390894, -6.691000000449456, 0.0 ], [ 106.682399999560531, -6.690789999758486, 0.0 ], [ 106.682450000067647, -6.690689999643631, 0.0 ], [ 106.68251000013656, -6.690519999897884, 0.0 ], [ 106.68257999976737, -6.690160000383596, 0.0 ], [ 106.68257999976737, -6.689960000153707, 0.0 ], [ 106.682639999836283, -6.689459999579164, 0.0 ], [ 106.682630000274472, -6.689320000317558, 0.0 ], [ 106.682550000182502, -6.689080000041816, 0.0 ], [ 106.682369999975762, -6.68873999965113, 0.0 ], [ 106.682240000275954, -6.688569999905383, 0.0 ], [ 106.682160000183984, -6.688429999744496, 0.0 ], [ 106.6820800000921, -6.688340000090722, 0.0 ], [ 106.682000000000215, -6.688059999769038, 0.0 ], [ 106.681959999954188, -6.687760000323575, 0.0 ], [ 106.681910000346448, -6.687680000231602, 0.0 ], [ 106.681739999701421, -6.687589999678636, 0.0 ], [ 106.681509999886757, -6.687509999586663, 0.0 ], [ 106.681429999794872, -6.68745000041703, 0.0 ], [ 106.681400000210004, -6.687379999886858, 0.0 ], [ 106.681340000141091, -6.687119999588145, 0.0 ], [ 106.681340000141091, -6.687049999957342, 0.0 ], [ 106.681340000141091, -6.686980000326539, 0.0 ], [ 106.681329999679917, -6.686920000257626, 0.0 ], [ 106.681329999679917, -6.686860000188712, 0.0 ], [ 106.681327996889721, -6.686851989027911, 0.0 ], [ 106.681309999656946, -6.686780000096739, 0.0 ], [ 106.681300000095149, -6.686700000004855, 0.0 ], [ 106.681249999587948, -6.686639999935853, 0.0 ], [ 106.681190000418411, -6.68657999986694, 0.0 ], [ 106.6810700002804, -6.686510000236225, 0.0 ], [ 106.680979999727356, -6.686510000236225, 0.0 ], [ 106.68085999958943, -6.686539999820997, 0.0 ], [ 106.680749999912777, -6.686570000305139, 0.0 ], [ 106.680640000236025, -6.686570000305139, 0.0 ], [ 106.680560000144055, -6.68657999986694, 0.0 ], [ 106.680469999590997, -6.68659000032811, 0.0 ], [ 106.680399999960201, -6.68657999986694, 0.0 ], [ 106.680310000306434, -6.686570000305139, 0.0 ], [ 106.680250000237521, -6.686550000282168, 0.0 ], [ 106.680179999707349, -6.686530000259197, 0.0 ], [ 106.680110000076624, -6.686490000213166, 0.0 ], [ 106.680050000007625, -6.686430000144252, 0.0 ], [ 106.680029999984654, -6.686350000052279, 0.0 ], [ 106.680035738558715, -6.686332783431084, 0.0 ], [ 106.680059999569522, -6.686260000398505, 0.0 ], [ 106.680130000099595, -6.686189999868422, 0.0 ], [ 106.680190000168508, -6.686109999776537, 0.0 ], [ 106.680270000260492, -6.686040000145734, 0.0 ], [ 106.680330000329405, -6.685969999615651, 0.0 ], [ 106.680370000375348, -6.685920000007819, 0.0 ], [ 106.680419999983172, -6.685850000377016, 0.0 ], [ 106.680440000006143, -6.68573999980099, 0.0 ], [ 106.680449999568026, -6.685639999686046, 0.0 ], [ 106.680460000029115, -6.685570000055332, 0.0 ], [ 106.680460000029115, -6.685489999963359, 0.0 ], [ 106.680440000006143, -6.685420000332645, 0.0 ], [ 106.680399999960201, -6.685340000240672, 0.0 ], [ 106.680339999891288, -6.685289999733559, 0.0 ], [ 106.680259999799318, -6.685269999710588, 0.0 ], [ 106.680159999684378, -6.685229999664646, 0.0 ], [ 106.680090000053568, -6.685209999641586, 0.0 ], [ 106.680029999984654, -6.685189999618615, 0.0 ], [ 106.679969999915741, -6.685169999595644, 0.0 ], [ 106.679860000238989, -6.685130000448982, 0.0 ], [ 106.679749999662974, -6.685099999964841, 0.0 ], [ 106.67965000044731, -6.685059999918899, 0.0 ], [ 106.679579999917223, -6.685030000334127, 0.0 ], [ 106.67951999984831, -6.684999999849897, 0.0 ], [ 106.67943339963189, -6.68497113341088, 0.0 ], [ 106.679430000194543, -6.684970000265125, 0.0 ], [ 106.679359999664456, -6.684919999758012, 0.0 ], [ 106.679310000056617, -6.68487999971207, 0.0 ], [ 106.679260000448878, -6.684850000127298, 0.0 ], [ 106.679209999941676, -6.684799999620097, 0.0 ], [ 106.679160000333937, -6.684759999574155, 0.0 ], [ 106.67908999980385, -6.68464999989741, 0.0 ], [ 106.679040000196011, -6.684589999828496, 0.0 ], [ 106.679000000150069, -6.684500000174722, 0.0 ], [ 106.678969999665938, -6.684429999644639, 0.0 ], [ 106.678940000081155, -6.684349999552666, 0.0 ], [ 106.678909999596925, -6.684250000337091, 0.0 ], [ 106.678869999550983, -6.684159999784036, 0.0 ], [ 106.678850000427389, -6.684099999715034, 0.0 ], [ 106.678819999943244, -6.684039999646121, 0.0 ], [ 106.678799999920187, -6.683979999577119, 0.0 ], [ 106.678770000335419, -6.683909999946405, 0.0 ], [ 106.678730000289477, -6.683829999854431, 0.0 ], [ 106.678690000243449, -6.683729999739487, 0.0 ], [ 106.67865999975939, -6.683640000085802, 0.0 ], [ 106.678630000174536, -6.683559999993829, 0.0 ], [ 106.678590000128594, -6.683479999901945, 0.0 ], [ 106.678550000082652, -6.683379999787, 0.0 ], [ 106.678519999598421, -6.683290000133226, 0.0 ], [ 106.678479999552479, -6.683219999603143, 0.0 ], [ 106.678460000428871, -6.683129999949369, 0.0 ], [ 106.678440000405899, -6.683040000295595, 0.0 ], [ 106.678401286390439, -6.682943215257033, 0.0 ], [ 106.678400000359872, -6.68294000018065, 0.0 ], [ 106.678380000336901, -6.682860000088766, 0.0 ], [ 106.678340000290959, -6.682800000019853, 0.0 ], [ 106.678340000290959, -6.68271999992788, 0.0 ], [ 106.678309999806814, -6.682659999858966, 0.0 ], [ 106.678289999783843, -6.682570000205192, 0.0 ], [ 106.678260000199074, -6.68251000013619, 0.0 ], [ 106.678229999714929, -6.682430000044306, 0.0 ], [ 106.678209999691873, -6.682369999975393, 0.0 ], [ 106.678169999645931, -6.682309999906391, 0.0 ], [ 106.678140000061148, -6.682260000298648, 0.0 ], [ 106.678089999554047, -6.682209999791535, 0.0 ], [ 106.678019999923237, -6.682149999722533, 0.0 ], [ 106.677959999854323, -6.68210000011479, 0.0 ], [ 106.677899999785325, -6.682060000068759, 0.0 ], [ 106.677830000154614, -6.682020000022817, 0.0 ], [ 106.677759999624442, -6.681990000438045, 0.0 ], [ 106.677680000431835, -6.681970000415074, 0.0 ], [ 106.677589999878776, -6.681950000392014, 0.0 ], [ 106.677509999786807, -6.681959999953815, 0.0 ], [ 106.677400000110055, -6.681979999976875, 0.0 ], [ 106.677309999557011, -6.682020000022817, 0.0 ], [ 106.677230000364403, -6.682040000045788, 0.0 ], [ 106.677130000249463, -6.682080000091819, 0.0 ], [ 106.677050000157578, -6.682109999676591, 0.0 ], [ 106.676979999627491, -6.682120000137761, 0.0 ], [ 106.676909999996695, -6.682129999699562, 0.0 ], [ 106.676820000342914, -6.682129999699562, 0.0 ], [ 106.676740000250945, -6.682109999676591, 0.0 ], [ 106.676680000182031, -6.68208999965362, 0.0 ], [ 106.676620000113118, -6.682060000068759, 0.0 ], [ 106.676540000021134, -6.681999999999846, 0.0 ], [ 106.676479999952221, -6.681919999907873, 0.0 ], [ 106.676410000321425, -6.681819999793017, 0.0 ], [ 106.676359999814309, -6.681730000139243, 0.0 ], [ 106.676299999745396, -6.6816399995861, 0.0 ], [ 106.676270000160542, -6.681569999955386, 0.0 ], [ 106.676239999676397, -6.681520000347554, 0.0 ], [ 106.676210000091629, -6.681460000278641, 0.0 ], [ 106.676150000022631, -6.681420000232698, 0.0 ], [ 106.676089999953717, -6.681369999725497, 0.0 ], [ 106.676040000345878, -6.681309999656584, 0.0 ], [ 106.675980000276965, -6.681269999610642, 0.0 ], [ 106.675929999769849, -6.681210000441009, 0.0 ], [ 106.67588000016211, -6.681179999956868, 0.0 ], [ 106.675809999631937, -6.681130000349036, 0.0 ], [ 106.675740000001127, -6.681090000303094, 0.0 ], [ 106.675659999909243, -6.681070000280123, 0.0 ], [ 106.67559999984033, -6.681050000257152, 0.0 ], [ 106.675530000209534, -6.681039999795981, 0.0 ], [ 106.675459999679362, -6.681039999795981, 0.0 ], [ 106.67537000002568, -6.681039999795981, 0.0 ], [ 106.67530000039487, -6.681039999795981, 0.0 ], [ 106.675169999795884, -6.681059999818952, 0.0 ], [ 106.6750899997039, -6.681079999842012, 0.0 ], [ 106.675020000073104, -6.681090000303094, 0.0 ], [ 106.674919999958249, -6.681110000326065, 0.0 ], [ 106.674819999843294, -6.681099999864983, 0.0 ], [ 106.674730000189527, -6.681070000280123, 0.0 ], [ 106.674630000074586, -6.680999999750039, 0.0 ], [ 106.674549999982702, -6.680919999658066, 0.0 ], [ 106.674500000374863, -6.680830000004292, 0.0 ], [ 106.674460000328921, -6.680729999889436, 0.0 ], [ 106.674409999821819, -6.680669999820434, 0.0 ], [ 106.674400000260007, -6.680609999751521, 0.0 ], [ 106.674369999775777, -6.680529999659637, 0.0 ], [ 106.674329999729835, -6.680419999982892, 0.0 ], [ 106.674309999706864, -6.680330000329118, 0.0 ], [ 106.674280000122096, -6.680239999775974, 0.0 ], [ 106.674200000030211, -6.680170000145171, 0.0 ], [ 106.674099999915271, -6.680119999638148, 0.0 ], [ 106.674019999823287, -6.680090000053287, 0.0 ], [ 106.673919999708431, -6.680059999569146, 0.0 ], [ 106.673819999593491, -6.680040000445544, 0.0 ], [ 106.673749999962695, -6.680029999984374, 0.0 ], [ 106.673649999847754, -6.680020000422573, 0.0 ], [ 106.673549999732899, -6.680000000399602, 0.0 ], [ 106.673429999594973, -6.679980000376542, 0.0 ], [ 106.673339999941206, -6.679960000353571, 0.0 ], [ 106.673230000264454, -6.679929999869429, 0.0 ], [ 106.673130000149598, -6.679889999823487, 0.0 ], [ 106.673039999596455, -6.679840000215655, 0.0 ], [ 106.672980000426833, -6.679800000169713, 0.0 ], [ 106.672909999896746, -6.6797400001008, 0.0 ], [ 106.672860000288907, -6.679700000054858, 0.0 ], [ 106.67280999978189, -6.679639999985856, 0.0 ], [ 106.672769999735863, -6.679579999916854, 0.0 ], [ 106.672729999689921, -6.67951000028614, 0.0 ], [ 106.672709999666949, -6.679450000217138, 0.0 ], [ 106.672649999597937, -6.679359999664083, 0.0 ], [ 106.672620000013168, -6.679270000010309, 0.0 ], [ 106.672559999944255, -6.679189999918336, 0.0 ], [ 106.672450000267503, -6.679120000287622, 0.0 ], [ 106.672365294922642, -6.679096899402239, 0.0 ], [ 106.672339999691388, -6.67908999980348, 0.0 ], [ 106.672209999991679, -6.679100000264651, 0.0 ], [ 106.672129999899795, -6.679100000264651, 0.0 ], [ 106.672049999807825, -6.679120000287622, 0.0 ], [ 106.671960000154044, -6.679149999872394, 0.0 ], [ 106.671869999601, -6.679169999895365, 0.0 ], [ 106.671770000385422, -6.679229999964367, 0.0 ], [ 106.671690000293438, -6.679270000010309, 0.0 ], [ 106.671639999786336, -6.679319999618141, 0.0 ], [ 106.671570000155526, -6.679370000125253, 0.0 ], [ 106.671490000063642, -6.679459999779027, 0.0 ], [ 106.671420000432846, -6.679539999870912, 0.0 ], [ 106.671380000386904, -6.679610000401084, 0.0 ], [ 106.671349999902759, -6.679669999570628, 0.0 ], [ 106.671280000271963, -6.679769999685572, 0.0 ], [ 106.671189999718905, -6.679829999754574, 0.0 ], [ 106.671080000042153, -6.679840000215655, 0.0 ], [ 106.670950000342444, -6.679829999754574, 0.0 ], [ 106.670839999766415, -6.679780000146742, 0.0 ], [ 106.670750000112633, -6.67972999963963, 0.0 ], [ 106.670690000043635, -6.679680000031798, 0.0 ], [ 106.670620000412839, -6.679639999985856, 0.0 ], [ 106.670549999882752, -6.679559999893883, 0.0 ], [ 106.670480000251956, -6.679499999824969, 0.0 ], [ 106.67042999974484, -6.679450000217138, 0.0 ], [ 106.670369999675927, -6.679379999687054, 0.0 ], [ 106.670309999606928, -6.67931000005634, 0.0 ], [ 106.670230000414321, -6.679229999964367, 0.0 ], [ 106.670170000345408, -6.679149999872394, 0.0 ], [ 106.670119999838292, -6.679060000218708, 0.0 ], [ 106.67007999979235, -6.679000000149706, 0.0 ], [ 106.670039999746407, -6.678929999619623, 0.0 ], [ 106.67001000016154, -6.678850000427019, 0.0 ], [ 106.669979999677409, -6.678759999873964, 0.0 ], [ 106.669959999654438, -6.678679999781991, 0.0 ], [ 106.669950000092626, -6.678610000151277, 0.0 ], [ 106.669950000092626, -6.678539999621105, 0.0 ], [ 106.669959999654438, -6.678479999552192, 0.0 ], [ 106.669990000138569, -6.678420000382559, 0.0 ], [ 106.670039999746407, -6.678340000290675, 0.0 ], [ 106.670099999815321, -6.678280000221672, 0.0 ], [ 106.670139999861263, -6.678220000152759, 0.0 ], [ 106.670159999884234, -6.678160000083757, 0.0 ], [ 106.670179999907205, -6.678079999991873, 0.0 ], [ 106.67021000039135, -6.677959999853957, 0.0 ], [ 106.670199999930176, -6.677850000177212, 0.0 ], [ 106.670170000345408, -6.677759999624158, 0.0 ], [ 106.670119999838292, -6.677699999555156, 0.0 ], [ 106.670059999769379, -6.677640000385523, 0.0 ], [ 106.66999999970038, -6.677600000339581, 0.0 ], [ 106.669950000092626, -6.677569999855439, 0.0 ], [ 106.669879999562554, -6.677540000270668, 0.0 ], [ 106.669829999954715, -6.677489999763466, 0.0 ], [ 106.66974999986283, -6.677460000178694, 0.0 ], [ 106.669689999793832, -6.677420000132752, 0.0 ], [ 106.669620000163036, -6.67738000008681, 0.0 ], [ 106.669540000071052, -6.677349999602669, 0.0 ], [ 106.669459999979168, -6.677320000017808, 0.0 ], [ 106.669399999910254, -6.677290000433036, 0.0 ], [ 106.669339999841256, -6.677270000410065, 0.0 ], [ 106.669259999749372, -6.677250000387094, 0.0 ], [ 106.669210000141533, -6.677210000341063, 0.0 ], [ 106.66913999961146, -6.677170000295121, 0.0 ], [ 106.669049999957679, -6.677090000203147, 0.0 ], [ 106.668980000326968, -6.677010000111263, 0.0 ], [ 106.668969999865794, -6.67691999955812, 0.0 ], [ 106.668980000326968, -6.676849999927406, 0.0 ], [ 106.669000000349939, -6.676760000273632, 0.0 ], [ 106.66902000037291, -6.676689999743548, 0.0 ], [ 106.669049999957679, -6.676609999651575, 0.0 ], [ 106.669080000441824, -6.676540000020861, 0.0 ], [ 106.669090000003706, -6.676470000390058, 0.0 ], [ 106.669099999565518, -6.676390000298085, 0.0 ], [ 106.669110000026677, -6.6763100002062, 0.0 ], [ 106.669110000026677, -6.676250000137287, 0.0 ], [ 106.669099999565518, -6.676179999607115, 0.0 ], [ 106.669091289631496, -6.676149515287779, 0.0 ], [ 106.669080000441824, -6.676109999976312, 0.0 ], [ 106.669060000418852, -6.676020000322538, 0.0 ], [ 106.669040000395881, -6.675949999792543, 0.0 ], [ 106.669009999911736, -6.67586999970057, 0.0 ], [ 106.668980000326968, -6.675780000046796, 0.0 ], [ 106.668949999842738, -6.675730000438964, 0.0 ], [ 106.668889999773825, -6.67565000034708, 0.0 ], [ 106.668840000166, -6.675570000255195, 0.0 ], [ 106.668789999658969, -6.675510000186193, 0.0 ], [ 106.668709999567, -6.67543000009422, 0.0 ], [ 106.668650000397363, -6.675359999564225, 0.0 ], [ 106.668599999890247, -6.675269999910451, 0.0 ], [ 106.668559999844305, -6.67522000030262, 0.0 ], [ 106.668519999798278, -6.675140000210646, 0.0 ], [ 106.668494087632183, -6.675062262812972, 0.0 ], [ 106.668490000213509, -6.675049999657592, 0.0 ], [ 106.668479999752336, -6.674969999565707, 0.0 ], [ 106.668499999775307, -6.674879999911933, 0.0 ], [ 106.668539999821249, -6.674790000258159, 0.0 ], [ 106.668599999890247, -6.674710000166186, 0.0 ], [ 106.668621903778018, -6.674666193290015, 0.0 ], [ 106.66863999993619, -6.674630000074302, 0.0 ], [ 106.668700000005202, -6.674549999982329, 0.0 ], [ 106.668749999612942, -6.674489999913416, 0.0 ], [ 106.668780000097087, -6.674420000282613, 0.0 ], [ 106.668780000097087, -6.674349999752529, 0.0 ], [ 106.668749999612942, -6.674240000075784, 0.0 ], [ 106.668690000443306, -6.674159999983811, 0.0 ], [ 106.668610000351421, -6.674099999914898, 0.0 ], [ 106.668550000282423, -6.674030000284095, 0.0 ], [ 106.668499999775307, -6.673999999800042, 0.0 ], [ 106.668439999706393, -6.673970000215181, 0.0 ], [ 106.668370000075683, -6.67395000019221, 0.0 ], [ 106.668269999960728, -6.673919999708069, 0.0 ], [ 106.668200000329932, -6.673870000100237, 0.0 ], [ 106.668140000260934, -6.673819999593125, 0.0 ], [ 106.66808000019202, -6.673780000446552, 0.0 ], [ 106.668029999684904, -6.673729999939351, 0.0 ], [ 106.667960000054109, -6.673669999870437, 0.0 ], [ 106.667890000423384, -6.673609999801524, 0.0 ], [ 106.667819999893212, -6.67352000014775, 0.0 ], [ 106.667750000262501, -6.673440000055777, 0.0 ], [ 106.667679999732414, -6.673359999963893, 0.0 ], [ 106.667610000101618, -6.67329000033309, 0.0 ], [ 106.667559999594502, -6.673230000264176, 0.0 ], [ 106.667500000424866, -6.673159999734004, 0.0 ], [ 106.667400000309925, -6.67309000010329, 0.0 ], [ 106.66730000019507, -6.673039999596178, 0.0 ], [ 106.667209999641926, -6.673000000449516, 0.0 ], [ 106.667149999573013, -6.672989999988346, 0.0 ], [ 106.667079999942217, -6.672949999942404, 0.0 ], [ 106.667030000334378, -6.672900000334572, 0.0 ], [ 106.666979999827262, -6.672829999804488, 0.0 ], [ 106.666959999804291, -6.672760000173685, 0.0 ], [ 106.66693999978132, -6.672689999643602, 0.0 ], [ 106.666938949373119, -6.672686321416457, 0.0 ], [ 106.666919999758349, -6.672620000012799, 0.0 ], [ 106.666910000196552, -6.672530000359114, 0.0 ], [ 106.666890000173581, -6.672450000267141, 0.0 ], [ 106.666870000150524, -6.672359999714086, 0.0 ], [ 106.666839999666379, -6.672279999622113, 0.0 ], [ 106.666830000104582, -6.672219999553199, 0.0 ], [ 106.666819999643408, -6.672129999899425, 0.0 ], [ 106.666799999620437, -6.672049999807452, 0.0 ], [ 106.666770000035669, -6.671960000153678, 0.0 ], [ 106.666729999989727, -6.671889999623595, 0.0 ], [ 106.666680000381888, -6.671840000015852, 0.0 ], [ 106.666629999874772, -6.67179000040802, 0.0 ], [ 106.666580000266947, -6.671739999900907, 0.0 ], [ 106.666500000175063, -6.671659999809023, 0.0 ], [ 106.666449999667947, -6.671599999740021, 0.0 ], [ 106.666389999598948, -6.671550000132278, 0.0 ], [ 106.666339999991209, -6.671479999602106, 0.0 ], [ 106.66627999992221, -6.671389999948332, 0.0 ], [ 106.666239999876268, -6.671300000294558, 0.0 ], [ 106.666210000291485, -6.671220000202673, 0.0 ], [ 106.666179999807255, -6.67116000013376, 0.0 ], [ 106.666159999784284, -6.671089999603588, 0.0 ], [ 106.666110000176545, -6.671019999972874, 0.0 ], [ 106.666050000107631, -6.670959999903872, 0.0 ], [ 106.665990000038633, -6.670899999834958, 0.0 ], [ 106.665940000430879, -6.670859999789016, 0.0 ], [ 106.665869999900707, -6.670799999720014, 0.0 ], [ 106.665800000269996, -6.670739999651101, 0.0 ], [ 106.665740000200998, -6.670679999582187, 0.0 ], [ 106.665689999693882, -6.670629999974356, 0.0 ], [ 106.665640000086142, -6.670569999905442, 0.0 ], [ 106.665618777884461, -6.67054453380306, 0.0 ], [ 106.665604808715074, -6.670527771339465, 0.0 ], [ 106.665589999578941, -6.67050999983644, 0.0 ], [ 106.665550000432376, -6.670460000228697, 0.0 ], [ 106.665519999948231, -6.670380000136724, 0.0 ], [ 106.665479999902203, -6.670320000067722, 0.0 ], [ 106.665450000317421, -6.670259999998809, 0.0 ], [ 106.66543000029445, -6.670179999906924, 0.0 ], [ 106.66541999983329, -6.670119999837922, 0.0 ], [ 106.66541999983329, -6.670039999746038, 0.0 ], [ 106.66541999983329, -6.669930000069293, 0.0 ], [ 106.66543000029445, -6.669840000415519, 0.0 ], [ 106.665459999879232, -6.669749999862464, 0.0 ], [ 106.665490000363363, -6.669680000231661, 0.0 ], [ 106.665499999925174, -6.669609999701578, 0.0 ], [ 106.665519999948231, -6.669509999586634, 0.0 ], [ 106.665539999971202, -6.66943999995592, 0.0 ], [ 106.665559999994173, -6.669359999863946, 0.0 ], [ 106.665580000017144, -6.669270000210172, 0.0 ], [ 106.6656000000402, -6.669170000095317, 0.0 ], [ 106.665609999601998, -6.669099999565145, 0.0 ], [ 106.665620000063171, -6.669009999911371, 0.0 ], [ 106.665629999624969, -6.668929999819486, 0.0 ], [ 106.665629999624969, -6.668820000142741, 0.0 ], [ 106.665629999624969, -6.668720000027797, 0.0 ], [ 106.665620000063171, -6.668599999889882, 0.0 ], [ 106.6656000000402, -6.668490000213225, 0.0 ], [ 106.66556999955597, -6.668379999637111, 0.0 ], [ 106.665519999948231, -6.668280000421536, 0.0 ], [ 106.665499999925174, -6.668209999891452, 0.0 ], [ 106.665470000340392, -6.66814999982245, 0.0 ], [ 106.665431038112104, -6.668095454141767, 0.0 ], [ 106.66541999983329, -6.668080000191736, 0.0 ], [ 106.665370000225451, -6.667980000076792, 0.0 ], [ 106.66535000020248, -6.667899999984819, 0.0 ], [ 106.665319999718434, -6.667830000354016, 0.0 ], [ 106.665299999695364, -6.667739999800961, 0.0 ], [ 106.665290000133567, -6.667650000147187, 0.0 ], [ 106.665259999649422, -6.667570000055303, 0.0 ], [ 106.665250000087624, -6.667469999940447, 0.0 ], [ 106.665250000087624, -6.667409999871445, 0.0 ], [ 106.665230000064653, -6.667329999779472, 0.0 ], [ 106.66521999960348, -6.667269999710559, 0.0 ], [ 106.665199999580423, -6.667169999595703, 0.0 ], [ 106.665199999580423, -6.66707000038004, 0.0 ], [ 106.665179999557452, -6.666970000265184, 0.0 ], [ 106.665149999972684, -6.66685999968907, 0.0 ], [ 106.665120000387901, -6.666779999597185, 0.0 ], [ 106.665080000341874, -6.666700000404582, 0.0 ], [ 106.665049999857828, -6.666629999874409, 0.0 ], [ 106.665009999811886, -6.666540000220635, 0.0 ], [ 106.664980000227018, -6.666449999667581, 0.0 ], [ 106.664940000181076, -6.666369999575608, 0.0 ], [ 106.664900000135049, -6.666250000337062, 0.0 ], [ 106.664869999650904, -6.666130000199146, 0.0 ], [ 106.664849999627933, -6.666050000107262, 0.0 ], [ 106.664829999604962, -6.66597999957709, 0.0 ], [ 106.664820000043164, -6.665909999946376, 0.0 ], [ 106.664800000020108, -6.665820000292602, 0.0 ], [ 106.664800000020108, -6.665808030316214, 0.0 ], [ 106.664800000020108, -6.665729999739547, 0.0 ], [ 106.664800000020108, -6.665660000108744, 0.0 ], [ 106.664820000043164, -6.665530000409028, 0.0 ], [ 106.664849999627933, -6.665410000271113, 0.0 ], [ 106.664889999673875, -6.665330000179228, 0.0 ], [ 106.664960000204047, -6.665239999626085, 0.0 ], [ 106.66502000027296, -6.6651499999724, 0.0 ], [ 106.665080000341874, -6.665069999880426, 0.0 ], [ 106.665120000387901, -6.665000000249712, 0.0 ], [ 106.665160000433843, -6.66494000018071, 0.0 ], [ 106.665210000041682, -6.664860000088737, 0.0 ], [ 106.665250000087624, -6.664779999996853, 0.0 ], [ 106.665290000133567, -6.664730000389021, 0.0 ], [ 106.665319999718434, -6.664659999858937, 0.0 ], [ 106.665359999764377, -6.664590000228134, 0.0 ], [ 106.665379999787348, -6.664519999698051, 0.0 ], [ 106.665410000271478, -6.664450000067248, 0.0 ], [ 106.665421534976048, -6.664421163305825, 0.0 ], [ 106.665450000317421, -6.664349999952393, 0.0 ], [ 106.665450000317421, -6.664260000298619, 0.0 ], [ 106.665439999856261, -6.664200000229616, 0.0 ], [ 106.66541999983329, -6.664120000137732, 0.0 ], [ 106.66541645920239, -6.664095213922874, 0.0 ], [ 106.665410000271478, -6.664049999607649, 0.0 ], [ 106.665379999787348, -6.663970000415045, 0.0 ], [ 106.665359999764377, -6.663879999861901, 0.0 ], [ 106.665310000156538, -6.663779999747046, 0.0 ], [ 106.665259999649422, -6.663690000093272, 0.0 ], [ 106.665210000041682, -6.663639999586159, 0.0 ], [ 106.665160000433843, -6.663569999955357, 0.0 ], [ 106.665109999926742, -6.663509999886443, 0.0 ], [ 106.665040000295932, -6.66344000025564, 0.0 ], [ 106.664960000204047, -6.663349999702586, 0.0 ], [ 106.664889999673875, -6.663289999633584, 0.0 ], [ 106.664829999604962, -6.66319999997981, 0.0 ], [ 106.664789999559019, -6.663130000349096, 0.0 ], [ 106.664759999974166, -6.663039999796041, 0.0 ], [ 106.664750000412369, -6.662939999681097, 0.0 ], [ 106.664750000412369, -6.662870000050294, 0.0 ], [ 106.664739999951195, -6.662789999958321, 0.0 ], [ 106.664739999951195, -6.662669999820494, 0.0 ], [ 106.664739999951195, -6.662600000189691, 0.0 ], [ 106.664739999951195, -6.662500000074747, 0.0 ], [ 106.664750000412369, -6.662399999959892, 0.0 ], [ 106.664750000412369, -6.662330000329089, 0.0 ], [ 106.664750000412369, -6.662259999799005, 0.0 ], [ 106.664759999974166, -6.662170000145231, 0.0 ], [ 106.66477000043534, -6.662070000030287, 0.0 ], [ 106.66477000043534, -6.661969999915431, 0.0 ], [ 106.664779999997137, -6.661880000261657, 0.0 ], [ 106.664789999559019, -6.661800000169684, 0.0 ], [ 106.664789999559019, -6.66170999961663, 0.0 ], [ 106.664800000020108, -6.661639999985827, 0.0 ], [ 106.664800000020108, -6.661550000332142, 0.0 ], [ 106.664820000043164, -6.661470000240168, 0.0 ], [ 106.664829999604962, -6.661399999710085, 0.0 ], [ 106.664840000066135, -6.661330000079282, 0.0 ], [ 106.664849999627933, -6.661270000010369, 0.0 ], [ 106.664849999627933, -6.661200000379566, 0.0 ], [ 106.664860000089107, -6.661109999826422, 0.0 ], [ 106.664869999650904, -6.661000000149766, 0.0 ], [ 106.664880000112078, -6.660889999573651, 0.0 ], [ 106.664889999673875, -6.660799999919877, 0.0 ], [ 106.664889999673875, -6.660730000289075, 0.0 ], [ 106.664900000135049, -6.66065000019719, 0.0 ], [ 106.664909999696846, -6.660579999667107, 0.0 ], [ 106.664909999696846, -6.660519999598105, 0.0 ], [ 106.664920000158105, -6.660449999967302, 0.0 ], [ 106.664920000158105, -6.660380000336588, 0.0 ], [ 106.664920000158105, -6.660309999806504, 0.0 ], [ 106.664920000158105, -6.660229999714531, 0.0 ], [ 106.664915946913609, -6.660185415824085, 0.0 ], [ 106.664909999696846, -6.660120000037786, 0.0 ], [ 106.664900000135049, -6.659999999899959, 0.0 ], [ 106.664900000135049, -6.659910000246185, 0.0 ], [ 106.664889999673875, -6.659819999693042, 0.0 ], [ 106.664880000112078, -6.659730000039268, 0.0 ], [ 106.664869999650904, -6.659640000385494, 0.0 ], [ 106.664860000089107, -6.659549999832439, 0.0 ], [ 106.664849999627933, -6.659460000178665, 0.0 ], [ 106.664840000066135, -6.659389999648582, 0.0 ], [ 106.664829999604962, -6.659309999556697, 0.0 ], [ 106.664820000043164, -6.659210000341123, 0.0 ], [ 106.664800000020108, -6.659110000226178, 0.0 ], [ 106.664779999997137, -6.659030000134205, 0.0 ], [ 106.664775741707231, -6.659017226163879, 0.0 ], [ 106.664759999974166, -6.658970000065292, 0.0 ], [ 106.664730000389397, -6.658909999996379, 0.0 ], [ 106.664690000343356, -6.658820000342605, 0.0 ], [ 106.664650000297414, -6.658769999835403, 0.0 ], [ 106.664599999790312, -6.65870999976649, 0.0 ], [ 106.664550000182558, -6.658640000135776, 0.0 ], [ 106.664479999652386, -6.658589999628663, 0.0 ], [ 106.664419999583473, -6.658529999559661, 0.0 ], [ 106.664360000413836, -6.658490000413089, 0.0 ], [ 106.664320000367894, -6.658410000321116, 0.0 ], [ 106.664269999860792, -6.658359999814003, 0.0 ], [ 106.66420999979178, -6.6582900001832, 0.0 ], [ 106.66416000018404, -6.658199999630146, 0.0 ], [ 106.664129999699895, -6.658139999561143, 0.0 ], [ 106.664120000138098, -6.658080000391511, 0.0 ], [ 106.664089999653953, -6.658000000299626, 0.0 ], [ 106.664069999630982, -6.657929999769543, 0.0 ], [ 106.664069999630982, -6.65786000013874, 0.0 ], [ 106.664060000069099, -6.657789999608568, 0.0 ], [ 106.664060000069099, -6.657719999977854, 0.0 ], [ 106.664069999630982, -6.65765999990894, 0.0 ], [ 106.664109999676924, -6.657559999793996, 0.0 ], [ 106.664140000161069, -6.657490000163193, 0.0 ], [ 106.664169999745837, -6.65743000009428, 0.0 ], [ 106.664180000207011, -6.657370000025278, 0.0 ], [ 106.66420999979178, -6.657300000394475, 0.0 ], [ 106.664249999837821, -6.657200000279619, 0.0 ], [ 106.664289999883763, -6.657109999726565, 0.0 ], [ 106.664320000367894, -6.657029999634592, 0.0 ], [ 106.664340000390865, -6.656950000441988, 0.0 ], [ 106.664360000413836, -6.656879999911904, 0.0 ], [ 106.664380000436807, -6.65679000025813, 0.0 ], [ 106.664389999998704, -6.656719999728047, 0.0 ], [ 106.664399999560501, -6.656639999636162, 0.0 ], [ 106.664410000021675, -6.65656000044347, 0.0 ], [ 106.664430000044646, -6.656489999913386, 0.0 ], [ 106.664439999606444, -6.656409999821413, 0.0 ], [ 106.664450000067617, -6.6563499997525, 0.0 ], [ 106.664470000090589, -6.656289999683587, 0.0 ], [ 106.664479999652386, -6.656209999591614, 0.0 ], [ 106.664510000136531, -6.656119999937928, 0.0 ], [ 106.664539999721399, -6.656050000307125, 0.0 ], [ 106.664553842985612, -6.656008472313015, 0.0 ], [ 106.664570000205529, -6.655959999754071, 0.0 ], [ 106.664599999790312, -6.655879999662098, 0.0 ], [ 106.664630000274443, -6.655790000008324, 0.0 ], [ 106.664650000297414, -6.65570999991635, 0.0 ], [ 106.664670000320385, -6.655620000262576, 0.0 ], [ 106.664670000320385, -6.655560000193663, 0.0 ], [ 106.664670000320385, -6.65548999966358, 0.0 ], [ 106.664670000320385, -6.655429999594578, 0.0 ], [ 106.664639999836339, -6.655350000402063, 0.0 ], [ 106.664619999813368, -6.65527000031009, 0.0 ], [ 106.664550000182558, -6.655170000195234, 0.0 ], [ 106.664479999652386, -6.655099999665062, 0.0 ], [ 106.664419999583473, -6.655050000057319, 0.0 ], [ 106.664329999929791, -6.655000000449487, 0.0 ], [ 106.664249999837821, -6.654949999942374, 0.0 ], [ 106.664149999722866, -6.654909999896432, 0.0 ], [ 106.664060000069099, -6.65486999985049, 0.0 ], [ 106.664009999561983, -6.654840000265629, 0.0 ], [ 106.663950000392362, -6.654829999804459, 0.0 ], [ 106.663859999839303, -6.654800000219687, 0.0 ], [ 106.663759999724363, -6.654780000196716, 0.0 ], [ 106.663699999655449, -6.654749999712575, 0.0 ], [ 106.663619999563466, -6.654740000150774, 0.0 ], [ 106.663529999909784, -6.654720000127714, 0.0 ], [ 106.663440000256003, -6.654700000104743, 0.0 ], [ 106.66336999972593, -6.654680000081772, 0.0 ], [ 106.663280000072149, -6.65464999959763, 0.0 ], [ 106.663199999980179, -6.654599999989799, 0.0 ], [ 106.663139999911266, -6.654559999943856, 0.0 ], [ 106.663090000303441, -6.654519999897914, 0.0 ], [ 106.663030000234428, -6.654459999829001, 0.0 ], [ 106.662990000188486, -6.654399999759999, 0.0 ], [ 106.66293999968147, -6.654339999691086, 0.0 ], [ 106.662919999658413, -6.654169999945427, 0.0 ], [ 106.663019999773354, -6.653730000339078, 0.0 ], [ 106.663050000257499, -6.653499999625136, 0.0 ], [ 106.662899999635442, -6.65336999992542, 0.0 ], [ 106.662580000167083, -6.653269999810476, 0.0 ], [ 106.662379999937201, -6.653189999718592, 0.0 ], [ 106.662150000122637, -6.652950000342042, 0.0 ], [ 106.662050000007682, -6.652640000435497, 0.0 ], [ 106.661949999892741, -6.652349999652554, 0.0 ], [ 106.661760000124104, -6.65209000025321, 0.0 ], [ 106.661590000378368, -6.651979999677096, 0.0 ], [ 106.661270000010646, -6.651930000069264, 0.0 ], [ 106.660989999688965, -6.651890000023322, 0.0 ], [ 106.660869999551053, -6.651769999885406, 0.0 ], [ 106.660900000035184, -6.651649999747491, 0.0 ], [ 106.661006251337611, -6.651556499033031, 0.0 ], [ 106.661149999872734, -6.651430000394001, 0.0 ], [ 106.661180705425409, -6.651368589288822, 0.0 ], [ 106.661200000379935, -6.651330000279145, 0.0 ], [ 106.661160000333993, -6.651170000095288, 0.0 ], [ 106.660929999619967, -6.650969999865399, 0.0 ], [ 106.660859999989157, -6.650900000234685, 0.0 ], [ 106.660759999874216, -6.650650000397054, 0.0 ], [ 106.660770000335475, -6.650319999568168, 0.0 ], [ 106.661689999594032, -6.650180000306563, 0.0 ], [ 106.662919999658413, -6.650100000214678, 0.0 ], [ 106.665129999949713, -6.650089999753508, 0.0 ], [ 106.665923931344565, -6.650098629647818, 0.0 ], [ 106.667890000423384, -6.650120000237649, 0.0 ], [ 106.668209000745009, -6.650035198665307, 0.0 ], [ 106.669594046628063, -6.649667009924389, 0.0 ], [ 106.66983467912732, -6.649630680911081, 0.0 ], [ 106.669823517641447, -6.649831980661194, 0.0 ], [ 106.670130789904192, -6.649835738028766, 0.0 ], [ 106.67036088234903, -6.649838551108047, 0.0 ], [ 106.670610235574117, -6.649438912175878, 0.0 ], [ 106.671039999996211, -6.649630000124276, 0.0 ] ] ] ] } },
{ "type": "Feature", "properties": { "PROVNO": "32", "KABKOTNO": "01", "KECNO": "030", "DESANO": "006", "PROVINSI": "JAWA BARAT", "KABKOT": "BOGOR", "KECAMATAN": "PAMIJAHAN", "ID2013": "3201030006", "DESA": "GUNUNG BUNDER 2", "DESA_1": "GUNUNG BUNDER 2", "ID2012": "3201030006", "IDKAB2": "3201", "IDKEC_2": "3201030", "WILAYAH": "BARAT" }, "geometry": { "type": "MultiPolygon", "coordinates": [ [ [ [ 106.693040000096104, -6.659010000111234, 0.0 ], [ 106.693140000211045, -6.659159999833921, 0.0 ], [ 106.693189999818784, -6.659440000155694, 0.0 ], [ 106.693169999795813, -6.659879999762044, 0.0 ], [ 106.69330999995671, -6.660140000060757, 0.0 ], [ 106.69361999986333, -6.660819999942849, 0.0 ], [ 106.693614465435402, -6.660859669038324, 0.0 ], [ 106.693559999794331, -6.661249999987398, 0.0 ], [ 106.693530000209563, -6.661439999756027, 0.0 ], [ 106.6936089588865, -6.661490246677406, 0.0 ], [ 106.69396999981582, -6.6617200000778, 0.0 ], [ 106.694179999607428, -6.661980000376602, 0.0 ], [ 106.694419999883252, -6.662820000442462, 0.0 ], [ 106.694820000342943, -6.663039999796041, 0.0 ], [ 106.69534000004117, -6.66344999981753, 0.0 ], [ 106.695839999716355, -6.664300000344561, 0.0 ], [ 106.696409999921698, -6.665270000110226, 0.0 ], [ 106.696719999828332, -6.665620000062802, 0.0 ], [ 106.697539999871225, -6.665689999693605, 0.0 ], [ 106.698000000399915, -6.665880000361515, 0.0 ], [ 106.698199999730349, -6.666580000266666, 0.0 ], [ 106.69843000044429, -6.666919999757983, 0.0 ], [ 106.698609999751824, -6.667329999779472, 0.0 ], [ 106.698614415423123, -6.667555148651019, 0.0 ], [ 106.698620000212998, -6.667839999915905, 0.0 ], [ 106.698359999914288, -6.66814999982245, 0.0 ], [ 106.698179999707378, -6.668700000004826, 0.0 ], [ 106.69821999975332, -6.669789999908406, 0.0 ], [ 106.698159999684407, -6.670030000184237, 0.0 ], [ 106.697909999846772, -6.670629999974356, 0.0 ], [ 106.698190000168537, -6.670990000388013, 0.0 ], [ 106.69817094443377, -6.671117042217602, 0.0 ], [ 106.698159999684407, -6.671189999718532, 0.0 ], [ 106.697270000010704, -6.672620000012799, 0.0 ], [ 106.696900000035157, -6.673150000172203, 0.0 ], [ 106.696309999806843, -6.6743699997755, 0.0 ], [ 106.696186519292581, -6.674795323345375, 0.0 ], [ 106.696129999600018, -6.674989999588679, 0.0 ], [ 106.69562000036295, -6.675820000092738, 0.0 ], [ 106.695589999878806, -6.67586999970057, 0.0 ], [ 106.695500000225039, -6.676029999884427, 0.0 ], [ 106.69530999955704, -6.676589999628604, 0.0 ], [ 106.695349999602982, -6.676689999743548, 0.0 ], [ 106.695398544107746, -6.676787087853633, 0.0 ], [ 106.695460000178997, -6.676909999996319, 0.0 ], [ 106.69552000024801, -6.677090000203147, 0.0 ], [ 106.695469999740894, -6.677320000017808, 0.0 ], [ 106.695329999580011, -6.677509999786437, 0.0 ], [ 106.695179999857231, -6.677549999832468, 0.0 ], [ 106.694999999650491, -6.677520000247608, 0.0 ], [ 106.694909999996725, -6.677540000270668, 0.0 ], [ 106.694904540212534, -6.677543754040851, 0.0 ], [ 106.694749999812771, -6.677649999947413, 0.0 ], [ 106.694640000136118, -6.677819999693071, 0.0 ], [ 106.694359999814338, -6.678269999760502, 0.0 ], [ 106.694270000160571, -6.678479999552192, 0.0 ], [ 106.694259999699398, -6.678559999644076, 0.0 ], [ 106.694279999722369, -6.67867000022019, 0.0 ], [ 106.694239999676427, -6.678730000289104, 0.0 ], [ 106.693989999838792, -6.678900000034762, 0.0 ], [ 106.69396999981582, -6.679000000149706, 0.0 ], [ 106.693989999838792, -6.67908999980348, 0.0 ], [ 106.694109999976718, -6.679270000010309, 0.0 ], [ 106.694339999791367, -6.679539999870912, 0.0 ], [ 106.694319999768396, -6.679789999708543, 0.0 ], [ 106.694310000206514, -6.679920000307629, 0.0 ], [ 106.694359999814338, -6.680199999730032, 0.0 ], [ 106.694399999860281, -6.680430000443973, 0.0 ], [ 106.694439999906223, -6.680549999682608, 0.0 ], [ 106.694479999952165, -6.680700000304665, 0.0 ], [ 106.694540000021163, -6.680749999912408, 0.0 ], [ 106.694689999743858, -6.680919999658066, 0.0 ], [ 106.694609999651973, -6.681210000441009, 0.0 ], [ 106.694580000067106, -6.681300000094783, 0.0 ], [ 106.694609999651973, -6.68144000025567, 0.0 ], [ 106.6947299997898, -6.681540000370525, 0.0 ], [ 106.695050000157522, -6.681730000139243, 0.0 ], [ 106.695139999811289, -6.681779999747075, 0.0 ], [ 106.69530999955704, -6.681799999770046, 0.0 ], [ 106.695540000270981, -6.681799999770046, 0.0 ], [ 106.695719999578529, -6.681910000346072, 0.0 ], [ 106.695750000062574, -6.681970000415074, 0.0 ], [ 106.695770000085545, -6.682200000229646, 0.0 ], [ 106.695779999647442, -6.682550000182133, 0.0 ], [ 106.695859999739326, -6.682619999812935, 0.0 ], [ 106.696079999992179, -6.682800000019853, 0.0 ], [ 106.69618000010712, -6.683339999740969, 0.0 ], [ 106.69618000010712, -6.683470000340055, 0.0 ], [ 106.696289999783872, -6.683519999947887, 0.0 ], [ 106.696539999621422, -6.683640000085802, 0.0 ], [ 106.696670000220507, -6.683829999854431, 0.0 ], [ 106.696920000058128, -6.684330000429064, 0.0 ], [ 106.697200000379908, -6.68487999971207, 0.0 ], [ 106.697370000125559, -6.685059999918899, 0.0 ], [ 106.697499999825283, -6.685130000448982, 0.0 ], [ 106.69790000028496, -6.685360000263643, 0.0 ], [ 106.698029999984684, -6.68550999998633, 0.0 ], [ 106.698079999592522, -6.685659999709017, 0.0 ], [ 106.698130000099539, -6.68573000023919, 0.0 ], [ 106.69825000023755, -6.685850000377016, 0.0 ], [ 106.698449999568055, -6.685920000007819, 0.0 ], [ 106.698709999866779, -6.686000000099703, 0.0 ], [ 106.698780000396852, -6.686029999684564, 0.0 ], [ 106.698990000188545, -6.68616999984545, 0.0 ], [ 106.699139999911239, -6.686319999568227, 0.0 ], [ 106.699260000049151, -6.686410000121281, 0.0 ], [ 106.699380000187062, -6.686430000144252, 0.0 ], [ 106.69958999997867, -6.686459999729024, 0.0 ], [ 106.699679999632437, -6.686530000259197, 0.0 ], [ 106.699719999678379, -6.686630000374052, 0.0 ], [ 106.699770000185495, -6.686690000442965, 0.0 ], [ 106.699939999931246, -6.686860000188712, 0.0 ], [ 106.699979999977188, -6.686909999796544, 0.0 ], [ 106.700049999607984, -6.686969999865457, 0.0 ], [ 106.700109999676897, -6.687069999980313, 0.0 ], [ 106.700169999745896, -6.687179999657058, 0.0 ], [ 106.700240000275983, -6.687330000279115, 0.0 ], [ 106.700309999906693, -6.687520000047833, 0.0 ], [ 106.700470000090647, -6.687720000277633, 0.0 ], [ 106.700550000182531, -6.687769999885376, 0.0 ], [ 106.700699999905225, -6.687849999977349, 0.0 ], [ 106.700779999997195, -6.687950000092293, 0.0 ], [ 106.700779999997195, -6.688030000184177, 0.0 ], [ 106.700800000020166, -6.688130000299122, 0.0 ], [ 106.700980000226991, -6.688500000274669, 0.0 ], [ 106.701100000364903, -6.688609999951414, 0.0 ], [ 106.701330000179567, -6.688609999951414, 0.0 ], [ 106.70145999987929, -6.688629999974385, 0.0 ], [ 106.701539999971175, -6.688759999674101, 0.0 ], [ 106.701640000086115, -6.689280000271616, 0.0 ], [ 106.701669999670884, -6.689559999694108, 0.0 ], [ 106.701749999762853, -6.689659999809052, 0.0 ], [ 106.70194999999265, -6.689829999554622, 0.0 ], [ 106.702170000245516, -6.689969999715597, 0.0 ], [ 106.702219999853256, -6.690049999807481, 0.0 ], [ 106.702339999991182, -6.690359999714115, 0.0 ], [ 106.702440000106122, -6.690559999943915, 0.0 ], [ 106.702509999736918, -6.690700000104712, 0.0 ], [ 106.702540000220978, -6.690920000357572, 0.0 ], [ 106.702600000289976, -6.691070000080259, 0.0 ], [ 106.702620000312947, -6.691179999757004, 0.0 ], [ 106.702629999874745, -6.691390000447974, 0.0 ], [ 106.702649999897716, -6.69174000040055, 0.0 ], [ 106.702709999966714, -6.691870000100266, 0.0 ], [ 106.702748652828262, -6.691927979392567, 0.0 ], [ 106.702850000127611, -6.692079999891956, 0.0 ], [ 106.703030000334437, -6.69217000044501, 0.0 ], [ 106.703400000309983, -6.692329999729587, 0.0 ], [ 106.703480000401868, -6.692380000236611, 0.0 ], [ 106.70367000017049, -6.692540000420557, 0.0 ], [ 106.703899999985154, -6.692630000074331, 0.0 ], [ 106.704189999868817, -6.692750000212158, 0.0 ], [ 106.704396345714912, -6.692844574717185, 0.0 ], [ 106.704430000144555, -6.692859999888903, 0.0 ], [ 106.704510000236539, -6.692910000396104, 0.0 ], [ 106.704829999704884, -6.693140000210676, 0.0 ], [ 106.705049999957652, -6.693289999933363, 0.0 ], [ 106.70517999965746, -6.693399999610108, 0.0 ], [ 106.705299999795372, -6.693590000278107, 0.0 ], [ 106.705370000325459, -6.693690000393051, 0.0 ], [ 106.705589999678949, -6.693920000207711, 0.0 ], [ 106.705769999885774, -6.69408999995337, 0.0 ], [ 106.706019999723409, -6.694299999745059, 0.0 ], [ 106.706239999976177, -6.694410000321085, 0.0 ], [ 106.706360000114088, -6.694510000436029, 0.0 ], [ 106.706480000252014, -6.694709999766548, 0.0 ], [ 106.706659999559548, -6.694959999604091, 0.0 ], [ 106.70681000018152, -6.695110000226148, 0.0 ], [ 106.706870000250518, -6.695250000387034, 0.0 ], [ 106.706899999835301, -6.695489999763495, 0.0 ], [ 106.706919999858272, -6.695549999832409, 0.0 ], [ 106.707019999973213, -6.695870000200213, 0.0 ], [ 106.707129999649965, -6.696050000407041, 0.0 ], [ 106.707229999764905, -6.696149999622616, 0.0 ], [ 106.707329999879761, -6.696280000221702, 0.0 ], [ 106.70745999957947, -6.696440000405559, 0.0 ], [ 106.707719999878279, -6.696739999850934, 0.0 ], [ 106.70788999962393, -6.697000000149735, 0.0 ], [ 106.708060000268958, -6.697260000448537, 0.0 ], [ 106.708319999668475, -6.697599999939854, 0.0 ], [ 106.708722967890822, -6.698002968162289, 0.0 ], [ 106.708800000219966, -6.698079999592146, 0.0 ], [ 106.709079999642455, -6.698270000260145, 0.0 ], [ 106.709350000402338, -6.698430000444002, 0.0 ], [ 106.70960999980187, -6.698529999659577, 0.0 ], [ 106.709780000446798, -6.698600000189661, 0.0 ], [ 106.709930000169578, -6.698749999912437, 0.0 ], [ 106.710209999591982, -6.698930000119265, 0.0 ], [ 106.710420000282951, -6.699139999910955, 0.0 ], [ 106.710549999982675, -6.699369999725526, 0.0 ], [ 106.710679999682469, -6.699610000001357, 0.0 ], [ 106.710779999797325, -6.699819999793046, 0.0 ], [ 106.710890000373439, -6.699930000369072, 0.0 ], [ 106.711040000096133, -6.700109999676531, 0.0 ], [ 106.711060000119105, -6.700220000252646, 0.0 ], [ 106.711060000119105, -6.700410000021364, 0.0 ], [ 106.711080000142076, -6.700479999652078, 0.0 ], [ 106.71116000023396, -6.700559999744051, 0.0 ], [ 106.711329999979711, -6.700639999835936, 0.0 ], [ 106.711430000094566, -6.700679999881878, 0.0 ], [ 106.711539999771304, -6.700779999996822, 0.0 ], [ 106.711699999955243, -6.700960000203651, 0.0 ], [ 106.711734013214311, -6.701042603832921, 0.0 ], [ 106.711769999586053, -6.701129999949398, 0.0 ], [ 106.711909999746851, -6.701179999557141, 0.0 ], [ 106.712089999953676, -6.701250000087313, 0.0 ], [ 106.712290000183572, -6.70137000022514, 0.0 ], [ 106.712459999929223, -6.701550000431968, 0.0 ], [ 106.712490000413368, -6.701620000062771, 0.0 ], [ 106.712529999560033, -6.701720000177716, 0.0 ], [ 106.712600000090106, -6.701869999900403, 0.0 ], [ 106.712720000228032, -6.701959999554177, 0.0 ], [ 106.712849999927741, -6.702059999669032, 0.0 ], [ 106.71303000013458, -6.702210000291089, 0.0 ], [ 106.713069215072352, -6.702236960167376, 0.0 ], [ 106.713190000318434, -6.702319999967834, 0.0 ], [ 106.7133400000412, -6.702389999598637, 0.0 ], [ 106.713629999924692, -6.702440000105749, 0.0 ], [ 106.71368999999369, -6.70248000015178, 0.0 ], [ 106.715220000402908, -6.704000000099732, 0.0 ], [ 106.716199999730378, -6.704769999635598, 0.0 ], [ 106.717139999911268, -6.705390000348057, 0.0 ], [ 106.718340000390867, -6.705999999700065, 0.0 ], [ 106.719450000317423, -6.706589999928383, 0.0 ], [ 106.720689999943687, -6.70761000020125, 0.0 ], [ 106.721810000331416, -6.708980000426514, 0.0 ], [ 106.721870000400415, -6.709039999596147, 0.0 ], [ 106.722499999775394, -6.70974999996238, 0.0 ], [ 106.723700000255093, -6.710930000418927, 0.0 ], [ 106.724500000275015, -6.711960000253594, 0.0 ], [ 106.725750000362439, -6.713090000203206, 0.0 ], [ 106.725895960330561, -6.713186405727836, 0.0 ], [ 106.727370000425424, -6.714160000083815, 0.0 ], [ 106.728349999752893, -6.714980000126705, 0.0 ], [ 106.729789999608968, -6.715929999869488, 0.0 ], [ 106.730827622996628, -6.716538606171554, 0.0 ], [ 106.730828519620729, -6.716539132274981, 0.0 ], [ 106.730362130308222, -6.716791149291925, 0.0 ], [ 106.72995524373961, -6.717003523293776, 0.0 ], [ 106.729951302910436, -6.717005580043391, 0.0 ], [ 106.729950156274853, -6.717006178991838, 0.0 ], [ 106.72943047493662, -6.717272320760816, 0.0 ], [ 106.729202470717652, -6.717389087835937, 0.0 ], [ 106.727997040131456, -6.717815860213552, 0.0 ], [ 106.72789021416223, -6.717853048079494, 0.0 ], [ 106.727142528605029, -6.718041867038362, 0.0 ], [ 106.726196497570456, -6.718092426923796, 0.0 ], [ 106.725242825895847, -6.718351342640219, 0.0 ], [ 106.724441727803622, -6.719022256671661, 0.0 ], [ 106.723701683785833, -6.719923459200086, 0.0 ], [ 106.722946382769521, -6.720842336104784, 0.0 ], [ 106.7223054988999, -6.721445062639333, 0.0 ], [ 106.721473886810571, -6.722196544234951, 0.0 ], [ 106.720527855776083, -6.723015293320902, 0.0 ], [ 106.719337657906763, -6.724093416777546, 0.0 ], [ 106.718322956439465, -6.725227324281438, 0.0 ], [ 106.717163272567149, -6.726507155780439, 0.0 ], [ 106.716346941758076, -6.727317296555881, 0.0 ], [ 106.716346627894737, -6.727317544768709, 0.0 ], [ 106.716346314031313, -6.727317792981538, 0.0 ], [ 106.716050000007684, -6.727270000310117, 0.0 ], [ 106.71545999977937, -6.725790000408018, 0.0 ], [ 106.715249999987677, -6.7249900003881, 0.0 ], [ 106.714770000335392, -6.722510000236195, 0.0 ], [ 106.714670000220536, -6.721819999892933, 0.0 ], [ 106.714650000197565, -6.720119999737975, 0.0 ], [ 106.714759999874303, -6.719100000364566, 0.0 ], [ 106.71488000001213, -6.718169999745562, 0.0 ], [ 106.714859999989159, -6.716480000051774, 0.0 ], [ 106.714779999897274, -6.715410000171254, 0.0 ], [ 106.714200000130035, -6.713609999901351, 0.0 ], [ 106.713870000200529, -6.712170000045283, 0.0 ], [ 106.712700000205061, -6.710099999914956, 0.0 ], [ 106.711470000140594, -6.70825000003731, 0.0 ], [ 106.710570000005646, -6.706739999651159, 0.0 ], [ 106.710269999660895, -6.706230000414095, 0.0 ], [ 106.709190000218484, -6.705139999611145, 0.0 ], [ 106.707089999603923, -6.703759999823902, 0.0 ], [ 106.704220000352876, -6.702360000013776, 0.0 ], [ 106.702859999689409, -6.701900000384544, 0.0 ], [ 106.702779113765232, -6.701042603832921, 0.0 ], [ 106.702759999574468, -6.700840000065824, 0.0 ], [ 106.702460000129093, -6.700220000252646, 0.0 ], [ 106.702159999784342, -6.699569999955415, 0.0 ], [ 106.701999999600488, -6.699449999817499, 0.0 ], [ 106.701780000246998, -6.69924000002581, 0.0 ], [ 106.701330000179567, -6.698870000050263, 0.0 ], [ 106.701100000364903, -6.698489999613635, 0.0 ], [ 106.701069999880758, -6.698430000444002, 0.0 ], [ 106.700909999696904, -6.698099999615117, 0.0 ], [ 106.700849999627991, -6.697989999938372, 0.0 ], [ 106.700699999905225, -6.697849999777574, 0.0 ], [ 106.700470000090647, -6.697689999593628, 0.0 ], [ 106.700419999583531, -6.697660000008856, 0.0 ], [ 106.700229999814809, -6.697590000378053, 0.0 ], [ 106.699910000346378, -6.697470000240138, 0.0 ], [ 106.699730000139553, -6.697350000102311, 0.0 ], [ 106.699500000324889, -6.697089999803509, 0.0 ], [ 106.699349999702918, -6.696710000266162, 0.0 ], [ 106.699289999633919, -6.696539999621134, 0.0 ], [ 106.699179999957181, -6.696329999829445, 0.0 ], [ 106.699039999796383, -6.696229999714589, 0.0 ], [ 106.698600000190027, -6.695970000315157, 0.0 ], [ 106.698449999568055, -6.695890000223184, 0.0 ], [ 106.69825000023755, -6.695779999647158, 0.0 ], [ 106.69796999991577, -6.695730000039326, 0.0 ], [ 106.69768999959399, -6.695620000362581, 0.0 ], [ 106.697559999894281, -6.695540000270608, 0.0 ], [ 106.697430000194473, -6.695340000040808, 0.0 ], [ 106.697200000379908, -6.695110000226148, 0.0 ], [ 106.697069999780908, -6.694999999650122, 0.0 ], [ 106.697009999711909, -6.69495000004229, 0.0 ], [ 106.696920000058128, -6.694869999950317, 0.0 ], [ 106.696830000404361, -6.694800000319603, 0.0 ], [ 106.696730000289421, -6.694709999766548, 0.0 ], [ 106.696619999713391, -6.694649999697546, 0.0 ], [ 106.696559999644393, -6.694620000112774, 0.0 ], [ 106.696490000013668, -6.694609999651604, 0.0 ], [ 106.696389999898727, -6.694510000436029, 0.0 ], [ 106.696360000313959, -6.694430000344056, 0.0 ], [ 106.696320000268017, -6.694350000252172, 0.0 ], [ 106.696229999714873, -6.694270000160198, 0.0 ], [ 106.696089999554076, -6.694210000091285, 0.0 ], [ 106.696030000384354, -6.694170000045254, 0.0 ], [ 106.695910000246528, -6.694009999861485, 0.0 ], [ 106.695830000154558, -6.693860000138709, 0.0 ], [ 106.695649999947719, -6.693690000393051, 0.0 ], [ 106.69540999967198, -6.693470000140191, 0.0 ], [ 106.695259999949201, -6.693289999933363, 0.0 ], [ 106.695170000295434, -6.693140000210676, 0.0 ], [ 106.695130000249492, -6.693020000072849, 0.0 ], [ 106.695079999742376, -6.692810000281071, 0.0 ], [ 106.694990000088609, -6.692630000074331, 0.0 ], [ 106.694829999904741, -6.692469999890385, 0.0 ], [ 106.694589999628917, -6.692249999637614, 0.0 ], [ 106.694040000345908, -6.691680000331548, 0.0 ], [ 106.693949999792849, -6.691589999778493, 0.0 ], [ 106.693690000393332, -6.691330000379061, 0.0 ], [ 106.693430000094622, -6.691070000080259, 0.0 ], [ 106.6932400003259, -6.690920000357572, 0.0 ], [ 106.693060000119075, -6.690789999758486, 0.0 ], [ 106.692879999912236, -6.690519999897884, 0.0 ], [ 106.692770000235498, -6.690310000106283, 0.0 ], [ 106.692590000028673, -6.689920000107765, 0.0 ], [ 106.69259999959047, -6.689340000340529, 0.0 ], [ 106.692650000097586, -6.688400000159724, 0.0 ], [ 106.692639999636498, -6.687749999862405, 0.0 ], [ 106.692590000028673, -6.687600000139717, 0.0 ], [ 106.692540000420834, -6.687370000325057, 0.0 ], [ 106.692429999844819, -6.686989999888429, 0.0 ], [ 106.692300000145096, -6.686670000419994, 0.0 ], [ 106.692139999961242, -6.686399999660111, 0.0 ], [ 106.691999999800345, -6.686209999891481, 0.0 ], [ 106.691700000354885, -6.685779999846932, 0.0 ], [ 106.69158999977887, -6.685639999686046, 0.0 ], [ 106.69152000014806, -6.685460000378587, 0.0 ], [ 106.690820000242994, -6.68507999994187, 0.0 ], [ 106.690769999735892, -6.685019999872868, 0.0 ], [ 106.690680000082111, -6.684859999689099, 0.0 ], [ 106.690499999875286, -6.684540000220665, 0.0 ], [ 106.69037999973736, -6.684360000013836, 0.0 ], [ 106.690310000106564, -6.683929999969376, 0.0 ], [ 106.690279999622504, -6.683740000200746, 0.0 ], [ 106.690250000037651, -6.683660000108773, 0.0 ], [ 106.69014999992271, -6.683419999832942, 0.0 ], [ 106.69010000031497, -6.683239999626114, 0.0 ], [ 106.690053838114324, -6.683001494922927, 0.0 ], [ 106.690040000245958, -6.682929999719569, 0.0 ], [ 106.689989999738856, -6.682530000159161, 0.0 ], [ 106.689860000039133, -6.682029999584618, 0.0 ], [ 106.68975000036238, -6.681699999655102, 0.0 ], [ 106.689732307100513, -6.681661666052854, 0.0 ], [ 106.689690000293467, -6.681569999955386, 0.0 ], [ 106.689610000201498, -6.681460000278641, 0.0 ], [ 106.689540338715858, -6.6812161850787, 0.0 ], [ 106.689530000109613, -6.681179999956868, 0.0 ], [ 106.689510000086642, -6.68101999977301, 0.0 ], [ 106.689479999602497, -6.680939999681037, 0.0 ], [ 106.68943999955647, -6.680350000352089, 0.0 ], [ 106.689420000432875, -6.680279999821916, 0.0 ], [ 106.689420000432875, -6.680210000191202, 0.0 ], [ 106.689420000432875, -6.680099999615177, 0.0 ], [ 106.689400000409904, -6.679849999777545, 0.0 ], [ 106.689402923206487, -6.679798850836196, 0.0 ], [ 106.689420000432875, -6.679499999824969, 0.0 ], [ 106.689429999994672, -6.679439999756056, 0.0 ], [ 106.689519999648439, -6.679160000333564, 0.0 ], [ 106.689570000155555, -6.678969999665565, 0.0 ], [ 106.689570000155555, -6.678810000381077, 0.0 ], [ 106.689570000155555, -6.678710000266133, 0.0 ], [ 106.689550000132584, -6.678469999990302, 0.0 ], [ 106.689450000017644, -6.678269999760502, 0.0 ], [ 106.689329999879732, -6.678129999599705, 0.0 ], [ 106.689169999695878, -6.678019999922959, 0.0 ], [ 106.688819999743387, -6.677859999739013, 0.0 ], [ 106.688480000251985, -6.677669999970384, 0.0 ], [ 106.688219999953176, -6.677540000270668, 0.0 ], [ 106.687970000115541, -6.677340000040868, 0.0 ], [ 106.687829999954744, -6.677250000387094, 0.0 ], [ 106.687509999587036, -6.676959999604151, 0.0 ], [ 106.6874500004174, -6.676889999973348, 0.0 ], [ 106.687299999795343, -6.676689999743548, 0.0 ], [ 106.687199999680402, -6.676540000020861, 0.0 ], [ 106.687099999565447, -6.676319999768001, 0.0 ], [ 106.687020000372939, -6.676239999676028, 0.0 ], [ 106.686909999796825, -6.676190000068285, 0.0 ], [ 106.686590000328394, -6.676100000414511, 0.0 ], [ 106.686479999752365, -6.676020000322538, 0.0 ], [ 106.686419999683451, -6.675900000184711, 0.0 ], [ 106.686339999591482, -6.675780000046796, 0.0 ], [ 106.686180000306905, -6.675710000415993, 0.0 ], [ 106.685830000354414, -6.675530000209164, 0.0 ], [ 106.685570000055606, -6.67522999986442, 0.0 ], [ 106.685509999986692, -6.675040000095791, 0.0 ], [ 106.685429999894808, -6.674890000373104, 0.0 ], [ 106.685349999802838, -6.674719999728076, 0.0 ], [ 106.68533511332501, -6.674663889226942, 0.0 ], [ 106.685220000103044, -6.674229999614614, 0.0 ], [ 106.685090000403321, -6.673879999662127, 0.0 ], [ 106.684990000288465, -6.673689999893408, 0.0 ], [ 106.684739999551553, -6.673250000287148, 0.0 ], [ 106.684649999897772, -6.673179999756975, 0.0 ], [ 106.684330000429341, -6.673000000449516, 0.0 ], [ 106.68431000040637, -6.67288999987349, 0.0 ], [ 106.684270000360428, -6.672609999551717, 0.0 ], [ 106.684199999830255, -6.672470000290112, 0.0 ], [ 106.683909999946678, -6.672140000360596, 0.0 ], [ 106.683769999785881, -6.671960000153678, 0.0 ], [ 106.683769999785881, -6.671889999623595, 0.0 ], [ 106.683809999831823, -6.671730000339107, 0.0 ], [ 106.683869999900736, -6.671519999648137, 0.0 ], [ 106.683979999577488, -6.671340000340589, 0.0 ], [ 106.684070000130632, -6.671189999718532, 0.0 ], [ 106.684110000176574, -6.671030000434044, 0.0 ], [ 106.684130000199545, -6.670480000251668, 0.0 ], [ 106.684090000153603, -6.670150000322153, 0.0 ], [ 106.684079999692429, -6.669789999908406, 0.0 ], [ 106.684059999669458, -6.669279999771973, 0.0 ], [ 106.684070000130632, -6.669049999957402, 0.0 ], [ 106.684098889052649, -6.668864287256895, 0.0 ], [ 106.684139999761342, -6.668599999889882, 0.0 ], [ 106.684290000383399, -6.668240000375505, 0.0 ], [ 106.684449999667976, -6.668040000145705, 0.0 ], [ 106.684720000427859, -6.667949999592651, 0.0 ], [ 106.684919999758293, -6.667830000354016, 0.0 ], [ 106.68507000038035, -6.667670000170247, 0.0 ], [ 106.685110000426292, -6.667619999663046, 0.0 ], [ 106.685200000080073, -6.667440000355587, 0.0 ], [ 106.685320000217985, -6.667220000102727, 0.0 ], [ 106.685400000309954, -6.667149999572644, 0.0 ], [ 106.685449999917779, -6.66705999991887, 0.0 ], [ 106.685489999963721, -6.66685999968907, 0.0 ], [ 106.685489999963721, -6.666729999989354, 0.0 ], [ 106.6854703866492, -6.666631935215452, 0.0 ], [ 106.685440000355896, -6.666480000151722, 0.0 ], [ 106.685309999756811, -6.666190000268148, 0.0 ], [ 106.685259293281973, -6.666120981797654, 0.0 ], [ 106.684950000242523, -6.665700000154775, 0.0 ], [ 106.684931904084266, -6.665693278621756, 0.0 ], [ 106.684600000289947, -6.665569999555689, 0.0 ], [ 106.684330000429341, -6.665359999764, 0.0 ], [ 106.6842300003144, -6.665270000110226, 0.0 ], [ 106.684079999692429, -6.665210000041313, 0.0 ], [ 106.68366999967094, -6.665319999718058, 0.0 ], [ 106.683609999601941, -6.665339999741029, 0.0 ], [ 106.683162978089157, -6.665377882782888, 0.0 ], [ 106.68302000027299, -6.665390000248141, 0.0 ], [ 106.68280999958202, -6.665410000271113, 0.0 ], [ 106.682599999790341, -6.665459999878944, 0.0 ], [ 106.682519999698357, -6.665479999901915, 0.0 ], [ 106.682389999998733, -6.665439999855973, 0.0 ], [ 106.682169999745867, -6.665399999810031, 0.0 ], [ 106.682000000000215, -6.665390000248141, 0.0 ], [ 106.681879999862304, -6.66537000022517, 0.0 ], [ 106.681690000093582, -6.665169999995371, 0.0 ], [ 106.68156999995567, -6.665029999834484, 0.0 ], [ 106.681420000232976, -6.664949999742511, 0.0 ], [ 106.681280000072093, -6.664909999696569, 0.0 ], [ 106.680789999958719, -6.665029999834484, 0.0 ], [ 106.680540000121084, -6.665069999880426, 0.0 ], [ 106.680461311240691, -6.665059270069076, 0.0 ], [ 106.680319999868317, -6.665040000295654, 0.0 ], [ 106.679969999915741, -6.664909999696569, 0.0 ], [ 106.679729999640003, -6.664840000065766, 0.0 ], [ 106.679579999917223, -6.664800000019824, 0.0 ], [ 106.679430000194543, -6.66471000036605, 0.0 ], [ 106.679359999664456, -6.664619999812995, 0.0 ], [ 106.679350000102559, -6.66451000013625, 0.0 ], [ 106.679310000056617, -6.664459999629138, 0.0 ], [ 106.679189999918705, -6.664360000413563, 0.0 ], [ 106.67900999971188, -6.664169999745564, 0.0 ], [ 106.678736183128507, -6.663857066250447, 0.0 ], [ 106.67865999975939, -6.663770000185156, 0.0 ], [ 106.678449999967697, -6.663549999932386, 0.0 ], [ 106.678400000359872, -6.663509999886443, 0.0 ], [ 106.678320000267988, -6.66344000025564, 0.0 ], [ 106.678240000176103, -6.663309999656555, 0.0 ], [ 106.678189999668902, -6.663150000372067, 0.0 ], [ 106.678140000061148, -6.663070000280094, 0.0 ], [ 106.678010000361354, -6.662859999589124, 0.0 ], [ 106.677899999785325, -6.662520000097718, 0.0 ], [ 106.677710000016603, -6.6619299998694, 0.0 ], [ 106.67750000022501, -6.661559999893942, 0.0 ], [ 106.677349999603038, -6.661419999733056, 0.0 ], [ 106.677119999788289, -6.661279999572169, 0.0 ], [ 106.677059999719376, -6.661189999918395, 0.0 ], [ 106.677070000180549, -6.661060000218679, 0.0 ], [ 106.677059999719376, -6.660920000057793, 0.0 ], [ 106.676999999650462, -6.66085999998888, 0.0 ], [ 106.676918680253024, -6.660828723366699, 0.0 ], [ 106.676869999950753, -6.660810000381048, 0.0 ], [ 106.676729999789771, -6.660819999942849, 0.0 ], [ 106.676629999674915, -6.66085999998888, 0.0 ], [ 106.676499999975192, -6.660830000404019, 0.0 ], [ 106.676350000252512, -6.660770000335106, 0.0 ], [ 106.676259999699454, -6.660710000266103, 0.0 ], [ 106.676191971382522, -6.660593377981829, 0.0 ], [ 106.676190000068658, -6.660590000128277, 0.0 ], [ 106.676170000045687, -6.660490000013333, 0.0 ], [ 106.676290000183513, -6.660260000198672, 0.0 ], [ 106.676319999768367, -6.660160000083728, 0.0 ], [ 106.676299999745396, -6.660089999553733, 0.0 ], [ 106.676239999676397, -6.660030000384012, 0.0 ], [ 106.676170000045687, -6.660010000361041, 0.0 ], [ 106.675980000276965, -6.659870000200243, 0.0 ], [ 106.675659999909243, -6.659400000109752, 0.0 ], [ 106.67559999984033, -6.659299999994897, 0.0 ], [ 106.675479999702418, -6.65893999958115, 0.0 ], [ 106.675249999887768, -6.658580000066774, 0.0 ], [ 106.674969999565988, -6.658319999768061, 0.0 ], [ 106.677508378309184, -6.657907280196653, 0.0 ], [ 106.678566140215338, -6.657735294747926, 0.0 ], [ 106.678863599075996, -6.657686930107545, 0.0 ], [ 106.679170851553764, -6.657621363235169, 0.0 ], [ 106.680469584104159, -6.65734421466361, 0.0 ], [ 106.680968681759452, -6.657077846265427, 0.0 ], [ 106.681263980448506, -6.656822231960327, 0.0 ], [ 106.68148769939792, -6.656341457991779, 0.0 ], [ 106.681792287184464, -6.655385615353673, 0.0 ], [ 106.68210835931356, -6.6549778483488, 0.0 ], [ 106.682425206658095, -6.654798223159322, 0.0 ], [ 106.68326774011426, -6.654587049752383, 0.0 ], [ 106.683650794648656, -6.654598301170491, 0.0 ], [ 106.683872956871681, -6.654604826651269, 0.0 ], [ 106.684508205589395, -6.654701856305447, 0.0 ], [ 106.685193902676687, -6.655046693250135, 0.0 ], [ 106.685578130826244, -6.655045382937921, 0.0 ], [ 106.685590723133529, -6.655045339770496, 0.0 ], [ 106.685729281681191, -6.655239132879522, 0.0 ], [ 106.685830000354414, -6.655379999986835, 0.0 ], [ 106.685910000446299, -6.655469999640609, 0.0 ], [ 106.686100000215021, -6.655680000331579, 0.0 ], [ 106.686189999868787, -6.655870000100297, 0.0 ], [ 106.686260000398875, -6.656320000167728, 0.0 ], [ 106.686280000421846, -6.656429999844473, 0.0 ], [ 106.686289999983643, -6.656489999913386, 0.0 ], [ 106.686339999591482, -6.65656000044347, 0.0 ], [ 106.686929999819796, -6.656739999751018, 0.0 ], [ 106.687009999911766, -6.656890000373075, 0.0 ], [ 106.687049999957708, -6.657160000233677, 0.0 ], [ 106.687049999957708, -6.657399999610139, 0.0 ], [ 106.687049999957708, -6.657869999700541, 0.0 ], [ 106.68709000000365, -6.658009999861427, 0.0 ], [ 106.687110000026706, -6.658230000114287, 0.0 ], [ 106.687103830677415, -6.658378067193862, 0.0 ], [ 106.687099999565447, -6.658470000390029, 0.0 ], [ 106.687093687224049, -6.658501562996513, 0.0 ], [ 106.687069999980679, -6.658620000112805, 0.0 ], [ 106.686920000257999, -6.659110000226178, 0.0 ], [ 106.688859999789329, -6.659079999742037, 0.0 ], [ 106.690330000129535, -6.659050000157176, 0.0 ], [ 106.690557371225879, -6.65904250430799, 0.0 ], [ 106.69123999982628, -6.659019999673124, 0.0 ], [ 106.693040000096104, -6.659010000111234, 0.0 ] ] ] ] } }
]
}
