{
"type": "FeatureCollection",
"name": "RUMPIN",
"crs": { "type": "name", "properties": { "name": "urn:ogc:def:crs:OGC:1.3:CRS84" } },
"features": [
{ "type": "Feature", "properties": { "PROVNO": "32", "KABKOTNO": "01", "KECNO": "260", "DESANO": "001", "PROVINSI": "JAWA BARAT", "KABKOT": "BOGOR", "KECAMATAN": "RUMPIN", "ID2013": "3201260001", "DESA": "LEUWIBATU", "DESA_1": "LEUWIBATU", "ID2012": "3201260001", "IDKAB2": "3201", "IDKEC_2": "3201260", "WILAYAH": "BARAT" }, "geometry": { "type": "MultiPolygon", "coordinates": [ [ [ [ 106.628940000181018, -6.507020000372545, 0.0 ], [ 106.629100000364872, -6.507529999609609, 0.0 ], [ 106.629239999626492, -6.507950000092269, 0.0 ], [ 106.629359999764318, -6.508300000044844, 0.0 ], [ 106.629459999879259, -6.508580000366617, 0.0 ], [ 106.6295599999942, -6.508799999720019, 0.0 ], [ 106.629640000086084, -6.508979999926936, 0.0 ], [ 106.62970999971688, -6.509120000087734, 0.0 ], [ 106.629789999808764, -6.509229999764479, 0.0 ], [ 106.629869999900748, -6.509329999879423, 0.0 ], [ 106.629929999969747, -6.509420000432478, 0.0 ], [ 106.62999000003866, -6.509510000086252, 0.0 ], [ 106.630059999669371, -6.509570000155254, 0.0 ], [ 106.630130000199543, -6.509630000224167, 0.0 ], [ 106.630199999830353, -6.50969000029308, 0.0 ], [ 106.630270000360341, -6.509739999900912, 0.0 ], [ 106.630339999991151, -6.509779999946854, 0.0 ], [ 106.63042000008312, -6.509829999554686, 0.0 ], [ 106.63050000017509, -6.509869999600628, 0.0 ], [ 106.630580000266974, -6.50990999964657, 0.0 ], [ 106.630689999943726, -6.509949999692601, 0.0 ], [ 106.630790000058667, -6.509980000176743, 0.0 ], [ 106.630899999735419, -6.510020000222685, 0.0 ], [ 106.631019999873246, -6.510049999807546, 0.0 ], [ 106.631160000034129, -6.510089999853488, 0.0 ], [ 106.631309999756894, -6.51012000033754, 0.0 ], [ 106.631469999940663, -6.510149999922401, 0.0 ], [ 106.631619999663442, -6.510189999968343, 0.0 ], [ 106.631779999847311, -6.510219999553115, 0.0 ], [ 106.631949999592962, -6.510250000037345, 0.0 ], [ 106.632109999776816, -6.510290000083288, 0.0 ], [ 106.632260000398873, -6.510319999668059, 0.0 ], [ 106.632410000121567, -6.510350000152201, 0.0 ], [ 106.632539999821276, -6.510370000175172, 0.0 ], [ 106.632670000420362, -6.510419999783004, 0.0 ], [ 106.632800000120085, -6.510450000267145, 0.0 ], [ 106.632909999796823, -6.510490000313087, 0.0 ], [ 106.633040000395823, -6.510530000359118, 0.0 ], [ 106.633159999634458, -6.51057000040506, 0.0 ], [ 106.633290000233544, -6.510609999551633, 0.0 ], [ 106.633439999956138, -6.510660000058834, 0.0 ], [ 106.633538615115199, -6.510692872078252, 0.0 ], [ 106.633589999678918, -6.510709999666577, 0.0 ], [ 106.633760000323946, -6.51076000017369, 0.0 ], [ 106.633930000069597, -6.510820000242603, 0.0 ], [ 106.634099999815263, -6.510869999850435, 0.0 ], [ 106.634269999561013, -6.510929999919437, 0.0 ], [ 106.634440000206041, -6.511000000449521, 0.0 ], [ 106.634600000389895, -6.511059999619153, 0.0 ], [ 106.634750000112575, -6.511119999688066, 0.0 ], [ 106.634890000273472, -6.51119000021815, 0.0 ], [ 106.635019999973181, -6.511239999825982, 0.0 ], [ 106.635129999649934, -6.511310000356065, 0.0 ], [ 106.635229999764874, -6.511370000424979, 0.0 ], [ 106.635329999879815, -6.5114299995947, 0.0 ], [ 106.635420000432873, -6.511489999663613, 0.0 ], [ 106.63549999962548, -6.511549999732527, 0.0 ], [ 106.635579999717365, -6.511580000216668, 0.0 ], [ 106.635659999809334, -6.511620000262699, 0.0 ], [ 106.635682349760827, -6.511632770635725, 0.0 ], [ 106.635730000339422, -6.511660000308641, 0.0 ], [ 106.635799999970132, -6.511680000331612, 0.0 ], [ 106.635880000062102, -6.511720000377554, 0.0 ], [ 106.635949999692912, -6.511740000400525, 0.0 ], [ 106.636020000222999, -6.511760000423497, 0.0 ], [ 106.636100000314883, -6.511780000446468, 0.0 ], [ 106.636169999945679, -6.511799999570158, 0.0 ], [ 106.636250000037649, -6.511819999593129, 0.0 ], [ 106.63633999969143, -6.5118399996161, 0.0 ], [ 106.636419999783399, -6.511859999639071, 0.0 ], [ 106.636510000336457, -6.511879999662042, 0.0 ], [ 106.636609999552036, -6.511899999685014, 0.0 ], [ 106.636709999666977, -6.511910000146184, 0.0 ], [ 106.636809999781832, -6.511930000169244, 0.0 ], [ 106.636920000357946, -6.511939999731045, 0.0 ], [ 106.637039999596482, -6.511950000192215, 0.0 ], [ 106.637159999734408, -6.511959999754016, 0.0 ], [ 106.637279999872234, -6.511970000215186, 0.0 ], [ 106.637409999572043, -6.511970000215186, 0.0 ], [ 106.637529999709869, -6.511990000238157, 0.0 ], [ 106.637649999847781, -6.511999999799958, 0.0 ], [ 106.63776000042381, -6.511999999799958, 0.0 ], [ 106.63785999963946, -6.512010000261128, 0.0 ], [ 106.637959999754315, -6.512019999823018, 0.0 ], [ 106.63805999986927, -6.512019999823018, 0.0 ], [ 106.63813999996124, -6.512030000284099, 0.0 ], [ 106.638220000053124, -6.512030000284099, 0.0 ], [ 106.638289999683934, -6.512039999845989, 0.0 ], [ 106.638360000214007, -6.51205000030707, 0.0 ], [ 106.638429999844817, -6.51205999986896, 0.0 ], [ 106.638500000374904, -6.512079999891931, 0.0 ], [ 106.638590000028671, -6.512110000376072, 0.0 ], [ 106.638690000143612, -6.512150000422015, 0.0 ], [ 106.638759999774322, -6.512180000006786, 0.0 ], [ 106.638819999843335, -6.512209999591647, 0.0 ], [ 106.638910000396379, -6.512249999637589, 0.0 ], [ 106.638989999588986, -6.512300000144702, 0.0 ], [ 106.639040000096102, -6.512340000190733, 0.0 ], [ 106.639089999703941, -6.512369999775505, 0.0 ], [ 106.639149999772854, -6.512420000282617, 0.0 ], [ 106.639240000325898, -6.51248999991342, 0.0 ], [ 106.639290176200831, -6.512556901379742, 0.0 ], [ 106.639300000394911, -6.512570000005304, 0.0 ], [ 106.639359999564448, -6.512639999636107, 0.0 ], [ 106.639399999610475, -6.512739999751052, 0.0 ], [ 106.639419999633446, -6.512819999842936, 0.0 ], [ 106.63943000009462, -6.512890000373019, 0.0 ], [ 106.639439999656418, -6.512969999565623, 0.0 ], [ 106.639450000117591, -6.513060000118767, 0.0 ], [ 106.639459999679389, -6.513160000233622, 0.0 ], [ 106.639459999679389, -6.513269999910367, 0.0 ], [ 106.639459999679389, -6.513399999610172, 0.0 ], [ 106.639479999702445, -6.513519999747999, 0.0 ], [ 106.639479999702445, -6.513650000347084, 0.0 ], [ 106.639479999702445, -6.5137800000468, 0.0 ], [ 106.639479999702445, -6.513909999746517, 0.0 ], [ 106.639479999702445, -6.514029999884432, 0.0 ], [ 106.639479999702445, -6.514139999561177, 0.0 ], [ 106.639479999702445, -6.514250000137203, 0.0 ], [ 106.639479999702445, -6.514350000252147, 0.0 ], [ 106.639479999702445, -6.514459999928892, 0.0 ], [ 106.639479999702445, -6.514549999582666, 0.0 ], [ 106.639490000163534, -6.514640000135721, 0.0 ], [ 106.639490000163534, -6.514729999789495, 0.0 ], [ 106.639499999725416, -6.514820000342549, 0.0 ], [ 106.639510000186505, -6.514919999558213, 0.0 ], [ 106.639510000186505, -6.515010000111268, 0.0 ], [ 106.639530000209476, -6.515110000226212, 0.0 ], [ 106.639539999771358, -6.515199999879897, 0.0 ], [ 106.639559999794329, -6.515299999994841, 0.0 ], [ 106.6395799998173, -6.515389999648615, 0.0 ], [ 106.639599999840271, -6.51548999976356, 0.0 ], [ 106.639630000324416, -6.515580000316614, 0.0 ], [ 106.639659999909284, -6.515660000408587, 0.0 ], [ 106.639699999955226, -6.515750000062273, 0.0 ], [ 106.639740000001169, -6.515830000154246, 0.0 ], [ 106.639780000047196, -6.515899999785049, 0.0 ], [ 106.639829999654935, -6.515990000338103, 0.0 ], [ 106.639880000162051, -6.516070000430076, 0.0 ], [ 106.639940000230965, -6.516140000060791, 0.0 ], [ 106.639989999838804, -6.516220000152675, 0.0 ], [ 106.640060000368877, -6.516289999783478, 0.0 ], [ 106.640109999976715, -6.51636000031365, 0.0 ], [ 106.640170000045629, -6.516429999944364, 0.0 ], [ 106.640230000114542, -6.516499999575167, 0.0 ], [ 106.640299999745338, -6.516559999644169, 0.0 ], [ 106.64037000027551, -6.516619999713082, 0.0 ], [ 106.640430000344423, -6.516679999781996, 0.0 ], [ 106.640499999975233, -6.516739999850909, 0.0 ], [ 106.640569999605944, -6.516799999919911, 0.0 ], [ 106.640649999697914, -6.516859999988824, 0.0 ], [ 106.640720000228001, -6.516920000057738, 0.0 ], [ 106.640789999858811, -6.516969999665569, 0.0 ], [ 106.641050000157605, -6.517109999826456, 0.0 ], [ 106.641320000018112, -6.517200000379511, 0.0 ], [ 106.641589999878718, -6.517249999987342, 0.0 ], [ 106.641619398716486, -6.517250865135207, 0.0 ], [ 106.641930000269497, -6.517260000448513, 0.0 ], [ 106.642289999783785, -6.517270000010313, 0.0 ], [ 106.642650000197534, -6.517310000056256, 0.0 ], [ 106.643020000173081, -6.5174100001712, 0.0 ], [ 106.643330000079629, -6.517539999871005, 0.0 ], [ 106.643630000424366, -6.517680000031802, 0.0 ], [ 106.643740000101104, -6.517760000123776, 0.0 ], [ 106.643789999708858, -6.51784000021566, 0.0 ], [ 106.643829999754885, -6.517969999915376, 0.0 ], [ 106.643870239919778, -6.51809072041031, 0.0 ], [ 106.64390999984677, -6.518210000191207, 0.0 ], [ 106.643949999892712, -6.518390000398036, 0.0 ], [ 106.643969999915683, -6.518460000028838, 0.0 ], [ 106.643989999938654, -6.518580000166665, 0.0 ], [ 106.643989999938654, -6.518669999820439, 0.0 ], [ 106.643989999938654, -6.518760000373582, 0.0 ], [ 106.643969999915683, -6.518839999566186, 0.0 ], [ 106.643940000330915, -6.518899999635099, 0.0 ], [ 106.64390999984677, -6.518959999704101, 0.0 ], [ 106.64386000023903, -6.519050000257156, 0.0 ], [ 106.643809999731914, -6.519130000349129, 0.0 ], [ 106.643769999685887, -6.519190000418043, 0.0 ], [ 106.643720000078133, -6.519269999610646, 0.0 ], [ 106.643716522399728, -6.519274869439542, 0.0 ], [ 106.643669999571031, -6.51934000014073, 0.0 ], [ 106.643619999963192, -6.519420000232703, 0.0 ], [ 106.64357999991725, -6.519469999840446, 0.0 ], [ 106.643530000309426, -6.519529999909448, 0.0 ], [ 106.64347999980231, -6.519600000439443, 0.0 ], [ 106.643419999733396, -6.519670000070246, 0.0 ], [ 106.6433500001026, -6.51975999972402, 0.0 ], [ 106.643299999595484, -6.519819999793022, 0.0 ], [ 106.643240000425848, -6.519890000323105, 0.0 ], [ 106.643189999918732, -6.519959999953908, 0.0 ], [ 106.643129999849819, -6.520029999584622, 0.0 ], [ 106.643080000241994, -6.520089999653536, 0.0 ], [ 106.643029999734878, -6.520149999722538, 0.0 ], [ 106.642989999688936, -6.52020999979154, 0.0 ], [ 106.642929999620023, -6.520289999883424, 0.0 ], [ 106.642889999573995, -6.520360000413508, 0.0 ], [ 106.642859999989213, -6.520430000044311, 0.0 ], [ 106.642830000404359, -6.520490000113224, 0.0 ], [ 106.642810000381388, -6.520559999744027, 0.0 ], [ 106.642790000358417, -6.520639999836, 0.0 ], [ 106.642759999874272, -6.520750000412026, 0.0 ], [ 106.642750000312475, -6.5208400000658, 0.0 ], [ 106.642739999851301, -6.520909999696602, 0.0 ], [ 106.642730000289504, -6.520980000226686, 0.0 ], [ 106.64271999982833, -6.521069999880371, 0.0 ], [ 106.642710000266447, -6.521160000433515, 0.0 ], [ 106.642710000266447, -6.521219999603147, 0.0 ], [ 106.642710000266447, -6.521330000179173, 0.0 ], [ 106.64271999982833, -6.521399999809976, 0.0 ], [ 106.642730000289504, -6.521470000340059, 0.0 ], [ 106.642739999851301, -6.521530000409062, 0.0 ], [ 106.642759032203713, -6.521625158574054, 0.0 ], [ 106.642759999874272, -6.521629999624636, 0.0 ], [ 106.642779999897243, -6.521740000200662, 0.0 ], [ 106.642799999920214, -6.521820000292635, 0.0 ], [ 106.642810000381388, -6.521889999923438, 0.0 ], [ 106.642810000381388, -6.521990000038294, 0.0 ], [ 106.642830000404359, -6.522090000153238, 0.0 ], [ 106.642830000404359, -6.522159999783952, 0.0 ], [ 106.642810000381388, -6.522250000337095, 0.0 ], [ 106.642790000358417, -6.52234999955267, 0.0 ], [ 106.642750000312475, -6.522449999667614, 0.0 ], [ 106.642710000266447, -6.522540000220669, 0.0 ], [ 106.642980000127039, -6.522790000058301, 0.0 ], [ 106.64314999987279, -6.52299999984999, 0.0 ], [ 106.643089999803792, -6.523070000380073, 0.0 ], [ 106.643060000219023, -6.523149999572677, 0.0 ], [ 106.643035064716642, -6.523434256385698, 0.0 ], [ 106.643009999711907, -6.523719999778024, 0.0 ], [ 106.643020000173081, -6.5240699997306, 0.0 ], [ 106.643120000288022, -6.524929999819431, 0.0 ], [ 106.64306999978082, -6.525099999565178, 0.0 ], [ 106.642839999966242, -6.525450000417035, 0.0 ], [ 106.642690000243476, -6.525580000116751, 0.0 ], [ 106.642479999552506, -6.525680000231695, 0.0 ], [ 106.642280000221987, -6.525720000277637, 0.0 ], [ 106.642039999946235, -6.525769999885469, 0.0 ], [ 106.641959999854265, -6.525860000438524, 0.0 ], [ 106.641839999716439, -6.526090000253095, 0.0 ], [ 106.641730000039701, -6.52642999974459, 0.0 ], [ 106.641710000016644, -6.526790000158158, 0.0 ], [ 106.641739999601498, -6.526879999811932, 0.0 ], [ 106.641870000200498, -6.526939999880934, 0.0 ], [ 106.642249999737842, -6.527030000433989, 0.0 ], [ 106.642360000313957, -6.527129999649652, 0.0 ], [ 106.642429999944767, -6.527309999856481, 0.0 ], [ 106.642438933809871, -6.527353676330918, 0.0 ], [ 106.642519999598449, -6.527750000362023, 0.0 ], [ 106.642519999598449, -6.527909999646599, 0.0 ], [ 106.642510000036651, -6.528040000245685, 0.0 ], [ 106.64263999973636, -6.528109999876488, 0.0 ], [ 106.642649035224991, -6.528390094626992, 0.0 ], [ 106.642650000197534, -6.528419999783033, 0.0 ], [ 106.642690000243476, -6.528740000150748, 0.0 ], [ 106.642779999897243, -6.528909999896406, 0.0 ], [ 106.642859999989213, -6.529039999596122, 0.0 ], [ 106.642980000127039, -6.529310000356094, 0.0 ], [ 106.643370000125572, -6.529680000331641, 0.0 ], [ 106.643639999986164, -6.529760000423526, 0.0 ], [ 106.644059999569464, -6.529769999985415, 0.0 ], [ 106.644640000235967, -6.529810000031357, 0.0 ], [ 106.644760000373893, -6.529810000031357, 0.0 ], [ 106.645119999888266, -6.529729999939384, 0.0 ], [ 106.645320000118062, -6.529700000354612, 0.0 ], [ 106.645389999748872, -6.529689999893442, 0.0 ], [ 106.645381049695814, -6.529760107442808, 0.0 ], [ 106.645329999679959, -6.530159999983844, 0.0 ], [ 106.645309999656988, -6.530500000374531, 0.0 ], [ 106.645309999656988, -6.530899999934849, 0.0 ], [ 106.645289999634016, -6.53132999997931, 0.0 ], [ 106.645240000026178, -6.531610000301082, 0.0 ], [ 106.645220000003206, -6.531719999977827, 0.0 ], [ 106.645099999865295, -6.532129999999317, 0.0 ], [ 106.644990000188557, -6.532660000158721, 0.0 ], [ 106.644959999704412, -6.532829999904468, 0.0 ], [ 106.644939999681441, -6.532919999558064, 0.0 ], [ 106.644979999727383, -6.53305999971904, 0.0 ], [ 106.645079999842324, -6.533190000318125, 0.0 ], [ 106.645289999634016, -6.533329999579642, 0.0 ], [ 106.645420000233102, -6.533400000109637, 0.0 ], [ 106.645261596345847, -6.533594045029059, 0.0 ], [ 106.64501999977341, -6.533890000223188, 0.0 ], [ 106.644540000121211, -6.534360000313502, 0.0 ], [ 106.644319999868259, -6.534940000080738, 0.0 ], [ 106.644299999845288, -6.535650000446971, 0.0 ], [ 106.644549999682923, -6.536620000212636, 0.0 ], [ 106.644422365200199, -6.537707706844955, 0.0 ], [ 106.644367866284156, -6.538119141285073, 0.0 ], [ 106.644500207818595, -6.538225331433658, 0.0 ], [ 106.644688126556062, -6.538250103259404, 0.0 ], [ 106.644901711944641, -6.538361102982417, 0.0 ], [ 106.644933798855902, -6.538858568368102, 0.0 ], [ 106.644279838843616, -6.539145032117446, 0.0 ], [ 106.64348118510874, -6.539384896595593, 0.0 ], [ 106.642922802345694, -6.539271824834749, 0.0 ], [ 106.642232909021715, -6.539093526145159, 0.0 ], [ 106.641295712927018, -6.538571341993684, 0.0 ], [ 106.640571765874498, -6.53801563201565, 0.0 ], [ 106.639519581563619, -6.537460991331514, 0.0 ], [ 106.639010650721076, -6.537413408202077, 0.0 ], [ 106.638574736734839, -6.53731065706106, 0.0 ], [ 106.638255114082412, -6.537235317255909, 0.0 ], [ 106.638180000007182, -6.537389999748502, 0.0 ], [ 106.638099999915298, -6.537380000186701, 0.0 ], [ 106.638019999823328, -6.537380000186701, 0.0 ], [ 106.637950000192518, -6.537380000186701, 0.0 ], [ 106.637850000077577, -6.537400000209672, 0.0 ], [ 106.637780000446782, -6.537409999771473, 0.0 ], [ 106.637700000354897, -6.537440000255614, 0.0 ], [ 106.637609999801839, -6.537500000324616, 0.0 ], [ 106.637540000171029, -6.537540000370559, 0.0 ], [ 106.637469999640956, -6.53758999997839, 0.0 ], [ 106.637379999987175, -6.537659999609193, 0.0 ], [ 106.637299999895291, -6.537739999701078, 0.0 ], [ 106.637250000287452, -6.537830000254132, 0.0 ], [ 106.63719999978035, -6.537919999907906, 0.0 ], [ 106.637170000195482, -6.537999999999879, 0.0 ], [ 106.637159999734408, -6.538100000114735, 0.0 ], [ 106.637159999734408, -6.538200000229679, 0.0 ], [ 106.637159999734408, -6.538269999860482, 0.0 ], [ 106.637170000195482, -6.538349999952366, 0.0 ], [ 106.637190000218453, -6.538419999583169, 0.0 ], [ 106.63721000024151, -6.538510000136224, 0.0 ], [ 106.636850359556632, -6.539664504812883, 0.0 ], [ 106.63699699221759, -6.539857725953127, 0.0 ], [ 106.637176129075286, -6.539967401873916, 0.0 ], [ 106.638509099715378, -6.539470612778455, 0.0 ], [ 106.638890112788644, -6.539287634016979, 0.0 ], [ 106.639235965967188, -6.539468243964066, 0.0 ], [ 106.639436861022446, -6.539776542353373, 0.0 ], [ 106.639470922844964, -6.540105944233812, 0.0 ], [ 106.639438278354035, -6.540415301125115, 0.0 ], [ 106.639421295556559, -6.540576234805275, 0.0 ], [ 106.639240407718859, -6.54083125555788, 0.0 ], [ 106.638951141682057, -6.541286541840332, 0.0 ], [ 106.638171416877597, -6.541797945818342, 0.0 ], [ 106.637549560863718, -6.541924770011978, 0.0 ], [ 106.63677675993975, -6.541941254585062, 0.0 ], [ 106.636399526716957, -6.541905233139858, 0.0 ], [ 106.635785165653061, -6.541979545919165, 0.0 ], [ 106.635529244679049, -6.542010502382603, 0.0 ], [ 106.635853669711224, -6.5429872488623, 0.0 ], [ 106.63618999996865, -6.543629999724523, 0.0 ], [ 106.636230822894305, -6.544150083959046, 0.0 ], [ 106.636239591284237, -6.544261792347719, 0.0 ], [ 106.636068919745028, -6.544751249270533, 0.0 ], [ 106.635786876163564, -6.545352818377683, 0.0 ], [ 106.635295490194935, -6.546006285561514, 0.0 ], [ 106.634286215236841, -6.546633344153321, 0.0 ], [ 106.634240757205362, -6.546661587362248, 0.0 ], [ 106.633696624200041, -6.546844949234867, 0.0 ], [ 106.633091663749411, -6.546935384160459, 0.0 ], [ 106.633082644448649, -6.546927184142106, 0.0 ], [ 106.632872193197286, -6.546735880356405, 0.0 ], [ 106.632721983932612, -6.546359214605904, 0.0 ], [ 106.632408126833724, -6.54576889691695, 0.0 ], [ 106.631894861258971, -6.545421347616944, 0.0 ], [ 106.631578120034348, -6.545375814941714, 0.0 ], [ 106.631294285902769, -6.545427954036711, 0.0 ], [ 106.63102482743399, -6.545605765293629, 0.0 ], [ 106.630853485899792, -6.545890351258556, 0.0 ], [ 106.630817253113861, -6.54620243489429, 0.0 ], [ 106.63075394623776, -6.546780010988531, 0.0 ], [ 106.630512995378581, -6.547134664932699, 0.0 ], [ 106.630499107148196, -6.547149616161665, 0.0 ], [ 106.630178943103942, -6.547494277738544, 0.0 ], [ 106.629760226853108, -6.547588761412051, 0.0 ], [ 106.629546061401783, -6.547589455688687, 0.0 ], [ 106.629340436811901, -6.547352656100038, 0.0 ], [ 106.628965862884471, -6.546702000197016, 0.0 ], [ 106.628518004102759, -6.546424079107762, 0.0 ], [ 106.628396862725211, -6.546385742807583, 0.0 ], [ 106.628168460106522, -6.546313463395439, 0.0 ], [ 106.627661475396934, -6.546264418867711, 0.0 ], [ 106.627563014921336, -6.546254894147854, 0.0 ], [ 106.627139462116688, -6.546293514633774, 0.0 ], [ 106.626930284305345, -6.546396630000331, 0.0 ], [ 106.626804970073465, -6.546518096932488, 0.0 ], [ 106.626918126370597, -6.546955415659763, 0.0 ], [ 106.627322307778499, -6.548122818413162, 0.0 ], [ 106.6273093206688, -6.548425514925462, 0.0 ], [ 106.627216732766129, -6.54858878324557, 0.0 ], [ 106.627171245956418, -6.548919522417886, 0.0 ], [ 106.62729323179741, -6.549207811790883, 0.0 ], [ 106.627591866071967, -6.549411717776401, 0.0 ], [ 106.627961122308136, -6.549857518009929, 0.0 ], [ 106.628036580823746, -6.550155271848137, 0.0 ], [ 106.628075230987264, -6.550588174904206, 0.0 ], [ 106.628075439629953, -6.550652623919309, 0.0 ], [ 106.62807616718149, -6.550876857280965, 0.0 ], [ 106.627956052829774, -6.551165931762206, 0.0 ], [ 106.62771925593907, -6.551366917648984, 0.0 ], [ 106.627448668821188, -6.551388417741091, 0.0 ], [ 106.627230516675155, -6.551405752173558, 0.0 ], [ 106.626783317995915, -6.551332702042458, 0.0 ], [ 106.626232649617194, -6.55093870725544, 0.0 ], [ 106.625919165737102, -6.550615543072738, 0.0 ], [ 106.62585893364303, -6.550553451180665, 0.0 ], [ 106.62521278694075, -6.549428735647513, 0.0 ], [ 106.624851519382304, -6.548573159323681, 0.0 ], [ 106.624285638971244, -6.547792742940608, 0.0 ], [ 106.623706998079683, -6.547384866218433, 0.0 ], [ 106.622907045723778, -6.547036491340865, 0.0 ], [ 106.622900405129741, -6.547033599121157, 0.0 ], [ 106.622851805766373, -6.547018522886408, 0.0 ], [ 106.622425034288113, -6.54688613458724, 0.0 ], [ 106.622100301687752, -6.547250369908522, 0.0 ], [ 106.621660903727872, -6.548150441989122, 0.0 ], [ 106.621225333282652, -6.548794408734828, 0.0 ], [ 106.620765747341522, -6.549210296617716, 0.0 ], [ 106.620375365131139, -6.549430400292557, 0.0 ], [ 106.619984758090297, -6.549580659919343, 0.0 ], [ 106.619319096998893, -6.549620057419538, 0.0 ], [ 106.618674600552552, -6.549499908893477, 0.0 ], [ 106.618410659424569, -6.549450705185702, 0.0 ], [ 106.617791046319923, -6.549331639443459, 0.0 ], [ 106.617563150918798, -6.549406873128518, 0.0 ], [ 106.617410678959828, -6.549770551769409, 0.0 ], [ 106.61733711621514, -6.550059476063854, 0.0 ], [ 106.617319527274518, -6.550380812824077, 0.0 ], [ 106.617357503845909, -6.551016415874713, 0.0 ], [ 106.617383503246231, -6.551451542954148, 0.0 ], [ 106.616672359841715, -6.551826332718882, 0.0 ], [ 106.616174995180089, -6.552079372264998, 0.0 ], [ 106.615850074621449, -6.552387730908862, 0.0 ], [ 106.615457054699505, -6.553236432814948, 0.0 ], [ 106.615119355673968, -6.554064688634256, 0.0 ], [ 106.614955160152704, -6.554163934218007, 0.0 ], [ 106.614672767634346, -6.554342532381821, 0.0 ], [ 106.614620864161722, -6.554573037615476, 0.0 ], [ 106.614502350603203, -6.554553676111077, 0.0 ], [ 106.614416232423409, -6.554376263253783, 0.0 ], [ 106.614277870827266, -6.554324060306929, 0.0 ], [ 106.614181501275468, -6.554105861396256, 0.0 ], [ 106.61400061973292, -6.554055126143012, 0.0 ], [ 106.613812727975215, -6.554017209826171, 0.0 ], [ 106.613743809329492, -6.55400330271009, 0.0 ], [ 106.61365098310651, -6.553786424903443, 0.0 ], [ 106.613683695046689, -6.553727090332853, 0.0 ], [ 106.61355191468931, -6.553674864902916, 0.0 ], [ 106.613440214394529, -6.553727872742989, 0.0 ], [ 106.613308942154063, -6.553833593445404, 0.0 ], [ 106.613131604839808, -6.553939460737315, 0.0 ], [ 106.612934335851108, -6.553986163430494, 0.0 ], [ 106.612783321693129, -6.554091946186205, 0.0 ], [ 106.612664892670807, -6.55409890693889, 0.0 ], [ 106.612361911972769, -6.554014326599713, 0.0 ], [ 106.612269235037303, -6.553843514766236, 0.0 ], [ 106.612150065872996, -6.553620141156404, 0.0 ], [ 106.612195771218097, -6.553508115307096, 0.0 ], [ 106.612273369220787, -6.553443020578733, 0.0 ], [ 106.612392658894308, -6.55334295481337, 0.0 ], [ 106.612280323678164, -6.553198530887396, 0.0 ], [ 106.612246819435398, -6.553173170904927, 0.0 ], [ 106.612141793908819, -6.553093678030688, 0.0 ], [ 106.611990039608841, -6.552969124625232, 0.0 ], [ 106.611884371067021, -6.552851004070384, 0.0 ], [ 106.61164095426679, -6.552871529297501, 0.0 ], [ 106.611404266194086, -6.552938099813268, 0.0 ], [ 106.611292713388167, -6.55303717542516, 0.0 ], [ 106.611200775695423, -6.553096699752761, 0.0 ], [ 106.611128157238838, -6.55302454084973, 0.0 ], [ 106.61102871020698, -6.552794521250007, 0.0 ], [ 106.610948918757714, -6.552538113742781, 0.0 ], [ 106.610816991810921, -6.552439821440394, 0.0 ], [ 106.610672451872333, -6.552512677317992, 0.0 ], [ 106.610659650023052, -6.552624597047298, 0.0 ], [ 106.610765340148504, -6.552749298840901, 0.0 ], [ 106.610798749063164, -6.552907137953881, 0.0 ], [ 106.61082557943709, -6.553064998650573, 0.0 ], [ 106.61083905577803, -6.553163673164821, 0.0 ], [ 106.610753720008375, -6.553229758046744, 0.0 ], [ 106.61054339556145, -6.553309405604448, 0.0 ], [ 106.610365614881403, -6.553277071379551, 0.0 ], [ 106.61033212143046, -6.553092907311644, 0.0 ], [ 106.610272895677795, -6.553093097068565, 0.0 ], [ 106.609674847416485, -6.553338516659082, 0.0 ], [ 106.609510142878918, -6.553279815211202, 0.0 ], [ 106.609469878432293, -6.553036443376961, 0.0 ], [ 106.609435582786062, -6.552602199431803, 0.0 ], [ 106.60941229304305, -6.55256091695259, 0.0 ], [ 106.609342928333689, -6.55243796793771, 0.0 ], [ 106.608980449388426, -6.552268021252008, 0.0 ], [ 106.608683502242002, -6.552012308920787, 0.0 ], [ 106.608551343270051, -6.551841623891654, 0.0 ], [ 106.60879437965707, -6.551702640864079, 0.0 ], [ 106.608569988014736, -6.551499346417557, 0.0 ], [ 106.608306766344327, -6.551500189082251, 0.0 ], [ 106.608221008792682, -6.551434651887558, 0.0 ], [ 106.60824676177883, -6.551256880200675, 0.0 ], [ 106.608062443027549, -6.551237727339068, 0.0 ], [ 106.607851655429769, -6.551172591241929, 0.0 ], [ 106.607581516174179, -6.551068158368647, 0.0 ], [ 106.607390574815369, -6.551035863713963, 0.0 ], [ 106.607246097829346, -6.551128462408453, 0.0 ], [ 106.607134524338989, -6.551220954982941, 0.0 ], [ 106.607115393061093, -6.55141186936218, 0.0 ], [ 106.607063233281764, -6.551563402428897, 0.0 ], [ 106.60691198619935, -6.551596790659211, 0.0 ], [ 106.606694744167243, -6.551571161779481, 0.0 ], [ 106.606536452695309, -6.551459789737315, 0.0 ], [ 106.606306091353218, -6.551447364703957, 0.0 ], [ 106.605989845654975, -6.551329915942663, 0.0 ], [ 106.60571352625837, -6.551350542793202, 0.0 ], [ 106.605621272004271, -6.551311352137059, 0.0 ], [ 106.605699838576896, -6.551186058589522, 0.0 ], [ 106.605449462822634, -6.551088143103225, 0.0 ], [ 106.605198980948359, -6.55095732142307, 0.0 ], [ 106.604903087807443, -6.5510306593373, 0.0 ], [ 106.604653089768462, -6.551051201651461, 0.0 ], [ 106.604534283030858, -6.55093970190558, 0.0 ], [ 106.604503552297246, -6.55091644094087, 0.0 ], [ 106.604435240693945, -6.550864735319131, 0.0 ], [ 106.604395755060253, -6.550834847250222, 0.0 ], [ 106.604296478899528, -6.550657473963142, 0.0 ], [ 106.604217029192725, -6.550506360879673, 0.0 ], [ 106.604183768666218, -6.550394587739863, 0.0 ], [ 106.604120000437831, -6.550310000206174, 0.0 ], [ 106.604029999884773, -6.550279999722033, 0.0 ], [ 106.603769999585964, -6.549900000184685, 0.0 ], [ 106.603749999562993, -6.54980000006983, 0.0 ], [ 106.603780000047138, -6.549490000163196, 0.0 ], [ 106.603760000024167, -6.549260000348536, 0.0 ], [ 106.603740000001196, -6.549180000256651, 0.0 ], [ 106.603470000140589, -6.549200000279622, 0.0 ], [ 106.603232578221053, -6.549272251812823, 0.0 ], [ 106.603159477727928, -6.549048726217546, 0.0 ], [ 106.603041280730665, -6.549128076999047, 0.0 ], [ 106.602930000419391, -6.549080000141707, 0.0 ], [ 106.602879999912275, -6.549020000072794, 0.0 ], [ 106.602830000304436, -6.548939999980821, 0.0 ], [ 106.602895165179888, -6.548707350763507, 0.0 ], [ 106.603092140090411, -6.548568517922639, 0.0 ], [ 106.603282407857023, -6.548390220132418, 0.0 ], [ 106.603347310130445, -6.548107023620133, 0.0 ], [ 106.603307364043829, -6.547962365870355, 0.0 ], [ 106.60335244076272, -6.54765290915428, 0.0 ], [ 106.603371761797533, -6.547521225024369, 0.0 ], [ 106.603410678160458, -6.547343410170061, 0.0 ], [ 106.603416608290004, -6.547139374682178, 0.0 ], [ 106.603297591111144, -6.546962064347586, 0.0 ], [ 106.603178471409478, -6.546751847819312, 0.0 ], [ 106.602960222136787, -6.546410324876408, 0.0 ], [ 106.602957659968169, -6.546397566194564, 0.0 ], [ 106.602853234289483, -6.545877594375362, 0.0 ], [ 106.602674469751122, -6.545535944628025, 0.0 ], [ 106.60224552101414, -6.54515560694561, 0.0 ], [ 106.601804315417013, -6.545058295803532, 0.0 ], [ 106.601632445980826, -6.544815342154156, 0.0 ], [ 106.601730481976318, -6.544604433147896, 0.0 ], [ 106.60140085076884, -6.544414630330788, 0.0 ], [ 106.601196310761239, -6.544244171930771, 0.0 ], [ 106.60082999980483, -6.543749999862438, 0.0 ], [ 106.600550000382427, -6.543399999909951, 0.0 ], [ 106.600459999829283, -6.543299999795007, 0.0 ], [ 106.600140000360938, -6.543219999703034, 0.0 ], [ 106.600114206005927, -6.543201576191606, 0.0 ], [ 106.600069999830765, -6.543170000095202, 0.0 ], [ 106.599960000154027, -6.543020000372604, 0.0 ], [ 106.599739999901246, -6.542880000211628, 0.0 ], [ 106.599519999648479, -6.542760000073802, 0.0 ], [ 106.599450000017669, -6.542709999566689, 0.0 ], [ 106.599369999925699, -6.542659999958857, 0.0 ], [ 106.599030000434382, -6.542579999866884, 0.0 ], [ 106.598710000066575, -6.542519999797971, 0.0 ], [ 106.598509999836779, -6.542390000098255, 0.0 ], [ 106.598429999744894, -6.54226999996034, 0.0 ], [ 106.598389999698867, -6.542060000168739, 0.0 ], [ 106.598360000114099, -6.540560000243669, 0.0 ], [ 106.598289999584011, -6.540420000082783, 0.0 ], [ 106.598219999953216, -6.540299999944867, 0.0 ], [ 106.598079999792319, -6.540090000153178, 0.0 ], [ 106.597020000372879, -6.539330000179202, 0.0 ], [ 106.596769999635967, -6.539120000387513, 0.0 ], [ 106.596430000144565, -6.5388600000888, 0.0 ], [ 106.596060000169103, -6.538490000113253, 0.0 ], [ 106.595710000216528, -6.538100000114735, 0.0 ], [ 106.595079999942271, -6.537610000001361, 0.0 ], [ 106.595232318117141, -6.537485463683037, 0.0 ], [ 106.596670000420403, -6.536310000306091, 0.0 ], [ 106.596708693751424, -6.536265777943164, 0.0 ], [ 106.597370000325455, -6.535510000286173, 0.0 ], [ 106.597472100357351, -6.53539655530663, 0.0 ], [ 106.597910000046667, -6.534909999596685, 0.0 ], [ 106.598170000345377, -6.534679999782025, 0.0 ], [ 106.598870000250528, -6.533179999856955, 0.0 ], [ 106.599260000248961, -6.532569999605666, 0.0 ], [ 106.599349999902728, -6.532250000137232, 0.0 ], [ 106.599499999625422, -6.532009999861401, 0.0 ], [ 106.599639999786305, -6.531769999585659, 0.0 ], [ 106.599920000108085, -6.531100000164738, 0.0 ], [ 106.600040000245997, -6.530830000304135, 0.0 ], [ 106.600200000429851, -6.530489999913449, 0.0 ], [ 106.600729999689889, -6.529609999801469, 0.0 ], [ 106.60074999971286, -6.529290000333123, 0.0 ], [ 106.600920000357888, -6.528160000383512, 0.0 ], [ 106.600995844682657, -6.527524799329889, 0.0 ], [ 106.600999999550581, -6.52749000006331, 0.0 ], [ 106.600969999965713, -6.527189999718566, 0.0 ], [ 106.60109000010354, -6.526210000391011, 0.0 ], [ 106.601110000126596, -6.525939999631127, 0.0 ], [ 106.601019999573552, -6.525330000279119, 0.0 ], [ 106.600940000380859, -6.525069999980317, 0.0 ], [ 106.6009099998968, -6.524679999981888, 0.0 ], [ 106.600869999850772, -6.524390000098226, 0.0 ], [ 106.600789999758803, -6.523790000308107, 0.0 ], [ 106.600700000105121, -6.523449999917332, 0.0 ], [ 106.600629999575034, -6.523140000010788, 0.0 ], [ 106.600439999806312, -6.522890000173245, 0.0 ], [ 106.600350000152531, -6.522720000427498, 0.0 ], [ 106.600049999807794, -6.522210000291153, 0.0 ], [ 106.599860000039172, -6.521860000338577, 0.0 ], [ 106.599650000247479, -6.52149999992492, 0.0 ], [ 106.599617407917222, -6.521453827831749, 0.0 ], [ 106.599409999971641, -6.521160000433515, 0.0 ], [ 106.599289999833815, -6.520349999952337, 0.0 ], [ 106.599200000180048, -6.519950000392019, 0.0 ], [ 106.599019999973223, -6.518979999727073, 0.0 ], [ 106.599030000434382, -6.518780000396553, 0.0 ], [ 106.599060000019165, -6.518430000444067, 0.0 ], [ 106.599060000019165, -6.518099999615092, 0.0 ], [ 106.599030000434382, -6.517760000123776, 0.0 ], [ 106.599109999626904, -6.517350000102287, 0.0 ], [ 106.599120000088163, -6.517000000149711, 0.0 ], [ 106.599200000180048, -6.516630000174164, 0.0 ], [ 106.599209999741845, -6.516530000059308, 0.0 ], [ 106.599200000180048, -6.516269999760507, 0.0 ], [ 106.599249999787872, -6.515999999899904, 0.0 ], [ 106.599309999856786, -6.515560000293554, 0.0 ], [ 106.599360000363902, -6.515309999556642, 0.0 ], [ 106.599380000386873, -6.515019999673068, 0.0 ], [ 106.5994200004329, -6.514649999697522, 0.0 ], [ 106.599499999625422, -6.514359999813948, 0.0 ], [ 106.599659999809276, -6.51396999981543, 0.0 ], [ 106.599739999901246, -6.513690000393026, 0.0 ], [ 106.599799999970159, -6.513650000347084, 0.0 ], [ 106.599900000085114, -6.513470000140256, 0.0 ], [ 106.600024152392919, -6.513294369739189, 0.0 ], [ 106.600310000106589, -6.512890000373019, 0.0 ], [ 106.600470000290457, -6.51248999991342, 0.0 ], [ 106.600640000036108, -6.51226000009876, 0.0 ], [ 106.600769999735832, -6.512070000330041, 0.0 ], [ 106.600889999873743, -6.511819999593129, 0.0 ], [ 106.601010000011655, -6.511560000193697, 0.0 ], [ 106.601230000264522, -6.511239999825982, 0.0 ], [ 106.60137000042532, -6.511000000449521, 0.0 ], [ 106.601560000194041, -6.510700000104777, 0.0 ], [ 106.601669999870779, -6.510419999783004, 0.0 ], [ 106.601729999939693, -6.510100000314569, 0.0 ], [ 106.601799999570488, -6.509829999554686, 0.0 ], [ 106.601910000146603, -6.50947999960211, 0.0 ], [ 106.601970000215516, -6.509189999718537, 0.0 ], [ 106.602099999915239, -6.508719999628134, 0.0 ], [ 106.602240000076122, -6.508230000414041, 0.0 ], [ 106.602380000237019, -6.507800000369581, 0.0 ], [ 106.60248000035196, -6.507500000024837, 0.0 ], [ 106.602570000005642, -6.507210000141264, 0.0 ], [ 106.603439999656445, -6.50733000027909, 0.0 ], [ 106.604170000045656, -6.507399999909893, 0.0 ], [ 106.6052700004104, -6.507439999955835, 0.0 ], [ 106.605819999693409, -6.507430000394034, 0.0 ], [ 106.606409999921738, -6.507430000394034, 0.0 ], [ 106.606770000335388, -6.507450000417005, 0.0 ], [ 106.607331683610482, -6.50752883318896, 0.0 ], [ 106.607339999641454, -6.507529999609609, 0.0 ], [ 106.607880000261943, -6.507600000139782, 0.0 ], [ 106.608259999799287, -6.507709999816527, 0.0 ], [ 106.609449999817812, -6.508440000205642, 0.0 ], [ 106.609819999793359, -6.508589999928418, 0.0 ], [ 106.610169999745935, -6.508620000412559, 0.0 ], [ 106.611319999718347, -6.508730000089216, 0.0 ], [ 106.611880000361879, -6.508679999582192, 0.0 ], [ 106.612540000221003, -6.508739999651105, 0.0 ], [ 106.613030000334476, -6.508950000342075, 0.0 ], [ 106.613899999985193, -6.509169999695565, 0.0 ], [ 106.614550000282421, -6.50924999978745, 0.0 ], [ 106.615350000302428, -6.509369999925454, 0.0 ], [ 106.616110000276493, -6.509599999740026, 0.0 ], [ 106.616230000414319, -6.509559999694083, 0.0 ], [ 106.616309999607012, -6.509519999648052, 0.0 ], [ 106.616420000183041, -6.509439999556168, 0.0 ], [ 106.616489999813837, -6.509349999902483, 0.0 ], [ 106.616509999836808, -6.509240000225649, 0.0 ], [ 106.616560000343924, -6.508990000388017, 0.0 ], [ 106.616679999582558, -6.508779999697047, 0.0 ], [ 106.6169100002965, -6.5084000001597, 0.0 ], [ 106.616970000365413, -6.508230000414041, 0.0 ], [ 106.617010000411355, -6.508110000276126, 0.0 ], [ 106.617060000019094, -6.508030000184153, 0.0 ], [ 106.617140000111078, -6.507919999608127, 0.0 ], [ 106.617229999764845, -6.507840000415523, 0.0 ], [ 106.617309999856815, -6.507789999908411, 0.0 ], [ 106.617400000409873, -6.507729999839498, 0.0 ], [ 106.617570000155624, -6.507600000139782, 0.0 ], [ 106.61769000029345, -6.50754999963258, 0.0 ], [ 106.617799999970188, -6.507489999563667, 0.0 ], [ 106.617869999600998, -6.507419999932864, 0.0 ], [ 106.61790999964694, -6.50733999984098, 0.0 ], [ 106.618040000245941, -6.50711999958812, 0.0 ], [ 106.618100000314939, -6.507040000395516, 0.0 ], [ 106.618230000014648, -6.506800000119775, 0.0 ], [ 106.618339999691401, -6.506610000351056, 0.0 ], [ 106.618438319872723, -6.506551008422115, 0.0 ], [ 106.618539999921197, -6.50649000021323, 0.0 ], [ 106.618700000105051, -6.506379999637115, 0.0 ], [ 106.61874999971289, -6.50626999996037, 0.0 ], [ 106.61874999971289, -6.506100000214712, 0.0 ], [ 106.618720000128022, -6.505969999615626, 0.0 ], [ 106.618559999944253, -6.505920000007883, 0.0 ], [ 106.61798999973891, -6.505870000400051, 0.0 ], [ 106.617810000431362, -6.505779999846908, 0.0 ], [ 106.617710000316421, -6.505690000193134, 0.0 ], [ 106.617579999717421, -6.505240000125792, 0.0 ], [ 106.61749000006364, -6.505039999895903, 0.0 ], [ 106.617329999879786, -6.504810000081243, 0.0 ], [ 106.61726000024899, -6.504689999943327, 0.0 ], [ 106.617240000226019, -6.504569999805501, 0.0 ], [ 106.617280000271961, -6.504480000151727, 0.0 ], [ 106.617329999879786, -6.504380000036782, 0.0 ], [ 106.617459999579509, -6.504210000291124, 0.0 ], [ 106.617476000317311, -6.504174000429632, 0.0 ], [ 106.617539999671394, -6.504030000084295, 0.0 ], [ 106.617550000132553, -6.503949999992322, 0.0 ], [ 106.619359999964175, -6.503190000018346, 0.0 ], [ 106.620380000236949, -6.5030299998344, 0.0 ], [ 106.621399999610446, -6.50349000036309, 0.0 ], [ 106.622649999697884, -6.50368999969352, 0.0 ], [ 106.623879999762352, -6.503399999809947, 0.0 ], [ 106.624220000153045, -6.503580000016864, 0.0 ], [ 106.624360000313928, -6.503649999647578, 0.0 ], [ 106.62469999980533, -6.503929999969351, 0.0 ], [ 106.625000000150081, -6.504139999761041, 0.0 ], [ 106.625109999826819, -6.504219999853014, 0.0 ], [ 106.625479999802366, -6.504480000151727, 0.0 ], [ 106.625709999616944, -6.5045600002437, 0.0 ], [ 106.625809999731885, -6.504589999828472, 0.0 ], [ 106.625900000284943, -6.504649999897385, 0.0 ], [ 106.62627000026049, -6.504870000150245, 0.0 ], [ 106.62641999998317, -6.5049700002651, 0.0 ], [ 106.626520000098111, -6.50497999982699, 0.0 ], [ 106.627170000395353, -6.505559999594137, 0.0 ], [ 106.627734502145756, -6.506025634375359, 0.0 ], [ 106.628940000181018, -6.507020000372545, 0.0 ] ] ] ] } },
{ "type": "Feature", "properties": { "PROVNO": "32", "KABKOTNO": "01", "KECNO": "260", "DESANO": "002", "PROVINSI": "JAWA BARAT", "KABKOT": "BOGOR", "KECAMATAN": "RUMPIN", "ID2013": "3201260002", "DESA": "CIDOKOM", "DESA_1": "CIDOKOM", "ID2012": "3201260002", "IDKAB2": "3201", "IDKEC_2": "3201260", "WILAYAH": "BARAT" }, "geometry": { "type": "MultiPolygon", "coordinates": [ [ [ [ 106.680511593235622, -6.508015902411781, 0.0 ], [ 106.680365704314056, -6.508423127125376, 0.0 ], [ 106.680100618349059, -6.508830749339403, 0.0 ], [ 106.679840000216117, -6.509269999810421, 0.0 ], [ 106.679769999685945, -6.509380000386535, 0.0 ], [ 106.679709999617032, -6.50949000006328, 0.0 ], [ 106.679639999986222, -6.509599999739937, 0.0 ], [ 106.679579999917308, -6.50969999985497, 0.0 ], [ 106.679530000309484, -6.509810000430907, 0.0 ], [ 106.679479999802368, -6.50990999964657, 0.0 ], [ 106.679439999756426, -6.510009999761426, 0.0 ], [ 106.679426821091241, -6.510039652207968, 0.0 ], [ 106.679399999710398, -6.510100000314569, 0.0 ], [ 106.679359999664456, -6.510200000429425, 0.0 ], [ 106.679339999641485, -6.51031000010617, 0.0 ], [ 106.679310000056716, -6.510419999782915, 0.0 ], [ 106.679290000033646, -6.510550000382, 0.0 ], [ 106.679260000448963, -6.510680000081805, 0.0 ], [ 106.679240000425992, -6.510829999804493, 0.0 ], [ 106.679229999964733, -6.510989999988261, 0.0 ], [ 106.679200000379879, -6.511150000172208, 0.0 ], [ 106.679180000356908, -6.511319999917777, 0.0 ], [ 106.679169999895819, -6.511480000101724, 0.0 ], [ 106.679168611342462, -6.511491113024217, 0.0 ], [ 106.679149999872848, -6.51164000028567, 0.0 ], [ 106.679140000310966, -6.511799999570069, 0.0 ], [ 106.679129999849877, -6.511939999730956, 0.0 ], [ 106.679109999826906, -6.512059999868871, 0.0 ], [ 106.679100000265024, -6.512170000444897, 0.0 ], [ 106.679089999803935, -6.512260000098671, 0.0 ], [ 106.679069999780964, -6.512360000213704, 0.0 ], [ 106.679069999780964, -6.512440000305588, 0.0 ], [ 106.679060000219081, -6.512520000397473, 0.0 ], [ 106.679055207731963, -6.512558336697651, 0.0 ], [ 106.679049999757993, -6.512599999590165, 0.0 ], [ 106.67904000019611, -6.512679999682049, 0.0 ], [ 106.679020000173139, -6.512770000235193, 0.0 ], [ 106.679000000150168, -6.512859999888878, 0.0 ], [ 106.678980000127197, -6.512950000441933, 0.0 ], [ 106.678949999642967, -6.513040000095796, 0.0 ], [ 106.678920000058284, -6.513149999772541, 0.0 ], [ 106.678880000012157, -6.513240000325506, 0.0 ], [ 106.678830000404417, -6.51334000044054, 0.0 ], [ 106.678779999897216, -6.513439999656025, 0.0 ], [ 106.678719999828303, -6.51353999977097, 0.0 ], [ 106.67865999975939, -6.513639999885825, 0.0 ], [ 106.678590000128594, -6.513740000000769, 0.0 ], [ 106.678519999598421, -6.513840000115714, 0.0 ], [ 106.678449999967796, -6.513940000230569, 0.0 ], [ 106.678380000336986, -6.514040000345602, 0.0 ], [ 106.678320000267988, -6.514139999561088, 0.0 ], [ 106.678260000199074, -6.514230000114232, 0.0 ], [ 106.678220000153132, -6.514319999768006, 0.0 ], [ 106.67818000010719, -6.514410000321149, 0.0 ], [ 106.678149999623045, -6.514499999974834, 0.0 ], [ 106.678129999600074, -6.514580000066719, 0.0 ], [ 106.678109999577018, -6.514660000158603, 0.0 ], [ 106.678100000015206, -6.514749999812377, 0.0 ], [ 106.678100000015206, -6.514809999881468, 0.0 ], [ 106.678100000015206, -6.514919999558213, 0.0 ], [ 106.678109999577018, -6.515019999673068, 0.0 ], [ 106.678129999600074, -6.515119999787924, 0.0 ], [ 106.678169999646016, -6.515210000341067, 0.0 ], [ 106.678200589185991, -6.515255882852458, 0.0 ], [ 106.678209999691958, -6.515270000409981, 0.0 ], [ 106.678240000176103, -6.515320000017724, 0.0 ], [ 106.678289999783843, -6.515400000109697, 0.0 ], [ 106.678360000314015, -6.51546000017861, 0.0 ], [ 106.678409999921669, -6.515529999809502, 0.0 ], [ 106.678460000428871, -6.515569999855444, 0.0 ], [ 106.678530000059681, -6.515640000385439, 0.0 ], [ 106.678599999690391, -6.51568999999327, 0.0 ], [ 106.678670000220478, -6.515730000039213, 0.0 ], [ 106.678750000312448, -6.515779999647044, 0.0 ], [ 106.678850000427389, -6.515810000131275, 0.0 ], [ 106.678920000058284, -6.515839999715958, 0.0 ], [ 106.679020000173139, -6.515850000177217, 0.0 ], [ 106.679129999849877, -6.515850000177217, 0.0 ], [ 106.679229999964733, -6.515850000177217, 0.0 ], [ 106.679290000033646, -6.515839999715958, 0.0 ], [ 106.679350000102659, -6.515830000154246, 0.0 ], [ 106.679419999733454, -6.515819999692987, 0.0 ], [ 106.679499999825339, -6.515799999670016, 0.0 ], [ 106.679570000355426, -6.515770000085332, 0.0 ], [ 106.679650000447396, -6.515750000062184, 0.0 ], [ 106.679740000101162, -6.515710000016242, 0.0 ], [ 106.679829999754944, -6.515680000431558, 0.0 ], [ 106.679920000308002, -6.515640000385439, 0.0 ], [ 106.680009999961683, -6.515589999878415, 0.0 ], [ 106.680110000076724, -6.515540000270583, 0.0 ], [ 106.680210000191579, -6.51548999976356, 0.0 ], [ 106.680310000306434, -6.515429999694469, 0.0 ], [ 106.680410000421375, -6.515369999625555, 0.0 ], [ 106.680520000098113, -6.515299999994753, 0.0 ], [ 106.680629999774865, -6.515219999902868, 0.0 ], [ 106.68074000035098, -6.515139999810895, 0.0 ], [ 106.680859999589529, -6.515050000157121, 0.0 ], [ 106.680990000188615, -6.514950000042266, 0.0 ], [ 106.681130000349498, -6.51484999992741, 0.0 ], [ 106.681269999611004, -6.514729999789406, 0.0 ], [ 106.681429999794872, -6.514620000112661, 0.0 ], [ 106.681799999770334, -6.514330000229087, 0.0 ], [ 106.682399999560531, -6.513880000161656, 0.0 ], [ 106.682539999721428, -6.513769999585541, 0.0 ], [ 106.682670000320513, -6.513670000369967, 0.0 ], [ 106.682779999997251, -6.513590000278082, 0.0 ], [ 106.682823795182244, -6.513562130287855, 0.0 ], [ 106.682889999673989, -6.513519999747999, 0.0 ], [ 106.682989999788944, -6.513459999678997, 0.0 ], [ 106.683080000341988, -6.513410000071342, 0.0 ], [ 106.683179999557481, -6.513359999564141, 0.0 ], [ 106.683270000110625, -6.513320000417568, 0.0 ], [ 106.683379999787377, -6.513280000371449, 0.0 ], [ 106.683479999902232, -6.513249999887396, 0.0 ], [ 106.683600000040144, -6.513209999841454, 0.0 ], [ 106.683709999716882, -6.513189999818483, 0.0 ], [ 106.683829999854893, -6.513160000233622, 0.0 ], [ 106.68394999999272, -6.513149999772541, 0.0 ], [ 106.684059999669458, -6.51312000018768, 0.0 ], [ 106.684179999807384, -6.513109999726598, 0.0 ], [ 106.684279999922325, -6.513100000164709, 0.0 ], [ 106.68438000003718, -6.513100000164709, 0.0 ], [ 106.684480000152121, -6.513100000164709, 0.0 ], [ 106.684569999805888, -6.513109999726598, 0.0 ], [ 106.684649999897871, -6.51312000018768, 0.0 ], [ 106.684739999551553, -6.51312999974957, 0.0 ], [ 106.684819999643437, -6.513149999772541, 0.0 ], [ 106.684910000196581, -6.513180000256593, 0.0 ], [ 106.684979999827391, -6.513209999841454, 0.0 ], [ 106.68507000038035, -6.513240000325506, 0.0 ], [ 106.685149999573042, -6.513280000371449, 0.0 ], [ 106.685229999664926, -6.513320000417568, 0.0 ], [ 106.685320000217985, -6.513370000025223, 0.0 ], [ 106.685400000309954, -6.513419999633054, 0.0 ], [ 106.685489999963821, -6.513470000140256, 0.0 ], [ 106.685559999594616, -6.513519999747999, 0.0 ], [ 106.685639999686501, -6.513570000255111, 0.0 ], [ 106.685693789037344, -6.513623788706671, 0.0 ], [ 106.685710000216503, -6.513639999885825, 0.0 ], [ 106.685779999847298, -6.513699999954827, 0.0 ], [ 106.685850000377471, -6.513760000023741, 0.0 ], [ 106.685910000446384, -6.513820000092743, 0.0 ], [ 106.68596999961602, -6.513880000161656, 0.0 ], [ 106.686029999685019, -6.513940000230569, 0.0 ], [ 106.686089999753932, -6.51400000029966, 0.0 ], [ 106.686140000261048, -6.514049999907314, 0.0 ], [ 106.686189999868787, -6.514100000414516, 0.0 ], [ 106.686249999937786, -6.514150000022347, 0.0 ], [ 106.686300000444902, -6.51419000006829, 0.0 ], [ 106.686370000075712, -6.514239999676121, 0.0 ], [ 106.686430000144625, -6.514299999745035, 0.0 ], [ 106.686510000236595, -6.514359999813948, 0.0 ], [ 106.686599999890191, -6.51443000034412, 0.0 ], [ 106.686700000005231, -6.514510000436005, 0.0 ], [ 106.686820000143058, -6.514609999651579, 0.0 ], [ 106.686949999842767, -6.514720000227694, 0.0 ], [ 106.68709000000365, -6.51484000036552, 0.0 ], [ 106.687239999726515, -6.514959999604155, 0.0 ], [ 106.68737000032543, -6.515090000203241, 0.0 ], [ 106.687529999610007, -6.515219999902868, 0.0 ], [ 106.687680000232064, -6.515349999602584, 0.0 ], [ 106.687829999954744, -6.51548000020167, 0.0 ], [ 106.687950000092656, -6.515600000339496, 0.0 ], [ 106.688090000253553, -6.515719999578131, 0.0 ], [ 106.688219999953176, -6.515839999715958, 0.0 ], [ 106.688340000091188, -6.515950000292072, 0.0 ], [ 106.688460000229014, -6.516059999968817, 0.0 ], [ 106.688569999905752, -6.516169999645651, 0.0 ], [ 106.68867999958259, -6.516289999783478, 0.0 ], [ 106.688810000181675, -6.516400000359592, 0.0 ], [ 106.688930000319502, -6.516519999598049, 0.0 ], [ 106.689049999558051, -6.516630000174164, 0.0 ], [ 106.689169999695963, -6.51675999987388, 0.0 ], [ 106.689280000272078, -6.516889999573596, 0.0 ], [ 106.689400000409904, -6.517009999711512, 0.0 ], [ 106.689510000086642, -6.517129999849338, 0.0 ], [ 106.689619999763394, -6.517249999987342, 0.0 ], [ 106.689719999878335, -6.517370000125169, 0.0 ], [ 106.689810000431393, -6.517470000240202, 0.0 ], [ 106.689900000085075, -6.517570000355057, 0.0 ], [ 106.689980000177144, -6.517680000031802, 0.0 ], [ 106.690069999830826, -6.517780000146658, 0.0 ], [ 106.69014999992271, -6.517889999823492, 0.0 ], [ 106.690230000014679, -6.518000000399429, 0.0 ], [ 106.690310000106564, -6.518110000076174, 0.0 ], [ 106.690390000198533, -6.518230000214178, 0.0 ], [ 106.690479999852315, -6.518359999913894, 0.0 ], [ 106.690570000405458, -6.518500000074692, 0.0 ], [ 106.690652485324165, -6.518615480220049, 0.0 ], [ 106.690669999621036, -6.518640000235578, 0.0 ], [ 106.690769999735977, -6.518780000396465, 0.0 ], [ 106.690860000289035, -6.518919999658159, 0.0 ], [ 106.69094000038092, -6.519050000257067, 0.0 ], [ 106.691010000011715, -6.519170000395071, 0.0 ], [ 106.691090000103685, -6.519280000071817, 0.0 ], [ 106.691150000172598, -6.519380000186672, 0.0 ], [ 106.691210000241512, -6.519460000278556, 0.0 ], [ 106.691250000287539, -6.519540000370529, 0.0 ], [ 106.691290000333481, -6.519600000439443, 0.0 ], [ 106.691319999918264, -6.519659999609164, 0.0 ], [ 106.691350000402494, -6.519719999678077, 0.0 ], [ 106.691379999987262, -6.519779999746991, 0.0 ], [ 106.691409999571945, -6.519879999861846, 0.0 ], [ 106.691460000079147, -6.51997000041499, 0.0 ], [ 106.691469999641043, -6.520040000045793, 0.0 ], [ 106.691489999664014, -6.520109999676507, 0.0 ], [ 106.691509999686986, -6.52018000020659, 0.0 ], [ 106.691529999709957, -6.520249999837393, 0.0 ], [ 106.691540000171031, -6.520320000367565, 0.0 ], [ 106.691560000194002, -6.52038999999828, 0.0 ], [ 106.691569999755899, -6.520459999629082, 0.0 ], [ 106.691580000216973, -6.520519999697996, 0.0 ], [ 106.691580000216973, -6.520590000228168, 0.0 ], [ 106.69158999977887, -6.520650000297081, 0.0 ], [ 106.69158999977887, -6.520719999927884, 0.0 ], [ 106.69158999977887, -6.520789999558687, 0.0 ], [ 106.69158999977887, -6.5208499996276, 0.0 ], [ 106.691585299921911, -6.520882903123351, 0.0 ], [ 106.691580000216973, -6.520920000157773, 0.0 ], [ 106.691569999755899, -6.520989999788487, 0.0 ], [ 106.691560000194002, -6.52106000031857, 0.0 ], [ 106.691549999732928, -6.521140000410455, 0.0 ], [ 106.691529999709957, -6.521230000064318, 0.0 ], [ 106.691509999686986, -6.521319999718092, 0.0 ], [ 106.691489999664014, -6.521419999832947, 0.0 ], [ 106.691469999641043, -6.521530000409062, 0.0 ], [ 106.691440000056176, -6.521649999647519, 0.0 ], [ 106.691409999571945, -6.521789999808405, 0.0 ], [ 106.691370000425465, -6.521940000430462, 0.0 ], [ 106.691330000379423, -6.522090000153149, 0.0 ], [ 106.691290000333481, -6.522259999898807, 0.0 ], [ 106.691239999826379, -6.522429999644643, 0.0 ], [ 106.691179999757466, -6.522600000289671, 0.0 ], [ 106.691119999688453, -6.52277999959713, 0.0 ], [ 106.691050000057658, -6.522959999803959, 0.0 ], [ 106.690620000013283, -6.523200000079701, 0.0 ], [ 106.690279999622604, -6.523539999571106, 0.0 ], [ 106.690160000383884, -6.523940000030706, 0.0 ], [ 106.690129999899739, -6.52424000037545, 0.0 ], [ 106.689989999738856, -6.524800000119715, 0.0 ], [ 106.689956320128289, -6.524894303928743, 0.0 ], [ 106.689840000016162, -6.525219999703005, 0.0 ], [ 106.688950000342473, -6.526659999559072, 0.0 ], [ 106.688695076716613, -6.52684208799176, 0.0 ], [ 106.688670000020608, -6.526859999788961, 0.0 ], [ 106.688329999629929, -6.526730000089245, 0.0 ], [ 106.687860000438889, -6.526400000159729, 0.0 ], [ 106.687649999747919, -6.526219999952811, 0.0 ], [ 106.687399999910284, -6.526010000161122, 0.0 ], [ 106.686949999842767, -6.525990000138151, 0.0 ], [ 106.686539999821278, -6.526159999883898, 0.0 ], [ 106.68618000030699, -6.526409999721441, 0.0 ], [ 106.68608000019205, -6.52664000043556, 0.0 ], [ 106.686120000238077, -6.526970000364987, 0.0 ], [ 106.68633000002977, -6.527280000271531, 0.0 ], [ 106.687290000233546, -6.527889999623628, 0.0 ], [ 106.687870000000686, -6.528200000429454, 0.0 ], [ 106.687970000115627, -6.528410000221143, 0.0 ], [ 106.688019999723466, -6.528640000035715, 0.0 ], [ 106.687919999608525, -6.528909999896406, 0.0 ], [ 106.68758999967892, -6.529039999596122, 0.0 ], [ 106.686869999750883, -6.528909999896406, 0.0 ], [ 106.686339999591567, -6.528829999804522, 0.0 ], [ 106.685960000054223, -6.528860000288574, 0.0 ], [ 106.685874384595493, -6.528890966644543, 0.0 ], [ 106.685489999963821, -6.529030000034233, 0.0 ], [ 106.685099999965217, -6.529509999686613, 0.0 ], [ 106.684970000265494, -6.530099999914842, 0.0 ], [ 106.684879999712351, -6.531089999703479, 0.0 ], [ 106.684756897812747, -6.531372411107697, 0.0 ], [ 106.684709999966785, -6.531479999701997, 0.0 ], [ 106.684420000083122, -6.531740000000799, 0.0 ], [ 106.684260007993146, -6.531757533183438, 0.0 ], [ 106.683689999693911, -6.531820000092683, 0.0 ], [ 106.682969999765973, -6.531840000115743, 0.0 ], [ 106.681480000302074, -6.532139999561117, 0.0 ], [ 106.680460000029115, -6.53223999967615, 0.0 ], [ 106.680079999592493, -6.53217999960706, 0.0 ], [ 106.679650000447396, -6.531789999608542, 0.0 ], [ 106.679492610995439, -6.531438900684563, 0.0 ], [ 106.679390000148601, -6.531209999841483, 0.0 ], [ 106.679319999618514, -6.531009999611594, 0.0 ], [ 106.679303022242024, -6.530993022237332, 0.0 ], [ 106.679439407040505, -6.530748627840257, 0.0 ], [ 106.678709068380641, -6.529919448537882, 0.0 ], [ 106.677616161136385, -6.529455306888412, 0.0 ], [ 106.677528484549413, -6.529387151677426, 0.0 ], [ 106.676417761001076, -6.528523729700488, 0.0 ], [ 106.675270642715034, -6.527384073954448, 0.0 ], [ 106.674486102137024, -6.525879377279367, 0.0 ], [ 106.674281984567955, -6.52570276357979, 0.0 ], [ 106.67287041472818, -6.524481389488059, 0.0 ], [ 106.671671862356249, -6.52349782003089, 0.0 ], [ 106.67047641356092, -6.523449806740835, 0.0 ], [ 106.670110740055662, -6.522879280714946, 0.0 ], [ 106.669068617325948, -6.522051113067242, 0.0 ], [ 106.66904696380405, -6.522051184745195, 0.0 ], [ 106.669046563346427, -6.522042281024056, 0.0 ], [ 106.668779219898866, -6.521935216838717, 0.0 ], [ 106.668446, -6.521807, 0.0 ], [ 106.668202, -6.521706, 0.0 ], [ 106.667957, -6.521565, 0.0 ], [ 106.667531680945473, -6.521313993914504, 0.0 ], [ 106.667226, -6.521145, 0.0 ], [ 106.667062055249374, -6.521108777580444, 0.0 ], [ 106.666837, -6.521071, 0.0 ], [ 106.666597905439943, -6.52103466450539, 0.0 ], [ 106.666462999999879, -6.521038, 0.0 ], [ 106.666388, -6.521068, 0.0 ], [ 106.666368, -6.521136, 0.0 ], [ 106.666347, -6.521283, 0.0 ], [ 106.666281, -6.521424, 0.0 ], [ 106.666241311736215, -6.521464510654109, 0.0 ], [ 106.666146340814777, -6.521523121181119, 0.0 ], [ 106.666072000000113, -6.521569, 0.0 ], [ 106.665934225311574, -6.521616819815037, 0.0 ], [ 106.665721, -6.521662, 0.0 ], [ 106.665546043939997, -6.521643317903028, 0.0 ], [ 106.665223263801551, -6.521624211346779, 0.0 ], [ 106.664915510955851, -6.521574796038312, 0.0 ], [ 106.664714, -6.521542, 0.0 ], [ 106.664439000000101, -6.521524, 0.0 ], [ 106.664295, -6.521570999999895, 0.0 ], [ 106.664107, -6.52152799999989, 0.0 ], [ 106.663925, -6.521465, 0.0 ], [ 106.663861150084713, -6.521426981495395, 0.0 ], [ 106.663752, -6.521379, 0.0 ], [ 106.663512858494215, -6.52131718113699, 0.0 ], [ 106.663311000000107, -6.521282, 0.0 ], [ 106.663213, -6.521303, 0.0 ], [ 106.66305, -6.521386, 0.0 ], [ 106.662983855279464, -6.521455091247077, 0.0 ], [ 106.662903459469717, -6.521541090075669, 0.0 ], [ 106.662838207475161, -6.521632082118103, 0.0 ], [ 106.662791, -6.521685, 0.0 ], [ 106.662685, -6.521955, 0.0 ], [ 106.662634, -6.521978, 0.0 ], [ 106.662585, -6.52202, 0.0 ], [ 106.662561, -6.522090999999843, 0.0 ], [ 106.662495, -6.522109, 0.0 ], [ 106.662437, -6.522082, 0.0 ], [ 106.662334, -6.522033, 0.0 ], [ 106.662214, -6.52205, 0.0 ], [ 106.662057, -6.522107, 0.0 ], [ 106.661932385586638, -6.522184772975805, 0.0 ], [ 106.661866932256331, -6.52221474336713, 0.0 ], [ 106.661799999999886, -6.522255, 0.0 ], [ 106.661726, -6.52226199999987, 0.0 ], [ 106.66161, -6.522242, 0.0 ], [ 106.661552, -6.522185999999888, 0.0 ], [ 106.661424, -6.522077, 0.0 ], [ 106.661341, -6.522076, 0.0 ], [ 106.660985, -6.522133999999848, 0.0 ], [ 106.660803999999899, -6.522177, 0.0 ], [ 106.6605950000001, -6.522227, 0.0 ], [ 106.660577, -6.522393999999867, 0.0 ], [ 106.660575586816861, -6.522442990335566, 0.0 ], [ 106.660574000000139, -6.522497999999857, 0.0 ], [ 106.660514, -6.522549999999896, 0.0 ], [ 106.660481762360391, -6.522673191855102, 0.0 ], [ 106.66046, -6.522778, 0.0 ], [ 106.660428, -6.522915, 0.0 ], [ 106.660366865930243, -6.523001375974982, 0.0 ], [ 106.660285000000115, -6.523081, 0.0 ], [ 106.660246, -6.52310799999988, 0.0 ], [ 106.660143, -6.523066, 0.0 ], [ 106.660005, -6.523032, 0.0 ], [ 106.659911, -6.523052, 0.0 ], [ 106.659807, -6.52313, 0.0 ], [ 106.659727, -6.523261, 0.0 ], [ 106.659692458873195, -6.523391920472168, 0.0 ], [ 106.659610000000129, -6.523397999999894, 0.0 ], [ 106.658936234803079, -6.523104912048918, 0.0 ], [ 106.658987674441846, -6.522803623888009, 0.0 ], [ 106.658990000088551, -6.522790000058212, 0.0 ], [ 106.658814107984909, -6.520464326267508, 0.0 ], [ 106.65872000022803, -6.519220000002903, 0.0 ], [ 106.658629999674886, -6.519099999864899, 0.0 ], [ 106.658589999628944, -6.518859999589068, 0.0 ], [ 106.658609999651915, -6.518749999912323, 0.0 ], [ 106.658649999697857, -6.518640000235578, 0.0 ], [ 106.658649999697857, -6.518580000166665, 0.0 ], [ 106.658560000044176, -6.518509999636493, 0.0 ], [ 106.658419999883378, -6.518419999982807, 0.0 ], [ 106.65839000029851, -6.518219999752919, 0.0 ], [ 106.658439999906349, -6.518000000399429, 0.0 ], [ 106.658540000021205, -6.517720000077745, 0.0 ], [ 106.658560000044176, -6.517550000332086, 0.0 ], [ 106.658580110683729, -6.517544452414405, 0.0 ], [ 106.658849999927753, -6.517470000240202, 0.0 ], [ 106.659099999765374, -6.51739999971003, 0.0 ], [ 106.659389999649036, -6.517229999964371, 0.0 ], [ 106.659369999626065, -6.517120000287537, 0.0 ], [ 106.659279999972298, -6.516830000404052, 0.0 ], [ 106.659099999765374, -6.516570000105251, 0.0 ], [ 106.659019999673404, -6.516460000428506, 0.0 ], [ 106.659030000134578, -6.516309999806449, 0.0 ], [ 106.659059999719346, -6.515879999762078, 0.0 ], [ 106.659090000203577, -6.515629999924357, 0.0 ], [ 106.659079999742318, -6.515340000040695, 0.0 ], [ 106.659090000203577, -6.515190000318096, 0.0 ], [ 106.659190000318432, -6.514990000088208, 0.0 ], [ 106.659230000364374, -6.514869999950381, 0.0 ], [ 106.659230000364374, -6.514769999835348, 0.0 ], [ 106.65915000027249, -6.514700000204723, 0.0 ], [ 106.659099999765374, -6.514660000158603, 0.0 ], [ 106.658999999650433, -6.514569999605637, 0.0 ], [ 106.658930000019637, -6.514049999907314, 0.0 ], [ 106.658919999558549, -6.513980000276511, 0.0 ], [ 106.658909999996666, -6.513570000255111, 0.0 ], [ 106.658959999604491, -6.51332999997928, 0.0 ], [ 106.658999999650433, -6.513260000348478, 0.0 ], [ 106.659250000387345, -6.513189999818483, 0.0 ], [ 106.659400000110125, -6.513149999772541, 0.0 ], [ 106.65942540505867, -6.513067433914745, 0.0 ], [ 106.659440000156067, -6.513020000072824, 0.0 ], [ 106.659440000156067, -6.51289999993482, 0.0 ], [ 106.659460000179038, -6.512650000097189, 0.0 ], [ 106.659460000179038, -6.512440000305588, 0.0 ], [ 106.659469999740921, -6.512220000052729, 0.0 ], [ 106.659580000317035, -6.511910000146184, 0.0 ], [ 106.659600000340006, -6.511760000423497, 0.0 ], [ 106.659600000340006, -6.511629999824411, 0.0 ], [ 106.65964999994776, -6.511549999732527, 0.0 ], [ 106.659689999993788, -6.511500000124695, 0.0 ], [ 106.659569999855776, -6.510709999666489, 0.0 ], [ 106.659553833642704, -6.510456186703397, 0.0 ], [ 106.659469999740921, -6.509140000110705, 0.0 ], [ 106.65964999994776, -6.50776999988544, 0.0 ], [ 106.659710607059083, -6.507566291750813, 0.0 ], [ 106.660010000361495, -6.506559999843855, 0.0 ], [ 106.660269999760843, -6.505289999733535, 0.0 ], [ 106.660360446377709, -6.505308712826565, 0.0 ], [ 106.66055999964442, -6.505349999802448, 0.0 ], [ 106.660719999828274, -6.50538999984839, 0.0 ], [ 106.661319999618485, -6.505500000424504, 0.0 ], [ 106.661940000330944, -6.505659999709081, 0.0 ], [ 106.662215853878678, -6.505715790950752, 0.0 ], [ 106.662830000004718, -6.505839999915821, 0.0 ], [ 106.663469999840871, -6.505980000076796, 0.0 ], [ 106.663810000231564, -6.506060000168681, 0.0 ], [ 106.664120000138098, -6.506160000283536, 0.0 ], [ 106.664980000227018, -6.506419999683057, 0.0 ], [ 106.665049999857828, -6.506459999729, 0.0 ], [ 106.665379999787348, -6.506630000374027, 0.0 ], [ 106.66564999964794, -6.506820000142657, 0.0 ], [ 106.665740000200998, -6.50688999977346, 0.0 ], [ 106.666070000130688, -6.507110000026231, 0.0 ], [ 106.66654000022109, -6.507410000370975, 0.0 ], [ 106.667189999618955, -6.507910000046238, 0.0 ], [ 106.668000000100136, -6.508469999790503, 0.0 ], [ 106.668530000259537, -6.508830000204071, 0.0 ], [ 106.668909999796796, -6.509109999626652, 0.0 ], [ 106.669099999565518, -6.509229999764479, 0.0 ], [ 106.669159999634601, -6.509269999810421, 0.0 ], [ 106.669339999841341, -6.509389999948425, 0.0 ], [ 106.669919999608496, -6.509810000430907, 0.0 ], [ 106.670280000022245, -6.510089999853488, 0.0 ], [ 106.671010000411357, -6.510599999989743, 0.0 ], [ 106.671439999556625, -6.510909999896377, 0.0 ], [ 106.671920000108202, -6.511279999871835, 0.0 ], [ 106.672020000223057, -6.511350000402008, 0.0 ], [ 106.672109999876824, -6.51142000003281, 0.0 ], [ 106.672539999921369, -6.511680000331612, 0.0 ], [ 106.672689999643978, -6.511700000354583, 0.0 ], [ 106.672900000335034, -6.511660000308641, 0.0 ], [ 106.67303999959654, -6.511589999778469, 0.0 ], [ 106.673099999665553, -6.511560000193608, 0.0 ], [ 106.673199999780408, -6.511509999686584, 0.0 ], [ 106.673740000400898, -6.511230000264092, 0.0 ], [ 106.674489999913789, -6.510820000242603, 0.0 ], [ 106.674570000005673, -6.510780000196661, 0.0 ], [ 106.674660707425829, -6.510722711583607, 0.0 ], [ 106.674759999774381, -6.510660000058834, 0.0 ], [ 106.67493999998122, -6.510570000404972, 0.0 ], [ 106.6752200003029, -6.510410000221114, 0.0 ], [ 106.675410000071622, -6.510299999645, 0.0 ], [ 106.675710000416359, -6.51012999989943, 0.0 ], [ 106.675920000208137, -6.509920000107652, 0.0 ], [ 106.676290000183599, -6.509579999716966, 0.0 ], [ 106.676680000182117, -6.509180000156647, 0.0 ], [ 106.67674000025103, -6.509109999626652, 0.0 ], [ 106.677030000134522, -6.509089999603681, 0.0 ], [ 106.677549999832834, -6.50906000001882, 0.0 ], [ 106.677689999993731, -6.509049999557561, 0.0 ], [ 106.678160000084219, -6.509010000410989, 0.0 ], [ 106.678260000199074, -6.508939999880816, 0.0 ], [ 106.678329999829785, -6.508850000227042, 0.0 ], [ 106.678440000405899, -6.508730000089216, 0.0 ], [ 106.678679999782361, -6.508420000182671, 0.0 ], [ 106.678869999551083, -6.508030000184153, 0.0 ], [ 106.678920000058284, -6.507930000069209, 0.0 ], [ 106.679020000173139, -6.507860000438406, 0.0 ], [ 106.679140000310966, -6.507849999977324, 0.0 ], [ 106.679240000425992, -6.507890000023266, 0.0 ], [ 106.679459999779397, -6.5079999997001, 0.0 ], [ 106.679700000055135, -6.507979999677129, 0.0 ], [ 106.680070000030597, -6.5079999997001, 0.0 ], [ 106.680511593235622, -6.508015902411781, 0.0 ] ] ] ] } },
{ "type": "Feature", "properties": { "PROVNO": "32", "KABKOTNO": "01", "KECNO": "260", "DESANO": "003", "PROVINSI": "JAWA BARAT", "KABKOT": "BOGOR", "KECAMATAN": "RUMPIN", "ID2013": "3201260003", "DESA": "GOBANG", "DESA_1": "GOBANG", "ID2012": "3201260003", "IDKAB2": "3201", "IDKEC_2": "3201260", "WILAYAH": "BARAT" }, "geometry": { "type": "MultiPolygon", "coordinates": [ [ [ [ 106.652819999743414, -6.504649999897385, 0.0 ], [ 106.653228824350919, -6.50464424243772, 0.0 ], [ 106.654886194842248, -6.504620898735283, 0.0 ], [ 106.654949999942744, -6.504620000312613, 0.0 ], [ 106.655790000008693, -6.504810000081243, 0.0 ], [ 106.656260000099095, -6.504919999758076, 0.0 ], [ 106.656719999728324, -6.505039999895903, 0.0 ], [ 106.6570699996809, -6.505140000010847, 0.0 ], [ 106.657229999864768, -6.505180000056789, 0.0 ], [ 106.658170000045658, -6.505360000263618, 0.0 ], [ 106.65835999981428, -6.505340000240647, 0.0 ], [ 106.658649999697857, -6.505309999756506, 0.0 ], [ 106.65915000027249, -6.505229999664621, 0.0 ], [ 106.659540000271008, -6.505169999595619, 0.0 ], [ 106.659850000177556, -6.505180000056789, 0.0 ], [ 106.66016000008409, -6.505260000148763, 0.0 ], [ 106.660269999760843, -6.505289999733535, 0.0 ], [ 106.660010000361495, -6.506559999843855, 0.0 ], [ 106.659710607059083, -6.507566291750813, 0.0 ], [ 106.65964999994776, -6.50776999988544, 0.0 ], [ 106.659469999740921, -6.509140000110705, 0.0 ], [ 106.659553833642704, -6.510456186703397, 0.0 ], [ 106.659569999855776, -6.510709999666489, 0.0 ], [ 106.659689999993788, -6.511500000124695, 0.0 ], [ 106.65964999994776, -6.511549999732527, 0.0 ], [ 106.659600000340006, -6.511629999824411, 0.0 ], [ 106.659600000340006, -6.511760000423497, 0.0 ], [ 106.659580000317035, -6.511910000146184, 0.0 ], [ 106.659469999740921, -6.512220000052729, 0.0 ], [ 106.659460000179038, -6.512440000305588, 0.0 ], [ 106.659460000179038, -6.512650000097189, 0.0 ], [ 106.659440000156067, -6.51289999993482, 0.0 ], [ 106.659440000156067, -6.513020000072824, 0.0 ], [ 106.65942540505867, -6.513067433914745, 0.0 ], [ 106.659400000110125, -6.513149999772541, 0.0 ], [ 106.659250000387345, -6.513189999818483, 0.0 ], [ 106.658999999650433, -6.513260000348478, 0.0 ], [ 106.658959999604491, -6.51332999997928, 0.0 ], [ 106.658909999996666, -6.513570000255111, 0.0 ], [ 106.658919999558549, -6.513980000276511, 0.0 ], [ 106.658930000019637, -6.514049999907314, 0.0 ], [ 106.658999999650433, -6.514569999605637, 0.0 ], [ 106.659099999765374, -6.514660000158603, 0.0 ], [ 106.65915000027249, -6.514700000204723, 0.0 ], [ 106.659230000364374, -6.514769999835348, 0.0 ], [ 106.659230000364374, -6.514869999950381, 0.0 ], [ 106.659190000318432, -6.514990000088208, 0.0 ], [ 106.659090000203577, -6.515190000318096, 0.0 ], [ 106.659079999742318, -6.515340000040695, 0.0 ], [ 106.659090000203577, -6.515629999924357, 0.0 ], [ 106.659059999719346, -6.515879999762078, 0.0 ], [ 106.659030000134578, -6.516309999806449, 0.0 ], [ 106.659019999673404, -6.516460000428506, 0.0 ], [ 106.659099999765374, -6.516570000105251, 0.0 ], [ 106.659279999972298, -6.516830000404052, 0.0 ], [ 106.659369999626065, -6.517120000287537, 0.0 ], [ 106.659389999649036, -6.517229999964371, 0.0 ], [ 106.659099999765374, -6.51739999971003, 0.0 ], [ 106.658849999927753, -6.517470000240202, 0.0 ], [ 106.658580110683729, -6.517544452414405, 0.0 ], [ 106.658560000044176, -6.517550000332086, 0.0 ], [ 106.658540000021205, -6.517720000077745, 0.0 ], [ 106.658439999906349, -6.518000000399429, 0.0 ], [ 106.65839000029851, -6.518219999752919, 0.0 ], [ 106.658419999883378, -6.518419999982807, 0.0 ], [ 106.658560000044176, -6.518509999636493, 0.0 ], [ 106.658649999697857, -6.518580000166665, 0.0 ], [ 106.658649999697857, -6.518640000235578, 0.0 ], [ 106.658609999651915, -6.518749999912323, 0.0 ], [ 106.658589999628944, -6.518859999589068, 0.0 ], [ 106.658629999674886, -6.519099999864899, 0.0 ], [ 106.65872000022803, -6.519220000002903, 0.0 ], [ 106.658814107984909, -6.520464326267508, 0.0 ], [ 106.658990000088551, -6.522790000058212, 0.0 ], [ 106.658987674441846, -6.522803623888009, 0.0 ], [ 106.658936234803079, -6.523104912048918, 0.0 ], [ 106.658849999927753, -6.52361000010119, 0.0 ], [ 106.65872000022803, -6.523819999892879, 0.0 ], [ 106.658700000205059, -6.523949999592595, 0.0 ], [ 106.658669999720829, -6.524180000306536, 0.0 ], [ 106.658700000205059, -6.524260000398598, 0.0 ], [ 106.658809999881811, -6.524370000075255, 0.0 ], [ 106.658930000019637, -6.52447000019011, 0.0 ], [ 106.658999999650433, -6.524599999889826, 0.0 ], [ 106.659059999719346, -6.524920000257541, 0.0 ], [ 106.65907000018052, -6.525020000372574, 0.0 ], [ 106.659090000203577, -6.525250000187146, 0.0 ], [ 106.659019999673404, -6.525459999978835, 0.0 ], [ 106.658990000088551, -6.52556999965558, 0.0 ], [ 106.658990232113695, -6.52557325520128, 0.0 ], [ 106.658999999650433, -6.525709999816378, 0.0 ], [ 106.659079999742318, -6.525870000000324, 0.0 ], [ 106.659239999926356, -6.526119999837956, 0.0 ], [ 106.659279999972298, -6.526289999583614, 0.0 ], [ 106.659279999972298, -6.526440000205671, 0.0 ], [ 106.659210000341403, -6.5266299999743, 0.0 ], [ 106.65915000027249, -6.526890000273013, 0.0 ], [ 106.65915000027249, -6.527149999672623, 0.0 ], [ 106.65915000027249, -6.527340000340622, 0.0 ], [ 106.659170000295461, -6.527519999648081, 0.0 ], [ 106.659190000318432, -6.527630000224107, 0.0 ], [ 106.658769999835869, -6.529079999642065, 0.0 ], [ 106.658100000414848, -6.53069000014316, 0.0 ], [ 106.657539999771487, -6.531479999701997, 0.0 ], [ 106.656919999958305, -6.531809999631513, 0.0 ], [ 106.656420000282949, -6.531800000069712, 0.0 ], [ 106.655954166751556, -6.531767309713334, 0.0 ], [ 106.655850000077606, -6.53176000002377, 0.0 ], [ 106.655749999962751, -6.531479999701997, 0.0 ], [ 106.655569999755841, -6.531180000256622, 0.0 ], [ 106.655379999987204, -6.530960000003763, 0.0 ], [ 106.65523000026451, -6.530830000304135, 0.0 ], [ 106.6549699999658, -6.530590000028305, 0.0 ], [ 106.654889999873831, -6.530590000028305, 0.0 ], [ 106.654620000013225, -6.530610000051276, 0.0 ], [ 106.654530000359458, -6.530560000443444, 0.0 ], [ 106.654490000313515, -6.53048000035156, 0.0 ], [ 106.654430000244602, -6.530369999775445, 0.0 ], [ 106.654330000129562, -6.530309999706532, 0.0 ], [ 106.654140000360854, -6.530280000121671, 0.0 ], [ 106.654040000245999, -6.530309999706532, 0.0 ], [ 106.653989999738883, -6.530380000236704, 0.0 ], [ 106.653989999738883, -6.530489999913449, 0.0 ], [ 106.653960000154115, -6.530540000420473, 0.0 ], [ 106.653900000085201, -6.53050999993642, 0.0 ], [ 106.653579999717479, -6.530460000328588, 0.0 ], [ 106.653479999602538, -6.53048000035156, 0.0 ], [ 106.653340000340933, -6.530549999982362, 0.0 ], [ 106.653149999672934, -6.530610000051276, 0.0 ], [ 106.652979999927268, -6.530590000028305, 0.0 ], [ 106.652779999697557, -6.530520000397502, 0.0 ], [ 106.652640000435866, -6.530500000374531, 0.0 ], [ 106.652440000205985, -6.530529999959391, 0.0 ], [ 106.652119999838263, -6.530610000051276, 0.0 ], [ 106.651517537704393, -6.530791694580831, 0.0 ], [ 106.651489999564006, -6.530799999819905, 0.0 ], [ 106.651310000256629, -6.530899999934849, 0.0 ], [ 106.651110000026748, -6.530969999565652, 0.0 ], [ 106.650909999796852, -6.530969999565652, 0.0 ], [ 106.650840000166056, -6.530969999565652, 0.0 ], [ 106.65068471512771, -6.530938943277445, 0.0 ], [ 106.650590000328421, -6.53091999995782, 0.0 ], [ 106.650319999568538, -6.530810000281164, 0.0 ], [ 106.650080000192077, -6.530750000212073, 0.0 ], [ 106.649960000054165, -6.530779999796934, 0.0 ], [ 106.649859999939309, -6.530839999865847, 0.0 ], [ 106.649719999778426, -6.530930000418991, 0.0 ], [ 106.649440000355924, -6.531169999795541, 0.0 ], [ 106.649240000126127, -6.531289999933367, 0.0 ], [ 106.649130000449389, -6.531260000348507, 0.0 ], [ 106.649090000403447, -6.531189999818512, 0.0 ], [ 106.649019999873275, -6.531120000187709, 0.0 ], [ 106.648890000173552, -6.531100000164738, 0.0 ], [ 106.648759999574466, -6.531129999749421, 0.0 ], [ 106.648620000312945, -6.531189999818512, 0.0 ], [ 106.648279999922266, -6.531430000094165, 0.0 ], [ 106.64794000043095, -6.531690000392967, 0.0 ], [ 106.647550000432346, -6.531829999654484, 0.0 ], [ 106.647450000317491, -6.531869999700604, 0.0 ], [ 106.647199999580579, -6.53198999983843, 0.0 ], [ 106.646969999765915, -6.532100000414545, 0.0 ], [ 106.64688999967403, -6.532139999561117, 0.0 ], [ 106.646789999559076, -6.532199999630031, 0.0 ], [ 106.646699999905309, -6.532299999745064, 0.0 ], [ 106.646539999721455, -6.532350000252087, 0.0 ], [ 106.646260000299051, -6.532540000020806, 0.0 ], [ 106.64602999958511, -6.532700000204574, 0.0 ], [ 106.645819999793332, -6.532780000296636, 0.0 ], [ 106.645650000047581, -6.532789999858348, 0.0 ], [ 106.645360000164089, -6.532740000250694, 0.0 ], [ 106.645269999611045, -6.532689999743493, 0.0 ], [ 106.644990000188557, -6.532660000158721, 0.0 ], [ 106.645099999865295, -6.532129999999317, 0.0 ], [ 106.645220000003206, -6.531719999977827, 0.0 ], [ 106.645240000026178, -6.531610000301082, 0.0 ], [ 106.645289999634016, -6.53132999997931, 0.0 ], [ 106.645309999656988, -6.530899999934849, 0.0 ], [ 106.645309999656988, -6.530500000374531, 0.0 ], [ 106.645329999679959, -6.530159999983844, 0.0 ], [ 106.645381049695814, -6.529760107442808, 0.0 ], [ 106.645389999748872, -6.529689999893442, 0.0 ], [ 106.645320000118062, -6.529700000354612, 0.0 ], [ 106.645119999888266, -6.529729999939384, 0.0 ], [ 106.644760000373893, -6.529810000031357, 0.0 ], [ 106.644640000235967, -6.529810000031357, 0.0 ], [ 106.644059999569464, -6.529769999985415, 0.0 ], [ 106.643639999986164, -6.529760000423526, 0.0 ], [ 106.643370000125572, -6.529680000331641, 0.0 ], [ 106.642980000127039, -6.529310000356094, 0.0 ], [ 106.642859999989213, -6.529039999596122, 0.0 ], [ 106.642779999897243, -6.528909999896406, 0.0 ], [ 106.642690000243476, -6.528740000150748, 0.0 ], [ 106.642650000197534, -6.528419999783033, 0.0 ], [ 106.642649035224991, -6.528390094626992, 0.0 ], [ 106.64263999973636, -6.528109999876488, 0.0 ], [ 106.642510000036651, -6.528040000245685, 0.0 ], [ 106.642519999598449, -6.527909999646599, 0.0 ], [ 106.642519999598449, -6.527750000362023, 0.0 ], [ 106.642438933809871, -6.527353676330918, 0.0 ], [ 106.642429999944767, -6.527309999856481, 0.0 ], [ 106.642360000313957, -6.527129999649652, 0.0 ], [ 106.642249999737842, -6.527030000433989, 0.0 ], [ 106.641870000200498, -6.526939999880934, 0.0 ], [ 106.641739999601498, -6.526879999811932, 0.0 ], [ 106.641710000016644, -6.526790000158158, 0.0 ], [ 106.641730000039701, -6.52642999974459, 0.0 ], [ 106.641839999716439, -6.526090000253095, 0.0 ], [ 106.641959999854265, -6.525860000438524, 0.0 ], [ 106.642039999946235, -6.525769999885469, 0.0 ], [ 106.642280000221987, -6.525720000277637, 0.0 ], [ 106.642479999552506, -6.525680000231695, 0.0 ], [ 106.642690000243476, -6.525580000116751, 0.0 ], [ 106.642839999966242, -6.525450000417035, 0.0 ], [ 106.64306999978082, -6.525099999565178, 0.0 ], [ 106.643120000288022, -6.524929999819431, 0.0 ], [ 106.643020000173081, -6.5240699997306, 0.0 ], [ 106.643009999711907, -6.523719999778024, 0.0 ], [ 106.643035064716642, -6.523434256385698, 0.0 ], [ 106.643060000219023, -6.523149999572677, 0.0 ], [ 106.643089999803792, -6.523070000380073, 0.0 ], [ 106.64314999987279, -6.52299999984999, 0.0 ], [ 106.642980000127039, -6.522790000058301, 0.0 ], [ 106.642710000266447, -6.522540000220669, 0.0 ], [ 106.642750000312475, -6.522449999667614, 0.0 ], [ 106.642790000358417, -6.52234999955267, 0.0 ], [ 106.642810000381388, -6.522250000337095, 0.0 ], [ 106.642830000404359, -6.522159999783952, 0.0 ], [ 106.642830000404359, -6.522090000153238, 0.0 ], [ 106.642810000381388, -6.521990000038294, 0.0 ], [ 106.642810000381388, -6.521889999923438, 0.0 ], [ 106.642799999920214, -6.521820000292635, 0.0 ], [ 106.642779999897243, -6.521740000200662, 0.0 ], [ 106.642759999874272, -6.521629999624636, 0.0 ], [ 106.642759032203713, -6.521625158574054, 0.0 ], [ 106.642739999851301, -6.521530000409062, 0.0 ], [ 106.642730000289504, -6.521470000340059, 0.0 ], [ 106.64271999982833, -6.521399999809976, 0.0 ], [ 106.642710000266447, -6.521330000179173, 0.0 ], [ 106.642710000266447, -6.521219999603147, 0.0 ], [ 106.642710000266447, -6.521160000433515, 0.0 ], [ 106.64271999982833, -6.521069999880371, 0.0 ], [ 106.642730000289504, -6.520980000226686, 0.0 ], [ 106.642739999851301, -6.520909999696602, 0.0 ], [ 106.642750000312475, -6.5208400000658, 0.0 ], [ 106.642759999874272, -6.520750000412026, 0.0 ], [ 106.642790000358417, -6.520639999836, 0.0 ], [ 106.642810000381388, -6.520559999744027, 0.0 ], [ 106.642830000404359, -6.520490000113224, 0.0 ], [ 106.642859999989213, -6.520430000044311, 0.0 ], [ 106.642889999573995, -6.520360000413508, 0.0 ], [ 106.642929999620023, -6.520289999883424, 0.0 ], [ 106.642989999688936, -6.52020999979154, 0.0 ], [ 106.643029999734878, -6.520149999722538, 0.0 ], [ 106.643080000241994, -6.520089999653536, 0.0 ], [ 106.643129999849819, -6.520029999584622, 0.0 ], [ 106.643189999918732, -6.519959999953908, 0.0 ], [ 106.643240000425848, -6.519890000323105, 0.0 ], [ 106.643299999595484, -6.519819999793022, 0.0 ], [ 106.6433500001026, -6.51975999972402, 0.0 ], [ 106.643419999733396, -6.519670000070246, 0.0 ], [ 106.64347999980231, -6.519600000439443, 0.0 ], [ 106.643530000309426, -6.519529999909448, 0.0 ], [ 106.64357999991725, -6.519469999840446, 0.0 ], [ 106.643619999963192, -6.519420000232703, 0.0 ], [ 106.643669999571031, -6.51934000014073, 0.0 ], [ 106.643716522399728, -6.519274869439542, 0.0 ], [ 106.643720000078133, -6.519269999610646, 0.0 ], [ 106.643769999685887, -6.519190000418043, 0.0 ], [ 106.643809999731914, -6.519130000349129, 0.0 ], [ 106.64386000023903, -6.519050000257156, 0.0 ], [ 106.64390999984677, -6.518959999704101, 0.0 ], [ 106.643940000330915, -6.518899999635099, 0.0 ], [ 106.643969999915683, -6.518839999566186, 0.0 ], [ 106.643989999938654, -6.518760000373582, 0.0 ], [ 106.643989999938654, -6.518669999820439, 0.0 ], [ 106.643989999938654, -6.518580000166665, 0.0 ], [ 106.643969999915683, -6.518460000028838, 0.0 ], [ 106.643949999892712, -6.518390000398036, 0.0 ], [ 106.64390999984677, -6.518210000191207, 0.0 ], [ 106.643870239919778, -6.51809072041031, 0.0 ], [ 106.643829999754885, -6.517969999915376, 0.0 ], [ 106.643789999708858, -6.51784000021566, 0.0 ], [ 106.643740000101104, -6.517760000123776, 0.0 ], [ 106.643630000424366, -6.517680000031802, 0.0 ], [ 106.643330000079629, -6.517539999871005, 0.0 ], [ 106.643020000173081, -6.5174100001712, 0.0 ], [ 106.642650000197534, -6.517310000056256, 0.0 ], [ 106.642289999783785, -6.517270000010313, 0.0 ], [ 106.641930000269497, -6.517260000448513, 0.0 ], [ 106.641619398716486, -6.517250865135207, 0.0 ], [ 106.641589999878718, -6.517249999987342, 0.0 ], [ 106.641320000018112, -6.517200000379511, 0.0 ], [ 106.641050000157605, -6.517109999826456, 0.0 ], [ 106.640789999858811, -6.516969999665569, 0.0 ], [ 106.640720000228001, -6.516920000057738, 0.0 ], [ 106.640649999697914, -6.516859999988824, 0.0 ], [ 106.640569999605944, -6.516799999919911, 0.0 ], [ 106.640499999975233, -6.516739999850909, 0.0 ], [ 106.640430000344423, -6.516679999781996, 0.0 ], [ 106.64037000027551, -6.516619999713082, 0.0 ], [ 106.640299999745338, -6.516559999644169, 0.0 ], [ 106.640230000114542, -6.516499999575167, 0.0 ], [ 106.640170000045629, -6.516429999944364, 0.0 ], [ 106.640109999976715, -6.51636000031365, 0.0 ], [ 106.640060000368877, -6.516289999783478, 0.0 ], [ 106.639989999838804, -6.516220000152675, 0.0 ], [ 106.639940000230965, -6.516140000060791, 0.0 ], [ 106.639880000162051, -6.516070000430076, 0.0 ], [ 106.639829999654935, -6.515990000338103, 0.0 ], [ 106.639780000047196, -6.515899999785049, 0.0 ], [ 106.639740000001169, -6.515830000154246, 0.0 ], [ 106.639699999955226, -6.515750000062273, 0.0 ], [ 106.639659999909284, -6.515660000408587, 0.0 ], [ 106.639630000324416, -6.515580000316614, 0.0 ], [ 106.639599999840271, -6.51548999976356, 0.0 ], [ 106.6395799998173, -6.515389999648615, 0.0 ], [ 106.639559999794329, -6.515299999994841, 0.0 ], [ 106.639539999771358, -6.515199999879897, 0.0 ], [ 106.639530000209476, -6.515110000226212, 0.0 ], [ 106.639510000186505, -6.515010000111268, 0.0 ], [ 106.639510000186505, -6.514919999558213, 0.0 ], [ 106.639499999725416, -6.514820000342549, 0.0 ], [ 106.639490000163534, -6.514729999789495, 0.0 ], [ 106.639490000163534, -6.514640000135721, 0.0 ], [ 106.639479999702445, -6.514549999582666, 0.0 ], [ 106.639479999702445, -6.514459999928892, 0.0 ], [ 106.639479999702445, -6.514350000252147, 0.0 ], [ 106.639479999702445, -6.514250000137203, 0.0 ], [ 106.639479999702445, -6.514139999561177, 0.0 ], [ 106.639479999702445, -6.514029999884432, 0.0 ], [ 106.639479999702445, -6.513909999746517, 0.0 ], [ 106.639479999702445, -6.5137800000468, 0.0 ], [ 106.639479999702445, -6.513650000347084, 0.0 ], [ 106.639479999702445, -6.513519999747999, 0.0 ], [ 106.639459999679389, -6.513399999610172, 0.0 ], [ 106.639459999679389, -6.513269999910367, 0.0 ], [ 106.639459999679389, -6.513160000233622, 0.0 ], [ 106.639450000117591, -6.513060000118767, 0.0 ], [ 106.639439999656418, -6.512969999565623, 0.0 ], [ 106.63943000009462, -6.512890000373019, 0.0 ], [ 106.639419999633446, -6.512819999842936, 0.0 ], [ 106.639399999610475, -6.512739999751052, 0.0 ], [ 106.639359999564448, -6.512639999636107, 0.0 ], [ 106.639300000394911, -6.512570000005304, 0.0 ], [ 106.639290176200831, -6.512556901379742, 0.0 ], [ 106.639240000325898, -6.51248999991342, 0.0 ], [ 106.639149999772854, -6.512420000282617, 0.0 ], [ 106.639089999703941, -6.512369999775505, 0.0 ], [ 106.639040000096102, -6.512340000190733, 0.0 ], [ 106.638989999588986, -6.512300000144702, 0.0 ], [ 106.638910000396379, -6.512249999637589, 0.0 ], [ 106.638819999843335, -6.512209999591647, 0.0 ], [ 106.638759999774322, -6.512180000006786, 0.0 ], [ 106.638690000143612, -6.512150000422015, 0.0 ], [ 106.638590000028671, -6.512110000376072, 0.0 ], [ 106.638500000374904, -6.512079999891931, 0.0 ], [ 106.638429999844817, -6.51205999986896, 0.0 ], [ 106.638360000214007, -6.51205000030707, 0.0 ], [ 106.638289999683934, -6.512039999845989, 0.0 ], [ 106.638220000053124, -6.512030000284099, 0.0 ], [ 106.63813999996124, -6.512030000284099, 0.0 ], [ 106.63805999986927, -6.512019999823018, 0.0 ], [ 106.637959999754315, -6.512019999823018, 0.0 ], [ 106.63785999963946, -6.512010000261128, 0.0 ], [ 106.63776000042381, -6.511999999799958, 0.0 ], [ 106.637649999847781, -6.511999999799958, 0.0 ], [ 106.637529999709869, -6.511990000238157, 0.0 ], [ 106.637409999572043, -6.511970000215186, 0.0 ], [ 106.637279999872234, -6.511970000215186, 0.0 ], [ 106.637159999734408, -6.511959999754016, 0.0 ], [ 106.637039999596482, -6.511950000192215, 0.0 ], [ 106.636920000357946, -6.511939999731045, 0.0 ], [ 106.636809999781832, -6.511930000169244, 0.0 ], [ 106.636709999666977, -6.511910000146184, 0.0 ], [ 106.636609999552036, -6.511899999685014, 0.0 ], [ 106.636510000336457, -6.511879999662042, 0.0 ], [ 106.636419999783399, -6.511859999639071, 0.0 ], [ 106.63633999969143, -6.5118399996161, 0.0 ], [ 106.636250000037649, -6.511819999593129, 0.0 ], [ 106.636169999945679, -6.511799999570158, 0.0 ], [ 106.636100000314883, -6.511780000446468, 0.0 ], [ 106.636020000222999, -6.511760000423497, 0.0 ], [ 106.635949999692912, -6.511740000400525, 0.0 ], [ 106.635880000062102, -6.511720000377554, 0.0 ], [ 106.635799999970132, -6.511680000331612, 0.0 ], [ 106.635730000339422, -6.511660000308641, 0.0 ], [ 106.635682349760827, -6.511632770635725, 0.0 ], [ 106.635659999809334, -6.511620000262699, 0.0 ], [ 106.635579999717365, -6.511580000216668, 0.0 ], [ 106.63549999962548, -6.511549999732527, 0.0 ], [ 106.635420000432873, -6.511489999663613, 0.0 ], [ 106.635329999879815, -6.5114299995947, 0.0 ], [ 106.635229999764874, -6.511370000424979, 0.0 ], [ 106.635129999649934, -6.511310000356065, 0.0 ], [ 106.635019999973181, -6.511239999825982, 0.0 ], [ 106.634890000273472, -6.51119000021815, 0.0 ], [ 106.634750000112575, -6.511119999688066, 0.0 ], [ 106.634600000389895, -6.511059999619153, 0.0 ], [ 106.634440000206041, -6.511000000449521, 0.0 ], [ 106.634269999561013, -6.510929999919437, 0.0 ], [ 106.634099999815263, -6.510869999850435, 0.0 ], [ 106.633930000069597, -6.510820000242603, 0.0 ], [ 106.633760000323946, -6.51076000017369, 0.0 ], [ 106.633589999678918, -6.510709999666577, 0.0 ], [ 106.633538615115199, -6.510692872078252, 0.0 ], [ 106.633439999956138, -6.510660000058834, 0.0 ], [ 106.633290000233544, -6.510609999551633, 0.0 ], [ 106.633159999634458, -6.51057000040506, 0.0 ], [ 106.633040000395823, -6.510530000359118, 0.0 ], [ 106.632909999796823, -6.510490000313087, 0.0 ], [ 106.632800000120085, -6.510450000267145, 0.0 ], [ 106.632670000420362, -6.510419999783004, 0.0 ], [ 106.632539999821276, -6.510370000175172, 0.0 ], [ 106.632410000121567, -6.510350000152201, 0.0 ], [ 106.632260000398873, -6.510319999668059, 0.0 ], [ 106.632109999776816, -6.510290000083288, 0.0 ], [ 106.631949999592962, -6.510250000037345, 0.0 ], [ 106.631779999847311, -6.510219999553115, 0.0 ], [ 106.631619999663442, -6.510189999968343, 0.0 ], [ 106.631469999940663, -6.510149999922401, 0.0 ], [ 106.631309999756894, -6.51012000033754, 0.0 ], [ 106.631160000034129, -6.510089999853488, 0.0 ], [ 106.631019999873246, -6.510049999807546, 0.0 ], [ 106.630899999735419, -6.510020000222685, 0.0 ], [ 106.630790000058667, -6.509980000176743, 0.0 ], [ 106.630689999943726, -6.509949999692601, 0.0 ], [ 106.630580000266974, -6.50990999964657, 0.0 ], [ 106.63050000017509, -6.509869999600628, 0.0 ], [ 106.63042000008312, -6.509829999554686, 0.0 ], [ 106.630339999991151, -6.509779999946854, 0.0 ], [ 106.630270000360341, -6.509739999900912, 0.0 ], [ 106.630199999830353, -6.50969000029308, 0.0 ], [ 106.630130000199543, -6.509630000224167, 0.0 ], [ 106.630059999669371, -6.509570000155254, 0.0 ], [ 106.62999000003866, -6.509510000086252, 0.0 ], [ 106.629929999969747, -6.509420000432478, 0.0 ], [ 106.629869999900748, -6.509329999879423, 0.0 ], [ 106.629789999808764, -6.509229999764479, 0.0 ], [ 106.62970999971688, -6.509120000087734, 0.0 ], [ 106.629640000086084, -6.508979999926936, 0.0 ], [ 106.6295599999942, -6.508799999720019, 0.0 ], [ 106.629459999879259, -6.508580000366617, 0.0 ], [ 106.629359999764318, -6.508300000044844, 0.0 ], [ 106.629239999626492, -6.507950000092269, 0.0 ], [ 106.629100000364872, -6.507529999609609, 0.0 ], [ 106.628940000181018, -6.507020000372545, 0.0 ], [ 106.629620000063113, -6.506980000326603, 0.0 ], [ 106.631050000357376, -6.506769999635633, 0.0 ], [ 106.632780000097114, -6.506390000098285, 0.0 ], [ 106.632909999796823, -6.506359999614144, 0.0 ], [ 106.632964588645024, -6.506343622959623, 0.0 ], [ 106.633009999911764, -6.506330000029283, 0.0 ], [ 106.633239999726342, -6.50628000042154, 0.0 ], [ 106.633390000348399, -6.506220000352627, 0.0 ], [ 106.633549999632976, -6.506169999845426, 0.0 ], [ 106.633720000277918, -6.506140000260654, 0.0 ], [ 106.633879999562495, -6.506120000237683, 0.0 ], [ 106.634010000161581, -6.506109999776513, 0.0 ], [ 106.634199999930203, -6.506120000237683, 0.0 ], [ 106.634380000137043, -6.506100000214712, 0.0 ], [ 106.634480000251983, -6.506080000191652, 0.0 ], [ 106.634560000343953, -6.50606999973057, 0.0 ], [ 106.634659999559531, -6.506049999707599, 0.0 ], [ 106.634790000158517, -6.50604000014571, 0.0 ], [ 106.635019999973181, -6.505929999569684, 0.0 ], [ 106.635129999649934, -6.505879999961852, 0.0 ], [ 106.635209999741818, -6.505830000354109, 0.0 ], [ 106.635409999971699, -6.505710000216194, 0.0 ], [ 106.635559999694394, -6.505650000147192, 0.0 ], [ 106.63575999992419, -6.505579999617108, 0.0 ], [ 106.635929999669941, -6.505530000009365, 0.0 ], [ 106.636080000291912, -6.505659999709081, 0.0 ], [ 106.636209999991706, -6.505759999823937, 0.0 ], [ 106.636330000129618, -6.505819999892939, 0.0 ], [ 106.636419999783399, -6.505870000400051, 0.0 ], [ 106.636510000336457, -6.505910000445994, 0.0 ], [ 106.636609999552036, -6.505960000053825, 0.0 ], [ 106.63676999973589, -6.506000000099768, 0.0 ], [ 106.636869999850745, -6.50604000014571, 0.0 ], [ 106.63698000042686, -6.50606999973057, 0.0 ], [ 106.637119999688466, -6.506109999776513, 0.0 ], [ 106.637279999872234, -6.506160000283625, 0.0 ], [ 106.637520000148058, -6.506180000306596, 0.0 ], [ 106.637749999962722, -6.506169999845426, 0.0 ], [ 106.637970000215489, -6.506180000306596, 0.0 ], [ 106.638249999637893, -6.506200000329656, 0.0 ], [ 106.638369999775819, -6.506350000052255, 0.0 ], [ 106.638509999936701, -6.506559999843944, 0.0 ], [ 106.63871999972838, -6.506809999681575, 0.0 ], [ 106.638640347674098, -6.506571042619349, 0.0 ], [ 106.638340000191036, -6.505670000170163, 0.0 ], [ 106.638690000143612, -6.503940000430521, 0.0 ], [ 106.638859999889277, -6.503889999923409, 0.0 ], [ 106.639040000096102, -6.503849999877467, 0.0 ], [ 106.639229999864739, -6.503800000269635, 0.0 ], [ 106.63943000009462, -6.503749999762523, 0.0 ], [ 106.639630000324416, -6.50368999969352, 0.0 ], [ 106.639829999654935, -6.503629999624607, 0.0 ], [ 106.640029999884746, -6.503569999555694, 0.0 ], [ 106.640219999653453, -6.503499999924891, 0.0 ], [ 106.640410000321452, -6.503439999855978, 0.0 ], [ 106.640569999605944, -6.503379999786976, 0.0 ], [ 106.640729999789798, -6.503339999741033, 0.0 ], [ 106.640869999950695, -6.503290000133202, 0.0 ], [ 106.640999999650404, -6.50325000008726, 0.0 ], [ 106.641119999788316, -6.503199999580147, 0.0 ], [ 106.641239999926228, -6.503169999995375, 0.0 ], [ 106.641340000041183, -6.503129999949344, 0.0 ], [ 106.641440000156123, -6.503089999903402, 0.0 ], [ 106.641529999809805, -6.503069999880431, 0.0 ], [ 106.641609999901689, -6.50304999985746, 0.0 ], [ 106.641689999993673, -6.5030299998344, 0.0 ], [ 106.641770000085643, -6.503009999811429, 0.0 ], [ 106.641839999716439, -6.502989999788458, 0.0 ], [ 106.641899999785352, -6.502980000226657, 0.0 ], [ 106.641970000315439, -6.502969999765487, 0.0 ], [ 106.642030000384437, -6.502960000203686, 0.0 ], [ 106.642120000038119, -6.502940000180715, 0.0 ], [ 106.642220000153074, -6.502940000180715, 0.0 ], [ 106.642329999829812, -6.502940000180715, 0.0 ], [ 106.642440000405841, -6.502940000180715, 0.0 ], [ 106.642550000082593, -6.502960000203686, 0.0 ], [ 106.64263999973636, -6.502980000226657, 0.0 ], [ 106.642739999851301, -6.503000000249628, 0.0 ], [ 106.642810000381388, -6.503020000272599, 0.0 ], [ 106.642889999573995, -6.50304999985746, 0.0 ], [ 106.642960000104068, -6.503069999880431, 0.0 ], [ 106.64306999978082, -6.503089999903402, 0.0 ], [ 106.643169999895761, -6.503140000410514, 0.0 ], [ 106.643279999572513, -6.503169999995375, 0.0 ], [ 106.643410000171599, -6.503210000041317, 0.0 ], [ 106.643510000286454, -6.50325000008726, 0.0 ], [ 106.643630000424366, -6.503290000133202, 0.0 ], [ 106.643749999662916, -6.503319999718062, 0.0 ], [ 106.643869999800827, -6.503359999764005, 0.0 ], [ 106.643989999938654, -6.503399999809947, 0.0 ], [ 106.644079999592435, -6.503430000294177, 0.0 ], [ 106.64419000016855, -6.503470000340119, 0.0 ], [ 106.644270000260434, -6.503499999924891, 0.0 ], [ 106.644379999937172, -6.503539999970922, 0.0 ], [ 106.644469999590939, -6.503559999993893, 0.0 ], [ 106.644549999682923, -6.503600000039835, 0.0 ], [ 106.644629999774892, -6.503629999624607, 0.0 ], [ 106.644700000304979, -6.503660000108749, 0.0 ], [ 106.64476999993569, -6.50368999969352, 0.0 ], [ 106.6448399995665, -6.503709999716492, 0.0 ], [ 106.644899999635498, -6.503740000200722, 0.0 ], [ 106.644970000165486, -6.503769999785494, 0.0 ], [ 106.645019999773325, -6.503809999831436, 0.0 ], [ 106.645079999842238, -6.503840000315577, 0.0 ], [ 106.645139999911237, -6.503869999900438, 0.0 ], [ 106.645199999980235, -6.50390000038449, 0.0 ], [ 106.645260000049149, -6.503929999969351, 0.0 ], [ 106.645320000118062, -6.503959999554212, 0.0 ], [ 106.64538000018706, -6.503999999600154, 0.0 ], [ 106.645449999817785, -6.504039999646096, 0.0 ], [ 106.645509999886784, -6.504070000130238, 0.0 ], [ 106.645569999955697, -6.50409999971501, 0.0 ], [ 106.645639999586507, -6.50413000019924, 0.0 ], [ 106.64571000011658, -6.504159999784012, 0.0 ], [ 106.645790000208564, -6.504190000268153, 0.0 ], [ 106.645859999839274, -6.504210000291124, 0.0 ], [ 106.645939999931244, -6.504230000314095, 0.0 ], [ 106.646029999585011, -6.504250000337066, 0.0 ], [ 106.646100000115098, -6.504270000360037, 0.0 ], [ 106.646160000184011, -6.504279999921927, 0.0 ], [ 106.646249999837792, -6.504299999944898, 0.0 ], [ 106.646329999929762, -6.50431000040598, 0.0 ], [ 106.646399999560472, -6.50431000040598, 0.0 ], [ 106.646479999652456, -6.504319999967869, 0.0 ], [ 106.646550000182529, -6.504319999967869, 0.0 ], [ 106.646630000274413, -6.504319999967869, 0.0 ], [ 106.646699999905223, -6.50431000040598, 0.0 ], [ 106.646779999997193, -6.50431000040598, 0.0 ], [ 106.646849999627904, -6.504299999944898, 0.0 ], [ 106.646929999719873, -6.504290000383008, 0.0 ], [ 106.647009999811857, -6.504279999921927, 0.0 ], [ 106.647089999903741, -6.504270000360037, 0.0 ], [ 106.647179999557508, -6.504250000337066, 0.0 ], [ 106.647259999649492, -6.504230000314095, 0.0 ], [ 106.647350000202451, -6.504210000291124, 0.0 ], [ 106.647439999856232, -6.504190000268153, 0.0 ], [ 106.647539999971173, -6.504170000245182, 0.0 ], [ 106.647640000086113, -6.504139999761041, 0.0 ], [ 106.647740000200969, -6.504119999737981, 0.0 ], [ 106.647849999877806, -6.504090000153209, 0.0 ], [ 106.647959999554544, -6.504070000130238, 0.0 ], [ 106.648070000130573, -6.504050000107267, 0.0 ], [ 106.648190000268485, -6.504030000084295, 0.0 ], [ 106.648299999945237, -6.504010000061236, 0.0 ], [ 106.648429999644947, -6.503990000038264, 0.0 ], [ 106.648549999782858, -6.503979999577183, 0.0 ], [ 106.648680000381859, -6.503979999577183, 0.0 ], [ 106.648810000081582, -6.503959999554212, 0.0 ], [ 106.648950000242465, -6.503959999554212, 0.0 ], [ 106.649090000403348, -6.503979999577183, 0.0 ], [ 106.649220000103071, -6.503979999577183, 0.0 ], [ 106.649360000263954, -6.503990000038264, 0.0 ], [ 106.649500000424837, -6.503999999600154, 0.0 ], [ 106.649650000147616, -6.504010000061236, 0.0 ], [ 106.649790000308414, -6.504019999623125, 0.0 ], [ 106.64992999957002, -6.504030000084295, 0.0 ], [ 106.650069999730903, -6.504039999646096, 0.0 ], [ 106.650200000329903, -6.504059999669067, 0.0 ], [ 106.650330000029712, -6.504070000130238, 0.0 ], [ 106.650459999729335, -6.504090000153209, 0.0 ], [ 106.650579999867247, -6.50409999971501, 0.0 ], [ 106.650690000443277, -6.504119999737981, 0.0 ], [ 106.65078999965894, -6.504139999761041, 0.0 ], [ 106.650889999773796, -6.504159999784012, 0.0 ], [ 106.650980000326939, -6.504179999806983, 0.0 ], [ 106.651069999980706, -6.504210000291124, 0.0 ], [ 106.651170000095561, -6.504230000314095, 0.0 ], [ 106.651259999749342, -6.504270000360037, 0.0 ], [ 106.651359999864283, -6.504290000383008, 0.0 ], [ 106.651470000440312, -6.504330000429039, 0.0 ], [ 106.651589999678862, -6.504369999575701, 0.0 ], [ 106.651720000277948, -6.504400000059753, 0.0 ], [ 106.651870000000628, -6.504449999667585, 0.0 ], [ 106.652059999769349, -6.504500000174698, 0.0 ], [ 106.652269999560957, -6.5045600002437, 0.0 ], [ 106.652520000297955, -6.504600000289642, 0.0 ], [ 106.652819999743414, -6.504649999897385, 0.0 ] ] ] ] } },
{ "type": "Feature", "properties": { "PROVNO": "32", "KABKOTNO": "01", "KECNO": "260", "DESANO": "004", "PROVINSI": "JAWA BARAT", "KABKOT": "BOGOR", "KECAMATAN": "RUMPIN", "ID2013": "3201260004", "DESA": "RABAK", "DESA_1": "RABAK", "ID2012": "3201260004", "IDKAB2": "3201", "IDKEC_2": "3201260", "WILAYAH": "BARAT" }, "geometry": { "type": "MultiPolygon", "coordinates": [ [ [ [ 106.653980000177086, -6.468219999852955, 0.0 ], [ 106.652950000342415, -6.469050000357104, 0.0 ], [ 106.65258999992875, -6.469320000217706, 0.0 ], [ 106.652239999976175, -6.469469999940394, 0.0 ], [ 106.651780000346861, -6.46959999964011, 0.0 ], [ 106.651439999956168, -6.46959999964011, 0.0 ], [ 106.651139999611516, -6.46959999964011, 0.0 ], [ 106.650929999819823, -6.469619999663081, 0.0 ], [ 106.65078999965894, -6.469719999778025, 0.0 ], [ 106.650670000420305, -6.469879999961883, 0.0 ], [ 106.650619999913289, -6.470049999707541, 0.0 ], [ 106.650690000443277, -6.470370000075256, 0.0 ], [ 106.65078118360492, -6.470678622220518, 0.0 ], [ 106.650820000143085, -6.470809999681606, 0.0 ], [ 106.650940000280997, -6.471159999634093, 0.0 ], [ 106.651808534036761, -6.472997045676934, 0.0 ], [ 106.652329999629956, -6.4741000003146, 0.0 ], [ 106.652440000205985, -6.474330000129171, 0.0 ], [ 106.652529999859752, -6.474430000244205, 0.0 ], [ 106.652750000112604, -6.474680000081747, 0.0 ], [ 106.652939999881241, -6.474880000311636, 0.0 ], [ 106.652999999950239, -6.474980000426491, 0.0 ], [ 106.653039999996182, -6.475150000172238, 0.0 ], [ 106.653039999996182, -6.475283108828247, 0.0 ], [ 106.653039999996182, -6.475350000402038, 0.0 ], [ 106.65301999997321, -6.475529999709586, 0.0 ], [ 106.652890000273501, -6.475740000400556, 0.0 ], [ 106.652790000158546, -6.475879999662073, 0.0 ], [ 106.652699999605503, -6.475939999731075, 0.0 ], [ 106.652549999882723, -6.475970000215128, 0.0 ], [ 106.652480000252012, -6.47601999982296, 0.0 ], [ 106.652389999698954, -6.476150000422045, 0.0 ], [ 106.652389999698954, -6.47624999963762, 0.0 ], [ 106.65243881489954, -6.476382497654001, 0.0 ], [ 106.652460000228956, -6.476440000305619, 0.0 ], [ 106.652839999766385, -6.477040000095737, 0.0 ], [ 106.65291999985827, -6.477189999818425, 0.0 ], [ 106.65291999985827, -6.477280000371568, 0.0 ], [ 106.65285000022746, -6.477370000025342, 0.0 ], [ 106.652730000089633, -6.477430000094255, 0.0 ], [ 106.652449999767867, -6.477450000117226, 0.0 ], [ 106.652079999792321, -6.477450000117226, 0.0 ], [ 106.651939999631438, -6.477459999679027, 0.0 ], [ 106.65186000043883, -6.477510000186228, 0.0 ], [ 106.651669999770832, -6.477730000438999, 0.0 ], [ 106.651520000048151, -6.477980000276631, 0.0 ], [ 106.651419999933196, -6.478120000437517, 0.0 ], [ 106.651330000279515, -6.478210000091291, 0.0 ], [ 106.651179999657458, -6.478210000091291, 0.0 ], [ 106.650860000189027, -6.47819000006832, 0.0 ], [ 106.650749999612998, -6.47819000006832, 0.0 ], [ 106.650650000397334, -6.478259999699034, 0.0 ], [ 106.650599999890218, -6.478310000206235, 0.0 ], [ 106.650559999844276, -6.478410000321091, 0.0 ], [ 106.650590000328421, -6.478669999720523, 0.0 ], [ 106.650670000420305, -6.478970000065356, 0.0 ], [ 106.650749999612998, -6.479099999764983, 0.0 ], [ 106.650880000211998, -6.479270000410011, 0.0 ], [ 106.650980000326939, -6.479380000086756, 0.0 ], [ 106.650980000326939, -6.479449999717559, 0.0 ], [ 106.650960000303968, -6.479549999832415, 0.0 ], [ 106.65095586701986, -6.479555313926468, 0.0 ], [ 106.650820000143085, -6.479730000039332, 0.0 ], [ 106.650720000028144, -6.479819999693106, 0.0 ], [ 106.650550000282479, -6.479790000108245, 0.0 ], [ 106.650339999591509, -6.479730000039332, 0.0 ], [ 106.650149999822787, -6.479669999970419, 0.0 ], [ 106.650000000100107, -6.4796800004315, 0.0 ], [ 106.649910000446326, -6.479790000108245, 0.0 ], [ 106.649910000446326, -6.480010000361105, 0.0 ], [ 106.650000000100107, -6.48032000026765, 0.0 ], [ 106.650080000191991, -6.480949999642629, 0.0 ], [ 106.650069999730903, -6.481100000264597, 0.0 ], [ 106.650029999684961, -6.481310000056286, 0.0 ], [ 106.649890000423355, -6.481650000447061, 0.0 ], [ 106.649870000400384, -6.481809999731549, 0.0 ], [ 106.649890000423355, -6.481949999892436, 0.0 ], [ 106.649940000031194, -6.481989999938378, 0.0 ], [ 106.650080000191991, -6.482009999961349, 0.0 ], [ 106.650260000398902, -6.481989999938378, 0.0 ], [ 106.650690000443277, -6.481579999916889, 0.0 ], [ 106.65100000034991, -6.481260000448543, 0.0 ], [ 106.651170000095561, -6.481160000333599, 0.0 ], [ 106.651319999818341, -6.481129999849458, 0.0 ], [ 106.65143000039437, -6.481160000333599, 0.0 ], [ 106.651509999586978, -6.481330000079257, 0.0 ], [ 106.651840000415859, -6.481969999915407, 0.0 ], [ 106.651879999562524, -6.482210000191149, 0.0 ], [ 106.651910000046655, -6.482410000421037, 0.0 ], [ 106.651970000115568, -6.482569999705525, 0.0 ], [ 106.652250000437348, -6.483139999910961, 0.0 ], [ 106.652289999584013, -6.483409999771563, 0.0 ], [ 106.652250000437348, -6.483560000393531, 0.0 ], [ 106.652170000345379, -6.48375999972405, 0.0 ], [ 106.651970000115568, -6.483990000437991, 0.0 ], [ 106.651629999724889, -6.484320000367596, 0.0 ], [ 106.651470000440312, -6.48441000002137, 0.0 ], [ 106.65129999979537, -6.484470000090283, 0.0 ], [ 106.651130000049619, -6.484499999675144, 0.0 ], [ 106.650940000280997, -6.484470000090283, 0.0 ], [ 106.650800000120029, -6.484470000090283, 0.0 ], [ 106.650659999959231, -6.484499999675144, 0.0 ], [ 106.650559999844276, -6.484550000182168, 0.0 ], [ 106.650510000236537, -6.484650000297112, 0.0 ], [ 106.650499999775278, -6.485339999741004, 0.0 ], [ 106.650499999775278, -6.485591103946167, 0.0 ], [ 106.650499999775278, -6.485794143884451, 0.0 ], [ 106.650499999775278, -6.48588999992338, 0.0 ], [ 106.650450000167538, -6.486090000153268, 0.0 ], [ 106.650300000444844, -6.486449999667556, 0.0 ], [ 106.650129999799816, -6.486799999620132, 0.0 ], [ 106.650029999684961, -6.487090000403075, 0.0 ], [ 106.649980000077136, -6.487360000263678, 0.0 ], [ 106.649960000054165, -6.487509999986365, 0.0 ], [ 106.649960000054165, -6.487650000147251, 0.0 ], [ 106.650189999868729, -6.487989999638657, 0.0 ], [ 106.65057000030545, -6.488359999614115, 0.0 ], [ 106.650659999959231, -6.488550000282114, 0.0 ], [ 106.650729999590027, -6.488729999589662, 0.0 ], [ 106.650700000005173, -6.488860000188748, 0.0 ], [ 106.650519999798334, -6.489159999634122, 0.0 ], [ 106.6502099998917, -6.489520000047779, 0.0 ], [ 106.64972478057436, -6.489889690656483, 0.0 ], [ 106.649579999617444, -6.489999999700071, 0.0 ], [ 106.649289999733867, -6.490119999837987, 0.0 ], [ 106.648979999827333, -6.490210000391041, 0.0 ], [ 106.648720000427801, -6.490300000044815, 0.0 ], [ 106.64848999971386, -6.490440000205702, 0.0 ], [ 106.648259999899295, -6.490670000020273, 0.0 ], [ 106.648130000199487, -6.490910000296104, 0.0 ], [ 106.647979999577515, -6.491329999879483, 0.0 ], [ 106.647900000384908, -6.491819999992856, 0.0 ], [ 106.647860000338966, -6.492069999830488, 0.0 ], [ 106.647979999577515, -6.492579999966921, 0.0 ], [ 106.648039999646429, -6.492809999781493, 0.0 ], [ 106.648199999830297, -6.492940000380578, 0.0 ], [ 106.648560000244032, -6.493130000149208, 0.0 ], [ 106.648609999851772, -6.493259999848924, 0.0 ], [ 106.648609999851772, -6.49340000000981, 0.0 ], [ 106.648580000267003, -6.493520000147726, 0.0 ], [ 106.648480000152063, -6.493640000285641, 0.0 ], [ 106.648389999599004, -6.493729999939415, 0.0 ], [ 106.648199999830297, -6.49383000005427, 0.0 ], [ 106.648110000176516, -6.493930000169215, 0.0 ], [ 106.648070000130573, -6.494079999891902, 0.0 ], [ 106.64802398631808, -6.494264054242507, 0.0 ], [ 106.648019999623457, -6.49428000012179, 0.0 ], [ 106.648019999623457, -6.494520000397532, 0.0 ], [ 106.648150000222543, -6.494830000304077, 0.0 ], [ 106.648520000198005, -6.495390000048342, 0.0 ], [ 106.648669999920784, -6.49553000020914, 0.0 ], [ 106.648950000242465, -6.495630000324084, 0.0 ], [ 106.649269999710896, -6.495740000000829, 0.0 ], [ 106.649420000332867, -6.495869999700545, 0.0 ], [ 106.649630000124645, -6.496100000414486, 0.0 ], [ 106.649739999801298, -6.496299999745005, 0.0 ], [ 106.649739999801298, -6.496470000390033, 0.0 ], [ 106.649737225392784, -6.496508152329241, 0.0 ], [ 106.649699999755356, -6.497019999673128, 0.0 ], [ 106.649697824295373, -6.497085280561024, 0.0 ], [ 106.649690000193559, -6.497320000017872, 0.0 ], [ 106.649699999755356, -6.497589999878386, 0.0 ], [ 106.649739999801298, -6.497830000154217, 0.0 ], [ 106.649819999893282, -6.498169999645622, 0.0 ], [ 106.650089999753874, -6.498810000381052, 0.0 ], [ 106.650339999591509, -6.499120000287597, 0.0 ], [ 106.650590000328421, -6.499350000102257, 0.0 ], [ 106.650769999635969, -6.499530000309086, 0.0 ], [ 106.650809999681911, -6.499610000401059, 0.0 ], [ 106.650849999727853, -6.499740000100775, 0.0 ], [ 106.650940000280997, -6.500020000422548, 0.0 ], [ 106.650980000326939, -6.500090000053351, 0.0 ], [ 106.65100000034991, -6.500190000168207, 0.0 ], [ 106.651020000372881, -6.500270000260091, 0.0 ], [ 106.651029999934764, -6.500339999890894, 0.0 ], [ 106.651049999957735, -6.500399999959896, 0.0 ], [ 106.651110000026648, -6.500460000028809, 0.0 ], [ 106.651230000164574, -6.500500000074751, 0.0 ], [ 106.651350000302486, -6.500500000074751, 0.0 ], [ 106.65143000039437, -6.50048000005178, 0.0 ], [ 106.65150000002518, -6.500449999567639, 0.0 ], [ 106.651580000117065, -6.500419999982867, 0.0 ], [ 106.651680000232005, -6.500379999936925, 0.0 ], [ 106.65176000032389, -6.500350000352064, 0.0 ], [ 106.651840000415859, -6.500319999867923, 0.0 ], [ 106.651939999631438, -6.500319999867923, 0.0 ], [ 106.652030000184581, -6.500359999913865, 0.0 ], [ 106.652130000299437, -6.500410000421066, 0.0 ], [ 106.652230000414377, -6.500449999567639, 0.0 ], [ 106.652320000068158, -6.500500000074751, 0.0 ], [ 106.652400000160043, -6.500549999682583, 0.0 ], [ 106.652460000228956, -6.500600000189696, 0.0 ], [ 106.652509999836781, -6.500660000258609, 0.0 ], [ 106.652560000343897, -6.500720000327611, 0.0 ], [ 106.652569999905694, -6.500809999981385, 0.0 ], [ 106.652569999905694, -6.500899999635159, 0.0 ], [ 106.652549999882723, -6.500979999727043, 0.0 ], [ 106.652520000297955, -6.501039999795957, 0.0 ], [ 106.652480000252012, -6.501099999864959, 0.0 ], [ 106.652440000205985, -6.501159999933872, 0.0 ], [ 106.652380000137072, -6.501220000002874, 0.0 ], [ 106.652300000045187, -6.501280000071787, 0.0 ], [ 106.652210000391406, -6.50132000011773, 0.0 ], [ 106.652119999838263, -6.501360000163761, 0.0 ], [ 106.652019999723407, -6.501400000209703, 0.0 ], [ 106.651930000069626, -6.501429999794475, 0.0 ], [ 106.651840000415859, -6.501460000278616, 0.0 ], [ 106.651780000346861, -6.501520000347529, 0.0 ], [ 106.651749999862801, -6.501580000416531, 0.0 ], [ 106.651749999862801, -6.501690000093276, 0.0 ], [ 106.651780000346861, -6.501810000231192, 0.0 ], [ 106.651809999931714, -6.501899999884966, 0.0 ], [ 106.651840000415859, -6.50197999997685, 0.0 ], [ 106.651890000023684, -6.502049999607564, 0.0 ], [ 106.651930000069626, -6.502120000137737, 0.0 ], [ 106.65197999967738, -6.502169999745568, 0.0 ], [ 106.652030000184581, -6.502249999837453, 0.0 ], [ 106.652079999792321, -6.502309999906366, 0.0 ], [ 106.652130000299437, -6.502389999998339, 0.0 ], [ 106.652190000368435, -6.502450000067341, 0.0 ], [ 106.652239999976175, -6.502519999698055, 0.0 ], [ 106.652309999606985, -6.502590000228139, 0.0 ], [ 106.652369999675898, -6.502650000297141, 0.0 ], [ 106.652420000183014, -6.502719999927855, 0.0 ], [ 106.652469999790839, -6.502770000435056, 0.0 ], [ 106.652520000297955, -6.502840000065859, 0.0 ], [ 106.652569999905694, -6.502909999696573, 0.0 ], [ 106.652629999974693, -6.502969999765487, 0.0 ], [ 106.652679999582531, -6.50306000031863, 0.0 ], [ 106.652730000089633, -6.503149999972404, 0.0 ], [ 106.652759999674416, -6.503230000064288, 0.0 ], [ 106.652790000158546, -6.503319999718062, 0.0 ], [ 106.652799999720443, -6.503410000271117, 0.0 ], [ 106.652810000181518, -6.50349000036309, 0.0 ], [ 106.652810000181518, -6.503600000039835, 0.0 ], [ 106.652819999743414, -6.503669999670549, 0.0 ], [ 106.652819999743414, -6.503740000200722, 0.0 ], [ 106.652819999743414, -6.503809999831436, 0.0 ], [ 106.652819999743414, -6.503880000361519, 0.0 ], [ 106.652819999743414, -6.503949999992322, 0.0 ], [ 106.652819999743414, -6.504030000084295, 0.0 ], [ 106.652819999743414, -6.504119999737981, 0.0 ], [ 106.652819999743414, -6.504230000314095, 0.0 ], [ 106.652819999743414, -6.50434999955273, 0.0 ], [ 106.652819999743414, -6.504489999713527, 0.0 ], [ 106.652819999743414, -6.504649999897385, 0.0 ], [ 106.652520000297955, -6.504600000289642, 0.0 ], [ 106.652269999560957, -6.5045600002437, 0.0 ], [ 106.652059999769349, -6.504500000174698, 0.0 ], [ 106.651870000000628, -6.504449999667585, 0.0 ], [ 106.651720000277948, -6.504400000059753, 0.0 ], [ 106.651589999678862, -6.504369999575701, 0.0 ], [ 106.651470000440312, -6.504330000429039, 0.0 ], [ 106.651359999864283, -6.504290000383008, 0.0 ], [ 106.651259999749342, -6.504270000360037, 0.0 ], [ 106.651170000095561, -6.504230000314095, 0.0 ], [ 106.651069999980706, -6.504210000291124, 0.0 ], [ 106.650980000326939, -6.504179999806983, 0.0 ], [ 106.650889999773796, -6.504159999784012, 0.0 ], [ 106.65078999965894, -6.504139999761041, 0.0 ], [ 106.650690000443277, -6.504119999737981, 0.0 ], [ 106.650579999867247, -6.50409999971501, 0.0 ], [ 106.650459999729335, -6.504090000153209, 0.0 ], [ 106.650330000029712, -6.504070000130238, 0.0 ], [ 106.650200000329903, -6.504059999669067, 0.0 ], [ 106.650069999730903, -6.504039999646096, 0.0 ], [ 106.64992999957002, -6.504030000084295, 0.0 ], [ 106.649790000308414, -6.504019999623125, 0.0 ], [ 106.649650000147616, -6.504010000061236, 0.0 ], [ 106.649500000424837, -6.503999999600154, 0.0 ], [ 106.649360000263954, -6.503990000038264, 0.0 ], [ 106.649220000103071, -6.503979999577183, 0.0 ], [ 106.649090000403348, -6.503979999577183, 0.0 ], [ 106.648950000242465, -6.503959999554212, 0.0 ], [ 106.648810000081582, -6.503959999554212, 0.0 ], [ 106.648680000381859, -6.503979999577183, 0.0 ], [ 106.648549999782858, -6.503979999577183, 0.0 ], [ 106.648429999644947, -6.503990000038264, 0.0 ], [ 106.648299999945237, -6.504010000061236, 0.0 ], [ 106.648190000268485, -6.504030000084295, 0.0 ], [ 106.648070000130573, -6.504050000107267, 0.0 ], [ 106.647959999554544, -6.504070000130238, 0.0 ], [ 106.647849999877806, -6.504090000153209, 0.0 ], [ 106.647740000200969, -6.504119999737981, 0.0 ], [ 106.647640000086113, -6.504139999761041, 0.0 ], [ 106.647539999971173, -6.504170000245182, 0.0 ], [ 106.647439999856232, -6.504190000268153, 0.0 ], [ 106.647350000202451, -6.504210000291124, 0.0 ], [ 106.647259999649492, -6.504230000314095, 0.0 ], [ 106.647179999557508, -6.504250000337066, 0.0 ], [ 106.647089999903741, -6.504270000360037, 0.0 ], [ 106.647009999811857, -6.504279999921927, 0.0 ], [ 106.646929999719873, -6.504290000383008, 0.0 ], [ 106.646849999627904, -6.504299999944898, 0.0 ], [ 106.646779999997193, -6.50431000040598, 0.0 ], [ 106.646699999905223, -6.50431000040598, 0.0 ], [ 106.646630000274413, -6.504319999967869, 0.0 ], [ 106.646550000182529, -6.504319999967869, 0.0 ], [ 106.646479999652456, -6.504319999967869, 0.0 ], [ 106.646399999560472, -6.50431000040598, 0.0 ], [ 106.646329999929762, -6.50431000040598, 0.0 ], [ 106.646249999837792, -6.504299999944898, 0.0 ], [ 106.646160000184011, -6.504279999921927, 0.0 ], [ 106.646100000115098, -6.504270000360037, 0.0 ], [ 106.646029999585011, -6.504250000337066, 0.0 ], [ 106.645939999931244, -6.504230000314095, 0.0 ], [ 106.645859999839274, -6.504210000291124, 0.0 ], [ 106.645790000208564, -6.504190000268153, 0.0 ], [ 106.64571000011658, -6.504159999784012, 0.0 ], [ 106.645639999586507, -6.50413000019924, 0.0 ], [ 106.645569999955697, -6.50409999971501, 0.0 ], [ 106.645509999886784, -6.504070000130238, 0.0 ], [ 106.645449999817785, -6.504039999646096, 0.0 ], [ 106.64538000018706, -6.503999999600154, 0.0 ], [ 106.645320000118062, -6.503959999554212, 0.0 ], [ 106.645260000049149, -6.503929999969351, 0.0 ], [ 106.645199999980235, -6.50390000038449, 0.0 ], [ 106.645139999911237, -6.503869999900438, 0.0 ], [ 106.645079999842238, -6.503840000315577, 0.0 ], [ 106.645019999773325, -6.503809999831436, 0.0 ], [ 106.644970000165486, -6.503769999785494, 0.0 ], [ 106.644899999635498, -6.503740000200722, 0.0 ], [ 106.6448399995665, -6.503709999716492, 0.0 ], [ 106.64476999993569, -6.50368999969352, 0.0 ], [ 106.644700000304979, -6.503660000108749, 0.0 ], [ 106.644629999774892, -6.503629999624607, 0.0 ], [ 106.644549999682923, -6.503600000039835, 0.0 ], [ 106.644469999590939, -6.503559999993893, 0.0 ], [ 106.644379999937172, -6.503539999970922, 0.0 ], [ 106.644270000260434, -6.503499999924891, 0.0 ], [ 106.64419000016855, -6.503470000340119, 0.0 ], [ 106.644079999592435, -6.503430000294177, 0.0 ], [ 106.643989999938654, -6.503399999809947, 0.0 ], [ 106.643869999800827, -6.503359999764005, 0.0 ], [ 106.643749999662916, -6.503319999718062, 0.0 ], [ 106.643630000424366, -6.503290000133202, 0.0 ], [ 106.643510000286454, -6.50325000008726, 0.0 ], [ 106.643410000171599, -6.503210000041317, 0.0 ], [ 106.643279999572513, -6.503169999995375, 0.0 ], [ 106.643169999895761, -6.503140000410514, 0.0 ], [ 106.64306999978082, -6.503089999903402, 0.0 ], [ 106.642960000104068, -6.503069999880431, 0.0 ], [ 106.642889999573995, -6.50304999985746, 0.0 ], [ 106.642810000381388, -6.503020000272599, 0.0 ], [ 106.642739999851301, -6.503000000249628, 0.0 ], [ 106.64263999973636, -6.502980000226657, 0.0 ], [ 106.642550000082593, -6.502960000203686, 0.0 ], [ 106.642440000405841, -6.502940000180715, 0.0 ], [ 106.642329999829812, -6.502940000180715, 0.0 ], [ 106.642220000153074, -6.502940000180715, 0.0 ], [ 106.642120000038119, -6.502940000180715, 0.0 ], [ 106.642030000384437, -6.502960000203686, 0.0 ], [ 106.641970000315439, -6.502969999765487, 0.0 ], [ 106.641899999785352, -6.502980000226657, 0.0 ], [ 106.641839999716439, -6.502989999788458, 0.0 ], [ 106.641770000085643, -6.503009999811429, 0.0 ], [ 106.641689999993673, -6.5030299998344, 0.0 ], [ 106.641609999901689, -6.50304999985746, 0.0 ], [ 106.641529999809805, -6.503069999880431, 0.0 ], [ 106.641440000156123, -6.503089999903402, 0.0 ], [ 106.641340000041183, -6.503129999949344, 0.0 ], [ 106.641239999926228, -6.503169999995375, 0.0 ], [ 106.641119999788316, -6.503199999580147, 0.0 ], [ 106.640999999650404, -6.50325000008726, 0.0 ], [ 106.640869999950695, -6.503290000133202, 0.0 ], [ 106.640729999789798, -6.503339999741033, 0.0 ], [ 106.640569999605944, -6.503379999786976, 0.0 ], [ 106.640410000321452, -6.503439999855978, 0.0 ], [ 106.640219999653453, -6.503499999924891, 0.0 ], [ 106.640029999884746, -6.503569999555694, 0.0 ], [ 106.639829999654935, -6.503629999624607, 0.0 ], [ 106.639630000324416, -6.50368999969352, 0.0 ], [ 106.63943000009462, -6.503749999762523, 0.0 ], [ 106.639229999864739, -6.503800000269635, 0.0 ], [ 106.639040000096102, -6.503849999877467, 0.0 ], [ 106.638859999889277, -6.503889999923409, 0.0 ], [ 106.638690000143612, -6.503940000430521, 0.0 ], [ 106.638340000191036, -6.505670000170163, 0.0 ], [ 106.638640347674098, -6.506571042619349, 0.0 ], [ 106.63871999972838, -6.506809999681575, 0.0 ], [ 106.638509999936701, -6.506559999843944, 0.0 ], [ 106.638369999775819, -6.506350000052255, 0.0 ], [ 106.638249999637893, -6.506200000329656, 0.0 ], [ 106.637970000215489, -6.506180000306596, 0.0 ], [ 106.637749999962722, -6.506169999845426, 0.0 ], [ 106.637520000148058, -6.506180000306596, 0.0 ], [ 106.637279999872234, -6.506160000283625, 0.0 ], [ 106.637119999688466, -6.506109999776513, 0.0 ], [ 106.63698000042686, -6.50606999973057, 0.0 ], [ 106.636869999850745, -6.50604000014571, 0.0 ], [ 106.63676999973589, -6.506000000099768, 0.0 ], [ 106.636609999552036, -6.505960000053825, 0.0 ], [ 106.636510000336457, -6.505910000445994, 0.0 ], [ 106.636419999783399, -6.505870000400051, 0.0 ], [ 106.636330000129618, -6.505819999892939, 0.0 ], [ 106.636209999991706, -6.505759999823937, 0.0 ], [ 106.636080000291912, -6.505659999709081, 0.0 ], [ 106.635929999669941, -6.505530000009365, 0.0 ], [ 106.63575999992419, -6.505579999617108, 0.0 ], [ 106.635559999694394, -6.505650000147192, 0.0 ], [ 106.635409999971699, -6.505710000216194, 0.0 ], [ 106.635209999741818, -6.505830000354109, 0.0 ], [ 106.635129999649934, -6.505879999961852, 0.0 ], [ 106.635019999973181, -6.505929999569684, 0.0 ], [ 106.634790000158517, -6.50604000014571, 0.0 ], [ 106.634659999559531, -6.506049999707599, 0.0 ], [ 106.634560000343953, -6.50606999973057, 0.0 ], [ 106.634480000251983, -6.506080000191652, 0.0 ], [ 106.634380000137043, -6.506100000214712, 0.0 ], [ 106.634199999930203, -6.506120000237683, 0.0 ], [ 106.634010000161581, -6.506109999776513, 0.0 ], [ 106.633879999562495, -6.506120000237683, 0.0 ], [ 106.633720000277918, -6.506140000260654, 0.0 ], [ 106.633549999632976, -6.506169999845426, 0.0 ], [ 106.633390000348399, -6.506220000352627, 0.0 ], [ 106.633239999726342, -6.50628000042154, 0.0 ], [ 106.633009999911764, -6.506330000029283, 0.0 ], [ 106.632964588645024, -6.506343622959623, 0.0 ], [ 106.632909999796823, -6.506359999614144, 0.0 ], [ 106.632780000097114, -6.506390000098285, 0.0 ], [ 106.631050000357376, -6.506769999635633, 0.0 ], [ 106.629620000063113, -6.506980000326603, 0.0 ], [ 106.628940000181018, -6.507020000372545, 0.0 ], [ 106.627734502145756, -6.506025634375359, 0.0 ], [ 106.627170000395353, -6.505559999594137, 0.0 ], [ 106.626520000098111, -6.50497999982699, 0.0 ], [ 106.62641999998317, -6.5049700002651, 0.0 ], [ 106.62627000026049, -6.504870000150245, 0.0 ], [ 106.625900000284943, -6.504649999897385, 0.0 ], [ 106.625809999731885, -6.504589999828472, 0.0 ], [ 106.625709999616944, -6.5045600002437, 0.0 ], [ 106.625479999802366, -6.504480000151727, 0.0 ], [ 106.625109999826819, -6.504219999853014, 0.0 ], [ 106.625000000150081, -6.504139999761041, 0.0 ], [ 106.62469999980533, -6.503929999969351, 0.0 ], [ 106.624360000313928, -6.503649999647578, 0.0 ], [ 106.624220000153045, -6.503580000016864, 0.0 ], [ 106.623879999762352, -6.503399999809947, 0.0 ], [ 106.622649999697884, -6.50368999969352, 0.0 ], [ 106.621399999610446, -6.50349000036309, 0.0 ], [ 106.620380000236949, -6.5030299998344, 0.0 ], [ 106.619359999964175, -6.503190000018346, 0.0 ], [ 106.617550000132553, -6.503949999992322, 0.0 ], [ 106.617539999671394, -6.504030000084295, 0.0 ], [ 106.617476000317311, -6.504174000429632, 0.0 ], [ 106.617459999579509, -6.504210000291124, 0.0 ], [ 106.617329999879786, -6.504380000036782, 0.0 ], [ 106.617280000271961, -6.504480000151727, 0.0 ], [ 106.617240000226019, -6.504569999805501, 0.0 ], [ 106.61726000024899, -6.504689999943327, 0.0 ], [ 106.617329999879786, -6.504810000081243, 0.0 ], [ 106.61749000006364, -6.505039999895903, 0.0 ], [ 106.617579999717421, -6.505240000125792, 0.0 ], [ 106.617710000316421, -6.505690000193134, 0.0 ], [ 106.617810000431362, -6.505779999846908, 0.0 ], [ 106.61798999973891, -6.505870000400051, 0.0 ], [ 106.618559999944253, -6.505920000007883, 0.0 ], [ 106.618720000128022, -6.505969999615626, 0.0 ], [ 106.61874999971289, -6.506100000214712, 0.0 ], [ 106.61874999971289, -6.50626999996037, 0.0 ], [ 106.618700000105051, -6.506379999637115, 0.0 ], [ 106.618539999921197, -6.50649000021323, 0.0 ], [ 106.618438319872723, -6.506551008422115, 0.0 ], [ 106.618339999691401, -6.506610000351056, 0.0 ], [ 106.618230000014648, -6.506800000119775, 0.0 ], [ 106.618100000314939, -6.507040000395516, 0.0 ], [ 106.618040000245941, -6.50711999958812, 0.0 ], [ 106.61790999964694, -6.50733999984098, 0.0 ], [ 106.617869999600998, -6.507419999932864, 0.0 ], [ 106.617799999970188, -6.507489999563667, 0.0 ], [ 106.61769000029345, -6.50754999963258, 0.0 ], [ 106.617570000155624, -6.507600000139782, 0.0 ], [ 106.617400000409873, -6.507729999839498, 0.0 ], [ 106.617309999856815, -6.507789999908411, 0.0 ], [ 106.617229999764845, -6.507840000415523, 0.0 ], [ 106.617140000111078, -6.507919999608127, 0.0 ], [ 106.617060000019094, -6.508030000184153, 0.0 ], [ 106.617010000411355, -6.508110000276126, 0.0 ], [ 106.616970000365413, -6.508230000414041, 0.0 ], [ 106.6169100002965, -6.5084000001597, 0.0 ], [ 106.616679999582558, -6.508779999697047, 0.0 ], [ 106.616560000343924, -6.508990000388017, 0.0 ], [ 106.616509999836808, -6.509240000225649, 0.0 ], [ 106.616489999813837, -6.509349999902483, 0.0 ], [ 106.616420000183041, -6.509439999556168, 0.0 ], [ 106.616309999607012, -6.509519999648052, 0.0 ], [ 106.616230000414319, -6.509559999694083, 0.0 ], [ 106.616110000276493, -6.509599999740026, 0.0 ], [ 106.615350000302428, -6.509369999925454, 0.0 ], [ 106.614550000282421, -6.50924999978745, 0.0 ], [ 106.613899999985193, -6.509169999695565, 0.0 ], [ 106.613030000334476, -6.508950000342075, 0.0 ], [ 106.612540000221003, -6.508739999651105, 0.0 ], [ 106.611880000361879, -6.508679999582192, 0.0 ], [ 106.611319999718347, -6.508730000089216, 0.0 ], [ 106.610169999745935, -6.508620000412559, 0.0 ], [ 106.609819999793359, -6.508589999928418, 0.0 ], [ 106.609449999817812, -6.508440000205642, 0.0 ], [ 106.608259999799287, -6.507709999816527, 0.0 ], [ 106.607880000261943, -6.507600000139782, 0.0 ], [ 106.607339999641454, -6.507529999609609, 0.0 ], [ 106.607331683610482, -6.50752883318896, 0.0 ], [ 106.606770000335388, -6.507450000417005, 0.0 ], [ 106.606409999921738, -6.507430000394034, 0.0 ], [ 106.605819999693409, -6.507430000394034, 0.0 ], [ 106.6052700004104, -6.507439999955835, 0.0 ], [ 106.604170000045656, -6.507399999909893, 0.0 ], [ 106.603439999656445, -6.50733000027909, 0.0 ], [ 106.602570000005642, -6.507210000141264, 0.0 ], [ 106.60269999970545, -6.506749999612662, 0.0 ], [ 106.602770000235523, -6.506430000144228, 0.0 ], [ 106.602980000027131, -6.506160000283625, 0.0 ], [ 106.603370000025649, -6.50585000037708, 0.0 ], [ 106.603550000232474, -6.505489999963334, 0.0 ], [ 106.603679999932282, -6.505340000240647, 0.0 ], [ 106.603849999677848, -6.505099999964816, 0.0 ], [ 106.604029999884773, -6.504810000081243, 0.0 ], [ 106.604139999561511, -6.504400000059753, 0.0 ], [ 106.604270000160597, -6.504210000291124, 0.0 ], [ 106.604370000275452, -6.503959999554212, 0.0 ], [ 106.604479999952204, -6.50368999969352, 0.0 ], [ 106.604580000067145, -6.503410000271117, 0.0 ], [ 106.604689999743897, -6.503109999926373, 0.0 ], [ 106.604840000365954, -6.502779999996857, 0.0 ], [ 106.604970000065663, -6.502499999675084, 0.0 ], [ 106.605150000272488, -6.502169999745568, 0.0 ], [ 106.605299999995182, -6.501939999930908, 0.0 ], [ 106.605420000133094, -6.501589999978332, 0.0 ], [ 106.605420000133094, -6.501389999748532, 0.0 ], [ 106.605429999694891, -6.501210000440985, 0.0 ], [ 106.605371058127986, -6.500974234173409, 0.0 ], [ 106.60534000004121, -6.500850000027327, 0.0 ], [ 106.605290000433371, -6.50048999961367, 0.0 ], [ 106.605279999972211, -6.500150000122265, 0.0 ], [ 106.605230000364372, -6.500000000399577, 0.0 ], [ 106.605219999903198, -6.499900000284633, 0.0 ], [ 106.6052700004104, -6.499610000401059, 0.0 ], [ 106.605380000087152, -6.499370000125229, 0.0 ], [ 106.605429999694891, -6.499089999803456, 0.0 ], [ 106.605420000133094, -6.498920000057797, 0.0 ], [ 106.60540999967192, -6.498659999758996, 0.0 ], [ 106.605380000087152, -6.498460000428476, 0.0 ], [ 106.6052700004104, -6.498269999760478, 0.0 ], [ 106.605219999903198, -6.498180000106704, 0.0 ], [ 106.60505999971943, -6.497859999739077, 0.0 ], [ 106.605007359702114, -6.497795212578907, 0.0 ], [ 106.604930000019635, -6.497699999555131, 0.0 ], [ 106.604869999950722, -6.497529999809473, 0.0 ], [ 106.604809999881724, -6.497340000040843, 0.0 ], [ 106.604849999927751, -6.497159999833926, 0.0 ], [ 106.604939999581518, -6.496849999927381, 0.0 ], [ 106.604970000065663, -6.496499999974805, 0.0 ], [ 106.604990000088634, -6.496100000414486, 0.0 ], [ 106.604939999581518, -6.495849999677574, 0.0 ], [ 106.604970000065663, -6.4957600000238, 0.0 ], [ 106.604919999558462, -6.495659999908945, 0.0 ], [ 106.604970000065663, -6.495579999816972, 0.0 ], [ 106.604980740668822, -6.495557444820079, 0.0 ], [ 106.605070000180518, -6.495370000025371, 0.0 ], [ 106.605119999788343, -6.495149999772512, 0.0 ], [ 106.605079999742401, -6.495000000049824, 0.0 ], [ 106.604990000088634, -6.494659999659138, 0.0 ], [ 106.604919999558462, -6.494139999960815, 0.0 ], [ 106.60505999971943, -6.493560000193668, 0.0 ], [ 106.605070000180518, -6.49340000000981, 0.0 ], [ 106.605139999811314, -6.49296999996535, 0.0 ], [ 106.605210000341401, -6.492749999712579, 0.0 ], [ 106.605360000064181, -6.492060000268598, 0.0 ], [ 106.605520000247949, -6.491779999946825, 0.0 ], [ 106.605580000316948, -6.491599999740085, 0.0 ], [ 106.605609999901731, -6.491479999602081, 0.0 ], [ 106.605649999947758, -6.491329999879483, 0.0 ], [ 106.605890000223496, -6.490799999719989, 0.0 ], [ 106.60605000040735, -6.49062000041253, 0.0 ], [ 106.606100000015189, -6.490659999559192, 0.0 ], [ 106.606240000176072, -6.490640000435501, 0.0 ], [ 106.607399999710367, -6.489999999700071, 0.0 ], [ 106.607610000401422, -6.489780000346581, 0.0 ], [ 106.607800000170059, -6.489689999793526, 0.0 ], [ 106.608230000214519, -6.489849999977384, 0.0 ], [ 106.608390000398373, -6.49040999972156, 0.0 ], [ 106.60854999968295, -6.490500000274615, 0.0 ], [ 106.608780000396891, -6.49062000041253, 0.0 ], [ 106.608850000027601, -6.490400000159671, 0.0 ], [ 106.608919999658411, -6.490170000345099, 0.0 ], [ 106.608959999704354, -6.490070000230155, 0.0 ], [ 106.609460000278986, -6.490099999814927, 0.0 ], [ 106.609500000324928, -6.490010000161153, 0.0 ], [ 106.609879999862272, -6.489239999726095, 0.0 ], [ 106.609930000369388, -6.489069999980348, 0.0 ], [ 106.609810000231477, -6.488980000326574, 0.0 ], [ 106.60983999981633, -6.488920000257661, 0.0 ], [ 106.609870000300475, -6.488769999635604, 0.0 ], [ 106.609898973758774, -6.488316067732161, 0.0 ], [ 106.609899999885243, -6.488300000444482, 0.0 ], [ 106.610180000207009, -6.488009999661628, 0.0 ], [ 106.610340000390877, -6.487639999686081, 0.0 ], [ 106.610479999652483, -6.486999999849932, 0.0 ], [ 106.610610000251484, -6.486489999713587, 0.0 ], [ 106.610499999675454, -6.486449999667556, 0.0 ], [ 106.610519999698425, -6.486259999898927, 0.0 ], [ 106.610000000000184, -6.485430000294148, 0.0 ], [ 106.609919999908215, -6.485230000064259, 0.0 ], [ 106.609520000347899, -6.484289999883366, 0.0 ], [ 106.610040000046126, -6.483999999999881, 0.0 ], [ 106.610089999653965, -6.483930000369078, 0.0 ], [ 106.610249999837819, -6.483750000162249, 0.0 ], [ 106.610280000321964, -6.483619999563164, 0.0 ], [ 106.610329999929704, -6.483139999910961, 0.0 ], [ 106.610408819211827, -6.482911989396669, 0.0 ], [ 106.610610000251484, -6.482330000329153, 0.0 ], [ 106.610619999813281, -6.482179999707096, 0.0 ], [ 106.6105300001595, -6.48182999975452, 0.0 ], [ 106.61026999986079, -6.48163000042409, 0.0 ], [ 106.610149999722879, -6.480929999619569, 0.0 ], [ 106.609990000438387, -6.480909999596598, 0.0 ], [ 106.610040000046126, -6.480850000427054, 0.0 ], [ 106.610069999630994, -6.480619999713024, 0.0 ], [ 106.610180000207009, -6.480249999737477, 0.0 ], [ 106.610220000252951, -6.480120000037761, 0.0 ], [ 106.610389999998702, -6.480039999945877, 0.0 ], [ 106.610659999859308, -6.479910000246161, 0.0 ], [ 106.610960000204045, -6.479770000085274, 0.0 ], [ 106.611210000041595, -6.47968999999339, 0.0 ], [ 106.611550000432374, -6.479629999924388, 0.0 ], [ 106.611880000361879, -6.479500000224672, 0.0 ], [ 106.612139999761411, -6.479349999602615, 0.0 ], [ 106.612290000383382, -6.479110000226154, 0.0 ], [ 106.612360000014178, -6.478880000411582, 0.0 ], [ 106.612420000083091, -6.478669999720523, 0.0 ], [ 106.612440000106147, -6.478459999928834, 0.0 ], [ 106.612429999644888, -6.478259999699034, 0.0 ], [ 106.612270000360411, -6.478129999999318, 0.0 ], [ 106.611990000038631, -6.477780000046742, 0.0 ], [ 106.611669999670909, -6.477670000369997, 0.0 ], [ 106.611230000064566, -6.477570000255142, 0.0 ], [ 106.611100000364942, -6.477699999954858, 0.0 ], [ 106.611009999811799, -6.477769999585661, 0.0 ], [ 106.610940000180989, -6.477820000092773, 0.0 ], [ 106.610770000435338, -6.477860000138715, 0.0 ], [ 106.61059999979031, -6.477829999654574, 0.0 ], [ 106.610430000044644, -6.477719999977829, 0.0 ], [ 106.610289999883761, -6.477650000347026, 0.0 ], [ 106.610229999814848, -6.477619999862974, 0.0 ], [ 106.610189999768906, -6.477499999725058, 0.0 ], [ 106.609970000415416, -6.477089999703569, 0.0 ], [ 106.60965999960942, -6.476500000374532, 0.0 ], [ 106.609469999840783, -6.476150000422045, 0.0 ], [ 106.609458668383056, -6.476074451074911, 0.0 ], [ 106.609440000256015, -6.475950000192157, 0.0 ], [ 106.609440000256015, -6.475859999639102, 0.0 ], [ 106.609489999863754, -6.475740000400556, 0.0 ], [ 106.609529999909697, -6.475460000078783, 0.0 ], [ 106.609520000347899, -6.475070000080265, 0.0 ], [ 106.609489999863754, -6.474550000382031, 0.0 ], [ 106.609569999955639, -6.474499999874919, 0.0 ], [ 106.60969000009365, -6.474479999851948, 0.0 ], [ 106.610160000184038, -6.474740000150749, 0.0 ], [ 106.610419999583485, -6.474800000219663, 0.0 ], [ 106.610719999928222, -6.474279999622148, 0.0 ], [ 106.610909999696943, -6.473940000130742, 0.0 ], [ 106.611129999949711, -6.473590000178167, 0.0 ], [ 106.611339999741318, -6.473409999971338, 0.0 ], [ 106.611499999925257, -6.473400000409537, 0.0 ], [ 106.611880000361879, -6.47347000004034, 0.0 ], [ 106.61197000001566, -6.473479999602141, 0.0 ], [ 106.612469999690916, -6.473550000132224, 0.0 ], [ 106.612669999920726, -6.473570000155195, 0.0 ], [ 106.612910000196464, -6.473570000155195, 0.0 ], [ 106.613140000011214, -6.473519999648083, 0.0 ], [ 106.613280000172011, -6.473510000086282, 0.0 ], [ 106.613610000101616, -6.473479999602141, 0.0 ], [ 106.613679999732327, -6.473380000386566, 0.0 ], [ 106.613710000216471, -6.473320000317564, 0.0 ], [ 106.613739999801339, -6.473160000133795, 0.0 ], [ 106.613739999801339, -6.472799999720049, 0.0 ], [ 106.613750000262499, -6.472309999606676, 0.0 ], [ 106.613830000354383, -6.472139999860929, 0.0 ], [ 106.614379999637393, -6.471879999562216, 0.0 ], [ 106.614550000282421, -6.471809999931413, 0.0 ], [ 106.614659999959173, -6.471660000208637, 0.0 ], [ 106.614820000143112, -6.471330000279121, 0.0 ], [ 106.614880000212025, -6.471080000441489, 0.0 ], [ 106.615040000395879, -6.470820000142776, 0.0 ], [ 106.615170000095603, -6.470679999981801, 0.0 ], [ 106.615319999818283, -6.470639999935859, 0.0 ], [ 106.615609999701945, -6.470679999981801, 0.0 ], [ 106.615840000415886, -6.470740000050803, 0.0 ], [ 106.616190000368377, -6.470809999681606, 0.0 ], [ 106.616360000114042, -6.470849999727548, 0.0 ], [ 106.616520000297982, -6.470829999704577, 0.0 ], [ 106.617140000111078, -6.47067000042, 0.0 ], [ 106.617459999579509, -6.470599999889917, 0.0 ], [ 106.618189999968706, -6.470260000398511, 0.0 ], [ 106.618689999643976, -6.470049999707541, 0.0 ], [ 106.619150000172567, -6.469850000377022, 0.0 ], [ 106.619830000054577, -6.46959000007822, 0.0 ], [ 106.620240000076151, -6.46940999987148, 0.0 ], [ 106.620610000051613, -6.469269999710505, 0.0 ], [ 106.620969999565986, -6.469130000448988, 0.0 ], [ 106.621519999748358, -6.468979999826932, 0.0 ], [ 106.621980000276963, -6.468839999666134, 0.0 ], [ 106.622210000091627, -6.46875000001236, 0.0 ], [ 106.62241999988332, -6.468580000266613, 0.0 ], [ 106.622660000159058, -6.46831000040601, 0.0 ], [ 106.622789999858782, -6.468079999692069, 0.0 ], [ 106.622909999996693, -6.467689999693551, 0.0 ], [ 106.623030000134605, -6.467359999764035, 0.0 ], [ 106.623219999903228, -6.467140000410545, 0.0 ], [ 106.623440000156094, -6.467060000318572, 0.0 ], [ 106.623730000039671, -6.466989999788488, 0.0 ], [ 106.623863004374329, -6.466953053840232, 0.0 ], [ 106.624089999554045, -6.466889999673544, 0.0 ], [ 106.624240000176016, -6.46682000004283, 0.0 ], [ 106.624320000267986, -6.466730000389056, 0.0 ], [ 106.624479999552563, -6.466510000136196, 0.0 ], [ 106.624599999690389, -6.466289999883426, 0.0 ], [ 106.624790000358388, -6.466100000114707, 0.0 ], [ 106.625000000150081, -6.466060000068765, 0.0 ], [ 106.62508000024205, -6.466080000091736, 0.0 ], [ 106.625519999848308, -6.465890000323107, 0.0 ], [ 106.625709999616944, -6.465859999838965, 0.0 ], [ 106.625789999708914, -6.465890000323107, 0.0 ], [ 106.625920000307914, -6.466020000022823, 0.0 ], [ 106.625960518363399, -6.466054379305977, 0.0 ], [ 106.626250000237519, -6.466300000344596, 0.0 ], [ 106.62635000035246, -6.466439999606113, 0.0 ], [ 106.626529999659923, -6.466639999836001, 0.0 ], [ 106.626979999727354, -6.466800000019859, 0.0 ], [ 106.627179999957235, -6.46680999958166, 0.0 ], [ 106.627349999702901, -6.466779999996888, 0.0 ], [ 106.627659999609449, -6.466770000434998, 0.0 ], [ 106.627750000162592, -6.466750000412027, 0.0 ], [ 106.627990000438331, -6.466499999675115, 0.0 ], [ 106.628559999744397, -6.466530000159167, 0.0 ], [ 106.629510000386375, -6.466539999721057, 0.0 ], [ 106.630489999713916, -6.466510000136196, 0.0 ], [ 106.631719999778298, -6.466639999836001, 0.0 ], [ 106.633000000349881, -6.466829999604631, 0.0 ], [ 106.634950000342471, -6.467169999995317, 0.0 ], [ 106.635819999993188, -6.467550000432034, 0.0 ], [ 106.636539999921226, -6.467829999854438, 0.0 ], [ 106.636808323445607, -6.467899244954047, 0.0 ], [ 106.63700936329171, -6.467951125943596, 0.0 ], [ 106.637159999734408, -6.467990000038295, 0.0 ], [ 106.638759999774322, -6.468030000084326, 0.0 ], [ 106.639510000186505, -6.467900000384521, 0.0 ], [ 106.64271999982833, -6.467179999557207, 0.0 ], [ 106.64479114479569, -6.466588243852147, 0.0 ], [ 106.644890000073602, -6.466559999744028, 0.0 ], [ 106.645180303028695, -6.466472909397094, 0.0 ], [ 106.645983418300233, -6.46623197472568, 0.0 ], [ 106.646690000343426, -6.466020000022823, 0.0 ], [ 106.648680000381859, -6.465280000071818, 0.0 ], [ 106.650659999959231, -6.46427000026021, 0.0 ], [ 106.652300000045187, -6.46316000033357, 0.0 ], [ 106.652779999697472, -6.46357999991686, 0.0 ], [ 106.653320000317962, -6.463949999892407, 0.0 ], [ 106.653790000408364, -6.464250000237151, 0.0 ], [ 106.654020000223028, -6.464489999613612, 0.0 ], [ 106.654089999853824, -6.464709999866471, 0.0 ], [ 106.654089999853824, -6.464939999681043, 0.0 ], [ 106.653960000154115, -6.465210000441015, 0.0 ], [ 106.653770000385393, -6.465699999655108, 0.0 ], [ 106.653639999786307, -6.466160000183709, 0.0 ], [ 106.653619999763336, -6.466570000205198, 0.0 ], [ 106.653639999786307, -6.467149999972346, 0.0 ], [ 106.653759999924219, -6.467729999739582, 0.0 ], [ 106.653980000177086, -6.468219999852955, 0.0 ] ] ] ] } },
{ "type": "Feature", "properties": { "PROVNO": "32", "KABKOTNO": "01", "KECNO": "260", "DESANO": "005", "PROVINSI": "JAWA BARAT", "KABKOT": "BOGOR", "KECAMATAN": "RUMPIN", "ID2013": "3201260005", "DESA": "CIBODAS", "DESA_1": "CIBODAS", "ID2012": "3201260005", "IDKAB2": "3201", "IDKEC_2": "3201260", "WILAYAH": "BARAT" }, "geometry": { "type": "MultiPolygon", "coordinates": [ [ [ [ 106.668439999706393, -6.474840000265694, 0.0 ], [ 106.670070000230552, -6.475350000402038, 0.0 ], [ 106.6714500000177, -6.475729999939386, 0.0 ], [ 106.672370000175533, -6.475999999799988, 0.0 ], [ 106.672880000311878, -6.476309999706622, 0.0 ], [ 106.6730700000806, -6.476750000212164, 0.0 ], [ 106.673139999711395, -6.477430000094255, 0.0 ], [ 106.6730700000806, -6.477929999769518, 0.0 ], [ 106.672869999850803, -6.478419999882892, 0.0 ], [ 106.672789999758834, -6.478760000273578, 0.0 ], [ 106.672769999735863, -6.479150000272096, 0.0 ], [ 106.673059999619426, -6.479830000154188, 0.0 ], [ 106.673091960625626, -6.480011110124408, 0.0 ], [ 106.673179999757338, -6.480510000036279, 0.0 ], [ 106.673580000216944, -6.48180000016966, 0.0 ], [ 106.673669999870725, -6.482399999959867, 0.0 ], [ 106.67366485035275, -6.482443405738394, 0.0 ], [ 106.67360000024, -6.482990000188185, 0.0 ], [ 106.673609999801812, -6.483369999725532, 0.0 ], [ 106.673609999801812, -6.483819999793052, 0.0 ], [ 106.67356999975587, -6.484419999583171, 0.0 ], [ 106.673525594830522, -6.484668670222806, 0.0 ], [ 106.673520939040287, -6.484694743367516, 0.0 ], [ 106.673520000148031, -6.484699999904944, 0.0 ], [ 106.673030000034657, -6.48566999967052, 0.0 ], [ 106.672969999965659, -6.486130000199211, 0.0 ], [ 106.672969999965659, -6.486427524710372, 0.0 ], [ 106.672969999965659, -6.486669999920416, 0.0 ], [ 106.673139999711395, -6.487249999687563, 0.0 ], [ 106.673480000102089, -6.487759999823997, 0.0 ], [ 106.673919999708431, -6.488200000329627, 0.0 ], [ 106.674209999592009, -6.488439999706088, 0.0 ], [ 106.674619999613498, -6.488740000050832, 0.0 ], [ 106.674779232675618, -6.488828224442802, 0.0 ], [ 106.675359999564506, -6.489150000072321, 0.0 ], [ 106.675900000185081, -6.489350000302121, 0.0 ], [ 106.676410000321425, -6.48956000009381, 0.0 ], [ 106.677159999834316, -6.489919999608187, 0.0 ], [ 106.677480000202038, -6.490079999791956, 0.0 ], [ 106.677739999601471, -6.490239999975902, 0.0 ], [ 106.677830000154614, -6.490349999652647, 0.0 ], [ 106.67807999999215, -6.490730000089275, 0.0 ], [ 106.678229999714929, -6.491129999649594, 0.0 ], [ 106.678280000222045, -6.491570000155225, 0.0 ], [ 106.67814999962296, -6.491900000084829, 0.0 ], [ 106.678038079893653, -6.492036250072744, 0.0 ], [ 106.677919999808296, -6.492180000406513, 0.0 ], [ 106.677561469786184, -6.492481318258072, 0.0 ], [ 106.676979999627491, -6.49296999996535, 0.0 ], [ 106.675610000301418, -6.493689999893473, 0.0 ], [ 106.675200000279929, -6.494050000307041, 0.0 ], [ 106.674930000419323, -6.494460000328619, 0.0 ], [ 106.674579999567555, -6.495020000072795, 0.0 ], [ 106.67436409033067, -6.495496800836555, 0.0 ], [ 106.674340000191009, -6.4955500002322, 0.0 ], [ 106.674220000053182, -6.496000000299631, 0.0 ], [ 106.674139999961213, -6.496800000319549, 0.0 ], [ 106.67389999968546, -6.497290000433011, 0.0 ], [ 106.673409999572002, -6.49789000022313, 0.0 ], [ 106.67326516015919, -6.498024189864307, 0.0 ], [ 106.672729999689921, -6.498519999598198, 0.0 ], [ 106.672459999829314, -6.498909999596627, 0.0 ], [ 106.672049999807825, -6.499390000148288, 0.0 ], [ 106.671990926040522, -6.499528595568052, 0.0 ], [ 106.671790000408393, -6.500000000399577, 0.0 ], [ 106.671790000408393, -6.500150000122265, 0.0 ], [ 106.67169999985525, -6.500430000444037, 0.0 ], [ 106.671639999786336, -6.500629999774468, 0.0 ], [ 106.671599999740394, -6.500780000396524, 0.0 ], [ 106.671579999717423, -6.500890000073269, 0.0 ], [ 106.671570000155526, -6.500979999727043, 0.0 ], [ 106.671559999694452, -6.501070000280187, 0.0 ], [ 106.671559999694452, -6.501159999933872, 0.0 ], [ 106.671559999694452, -6.501249999587646, 0.0 ], [ 106.671559999694452, -6.501340000140701, 0.0 ], [ 106.671559999694452, -6.501429999794475, 0.0 ], [ 106.671570000155526, -6.501509999886448, 0.0 ], [ 106.671579999717423, -6.501589999978332, 0.0 ], [ 106.671590000178497, -6.501670000070305, 0.0 ], [ 106.671599999740394, -6.50175000016219, 0.0 ], [ 106.671610000201468, -6.501819999792993, 0.0 ], [ 106.671619999763365, -6.501899999884966, 0.0 ], [ 106.671639999786336, -6.501970000415049, 0.0 ], [ 106.671659999809307, -6.502040000045763, 0.0 ], [ 106.671679999832278, -6.502109999676566, 0.0 ], [ 106.67169999985525, -6.50218000020665, 0.0 ], [ 106.67173000033948, -6.502260000298623, 0.0 ], [ 106.671759999924248, -6.502340000390507, 0.0 ], [ 106.671766108119613, -6.502356287112789, 0.0 ], [ 106.671790000408393, -6.502419999583111, 0.0 ], [ 106.671829999555058, -6.502499999675084, 0.0 ], [ 106.671869999601, -6.502579999767057, 0.0 ], [ 106.671900000085046, -6.502650000297141, 0.0 ], [ 106.671949999692885, -6.502739999950915, 0.0 ], [ 106.671980000177015, -6.502809999581629, 0.0 ], [ 106.672020000223057, -6.502889999673602, 0.0 ], [ 106.672049999807825, -6.502960000203686, 0.0 ], [ 106.67208000029197, -6.5030299998344, 0.0 ], [ 106.672120000337912, -6.503089999903402, 0.0 ], [ 106.672160000383855, -6.503160000433486, 0.0 ], [ 106.672200000429797, -6.503230000064288, 0.0 ], [ 106.672250000037621, -6.503299999695091, 0.0 ], [ 106.672299999645446, -6.503370000225175, 0.0 ], [ 106.672359999714359, -6.503439999855978, 0.0 ], [ 106.67237535294035, -6.503453433928676, 0.0 ], [ 106.672439999806343, -6.503510000386061, 0.0 ], [ 106.672530000359387, -6.503589999578665, 0.0 ], [ 106.672609999551995, -6.503669999670549, 0.0 ], [ 106.672720000128109, -6.503760000223693, 0.0 ], [ 106.672829999804861, -6.503860000338548, 0.0 ], [ 106.672949999942688, -6.503949999992322, 0.0 ], [ 106.673090000103571, -6.504050000107267, 0.0 ], [ 106.673230000264454, -6.504159999784012, 0.0 ], [ 106.673379999987148, -6.504270000360037, 0.0 ], [ 106.673549999732899, -6.504380000036782, 0.0 ], [ 106.673709999916753, -6.504500000174698, 0.0 ], [ 106.673879999662404, -6.504609999851443, 0.0 ], [ 106.674059999869229, -6.504729999989358, 0.0 ], [ 106.674240000076153, -6.504850000127274, 0.0 ], [ 106.674339510060491, -6.504907610697543, 0.0 ], [ 106.67442999984479, -6.504959999804019, 0.0 ], [ 106.674619999613498, -6.505070000380044, 0.0 ], [ 106.674810000281497, -6.505169999595619, 0.0 ], [ 106.67500999961193, -6.505269999710563, 0.0 ], [ 106.675200000279929, -6.505369999825419, 0.0 ], [ 106.675399999610448, -6.505460000378562, 0.0 ], [ 106.67559999984033, -6.505539999571166, 0.0 ], [ 106.676103262255907, -6.505727462352375, 0.0 ], [ 106.680720049790665, -6.507447174747174, 0.0 ], [ 106.680511593235622, -6.508015902411781, 0.0 ], [ 106.680070000030597, -6.5079999997001, 0.0 ], [ 106.679700000055135, -6.507979999677129, 0.0 ], [ 106.679459999779397, -6.5079999997001, 0.0 ], [ 106.679240000425992, -6.507890000023266, 0.0 ], [ 106.679140000310966, -6.507849999977324, 0.0 ], [ 106.679020000173139, -6.507860000438406, 0.0 ], [ 106.678920000058284, -6.507930000069209, 0.0 ], [ 106.678869999551083, -6.508030000184153, 0.0 ], [ 106.678679999782361, -6.508420000182671, 0.0 ], [ 106.678440000405899, -6.508730000089216, 0.0 ], [ 106.678329999829785, -6.508850000227042, 0.0 ], [ 106.678260000199074, -6.508939999880816, 0.0 ], [ 106.678160000084219, -6.509010000410989, 0.0 ], [ 106.677689999993731, -6.509049999557561, 0.0 ], [ 106.677549999832834, -6.50906000001882, 0.0 ], [ 106.677030000134522, -6.509089999603681, 0.0 ], [ 106.67674000025103, -6.509109999626652, 0.0 ], [ 106.676680000182117, -6.509180000156647, 0.0 ], [ 106.676290000183599, -6.509579999716966, 0.0 ], [ 106.675920000208137, -6.509920000107652, 0.0 ], [ 106.675710000416359, -6.51012999989943, 0.0 ], [ 106.675410000071622, -6.510299999645, 0.0 ], [ 106.6752200003029, -6.510410000221114, 0.0 ], [ 106.67493999998122, -6.510570000404972, 0.0 ], [ 106.674759999774381, -6.510660000058834, 0.0 ], [ 106.674660707425829, -6.510722711583607, 0.0 ], [ 106.674570000005673, -6.510780000196661, 0.0 ], [ 106.674489999913789, -6.510820000242603, 0.0 ], [ 106.673740000400898, -6.511230000264092, 0.0 ], [ 106.673199999780408, -6.511509999686584, 0.0 ], [ 106.673099999665553, -6.511560000193608, 0.0 ], [ 106.67303999959654, -6.511589999778469, 0.0 ], [ 106.672900000335034, -6.511660000308641, 0.0 ], [ 106.672689999643978, -6.511700000354583, 0.0 ], [ 106.672539999921369, -6.511680000331612, 0.0 ], [ 106.672109999876824, -6.51142000003281, 0.0 ], [ 106.672020000223057, -6.511350000402008, 0.0 ], [ 106.671920000108202, -6.511279999871835, 0.0 ], [ 106.671439999556625, -6.510909999896377, 0.0 ], [ 106.671010000411357, -6.510599999989743, 0.0 ], [ 106.670280000022245, -6.510089999853488, 0.0 ], [ 106.669919999608496, -6.509810000430907, 0.0 ], [ 106.669339999841341, -6.509389999948425, 0.0 ], [ 106.669159999634601, -6.509269999810421, 0.0 ], [ 106.669099999565518, -6.509229999764479, 0.0 ], [ 106.668909999796796, -6.509109999626652, 0.0 ], [ 106.668530000259537, -6.508830000204071, 0.0 ], [ 106.668000000100136, -6.508469999790503, 0.0 ], [ 106.667189999618955, -6.507910000046238, 0.0 ], [ 106.66654000022109, -6.507410000370975, 0.0 ], [ 106.666070000130688, -6.507110000026231, 0.0 ], [ 106.665740000200998, -6.50688999977346, 0.0 ], [ 106.66564999964794, -6.506820000142657, 0.0 ], [ 106.665379999787348, -6.506630000374027, 0.0 ], [ 106.665049999857828, -6.506459999729, 0.0 ], [ 106.664980000227018, -6.506419999683057, 0.0 ], [ 106.664120000138098, -6.506160000283536, 0.0 ], [ 106.663810000231564, -6.506060000168681, 0.0 ], [ 106.663469999840871, -6.505980000076796, 0.0 ], [ 106.662830000004718, -6.505839999915821, 0.0 ], [ 106.662215853878678, -6.505715790950752, 0.0 ], [ 106.661940000330944, -6.505659999709081, 0.0 ], [ 106.661319999618485, -6.505500000424504, 0.0 ], [ 106.660719999828274, -6.50538999984839, 0.0 ], [ 106.66055999964442, -6.505349999802448, 0.0 ], [ 106.660360446377709, -6.505308712826565, 0.0 ], [ 106.660269999760843, -6.505289999733535, 0.0 ], [ 106.66016000008409, -6.505260000148763, 0.0 ], [ 106.659850000177556, -6.505180000056789, 0.0 ], [ 106.659540000271008, -6.505169999595619, 0.0 ], [ 106.65915000027249, -6.505229999664621, 0.0 ], [ 106.658649999697857, -6.505309999756506, 0.0 ], [ 106.65835999981428, -6.505340000240647, 0.0 ], [ 106.658170000045658, -6.505360000263618, 0.0 ], [ 106.657229999864768, -6.505180000056789, 0.0 ], [ 106.6570699996809, -6.505140000010847, 0.0 ], [ 106.656719999728324, -6.505039999895903, 0.0 ], [ 106.656260000099095, -6.504919999758076, 0.0 ], [ 106.655790000008693, -6.504810000081243, 0.0 ], [ 106.654949999942744, -6.504620000312613, 0.0 ], [ 106.654886194842248, -6.504620898735283, 0.0 ], [ 106.653228824350919, -6.50464424243772, 0.0 ], [ 106.652819999743414, -6.504649999897385, 0.0 ], [ 106.652819999743414, -6.504489999713527, 0.0 ], [ 106.652819999743414, -6.50434999955273, 0.0 ], [ 106.652819999743414, -6.504230000314095, 0.0 ], [ 106.652819999743414, -6.504119999737981, 0.0 ], [ 106.652819999743414, -6.504030000084295, 0.0 ], [ 106.652819999743414, -6.503949999992322, 0.0 ], [ 106.652819999743414, -6.503880000361519, 0.0 ], [ 106.652819999743414, -6.503809999831436, 0.0 ], [ 106.652819999743414, -6.503740000200722, 0.0 ], [ 106.652819999743414, -6.503669999670549, 0.0 ], [ 106.652810000181518, -6.503600000039835, 0.0 ], [ 106.652810000181518, -6.50349000036309, 0.0 ], [ 106.652799999720443, -6.503410000271117, 0.0 ], [ 106.652790000158546, -6.503319999718062, 0.0 ], [ 106.652759999674416, -6.503230000064288, 0.0 ], [ 106.652730000089633, -6.503149999972404, 0.0 ], [ 106.652679999582531, -6.50306000031863, 0.0 ], [ 106.652629999974693, -6.502969999765487, 0.0 ], [ 106.652569999905694, -6.502909999696573, 0.0 ], [ 106.652520000297955, -6.502840000065859, 0.0 ], [ 106.652469999790839, -6.502770000435056, 0.0 ], [ 106.652420000183014, -6.502719999927855, 0.0 ], [ 106.652369999675898, -6.502650000297141, 0.0 ], [ 106.652309999606985, -6.502590000228139, 0.0 ], [ 106.652239999976175, -6.502519999698055, 0.0 ], [ 106.652190000368435, -6.502450000067341, 0.0 ], [ 106.652130000299437, -6.502389999998339, 0.0 ], [ 106.652079999792321, -6.502309999906366, 0.0 ], [ 106.652030000184581, -6.502249999837453, 0.0 ], [ 106.65197999967738, -6.502169999745568, 0.0 ], [ 106.651930000069626, -6.502120000137737, 0.0 ], [ 106.651890000023684, -6.502049999607564, 0.0 ], [ 106.651840000415859, -6.50197999997685, 0.0 ], [ 106.651809999931714, -6.501899999884966, 0.0 ], [ 106.651780000346861, -6.501810000231192, 0.0 ], [ 106.651749999862801, -6.501690000093276, 0.0 ], [ 106.651749999862801, -6.501580000416531, 0.0 ], [ 106.651780000346861, -6.501520000347529, 0.0 ], [ 106.651840000415859, -6.501460000278616, 0.0 ], [ 106.651930000069626, -6.501429999794475, 0.0 ], [ 106.652019999723407, -6.501400000209703, 0.0 ], [ 106.652119999838263, -6.501360000163761, 0.0 ], [ 106.652210000391406, -6.50132000011773, 0.0 ], [ 106.652300000045187, -6.501280000071787, 0.0 ], [ 106.652380000137072, -6.501220000002874, 0.0 ], [ 106.652440000205985, -6.501159999933872, 0.0 ], [ 106.652480000252012, -6.501099999864959, 0.0 ], [ 106.652520000297955, -6.501039999795957, 0.0 ], [ 106.652549999882723, -6.500979999727043, 0.0 ], [ 106.652569999905694, -6.500899999635159, 0.0 ], [ 106.652569999905694, -6.500809999981385, 0.0 ], [ 106.652560000343897, -6.500720000327611, 0.0 ], [ 106.652509999836781, -6.500660000258609, 0.0 ], [ 106.652460000228956, -6.500600000189696, 0.0 ], [ 106.652400000160043, -6.500549999682583, 0.0 ], [ 106.652320000068158, -6.500500000074751, 0.0 ], [ 106.652230000414377, -6.500449999567639, 0.0 ], [ 106.652130000299437, -6.500410000421066, 0.0 ], [ 106.652030000184581, -6.500359999913865, 0.0 ], [ 106.651939999631438, -6.500319999867923, 0.0 ], [ 106.651840000415859, -6.500319999867923, 0.0 ], [ 106.65176000032389, -6.500350000352064, 0.0 ], [ 106.651680000232005, -6.500379999936925, 0.0 ], [ 106.651580000117065, -6.500419999982867, 0.0 ], [ 106.65150000002518, -6.500449999567639, 0.0 ], [ 106.65143000039437, -6.50048000005178, 0.0 ], [ 106.651350000302486, -6.500500000074751, 0.0 ], [ 106.651230000164574, -6.500500000074751, 0.0 ], [ 106.651110000026648, -6.500460000028809, 0.0 ], [ 106.651049999957735, -6.500399999959896, 0.0 ], [ 106.651029999934764, -6.500339999890894, 0.0 ], [ 106.651020000372881, -6.500270000260091, 0.0 ], [ 106.65100000034991, -6.500190000168207, 0.0 ], [ 106.650980000326939, -6.500090000053351, 0.0 ], [ 106.650940000280997, -6.500020000422548, 0.0 ], [ 106.650849999727853, -6.499740000100775, 0.0 ], [ 106.650809999681911, -6.499610000401059, 0.0 ], [ 106.650769999635969, -6.499530000309086, 0.0 ], [ 106.650590000328421, -6.499350000102257, 0.0 ], [ 106.650339999591509, -6.499120000287597, 0.0 ], [ 106.650089999753874, -6.498810000381052, 0.0 ], [ 106.649819999893282, -6.498169999645622, 0.0 ], [ 106.649739999801298, -6.497830000154217, 0.0 ], [ 106.649699999755356, -6.497589999878386, 0.0 ], [ 106.649690000193559, -6.497320000017872, 0.0 ], [ 106.649697824295373, -6.497085280561024, 0.0 ], [ 106.649699999755356, -6.497019999673128, 0.0 ], [ 106.649737225392784, -6.496508152329241, 0.0 ], [ 106.649739999801298, -6.496470000390033, 0.0 ], [ 106.649739999801298, -6.496299999745005, 0.0 ], [ 106.649630000124645, -6.496100000414486, 0.0 ], [ 106.649420000332867, -6.495869999700545, 0.0 ], [ 106.649269999710896, -6.495740000000829, 0.0 ], [ 106.648950000242465, -6.495630000324084, 0.0 ], [ 106.648669999920784, -6.49553000020914, 0.0 ], [ 106.648520000198005, -6.495390000048342, 0.0 ], [ 106.648150000222543, -6.494830000304077, 0.0 ], [ 106.648019999623457, -6.494520000397532, 0.0 ], [ 106.648019999623457, -6.49428000012179, 0.0 ], [ 106.64802398631808, -6.494264054242507, 0.0 ], [ 106.648070000130573, -6.494079999891902, 0.0 ], [ 106.648110000176516, -6.493930000169215, 0.0 ], [ 106.648199999830297, -6.49383000005427, 0.0 ], [ 106.648389999599004, -6.493729999939415, 0.0 ], [ 106.648480000152063, -6.493640000285641, 0.0 ], [ 106.648580000267003, -6.493520000147726, 0.0 ], [ 106.648609999851772, -6.49340000000981, 0.0 ], [ 106.648609999851772, -6.493259999848924, 0.0 ], [ 106.648560000244032, -6.493130000149208, 0.0 ], [ 106.648199999830297, -6.492940000380578, 0.0 ], [ 106.648039999646429, -6.492809999781493, 0.0 ], [ 106.647979999577515, -6.492579999966921, 0.0 ], [ 106.647860000338966, -6.492069999830488, 0.0 ], [ 106.647900000384908, -6.491819999992856, 0.0 ], [ 106.647979999577515, -6.491329999879483, 0.0 ], [ 106.648130000199487, -6.490910000296104, 0.0 ], [ 106.648259999899295, -6.490670000020273, 0.0 ], [ 106.64848999971386, -6.490440000205702, 0.0 ], [ 106.648720000427801, -6.490300000044815, 0.0 ], [ 106.648979999827333, -6.490210000391041, 0.0 ], [ 106.649289999733867, -6.490119999837987, 0.0 ], [ 106.649579999617444, -6.489999999700071, 0.0 ], [ 106.64972478057436, -6.489889690656483, 0.0 ], [ 106.6502099998917, -6.489520000047779, 0.0 ], [ 106.650519999798334, -6.489159999634122, 0.0 ], [ 106.650700000005173, -6.488860000188748, 0.0 ], [ 106.650729999590027, -6.488729999589662, 0.0 ], [ 106.650659999959231, -6.488550000282114, 0.0 ], [ 106.65057000030545, -6.488359999614115, 0.0 ], [ 106.650189999868729, -6.487989999638657, 0.0 ], [ 106.649960000054165, -6.487650000147251, 0.0 ], [ 106.649960000054165, -6.487509999986365, 0.0 ], [ 106.649980000077136, -6.487360000263678, 0.0 ], [ 106.650029999684961, -6.487090000403075, 0.0 ], [ 106.650129999799816, -6.486799999620132, 0.0 ], [ 106.650300000444844, -6.486449999667556, 0.0 ], [ 106.650450000167538, -6.486090000153268, 0.0 ], [ 106.650499999775278, -6.48588999992338, 0.0 ], [ 106.650499999775278, -6.485794143884451, 0.0 ], [ 106.650499999775278, -6.485591103946167, 0.0 ], [ 106.650499999775278, -6.485339999741004, 0.0 ], [ 106.650510000236537, -6.484650000297112, 0.0 ], [ 106.650559999844276, -6.484550000182168, 0.0 ], [ 106.650659999959231, -6.484499999675144, 0.0 ], [ 106.650800000120029, -6.484470000090283, 0.0 ], [ 106.650940000280997, -6.484470000090283, 0.0 ], [ 106.651130000049619, -6.484499999675144, 0.0 ], [ 106.65129999979537, -6.484470000090283, 0.0 ], [ 106.651470000440312, -6.48441000002137, 0.0 ], [ 106.651629999724889, -6.484320000367596, 0.0 ], [ 106.651970000115568, -6.483990000437991, 0.0 ], [ 106.652170000345379, -6.48375999972405, 0.0 ], [ 106.652250000437348, -6.483560000393531, 0.0 ], [ 106.652289999584013, -6.483409999771563, 0.0 ], [ 106.652250000437348, -6.483139999910961, 0.0 ], [ 106.651970000115568, -6.482569999705525, 0.0 ], [ 106.651910000046655, -6.482410000421037, 0.0 ], [ 106.651879999562524, -6.482210000191149, 0.0 ], [ 106.651840000415859, -6.481969999915407, 0.0 ], [ 106.651509999586978, -6.481330000079257, 0.0 ], [ 106.65143000039437, -6.481160000333599, 0.0 ], [ 106.651319999818341, -6.481129999849458, 0.0 ], [ 106.651170000095561, -6.481160000333599, 0.0 ], [ 106.65100000034991, -6.481260000448543, 0.0 ], [ 106.650690000443277, -6.481579999916889, 0.0 ], [ 106.650260000398902, -6.481989999938378, 0.0 ], [ 106.650080000191991, -6.482009999961349, 0.0 ], [ 106.649940000031194, -6.481989999938378, 0.0 ], [ 106.649890000423355, -6.481949999892436, 0.0 ], [ 106.649870000400384, -6.481809999731549, 0.0 ], [ 106.649890000423355, -6.481650000447061, 0.0 ], [ 106.650029999684961, -6.481310000056286, 0.0 ], [ 106.650069999730903, -6.481100000264597, 0.0 ], [ 106.650080000191991, -6.480949999642629, 0.0 ], [ 106.650000000100107, -6.48032000026765, 0.0 ], [ 106.649910000446326, -6.480010000361105, 0.0 ], [ 106.649910000446326, -6.479790000108245, 0.0 ], [ 106.650000000100107, -6.4796800004315, 0.0 ], [ 106.650149999822787, -6.479669999970419, 0.0 ], [ 106.650339999591509, -6.479730000039332, 0.0 ], [ 106.650550000282479, -6.479790000108245, 0.0 ], [ 106.650720000028144, -6.479819999693106, 0.0 ], [ 106.650820000143085, -6.479730000039332, 0.0 ], [ 106.65095586701986, -6.479555313926468, 0.0 ], [ 106.650960000303968, -6.479549999832415, 0.0 ], [ 106.650980000326939, -6.479449999717559, 0.0 ], [ 106.650980000326939, -6.479380000086756, 0.0 ], [ 106.650880000211998, -6.479270000410011, 0.0 ], [ 106.650749999612998, -6.479099999764983, 0.0 ], [ 106.650670000420305, -6.478970000065356, 0.0 ], [ 106.650590000328421, -6.478669999720523, 0.0 ], [ 106.650559999844276, -6.478410000321091, 0.0 ], [ 106.650599999890218, -6.478310000206235, 0.0 ], [ 106.650650000397334, -6.478259999699034, 0.0 ], [ 106.650749999612998, -6.47819000006832, 0.0 ], [ 106.650860000189027, -6.47819000006832, 0.0 ], [ 106.651179999657458, -6.478210000091291, 0.0 ], [ 106.651330000279515, -6.478210000091291, 0.0 ], [ 106.651419999933196, -6.478120000437517, 0.0 ], [ 106.651520000048151, -6.477980000276631, 0.0 ], [ 106.651669999770832, -6.477730000438999, 0.0 ], [ 106.65186000043883, -6.477510000186228, 0.0 ], [ 106.651939999631438, -6.477459999679027, 0.0 ], [ 106.652079999792321, -6.477450000117226, 0.0 ], [ 106.652449999767867, -6.477450000117226, 0.0 ], [ 106.652730000089633, -6.477430000094255, 0.0 ], [ 106.65285000022746, -6.477370000025342, 0.0 ], [ 106.65291999985827, -6.477280000371568, 0.0 ], [ 106.65291999985827, -6.477189999818425, 0.0 ], [ 106.652839999766385, -6.477040000095737, 0.0 ], [ 106.652460000228956, -6.476440000305619, 0.0 ], [ 106.65243881489954, -6.476382497654001, 0.0 ], [ 106.652389999698954, -6.47624999963762, 0.0 ], [ 106.652389999698954, -6.476150000422045, 0.0 ], [ 106.652480000252012, -6.47601999982296, 0.0 ], [ 106.652549999882723, -6.475970000215128, 0.0 ], [ 106.652699999605503, -6.475939999731075, 0.0 ], [ 106.652790000158546, -6.475879999662073, 0.0 ], [ 106.652890000273501, -6.475740000400556, 0.0 ], [ 106.65301999997321, -6.475529999709586, 0.0 ], [ 106.653039999996182, -6.475350000402038, 0.0 ], [ 106.653039999996182, -6.475283108828247, 0.0 ], [ 106.653039999996182, -6.475150000172238, 0.0 ], [ 106.652999999950239, -6.474980000426491, 0.0 ], [ 106.652939999881241, -6.474880000311636, 0.0 ], [ 106.652750000112604, -6.474680000081747, 0.0 ], [ 106.652529999859752, -6.474430000244205, 0.0 ], [ 106.652440000205985, -6.474330000129171, 0.0 ], [ 106.652329999629956, -6.4741000003146, 0.0 ], [ 106.651808534036761, -6.472997045676934, 0.0 ], [ 106.650940000280997, -6.471159999634093, 0.0 ], [ 106.650820000143085, -6.470809999681606, 0.0 ], [ 106.65078118360492, -6.470678622220518, 0.0 ], [ 106.650690000443277, -6.470370000075256, 0.0 ], [ 106.650619999913289, -6.470049999707541, 0.0 ], [ 106.650670000420305, -6.469879999961883, 0.0 ], [ 106.65078999965894, -6.469719999778025, 0.0 ], [ 106.650929999819823, -6.469619999663081, 0.0 ], [ 106.651139999611516, -6.46959999964011, 0.0 ], [ 106.651439999956168, -6.46959999964011, 0.0 ], [ 106.651780000346861, -6.46959999964011, 0.0 ], [ 106.652239999976175, -6.469469999940394, 0.0 ], [ 106.65258999992875, -6.469320000217706, 0.0 ], [ 106.652950000342415, -6.469050000357104, 0.0 ], [ 106.653980000177086, -6.468219999852955, 0.0 ], [ 106.654259999599475, -6.468540000220671, 0.0 ], [ 106.654860000288977, -6.468689999943358, 0.0 ], [ 106.655729999939695, -6.468910000196217, 0.0 ], [ 106.65585800314453, -6.468952667631314, 0.0 ], [ 106.656750000212554, -6.469249999687534, 0.0 ], [ 106.657479999702389, -6.469320000217706, 0.0 ], [ 106.657960014643166, -6.469256383974766, 0.0 ], [ 106.658310000206541, -6.469209999641592, 0.0 ], [ 106.658909999996666, -6.468899999735047, 0.0 ], [ 106.659500000225066, -6.468469999690587, 0.0 ], [ 106.660120000038148, -6.467909999946322, 0.0 ], [ 106.660519999598478, -6.467559999993835, 0.0 ], [ 106.660929999619967, -6.467410000271148, 0.0 ], [ 106.661479999802339, -6.467290000133232, 0.0 ], [ 106.662119999638406, -6.467290000133232, 0.0 ], [ 106.662430000444317, -6.467370000225205, 0.0 ], [ 106.662549999682952, -6.467649999647609, 0.0 ], [ 106.662549999682952, -6.467748707436751, 0.0 ], [ 106.662549999682952, -6.468070000130268, 0.0 ], [ 106.662250000237492, -6.469160000033849, 0.0 ], [ 106.661689999594032, -6.470849999727548, 0.0 ], [ 106.661539999871252, -6.471430000394065, 0.0 ], [ 106.661502199567025, -6.471611440415472, 0.0 ], [ 106.661490000263512, -6.471669999770526, 0.0 ], [ 106.661559999894308, -6.471849999977355, 0.0 ], [ 106.661780000147075, -6.472090000253186, 0.0 ], [ 106.662159999684434, -6.472219999952902, 0.0 ], [ 106.662500000075113, -6.472309999606676, 0.0 ], [ 106.662970000165515, -6.472070000230215, 0.0 ], [ 106.663489999863756, -6.471439999955866, 0.0 ], [ 106.664280000321952, -6.470909999796461, 0.0 ], [ 106.6656000000402, -6.470129999799514, 0.0 ], [ 106.666729999989727, -6.469559999594168, 0.0 ], [ 106.667130000449319, -6.469420000332562, 0.0 ], [ 106.667480000401895, -6.469329999779507, 0.0 ], [ 106.667710000216559, -6.46938000028662, 0.0 ], [ 106.667920000008166, -6.469619999663081, 0.0 ], [ 106.668089999753903, -6.470109999776543, 0.0 ], [ 106.668064285438604, -6.470470002888131, 0.0 ], [ 106.668040000146078, -6.470809999681606, 0.0 ], [ 106.667890000423384, -6.471509999586669, 0.0 ], [ 106.667670000170617, -6.472050000207155, 0.0 ], [ 106.667579999617473, -6.472500000274675, 0.0 ], [ 106.667509999986663, -6.473039999995791, 0.0 ], [ 106.667539999571531, -6.473599999740056, 0.0 ], [ 106.667659999709358, -6.474270000060258, 0.0 ], [ 106.667870000400413, -6.474550000382031, 0.0 ], [ 106.668370000075683, -6.474829999804523, 0.0 ], [ 106.668439999706393, -6.474840000265694, 0.0 ] ] ] ] } },
{ "type": "Feature", "properties": { "PROVNO": "32", "KABKOTNO": "01", "KECNO": "260", "DESANO": "006", "PROVINSI": "JAWA BARAT", "KABKOT": "BOGOR", "KECAMATAN": "RUMPIN", "ID2013": "3201260006", "DESA": "KAMPUNG SAWAH", "DESA_1": "KAMPUNG SAWAH", "ID2012": "3201260006", "IDKAB2": "3201", "IDKEC_2": "3201260", "WILAYAH": "BARAT" }, "geometry": { "type": "MultiPolygon", "coordinates": [ [ [ [ 106.633040000395823, -6.441860000138746, 0.0 ], [ 106.633119999588516, -6.44194999979252, 0.0 ], [ 106.633270000210572, -6.442080000391606, 0.0 ], [ 106.634039999746349, -6.442510000435977, 0.0 ], [ 106.634269999561013, -6.442689999743525, 0.0 ], [ 106.634380000137043, -6.442880000411524, 0.0 ], [ 106.634409999721896, -6.44299999965007, 0.0 ], [ 106.634349999652983, -6.443190000318069, 0.0 ], [ 106.634190000368406, -6.443380000086787, 0.0 ], [ 106.63405999976932, -6.443509999786503, 0.0 ], [ 106.633820000392859, -6.4436400003855, 0.0 ], [ 106.633580000117121, -6.443759999624135, 0.0 ], [ 106.633550202879732, -6.443803041177301, 0.0 ], [ 106.633489999563977, -6.44389000022322, 0.0 ], [ 106.633439999956138, -6.444030000384018, 0.0 ], [ 106.63348000000218, -6.444140000060763, 0.0 ], [ 106.633549999632976, -6.444220000152736, 0.0 ], [ 106.633740000300975, -6.44430999980651, 0.0 ], [ 106.634269999561013, -6.444490000013339, 0.0 ], [ 106.634589999928721, -6.444610000151254, 0.0 ], [ 106.634739999651501, -6.444690000243138, 0.0 ], [ 106.634870000250501, -6.444799999919884, 0.0 ], [ 106.634941185187728, -6.444951267686729, 0.0 ], [ 106.634950000342471, -6.444969999665631, 0.0 ], [ 106.635042097215177, -6.445227871269079, 0.0 ], [ 106.635049999558049, -6.445249999987404, 0.0 ], [ 106.635160000134078, -6.445499999824946, 0.0 ], [ 106.635300000294961, -6.445749999662578, 0.0 ], [ 106.63542999999467, -6.445880000261663, 0.0 ], [ 106.635619999763392, -6.445900000284635, 0.0 ], [ 106.635779999947161, -6.445880000261663, 0.0 ], [ 106.635860000039131, -6.44580000016969, 0.0 ], [ 106.635929999669941, -6.445720000077717, 0.0 ], [ 106.636020000222999, -6.445700000054746, 0.0 ], [ 106.636100000314883, -6.445709999616636, 0.0 ], [ 106.636200000429824, -6.445749999662578, 0.0 ], [ 106.636390000198531, -6.445849999777522, 0.0 ], [ 106.636669999620949, -6.445989999938408, 0.0 ], [ 106.636889999873716, -6.446040000445521, 0.0 ], [ 106.637079999642424, -6.446050000007322, 0.0 ], [ 106.637219999803321, -6.446029999984351, 0.0 ], [ 106.637350000402407, -6.445949999892466, 0.0 ], [ 106.637489999663927, -6.445840000215721, 0.0 ], [ 106.637569999755812, -6.445809999731491, 0.0 ], [ 106.637680000331926, -6.445809999731491, 0.0 ], [ 106.637839999616489, -6.445849999777522, 0.0 ], [ 106.637939999731344, -6.445989999938408, 0.0 ], [ 106.637990000238545, -6.446330000329095, 0.0 ], [ 106.637999999800357, -6.446549999682585, 0.0 ], [ 106.637997828836859, -6.446559987553204, 0.0 ], [ 106.637950000192518, -6.446780000396526, 0.0 ], [ 106.637839999616489, -6.446919999658132, 0.0 ], [ 106.637689999893809, -6.447019999773076, 0.0 ], [ 106.637379999987175, -6.447240000025847, 0.0 ], [ 106.637239999826292, -6.447400000209615, 0.0 ], [ 106.637230484099774, -6.447436161949174, 0.0 ], [ 106.637190000218453, -6.447589999978334, 0.0 ], [ 106.637179999757379, -6.447830000254164, 0.0 ], [ 106.637179999757379, -6.448009999561712, 0.0 ], [ 106.637239999826292, -6.448209999791512, 0.0 ], [ 106.637330000379436, -6.448389999998341, 0.0 ], [ 106.63748000010203, -6.44878999955866, 0.0 ], [ 106.637850000077577, -6.448920000157745, 0.0 ], [ 106.637999474596299, -6.44896484305292, 0.0 ], [ 106.640450000367395, -6.449700000154692, 0.0 ], [ 106.641601829560926, -6.449832902866017, 0.0 ], [ 106.641750000062672, -6.44984999987738, 0.0 ], [ 106.642191811802832, -6.450009341757514, 0.0 ], [ 106.642360000313957, -6.450070000130239, 0.0 ], [ 106.642502030244614, -6.450124305691975, 0.0 ], [ 106.642699999805274, -6.450199999829955, 0.0 ], [ 106.643120000288022, -6.450219999852926, 0.0 ], [ 106.643789999708858, -6.450230000314097, 0.0 ], [ 106.644027267844308, -6.450230000314097, 0.0 ], [ 106.644199999730432, -6.450230000314097, 0.0 ], [ 106.644449999567968, -6.450199999829955, 0.0 ], [ 106.644789999958746, -6.450150000222123, 0.0 ], [ 106.648520000198005, -6.449809999831437, 0.0 ], [ 106.648850000127609, -6.449809999831437, 0.0 ], [ 106.649099999965159, -6.449920000407552, 0.0 ], [ 106.649269999710896, -6.450119999738071, 0.0 ], [ 106.649400000309896, -6.450380000036873, 0.0 ], [ 106.649500000424837, -6.450709999966389, 0.0 ], [ 106.649533722303644, -6.450920763282433, 0.0 ], [ 106.649579999617444, -6.451209999641563, 0.0 ], [ 106.649619999663386, -6.451830000354022, 0.0 ], [ 106.649670000170588, -6.452269999960372, 0.0 ], [ 106.649799999870211, -6.452909999796432, 0.0 ], [ 106.650020000123078, -6.453159999634153, 0.0 ], [ 106.65057000030545, -6.453450000417007, 0.0 ], [ 106.651080000441794, -6.453709999816439, 0.0 ], [ 106.651559608888974, -6.453915547064728, 0.0 ], [ 106.651709999816859, -6.453979999677042, 0.0 ], [ 106.652389999698954, -6.454079999791986, 0.0 ], [ 106.652649999997664, -6.454119999838017, 0.0 ], [ 106.652930000319444, -6.454239999975844, 0.0 ], [ 106.653149999672934, -6.454409999721591, 0.0 ], [ 106.653249999787789, -6.454719999628136, 0.0 ], [ 106.653260000248963, -6.455200000179708, 0.0 ], [ 106.653249999787789, -6.455349999902396, 0.0 ], [ 106.653260000248963, -6.455429999994369, 0.0 ], [ 106.653380000386875, -6.455510000086253, 0.0 ], [ 106.653493471446708, -6.455593610056933, 0.0 ], [ 106.653570000155582, -6.45565000024714, 0.0 ], [ 106.653639999786307, -6.455799999969916, 0.0 ], [ 106.653670000270537, -6.455940000130713, 0.0 ], [ 106.653619999763336, -6.456129999899431, 0.0 ], [ 106.653579999717394, -6.456370000175173, 0.0 ], [ 106.653599999740365, -6.456490000313089, 0.0 ], [ 106.653719999878277, -6.457090000103296, 0.0 ], [ 106.653900000085102, -6.457700000354585, 0.0 ], [ 106.654000000200057, -6.457709999916386, 0.0 ], [ 106.654140000360854, -6.457720000377556, 0.0 ], [ 106.654299999645417, -6.457760000423587, 0.0 ], [ 106.654519999898284, -6.457819999593131, 0.0 ], [ 106.65435999971443, -6.457950000192128, 0.0 ], [ 106.654109999876795, -6.458139999960846, 0.0 ], [ 106.653940000131044, -6.458329999729564, 0.0 ], [ 106.653650000247467, -6.458839999865909, 0.0 ], [ 106.653459999579468, -6.459260000348568, 0.0 ], [ 106.653169999695905, -6.459630000324026, 0.0 ], [ 106.652320000068158, -6.46037999983692, 0.0 ], [ 106.652042700410419, -6.460570148893154, 0.0 ], [ 106.651970000115568, -6.460620000112751, 0.0 ], [ 106.651680000232005, -6.460919999558214, 0.0 ], [ 106.651509999586978, -6.461329999579704, 0.0 ], [ 106.651439999956168, -6.461759999624164, 0.0 ], [ 106.651569999655891, -6.462200000129794, 0.0 ], [ 106.651840000415859, -6.462710000266139, 0.0 ], [ 106.652300000045187, -6.46316000033357, 0.0 ], [ 106.650659999959231, -6.46427000026021, 0.0 ], [ 106.648680000381859, -6.465280000071818, 0.0 ], [ 106.646690000343426, -6.466020000022823, 0.0 ], [ 106.645983418300233, -6.46623197472568, 0.0 ], [ 106.645180303028695, -6.466472909397094, 0.0 ], [ 106.644890000073602, -6.466559999744028, 0.0 ], [ 106.64479114479569, -6.466588243852147, 0.0 ], [ 106.64271999982833, -6.467179999557207, 0.0 ], [ 106.639510000186505, -6.467900000384521, 0.0 ], [ 106.638759999774322, -6.468030000084326, 0.0 ], [ 106.637159999734408, -6.467990000038295, 0.0 ], [ 106.63700936329171, -6.467951125943596, 0.0 ], [ 106.636808323445607, -6.467899244954047, 0.0 ], [ 106.636539999921226, -6.467829999854438, 0.0 ], [ 106.635819999993188, -6.467550000432034, 0.0 ], [ 106.634950000342471, -6.467169999995317, 0.0 ], [ 106.633000000349881, -6.466829999604631, 0.0 ], [ 106.631719999778298, -6.466639999836001, 0.0 ], [ 106.630489999713916, -6.466510000136196, 0.0 ], [ 106.629510000386375, -6.466539999721057, 0.0 ], [ 106.628559999744397, -6.466530000159167, 0.0 ], [ 106.627990000438331, -6.466499999675115, 0.0 ], [ 106.627750000162592, -6.466750000412027, 0.0 ], [ 106.627659999609449, -6.466770000434998, 0.0 ], [ 106.627349999702901, -6.466779999996888, 0.0 ], [ 106.627179999957235, -6.46680999958166, 0.0 ], [ 106.626979999727354, -6.466800000019859, 0.0 ], [ 106.626529999659923, -6.466639999836001, 0.0 ], [ 106.62635000035246, -6.466439999606113, 0.0 ], [ 106.626250000237519, -6.466300000344596, 0.0 ], [ 106.625960518363399, -6.466054379305977, 0.0 ], [ 106.625920000307914, -6.466020000022823, 0.0 ], [ 106.625789999708914, -6.465890000323107, 0.0 ], [ 106.625709999616944, -6.465859999838965, 0.0 ], [ 106.625519999848308, -6.465890000323107, 0.0 ], [ 106.62508000024205, -6.466080000091736, 0.0 ], [ 106.625000000150081, -6.466060000068765, 0.0 ], [ 106.624790000358388, -6.466100000114707, 0.0 ], [ 106.624599999690389, -6.466289999883426, 0.0 ], [ 106.624479999552563, -6.466510000136196, 0.0 ], [ 106.624320000267986, -6.466730000389056, 0.0 ], [ 106.624240000176016, -6.46682000004283, 0.0 ], [ 106.624089999554045, -6.466889999673544, 0.0 ], [ 106.623863004374329, -6.466953053840232, 0.0 ], [ 106.623730000039671, -6.466989999788488, 0.0 ], [ 106.623440000156094, -6.467060000318572, 0.0 ], [ 106.623219999903228, -6.467140000410545, 0.0 ], [ 106.623030000134605, -6.467359999764035, 0.0 ], [ 106.622909999996693, -6.467689999693551, 0.0 ], [ 106.622789999858782, -6.468079999692069, 0.0 ], [ 106.622660000159058, -6.46831000040601, 0.0 ], [ 106.62241999988332, -6.468580000266613, 0.0 ], [ 106.622210000091627, -6.46875000001236, 0.0 ], [ 106.621980000276963, -6.468839999666134, 0.0 ], [ 106.621519999748358, -6.468979999826932, 0.0 ], [ 106.620969999565986, -6.469130000448988, 0.0 ], [ 106.620610000051613, -6.469269999710505, 0.0 ], [ 106.620240000076151, -6.46940999987148, 0.0 ], [ 106.619830000054577, -6.46959000007822, 0.0 ], [ 106.619150000172567, -6.469850000377022, 0.0 ], [ 106.618689999643976, -6.470049999707541, 0.0 ], [ 106.618189999968706, -6.470260000398511, 0.0 ], [ 106.617459999579509, -6.470599999889917, 0.0 ], [ 106.617140000111078, -6.47067000042, 0.0 ], [ 106.616520000297982, -6.470829999704577, 0.0 ], [ 106.616360000114042, -6.470849999727548, 0.0 ], [ 106.616190000368377, -6.470809999681606, 0.0 ], [ 106.615840000415886, -6.470740000050803, 0.0 ], [ 106.615609999701945, -6.470679999981801, 0.0 ], [ 106.615319999818283, -6.470639999935859, 0.0 ], [ 106.615170000095603, -6.470679999981801, 0.0 ], [ 106.615040000395879, -6.470820000142776, 0.0 ], [ 106.614880000212025, -6.471080000441489, 0.0 ], [ 106.614820000143112, -6.471330000279121, 0.0 ], [ 106.614659999959173, -6.471660000208637, 0.0 ], [ 106.614550000282421, -6.471809999931413, 0.0 ], [ 106.614379999637393, -6.471879999562216, 0.0 ], [ 106.613830000354383, -6.472139999860929, 0.0 ], [ 106.613750000262499, -6.472309999606676, 0.0 ], [ 106.613739999801339, -6.472799999720049, 0.0 ], [ 106.613739999801339, -6.473160000133795, 0.0 ], [ 106.613710000216471, -6.473320000317564, 0.0 ], [ 106.613679999732327, -6.473380000386566, 0.0 ], [ 106.613369999825778, -6.473080000041822, 0.0 ], [ 106.613099999965186, -6.47281999974302, 0.0 ], [ 106.612850000127551, -6.472609999951331, 0.0 ], [ 106.612580000266945, -6.472329999629647, 0.0 ], [ 106.612339999991207, -6.472059999768955, 0.0 ], [ 106.612019999623399, -6.47172999983944, 0.0 ], [ 106.611929999969718, -6.471589999678642, 0.0 ], [ 106.611740000200996, -6.471259999749037, 0.0 ], [ 106.611669999670909, -6.471119999588151, 0.0 ], [ 106.611600000040113, -6.470989999888435, 0.0 ], [ 106.611519999948229, -6.470800000119805, 0.0 ], [ 106.611439999856259, -6.470570000305056, 0.0 ], [ 106.611270000110594, -6.470249999937341, 0.0 ], [ 106.61117999955755, -6.47002999968457, 0.0 ], [ 106.611009999811799, -6.469659999709023, 0.0 ], [ 106.610869999651001, -6.469329999779507, 0.0 ], [ 106.610739999951193, -6.469160000033849, 0.0 ], [ 106.6105300001595, -6.46895000024216, 0.0 ], [ 106.610129999699907, -6.468660000358586, 0.0 ], [ 106.609919999908215, -6.468520000197699, 0.0 ], [ 106.609759999724361, -6.468520000197699, 0.0 ], [ 106.609569999955639, -6.468509999736529, 0.0 ], [ 106.609210000441351, -6.468509999736529, 0.0 ], [ 106.609030000234526, -6.468500000174728, 0.0 ], [ 106.608769999935717, -6.468489999713558, 0.0 ], [ 106.608569999705921, -6.468489999713558, 0.0 ], [ 106.607860000238972, -6.468469999690587, 0.0 ], [ 106.607599999940163, -6.468449999667616, 0.0 ], [ 106.607490000263425, -6.468409999621585, 0.0 ], [ 106.60753999987125, -6.468139999761071, 0.0 ], [ 106.607570000355395, -6.467990000038295, 0.0 ], [ 106.607590000378366, -6.467820000292548, 0.0 ], [ 106.607619999963219, -6.467700000154721, 0.0 ], [ 106.607680000032133, -6.467559999993835, 0.0 ], [ 106.607720000078174, -6.467390000248177, 0.0 ], [ 106.607780000147088, -6.467259999649091, 0.0 ], [ 106.607860000238972, -6.467120000387485, 0.0 ], [ 106.608139999661461, -6.466659999858972, 0.0 ], [ 106.608210000191548, -6.466519999698086, 0.0 ], [ 106.60846999959098, -6.46616999974551, 0.0 ], [ 106.608540000121053, -6.466040000045794, 0.0 ], [ 106.60868000028195, -6.465719999678079, 0.0 ], [ 106.608800000419862, -6.46530999965659, 0.0 ], [ 106.608820000442833, -6.465070000280129, 0.0 ], [ 106.60883000000463, -6.464859999589159, 0.0 ], [ 106.608820000442833, -6.464700000304582, 0.0 ], [ 106.608800000419862, -6.464520000097753, 0.0 ], [ 106.608740000350949, -6.46423999977598, 0.0 ], [ 106.608720000327978, -6.464079999592212, 0.0 ], [ 106.608609999751863, -6.463669999570634, 0.0 ], [ 106.608540000121053, -6.463410000171201, 0.0 ], [ 106.608500000075111, -6.463180000356541, 0.0 ], [ 106.608430000444315, -6.462969999665571, 0.0 ], [ 106.608417064596011, -6.462944938258133, 0.0 ], [ 106.608270000260461, -6.462659999759026, 0.0 ], [ 106.608040000445797, -6.462429999944366, 0.0 ], [ 106.607650000447364, -6.462129999599622, 0.0 ], [ 106.607319999618483, -6.462010000361076, 0.0 ], [ 106.607169999895703, -6.461919999808021, 0.0 ], [ 106.607009999711849, -6.461870000200189, 0.0 ], [ 106.606859999989155, -6.461850000177218, 0.0 ], [ 106.60663000017459, -6.461759999624164, 0.0 ], [ 106.606369999875795, -6.4616600004085, 0.0 ], [ 106.606180000107074, -6.461560000293645, 0.0 ], [ 106.605830000154583, -6.461400000109698, 0.0 ], [ 106.605680000431803, -6.461259999948901, 0.0 ], [ 106.60562000036289, -6.461059999719012, 0.0 ], [ 106.605560000293977, -6.46082000034264, 0.0 ], [ 106.605549999832817, -6.46060000008978, 0.0 ], [ 106.605600000339919, -6.460399999859892, 0.0 ], [ 106.605719999578469, -6.460199999630092, 0.0 ], [ 106.605910000246467, -6.459960000253631, 0.0 ], [ 106.606079999992218, -6.459749999562661, 0.0 ], [ 106.606479999552533, -6.459329999979371, 0.0 ], [ 106.606699999805301, -6.459069999680569, 0.0 ], [ 106.607069999780848, -6.458770000235194, 0.0 ], [ 106.607220000402904, -6.458690000143221, 0.0 ], [ 106.607410000171541, -6.458529999959364, 0.0 ], [ 106.60753999987125, -6.458480000351621, 0.0 ], [ 106.607809999731856, -6.458400000259648, 0.0 ], [ 106.608130000099578, -6.45824000007579, 0.0 ], [ 106.608419999983226, -6.458150000422016, 0.0 ], [ 106.608720000327978, -6.458090000353103, 0.0 ], [ 106.609010000211555, -6.45801999982293, 0.0 ], [ 106.60926000004909, -6.45801999982293, 0.0 ], [ 106.609489999863754, -6.45801999982293, 0.0 ], [ 106.609719999678418, -6.45801999982293, 0.0 ], [ 106.609930000369388, -6.45801999982293, 0.0 ], [ 106.610180000207009, -6.457999999799959, 0.0 ], [ 106.610419999583485, -6.458039999845901, 0.0 ], [ 106.61077999999722, -6.458050000307072, 0.0 ], [ 106.611250000087537, -6.458110000376074, 0.0 ], [ 106.611252678268684, -6.458110072321812, 0.0 ], [ 106.611620000063084, -6.458119999937875, 0.0 ], [ 106.61203999964637, -6.458110000376074, 0.0 ], [ 106.612489999713887, -6.458059999868961, 0.0 ], [ 106.612700229731999, -6.458008609909296, 0.0 ], [ 106.612939999781332, -6.457950000192128, 0.0 ], [ 106.613329999779836, -6.457740000400527, 0.0 ], [ 106.613719999778368, -6.457500000124785, 0.0 ], [ 106.614069999730845, -6.457270000310125, 0.0 ], [ 106.614339999591451, -6.457030000034294, 0.0 ], [ 106.614490000213507, -6.456900000334578, 0.0 ], [ 106.614679999982144, -6.456780000196751, 0.0 ], [ 106.614880000212025, -6.456620000012805, 0.0 ], [ 106.61513000004966, -6.456470000290118, 0.0 ], [ 106.615250000187572, -6.456370000175173, 0.0 ], [ 106.615500000025207, -6.456200000429515, 0.0 ], [ 106.615760000323917, -6.456040000245657, 0.0 ], [ 106.615930000069667, -6.455900000084771, 0.0 ], [ 106.616099999815319, -6.455730000339113, 0.0 ], [ 106.616259999999187, -6.455599999740027, 0.0 ], [ 106.616449999767809, -6.455400000409597, 0.0 ], [ 106.616779999697414, -6.455069999580623, 0.0 ], [ 106.617069999580991, -6.454649999997333, 0.0 ], [ 106.617076885689826, -6.454640360164312, 0.0 ], [ 106.617160918341867, -6.454522715350866, 0.0 ], [ 106.617320000317903, -6.454300000044757, 0.0 ], [ 106.617550000132553, -6.453910000046239, 0.0 ], [ 106.617659999809305, -6.453600000139694, 0.0 ], [ 106.617727296977321, -6.453457488172401, 0.0 ], [ 106.617829999554971, -6.453239999726037, 0.0 ], [ 106.61790999964694, -6.452960000303634, 0.0 ], [ 106.617960000154056, -6.452780000096805, 0.0 ], [ 106.618040000245941, -6.452559999843945, 0.0 ], [ 106.618109999876737, -6.452370000075316, 0.0 ], [ 106.618219999553475, -6.451969999615628, 0.0 ], [ 106.618279999622487, -6.451619999663052, 0.0 ], [ 106.61841999978337, -6.451300000194706, 0.0 ], [ 106.618609999552007, -6.451070000380046, 0.0 ], [ 106.618820000242977, -6.450790000058273, 0.0 ], [ 106.61896000040386, -6.450540000220641, 0.0 ], [ 106.619079999642494, -6.450219999852926, 0.0 ], [ 106.619170000195538, -6.449780000246665, 0.0 ], [ 106.619350000402378, -6.449470000340032, 0.0 ], [ 106.619640000285955, -6.449140000410516, 0.0 ], [ 106.620070000330401, -6.448759999973888, 0.0 ], [ 106.620440000305962, -6.448510000136256, 0.0 ], [ 106.620950000442392, -6.448269999860425, 0.0 ], [ 106.621329999979736, -6.448100000114767, 0.0 ], [ 106.621376653210177, -6.448085208065759, 0.0 ], [ 106.621740000001225, -6.447970000415051, 0.0 ], [ 106.621929999769861, -6.447919999907938, 0.0 ], [ 106.62227000016054, -6.447899999884967, 0.0 ], [ 106.622600000090145, -6.447899999884967, 0.0 ], [ 106.622780000296885, -6.447939999930909, 0.0 ], [ 106.622990000088663, -6.448009999561712, 0.0 ], [ 106.623119999788372, -6.448100000114767, 0.0 ], [ 106.623239999926199, -6.44814999972251, 0.0 ], [ 106.623489999763834, -6.448180000206651, 0.0 ], [ 106.623810000131556, -6.448280000321596, 0.0 ], [ 106.623910000246497, -6.448380000436451, 0.0 ], [ 106.624209999691871, -6.448679999881914, 0.0 ], [ 106.624599999690389, -6.448869999650544, 0.0 ], [ 106.624940000081068, -6.44902999983449, 0.0 ], [ 106.625000000150081, -6.449080000341603, 0.0 ], [ 106.62504999975782, -6.449020000272601, 0.0 ], [ 106.626159999684461, -6.447670000070307, 0.0 ], [ 106.626609999751892, -6.446970000165244, 0.0 ], [ 106.62713000034941, -6.446170000145237, 0.0 ], [ 106.627739999701419, -6.445359999664149, 0.0 ], [ 106.62802353435886, -6.444963886074309, 0.0 ], [ 106.628419999583514, -6.444409999921366, 0.0 ], [ 106.628759999974193, -6.443349999602646, 0.0 ], [ 106.629140000410914, -6.442549999582639, 0.0 ], [ 106.629729999739851, -6.441350000002313, 0.0 ], [ 106.62992000040785, -6.44110000016477, 0.0 ], [ 106.630090000153601, -6.441000000049826, 0.0 ], [ 106.630239999876295, -6.440969999565684, 0.0 ], [ 106.63042000008312, -6.441020000072797, 0.0 ], [ 106.630560000244003, -6.44108000014171, 0.0 ], [ 106.630770000035611, -6.441189999818455, 0.0 ], [ 106.631019999873246, -6.441329999979342, 0.0 ], [ 106.631480000401922, -6.441619999862915, 0.0 ], [ 106.63175999982424, -6.441769999585603, 0.0 ], [ 106.632200000329959, -6.441829999654605, 0.0 ], [ 106.633040000395823, -6.441860000138746, 0.0 ] ] ] ] } },
{ "type": "Feature", "properties": { "PROVNO": "32", "KABKOTNO": "01", "KECNO": "260", "DESANO": "007", "PROVINSI": "JAWA BARAT", "KABKOT": "BOGOR", "KECAMATAN": "RUMPIN", "ID2013": "3201260007", "DESA": "RUMPIN", "DESA_1": "RUMPIN", "ID2012": "3201260007", "IDKAB2": "3201", "IDKEC_2": "3201260", "WILAYAH": "BARAT" }, "geometry": { "type": "MultiPolygon", "coordinates": [ [ [ [ 106.652959999904212, -6.426050000407049, 0.0 ], [ 106.652950000342415, -6.426109999576681, 0.0 ], [ 106.652569999905694, -6.42694999964263, 0.0 ], [ 106.652210000391406, -6.427660000008775, 0.0 ], [ 106.65148000000211, -6.428809999981357, 0.0 ], [ 106.650889999773796, -6.429529999909391, 0.0 ], [ 106.650530000259508, -6.429970000415022, 0.0 ], [ 106.65028999998367, -6.430399999560201, 0.0 ], [ 106.650283612998521, -6.430418361917702, 0.0 ], [ 106.649969999615962, -6.431319999718035, 0.0 ], [ 106.649879999962195, -6.431929999969412, 0.0 ], [ 106.649850000377413, -6.432509999736471, 0.0 ], [ 106.649770000285443, -6.433050000357046, 0.0 ], [ 106.649719999778327, -6.433220000102793, 0.0 ], [ 106.649790000308414, -6.433389999848451, 0.0 ], [ 106.650029999684961, -6.433699999755085, 0.0 ], [ 106.650180000306932, -6.43400999966163, 0.0 ], [ 106.650399999660422, -6.434459999729061, 0.0 ], [ 106.650530000259508, -6.434920000257662, 0.0 ], [ 106.650709999567056, -6.435350000302122, 0.0 ], [ 106.650900000234969, -6.435589999678584, 0.0 ], [ 106.651139999611516, -6.435840000415496, 0.0 ], [ 106.651419999933196, -6.436079999792046, 0.0 ], [ 106.651569999655891, -6.436280000021846, 0.0 ], [ 106.651620000163092, -6.436500000274616, 0.0 ], [ 106.65148000000211, -6.437030000434021, 0.0 ], [ 106.651110000026648, -6.437880000061771, 0.0 ], [ 106.65078999965894, -6.438479999851978, 0.0 ], [ 106.650763037084715, -6.438584483087286, 0.0 ], [ 106.650709999567056, -6.438789999758523, 0.0 ], [ 106.650690000443277, -6.439130000149209, 0.0 ], [ 106.65078999965894, -6.439429999594672, 0.0 ], [ 106.651250000187545, -6.439669999870414, 0.0 ], [ 106.651780000346861, -6.439890000123185, 0.0 ], [ 106.652190000368435, -6.440090000353074, 0.0 ], [ 106.652409999721925, -6.440400000259707, 0.0 ], [ 106.652670000020635, -6.440599999590138, 0.0 ], [ 106.653490000063613, -6.440779999796966, 0.0 ], [ 106.654154560384796, -6.440891925821592, 0.0 ], [ 106.654305666273657, -6.440917374836843, 0.0 ], [ 106.654439999806314, -6.440939999980824, 0.0 ], [ 106.655190000218482, -6.441020000072797, 0.0 ], [ 106.655819999593461, -6.441129999749542, 0.0 ], [ 106.656300000145038, -6.441289999933399, 0.0 ], [ 106.656759999774351, -6.441490000163199, 0.0 ], [ 106.657100000165045, -6.441780000046773, 0.0 ], [ 106.657362193910245, -6.442158724345539, 0.0 ], [ 106.657370000025651, -6.442170000045291, 0.0 ], [ 106.657519999748416, -6.442729999789467, 0.0 ], [ 106.657519999748416, -6.443549999832445, 0.0 ], [ 106.657481407141447, -6.44463612905394, 0.0 ], [ 106.65745000011762, -6.445519999847917, 0.0 ], [ 106.657417570564533, -6.445665930138436, 0.0 ], [ 106.657169999795855, -6.446780000396526, 0.0 ], [ 106.65702000007316, -6.447890000323078, 0.0 ], [ 106.657040000096131, -6.448419999583201, 0.0 ], [ 106.6570699996809, -6.44902999983449, 0.0 ], [ 106.657080000142074, -6.449390000248147, 0.0 ], [ 106.657209999841797, -6.449740000200634, 0.0 ], [ 106.657430000094649, -6.450150000222123, 0.0 ], [ 106.657470579303975, -6.45031908086068, 0.0 ], [ 106.657490000163563, -6.450400000059844, 0.0 ], [ 106.657491874350683, -6.450419363362716, 0.0 ], [ 106.657519999748416, -6.450709999966389, 0.0 ], [ 106.657539999771387, -6.451050000357075, 0.0 ], [ 106.657419999633476, -6.451340000240648, 0.0 ], [ 106.657100000165045, -6.451690000193224, 0.0 ], [ 106.656899999935249, -6.451960000053827, 0.0 ], [ 106.656690000143556, -6.452249999937401, 0.0 ], [ 106.656560000443847, -6.452590000328087, 0.0 ], [ 106.656420000282949, -6.453319999817921, 0.0 ], [ 106.656369999775848, -6.453930000069299, 0.0 ], [ 106.656460000328892, -6.45436999967556, 0.0 ], [ 106.656750000212554, -6.454879999811993, 0.0 ], [ 106.657040000096131, -6.455490000063282, 0.0 ], [ 106.657109999726842, -6.455730000339113, 0.0 ], [ 106.657129999749912, -6.455969999715574, 0.0 ], [ 106.657049999657929, -6.456239999576177, 0.0 ], [ 106.656790000258496, -6.456519999897949, 0.0 ], [ 106.656130000399372, -6.456860000288636, 0.0 ], [ 106.655299999895234, -6.457219999803012, 0.0 ], [ 106.654820000242935, -6.457509999686586, 0.0 ], [ 106.654579999967197, -6.457729999939357, 0.0 ], [ 106.654519999898284, -6.457819999593131, 0.0 ], [ 106.654299999645417, -6.457760000423587, 0.0 ], [ 106.654140000360854, -6.457720000377556, 0.0 ], [ 106.654000000200057, -6.457709999916386, 0.0 ], [ 106.653900000085102, -6.457700000354585, 0.0 ], [ 106.653719999878277, -6.457090000103296, 0.0 ], [ 106.653599999740365, -6.456490000313089, 0.0 ], [ 106.653579999717394, -6.456370000175173, 0.0 ], [ 106.653619999763336, -6.456129999899431, 0.0 ], [ 106.653670000270537, -6.455940000130713, 0.0 ], [ 106.653639999786307, -6.455799999969916, 0.0 ], [ 106.653570000155582, -6.45565000024714, 0.0 ], [ 106.653493471446708, -6.455593610056933, 0.0 ], [ 106.653380000386875, -6.455510000086253, 0.0 ], [ 106.653260000248963, -6.455429999994369, 0.0 ], [ 106.653249999787789, -6.455349999902396, 0.0 ], [ 106.653260000248963, -6.455200000179708, 0.0 ], [ 106.653249999787789, -6.454719999628136, 0.0 ], [ 106.653149999672934, -6.454409999721591, 0.0 ], [ 106.652930000319444, -6.454239999975844, 0.0 ], [ 106.652649999997664, -6.454119999838017, 0.0 ], [ 106.652389999698954, -6.454079999791986, 0.0 ], [ 106.651709999816859, -6.453979999677042, 0.0 ], [ 106.651559608888974, -6.453915547064728, 0.0 ], [ 106.651080000441794, -6.453709999816439, 0.0 ], [ 106.65057000030545, -6.453450000417007, 0.0 ], [ 106.650020000123078, -6.453159999634153, 0.0 ], [ 106.649799999870211, -6.452909999796432, 0.0 ], [ 106.649670000170588, -6.452269999960372, 0.0 ], [ 106.649619999663386, -6.451830000354022, 0.0 ], [ 106.649579999617444, -6.451209999641563, 0.0 ], [ 106.649533722303644, -6.450920763282433, 0.0 ], [ 106.649500000424837, -6.450709999966389, 0.0 ], [ 106.649400000309896, -6.450380000036873, 0.0 ], [ 106.649269999710896, -6.450119999738071, 0.0 ], [ 106.649099999965159, -6.449920000407552, 0.0 ], [ 106.648850000127609, -6.449809999831437, 0.0 ], [ 106.648520000198005, -6.449809999831437, 0.0 ], [ 106.644789999958746, -6.450150000222123, 0.0 ], [ 106.644449999567968, -6.450199999829955, 0.0 ], [ 106.644199999730432, -6.450230000314097, 0.0 ], [ 106.644027267844308, -6.450230000314097, 0.0 ], [ 106.643789999708858, -6.450230000314097, 0.0 ], [ 106.643120000288022, -6.450219999852926, 0.0 ], [ 106.642699999805274, -6.450199999829955, 0.0 ], [ 106.642502030244614, -6.450124305691975, 0.0 ], [ 106.642360000313957, -6.450070000130239, 0.0 ], [ 106.642191811802832, -6.450009341757514, 0.0 ], [ 106.641750000062672, -6.44984999987738, 0.0 ], [ 106.641601829560926, -6.449832902866017, 0.0 ], [ 106.640450000367395, -6.449700000154692, 0.0 ], [ 106.637999474596299, -6.44896484305292, 0.0 ], [ 106.637850000077577, -6.448920000157745, 0.0 ], [ 106.63748000010203, -6.44878999955866, 0.0 ], [ 106.637330000379436, -6.448389999998341, 0.0 ], [ 106.637239999826292, -6.448209999791512, 0.0 ], [ 106.637179999757379, -6.448009999561712, 0.0 ], [ 106.637179999757379, -6.447830000254164, 0.0 ], [ 106.637190000218453, -6.447589999978334, 0.0 ], [ 106.637230484099774, -6.447436161949174, 0.0 ], [ 106.637239999826292, -6.447400000209615, 0.0 ], [ 106.637379999987175, -6.447240000025847, 0.0 ], [ 106.637689999893809, -6.447019999773076, 0.0 ], [ 106.637839999616489, -6.446919999658132, 0.0 ], [ 106.637950000192518, -6.446780000396526, 0.0 ], [ 106.637997828836859, -6.446559987553204, 0.0 ], [ 106.637999999800357, -6.446549999682585, 0.0 ], [ 106.637990000238545, -6.446330000329095, 0.0 ], [ 106.637939999731344, -6.445989999938408, 0.0 ], [ 106.637839999616489, -6.445849999777522, 0.0 ], [ 106.637680000331926, -6.445809999731491, 0.0 ], [ 106.637569999755812, -6.445809999731491, 0.0 ], [ 106.637489999663927, -6.445840000215721, 0.0 ], [ 106.637350000402407, -6.445949999892466, 0.0 ], [ 106.637219999803321, -6.446029999984351, 0.0 ], [ 106.637079999642424, -6.446050000007322, 0.0 ], [ 106.636889999873716, -6.446040000445521, 0.0 ], [ 106.636669999620949, -6.445989999938408, 0.0 ], [ 106.636390000198531, -6.445849999777522, 0.0 ], [ 106.636200000429824, -6.445749999662578, 0.0 ], [ 106.636100000314883, -6.445709999616636, 0.0 ], [ 106.636020000222999, -6.445700000054746, 0.0 ], [ 106.635929999669941, -6.445720000077717, 0.0 ], [ 106.635860000039131, -6.44580000016969, 0.0 ], [ 106.635779999947161, -6.445880000261663, 0.0 ], [ 106.635619999763392, -6.445900000284635, 0.0 ], [ 106.63542999999467, -6.445880000261663, 0.0 ], [ 106.635300000294961, -6.445749999662578, 0.0 ], [ 106.635160000134078, -6.445499999824946, 0.0 ], [ 106.635049999558049, -6.445249999987404, 0.0 ], [ 106.635042097215177, -6.445227871269079, 0.0 ], [ 106.634950000342471, -6.444969999665631, 0.0 ], [ 106.634941185187728, -6.444951267686729, 0.0 ], [ 106.634870000250501, -6.444799999919884, 0.0 ], [ 106.634739999651501, -6.444690000243138, 0.0 ], [ 106.634589999928721, -6.444610000151254, 0.0 ], [ 106.634269999561013, -6.444490000013339, 0.0 ], [ 106.633740000300975, -6.44430999980651, 0.0 ], [ 106.633549999632976, -6.444220000152736, 0.0 ], [ 106.63348000000218, -6.444140000060763, 0.0 ], [ 106.633439999956138, -6.444030000384018, 0.0 ], [ 106.633489999563977, -6.44389000022322, 0.0 ], [ 106.633550202879732, -6.443803041177301, 0.0 ], [ 106.633580000117121, -6.443759999624135, 0.0 ], [ 106.633820000392859, -6.4436400003855, 0.0 ], [ 106.63405999976932, -6.443509999786503, 0.0 ], [ 106.634190000368406, -6.443380000086787, 0.0 ], [ 106.634349999652983, -6.443190000318069, 0.0 ], [ 106.634409999721896, -6.44299999965007, 0.0 ], [ 106.634380000137043, -6.442880000411524, 0.0 ], [ 106.634269999561013, -6.442689999743525, 0.0 ], [ 106.634039999746349, -6.442510000435977, 0.0 ], [ 106.633270000210572, -6.442080000391606, 0.0 ], [ 106.633119999588516, -6.44194999979252, 0.0 ], [ 106.633040000395823, -6.441860000138746, 0.0 ], [ 106.63298000032691, -6.44171999997786, 0.0 ], [ 106.633000000349881, -6.441590000278143, 0.0 ], [ 106.633080000441851, -6.441450000117257, 0.0 ], [ 106.633290000233544, -6.441289999933399, 0.0 ], [ 106.633609999701889, -6.441109999726571, 0.0 ], [ 106.633760000323946, -6.441009999611627, 0.0 ], [ 106.633769999885743, -6.440719999728053, 0.0 ], [ 106.633829999954656, -6.440440000305649, 0.0 ], [ 106.633689999793859, -6.440460000328621, 0.0 ], [ 106.633580000117121, -6.440420000282678, 0.0 ], [ 106.633270000210572, -6.440090000353074, 0.0 ], [ 106.633262384751461, -6.440077815438663, 0.0 ], [ 106.633119999588516, -6.439850000077243, 0.0 ], [ 106.632940000280968, -6.439569999755559, 0.0 ], [ 106.632700000005144, -6.439270000310096, 0.0 ], [ 106.632610000351363, -6.439139999711099, 0.0 ], [ 106.632390000098596, -6.438180000406515, 0.0 ], [ 106.632269999960769, -6.437750000362055, 0.0 ], [ 106.632100000215019, -6.43722000020265, 0.0 ], [ 106.632069999730874, -6.437049999557711, 0.0 ], [ 106.631949999592962, -6.436770000135219, 0.0 ], [ 106.631810000331441, -6.436480000251645, 0.0 ], [ 106.631710000216501, -6.436269999560675, 0.0 ], [ 106.631670000170558, -6.436110000276098, 0.0 ], [ 106.631710000216501, -6.435870000000357, 0.0 ], [ 106.63175999982424, -6.435700000254698, 0.0 ], [ 106.631733860129742, -6.43533806180189, 0.0 ], [ 106.631729534390686, -6.435278168752347, 0.0 ], [ 106.631666104307456, -6.434399908828627, 0.0 ], [ 106.631630000124616, -6.433899999984884, 0.0 ], [ 106.631630000124616, -6.433810000331111, 0.0 ], [ 106.631619999663442, -6.433699999755085, 0.0 ], [ 106.631559999594444, -6.433039999895964, 0.0 ], [ 106.631550000032647, -6.432919999758049, 0.0 ], [ 106.631530680796473, -6.432795166663432, 0.0 ], [ 106.631420000332923, -6.4320799996921, 0.0 ], [ 106.631380000286981, -6.431780000246636, 0.0 ], [ 106.631309999756894, -6.431339999741095, 0.0 ], [ 106.631220000103127, -6.4305900002282, 0.0 ], [ 106.631079999942244, -6.429619999563165, 0.0 ], [ 106.630990000288463, -6.428760000373615, 0.0 ], [ 106.630959999804332, -6.428560000143726, 0.0 ], [ 106.630932430187698, -6.428350116364658, 0.0 ], [ 106.630649999897784, -6.426200000129736, 0.0 ], [ 106.633080000441851, -6.426499999575199, 0.0 ], [ 106.633689999793859, -6.426579999667084, 0.0 ], [ 106.634159999884261, -6.426599999690055, 0.0 ], [ 106.634304112644926, -6.426566270616743, 0.0 ], [ 106.634629999974749, -6.42649000001331, 0.0 ], [ 106.634851370794294, -6.426385284752936, 0.0 ], [ 106.637039999596482, -6.425349999602616, 0.0 ], [ 106.63762999982481, -6.425059999719043, 0.0 ], [ 106.637950000192518, -6.424930000019327, 0.0 ], [ 106.638260000099066, -6.424869999950413, 0.0 ], [ 106.638690000143612, -6.424889999973384, 0.0 ], [ 106.639490000163534, -6.425170000295068, 0.0 ], [ 106.640410000321452, -6.425699999555192, 0.0 ], [ 106.641529999809805, -6.426389999898365, 0.0 ], [ 106.643420497058429, -6.427046063424982, 0.0 ], [ 106.643720000078133, -6.42714999987243, 0.0 ], [ 106.643880000262001, -6.4271600003336, 0.0 ], [ 106.643929999869741, -6.426980000126683, 0.0 ], [ 106.644020000422884, -6.426850000426967, 0.0 ], [ 106.644219999753403, -6.426710000266169, 0.0 ], [ 106.645460122586798, -6.426120432611739, 0.0 ], [ 106.646049999607982, -6.425839999716079, 0.0 ], [ 106.646200000230039, -6.425759999624105, 0.0 ], [ 106.646349999952733, -6.425759999624105, 0.0 ], [ 106.646619999813339, -6.425930000269133, 0.0 ], [ 106.646889999673931, -6.426240000175678, 0.0 ], [ 106.647140000410843, -6.426380000336565, 0.0 ], [ 106.647439999856232, -6.42649000001331, 0.0 ], [ 106.64762999962494, -6.426550000082312, 0.0 ], [ 106.647889999923748, -6.426590000128254, 0.0 ], [ 106.648150000222543, -6.426559999644113, 0.0 ], [ 106.64833999999118, -6.42649000001331, 0.0 ], [ 106.648449999667918, -6.426260000198649, 0.0 ], [ 106.648520000198005, -6.426019999922907, 0.0 ], [ 106.648569999805829, -6.425970000315075, 0.0 ], [ 106.648609999851772, -6.425500000224673, 0.0 ], [ 106.64891999975832, -6.424740000250697, 0.0 ], [ 106.648970000265436, -6.42458999962864, 0.0 ], [ 106.648930000219494, -6.424410000321092, 0.0 ], [ 106.64891999975832, -6.424299999744978, 0.0 ], [ 106.649030000334434, -6.424170000045351, 0.0 ], [ 106.649090000403348, -6.424339999791009, 0.0 ], [ 106.649160000034158, -6.424580000066751, 0.0 ], [ 106.649300000195041, -6.424869999950413, 0.0 ], [ 106.649360000263954, -6.424919999558156, 0.0 ], [ 106.64942999989475, -6.42497999962707, 0.0 ], [ 106.650009999661904, -6.425349999602616, 0.0 ], [ 106.650220000352959, -6.425520000247644, 0.0 ], [ 106.650479999752307, -6.425569999855476, 0.0 ], [ 106.650740000051115, -6.425609999901418, 0.0 ], [ 106.651069999980706, -6.42564999994736, 0.0 ], [ 106.651311348340229, -6.425682180388161, 0.0 ], [ 106.651370000325457, -6.425689999993303, 0.0 ], [ 106.651470000440312, -6.425699999555192, 0.0 ], [ 106.651939999631438, -6.425730000039334, 0.0 ], [ 106.652349999652927, -6.425810000131307, 0.0 ], [ 106.65258999992875, -6.425899999784992, 0.0 ], [ 106.652959999904212, -6.426050000407049, 0.0 ] ] ] ] } },
{ "type": "Feature", "properties": { "PROVNO": "32", "KABKOTNO": "01", "KECNO": "260", "DESANO": "008", "PROVINSI": "JAWA BARAT", "KABKOT": "BOGOR", "KECAMATAN": "RUMPIN", "ID2013": "3201260008", "DESA": "CIPINANG", "DESA_1": "CIPINANG", "ID2012": "3201260008", "IDKAB2": "3201", "IDKEC_2": "3201260", "WILAYAH": "BARAT" }, "geometry": { "type": "MultiPolygon", "coordinates": [ [ [ [ 106.630649999897784, -6.426200000129736, 0.0 ], [ 106.630932430187698, -6.428350116364658, 0.0 ], [ 106.630959999804332, -6.428560000143726, 0.0 ], [ 106.630990000288463, -6.428760000373615, 0.0 ], [ 106.631079999942244, -6.429619999563165, 0.0 ], [ 106.631220000103127, -6.4305900002282, 0.0 ], [ 106.631309999756894, -6.431339999741095, 0.0 ], [ 106.631380000286981, -6.431780000246636, 0.0 ], [ 106.631420000332923, -6.4320799996921, 0.0 ], [ 106.631530680796473, -6.432795166663432, 0.0 ], [ 106.631550000032647, -6.432919999758049, 0.0 ], [ 106.631559999594444, -6.433039999895964, 0.0 ], [ 106.631619999663442, -6.433699999755085, 0.0 ], [ 106.631630000124616, -6.433810000331111, 0.0 ], [ 106.631630000124616, -6.433899999984884, 0.0 ], [ 106.631666104307456, -6.434399908828627, 0.0 ], [ 106.631729534390686, -6.435278168752347, 0.0 ], [ 106.631733860129742, -6.43533806180189, 0.0 ], [ 106.63175999982424, -6.435700000254698, 0.0 ], [ 106.631710000216501, -6.435870000000357, 0.0 ], [ 106.631670000170558, -6.436110000276098, 0.0 ], [ 106.631710000216501, -6.436269999560675, 0.0 ], [ 106.631810000331441, -6.436480000251645, 0.0 ], [ 106.631949999592962, -6.436770000135219, 0.0 ], [ 106.632069999730874, -6.437049999557711, 0.0 ], [ 106.632100000215019, -6.43722000020265, 0.0 ], [ 106.632269999960769, -6.437750000362055, 0.0 ], [ 106.632390000098596, -6.438180000406515, 0.0 ], [ 106.632610000351363, -6.439139999711099, 0.0 ], [ 106.632700000005144, -6.439270000310096, 0.0 ], [ 106.632940000280968, -6.439569999755559, 0.0 ], [ 106.633119999588516, -6.439850000077243, 0.0 ], [ 106.633262384751461, -6.440077815438663, 0.0 ], [ 106.633270000210572, -6.440090000353074, 0.0 ], [ 106.633580000117121, -6.440420000282678, 0.0 ], [ 106.633689999793859, -6.440460000328621, 0.0 ], [ 106.633829999954656, -6.440440000305649, 0.0 ], [ 106.633769999885743, -6.440719999728053, 0.0 ], [ 106.633760000323946, -6.441009999611627, 0.0 ], [ 106.633609999701889, -6.441109999726571, 0.0 ], [ 106.633290000233544, -6.441289999933399, 0.0 ], [ 106.633080000441851, -6.441450000117257, 0.0 ], [ 106.633000000349881, -6.441590000278143, 0.0 ], [ 106.63298000032691, -6.44171999997786, 0.0 ], [ 106.633040000395823, -6.441860000138746, 0.0 ], [ 106.632200000329959, -6.441829999654605, 0.0 ], [ 106.63175999982424, -6.441769999585603, 0.0 ], [ 106.631480000401922, -6.441619999862915, 0.0 ], [ 106.631019999873246, -6.441329999979342, 0.0 ], [ 106.630770000035611, -6.441189999818455, 0.0 ], [ 106.630560000244003, -6.44108000014171, 0.0 ], [ 106.63042000008312, -6.441020000072797, 0.0 ], [ 106.630239999876295, -6.440969999565684, 0.0 ], [ 106.630090000153601, -6.441000000049826, 0.0 ], [ 106.62992000040785, -6.44110000016477, 0.0 ], [ 106.629729999739851, -6.441350000002313, 0.0 ], [ 106.629140000410914, -6.442549999582639, 0.0 ], [ 106.628759999974193, -6.443349999602646, 0.0 ], [ 106.628419999583514, -6.444409999921366, 0.0 ], [ 106.62802353435886, -6.444963886074309, 0.0 ], [ 106.627739999701419, -6.445359999664149, 0.0 ], [ 106.62713000034941, -6.446170000145237, 0.0 ], [ 106.626609999751892, -6.446970000165244, 0.0 ], [ 106.626159999684461, -6.447670000070307, 0.0 ], [ 106.62504999975782, -6.449020000272601, 0.0 ], [ 106.625000000150081, -6.449080000341603, 0.0 ], [ 106.624940000081068, -6.44902999983449, 0.0 ], [ 106.624599999690389, -6.448869999650544, 0.0 ], [ 106.624209999691871, -6.448679999881914, 0.0 ], [ 106.623910000246497, -6.448380000436451, 0.0 ], [ 106.623810000131556, -6.448280000321596, 0.0 ], [ 106.623489999763834, -6.448180000206651, 0.0 ], [ 106.623239999926199, -6.44814999972251, 0.0 ], [ 106.623119999788372, -6.448100000114767, 0.0 ], [ 106.622990000088663, -6.448009999561712, 0.0 ], [ 106.622780000296885, -6.447939999930909, 0.0 ], [ 106.622600000090145, -6.447899999884967, 0.0 ], [ 106.62227000016054, -6.447899999884967, 0.0 ], [ 106.621929999769861, -6.447919999907938, 0.0 ], [ 106.621740000001225, -6.447970000415051, 0.0 ], [ 106.621376653210177, -6.448085208065759, 0.0 ], [ 106.621329999979736, -6.448100000114767, 0.0 ], [ 106.620950000442392, -6.448269999860425, 0.0 ], [ 106.620440000305962, -6.448510000136256, 0.0 ], [ 106.620070000330401, -6.448759999973888, 0.0 ], [ 106.619640000285955, -6.449140000410516, 0.0 ], [ 106.619350000402378, -6.449470000340032, 0.0 ], [ 106.619170000195538, -6.449780000246665, 0.0 ], [ 106.619079999642494, -6.450219999852926, 0.0 ], [ 106.61896000040386, -6.450540000220641, 0.0 ], [ 106.618820000242977, -6.450790000058273, 0.0 ], [ 106.618609999552007, -6.451070000380046, 0.0 ], [ 106.61841999978337, -6.451300000194706, 0.0 ], [ 106.618279999622487, -6.451619999663052, 0.0 ], [ 106.618219999553475, -6.451969999615628, 0.0 ], [ 106.618109999876737, -6.452370000075316, 0.0 ], [ 106.618040000245941, -6.452559999843945, 0.0 ], [ 106.617960000154056, -6.452780000096805, 0.0 ], [ 106.61790999964694, -6.452960000303634, 0.0 ], [ 106.617829999554971, -6.453239999726037, 0.0 ], [ 106.617727296977321, -6.453457488172401, 0.0 ], [ 106.617659999809305, -6.453600000139694, 0.0 ], [ 106.617550000132553, -6.453910000046239, 0.0 ], [ 106.617320000317903, -6.454300000044757, 0.0 ], [ 106.617160918341867, -6.454522715350866, 0.0 ], [ 106.617076885689826, -6.454640360164312, 0.0 ], [ 106.617069999580991, -6.454649999997333, 0.0 ], [ 106.616779999697414, -6.455069999580623, 0.0 ], [ 106.616449999767809, -6.455400000409597, 0.0 ], [ 106.616259999999187, -6.455599999740027, 0.0 ], [ 106.616099999815319, -6.455730000339113, 0.0 ], [ 106.615930000069667, -6.455900000084771, 0.0 ], [ 106.615760000323917, -6.456040000245657, 0.0 ], [ 106.615500000025207, -6.456200000429515, 0.0 ], [ 106.615250000187572, -6.456370000175173, 0.0 ], [ 106.61513000004966, -6.456470000290118, 0.0 ], [ 106.614880000212025, -6.456620000012805, 0.0 ], [ 106.614679999982144, -6.456780000196751, 0.0 ], [ 106.614490000213507, -6.456900000334578, 0.0 ], [ 106.614339999591451, -6.457030000034294, 0.0 ], [ 106.614069999730845, -6.457270000310125, 0.0 ], [ 106.613719999778368, -6.457500000124785, 0.0 ], [ 106.613329999779836, -6.457740000400527, 0.0 ], [ 106.612939999781332, -6.457950000192128, 0.0 ], [ 106.612700229731999, -6.458008609909296, 0.0 ], [ 106.612489999713887, -6.458059999868961, 0.0 ], [ 106.61203999964637, -6.458110000376074, 0.0 ], [ 106.611620000063084, -6.458119999937875, 0.0 ], [ 106.611252678268684, -6.458110072321812, 0.0 ], [ 106.611250000087537, -6.458110000376074, 0.0 ], [ 106.61077999999722, -6.458050000307072, 0.0 ], [ 106.610419999583485, -6.458039999845901, 0.0 ], [ 106.610180000207009, -6.457999999799959, 0.0 ], [ 106.609930000369388, -6.45801999982293, 0.0 ], [ 106.609719999678418, -6.45801999982293, 0.0 ], [ 106.609489999863754, -6.45801999982293, 0.0 ], [ 106.60926000004909, -6.45801999982293, 0.0 ], [ 106.609010000211555, -6.45801999982293, 0.0 ], [ 106.608720000327978, -6.458090000353103, 0.0 ], [ 106.608419999983226, -6.458150000422016, 0.0 ], [ 106.608130000099578, -6.45824000007579, 0.0 ], [ 106.607809999731856, -6.458400000259648, 0.0 ], [ 106.60753999987125, -6.458480000351621, 0.0 ], [ 106.607410000171541, -6.458529999959364, 0.0 ], [ 106.607220000402904, -6.458690000143221, 0.0 ], [ 106.607069999780848, -6.458770000235194, 0.0 ], [ 106.606699999805301, -6.459069999680569, 0.0 ], [ 106.606479999552533, -6.459329999979371, 0.0 ], [ 106.606079999992218, -6.459749999562661, 0.0 ], [ 106.605910000246467, -6.459960000253631, 0.0 ], [ 106.605719999578469, -6.460199999630092, 0.0 ], [ 106.605600000339919, -6.460399999859892, 0.0 ], [ 106.605549999832817, -6.46060000008978, 0.0 ], [ 106.605560000293977, -6.46082000034264, 0.0 ], [ 106.60562000036289, -6.461059999719012, 0.0 ], [ 106.605680000431803, -6.461259999948901, 0.0 ], [ 106.605830000154583, -6.461400000109698, 0.0 ], [ 106.606180000107074, -6.461560000293645, 0.0 ], [ 106.606369999875795, -6.4616600004085, 0.0 ], [ 106.60663000017459, -6.461759999624164, 0.0 ], [ 106.606859999989155, -6.461850000177218, 0.0 ], [ 106.607009999711849, -6.461870000200189, 0.0 ], [ 106.607169999895703, -6.461919999808021, 0.0 ], [ 106.607319999618483, -6.462010000361076, 0.0 ], [ 106.607650000447364, -6.462129999599622, 0.0 ], [ 106.608040000445797, -6.462429999944366, 0.0 ], [ 106.608270000260461, -6.462659999759026, 0.0 ], [ 106.608417064596011, -6.462944938258133, 0.0 ], [ 106.608430000444315, -6.462969999665571, 0.0 ], [ 106.608500000075111, -6.463180000356541, 0.0 ], [ 106.608540000121053, -6.463410000171201, 0.0 ], [ 106.608609999751863, -6.463669999570634, 0.0 ], [ 106.608720000327978, -6.464079999592212, 0.0 ], [ 106.608740000350949, -6.46423999977598, 0.0 ], [ 106.608800000419862, -6.464520000097753, 0.0 ], [ 106.608820000442833, -6.464700000304582, 0.0 ], [ 106.60883000000463, -6.464859999589159, 0.0 ], [ 106.608820000442833, -6.465070000280129, 0.0 ], [ 106.608800000419862, -6.46530999965659, 0.0 ], [ 106.60868000028195, -6.465719999678079, 0.0 ], [ 106.608540000121053, -6.466040000045794, 0.0 ], [ 106.60846999959098, -6.46616999974551, 0.0 ], [ 106.608210000191548, -6.466519999698086, 0.0 ], [ 106.608139999661461, -6.466659999858972, 0.0 ], [ 106.607860000238972, -6.467120000387485, 0.0 ], [ 106.607780000147088, -6.467259999649091, 0.0 ], [ 106.607720000078174, -6.467390000248177, 0.0 ], [ 106.607680000032133, -6.467559999993835, 0.0 ], [ 106.607619999963219, -6.467700000154721, 0.0 ], [ 106.607590000378366, -6.467820000292548, 0.0 ], [ 106.607570000355395, -6.467990000038295, 0.0 ], [ 106.60753999987125, -6.468139999761071, 0.0 ], [ 106.607490000263425, -6.468409999621585, 0.0 ], [ 106.607299999595426, -6.46829999994484, 0.0 ], [ 106.607294406711674, -6.468296405354614, 0.0 ], [ 106.607160000333906, -6.468210000291066, 0.0 ], [ 106.606929999619965, -6.468019999623067, 0.0 ], [ 106.60681000038133, -6.467940000430552, 0.0 ], [ 106.606730000289446, -6.46786999990038, 0.0 ], [ 106.606510000036593, -6.467649999647609, 0.0 ], [ 106.606389999898767, -6.467539999970864, 0.0 ], [ 106.606160000084103, -6.467310000156203, 0.0 ], [ 106.606010000361408, -6.46723999962612, 0.0 ], [ 106.605779999647467, -6.467120000387485, 0.0 ], [ 106.605589999878759, -6.467080000341543, 0.0 ], [ 106.605449999717862, -6.467060000318572, 0.0 ], [ 106.60519000031843, -6.467009999811459, 0.0 ], [ 106.604990000088634, -6.466969999765517, 0.0 ], [ 106.604869999950722, -6.466949999742546, 0.0 ], [ 106.604660000159029, -6.466920000157685, 0.0 ], [ 106.604319999768336, -6.466750000412027, 0.0 ], [ 106.604049999907744, -6.466510000136196, 0.0 ], [ 106.603860000139107, -6.466249999837483, 0.0 ], [ 106.603679999932282, -6.465979999976881, 0.0 ], [ 106.603579999817342, -6.465810000231134, 0.0 ], [ 106.603430000094562, -6.465650000047276, 0.0 ], [ 106.602980000027131, -6.465150000372013, 0.0 ], [ 106.603020000073073, -6.464999999750045, 0.0 ], [ 106.603189999818824, -6.464729999889443, 0.0 ], [ 106.603329999979707, -6.464460000028751, 0.0 ], [ 106.603340000440795, -6.464259999798951, 0.0 ], [ 106.603269999910793, -6.463960000353577, 0.0 ], [ 106.603149999772796, -6.463720000077746, 0.0 ], [ 106.60302999963497, -6.463650000447032, 0.0 ], [ 106.602730000189496, -6.463550000332088, 0.0 ], [ 106.602549999982671, -6.463470000240115, 0.0 ], [ 106.602369999775846, -6.463290000033375, 0.0 ], [ 106.602209999591992, -6.463060000218626, 0.0 ], [ 106.602150000422355, -6.462980000126741, 0.0 ], [ 106.602059999869297, -6.462670000220196, 0.0 ], [ 106.601959999754357, -6.462420000382565, 0.0 ], [ 106.601780000446894, -6.462129999599622, 0.0 ], [ 106.60154000017107, -6.46187999976199, 0.0 ], [ 106.601379999987117, -6.461839999716048, 0.0 ], [ 106.601119999688407, -6.461850000177218, 0.0 ], [ 106.600969999965713, -6.461870000200189, 0.0 ], [ 106.600889999873743, -6.461810000131276, 0.0 ], [ 106.60082999980483, -6.461699999555162, 0.0 ], [ 106.600869999850772, -6.461569999855445, 0.0 ], [ 106.601050000057597, -6.460909999996325, 0.0 ], [ 106.600980000426802, -6.46078999985841, 0.0 ], [ 106.600849999827801, -6.460680000181664, 0.0 ], [ 106.600530000359456, -6.46060000008978, 0.0 ], [ 106.600109999876793, -6.460510000436006, 0.0 ], [ 106.599880000062143, -6.460279999722065, 0.0 ], [ 106.599840000016201, -6.460219999653063, 0.0 ], [ 106.599599999740363, -6.459880000161746, 0.0 ], [ 106.59924000022599, -6.45953000020917, 0.0 ], [ 106.599260744887616, -6.459442872990042, 0.0 ], [ 106.599289999833815, -6.459320000417481, 0.0 ], [ 106.59932000031796, -6.459260000348568, 0.0 ], [ 106.59938999994867, -6.459220000302626, 0.0 ], [ 106.599799999970159, -6.459470000140257, 0.0 ], [ 106.599920000108085, -6.459430000094226, 0.0 ], [ 106.600120000337967, -6.4593099999564, 0.0 ], [ 106.600149999922735, -6.459209999841455, 0.0 ], [ 106.600140000360938, -6.459020000072737, 0.0 ], [ 106.59988999962394, -6.458509999936393, 0.0 ], [ 106.599940000131056, -6.458480000351621, 0.0 ], [ 106.600109999876793, -6.45846999989045, 0.0 ], [ 106.600430000244515, -6.45846000032865, 0.0 ], [ 106.601039999596523, -6.458449999867391, 0.0 ], [ 106.601629999824837, -6.458420000282619, 0.0 ], [ 106.602059999869297, -6.45846000032865, 0.0 ], [ 106.602799999820306, -6.45846999989045, 0.0 ], [ 106.602939999981189, -6.458400000259648, 0.0 ], [ 106.60291000039642, -6.458309999706593, 0.0 ], [ 106.602659999659409, -6.457819999593131, 0.0 ], [ 106.602570000005642, -6.457569999755588, 0.0 ], [ 106.602610000051669, -6.457489999663615, 0.0 ], [ 106.602770000235523, -6.457409999571642, 0.0 ], [ 106.603120000188014, -6.457219999803012, 0.0 ], [ 106.603679999932282, -6.45674000015072, 0.0 ], [ 106.603690000393357, -6.456620000012805, 0.0 ], [ 106.603630000324443, -6.456539999920921, 0.0 ], [ 106.603470000140589, -6.456550000382002, 0.0 ], [ 106.602759999774364, -6.456570000404973, 0.0 ], [ 106.602730000189496, -6.456490000313089, 0.0 ], [ 106.602770000235523, -6.456350000152202, 0.0 ], [ 106.603000000050102, -6.45610000031466, 0.0 ], [ 106.603189999818824, -6.45588999962369, 0.0 ], [ 106.603329999979707, -6.455739999900914, 0.0 ], [ 106.60324000032594, -6.455539999671114, 0.0 ], [ 106.603040000096044, -6.455490000063282, 0.0 ], [ 106.602770000235523, -6.455530000109224, 0.0 ], [ 106.602639999636438, -6.455470000040311, 0.0 ], [ 106.602560000443845, -6.455369999925367, 0.0 ], [ 106.602570000005642, -6.455209999741598, 0.0 ], [ 106.602590000028698, -6.455100000064853, 0.0 ], [ 106.602639999636438, -6.454879999811993, 0.0 ], [ 106.602750000212467, -6.454440000205732, 0.0 ], [ 106.602690000143554, -6.454400000159701, 0.0 ], [ 106.602649977614533, -6.454414553888412, 0.0 ], [ 106.602579999567524, -6.454440000205732, 0.0 ], [ 106.602349999752875, -6.454509999836446, 0.0 ], [ 106.602150000422355, -6.454469999790504, 0.0 ], [ 106.601769999985635, -6.454429999744562, 0.0 ], [ 106.601620000262955, -6.454409999721591, 0.0 ], [ 106.601119999688407, -6.45436999967556, 0.0 ], [ 106.601010000011655, -6.454309999606647, 0.0 ], [ 106.600809999781859, -6.454070000230185, 0.0 ], [ 106.600623411141669, -6.453779750335045, 0.0 ], [ 106.600270000060647, -6.453230000164236, 0.0 ], [ 106.600209999991733, -6.453029999934436, 0.0 ], [ 106.60010000031491, -6.452639999935919, 0.0 ], [ 106.599960000154027, -6.452410000121258, 0.0 ], [ 106.599630000224508, -6.452049999707601, 0.0 ], [ 106.599369999925699, -6.451759999824027, 0.0 ], [ 106.599349999902728, -6.45159000007828, 0.0 ], [ 106.59938999994867, -6.451469999940365, 0.0 ], [ 106.599599999740363, -6.450890000173217, 0.0 ], [ 106.599599999740363, -6.450600000289644, 0.0 ], [ 106.599499999625422, -6.450409999621645, 0.0 ], [ 106.599527306640113, -6.450389975316941, 0.0 ], [ 106.599799999970159, -6.450190000268154, 0.0 ], [ 106.599920000108085, -6.450039999646098, 0.0 ], [ 106.600149999922735, -6.449820000292608, 0.0 ], [ 106.600459999829283, -6.449559999993806, 0.0 ], [ 106.600539999921253, -6.449530000409034, 0.0 ], [ 106.600579999967195, -6.449319999718064, 0.0 ], [ 106.600729999689889, -6.449089999903403, 0.0 ], [ 106.60082999980483, -6.448900000134774, 0.0 ], [ 106.600889999873743, -6.448690000343085, 0.0 ], [ 106.600920000357888, -6.448499999675086, 0.0 ], [ 106.600980000426802, -6.448309999906456, 0.0 ], [ 106.600999999550581, -6.44816000018368, 0.0 ], [ 106.601019999573552, -6.447939999930909, 0.0 ], [ 106.601059999619494, -6.447799999770023, 0.0 ], [ 106.601139999711378, -6.447569999955363, 0.0 ], [ 106.601239999826319, -6.447369999725563, 0.0 ], [ 106.601400000010173, -6.447220000002876, 0.0 ], [ 106.601580000217012, -6.447110000326131, 0.0 ], [ 106.601819999593459, -6.446999999750016, 0.0 ], [ 106.602010000261458, -6.447010000211186, 0.0 ], [ 106.602229999614963, -6.446999999750016, 0.0 ], [ 106.60248000035196, -6.446950000142273, 0.0 ], [ 106.602830000304436, -6.446780000396526, 0.0 ], [ 106.603109999726854, -6.446649999797529, 0.0 ], [ 106.603619999863284, -6.446270000260181, 0.0 ], [ 106.603749999562993, -6.446170000145237, 0.0 ], [ 106.603909999746861, -6.445980000376519, 0.0 ], [ 106.604239999676366, -6.445700000054746, 0.0 ], [ 106.604350000252481, -6.44559000037809, 0.0 ], [ 106.604459999929233, -6.445490000263145, 0.0 ], [ 106.604620000113087, -6.445330000079288, 0.0 ], [ 106.604720000227942, -6.445180000356601, 0.0 ], [ 106.604840000365954, -6.444989999688602, 0.0 ], [ 106.604990000088634, -6.444859999988886, 0.0 ], [ 106.605079999742401, -6.444730000289081, 0.0 ], [ 106.605239999926269, -6.444530000059281, 0.0 ], [ 106.605401304127014, -6.444279978637937, 0.0 ], [ 106.605440000156065, -6.444220000152736, 0.0 ], [ 106.605520000247949, -6.444109999576622, 0.0 ], [ 106.605589999878759, -6.443959999853934, 0.0 ], [ 106.605629999924787, -6.443850000177189, 0.0 ], [ 106.605629999924787, -6.443549999832445, 0.0 ], [ 106.60561182462618, -6.443468213686945, 0.0 ], [ 106.605549999832817, -6.443190000318069, 0.0 ], [ 106.605369999625978, -6.442840000365582, 0.0 ], [ 106.60497999962746, -6.442399999859951, 0.0 ], [ 106.604529999559944, -6.441980000276661, 0.0 ], [ 106.604239999676366, -6.441769999585603, 0.0 ], [ 106.603989999838831, -6.441619999862915, 0.0 ], [ 106.603970126620197, -6.441612619126893, 0.0 ], [ 106.603639999886255, -6.441490000163199, 0.0 ], [ 106.603410000071591, -6.441439999656087, 0.0 ], [ 106.603189999818824, -6.441419999633116, 0.0 ], [ 106.603040000096044, -6.441419999633116, 0.0 ], [ 106.602839999866248, -6.441430000094286, 0.0 ], [ 106.602670000120582, -6.441399999610145, 0.0 ], [ 106.602360000213949, -6.441340000440512, 0.0 ], [ 106.602070000330372, -6.441129999749542, 0.0 ], [ 106.601890000123632, -6.440969999565684, 0.0 ], [ 106.601660000308897, -6.440679999682022, 0.0 ], [ 106.601509999686925, -6.44044999986745, 0.0 ], [ 106.60137000042532, -6.440289999683593, 0.0 ], [ 106.601099999665436, -6.440039999845961, 0.0 ], [ 106.600869999850772, -6.439890000123185, 0.0 ], [ 106.600620000013137, -6.439720000377616, 0.0 ], [ 106.600603643143771, -6.439706369353306, 0.0 ], [ 106.600439999806312, -6.439569999755559, 0.0 ], [ 106.600319999668486, -6.439409999571613, 0.0 ], [ 106.600129999899764, -6.43915999973407, 0.0 ], [ 106.599949999692939, -6.438960000403551, 0.0 ], [ 106.599863505596517, -6.438821609129732, 0.0 ], [ 106.59975000036242, -6.438640000035836, 0.0 ], [ 106.599599999740363, -6.438330000129291, 0.0 ], [ 106.599360000363902, -6.437940000130773, 0.0 ], [ 106.599289999833815, -6.437730000339084, 0.0 ], [ 106.599169999695903, -6.437490000063253, 0.0 ], [ 106.599039999996194, -6.437260000248681, 0.0 ], [ 106.598919999858268, -6.436939999880877, 0.0 ], [ 106.598770000135588, -6.436609999951362, 0.0 ], [ 106.598719999628472, -6.436360000113819, 0.0 ], [ 106.598620000412808, -6.436179999906901, 0.0 ], [ 106.598460000229039, -6.435789999908383, 0.0 ], [ 106.598436384931404, -6.435704396140842, 0.0 ], [ 106.59838000013707, -6.43550000002481, 0.0 ], [ 106.598340000091127, -6.435250000187178, 0.0 ], [ 106.598320000068071, -6.435020000372518, 0.0 ], [ 106.598230000414375, -6.43465000039706, 0.0 ], [ 106.598190000368348, -6.434519999797974, 0.0 ], [ 106.598139999861331, -6.434359999614117, 0.0 ], [ 106.598039999746376, -6.4342299999144, 0.0 ], [ 106.597899999585493, -6.434129999799456, 0.0 ], [ 106.597740000301002, -6.434089999753514, 0.0 ], [ 106.597159999634485, -6.433890000423084, 0.0 ], [ 106.597170000095659, -6.433719999778056, 0.0 ], [ 106.59725999974934, -6.43355999959411, 0.0 ], [ 106.597399999910238, -6.433209999641623, 0.0 ], [ 106.597379999887266, -6.433030000334075, 0.0 ], [ 106.597279999772311, -6.432879999712018, 0.0 ], [ 106.597060000418907, -6.432689999943388, 0.0 ], [ 106.59682999970488, -6.432819999643105, 0.0 ], [ 106.596690000443374, -6.433280000171706, 0.0 ], [ 106.596479999752404, -6.433220000102793, 0.0 ], [ 106.596300000444842, -6.433119999987849, 0.0 ], [ 106.596240000375843, -6.433010000311103, 0.0 ], [ 106.596220000352872, -6.432830000104275, 0.0 ], [ 106.596169999845856, -6.432469999690529, 0.0 ], [ 106.596124456378718, -6.43230517284529, 0.0 ], [ 106.595960000054077, -6.431709999716553, 0.0 ], [ 106.595770000285441, -6.431410000271089, 0.0 ], [ 106.59575000026247, -6.431250000087321, 0.0 ], [ 106.595710000216528, -6.431120000387516, 0.0 ], [ 106.595670000170585, -6.430989999788519, 0.0 ], [ 106.595610000101587, -6.430840000065832, 0.0 ], [ 106.595599999640413, -6.430770000435029, 0.0 ], [ 106.595520000447806, -6.430599999790001, 0.0 ], [ 106.595440000355921, -6.430510000136227, 0.0 ], [ 106.595309999756836, -6.430349999952369, 0.0 ], [ 106.595070000380389, -6.43014000016068, 0.0 ], [ 106.594870000150493, -6.429959999953851, 0.0 ], [ 106.594870000150493, -6.429839999815936, 0.0 ], [ 106.594970000265434, -6.429249999587618, 0.0 ], [ 106.595119999988214, -6.428919999658103, 0.0 ], [ 106.595186805227058, -6.428844844214012, 0.0 ], [ 106.595280000172068, -6.428740000350555, 0.0 ], [ 106.595340000240981, -6.428620000212639, 0.0 ], [ 106.59524000012604, -6.428480000051842, 0.0 ], [ 106.595429999894762, -6.428410000421039, 0.0 ], [ 106.595699999755368, -6.428339999890866, 0.0 ], [ 106.596009999661902, -6.428270000260152, 0.0 ], [ 106.596220000352872, -6.42821999975304, 0.0 ], [ 106.596510000236449, -6.428199999730069, 0.0 ], [ 106.596700000005171, -6.428210000191239, 0.0 ], [ 106.596900000234967, -6.428259999798982, 0.0 ], [ 106.597080000441878, -6.428299999844924, 0.0 ], [ 106.597299999795283, -6.428390000398068, 0.0 ], [ 106.597700000254974, -6.428520000097784, 0.0 ], [ 106.598159999884302, -6.428680000281641, 0.0 ], [ 106.59838000013707, -6.428729999889384, 0.0 ], [ 106.598719999628472, -6.428769999935415, 0.0 ], [ 106.598979999927181, -6.428760000373615, 0.0 ], [ 106.599340000340931, -6.428780000396586, 0.0 ], [ 106.59967000027045, -6.428830000004329, 0.0 ], [ 106.600020000223026, -6.4288500000273, 0.0 ], [ 106.600530000359456, -6.428939999681074, 0.0 ], [ 106.600920000357888, -6.429019999773047, 0.0 ], [ 106.601279999872261, -6.429070000280159, 0.0 ], [ 106.601720000377895, -6.429159999933933, 0.0 ], [ 106.602229999614963, -6.42928000007176, 0.0 ], [ 106.602639999636438, -6.429389999748505, 0.0 ], [ 106.603000000050102, -6.429469999840478, 0.0 ], [ 106.603340000440795, -6.429569999955422, 0.0 ], [ 106.603730000439299, -6.429679999632167, 0.0 ], [ 106.604040000345847, -6.429770000185222, 0.0 ], [ 106.604450000367422, -6.429839999815936, 0.0 ], [ 106.60497999962746, -6.429859999838996, 0.0 ], [ 106.605389999648949, -6.429870000300166, 0.0 ], [ 106.605411790222121, -6.429869427432013, 0.0 ], [ 106.605770000085585, -6.429859999838996, 0.0 ], [ 106.606180000107074, -6.429799999769994, 0.0 ], [ 106.606650000197561, -6.429690000093249, 0.0 ], [ 106.607140000310935, -6.429569999955422, 0.0 ], [ 106.607619999963219, -6.42950999988642, 0.0 ], [ 106.608009999961752, -6.429409999771476, 0.0 ], [ 106.608430000444315, -6.429349999702563, 0.0 ], [ 106.608442080138005, -6.429348154293759, 0.0 ], [ 106.609150000372352, -6.429240000025818, 0.0 ], [ 106.610080000092154, -6.42907999984196, 0.0 ], [ 106.610260000298894, -6.429050000257099, 0.0 ], [ 106.610719999928222, -6.428970000165215, 0.0 ], [ 106.610980000227016, -6.428809999981357, 0.0 ], [ 106.611230000064566, -6.428660000258581, 0.0 ], [ 106.611559999994171, -6.428390000398068, 0.0 ], [ 106.611789999808835, -6.428199999730069, 0.0 ], [ 106.61203999964637, -6.428020000422521, 0.0 ], [ 106.612369999575975, -6.427840000215692, 0.0 ], [ 106.612689999943697, -6.427720000077777, 0.0 ], [ 106.613220000103098, -6.427539999870948, 0.0 ], [ 106.613436342813159, -6.427492331305853, 0.0 ], [ 106.613810000331412, -6.427410000171232, 0.0 ], [ 106.614410000121623, -6.427319999618177, 0.0 ], [ 106.614840000166083, -6.427240000425485, 0.0 ], [ 106.61521000014163, -6.4271600003336, 0.0 ], [ 106.615729999839772, -6.427020000172714, 0.0 ], [ 106.616139999861261, -6.426810000381025, 0.0 ], [ 106.616405130792344, -6.426712784567226, 0.0 ], [ 106.616440000206012, -6.426699999804999, 0.0 ], [ 106.6169100002965, -6.426610000151225, 0.0 ], [ 106.61749000006364, -6.426469999990339, 0.0 ], [ 106.617900000085143, -6.426269999760539, 0.0 ], [ 106.618570000405427, -6.426059999968849, 0.0 ], [ 106.619154524661809, -6.425911548878762, 0.0 ], [ 106.619199999780321, -6.425899999784992, 0.0 ], [ 106.619640000285955, -6.425759999624105, 0.0 ], [ 106.619899999685373, -6.425689999993303, 0.0 ], [ 106.620329999729933, -6.425689999993303, 0.0 ], [ 106.62069999970538, -6.425699999555192, 0.0 ], [ 106.62104999965797, -6.425819999693108, 0.0 ], [ 106.621490000163504, -6.425930000269133, 0.0 ], [ 106.621809999631935, -6.425930000269133, 0.0 ], [ 106.621863178343148, -6.425919363987322, 0.0 ], [ 106.622109999976686, -6.42587000020022, 0.0 ], [ 106.622510000436364, -6.425730000039334, 0.0 ], [ 106.623010000111634, -6.425500000224673, 0.0 ], [ 106.623369999625922, -6.425239999925871, 0.0 ], [ 106.623919999808294, -6.424849999927442, 0.0 ], [ 106.624249999737813, -6.424479999951895, 0.0 ], [ 106.624530000059593, -6.424190000068322, 0.0 ], [ 106.624707276220008, -6.424086588824842, 0.0 ], [ 106.624770000335417, -6.424049999907435, 0.0 ], [ 106.625000000150081, -6.424740000250697, 0.0 ], [ 106.62504999975782, -6.425480000201702, 0.0 ], [ 106.626830000004659, -6.426639999735997, 0.0 ], [ 106.627099999865266, -6.426699999804999, 0.0 ], [ 106.62732999967993, -6.426739999850941, 0.0 ], [ 106.627670000070609, -6.426679999781939, 0.0 ], [ 106.628080000092098, -6.426559999644113, 0.0 ], [ 106.628530000159529, -6.426400000359624, 0.0 ], [ 106.629109999926769, -6.426249999737568, 0.0 ], [ 106.629499999925287, -6.426220000152707, 0.0 ], [ 106.630649999897784, -6.426200000129736, 0.0 ] ] ] ] } },
{ "type": "Feature", "properties": { "PROVNO": "32", "KABKOTNO": "01", "KECNO": "260", "DESANO": "009", "PROVINSI": "JAWA BARAT", "KABKOT": "BOGOR", "KECAMATAN": "RUMPIN", "ID2013": "3201260009", "DESA": "SUKASARI", "DESA_1": "SUKASARI", "ID2012": "3201260009", "IDKAB2": "3201", "IDKEC_2": "3201260", "WILAYAH": "BARAT" }, "geometry": { "type": "MultiPolygon", "coordinates": [ [ [ [ 106.645449999817785, -6.409279999572206, 0.0 ], [ 106.645449999817785, -6.409479999802006, 0.0 ], [ 106.64571000011658, -6.41002000042258, 0.0 ], [ 106.646269999860849, -6.410279999821924, 0.0 ], [ 106.647179999557508, -6.410310000306065, 0.0 ], [ 106.647373850223161, -6.410288852748138, 0.0 ], [ 106.648279999922266, -6.410190000168239, 0.0 ], [ 106.648979999827333, -6.410130000099326, 0.0 ], [ 106.649539999571502, -6.410270000260123, 0.0 ], [ 106.650189999868729, -6.410669999820442, 0.0 ], [ 106.650599999890218, -6.411300000094702, 0.0 ], [ 106.650760000074087, -6.411999999999853, 0.0 ], [ 106.650720000028144, -6.412829999604632, 0.0 ], [ 106.650619999913289, -6.413330000179176, 0.0 ], [ 106.64992999957002, -6.414739999551191, 0.0 ], [ 106.649735523875535, -6.41497425495773, 0.0 ], [ 106.649489999963663, -6.415269999710596, 0.0 ], [ 106.649220000103071, -6.41577999984694, 0.0 ], [ 106.649070000380377, -6.416269999960402, 0.0 ], [ 106.649030000334434, -6.416379999637147, 0.0 ], [ 106.648874065985538, -6.416755659046238, 0.0 ], [ 106.648810000081582, -6.416909999796463, 0.0 ], [ 106.648469999690889, -6.41727999977201, 0.0 ], [ 106.647949999992747, -6.417609999701526, 0.0 ], [ 106.647439999856232, -6.41793000006933, 0.0 ], [ 106.646980000226989, -6.418239999975874, 0.0 ], [ 106.646779999997193, -6.418440000205674, 0.0 ], [ 106.646670000320455, -6.418679999582135, 0.0 ], [ 106.64663999983631, -6.419060000018852, 0.0 ], [ 106.646559999744341, -6.419570000155197, 0.0 ], [ 106.646579999767397, -6.419790000408057, 0.0 ], [ 106.646759999974222, -6.420040000245688, 0.0 ], [ 106.64695322920835, -6.420213905746976, 0.0 ], [ 106.647160000433914, -6.420399999760065, 0.0 ], [ 106.647700000155027, -6.420550000382033, 0.0 ], [ 106.6492000000801, -6.420849999827496, 0.0 ], [ 106.64977999984724, -6.420780000196693, 0.0 ], [ 106.650241198272823, -6.420641084618186, 0.0 ], [ 106.650610000351392, -6.420530000359062, 0.0 ], [ 106.650670322377692, -6.420524423663068, 0.0 ], [ 106.651800000369917, -6.420419999783036, 0.0 ], [ 106.65248999981381, -6.420370000175204, 0.0 ], [ 106.653030000434384, -6.420430000244117, 0.0 ], [ 106.653369999925786, -6.420669999620578, 0.0 ], [ 106.653529989317747, -6.421038670398129, 0.0 ], [ 106.653599999740365, -6.421199999779983, 0.0 ], [ 106.653719999878277, -6.421620000262642, 0.0 ], [ 106.653737023145254, -6.421790228436155, 0.0 ], [ 106.653790000408364, -6.422320000167705, 0.0 ], [ 106.653790000408364, -6.423020000072768, 0.0 ], [ 106.653790000408364, -6.423075953192594, 0.0 ], [ 106.653790000408364, -6.423969999815462, 0.0 ], [ 106.65349999962551, -6.424849999927442, 0.0 ], [ 106.65320000018005, -6.425669999970332, 0.0 ], [ 106.653149999672934, -6.425739999601134, 0.0 ], [ 106.653149999672934, -6.425799999670048, 0.0 ], [ 106.652959999904212, -6.426050000407049, 0.0 ], [ 106.65258999992875, -6.425899999784992, 0.0 ], [ 106.652349999652927, -6.425810000131307, 0.0 ], [ 106.651939999631438, -6.425730000039334, 0.0 ], [ 106.651470000440312, -6.425699999555192, 0.0 ], [ 106.651370000325457, -6.425689999993303, 0.0 ], [ 106.651311348340229, -6.425682180388161, 0.0 ], [ 106.651069999980706, -6.42564999994736, 0.0 ], [ 106.650740000051115, -6.425609999901418, 0.0 ], [ 106.650479999752307, -6.425569999855476, 0.0 ], [ 106.650220000352959, -6.425520000247644, 0.0 ], [ 106.650009999661904, -6.425349999602616, 0.0 ], [ 106.64942999989475, -6.42497999962707, 0.0 ], [ 106.649360000263954, -6.424919999558156, 0.0 ], [ 106.649300000195041, -6.424869999950413, 0.0 ], [ 106.649160000034158, -6.424580000066751, 0.0 ], [ 106.649090000403348, -6.424339999791009, 0.0 ], [ 106.649030000334434, -6.424170000045351, 0.0 ], [ 106.64891999975832, -6.424299999744978, 0.0 ], [ 106.648930000219494, -6.424410000321092, 0.0 ], [ 106.648970000265436, -6.42458999962864, 0.0 ], [ 106.64891999975832, -6.424740000250697, 0.0 ], [ 106.648609999851772, -6.425500000224673, 0.0 ], [ 106.648569999805829, -6.425970000315075, 0.0 ], [ 106.648520000198005, -6.426019999922907, 0.0 ], [ 106.648449999667918, -6.426260000198649, 0.0 ], [ 106.64833999999118, -6.42649000001331, 0.0 ], [ 106.648150000222543, -6.426559999644113, 0.0 ], [ 106.647889999923748, -6.426590000128254, 0.0 ], [ 106.64762999962494, -6.426550000082312, 0.0 ], [ 106.647439999856232, -6.42649000001331, 0.0 ], [ 106.647140000410843, -6.426380000336565, 0.0 ], [ 106.646889999673931, -6.426240000175678, 0.0 ], [ 106.646619999813339, -6.425930000269133, 0.0 ], [ 106.646349999952733, -6.425759999624105, 0.0 ], [ 106.646200000230039, -6.425759999624105, 0.0 ], [ 106.646049999607982, -6.425839999716079, 0.0 ], [ 106.645460122586798, -6.426120432611739, 0.0 ], [ 106.644219999753403, -6.426710000266169, 0.0 ], [ 106.644020000422884, -6.426850000426967, 0.0 ], [ 106.643929999869741, -6.426980000126683, 0.0 ], [ 106.643880000262001, -6.4271600003336, 0.0 ], [ 106.643720000078133, -6.42714999987243, 0.0 ], [ 106.643420497058429, -6.427046063424982, 0.0 ], [ 106.641529999809805, -6.426389999898365, 0.0 ], [ 106.640410000321452, -6.425699999555192, 0.0 ], [ 106.639490000163534, -6.425170000295068, 0.0 ], [ 106.638690000143612, -6.424889999973384, 0.0 ], [ 106.638260000099066, -6.424869999950413, 0.0 ], [ 106.637950000192518, -6.424930000019327, 0.0 ], [ 106.63762999982481, -6.425059999719043, 0.0 ], [ 106.637039999596482, -6.425349999602616, 0.0 ], [ 106.634851370794294, -6.426385284752936, 0.0 ], [ 106.634629999974749, -6.42649000001331, 0.0 ], [ 106.634304112644926, -6.426566270616743, 0.0 ], [ 106.634159999884261, -6.426599999690055, 0.0 ], [ 106.633689999793859, -6.426579999667084, 0.0 ], [ 106.633080000441851, -6.426499999575199, 0.0 ], [ 106.630649999897784, -6.426200000129736, 0.0 ], [ 106.629499999925287, -6.426220000152707, 0.0 ], [ 106.629109999926769, -6.426249999737568, 0.0 ], [ 106.628530000159529, -6.426400000359624, 0.0 ], [ 106.628080000092098, -6.426559999644113, 0.0 ], [ 106.627670000070609, -6.426679999781939, 0.0 ], [ 106.62732999967993, -6.426739999850941, 0.0 ], [ 106.627099999865266, -6.426699999804999, 0.0 ], [ 106.626830000004659, -6.426639999735997, 0.0 ], [ 106.62504999975782, -6.425480000201702, 0.0 ], [ 106.625000000150081, -6.424740000250697, 0.0 ], [ 106.624770000335417, -6.424049999907435, 0.0 ], [ 106.624707276220008, -6.424086588824842, 0.0 ], [ 106.624530000059593, -6.424190000068322, 0.0 ], [ 106.624249999737813, -6.424479999951895, 0.0 ], [ 106.623919999808294, -6.424849999927442, 0.0 ], [ 106.623369999625922, -6.425239999925871, 0.0 ], [ 106.623010000111634, -6.425500000224673, 0.0 ], [ 106.622510000436364, -6.425730000039334, 0.0 ], [ 106.622109999976686, -6.42587000020022, 0.0 ], [ 106.621863178343148, -6.425919363987322, 0.0 ], [ 106.621809999631935, -6.425930000269133, 0.0 ], [ 106.621490000163504, -6.425930000269133, 0.0 ], [ 106.62104999965797, -6.425819999693108, 0.0 ], [ 106.62069999970538, -6.425699999555192, 0.0 ], [ 106.620329999729933, -6.425689999993303, 0.0 ], [ 106.619899999685373, -6.425689999993303, 0.0 ], [ 106.619640000285955, -6.425759999624105, 0.0 ], [ 106.619199999780321, -6.425899999784992, 0.0 ], [ 106.619154524661809, -6.425911548878762, 0.0 ], [ 106.618570000405427, -6.426059999968849, 0.0 ], [ 106.617900000085143, -6.426269999760539, 0.0 ], [ 106.61749000006364, -6.426469999990339, 0.0 ], [ 106.6169100002965, -6.426610000151225, 0.0 ], [ 106.616440000206012, -6.426699999804999, 0.0 ], [ 106.616405130792344, -6.426712784567226, 0.0 ], [ 106.616139999861261, -6.426810000381025, 0.0 ], [ 106.615729999839772, -6.427020000172714, 0.0 ], [ 106.61521000014163, -6.4271600003336, 0.0 ], [ 106.614840000166083, -6.427240000425485, 0.0 ], [ 106.614410000121623, -6.427319999618177, 0.0 ], [ 106.613810000331412, -6.427410000171232, 0.0 ], [ 106.613436342813159, -6.427492331305853, 0.0 ], [ 106.613220000103098, -6.427539999870948, 0.0 ], [ 106.612689999943697, -6.427720000077777, 0.0 ], [ 106.612369999575975, -6.427840000215692, 0.0 ], [ 106.61203999964637, -6.428020000422521, 0.0 ], [ 106.611789999808835, -6.428199999730069, 0.0 ], [ 106.611559999994171, -6.428390000398068, 0.0 ], [ 106.611230000064566, -6.428660000258581, 0.0 ], [ 106.610980000227016, -6.428809999981357, 0.0 ], [ 106.610719999928222, -6.428970000165215, 0.0 ], [ 106.610260000298894, -6.429050000257099, 0.0 ], [ 106.610080000092154, -6.42907999984196, 0.0 ], [ 106.609150000372352, -6.429240000025818, 0.0 ], [ 106.608442080138005, -6.429348154293759, 0.0 ], [ 106.608430000444315, -6.429349999702563, 0.0 ], [ 106.608009999961752, -6.429409999771476, 0.0 ], [ 106.607619999963219, -6.42950999988642, 0.0 ], [ 106.607140000310935, -6.429569999955422, 0.0 ], [ 106.606650000197561, -6.429690000093249, 0.0 ], [ 106.606180000107074, -6.429799999769994, 0.0 ], [ 106.605770000085585, -6.429859999838996, 0.0 ], [ 106.605411790222121, -6.429869427432013, 0.0 ], [ 106.605389999648949, -6.429870000300166, 0.0 ], [ 106.60497999962746, -6.429859999838996, 0.0 ], [ 106.604450000367422, -6.429839999815936, 0.0 ], [ 106.604040000345847, -6.429770000185222, 0.0 ], [ 106.603730000439299, -6.429679999632167, 0.0 ], [ 106.603340000440795, -6.429569999955422, 0.0 ], [ 106.603000000050102, -6.429469999840478, 0.0 ], [ 106.602639999636438, -6.429389999748505, 0.0 ], [ 106.602229999614963, -6.42928000007176, 0.0 ], [ 106.601720000377895, -6.429159999933933, 0.0 ], [ 106.601279999872261, -6.429070000280159, 0.0 ], [ 106.600920000357888, -6.429019999773047, 0.0 ], [ 106.600530000359456, -6.428939999681074, 0.0 ], [ 106.600020000223026, -6.4288500000273, 0.0 ], [ 106.59967000027045, -6.428830000004329, 0.0 ], [ 106.599340000340931, -6.428780000396586, 0.0 ], [ 106.598979999927181, -6.428760000373615, 0.0 ], [ 106.598719999628472, -6.428769999935415, 0.0 ], [ 106.59838000013707, -6.428729999889384, 0.0 ], [ 106.598159999884302, -6.428680000281641, 0.0 ], [ 106.597700000254974, -6.428520000097784, 0.0 ], [ 106.597299999795283, -6.428390000398068, 0.0 ], [ 106.597080000441878, -6.428299999844924, 0.0 ], [ 106.596900000234967, -6.428259999798982, 0.0 ], [ 106.596700000005171, -6.428210000191239, 0.0 ], [ 106.596510000236449, -6.428199999730069, 0.0 ], [ 106.596220000352872, -6.42821999975304, 0.0 ], [ 106.596009999661902, -6.428270000260152, 0.0 ], [ 106.595699999755368, -6.428339999890866, 0.0 ], [ 106.595429999894762, -6.428410000421039, 0.0 ], [ 106.59524000012604, -6.428480000051842, 0.0 ], [ 106.594919999758332, -6.428489999613642, 0.0 ], [ 106.594839999666448, -6.428489999613642, 0.0 ], [ 106.594199999830295, -6.428480000051842, 0.0 ], [ 106.594110000176514, -6.428370000375097, 0.0 ], [ 106.593979999577428, -6.428210000191239, 0.0 ], [ 106.593860000338879, -6.428130000099266, 0.0 ], [ 106.593319999718403, -6.427749999662549, 0.0 ], [ 106.593149999972653, -6.427510000286176, 0.0 ], [ 106.59310999992671, -6.427339999641148, 0.0 ], [ 106.593029999834826, -6.426869999550657, 0.0 ], [ 106.592909999696914, -6.426679999781939, 0.0 ], [ 106.592739999951249, -6.426400000359624, 0.0 ], [ 106.592699999905221, -6.426169999645595, 0.0 ], [ 106.592699999905221, -6.42564000038556, 0.0 ], [ 106.592750000412337, -6.425389999648559, 0.0 ], [ 106.59282999960503, -6.425059999719043, 0.0 ], [ 106.592739999951249, -6.424909999996355, 0.0 ], [ 106.592659999859279, -6.424729999789527, 0.0 ], [ 106.592659999859279, -6.424580000066751, 0.0 ], [ 106.592699999905221, -6.424499999974866, 0.0 ], [ 106.592840000066104, -6.424450000367035, 0.0 ], [ 106.593089999903739, -6.424430000344064, 0.0 ], [ 106.593379999787317, -6.424479999951895, 0.0 ], [ 106.593609999601966, -6.424510000435948, 0.0 ], [ 106.593640000086111, -6.424439999905953, 0.0 ], [ 106.59362000006314, -6.424330000229208, 0.0 ], [ 106.593510000386402, -6.424100000414548, 0.0 ], [ 106.593319999718403, -6.423679999931888, 0.0 ], [ 106.593319999718403, -6.42349999972506, 0.0 ], [ 106.593379999787317, -6.423329999979313, 0.0 ], [ 106.593439999856315, -6.423329999979313, 0.0 ], [ 106.593519999948199, -6.423390000048315, 0.0 ], [ 106.593959999554457, -6.423909999746549, 0.0 ], [ 106.594030000084629, -6.423900000184659, 0.0 ], [ 106.594079999692383, -6.423840000115746, 0.0 ], [ 106.594110000176514, -6.423690000393059, 0.0 ], [ 106.594099999715439, -6.423439999656146, 0.0 ], [ 106.594059999669412, -6.422839999865939, 0.0 ], [ 106.594067490122725, -6.422816460111349, 0.0 ], [ 106.594130000199485, -6.42261999961308, 0.0 ], [ 106.594360000014149, -6.422380000236707, 0.0 ], [ 106.594349999552975, -6.422289999683564, 0.0 ], [ 106.594299999945235, -6.422050000307102, 0.0 ], [ 106.594529999759899, -6.42201000026116, 0.0 ], [ 106.594870000150493, -6.421910000146216, 0.0 ], [ 106.595520000447806, -6.421830000054243, 0.0 ], [ 106.596720000028142, -6.421740000400558, 0.0 ], [ 106.597060000418907, -6.421660000308673, 0.0 ], [ 106.597310000256456, -6.421600000239671, 0.0 ], [ 106.597749999862799, -6.421540000170669, 0.0 ], [ 106.598070000230521, -6.42156000019364, 0.0 ], [ 106.598199999930245, -6.421589999778501, 0.0 ], [ 106.598420000183012, -6.421609999801472, 0.0 ], [ 106.598640000435864, -6.42156000019364, 0.0 ], [ 106.598750000112616, -6.421440000055814, 0.0 ], [ 106.598790000158559, -6.42135000040204, 0.0 ], [ 106.598802391017742, -6.421312826025929, 0.0 ], [ 106.598839999766383, -6.421199999779983, 0.0 ], [ 106.598449999767865, -6.421050000057296, 0.0 ], [ 106.59826999956104, -6.420949999942351, 0.0 ], [ 106.598139999861331, -6.420820000242635, 0.0 ], [ 106.598141143798898, -6.420809702105892, 0.0 ], [ 106.598150000322406, -6.420729999689581, 0.0 ], [ 106.59826999956104, -6.420609999551665, 0.0 ], [ 106.598819999743327, -6.420049999807489, 0.0 ], [ 106.598950000342413, -6.419799999969857, 0.0 ], [ 106.59895999990421, -6.419670000270141, 0.0 ], [ 106.598879999812326, -6.419490000063313, 0.0 ], [ 106.598859999789354, -6.419429999994311, 0.0 ], [ 106.598739999651443, -6.419289999833424, 0.0 ], [ 106.598520000297952, -6.419149999672626, 0.0 ], [ 106.597709999816772, -6.418850000227163, 0.0 ], [ 106.597399999910238, -6.418810000181221, 0.0 ], [ 106.596960000303966, -6.418739999651137, 0.0 ], [ 106.596720000028142, -6.418589999928361, 0.0 ], [ 106.596539999821317, -6.418400000159732, 0.0 ], [ 106.596419999683391, -6.418170000345071, 0.0 ], [ 106.596269999960711, -6.417890000023299, 0.0 ], [ 106.596200000329901, -6.417740000300611, 0.0 ], [ 106.596089999753872, -6.417470000440009, 0.0 ], [ 106.596076365132362, -6.417366976804342, 0.0 ], [ 106.596000000100105, -6.416789999658548, 0.0 ], [ 106.596000000100105, -6.416690000442973, 0.0 ], [ 106.596049999707844, -6.416539999821005, 0.0 ], [ 106.596149999822785, -6.416379999637147, 0.0 ], [ 106.596220000352872, -6.416109999776456, 0.0 ], [ 106.59618000030693, -6.416049999707543, 0.0 ], [ 106.596089999753872, -6.4160000000998, 0.0 ], [ 106.595960000054077, -6.416029999684572, 0.0 ], [ 106.595870000400396, -6.416089999753485, 0.0 ], [ 106.595770000285441, -6.416160000283657, 0.0 ], [ 106.595229999664951, -6.416499999774974, 0.0 ], [ 106.595010000311476, -6.416499999774974, 0.0 ], [ 106.594720000427898, -6.41641999968309, 0.0 ], [ 106.594551042996386, -6.416317156811182, 0.0 ], [ 106.594489999713957, -6.416280000421484, 0.0 ], [ 106.593290000133536, -6.415520000447508, 0.0 ], [ 106.593219999603463, -6.415489999963366, 0.0 ], [ 106.592960000204016, -6.41536000026365, 0.0 ], [ 106.592659999859279, -6.41513000044899, 0.0 ], [ 106.59253000015957, -6.414959999804051, 0.0 ], [ 106.592490000113528, -6.414899999735049, 0.0 ], [ 106.592490000113528, -6.414870270846187, 0.0 ], [ 106.592490000113528, -6.414830967774812, 0.0 ], [ 106.592490000113528, -6.414799999620104, 0.0 ], [ 106.592619999813337, -6.414609999851475, 0.0 ], [ 106.592710000366395, -6.414460000128788, 0.0 ], [ 106.593040000296, -6.413929999969383, 0.0 ], [ 106.593160000433826, -6.413490000363122, 0.0 ], [ 106.593250000087593, -6.413100000364604, 0.0 ], [ 106.593339999741374, -6.412730000389057, 0.0 ], [ 106.593439999856315, -6.412229999814514, 0.0 ], [ 106.593680000132053, -6.411659999609167, 0.0 ], [ 106.593709999716921, -6.411300000094702, 0.0 ], [ 106.593760000224023, -6.410589999728558, 0.0 ], [ 106.593820000292936, -6.41021000019121, 0.0 ], [ 106.593809999831862, -6.409969999915379, 0.0 ], [ 106.593940000430862, -6.409960000353578, 0.0 ], [ 106.594210000291469, -6.409920000307547, 0.0 ], [ 106.594589999828813, -6.409900000284576, 0.0 ], [ 106.594979999827331, -6.409900000284576, 0.0 ], [ 106.59532000021801, -6.409900000284576, 0.0 ], [ 106.5955399995715, -6.409880000261605, 0.0 ], [ 106.595899999985164, -6.409829999754582, 0.0 ], [ 106.596350000052595, -6.409720000077748, 0.0 ], [ 106.596740000051113, -6.409630000424063, 0.0 ], [ 106.597399999910238, -6.409519999847948, 0.0 ], [ 106.597899999585493, -6.409430000194263, 0.0 ], [ 106.598569999905777, -6.409310000056259, 0.0 ], [ 106.599149999672932, -6.409249999987345, 0.0 ], [ 106.59988999962394, -6.409249999987345, 0.0 ], [ 106.599909049962847, -6.40925168082024, 0.0 ], [ 106.600230000014705, -6.409279999572206, 0.0 ], [ 106.600649999598005, -6.409330000079319, 0.0 ], [ 106.60109000010354, -6.409390000148232, 0.0 ], [ 106.601480000102057, -6.409439999756064, 0.0 ], [ 106.601970000215516, -6.409459999779035, 0.0 ], [ 106.602400000259991, -6.409459999779035, 0.0 ], [ 106.602710000166525, -6.409519999847948, 0.0 ], [ 106.603029747824834, -6.409532066051806, 0.0 ], [ 106.60324000032594, -6.409539999870919, 0.0 ], [ 106.603789999608935, -6.409639999985863, 0.0 ], [ 106.604270000160597, -6.409709999616577, 0.0 ], [ 106.604829999904695, -6.409820000192692, 0.0 ], [ 106.605090898626244, -6.409912577303469, 0.0 ], [ 106.605449999717862, -6.410040000445552, 0.0 ], [ 106.605870000200525, -6.410239999775982, 0.0 ], [ 106.606289999783812, -6.410449999567671, 0.0 ], [ 106.606590000128563, -6.410549999682615, 0.0 ], [ 106.607069999780848, -6.410569999705586, 0.0 ], [ 106.607359999664425, -6.410569999705586, 0.0 ], [ 106.607590000378366, -6.410560000143697, 0.0 ], [ 106.608059999569491, -6.410480000051813, 0.0 ], [ 106.608509999637008, -6.410370000375067, 0.0 ], [ 106.608950000142556, -6.410299999844895, 0.0 ], [ 106.609389999748899, -6.410219999753011, 0.0 ], [ 106.609992113845081, -6.410156138894543, 0.0 ], [ 106.610049999607924, -6.410150000122297, 0.0 ], [ 106.610410000021673, -6.410059999569153, 0.0 ], [ 106.610840000066133, -6.409960000353578, 0.0 ], [ 106.611159261191148, -6.409901360059536, 0.0 ], [ 106.611330000179507, -6.409869999800524, 0.0 ], [ 106.611959999554486, -6.409669999570635, 0.0 ], [ 106.612649999897755, -6.409490000263176, 0.0 ], [ 106.613160000034185, -6.409370000125261, 0.0 ], [ 106.613639999686384, -6.409240000425545, 0.0 ], [ 106.614339999591451, -6.40914999987249, 0.0 ], [ 106.614780000097085, -6.409049999757546, 0.0 ], [ 106.61525999974937, -6.409040000195745, 0.0 ], [ 106.615749999862743, -6.409020000172685, 0.0 ], [ 106.616349999652954, -6.408969999665572, 0.0 ], [ 106.61669999960553, -6.408969999665572, 0.0 ], [ 106.617019999973152, -6.408949999642601, 0.0 ], [ 106.617264835903626, -6.408941839194373, 0.0 ], [ 106.617619999763363, -6.40892999961963, 0.0 ], [ 106.617949999692883, -6.40892999961963, 0.0 ], [ 106.61835000015256, -6.40892999961963, 0.0 ], [ 106.618460997177465, -6.408949923200193, 0.0 ], [ 106.618740000150993, -6.409000000149714, 0.0 ], [ 106.619449999617956, -6.409080000241687, 0.0 ], [ 106.620030000284459, -6.409189999918432, 0.0 ], [ 106.620420000282891, -6.409270000010316, 0.0 ], [ 106.620950000442392, -6.409399999710033, 0.0 ], [ 106.621370000025678, -6.409459999779035, 0.0 ], [ 106.621699999955197, -6.409499999824977, 0.0 ], [ 106.622379999837278, -6.409550000332089, 0.0 ], [ 106.622848731883707, -6.409606571286055, 0.0 ], [ 106.622959999604433, -6.409619999962803, 0.0 ], [ 106.623699999555527, -6.409669999570635, 0.0 ], [ 106.624260000198987, -6.409700000054777, 0.0 ], [ 106.624770000335417, -6.409769999685579, 0.0 ], [ 106.625000000150081, -6.409789999708551, 0.0 ], [ 106.625459999779395, -6.409459999779035, 0.0 ], [ 106.625729999639915, -6.409279999572206, 0.0 ], [ 106.625997495787985, -6.409244595961141, 0.0 ], [ 106.626410000421373, -6.409189999918432, 0.0 ], [ 106.626649425131035, -6.409176219606696, 0.0 ], [ 106.627799999770332, -6.409109999826459, 0.0 ], [ 106.627852897893092, -6.409107247901016, 0.0 ], [ 106.628711739655245, -6.409062567783099, 0.0 ], [ 106.629530000409346, -6.409020000172685, 0.0 ], [ 106.630110000176572, -6.409040000195745, 0.0 ], [ 106.630520000198061, -6.409009999711515, 0.0 ], [ 106.630701406045205, -6.40906266580922, 0.0 ], [ 106.630830000104609, -6.409100000264658, 0.0 ], [ 106.632129999799787, -6.409370000125261, 0.0 ], [ 106.632200000329959, -6.409270000010316, 0.0 ], [ 106.632470000190565, -6.409189999918432, 0.0 ], [ 106.632789999658911, -6.409189999918432, 0.0 ], [ 106.632929999819794, -6.409249999987345, 0.0 ], [ 106.633370000325428, -6.409510000286147, 0.0 ], [ 106.634329999629927, -6.409800000169721, 0.0 ], [ 106.635490179927984, -6.409874610624602, 0.0 ], [ 106.636591847635799, -6.409945457416768, 0.0 ], [ 106.637440000056088, -6.410000000399521, 0.0 ], [ 106.637908482990312, -6.410009338959668, 0.0 ], [ 106.638116131954121, -6.410013479438383, 0.0 ], [ 106.640450000367395, -6.410059999569153, 0.0 ], [ 106.641514693348554, -6.409994367945551, 0.0 ], [ 106.64191000024644, -6.409969999915379, 0.0 ], [ 106.643117753781482, -6.409646797961202, 0.0 ], [ 106.643330000079629, -6.409590000378032, 0.0 ], [ 106.643669999571031, -6.409459999779035, 0.0 ], [ 106.644079999592435, -6.409379999687062, 0.0 ], [ 106.645449999817785, -6.409279999572206, 0.0 ] ] ] ] } },
{ "type": "Feature", "properties": { "PROVNO": "32", "KABKOTNO": "01", "KECNO": "260", "DESANO": "010", "PROVINSI": "JAWA BARAT", "KABKOT": "BOGOR", "KECAMATAN": "RUMPIN", "ID2013": "3201260010", "DESA": "KERTAJAYA", "DESA_1": "KERTAJAYA", "ID2012": "3201260010", "IDKAB2": "3201", "IDKEC_2": "3201260", "WILAYAH": "BARAT" }, "geometry": { "type": "MultiPolygon", "coordinates": [ [ [ [ 106.594310000406409, -6.381540000070842, 0.0 ], [ 106.594319999968207, -6.38166999977047, 0.0 ], [ 106.59454999978287, -6.381809999931356, 0.0 ], [ 106.594859999689419, -6.382250000436986, 0.0 ], [ 106.594930000219492, -6.382369999675532, 0.0 ], [ 106.595099999965242, -6.382609999951363, 0.0 ], [ 106.595289999733865, -6.382870000250165, 0.0 ], [ 106.595280000172068, -6.38342000043254, 0.0 ], [ 106.595300000195039, -6.383530000109285, 0.0 ], [ 106.595480000401864, -6.38363999978603, 0.0 ], [ 106.595699999755368, -6.383739999900886, 0.0 ], [ 106.595766328353534, -6.383831201048942, 0.0 ], [ 106.595779999847338, -6.383849999577631, 0.0 ], [ 106.595839999916251, -6.384080000291661, 0.0 ], [ 106.595839999916251, -6.384230000014348, 0.0 ], [ 106.59573999980131, -6.384399999760006, 0.0 ], [ 106.5955399995715, -6.384530000359092, 0.0 ], [ 106.595520286432205, -6.384540752653436, 0.0 ], [ 106.595429999894762, -6.384590000428005, 0.0 ], [ 106.595509999986731, -6.385039999596156, 0.0 ], [ 106.595530000009703, -6.385250000287126, 0.0 ], [ 106.595480000401864, -6.385460000078815, 0.0 ], [ 106.595369999825749, -6.385609999801503, 0.0 ], [ 106.595269999710894, -6.385720000377528, 0.0 ], [ 106.595719999778339, -6.385689999893387, 0.0 ], [ 106.595938687920324, -6.385717833011419, 0.0 ], [ 106.596269999960711, -6.385760000423559, 0.0 ], [ 106.597009999911705, -6.385799999570132, 0.0 ], [ 106.597130000049631, -6.385799999570132, 0.0 ], [ 106.597250000187543, -6.385810000031302, 0.0 ], [ 106.597339999841225, -6.386139999960818, 0.0 ], [ 106.597379999887266, -6.386229999614592, 0.0 ], [ 106.597529999609947, -6.386269999660623, 0.0 ], [ 106.597620000163005, -6.386249999637563, 0.0 ], [ 106.597820000392886, -6.385729999939329, 0.0 ], [ 106.597870000000725, -6.385689999893387, 0.0 ], [ 106.598190000368348, -6.385700000354557, 0.0 ], [ 106.598360000114099, -6.385799999570132, 0.0 ], [ 106.598999999950152, -6.38556000019376, 0.0 ], [ 106.599089999603933, -6.385600000239702, 0.0 ], [ 106.599229999764901, -6.385720000377528, 0.0 ], [ 106.599360000363902, -6.385760000423559, 0.0 ], [ 106.5994200004329, -6.385810000031302, 0.0 ], [ 106.599499999625422, -6.386070000330104, 0.0 ], [ 106.59953999967145, -6.386249999637563, 0.0 ], [ 106.599599999740363, -6.386340000190707, 0.0 ], [ 106.599710000316477, -6.386380000236649, 0.0 ], [ 106.599650000247479, -6.386779999796968, 0.0 ], [ 106.599659999809276, -6.386960000003885, 0.0 ], [ 106.599759999924217, -6.387120000187654, 0.0 ], [ 106.599880000062143, -6.387240000325658, 0.0 ], [ 106.599949999692939, -6.387309999956372, 0.0 ], [ 106.600080000291939, -6.387350000002314, 0.0 ], [ 106.600470000290457, -6.3872800003716, 0.0 ], [ 106.600660000059079, -6.387260000348629, 0.0 ], [ 106.60082999980483, -6.387289999933401, 0.0 ], [ 106.601019999573552, -6.387410000071228, 0.0 ], [ 106.60109000010354, -6.387659999908948, 0.0 ], [ 106.601199999780377, -6.387730000439031, 0.0 ], [ 106.601250000287493, -6.387780000046774, 0.0 ], [ 106.601219999803348, -6.387909999746491, 0.0 ], [ 106.601199999780377, -6.388069999930437, 0.0 ], [ 106.601299999895232, -6.38833000022915, 0.0 ], [ 106.601409999571985, -6.388510000435978, 0.0 ], [ 106.601560000194041, -6.388589999628582, 0.0 ], [ 106.601910000146603, -6.388589999628582, 0.0 ], [ 106.602059999869297, -6.388600000089752, 0.0 ], [ 106.602269999660905, -6.388609999651553, 0.0 ], [ 106.60248000035196, -6.388660000158755, 0.0 ], [ 106.602619999613466, -6.38876000027361, 0.0 ], [ 106.602830000304436, -6.389039999696102, 0.0 ], [ 106.602980000027131, -6.38942999969462, 0.0 ], [ 106.603036218446917, -6.389584597650924, 0.0 ], [ 106.603060000119015, -6.389649999947391, 0.0 ], [ 106.603220000302969, -6.38983999971602, 0.0 ], [ 106.603320000417824, -6.389710000016393, 0.0 ], [ 106.603459999679416, -6.389649999947391, 0.0 ], [ 106.603670000370386, -6.389589999878389, 0.0 ], [ 106.604049999907744, -6.389580000316588, 0.0 ], [ 106.604190000068627, -6.389569999855418, 0.0 ], [ 106.604299999745365, -6.389569999855418, 0.0 ], [ 106.605030000134576, -6.389369999625618, 0.0 ], [ 106.605500000224978, -6.38940000010976, 0.0 ], [ 106.606570000105592, -6.389540000270646, 0.0 ], [ 106.607140000310935, -6.389569999855418, 0.0 ], [ 106.607800000170059, -6.389859999738992, 0.0 ], [ 106.608179999707403, -6.390030000384019, 0.0 ], [ 106.608859999589498, -6.390140000060764, 0.0 ], [ 106.608990000188584, -6.390160000083736, 0.0 ], [ 106.609300000095118, -6.390200000129767, 0.0 ], [ 106.609460000278986, -6.390189999668596, 0.0 ], [ 106.609779999747417, -6.390200000129767, 0.0 ], [ 106.609821539432716, -6.390200691708383, 0.0 ], [ 106.610380000436905, -6.390209999691567, 0.0 ], [ 106.610610000251484, -6.390220000152738, 0.0 ], [ 106.611410000271491, -6.390229999714538, 0.0 ], [ 106.611860000338908, -6.390240000175709, 0.0 ], [ 106.611960624583318, -6.390232545695298, 0.0 ], [ 106.612130000199514, -6.390220000152738, 0.0 ], [ 106.612059999669441, -6.390109999576712, 0.0 ], [ 106.611920000407821, -6.38983000015422, 0.0 ], [ 106.611880000361879, -6.389609999901449, 0.0 ], [ 106.611849999877833, -6.389270000410043, 0.0 ], [ 106.611849999877833, -6.389019999673131, 0.0 ], [ 106.611829999854777, -6.388809999881442, 0.0 ], [ 106.61190000038485, -6.388800000319552, 0.0 ], [ 106.612019999623399, -6.388669999720555, 0.0 ], [ 106.612290000383382, -6.388399999859953, 0.0 ], [ 106.612460000129118, -6.388190000068263, 0.0 ], [ 106.612739999551522, -6.387880000161719, 0.0 ], [ 106.612919999758361, -6.387820000092717, 0.0 ], [ 106.613059999919244, -6.387789999608664, 0.0 ], [ 106.613460000378922, -6.387020000072798, 0.0 ], [ 106.613590000078645, -6.386759999773997, 0.0 ], [ 106.613619999663413, -6.386599999590139, 0.0 ], [ 106.613530000009732, -6.386280000121793, 0.0 ], [ 106.61352382526448, -6.386230603059708, 0.0 ], [ 106.613509999986675, -6.386119999937847, 0.0 ], [ 106.613539999571529, -6.385930000169218, 0.0 ], [ 106.613670000170529, -6.385680000331586, 0.0 ], [ 106.61375999982431, -6.3855499997325, 0.0 ], [ 106.613830000354383, -6.3855499997325, 0.0 ], [ 106.613920000008164, -6.385720000377528, 0.0 ], [ 106.613949999593018, -6.385890000123275, 0.0 ], [ 106.613920000008164, -6.386090000353075, 0.0 ], [ 106.613830000354383, -6.386280000121793, 0.0 ], [ 106.613870000400325, -6.386739999751025, 0.0 ], [ 106.613859999939251, -6.387100000164683, 0.0 ], [ 106.613850000377354, -6.387379999587175, 0.0 ], [ 106.613890000423297, -6.387550000232203, 0.0 ], [ 106.613940000031135, -6.387619999862917, 0.0 ], [ 106.614000000100049, -6.387710000415971, 0.0 ], [ 106.614080000192018, -6.387690000393, 0.0 ], [ 106.61431999956848, -6.387789999608664, 0.0 ], [ 106.615190000118574, -6.388230000114294, 0.0 ], [ 106.61554000007115, -6.388459999928866, 0.0 ], [ 106.615629999724916, -6.388510000435978, 0.0 ], [ 106.61578999990877, -6.388580000066781, 0.0 ], [ 106.616099999815319, -6.388609999651553, 0.0 ], [ 106.616309999607012, -6.388580000066781, 0.0 ], [ 106.616879999812355, -6.388310000206179, 0.0 ], [ 106.61740999997167, -6.388459999928866, 0.0 ], [ 106.617419372706081, -6.388464801409235, 0.0 ], [ 106.617638303664961, -6.388576936076564, 0.0 ], [ 106.617819999993159, -6.388669999720555, 0.0 ], [ 106.617869999600998, -6.388880000411525, 0.0 ], [ 106.618040000245941, -6.389219999902931, 0.0 ], [ 106.618100000314939, -6.389360000063817, 0.0 ], [ 106.618160000383938, -6.389500000224615, 0.0 ], [ 106.618219999553475, -6.389770000085306, 0.0 ], [ 106.618230000014648, -6.389999999899967, 0.0 ], [ 106.618299999645458, -6.390160000083736, 0.0 ], [ 106.618450000267515, -6.390320000267682, 0.0 ], [ 106.618570000405427, -6.390400000359566, 0.0 ], [ 106.618720000128022, -6.390380000336595, 0.0 ], [ 106.618909999896744, -6.390340000290653, 0.0 ], [ 106.619079999642494, -6.390499999575141, 0.0 ], [ 106.619290000333464, -6.39067999978197, 0.0 ], [ 106.61952999970984, -6.390850000426997, 0.0 ], [ 106.619799999570517, -6.391040000195716, 0.0 ], [ 106.620019999823299, -6.39112999984949, 0.0 ], [ 106.620229999614992, -6.391290000033347, 0.0 ], [ 106.620489999913701, -6.391499999824948, 0.0 ], [ 106.620779999797364, -6.391650000447004, 0.0 ], [ 106.621020000073102, -6.391860000238605, 0.0 ], [ 106.621220000302998, -6.39198999993841, 0.0 ], [ 106.621499999725387, -6.392230000214152, 0.0 ], [ 106.621749999563022, -6.392460000028812, 0.0 ], [ 106.62192000020805, -6.39262000021267, 0.0 ], [ 106.622080000391819, -6.39285000002733, 0.0 ], [ 106.622150000022629, -6.393010000211188, 0.0 ], [ 106.622190000068571, -6.393229999564678, 0.0 ], [ 106.622190000068571, -6.393409999771507, 0.0 ], [ 106.6221700000456, -6.393639999586167, 0.0 ], [ 106.622020000322905, -6.393870000300108, 0.0 ], [ 106.62190606071627, -6.394011067056962, 0.0 ], [ 106.621809999631935, -6.39412999969954, 0.0 ], [ 106.621610000301501, -6.394260000298626, 0.0 ], [ 106.62126000034894, -6.394320000367539, 0.0 ], [ 106.620969999565986, -6.394450000067344, 0.0 ], [ 106.620570000005671, -6.394650000297144, 0.0 ], [ 106.620110000376343, -6.394860000088745, 0.0 ], [ 106.619620000262984, -6.395140000410517, 0.0 ], [ 106.619290000333464, -6.395370000225178, 0.0 ], [ 106.61896000040386, -6.395620000062809, 0.0 ], [ 106.618660000059108, -6.395820000292609, 0.0 ], [ 106.618450000267515, -6.395889999923412, 0.0 ], [ 106.618129999899708, -6.395990000038267, 0.0 ], [ 106.617900000085143, -6.396079999692041, 0.0 ], [ 106.617639999786334, -6.396079999692041, 0.0 ], [ 106.61758280200489, -6.396070137726486, 0.0 ], [ 106.617349999902757, -6.396030000084298, 0.0 ], [ 106.616930000319471, -6.395889999923412, 0.0 ], [ 106.616670000020662, -6.395769999785497, 0.0 ], [ 106.616309999607012, -6.395519999947865, 0.0 ], [ 106.616019999723349, -6.395370000225178, 0.0 ], [ 106.615700000255003, -6.395160000433489, 0.0 ], [ 106.615379999887196, -6.394889999673605, 0.0 ], [ 106.615090000003619, -6.394679999881916, 0.0 ], [ 106.614880000212025, -6.394559999744089, 0.0 ], [ 106.614619999913231, -6.394459999629145, 0.0 ], [ 106.614229999914798, -6.394510000136258, 0.0 ], [ 106.614059904840943, -6.394540373839011, 0.0 ], [ 106.613949999593018, -6.394559999744089, 0.0 ], [ 106.613349999802807, -6.394719999927858, 0.0 ], [ 106.612910000196464, -6.394880000111716, 0.0 ], [ 106.612449999667945, -6.395080000341604, 0.0 ], [ 106.611840000315937, -6.395330000179236, 0.0 ], [ 106.611239999626463, -6.39562999962461, 0.0 ], [ 106.610820000043162, -6.395880000361522, 0.0 ], [ 106.610289999883761, -6.396250000337069, 0.0 ], [ 106.609870000300475, -6.396640000335587, 0.0 ], [ 106.60969000009365, -6.39689999973502, 0.0 ], [ 106.60965999960942, -6.397200000079764, 0.0 ], [ 106.609710000116621, -6.397480000401536, 0.0 ], [ 106.609890000323446, -6.397750000262139, 0.0 ], [ 106.610189999768906, -6.397920000007886, 0.0 ], [ 106.610559999744368, -6.398120000237686, 0.0 ], [ 106.610956588176151, -6.398326916254007, 0.0 ], [ 106.611020000272958, -6.398359999614147, 0.0 ], [ 106.611160880870102, -6.398440504225746, 0.0 ], [ 106.611439999856259, -6.398599999889978, 0.0 ], [ 106.611849999877833, -6.398760000073747, 0.0 ], [ 106.61225000033744, -6.398940000280575, 0.0 ], [ 106.612380000037149, -6.399060000418491, 0.0 ], [ 106.6125499997829, -6.399390000348095, 0.0 ], [ 106.612609999851813, -6.399660000208698, 0.0 ], [ 106.612669999920726, -6.400039999746046, 0.0 ], [ 106.612669999920726, -6.400380000136732, 0.0 ], [ 106.612649999897755, -6.400710000066248, 0.0 ], [ 106.612580000266945, -6.401069999580713, 0.0 ], [ 106.612469999690916, -6.401439999556171, 0.0 ], [ 106.61228977105624, -6.401841420045375, 0.0 ], [ 106.61225000033744, -6.401929999669544, 0.0 ], [ 106.61203999964637, -6.402230000014377, 0.0 ], [ 106.611580000017142, -6.402869999850438, 0.0 ], [ 106.611259999649434, -6.403250000287155, 0.0 ], [ 106.611153644025649, -6.403414681442268, 0.0 ], [ 106.610949999742886, -6.403729999939358, 0.0 ], [ 106.610610000251484, -6.404090000353015, 0.0 ], [ 106.610280000321964, -6.404440000305591, 0.0 ], [ 106.61015780403963, -6.404551570198649, 0.0 ], [ 106.610049999607924, -6.404650000097281, 0.0 ], [ 106.609580000416898, -6.404969999565626, 0.0 ], [ 106.60926000004909, -6.405129999749573, 0.0 ], [ 106.608930000119585, -6.405240000325598, 0.0 ], [ 106.608500000075111, -6.405359999564144, 0.0 ], [ 106.608079999592462, -6.405320000417571, 0.0 ], [ 106.607800000170059, -6.40528999993343, 0.0 ], [ 106.607590000378366, -6.40528999993343, 0.0 ], [ 106.607459999779365, -6.405309999956401, 0.0 ], [ 106.607359999664425, -6.40547000014017, 0.0 ], [ 106.607249999987687, -6.405749999562662, 0.0 ], [ 106.607220000402904, -6.405929999769491, 0.0 ], [ 106.607200000379848, -6.40615000002235, 0.0 ], [ 106.607240000425875, -6.406419999882953, 0.0 ], [ 106.607240000425875, -6.406740000250668, 0.0 ], [ 106.607260000448846, -6.4069999996501, 0.0 ], [ 106.607279999572455, -6.407389999648618, 0.0 ], [ 106.607299999595426, -6.407620000362559, 0.0 ], [ 106.607299999595426, -6.408129999599623, 0.0 ], [ 106.607319999618483, -6.408619999712997, 0.0 ], [ 106.607319999618483, -6.409100000264658, 0.0 ], [ 106.607339999641454, -6.409519999847948, 0.0 ], [ 106.607359999664425, -6.409960000353578, 0.0 ], [ 106.607359999664425, -6.410310000306065, 0.0 ], [ 106.607359999664425, -6.410569999705586, 0.0 ], [ 106.607069999780848, -6.410569999705586, 0.0 ], [ 106.606590000128563, -6.410549999682615, 0.0 ], [ 106.606289999783812, -6.410449999567671, 0.0 ], [ 106.605870000200525, -6.410239999775982, 0.0 ], [ 106.605449999717862, -6.410040000445552, 0.0 ], [ 106.605090898626244, -6.409912577303469, 0.0 ], [ 106.604829999904695, -6.409820000192692, 0.0 ], [ 106.604270000160597, -6.409709999616577, 0.0 ], [ 106.603789999608935, -6.409639999985863, 0.0 ], [ 106.60324000032594, -6.409539999870919, 0.0 ], [ 106.603029747824834, -6.409532066051806, 0.0 ], [ 106.602710000166525, -6.409519999847948, 0.0 ], [ 106.602400000259991, -6.409459999779035, 0.0 ], [ 106.601970000215516, -6.409459999779035, 0.0 ], [ 106.601480000102057, -6.409439999756064, 0.0 ], [ 106.60109000010354, -6.409390000148232, 0.0 ], [ 106.600649999598005, -6.409330000079319, 0.0 ], [ 106.600230000014705, -6.409279999572206, 0.0 ], [ 106.599909049962847, -6.40925168082024, 0.0 ], [ 106.59988999962394, -6.409249999987345, 0.0 ], [ 106.599149999672932, -6.409249999987345, 0.0 ], [ 106.598569999905777, -6.409310000056259, 0.0 ], [ 106.597899999585493, -6.409430000194263, 0.0 ], [ 106.597399999910238, -6.409519999847948, 0.0 ], [ 106.596740000051113, -6.409630000424063, 0.0 ], [ 106.596350000052595, -6.409720000077748, 0.0 ], [ 106.595899999985164, -6.409829999754582, 0.0 ], [ 106.5955399995715, -6.409880000261605, 0.0 ], [ 106.59532000021801, -6.409900000284576, 0.0 ], [ 106.594979999827331, -6.409900000284576, 0.0 ], [ 106.594589999828813, -6.409900000284576, 0.0 ], [ 106.594210000291469, -6.409920000307547, 0.0 ], [ 106.593940000430862, -6.409960000353578, 0.0 ], [ 106.593809999831862, -6.409969999915379, 0.0 ], [ 106.593800000269965, -6.409709999616577, 0.0 ], [ 106.593709999716921, -6.40914999987249, 0.0 ], [ 106.593638089926088, -6.408795586047269, 0.0 ], [ 106.593569999556024, -6.408460000428509, 0.0 ], [ 106.593609999601966, -6.408200000129707, 0.0 ], [ 106.593920000407891, -6.407259999948902, 0.0 ], [ 106.59388000036185, -6.407190000318099, 0.0 ], [ 106.59370000015511, -6.407039999696043, 0.0 ], [ 106.593490000363346, -6.406950000042269, 0.0 ], [ 106.593410000271462, -6.406950000042269, 0.0 ], [ 106.593160000433826, -6.406919999558127, 0.0 ], [ 106.592889999673943, -6.406939999581098, 0.0 ], [ 106.592659999859279, -6.407039999696043, 0.0 ], [ 106.592309999906703, -6.407230000364041, 0.0 ], [ 106.592169999745906, -6.407279999971873, 0.0 ], [ 106.592040000046183, -6.407239999925842, 0.0 ], [ 106.59203115071719, -6.407231150596928, 0.0 ], [ 106.591970000415387, -6.407170000295128, 0.0 ], [ 106.591919999908271, -6.407119999788016, 0.0 ], [ 106.591799999770359, -6.406909999996326, 0.0 ], [ 106.591770000185505, -6.406749999812469, 0.0 ], [ 106.591810000231447, -6.406649999697525, 0.0 ], [ 106.591910000346388, -6.40658000006681, 0.0 ], [ 106.592040000046183, -6.406600000089782, 0.0 ], [ 106.592360000413905, -6.406709999766527, 0.0 ], [ 106.592490000113528, -6.406660000158695, 0.0 ], [ 106.592550000182541, -6.406549999582669, 0.0 ], [ 106.59257999976731, -6.406359999813951, 0.0 ], [ 106.592639999836308, -6.405980000276692, 0.0 ], [ 106.592750000412337, -6.405450000117199, 0.0 ], [ 106.592860000089075, -6.4053000003946, 0.0 ], [ 106.593140000410855, -6.405109999726601, 0.0 ], [ 106.593439999856315, -6.404950000442025, 0.0 ], [ 106.593660000109082, -6.404910000396082, 0.0 ], [ 106.593802081301234, -6.404892825143573, 0.0 ], [ 106.594569999805842, -6.404799999819968, 0.0 ], [ 106.596029999684873, -6.404329999729566, 0.0 ], [ 106.596800000120112, -6.403950000192218, 0.0 ], [ 106.597450000417339, -6.403529999709558, 0.0 ], [ 106.597549999633003, -6.403409999571643, 0.0 ], [ 106.597569999655974, -6.403279999871927, 0.0 ], [ 106.597509999586975, -6.402989999988353, 0.0 ], [ 106.597359999864295, -6.402789999758554, 0.0 ], [ 106.597159999634485, -6.402620000012806, 0.0 ], [ 106.597090000003689, -6.402640000035866, 0.0 ], [ 106.596929999819821, -6.402809999781525, 0.0 ], [ 106.596749999612911, -6.40292999991944, 0.0 ], [ 106.596630000374361, -6.40294000038061, 0.0 ], [ 106.596539999821317, -6.402880000311608, 0.0 ], [ 106.596450000167536, -6.402749999712611, 0.0 ], [ 106.596390000098623, -6.402550000382092, 0.0 ], [ 106.596419999683391, -6.402290000083291, 0.0 ], [ 106.596490000213478, -6.402109999876373, 0.0 ], [ 106.596630000374361, -6.401980000176746, 0.0 ], [ 106.596749999612911, -6.401880000061801, 0.0 ], [ 106.596880000211996, -6.401880000061801, 0.0 ], [ 106.597580000117063, -6.401949999692604, 0.0 ], [ 106.597729999839743, -6.40186000003883, 0.0 ], [ 106.598150000322406, -6.401470000040312, 0.0 ], [ 106.598580000366866, -6.401049999557742, 0.0 ], [ 106.598569999905777, -6.400950000342078, 0.0 ], [ 106.598500000274981, -6.400890000273165, 0.0 ], [ 106.598369999675896, -6.400850000227223, 0.0 ], [ 106.598150000322406, -6.400850000227223, 0.0 ], [ 106.597919999608465, -6.400850000227223, 0.0 ], [ 106.597709999816772, -6.400839999765964, 0.0 ], [ 106.597560000094091, -6.400830000204163, 0.0 ], [ 106.597450000417339, -6.400739999651108, 0.0 ], [ 106.597386727715502, -6.400624959274328, 0.0 ], [ 106.597339999841225, -6.400540000320589, 0.0 ], [ 106.597069999980718, -6.400050000207127, 0.0 ], [ 106.596989999888734, -6.400019999723074, 0.0 ], [ 106.596789999658938, -6.400039999746046, 0.0 ], [ 106.596690000443374, -6.4001300002991, 0.0 ], [ 106.59659999989023, -6.400280000021876, 0.0 ], [ 106.596379999637449, -6.400679999582195, 0.0 ], [ 106.596269999960711, -6.400699999605166, 0.0 ], [ 106.596200000329901, -6.400739999651108, 0.0 ], [ 106.596069999730901, -6.400699999605166, 0.0 ], [ 106.595920000008135, -6.400609999951392, 0.0 ], [ 106.595670000170585, -6.400360000113761, 0.0 ], [ 106.595599999640413, -6.400199999929903, 0.0 ], [ 106.595590000078616, -6.399979999677132, 0.0 ], [ 106.595570000055645, -6.399680000231669, 0.0 ], [ 106.595460000378893, -6.399540000070782, 0.0 ], [ 106.595300000195039, -6.399410000371066, 0.0 ], [ 106.595289999733865, -6.399350000302064, 0.0 ], [ 106.595200000080098, -6.399020000372548, 0.0 ], [ 106.594979999827331, -6.398720000027804, 0.0 ], [ 106.594739999551493, -6.398539999820976, 0.0 ], [ 106.594299999945235, -6.398269999960373, 0.0 ], [ 106.594199999830295, -6.398100000214715, 0.0 ], [ 106.594052885132712, -6.397825650333324, 0.0 ], [ 106.593829999854833, -6.397409999871453, 0.0 ], [ 106.593430000294433, -6.396890000173219, 0.0 ], [ 106.593299999695347, -6.39691000019619, 0.0 ], [ 106.593137242190181, -6.396934659606703, 0.0 ], [ 106.592969999765828, -6.396959999804022, 0.0 ], [ 106.592650000297482, -6.396930000219161, 0.0 ], [ 106.592220000253022, -6.396810000081334, 0.0 ], [ 106.591899999885214, -6.39668999994333, 0.0 ], [ 106.591589999978666, -6.396500000174701, 0.0 ], [ 106.590939999681439, -6.396330000429042, 0.0 ], [ 106.590669999820832, -6.396159999784015, 0.0 ], [ 106.590410000421315, -6.395909999946383, 0.0 ], [ 106.590359999914284, -6.395860000338551, 0.0 ], [ 106.590099999615489, -6.395660000108752, 0.0 ], [ 106.590079999592518, -6.395569999555697, 0.0 ], [ 106.590139999661432, -6.395439999855981, 0.0 ], [ 106.590440000006168, -6.395040000295662, 0.0 ], [ 106.590600000190037, -6.39477999999686, 0.0 ], [ 106.590580000167066, -6.394610000251113, 0.0 ], [ 106.590589999728863, -6.394380000436541, 0.0 ], [ 106.590669999820832, -6.394320000367539, 0.0 ], [ 106.590830000004601, -6.394289999883398, 0.0 ], [ 106.591349999702928, -6.394240000275655, 0.0 ], [ 106.591380000187073, -6.394169999745571, 0.0 ], [ 106.591329999679957, -6.394080000091797, 0.0 ], [ 106.590970000165584, -6.393560000393563, 0.0 ], [ 106.590720000327948, -6.393340000140704, 0.0 ], [ 106.590640000236064, -6.393340000140704, 0.0 ], [ 106.590430000444286, -6.393440000255648, 0.0 ], [ 106.590219999753316, -6.393619999563196, 0.0 ], [ 106.590099999615489, -6.393799999770025, 0.0 ], [ 106.589920000307941, -6.393970000415052, 0.0 ], [ 106.589861112700348, -6.393953174998881, 0.0 ], [ 106.589849999777854, -6.393950000392081, 0.0 ], [ 106.58980000017003, -6.393850000277137, 0.0 ], [ 106.589829999754798, -6.393719999678051, 0.0 ], [ 106.589920000307941, -6.393380000186735, 0.0 ], [ 106.58990000028497, -6.393170000395045, 0.0 ], [ 106.589840000215972, -6.39305999981902, 0.0 ], [ 106.589689999594, -6.393030000234159, 0.0 ], [ 106.589439999756365, -6.392999999750018, 0.0 ], [ 106.589319999618453, -6.392979999727046, 0.0 ], [ 106.589169999895773, -6.392809999981388, 0.0 ], [ 106.589080000241992, -6.392649999797442, 0.0 ], [ 106.589069685917394, -6.392598429074106, 0.0 ], [ 106.58904000019605, -6.392449999567642, 0.0 ], [ 106.589069999780818, -6.392279999821984, 0.0 ], [ 106.589100000264963, -6.392179999707039, 0.0 ], [ 106.589140000310906, -6.392070000030383, 0.0 ], [ 106.589860000239028, -6.391419999733063, 0.0 ], [ 106.589809999731827, -6.39133999964109, 0.0 ], [ 106.58961999996319, -6.391149999872461, 0.0 ], [ 106.589459999779336, -6.390969999665543, 0.0 ], [ 106.58947000024051, -6.390790000358084, 0.0 ], [ 106.589479999802307, -6.390229999714538, 0.0 ], [ 106.589399999710423, -6.38983000015422, 0.0 ], [ 106.589319999618453, -6.389739999601165, 0.0 ], [ 106.589140000310906, -6.389689999993333, 0.0 ], [ 106.588929999619936, -6.389620000362619, 0.0 ], [ 106.588900000035167, -6.389540000270646, 0.0 ], [ 106.588949999642907, -6.389159999833929, 0.0 ], [ 106.588980000127137, -6.389019999673131, 0.0 ], [ 106.589080000241992, -6.388620000112812, 0.0 ], [ 106.589229999964687, -6.388399999859953, 0.0 ], [ 106.589430000194483, -6.388199999630064, 0.0 ], [ 106.589789999708856, -6.387760000023803, 0.0 ], [ 106.589740000101116, -6.387530000209143, 0.0 ], [ 106.589769999685885, -6.387419999633117, 0.0 ], [ 106.589869999800825, -6.387350000002314, 0.0 ], [ 106.590059999569547, -6.387329999979343, 0.0 ], [ 106.590500000075082, -6.387309999956372, 0.0 ], [ 106.590560000144094, -6.387200000279627, 0.0 ], [ 106.59062705269649, -6.386989261245315, 0.0 ], [ 106.590629999774805, -6.386980000026856, 0.0 ], [ 106.590700000304977, -6.386759999773997, 0.0 ], [ 106.590789999958659, -6.386520000397535, 0.0 ], [ 106.59087999961244, -6.386429999844481, 0.0 ], [ 106.590939999681439, -6.386369999775567, 0.0 ], [ 106.591119999888264, -6.386309999706565, 0.0 ], [ 106.59132000011806, -6.386309999706565, 0.0 ], [ 106.591619999563449, -6.386289999683594, 0.0 ], [ 106.591679999632447, -6.386240000075762, 0.0 ], [ 106.591610000001637, -6.386119999937847, 0.0 ], [ 106.591489999863725, -6.385850000077244, 0.0 ], [ 106.591400000210044, -6.385469999640616, 0.0 ], [ 106.591429999794812, -6.385250000287126, 0.0 ], [ 106.591500000324899, -6.384769999735553, 0.0 ], [ 106.59152000034787, -6.38470000010475, 0.0 ], [ 106.59138999974887, -6.384579999966924, 0.0 ], [ 106.591280000072118, -6.384519999897922, 0.0 ], [ 106.591110000326381, -6.384530000359092, 0.0 ], [ 106.59052999965995, -6.384519999897922, 0.0 ], [ 106.590480000052111, -6.384450000267119, 0.0 ], [ 106.590449999568065, -6.384299999645151, 0.0 ], [ 106.590469999591036, -6.384049999807431, 0.0 ], [ 106.590580000167066, -6.383750000362056, 0.0 ], [ 106.590749999912717, -6.383619999763059, 0.0 ], [ 106.590930000119556, -6.383570000155228, 0.0 ], [ 106.591190000418351, -6.383579999717028, 0.0 ], [ 106.591639999586505, -6.383710000316114, 0.0 ], [ 106.592080000092125, -6.383880000061772, 0.0 ], [ 106.592889999673943, -6.384239999576149, 0.0 ], [ 106.593160000433826, -6.384219999553178, 0.0 ], [ 106.593299999695347, -6.384149999922375, 0.0 ], [ 106.593359999764346, -6.384049999807431, 0.0 ], [ 106.593339999741374, -6.383929999669604, 0.0 ], [ 106.593199999580492, -6.383650000247112, 0.0 ], [ 106.592969999765828, -6.383229999764541, 0.0 ], [ 106.592940000181045, -6.383169999695539, 0.0 ], [ 106.592650000297482, -6.382569999905421, 0.0 ], [ 106.592450000067586, -6.382589999928392, 0.0 ], [ 106.591970000415387, -6.382659999559195, 0.0 ], [ 106.591699999655418, -6.382629999974334, 0.0 ], [ 106.591610000001637, -6.382560000343531, 0.0 ], [ 106.591549999932724, -6.382420000182734, 0.0 ], [ 106.591509999886696, -6.382179999906903, 0.0 ], [ 106.591435762650519, -6.38175579059709, 0.0 ], [ 106.591369999725899, -6.381379999886896, 0.0 ], [ 106.591440000255986, -6.381259999749069, 0.0 ], [ 106.591630000024708, -6.381099999565123, 0.0 ], [ 106.591839999816301, -6.380969999865407, 0.0 ], [ 106.592120000138067, -6.380869999750551, 0.0 ], [ 106.592430000044615, -6.380800000119748, 0.0 ], [ 106.592559999744338, -6.380829999704609, 0.0 ], [ 106.592650000297482, -6.380920000257575, 0.0 ], [ 106.592659999859279, -6.381000000349548, 0.0 ], [ 106.592550000182541, -6.381199999680067, 0.0 ], [ 106.592369999975702, -6.381569999655614, 0.0 ], [ 106.592309999906703, -6.3819100000463, 0.0 ], [ 106.592349999952731, -6.382050000207187, 0.0 ], [ 106.592430000044615, -6.382110000276189, 0.0 ], [ 106.592599999790281, -6.382139999860961, 0.0 ], [ 106.593190000018595, -6.382250000436986, 0.0 ], [ 106.593439999856315, -6.382280000021847, 0.0 ], [ 106.593519999948199, -6.382219999952934, 0.0 ], [ 106.59362000006314, -6.382010000161245, 0.0 ], [ 106.593740000201052, -6.381700000254611, 0.0 ], [ 106.593920000407891, -6.381640000185698, 0.0 ], [ 106.594310000406409, -6.381540000070842, 0.0 ] ] ] ] } },
{ "type": "Feature", "properties": { "PROVNO": "32", "KABKOTNO": "01", "KECNO": "260", "DESANO": "011", "PROVINSI": "JAWA BARAT", "KABKOT": "BOGOR", "KECAMATAN": "RUMPIN", "ID2013": "3201260011", "DESA": "TAMAN SARI", "DESA_1": "TAMAN SARI", "ID2012": "3201260011", "IDKAB2": "3201", "IDKEC_2": "3201260", "WILAYAH": "BARAT" }, "geometry": { "type": "MultiPolygon", "coordinates": [ [ [ [ 106.645220000003206, -6.385059999619127, 0.0 ], [ 106.645139999911237, -6.385139999711011, 0.0 ], [ 106.64485000002766, -6.385469999640616, 0.0 ], [ 106.644589999728865, -6.385890000123275, 0.0 ], [ 106.644259999799345, -6.386679999682112, 0.0 ], [ 106.643789999708858, -6.387450000117258, 0.0 ], [ 106.64306999978082, -6.388250000137266, 0.0 ], [ 106.642521868389707, -6.38875826817932, 0.0 ], [ 106.642519999598449, -6.38876000027361, 0.0 ], [ 106.642149999622987, -6.3891799998569, 0.0 ], [ 106.641930000269497, -6.38962999992442, 0.0 ], [ 106.641810000131585, -6.390039999945909, 0.0 ], [ 106.641810000131585, -6.390579999667025, 0.0 ], [ 106.641970000315439, -6.391590000378091, 0.0 ], [ 106.642017094213728, -6.391704369860598, 0.0 ], [ 106.642185978800043, -6.392114521867533, 0.0 ], [ 106.642320000268015, -6.392440000005841, 0.0 ], [ 106.64306999978082, -6.393830000254166, 0.0 ], [ 106.643110709391877, -6.39390744627141, 0.0 ], [ 106.643889999823799, -6.395390000248149, 0.0 ], [ 106.644350000352404, -6.395880000361522, 0.0 ], [ 106.644739581266862, -6.396364812286084, 0.0 ], [ 106.64480000041992, -6.396440000105788, 0.0 ], [ 106.6448701439422, -6.396542769233218, 0.0 ], [ 106.645229999565004, -6.397070000380047, 0.0 ], [ 106.645420219667614, -6.39762387574109, 0.0 ], [ 106.645569999955697, -6.398060000168684, 0.0 ], [ 106.645690000093609, -6.398769999635547, 0.0 ], [ 106.64577999974739, -6.399299999795041, 0.0 ], [ 106.645870000300448, -6.399620000162756, 0.0 ], [ 106.646049999607982, -6.399829999954356, 0.0 ], [ 106.646340000390836, -6.400050000207127, 0.0 ], [ 106.64678999955899, -6.400269999560706, 0.0 ], [ 106.647179999557508, -6.400640000435445, 0.0 ], [ 106.647519999948202, -6.401120000087737, 0.0 ], [ 106.647849999877806, -6.401739999900915, 0.0 ], [ 106.648090000153545, -6.402370000175175, 0.0 ], [ 106.6483325482087, -6.403194662303626, 0.0 ], [ 106.64833999999118, -6.403219999803014, 0.0 ], [ 106.648520000198005, -6.404070000330044, 0.0 ], [ 106.648620000312945, -6.404770000235107, 0.0 ], [ 106.648609999851772, -6.405200000279656, 0.0 ], [ 106.648475588078071, -6.405520756077845, 0.0 ], [ 106.648180275899179, -6.406225478323027, 0.0 ], [ 106.648170000245514, -6.406250000137206, 0.0 ], [ 106.647339999741376, -6.407170000295128, 0.0 ], [ 106.646550000182529, -6.407890000223162, 0.0 ], [ 106.645979999977186, -6.408229999714568, 0.0 ], [ 106.645930429346038, -6.408273049361615, 0.0 ], [ 106.645600000439842, -6.408559999644083, 0.0 ], [ 106.645429999794814, -6.408969999665572, 0.0 ], [ 106.645449999817785, -6.409279999572206, 0.0 ], [ 106.644079999592435, -6.409379999687062, 0.0 ], [ 106.643669999571031, -6.409459999779035, 0.0 ], [ 106.643330000079629, -6.409590000378032, 0.0 ], [ 106.643117753781482, -6.409646797961202, 0.0 ], [ 106.64191000024644, -6.409969999915379, 0.0 ], [ 106.641514693348554, -6.409994367945551, 0.0 ], [ 106.640450000367395, -6.410059999569153, 0.0 ], [ 106.638116131954121, -6.410013479438383, 0.0 ], [ 106.637908482990312, -6.410009338959668, 0.0 ], [ 106.637440000056088, -6.410000000399521, 0.0 ], [ 106.636591847635799, -6.409945457416768, 0.0 ], [ 106.635490179927984, -6.409874610624602, 0.0 ], [ 106.634329999629927, -6.409800000169721, 0.0 ], [ 106.633370000325428, -6.409510000286147, 0.0 ], [ 106.632929999819794, -6.409249999987345, 0.0 ], [ 106.632789999658911, -6.409189999918432, 0.0 ], [ 106.632470000190565, -6.409189999918432, 0.0 ], [ 106.632200000329959, -6.409270000010316, 0.0 ], [ 106.632129999799787, -6.409370000125261, 0.0 ], [ 106.630830000104609, -6.409100000264658, 0.0 ], [ 106.630701406045205, -6.40906266580922, 0.0 ], [ 106.630520000198061, -6.409009999711515, 0.0 ], [ 106.630110000176572, -6.409040000195745, 0.0 ], [ 106.629530000409346, -6.409020000172685, 0.0 ], [ 106.628711739655245, -6.409062567783099, 0.0 ], [ 106.627852897893092, -6.409107247901016, 0.0 ], [ 106.627799999770332, -6.409109999826459, 0.0 ], [ 106.626649425131035, -6.409176219606696, 0.0 ], [ 106.626410000421373, -6.409189999918432, 0.0 ], [ 106.625997495787985, -6.409244595961141, 0.0 ], [ 106.625729999639915, -6.409279999572206, 0.0 ], [ 106.625459999779395, -6.409459999779035, 0.0 ], [ 106.625000000150081, -6.409789999708551, 0.0 ], [ 106.624770000335417, -6.409769999685579, 0.0 ], [ 106.624260000198987, -6.409700000054777, 0.0 ], [ 106.623699999555527, -6.409669999570635, 0.0 ], [ 106.622959999604433, -6.409619999962803, 0.0 ], [ 106.622848731883707, -6.409606571286055, 0.0 ], [ 106.622379999837278, -6.409550000332089, 0.0 ], [ 106.621699999955197, -6.409499999824977, 0.0 ], [ 106.621370000025678, -6.409459999779035, 0.0 ], [ 106.620950000442392, -6.409399999710033, 0.0 ], [ 106.620420000282891, -6.409270000010316, 0.0 ], [ 106.620030000284459, -6.409189999918432, 0.0 ], [ 106.619449999617956, -6.409080000241687, 0.0 ], [ 106.618740000150993, -6.409000000149714, 0.0 ], [ 106.618460997177465, -6.408949923200193, 0.0 ], [ 106.61835000015256, -6.40892999961963, 0.0 ], [ 106.617949999692883, -6.40892999961963, 0.0 ], [ 106.617619999763363, -6.40892999961963, 0.0 ], [ 106.617264835903626, -6.408941839194373, 0.0 ], [ 106.617019999973152, -6.408949999642601, 0.0 ], [ 106.61669999960553, -6.408969999665572, 0.0 ], [ 106.616349999652954, -6.408969999665572, 0.0 ], [ 106.615749999862743, -6.409020000172685, 0.0 ], [ 106.61525999974937, -6.409040000195745, 0.0 ], [ 106.614780000097085, -6.409049999757546, 0.0 ], [ 106.614339999591451, -6.40914999987249, 0.0 ], [ 106.613639999686384, -6.409240000425545, 0.0 ], [ 106.613160000034185, -6.409370000125261, 0.0 ], [ 106.612649999897755, -6.409490000263176, 0.0 ], [ 106.611959999554486, -6.409669999570635, 0.0 ], [ 106.611330000179507, -6.409869999800524, 0.0 ], [ 106.611159261191148, -6.409901360059536, 0.0 ], [ 106.610840000066133, -6.409960000353578, 0.0 ], [ 106.610410000021673, -6.410059999569153, 0.0 ], [ 106.610049999607924, -6.410150000122297, 0.0 ], [ 106.609992113845081, -6.410156138894543, 0.0 ], [ 106.609389999748899, -6.410219999753011, 0.0 ], [ 106.608950000142556, -6.410299999844895, 0.0 ], [ 106.608509999637008, -6.410370000375067, 0.0 ], [ 106.608059999569491, -6.410480000051813, 0.0 ], [ 106.607590000378366, -6.410560000143697, 0.0 ], [ 106.607359999664425, -6.410569999705586, 0.0 ], [ 106.607359999664425, -6.410310000306065, 0.0 ], [ 106.607359999664425, -6.409960000353578, 0.0 ], [ 106.607339999641454, -6.409519999847948, 0.0 ], [ 106.607319999618483, -6.409100000264658, 0.0 ], [ 106.607319999618483, -6.408619999712997, 0.0 ], [ 106.607299999595426, -6.408129999599623, 0.0 ], [ 106.607299999595426, -6.407620000362559, 0.0 ], [ 106.607279999572455, -6.407389999648618, 0.0 ], [ 106.607260000448846, -6.4069999996501, 0.0 ], [ 106.607240000425875, -6.406740000250668, 0.0 ], [ 106.607240000425875, -6.406419999882953, 0.0 ], [ 106.607200000379848, -6.40615000002235, 0.0 ], [ 106.607220000402904, -6.405929999769491, 0.0 ], [ 106.607249999987687, -6.405749999562662, 0.0 ], [ 106.607359999664425, -6.40547000014017, 0.0 ], [ 106.607459999779365, -6.405309999956401, 0.0 ], [ 106.607590000378366, -6.40528999993343, 0.0 ], [ 106.607800000170059, -6.40528999993343, 0.0 ], [ 106.608079999592462, -6.405320000417571, 0.0 ], [ 106.608500000075111, -6.405359999564144, 0.0 ], [ 106.608930000119585, -6.405240000325598, 0.0 ], [ 106.60926000004909, -6.405129999749573, 0.0 ], [ 106.609580000416898, -6.404969999565626, 0.0 ], [ 106.610049999607924, -6.404650000097281, 0.0 ], [ 106.61015780403963, -6.404551570198649, 0.0 ], [ 106.610280000321964, -6.404440000305591, 0.0 ], [ 106.610610000251484, -6.404090000353015, 0.0 ], [ 106.610949999742886, -6.403729999939358, 0.0 ], [ 106.611153644025649, -6.403414681442268, 0.0 ], [ 106.611259999649434, -6.403250000287155, 0.0 ], [ 106.611580000017142, -6.402869999850438, 0.0 ], [ 106.61203999964637, -6.402230000014377, 0.0 ], [ 106.61225000033744, -6.401929999669544, 0.0 ], [ 106.61228977105624, -6.401841420045375, 0.0 ], [ 106.612469999690916, -6.401439999556171, 0.0 ], [ 106.612580000266945, -6.401069999580713, 0.0 ], [ 106.612649999897755, -6.400710000066248, 0.0 ], [ 106.612669999920726, -6.400380000136732, 0.0 ], [ 106.612669999920726, -6.400039999746046, 0.0 ], [ 106.612609999851813, -6.399660000208698, 0.0 ], [ 106.6125499997829, -6.399390000348095, 0.0 ], [ 106.612380000037149, -6.399060000418491, 0.0 ], [ 106.61225000033744, -6.398940000280575, 0.0 ], [ 106.611849999877833, -6.398760000073747, 0.0 ], [ 106.611439999856259, -6.398599999889978, 0.0 ], [ 106.611160880870102, -6.398440504225746, 0.0 ], [ 106.611020000272958, -6.398359999614147, 0.0 ], [ 106.610956588176151, -6.398326916254007, 0.0 ], [ 106.610559999744368, -6.398120000237686, 0.0 ], [ 106.610189999768906, -6.397920000007886, 0.0 ], [ 106.609890000323446, -6.397750000262139, 0.0 ], [ 106.609710000116621, -6.397480000401536, 0.0 ], [ 106.60965999960942, -6.397200000079764, 0.0 ], [ 106.60969000009365, -6.39689999973502, 0.0 ], [ 106.609870000300475, -6.396640000335587, 0.0 ], [ 106.610289999883761, -6.396250000337069, 0.0 ], [ 106.610820000043162, -6.395880000361522, 0.0 ], [ 106.611239999626463, -6.39562999962461, 0.0 ], [ 106.611840000315937, -6.395330000179236, 0.0 ], [ 106.612449999667945, -6.395080000341604, 0.0 ], [ 106.612910000196464, -6.394880000111716, 0.0 ], [ 106.613349999802807, -6.394719999927858, 0.0 ], [ 106.613949999593018, -6.394559999744089, 0.0 ], [ 106.614059904840943, -6.394540373839011, 0.0 ], [ 106.614229999914798, -6.394510000136258, 0.0 ], [ 106.614619999913231, -6.394459999629145, 0.0 ], [ 106.614880000212025, -6.394559999744089, 0.0 ], [ 106.615090000003619, -6.394679999881916, 0.0 ], [ 106.615379999887196, -6.394889999673605, 0.0 ], [ 106.615700000255003, -6.395160000433489, 0.0 ], [ 106.616019999723349, -6.395370000225178, 0.0 ], [ 106.616309999607012, -6.395519999947865, 0.0 ], [ 106.616670000020662, -6.395769999785497, 0.0 ], [ 106.616930000319471, -6.395889999923412, 0.0 ], [ 106.617349999902757, -6.396030000084298, 0.0 ], [ 106.61758280200489, -6.396070137726486, 0.0 ], [ 106.617639999786334, -6.396079999692041, 0.0 ], [ 106.617900000085143, -6.396079999692041, 0.0 ], [ 106.618129999899708, -6.395990000038267, 0.0 ], [ 106.618450000267515, -6.395889999923412, 0.0 ], [ 106.618660000059108, -6.395820000292609, 0.0 ], [ 106.61896000040386, -6.395620000062809, 0.0 ], [ 106.619290000333464, -6.395370000225178, 0.0 ], [ 106.619620000262984, -6.395140000410517, 0.0 ], [ 106.620110000376343, -6.394860000088745, 0.0 ], [ 106.620570000005671, -6.394650000297144, 0.0 ], [ 106.620969999565986, -6.394450000067344, 0.0 ], [ 106.62126000034894, -6.394320000367539, 0.0 ], [ 106.621610000301501, -6.394260000298626, 0.0 ], [ 106.621809999631935, -6.39412999969954, 0.0 ], [ 106.62190606071627, -6.394011067056962, 0.0 ], [ 106.622020000322905, -6.393870000300108, 0.0 ], [ 106.6221700000456, -6.393639999586167, 0.0 ], [ 106.622190000068571, -6.393409999771507, 0.0 ], [ 106.622190000068571, -6.393229999564678, 0.0 ], [ 106.622150000022629, -6.393010000211188, 0.0 ], [ 106.622080000391819, -6.39285000002733, 0.0 ], [ 106.62192000020805, -6.39262000021267, 0.0 ], [ 106.621749999563022, -6.392460000028812, 0.0 ], [ 106.621499999725387, -6.392230000214152, 0.0 ], [ 106.621220000302998, -6.39198999993841, 0.0 ], [ 106.621020000073102, -6.391860000238605, 0.0 ], [ 106.620779999797364, -6.391650000447004, 0.0 ], [ 106.620489999913701, -6.391499999824948, 0.0 ], [ 106.620229999614992, -6.391290000033347, 0.0 ], [ 106.620019999823299, -6.39112999984949, 0.0 ], [ 106.619799999570517, -6.391040000195716, 0.0 ], [ 106.61952999970984, -6.390850000426997, 0.0 ], [ 106.619290000333464, -6.39067999978197, 0.0 ], [ 106.619079999642494, -6.390499999575141, 0.0 ], [ 106.618909999896744, -6.390340000290653, 0.0 ], [ 106.618720000128022, -6.390380000336595, 0.0 ], [ 106.618570000405427, -6.390400000359566, 0.0 ], [ 106.618450000267515, -6.390320000267682, 0.0 ], [ 106.618299999645458, -6.390160000083736, 0.0 ], [ 106.618230000014648, -6.389999999899967, 0.0 ], [ 106.618219999553475, -6.389770000085306, 0.0 ], [ 106.618160000383938, -6.389500000224615, 0.0 ], [ 106.618100000314939, -6.389360000063817, 0.0 ], [ 106.618040000245941, -6.389219999902931, 0.0 ], [ 106.617869999600998, -6.388880000411525, 0.0 ], [ 106.617819999993159, -6.388669999720555, 0.0 ], [ 106.617638303664961, -6.388576936076564, 0.0 ], [ 106.617419372706081, -6.388464801409235, 0.0 ], [ 106.61740999997167, -6.388459999928866, 0.0 ], [ 106.616879999812355, -6.388310000206179, 0.0 ], [ 106.616309999607012, -6.388580000066781, 0.0 ], [ 106.616099999815319, -6.388609999651553, 0.0 ], [ 106.61578999990877, -6.388580000066781, 0.0 ], [ 106.615629999724916, -6.388510000435978, 0.0 ], [ 106.61554000007115, -6.388459999928866, 0.0 ], [ 106.615190000118574, -6.388230000114294, 0.0 ], [ 106.61431999956848, -6.387789999608664, 0.0 ], [ 106.614080000192018, -6.387690000393, 0.0 ], [ 106.614000000100049, -6.387710000415971, 0.0 ], [ 106.613940000031135, -6.387619999862917, 0.0 ], [ 106.613890000423297, -6.387550000232203, 0.0 ], [ 106.613850000377354, -6.387379999587175, 0.0 ], [ 106.613859999939251, -6.387100000164683, 0.0 ], [ 106.613870000400325, -6.386739999751025, 0.0 ], [ 106.613830000354383, -6.386280000121793, 0.0 ], [ 106.613920000008164, -6.386090000353075, 0.0 ], [ 106.613949999593018, -6.385890000123275, 0.0 ], [ 106.613920000008164, -6.385720000377528, 0.0 ], [ 106.613830000354383, -6.3855499997325, 0.0 ], [ 106.614000000100049, -6.385230000264155, 0.0 ], [ 106.614129999799843, -6.385059999619127, 0.0 ], [ 106.615350000302428, -6.383929999669604, 0.0 ], [ 106.615629999724916, -6.383679999831973, 0.0 ], [ 106.615519894827457, -6.383531034329639, 0.0 ], [ 106.61545999997918, -6.383450000017312, 0.0 ], [ 106.615419999933238, -6.383369999925339, 0.0 ], [ 106.615439999956209, -6.383289999833455, 0.0 ], [ 106.615484144078152, -6.383168604847036, 0.0 ], [ 106.615520000048178, -6.383069999580684, 0.0 ], [ 106.615560000094121, -6.383010000411051, 0.0 ], [ 106.615660000208976, -6.382930000319078, 0.0 ], [ 106.616159999884232, -6.38254999988245, 0.0 ], [ 106.616239999976216, -6.382520000297589, 0.0 ], [ 106.616420000183041, -6.382509999836508, 0.0 ], [ 106.616509999836808, -6.382360000113732, 0.0 ], [ 106.616620000412837, -6.382179999906903, 0.0 ], [ 106.616739999651472, -6.381999999700074, 0.0 ], [ 106.616819999743356, -6.381999999700074, 0.0 ], [ 106.6169100002965, -6.382070000230158, 0.0 ], [ 106.616999999950181, -6.382280000021847, 0.0 ], [ 106.617039999996123, -6.382380000136703, 0.0 ], [ 106.617120000088107, -6.382440000205705, 0.0 ], [ 106.61726000024899, -6.38234000009076, 0.0 ], [ 106.617300000294932, -6.38209999981493, 0.0 ], [ 106.617329999879786, -6.381700000254611, 0.0 ], [ 106.617389999948699, -6.381359999863925, 0.0 ], [ 106.617539999671394, -6.381430000394097, 0.0 ], [ 106.617730000339392, -6.381470000440039, 0.0 ], [ 106.617889999623969, -6.381489999563641, 0.0 ], [ 106.618040000245941, -6.381520000047871, 0.0 ], [ 106.618310000106618, -6.381540000070842, 0.0 ], [ 106.618579999967224, -6.381560000093813, 0.0 ], [ 106.618820000242977, -6.381580000116784, 0.0 ], [ 106.619039999596453, -6.381600000139755, 0.0 ], [ 106.619270000310493, -6.381629999724527, 0.0 ], [ 106.619489999663898, -6.381649999747498, 0.0 ], [ 106.619709999916751, -6.381689999793441, 0.0 ], [ 106.620320000168036, -6.381749999862443, 0.0 ], [ 106.620420000282891, -6.381749999862443, 0.0 ], [ 106.62069999970538, -6.381789999908385, 0.0 ], [ 106.621340000440824, -6.381860000438468, 0.0 ], [ 106.621490000163504, -6.381879999562159, 0.0 ], [ 106.62184000011608, -6.381930000069271, 0.0 ], [ 106.622390000298452, -6.381990000138185, 0.0 ], [ 106.622649999697884, -6.382019999723045, 0.0 ], [ 106.623669999970673, -6.382150000322131, 0.0 ], [ 106.624440000405812, -6.382250000436986, 0.0 ], [ 106.624920000058097, -6.382320000067789, 0.0 ], [ 106.625000000150081, -6.382320000067789, 0.0 ], [ 106.625109999826819, -6.38234000009076, 0.0 ], [ 106.625510000286425, -6.382380000136703, 0.0 ], [ 106.625809999731885, -6.382409999721563, 0.0 ], [ 106.626050000007723, -6.382409999721563, 0.0 ], [ 106.626159999684461, -6.382360000113732, 0.0 ], [ 106.626239999776345, -6.382380000136703, 0.0 ], [ 106.626398015156411, -6.38240323771905, 0.0 ], [ 106.626580000167024, -6.382429999744534, 0.0 ], [ 106.62656999970595, -6.382959999903939, 0.0 ], [ 106.626556738303037, -6.383145669436932, 0.0 ], [ 106.626540000121082, -6.383380000386509, 0.0 ], [ 106.626460000029198, -6.384089999853462, 0.0 ], [ 106.626939999681412, -6.384149999922375, 0.0 ], [ 106.627239086314916, -6.384191976678224, 0.0 ], [ 106.627509999886755, -6.384230000014348, 0.0 ], [ 106.627650000047637, -6.384239999576149, 0.0 ], [ 106.627730000139621, -6.384250000037319, 0.0 ], [ 106.628459999629456, -6.384350000152175, 0.0 ], [ 106.62919999958045, -6.384539999920893, 0.0 ], [ 106.629270000110537, -6.384579999966924, 0.0 ], [ 106.629800000270023, -6.384749999712582, 0.0 ], [ 106.630090000153601, -6.384809999781496, 0.0 ], [ 106.630260642015131, -6.384848307303361, 0.0 ], [ 106.630580000266974, -6.38492000035761, 0.0 ], [ 106.631079999942244, -6.385039999596156, 0.0 ], [ 106.631318295103441, -6.385076661358671, 0.0 ], [ 106.631599999640471, -6.38511999968804, 0.0 ], [ 106.631630000124616, -6.385190000218213, 0.0 ], [ 106.631739999801269, -6.38556000019376, 0.0 ], [ 106.63175999982424, -6.385729999939329, 0.0 ], [ 106.631710000216501, -6.386039999845963, 0.0 ], [ 106.631699999755327, -6.386340000190707, 0.0 ], [ 106.631679999732356, -6.38685000032714, 0.0 ], [ 106.631679999732356, -6.387760000023803, 0.0 ], [ 106.631690000193529, -6.388069999930437, 0.0 ], [ 106.631739999801269, -6.388950000042328, 0.0 ], [ 106.63175999982424, -6.389219999902931, 0.0 ], [ 106.631770434657952, -6.389553914581327, 0.0 ], [ 106.631779999847311, -6.389859999738992, 0.0 ], [ 106.63179000030847, -6.390079999991851, 0.0 ], [ 106.631799999870282, -6.390160000083736, 0.0 ], [ 106.631951504158764, -6.389953603875522, 0.0 ], [ 106.632030907100855, -6.389845431621168, 0.0 ], [ 106.632490000213537, -6.389219999902931, 0.0 ], [ 106.632679999982173, -6.388959999604129, 0.0 ], [ 106.632840000166027, -6.388740000250639, 0.0 ], [ 106.632958987667294, -6.388590573396105, 0.0 ], [ 106.633270000210572, -6.388199999630064, 0.0 ], [ 106.63348000000218, -6.387840000115776, 0.0 ], [ 106.633600000140092, -6.387570000255174, 0.0 ], [ 106.633660000209005, -6.387450000117258, 0.0 ], [ 106.633890000023655, -6.387329999979343, 0.0 ], [ 106.634090000253465, -6.387060000118741, 0.0 ], [ 106.634130000299407, -6.386980000026856, 0.0 ], [ 106.634300000045158, -6.386659999659141, 0.0 ], [ 106.634460000229012, -6.386360000213678, 0.0 ], [ 106.634540000320982, -6.386180000006849, 0.0 ], [ 106.634699999605473, -6.386010000261102, 0.0 ], [ 106.634950000342471, -6.385890000123275, 0.0 ], [ 106.635129999649934, -6.385850000077244, 0.0 ], [ 106.635380000386846, -6.38576999998536, 0.0 ], [ 106.635860000039131, -6.385580000216731, 0.0 ], [ 106.636080000291912, -6.385500000124757, 0.0 ], [ 106.637449999617985, -6.384960000403552, 0.0 ], [ 106.63754999973284, -6.384889999873469, 0.0 ], [ 106.637729999939751, -6.384760000173664, 0.0 ], [ 106.638389999798875, -6.38425999959912, 0.0 ], [ 106.638529999959673, -6.384160000383545, 0.0 ], [ 106.638779999797393, -6.384000000199688, 0.0 ], [ 106.639251469379957, -6.383968095850747, 0.0 ], [ 106.640109999976715, -6.383909999646633, 0.0 ], [ 106.640729999789798, -6.383849999577631, 0.0 ], [ 106.640832734743057, -6.383826291649921, 0.0 ], [ 106.640860000388884, -6.383819999992859, 0.0 ], [ 106.641329999580009, -6.383969999715546, 0.0 ], [ 106.641420000133067, -6.384009999761489, 0.0 ], [ 106.641669999970702, -6.384069999830402, 0.0 ], [ 106.641919999808323, -6.384180000406516, 0.0 ], [ 106.642389999898725, -6.384350000152175, 0.0 ], [ 106.642539999621505, -6.384410000221177, 0.0 ], [ 106.64263999973636, -6.384450000267119, 0.0 ], [ 106.642839999966242, -6.384530000359092, 0.0 ], [ 106.642960000104068, -6.384579999966924, 0.0 ], [ 106.643100000264965, -6.384649999597638, 0.0 ], [ 106.643467372421483, -6.384708567046573, 0.0 ], [ 106.643789999708858, -6.384760000173664, 0.0 ], [ 106.643960000353886, -6.384789999758524, 0.0 ], [ 106.644029999984681, -6.384749999712582, 0.0 ], [ 106.644150000122607, -6.384649999597638, 0.0 ], [ 106.644259999799345, -6.384669999620609, 0.0 ], [ 106.644370000375375, -6.384519999897922, 0.0 ], [ 106.644469999590939, -6.384359999714064, 0.0 ], [ 106.644540000121111, -6.384370000175146, 0.0 ], [ 106.644669999820835, -6.384450000267119, 0.0 ], [ 106.64476999993569, -6.384530000359092, 0.0 ], [ 106.64485000002766, -6.384590000428005, 0.0 ], [ 106.644820000442891, -6.384729999689611, 0.0 ], [ 106.645220000003206, -6.385059999619127, 0.0 ] ] ] ] } },
{ "type": "Feature", "properties": { "PROVNO": "32", "KABKOTNO": "01", "KECNO": "260", "DESANO": "012", "PROVINSI": "JAWA BARAT", "KABKOT": "BOGOR", "KECAMATAN": "RUMPIN", "ID2013": "3201260012", "DESA": "SUKAMULYA", "DESA_1": "SUKAMULYA", "ID2012": "3201260012", "IDKAB2": "3201", "IDKEC_2": "3201260", "WILAYAH": "BARAT" }, "geometry": { "type": "MultiPolygon", "coordinates": [ [ [ [ 106.650991237355839, -6.362199218818745, 0.0 ], [ 106.650989999888736, -6.362200000329601, 0.0 ], [ 106.651110000026648, -6.363640000185669, 0.0 ], [ 106.653229999764818, -6.365940000130745, 0.0 ], [ 106.653753335048549, -6.367181532201851, 0.0 ], [ 106.654169999945708, -6.368170000445019, 0.0 ], [ 106.654173822064422, -6.36818773237783, 0.0 ], [ 106.654530000359358, -6.369840000115747, 0.0 ], [ 106.655379999987204, -6.370669999720615, 0.0 ], [ 106.655516651072759, -6.371793576712061, 0.0 ], [ 106.655560000194029, -6.372149999622625, 0.0 ], [ 106.65564999984781, -6.373149999872432, 0.0 ], [ 106.655520000148002, -6.373840000215694, 0.0 ], [ 106.655276539281061, -6.374221791202519, 0.0 ], [ 106.655079999642453, -6.374529999659586, 0.0 ], [ 106.654590000428371, -6.374999999749988, 0.0 ], [ 106.654450000267474, -6.375369999725535, 0.0 ], [ 106.654390000198561, -6.375659999609109, 0.0 ], [ 106.654390000198561, -6.376009999561685, 0.0 ], [ 106.654439999806314, -6.376479999652087, 0.0 ], [ 106.654479999852342, -6.376889999673576, 0.0 ], [ 106.654479999852342, -6.37719000001832, 0.0 ], [ 106.65435999971443, -6.377519999947836, 0.0 ], [ 106.654109999876795, -6.377720000177725, 0.0 ], [ 106.653679999832335, -6.377929999969325, 0.0 ], [ 106.653060000019153, -6.378130000199214, 0.0 ], [ 106.652540000320926, -6.378339999990814, 0.0 ], [ 106.652059999769349, -6.378580000266645, 0.0 ], [ 106.651640000186063, -6.378879999712108, 0.0 ], [ 106.651510755916817, -6.378977720944903, 0.0 ], [ 106.651230000164574, -6.379189999618653, 0.0 ], [ 106.650929999819823, -6.37953999957114, 0.0 ], [ 106.65078999965894, -6.379799999869942, 0.0 ], [ 106.649839999916253, -6.38084999972758, 0.0 ], [ 106.649309999756838, -6.381439999955898, 0.0 ], [ 106.648848146624829, -6.38196724818977, 0.0 ], [ 106.648179999807326, -6.382730000089278, 0.0 ], [ 106.646989999788886, -6.383670000270083, 0.0 ], [ 106.64614000016104, -6.384239999576149, 0.0 ], [ 106.646061990268805, -6.38430034678338, 0.0 ], [ 106.645610000001639, -6.384649999597638, 0.0 ], [ 106.645220000003206, -6.385059999619127, 0.0 ], [ 106.644820000442891, -6.384729999689611, 0.0 ], [ 106.64485000002766, -6.384590000428005, 0.0 ], [ 106.64476999993569, -6.384530000359092, 0.0 ], [ 106.644669999820835, -6.384450000267119, 0.0 ], [ 106.644540000121111, -6.384370000175146, 0.0 ], [ 106.644469999590939, -6.384359999714064, 0.0 ], [ 106.644370000375375, -6.384519999897922, 0.0 ], [ 106.644259999799345, -6.384669999620609, 0.0 ], [ 106.644150000122607, -6.384649999597638, 0.0 ], [ 106.644029999984681, -6.384749999712582, 0.0 ], [ 106.643960000353886, -6.384789999758524, 0.0 ], [ 106.643789999708858, -6.384760000173664, 0.0 ], [ 106.643467372421483, -6.384708567046573, 0.0 ], [ 106.643100000264965, -6.384649999597638, 0.0 ], [ 106.642960000104068, -6.384579999966924, 0.0 ], [ 106.642839999966242, -6.384530000359092, 0.0 ], [ 106.64263999973636, -6.384450000267119, 0.0 ], [ 106.642539999621505, -6.384410000221177, 0.0 ], [ 106.642389999898725, -6.384350000152175, 0.0 ], [ 106.641919999808323, -6.384180000406516, 0.0 ], [ 106.641669999970702, -6.384069999830402, 0.0 ], [ 106.641420000133067, -6.384009999761489, 0.0 ], [ 106.641329999580009, -6.383969999715546, 0.0 ], [ 106.640860000388884, -6.383819999992859, 0.0 ], [ 106.640832734743057, -6.383826291649921, 0.0 ], [ 106.640729999789798, -6.383849999577631, 0.0 ], [ 106.640109999976715, -6.383909999646633, 0.0 ], [ 106.639251469379957, -6.383968095850747, 0.0 ], [ 106.638779999797393, -6.384000000199688, 0.0 ], [ 106.638529999959673, -6.384160000383545, 0.0 ], [ 106.638389999798875, -6.38425999959912, 0.0 ], [ 106.637729999939751, -6.384760000173664, 0.0 ], [ 106.63754999973284, -6.384889999873469, 0.0 ], [ 106.637449999617985, -6.384960000403552, 0.0 ], [ 106.636080000291912, -6.385500000124757, 0.0 ], [ 106.635860000039131, -6.385580000216731, 0.0 ], [ 106.635380000386846, -6.38576999998536, 0.0 ], [ 106.635129999649934, -6.385850000077244, 0.0 ], [ 106.634950000342471, -6.385890000123275, 0.0 ], [ 106.634699999605473, -6.386010000261102, 0.0 ], [ 106.634540000320982, -6.386180000006849, 0.0 ], [ 106.634460000229012, -6.386360000213678, 0.0 ], [ 106.634300000045158, -6.386659999659141, 0.0 ], [ 106.634130000299407, -6.386980000026856, 0.0 ], [ 106.634090000253465, -6.387060000118741, 0.0 ], [ 106.633890000023655, -6.387329999979343, 0.0 ], [ 106.633660000209005, -6.387450000117258, 0.0 ], [ 106.633600000140092, -6.387570000255174, 0.0 ], [ 106.63348000000218, -6.387840000115776, 0.0 ], [ 106.633270000210572, -6.388199999630064, 0.0 ], [ 106.632958987667294, -6.388590573396105, 0.0 ], [ 106.632840000166027, -6.388740000250639, 0.0 ], [ 106.632679999982173, -6.388959999604129, 0.0 ], [ 106.632490000213537, -6.389219999902931, 0.0 ], [ 106.632030907100855, -6.389845431621168, 0.0 ], [ 106.631951504158764, -6.389953603875522, 0.0 ], [ 106.631799999870282, -6.390160000083736, 0.0 ], [ 106.63179000030847, -6.390079999991851, 0.0 ], [ 106.631779999847311, -6.389859999738992, 0.0 ], [ 106.631770434657952, -6.389553914581327, 0.0 ], [ 106.63175999982424, -6.389219999902931, 0.0 ], [ 106.631739999801269, -6.388950000042328, 0.0 ], [ 106.631690000193529, -6.388069999930437, 0.0 ], [ 106.631679999732356, -6.387760000023803, 0.0 ], [ 106.631679999732356, -6.38685000032714, 0.0 ], [ 106.631699999755327, -6.386340000190707, 0.0 ], [ 106.631710000216501, -6.386039999845963, 0.0 ], [ 106.63175999982424, -6.385729999939329, 0.0 ], [ 106.631739999801269, -6.38556000019376, 0.0 ], [ 106.631630000124616, -6.385190000218213, 0.0 ], [ 106.631599999640471, -6.38511999968804, 0.0 ], [ 106.631318295103441, -6.385076661358671, 0.0 ], [ 106.631079999942244, -6.385039999596156, 0.0 ], [ 106.630580000266974, -6.38492000035761, 0.0 ], [ 106.630260642015131, -6.384848307303361, 0.0 ], [ 106.630090000153601, -6.384809999781496, 0.0 ], [ 106.629800000270023, -6.384749999712582, 0.0 ], [ 106.629270000110537, -6.384579999966924, 0.0 ], [ 106.62919999958045, -6.384539999920893, 0.0 ], [ 106.628459999629456, -6.384350000152175, 0.0 ], [ 106.627730000139621, -6.384250000037319, 0.0 ], [ 106.627650000047637, -6.384239999576149, 0.0 ], [ 106.627509999886755, -6.384230000014348, 0.0 ], [ 106.627239086314916, -6.384191976678224, 0.0 ], [ 106.626939999681412, -6.384149999922375, 0.0 ], [ 106.626460000029198, -6.384089999853462, 0.0 ], [ 106.626540000121082, -6.383380000386509, 0.0 ], [ 106.626556738303037, -6.383145669436932, 0.0 ], [ 106.62656999970595, -6.382959999903939, 0.0 ], [ 106.626580000167024, -6.382429999744534, 0.0 ], [ 106.626398015156411, -6.38240323771905, 0.0 ], [ 106.626239999776345, -6.382380000136703, 0.0 ], [ 106.626159999684461, -6.382360000113732, 0.0 ], [ 106.626050000007723, -6.382409999721563, 0.0 ], [ 106.625809999731885, -6.382409999721563, 0.0 ], [ 106.625510000286425, -6.382380000136703, 0.0 ], [ 106.625109999826819, -6.38234000009076, 0.0 ], [ 106.625000000150081, -6.382320000067789, 0.0 ], [ 106.624920000058097, -6.382320000067789, 0.0 ], [ 106.624440000405812, -6.382250000436986, 0.0 ], [ 106.623669999970673, -6.382150000322131, 0.0 ], [ 106.622649999697884, -6.382019999723045, 0.0 ], [ 106.622390000298452, -6.381990000138185, 0.0 ], [ 106.62184000011608, -6.381930000069271, 0.0 ], [ 106.621490000163504, -6.381879999562159, 0.0 ], [ 106.621340000440824, -6.381860000438468, 0.0 ], [ 106.62069999970538, -6.381789999908385, 0.0 ], [ 106.620420000282891, -6.381749999862443, 0.0 ], [ 106.620320000168036, -6.381749999862443, 0.0 ], [ 106.619709999916751, -6.381689999793441, 0.0 ], [ 106.619489999663898, -6.381649999747498, 0.0 ], [ 106.619270000310493, -6.381629999724527, 0.0 ], [ 106.619039999596453, -6.381600000139755, 0.0 ], [ 106.618820000242977, -6.381580000116784, 0.0 ], [ 106.618579999967224, -6.381560000093813, 0.0 ], [ 106.618310000106618, -6.381540000070842, 0.0 ], [ 106.618040000245941, -6.381520000047871, 0.0 ], [ 106.617889999623969, -6.381489999563641, 0.0 ], [ 106.617730000339392, -6.381470000440039, 0.0 ], [ 106.617539999671394, -6.381430000394097, 0.0 ], [ 106.617389999948699, -6.381359999863925, 0.0 ], [ 106.61740999997167, -6.381259999749069, 0.0 ], [ 106.617369999925728, -6.381210000141238, 0.0 ], [ 106.617360000363846, -6.381110000026293, 0.0 ], [ 106.617360000363846, -6.380709999566605, 0.0 ], [ 106.617389999948699, -6.380459999729062, 0.0 ], [ 106.617499999625451, -6.380240000375572, 0.0 ], [ 106.617650000247508, -6.380029999684513, 0.0 ], [ 106.617659999809305, -6.379929999569658, 0.0 ], [ 106.617679999832276, -6.379650000147254, 0.0 ], [ 106.617679999832276, -6.379380000286652, 0.0 ], [ 106.617710000316421, -6.379140000010821, 0.0 ], [ 106.61773999990119, -6.378879999712108, 0.0 ], [ 106.617753674092924, -6.3787660520115, 0.0 ], [ 106.61777000038542, -6.378629999874388, 0.0 ], [ 106.617750000362363, -6.378349999552615, 0.0 ], [ 106.617759999924161, -6.378279999921901, 0.0 ], [ 106.617570000155624, -6.378059999669041, 0.0 ], [ 106.61749000006364, -6.377800000269609, 0.0 ], [ 106.617429999994641, -6.377660000108722, 0.0 ], [ 106.617309999856815, -6.377550000431977, 0.0 ], [ 106.617300000294932, -6.377319999718036, 0.0 ], [ 106.617300000294932, -6.377149999972378, 0.0 ], [ 106.617300000294932, -6.376889999673576, 0.0 ], [ 106.617289999833844, -6.376800000019802, 0.0 ], [ 106.617229999764845, -6.376020000022855, 0.0 ], [ 106.617240000226019, -6.375770000185224, 0.0 ], [ 106.617280000271961, -6.375389999748506, 0.0 ], [ 106.617510000086611, -6.374999999749988, 0.0 ], [ 106.617579999717421, -6.374939999681075, 0.0 ], [ 106.617619999763363, -6.374820000442529, 0.0 ], [ 106.617730000339392, -6.374640000235701, 0.0 ], [ 106.617960000154056, -6.374489999613644, 0.0 ], [ 106.618080000291968, -6.37417999970701, 0.0 ], [ 106.618160000383938, -6.374070000030354, 0.0 ], [ 106.618210697865621, -6.373990331788217, 0.0 ], [ 106.618230000014648, -6.373960000353609, 0.0 ], [ 106.618230000014648, -6.373669999570666, 0.0 ], [ 106.618140000360881, -6.37335000010232, 0.0 ], [ 106.618149999922679, -6.372949999642632, 0.0 ], [ 106.618149999922679, -6.372830000403997, 0.0 ], [ 106.618109999876737, -6.372759999873914, 0.0 ], [ 106.618040000245941, -6.372730000289053, 0.0 ], [ 106.617799999970188, -6.37288999957363, 0.0 ], [ 106.617719999878219, -6.372929999619572, 0.0 ], [ 106.617439999556538, -6.372679999782029, 0.0 ], [ 106.617329999879786, -6.372610000151226, 0.0 ], [ 106.617220000203048, -6.372710000266082, 0.0 ], [ 106.617200000180077, -6.372810000381026, 0.0 ], [ 106.617180000157106, -6.372989999688574, 0.0 ], [ 106.617149999672876, -6.373049999757576, 0.0 ], [ 106.617039999996123, -6.373060000218658, 0.0 ], [ 106.616839999766327, -6.372929999619572, 0.0 ], [ 106.616730000089575, -6.372850000427057, 0.0 ], [ 106.616309999607012, -6.373009999711545, 0.0 ], [ 106.616130000299464, -6.373060000218658, 0.0 ], [ 106.615999999700378, -6.373029999734516, 0.0 ], [ 106.615860000438857, -6.372949999642632, 0.0 ], [ 106.615580000117092, -6.372790000358055, 0.0 ], [ 106.615219999703427, -6.372730000289053, 0.0 ], [ 106.614909999796879, -6.372719999827972, 0.0 ], [ 106.614679999982144, -6.372770000335084, 0.0 ], [ 106.614370000075596, -6.372799999919856, 0.0 ], [ 106.613956873111391, -6.37281930476691, 0.0 ], [ 106.613300000194982, -6.372850000427057, 0.0 ], [ 106.612979999827274, -6.372969999665603, 0.0 ], [ 106.612799999620435, -6.373129999849461, 0.0 ], [ 106.612629999874784, -6.373379999687092, 0.0 ], [ 106.612369999575975, -6.373960000353609, 0.0 ], [ 106.612170000245456, -6.374540000120756, 0.0 ], [ 106.612090000153572, -6.374850000027301, 0.0 ], [ 106.612139999761411, -6.374999999749988, 0.0 ], [ 106.612850000127551, -6.374999999749988, 0.0 ], [ 106.612759999574493, -6.375970000415023, 0.0 ], [ 106.612739999551522, -6.376149999722571, 0.0 ], [ 106.612709999966668, -6.3763299999294, 0.0 ], [ 106.612569999805871, -6.376519999698118, 0.0 ], [ 106.612349999553004, -6.376659999858916, 0.0 ], [ 106.612130000199514, -6.376670000320086, 0.0 ], [ 106.611999999600428, -6.376690000343146, 0.0 ], [ 106.611889999923775, -6.376659999858916, 0.0 ], [ 106.611820000292965, -6.376670000320086, 0.0 ], [ 106.611740000200996, -6.376639999835945, 0.0 ], [ 106.611640000086055, -6.376570000205142, 0.0 ], [ 106.611598930746212, -6.37652482366148, 0.0 ], [ 106.6115399999712, -6.376459999629116, 0.0 ], [ 106.611459999879315, -6.376380000436512, 0.0 ], [ 106.611439999856259, -6.376289999883458, 0.0 ], [ 106.611410000271491, -6.376169999745542, 0.0 ], [ 106.611319999718347, -6.375950000392052, 0.0 ], [ 106.611290000133565, -6.375739999701082, 0.0 ], [ 106.611230000064566, -6.375610000001366, 0.0 ], [ 106.611190000018624, -6.375489999863451, 0.0 ], [ 106.611140000410884, -6.375380000186706, 0.0 ], [ 106.611089999903768, -6.375229999564649, 0.0 ], [ 106.611049999857741, -6.375079999841962, 0.0 ], [ 106.610980000227016, -6.374999999749988, 0.0 ], [ 106.609810000231477, -6.374999999749988, 0.0 ], [ 106.609489999863754, -6.374709999866504, 0.0 ], [ 106.60926000004909, -6.374469999590673, 0.0 ], [ 106.609090000303439, -6.374290000283125, 0.0 ], [ 106.609020889202867, -6.374255443833512, 0.0 ], [ 106.608910000096614, -6.374199999729981, 0.0 ], [ 106.608629999774834, -6.374190000168181, 0.0 ], [ 106.608410000421344, -6.374110000076296, 0.0 ], [ 106.60825000023749, -6.37398000037658, 0.0 ], [ 106.608090000053636, -6.373740000100749, 0.0 ], [ 106.607816870552298, -6.373321771282594, 0.0 ], [ 106.607769999685914, -6.373249999987376, 0.0 ], [ 106.607660000009162, -6.373089999803518, 0.0 ], [ 106.607610000401422, -6.372949999642632, 0.0 ], [ 106.607590000378366, -6.372750000312113, 0.0 ], [ 106.607490000263425, -6.372710000266082, 0.0 ], [ 106.607359999664425, -6.372639999736087, 0.0 ], [ 106.607310000056685, -6.372530000059253, 0.0 ], [ 106.607299999595426, -6.372309999806482, 0.0 ], [ 106.607319999618483, -6.371970000315077, 0.0 ], [ 106.607370000125599, -6.371460000178732, 0.0 ], [ 106.607450000217483, -6.370749999812499, 0.0 ], [ 106.607379999687396, -6.370359999813981, 0.0 ], [ 106.607339999641454, -6.369780000046834, 0.0 ], [ 106.607240000425875, -6.369559999793974, 0.0 ], [ 106.607089999803819, -6.369200000279687, 0.0 ], [ 106.60696000010411, -6.368969999565657, 0.0 ], [ 106.606900000035097, -6.368870000350082, 0.0 ], [ 106.606830000404386, -6.368770000235138, 0.0 ], [ 106.606799999920241, -6.368579999567139, 0.0 ], [ 106.606900000035097, -6.368429999844452, 0.0 ], [ 106.606889999574022, -6.368300000144735, 0.0 ], [ 106.606869999551051, -6.368090000353046, 0.0 ], [ 106.606909999596994, -6.36795000019216, 0.0 ], [ 106.606839999966184, -6.367769999985331, 0.0 ], [ 106.606759999874299, -6.367460000078786, 0.0 ], [ 106.606750000312417, -6.367050000057297, 0.0 ], [ 106.606754010389494, -6.367020926774227, 0.0 ], [ 106.606830000404386, -6.36647000029015, 0.0 ], [ 106.606739999851328, -6.366060000268661, 0.0 ], [ 106.606590000128563, -6.36584000001589, 0.0 ], [ 106.606510000036593, -6.365670000270143, 0.0 ], [ 106.606260000199043, -6.365309999856397, 0.0 ], [ 106.606140000061131, -6.365180000156769, 0.0 ], [ 106.606070000430321, -6.365089999603626, 0.0 ], [ 106.606019999923205, -6.364919999857968, 0.0 ], [ 106.605859999739351, -6.364340000090731, 0.0 ], [ 106.605750000062613, -6.364199999929934, 0.0 ], [ 106.605449999717862, -6.364030000184187, 0.0 ], [ 106.605199999880227, -6.363760000323584, 0.0 ], [ 106.605130000249432, -6.363580000116755, 0.0 ], [ 106.605019999673402, -6.363319999817953, 0.0 ], [ 106.604840000365954, -6.363060000418521, 0.0 ], [ 106.604640000136058, -6.362920000257635, 0.0 ], [ 106.60433000022951, -6.362690000443063, 0.0 ], [ 106.603740000001196, -6.362080000191686, 0.0 ], [ 106.603559999794371, -6.361980000076741, 0.0 ], [ 106.603399999610502, -6.361899999984857, 0.0 ], [ 106.603399987919232, -6.361899550323837, 0.0 ], [ 106.604118568717126, -6.361926038955303, 0.0 ], [ 106.604774708686065, -6.361913175952196, 0.0 ], [ 106.60548423870685, -6.361899804831985, 0.0 ], [ 106.606155613191206, -6.361886941828701, 0.0 ], [ 106.606796496161536, -6.361852122777059, 0.0 ], [ 106.607536540179339, -6.361828281749595, 0.0 ], [ 106.607971411851352, -6.361783453243621, 0.0 ], [ 106.608680940972846, -6.361748659372992, 0.0 ], [ 106.609558325856256, -6.361756758667294, 0.0 ], [ 106.610145772009943, -6.36177680455571, 0.0 ], [ 106.610353163767655, -6.361794906109921, 0.0 ], [ 106.610626440757855, -6.361818757029916, 0.0 ], [ 106.611206269653778, -6.361871177612635, 0.0 ], [ 106.611679297761569, -6.361882640371377, 0.0 ], [ 106.61187766841978, -6.36181779025863, 0.0 ], [ 106.61199208556647, -6.361809690064959, 0.0 ], [ 106.612228611761196, -6.361792522007139, 0.0 ], [ 106.613167027336573, -6.36188312420666, 0.0 ], [ 106.613533227676484, -6.361871179411285, 0.0 ], [ 106.615295614701068, -6.361809232310058, 0.0 ], [ 106.615471111103105, -6.361804903873072, 0.0 ], [ 106.615555039433701, -6.361802534159402, 0.0 ], [ 106.615623708967135, -6.361808747575495, 0.0 ], [ 106.616241670017203, -6.361781087127341, 0.0 ], [ 106.616516326567336, -6.36177917696731, 0.0 ], [ 106.617508154677722, -6.361772020162473, 0.0 ], [ 106.617553926572626, -6.36177535664725, 0.0 ], [ 106.620478340203434, -6.361507380261191, 0.0 ], [ 106.62261145835231, -6.3613119090172, 0.0 ], [ 106.624498381695133, -6.361138997266771, 0.0 ], [ 106.625000213289454, -6.361093007736009, 0.0 ], [ 106.625030728185749, -6.361090638921709, 0.0 ], [ 106.625109434153188, -6.361085923776191, 0.0 ], [ 106.628549017223548, -6.360879872008365, 0.0 ], [ 106.628700482841197, -6.360870797848897, 0.0 ], [ 106.633777723263506, -6.361197291321776, 0.0 ], [ 106.637176728023732, -6.361415835572206, 0.0 ], [ 106.643920503928285, -6.361958321019525, 0.0 ], [ 106.644432283823022, -6.361999489284855, 0.0 ], [ 106.646613564264712, -6.362065915009776, 0.0 ], [ 106.650991237355839, -6.362199218818745, 0.0 ] ] ] ] } },
{ "type": "Feature", "properties": { "PROVNO": "32", "KABKOTNO": "01", "KECNO": "260", "DESANO": "013", "PROVINSI": "JAWA BARAT", "KABKOT": "BOGOR", "KECAMATAN": "RUMPIN", "ID2013": "3201260013", "DESA": "MEKAR SARI", "DESA_1": "MEKAR SARI", "ID2012": "3201260013", "IDKAB2": "3201", "IDKEC_2": "3201260", "WILAYAH": "BARAT" }, "geometry": { "type": "MultiPolygon", "coordinates": [ [ [ [ 106.603399987919232, -6.361899550323837, 0.0 ], [ 106.603399999610502, -6.361899999984857, 0.0 ], [ 106.603559999794371, -6.361980000076741, 0.0 ], [ 106.603740000001196, -6.362080000191686, 0.0 ], [ 106.60433000022951, -6.362690000443063, 0.0 ], [ 106.604640000136058, -6.362920000257635, 0.0 ], [ 106.604840000365954, -6.363060000418521, 0.0 ], [ 106.605019999673402, -6.363319999817953, 0.0 ], [ 106.605130000249432, -6.363580000116755, 0.0 ], [ 106.605199999880227, -6.363760000323584, 0.0 ], [ 106.605449999717862, -6.364030000184187, 0.0 ], [ 106.605750000062613, -6.364199999929934, 0.0 ], [ 106.605859999739351, -6.364340000090731, 0.0 ], [ 106.606019999923205, -6.364919999857968, 0.0 ], [ 106.606070000430321, -6.365089999603626, 0.0 ], [ 106.606140000061131, -6.365180000156769, 0.0 ], [ 106.606260000199043, -6.365309999856397, 0.0 ], [ 106.606510000036593, -6.365670000270143, 0.0 ], [ 106.606590000128563, -6.36584000001589, 0.0 ], [ 106.606739999851328, -6.366060000268661, 0.0 ], [ 106.606830000404386, -6.36647000029015, 0.0 ], [ 106.606754010389494, -6.367020926774227, 0.0 ], [ 106.606750000312417, -6.367050000057297, 0.0 ], [ 106.606759999874299, -6.367460000078786, 0.0 ], [ 106.606839999966184, -6.367769999985331, 0.0 ], [ 106.606909999596994, -6.36795000019216, 0.0 ], [ 106.606869999551051, -6.368090000353046, 0.0 ], [ 106.606889999574022, -6.368300000144735, 0.0 ], [ 106.606900000035097, -6.368429999844452, 0.0 ], [ 106.606799999920241, -6.368579999567139, 0.0 ], [ 106.606830000404386, -6.368770000235138, 0.0 ], [ 106.606900000035097, -6.368870000350082, 0.0 ], [ 106.60696000010411, -6.368969999565657, 0.0 ], [ 106.607089999803819, -6.369200000279687, 0.0 ], [ 106.607240000425875, -6.369559999793974, 0.0 ], [ 106.607339999641454, -6.369780000046834, 0.0 ], [ 106.607379999687396, -6.370359999813981, 0.0 ], [ 106.607450000217483, -6.370749999812499, 0.0 ], [ 106.607370000125599, -6.371460000178732, 0.0 ], [ 106.607319999618483, -6.371970000315077, 0.0 ], [ 106.607299999595426, -6.372309999806482, 0.0 ], [ 106.607310000056685, -6.372530000059253, 0.0 ], [ 106.607359999664425, -6.372639999736087, 0.0 ], [ 106.607490000263425, -6.372710000266082, 0.0 ], [ 106.607590000378366, -6.372750000312113, 0.0 ], [ 106.607610000401422, -6.372949999642632, 0.0 ], [ 106.607660000009162, -6.373089999803518, 0.0 ], [ 106.607769999685914, -6.373249999987376, 0.0 ], [ 106.607816870552298, -6.373321771282594, 0.0 ], [ 106.608090000053636, -6.373740000100749, 0.0 ], [ 106.60825000023749, -6.37398000037658, 0.0 ], [ 106.608410000421344, -6.374110000076296, 0.0 ], [ 106.608629999774834, -6.374190000168181, 0.0 ], [ 106.608910000096614, -6.374199999729981, 0.0 ], [ 106.609020889202867, -6.374255443833512, 0.0 ], [ 106.609090000303439, -6.374290000283125, 0.0 ], [ 106.60926000004909, -6.374469999590673, 0.0 ], [ 106.609489999863754, -6.374709999866504, 0.0 ], [ 106.609810000231477, -6.374999999749988, 0.0 ], [ 106.610980000227016, -6.374999999749988, 0.0 ], [ 106.611049999857741, -6.375079999841962, 0.0 ], [ 106.611089999903768, -6.375229999564649, 0.0 ], [ 106.611140000410884, -6.375380000186706, 0.0 ], [ 106.611190000018624, -6.375489999863451, 0.0 ], [ 106.611230000064566, -6.375610000001366, 0.0 ], [ 106.611290000133565, -6.375739999701082, 0.0 ], [ 106.611319999718347, -6.375950000392052, 0.0 ], [ 106.611410000271491, -6.376169999745542, 0.0 ], [ 106.611439999856259, -6.376289999883458, 0.0 ], [ 106.611459999879315, -6.376380000436512, 0.0 ], [ 106.6115399999712, -6.376459999629116, 0.0 ], [ 106.611598930746212, -6.37652482366148, 0.0 ], [ 106.611640000086055, -6.376570000205142, 0.0 ], [ 106.611740000200996, -6.376639999835945, 0.0 ], [ 106.611820000292965, -6.376670000320086, 0.0 ], [ 106.611889999923775, -6.376659999858916, 0.0 ], [ 106.611999999600428, -6.376690000343146, 0.0 ], [ 106.612130000199514, -6.376670000320086, 0.0 ], [ 106.612349999553004, -6.376659999858916, 0.0 ], [ 106.612569999805871, -6.376519999698118, 0.0 ], [ 106.612709999966668, -6.3763299999294, 0.0 ], [ 106.612739999551522, -6.376149999722571, 0.0 ], [ 106.612759999574493, -6.375970000415023, 0.0 ], [ 106.612850000127551, -6.374999999749988, 0.0 ], [ 106.612139999761411, -6.374999999749988, 0.0 ], [ 106.612090000153572, -6.374850000027301, 0.0 ], [ 106.612170000245456, -6.374540000120756, 0.0 ], [ 106.612369999575975, -6.373960000353609, 0.0 ], [ 106.612629999874784, -6.373379999687092, 0.0 ], [ 106.612799999620435, -6.373129999849461, 0.0 ], [ 106.612979999827274, -6.372969999665603, 0.0 ], [ 106.613300000194982, -6.372850000427057, 0.0 ], [ 106.613956873111391, -6.37281930476691, 0.0 ], [ 106.614370000075596, -6.372799999919856, 0.0 ], [ 106.614679999982144, -6.372770000335084, 0.0 ], [ 106.614909999796879, -6.372719999827972, 0.0 ], [ 106.615219999703427, -6.372730000289053, 0.0 ], [ 106.615580000117092, -6.372790000358055, 0.0 ], [ 106.615860000438857, -6.372949999642632, 0.0 ], [ 106.615999999700378, -6.373029999734516, 0.0 ], [ 106.616130000299464, -6.373060000218658, 0.0 ], [ 106.616309999607012, -6.373009999711545, 0.0 ], [ 106.616730000089575, -6.372850000427057, 0.0 ], [ 106.616839999766327, -6.372929999619572, 0.0 ], [ 106.617039999996123, -6.373060000218658, 0.0 ], [ 106.617149999672876, -6.373049999757576, 0.0 ], [ 106.617180000157106, -6.372989999688574, 0.0 ], [ 106.617200000180077, -6.372810000381026, 0.0 ], [ 106.617220000203048, -6.372710000266082, 0.0 ], [ 106.617329999879786, -6.372610000151226, 0.0 ], [ 106.617439999556538, -6.372679999782029, 0.0 ], [ 106.617719999878219, -6.372929999619572, 0.0 ], [ 106.617799999970188, -6.37288999957363, 0.0 ], [ 106.618040000245941, -6.372730000289053, 0.0 ], [ 106.618109999876737, -6.372759999873914, 0.0 ], [ 106.618149999922679, -6.372830000403997, 0.0 ], [ 106.618149999922679, -6.372949999642632, 0.0 ], [ 106.618140000360881, -6.37335000010232, 0.0 ], [ 106.618230000014648, -6.373669999570666, 0.0 ], [ 106.618230000014648, -6.373960000353609, 0.0 ], [ 106.618210697865621, -6.373990331788217, 0.0 ], [ 106.618160000383938, -6.374070000030354, 0.0 ], [ 106.618080000291968, -6.37417999970701, 0.0 ], [ 106.617960000154056, -6.374489999613644, 0.0 ], [ 106.617730000339392, -6.374640000235701, 0.0 ], [ 106.617619999763363, -6.374820000442529, 0.0 ], [ 106.617579999717421, -6.374939999681075, 0.0 ], [ 106.617510000086611, -6.374999999749988, 0.0 ], [ 106.617280000271961, -6.375389999748506, 0.0 ], [ 106.617240000226019, -6.375770000185224, 0.0 ], [ 106.617229999764845, -6.376020000022855, 0.0 ], [ 106.617289999833844, -6.376800000019802, 0.0 ], [ 106.617300000294932, -6.376889999673576, 0.0 ], [ 106.617300000294932, -6.377149999972378, 0.0 ], [ 106.617300000294932, -6.377319999718036, 0.0 ], [ 106.617309999856815, -6.377550000431977, 0.0 ], [ 106.617429999994641, -6.377660000108722, 0.0 ], [ 106.61749000006364, -6.377800000269609, 0.0 ], [ 106.617570000155624, -6.378059999669041, 0.0 ], [ 106.617759999924161, -6.378279999921901, 0.0 ], [ 106.617750000362363, -6.378349999552615, 0.0 ], [ 106.61777000038542, -6.378629999874388, 0.0 ], [ 106.617753674092924, -6.3787660520115, 0.0 ], [ 106.61773999990119, -6.378879999712108, 0.0 ], [ 106.617710000316421, -6.379140000010821, 0.0 ], [ 106.617679999832276, -6.379380000286652, 0.0 ], [ 106.617679999832276, -6.379650000147254, 0.0 ], [ 106.617659999809305, -6.379929999569658, 0.0 ], [ 106.617650000247508, -6.380029999684513, 0.0 ], [ 106.617499999625451, -6.380240000375572, 0.0 ], [ 106.617389999948699, -6.380459999729062, 0.0 ], [ 106.617360000363846, -6.380709999566605, 0.0 ], [ 106.617360000363846, -6.381110000026293, 0.0 ], [ 106.617369999925728, -6.381210000141238, 0.0 ], [ 106.61740999997167, -6.381259999749069, 0.0 ], [ 106.617389999948699, -6.381359999863925, 0.0 ], [ 106.617329999879786, -6.381700000254611, 0.0 ], [ 106.617300000294932, -6.38209999981493, 0.0 ], [ 106.61726000024899, -6.38234000009076, 0.0 ], [ 106.617120000088107, -6.382440000205705, 0.0 ], [ 106.617039999996123, -6.382380000136703, 0.0 ], [ 106.616999999950181, -6.382280000021847, 0.0 ], [ 106.6169100002965, -6.382070000230158, 0.0 ], [ 106.616819999743356, -6.381999999700074, 0.0 ], [ 106.616739999651472, -6.381999999700074, 0.0 ], [ 106.616620000412837, -6.382179999906903, 0.0 ], [ 106.616509999836808, -6.382360000113732, 0.0 ], [ 106.616420000183041, -6.382509999836508, 0.0 ], [ 106.616239999976216, -6.382520000297589, 0.0 ], [ 106.616159999884232, -6.38254999988245, 0.0 ], [ 106.615660000208976, -6.382930000319078, 0.0 ], [ 106.615560000094121, -6.383010000411051, 0.0 ], [ 106.615520000048178, -6.383069999580684, 0.0 ], [ 106.615484144078152, -6.383168604847036, 0.0 ], [ 106.615439999956209, -6.383289999833455, 0.0 ], [ 106.615419999933238, -6.383369999925339, 0.0 ], [ 106.61545999997918, -6.383450000017312, 0.0 ], [ 106.615519894827457, -6.383531034329639, 0.0 ], [ 106.615629999724916, -6.383679999831973, 0.0 ], [ 106.615350000302428, -6.383929999669604, 0.0 ], [ 106.614129999799843, -6.385059999619127, 0.0 ], [ 106.614000000100049, -6.385230000264155, 0.0 ], [ 106.613830000354383, -6.3855499997325, 0.0 ], [ 106.61375999982431, -6.3855499997325, 0.0 ], [ 106.613670000170529, -6.385680000331586, 0.0 ], [ 106.613539999571529, -6.385930000169218, 0.0 ], [ 106.613509999986675, -6.386119999937847, 0.0 ], [ 106.61352382526448, -6.386230603059708, 0.0 ], [ 106.613530000009732, -6.386280000121793, 0.0 ], [ 106.613619999663413, -6.386599999590139, 0.0 ], [ 106.613590000078645, -6.386759999773997, 0.0 ], [ 106.613460000378922, -6.387020000072798, 0.0 ], [ 106.613059999919244, -6.387789999608664, 0.0 ], [ 106.612919999758361, -6.387820000092717, 0.0 ], [ 106.612739999551522, -6.387880000161719, 0.0 ], [ 106.612460000129118, -6.388190000068263, 0.0 ], [ 106.612290000383382, -6.388399999859953, 0.0 ], [ 106.612019999623399, -6.388669999720555, 0.0 ], [ 106.61190000038485, -6.388800000319552, 0.0 ], [ 106.611829999854777, -6.388809999881442, 0.0 ], [ 106.611849999877833, -6.389019999673131, 0.0 ], [ 106.611849999877833, -6.389270000410043, 0.0 ], [ 106.611880000361879, -6.389609999901449, 0.0 ], [ 106.611920000407821, -6.38983000015422, 0.0 ], [ 106.612059999669441, -6.390109999576712, 0.0 ], [ 106.612130000199514, -6.390220000152738, 0.0 ], [ 106.611960624583318, -6.390232545695298, 0.0 ], [ 106.611860000338908, -6.390240000175709, 0.0 ], [ 106.611410000271491, -6.390229999714538, 0.0 ], [ 106.610610000251484, -6.390220000152738, 0.0 ], [ 106.610380000436905, -6.390209999691567, 0.0 ], [ 106.609821539432716, -6.390200691708383, 0.0 ], [ 106.609779999747417, -6.390200000129767, 0.0 ], [ 106.609460000278986, -6.390189999668596, 0.0 ], [ 106.609300000095118, -6.390200000129767, 0.0 ], [ 106.608990000188584, -6.390160000083736, 0.0 ], [ 106.608859999589498, -6.390140000060764, 0.0 ], [ 106.608179999707403, -6.390030000384019, 0.0 ], [ 106.607800000170059, -6.389859999738992, 0.0 ], [ 106.607140000310935, -6.389569999855418, 0.0 ], [ 106.606570000105592, -6.389540000270646, 0.0 ], [ 106.605500000224978, -6.38940000010976, 0.0 ], [ 106.605030000134576, -6.389369999625618, 0.0 ], [ 106.604299999745365, -6.389569999855418, 0.0 ], [ 106.604190000068627, -6.389569999855418, 0.0 ], [ 106.604049999907744, -6.389580000316588, 0.0 ], [ 106.603670000370386, -6.389589999878389, 0.0 ], [ 106.603459999679416, -6.389649999947391, 0.0 ], [ 106.603320000417824, -6.389710000016393, 0.0 ], [ 106.603220000302969, -6.38983999971602, 0.0 ], [ 106.603060000119015, -6.389649999947391, 0.0 ], [ 106.603036218446917, -6.389584597650924, 0.0 ], [ 106.602980000027131, -6.38942999969462, 0.0 ], [ 106.602830000304436, -6.389039999696102, 0.0 ], [ 106.602619999613466, -6.38876000027361, 0.0 ], [ 106.60248000035196, -6.388660000158755, 0.0 ], [ 106.602269999660905, -6.388609999651553, 0.0 ], [ 106.602059999869297, -6.388600000089752, 0.0 ], [ 106.601910000146603, -6.388589999628582, 0.0 ], [ 106.601560000194041, -6.388589999628582, 0.0 ], [ 106.601409999571985, -6.388510000435978, 0.0 ], [ 106.601299999895232, -6.38833000022915, 0.0 ], [ 106.601199999780377, -6.388069999930437, 0.0 ], [ 106.601219999803348, -6.387909999746491, 0.0 ], [ 106.601250000287493, -6.387780000046774, 0.0 ], [ 106.601199999780377, -6.387730000439031, 0.0 ], [ 106.60109000010354, -6.387659999908948, 0.0 ], [ 106.601019999573552, -6.387410000071228, 0.0 ], [ 106.60082999980483, -6.387289999933401, 0.0 ], [ 106.600660000059079, -6.387260000348629, 0.0 ], [ 106.600470000290457, -6.3872800003716, 0.0 ], [ 106.600080000291939, -6.387350000002314, 0.0 ], [ 106.599949999692939, -6.387309999956372, 0.0 ], [ 106.599880000062143, -6.387240000325658, 0.0 ], [ 106.599759999924217, -6.387120000187654, 0.0 ], [ 106.599659999809276, -6.386960000003885, 0.0 ], [ 106.599650000247479, -6.386779999796968, 0.0 ], [ 106.599710000316477, -6.386380000236649, 0.0 ], [ 106.599599999740363, -6.386340000190707, 0.0 ], [ 106.59953999967145, -6.386249999637563, 0.0 ], [ 106.599499999625422, -6.386070000330104, 0.0 ], [ 106.5994200004329, -6.385810000031302, 0.0 ], [ 106.599360000363902, -6.385760000423559, 0.0 ], [ 106.599229999764901, -6.385720000377528, 0.0 ], [ 106.599089999603933, -6.385600000239702, 0.0 ], [ 106.598999999950152, -6.38556000019376, 0.0 ], [ 106.598360000114099, -6.385799999570132, 0.0 ], [ 106.598190000368348, -6.385700000354557, 0.0 ], [ 106.597870000000725, -6.385689999893387, 0.0 ], [ 106.597820000392886, -6.385729999939329, 0.0 ], [ 106.597620000163005, -6.386249999637563, 0.0 ], [ 106.597529999609947, -6.386269999660623, 0.0 ], [ 106.597379999887266, -6.386229999614592, 0.0 ], [ 106.597339999841225, -6.386139999960818, 0.0 ], [ 106.597250000187543, -6.385810000031302, 0.0 ], [ 106.597130000049631, -6.385799999570132, 0.0 ], [ 106.597009999911705, -6.385799999570132, 0.0 ], [ 106.596269999960711, -6.385760000423559, 0.0 ], [ 106.595938687920324, -6.385717833011419, 0.0 ], [ 106.595719999778339, -6.385689999893387, 0.0 ], [ 106.595269999710894, -6.385720000377528, 0.0 ], [ 106.595369999825749, -6.385609999801503, 0.0 ], [ 106.595480000401864, -6.385460000078815, 0.0 ], [ 106.595530000009703, -6.385250000287126, 0.0 ], [ 106.595509999986731, -6.385039999596156, 0.0 ], [ 106.595429999894762, -6.384590000428005, 0.0 ], [ 106.595520286432205, -6.384540752653436, 0.0 ], [ 106.5955399995715, -6.384530000359092, 0.0 ], [ 106.59573999980131, -6.384399999760006, 0.0 ], [ 106.595839999916251, -6.384230000014348, 0.0 ], [ 106.595839999916251, -6.384080000291661, 0.0 ], [ 106.595779999847338, -6.383849999577631, 0.0 ], [ 106.595766328353534, -6.383831201048942, 0.0 ], [ 106.595699999755368, -6.383739999900886, 0.0 ], [ 106.595480000401864, -6.38363999978603, 0.0 ], [ 106.595300000195039, -6.383530000109285, 0.0 ], [ 106.595280000172068, -6.38342000043254, 0.0 ], [ 106.595289999733865, -6.382870000250165, 0.0 ], [ 106.595099999965242, -6.382609999951363, 0.0 ], [ 106.594930000219492, -6.382369999675532, 0.0 ], [ 106.594859999689419, -6.382250000436986, 0.0 ], [ 106.59454999978287, -6.381809999931356, 0.0 ], [ 106.594319999968207, -6.38166999977047, 0.0 ], [ 106.594310000406409, -6.381540000070842, 0.0 ], [ 106.594250000337411, -6.381399999909867, 0.0 ], [ 106.594110000176514, -6.381020000372608, 0.0 ], [ 106.594030000084629, -6.380670000420032, 0.0 ], [ 106.593979999577428, -6.380450000167261, 0.0 ], [ 106.593889999923746, -6.37998000007677, 0.0 ], [ 106.593840000315907, -6.37953999957114, 0.0 ], [ 106.593869999900775, -6.379240000125677, 0.0 ], [ 106.593940000430862, -6.378939999781021, 0.0 ], [ 106.594099999715439, -6.378660000358618, 0.0 ], [ 106.594210000291469, -6.378420000082787, 0.0 ], [ 106.594250000337411, -6.378150000222185, 0.0 ], [ 106.594239999876237, -6.3780700001303, 0.0 ], [ 106.594219999853266, -6.377880000361582, 0.0 ], [ 106.594188306845041, -6.377792844364141, 0.0 ], [ 106.594139999761381, -6.377660000108722, 0.0 ], [ 106.594059999669412, -6.377589999578639, 0.0 ], [ 106.593720000178081, -6.377669999670612, 0.0 ], [ 106.593199999580492, -6.377889999923383, 0.0 ], [ 106.592860000089075, -6.377979999577157, 0.0 ], [ 106.59275999997422, -6.377949999992296, 0.0 ], [ 106.59275999997422, -6.377889999923383, 0.0 ], [ 106.592889999673943, -6.377720000177725, 0.0 ], [ 106.593190000018595, -6.377319999718036, 0.0 ], [ 106.593160000433826, -6.377109999926436, 0.0 ], [ 106.593100000364913, -6.376969999765461, 0.0 ], [ 106.593049999857797, -6.376880000111775, 0.0 ], [ 106.592869999650972, -6.376659999858916, 0.0 ], [ 106.59267999988225, -6.3765300001592, 0.0 ], [ 106.592320000367963, -6.376410000021373, 0.0 ], [ 106.591580000416869, -6.376180000206624, 0.0 ], [ 106.591509999886696, -6.376109999676629, 0.0 ], [ 106.591400000210044, -6.37591000034611, 0.0 ], [ 106.591360000164102, -6.37569999965514, 0.0 ], [ 106.591409999771841, -6.375549999932364, 0.0 ], [ 106.59152000034787, -6.37546999984048, 0.0 ], [ 106.591779999747388, -6.375389999748506, 0.0 ], [ 106.592060000069154, -6.375329999679593, 0.0 ], [ 106.592340000390934, -6.37526000004879, 0.0 ], [ 106.592369999975702, -6.375170000395016, 0.0 ], [ 106.592320000367963, -6.375019999773048, 0.0 ], [ 106.592260000298964, -6.374800000419469, 0.0 ], [ 106.592229999814819, -6.374419999982841, 0.0 ], [ 106.592298532651384, -6.374145867737493, 0.0 ], [ 106.592300000344906, -6.374139999661068, 0.0 ], [ 106.592399999560485, -6.374059999569184, 0.0 ], [ 106.592630000274511, -6.374009999961352, 0.0 ], [ 106.592739999951249, -6.374059999569184, 0.0 ], [ 106.593040000296, -6.374310000306096, 0.0 ], [ 106.593580000017113, -6.374709999866504, 0.0 ], [ 106.593680000132053, -6.374720000327585, 0.0 ], [ 106.593740000201052, -6.374720000327585, 0.0 ], [ 106.593860000338879, -6.37462999977453, 0.0 ], [ 106.593959999554457, -6.374480000051754, 0.0 ], [ 106.594010000061658, -6.374259999798984, 0.0 ], [ 106.5940500001076, -6.374040000445493, 0.0 ], [ 106.594079999692383, -6.373949999892439, 0.0 ], [ 106.594110000176514, -6.373689999593637, 0.0 ], [ 106.59411999973841, -6.373399999710063, 0.0 ], [ 106.5940500001076, -6.372329999829454, 0.0 ], [ 106.594090000153543, -6.372100000014793, 0.0 ], [ 106.594179999807324, -6.371990000338048, 0.0 ], [ 106.594245806798739, -6.371964930836729, 0.0 ], [ 106.594389999599002, -6.371910000246164, 0.0 ], [ 106.594959999804274, -6.371680000431503, 0.0 ], [ 106.595099999965242, -6.37162000036259, 0.0 ], [ 106.59532000021801, -6.371460000178732, 0.0 ], [ 106.595469999940789, -6.371309999556676, 0.0 ], [ 106.595610000101587, -6.371079999742015, 0.0 ], [ 106.595730000239499, -6.370800000319612, 0.0 ], [ 106.59575000026247, -6.370609999651613, 0.0 ], [ 106.595732515643206, -6.370566289902193, 0.0 ], [ 106.595690000193557, -6.370459999928837, 0.0 ], [ 106.595559999594471, -6.370359999813981, 0.0 ], [ 106.59538999984882, -6.370319999768039, 0.0 ], [ 106.595280000172068, -6.37031000020615, 0.0 ], [ 106.594669999920697, -6.370230000114265, 0.0 ], [ 106.594449999667916, -6.370199999630124, 0.0 ], [ 106.594279999922179, -6.370230000114265, 0.0 ], [ 106.59388000036185, -6.370270000160208, 0.0 ], [ 106.593580000017113, -6.37031000020615, 0.0 ], [ 106.593339999741374, -6.370270000160208, 0.0 ], [ 106.593140000410855, -6.370230000114265, 0.0 ], [ 106.592969999765828, -6.370089999953379, 0.0 ], [ 106.592900000135018, -6.36990999974655, 0.0 ], [ 106.592900000135018, -6.369780000046834, 0.0 ], [ 106.592926748670678, -6.369716471937483, 0.0 ], [ 106.592980000226987, -6.369590000278116, 0.0 ], [ 106.593250000087593, -6.369240000325629, 0.0 ], [ 106.593559999994142, -6.368890000373053, 0.0 ], [ 106.593740000201052, -6.368690000143165, 0.0 ], [ 106.593889999923746, -6.368440000305622, 0.0 ], [ 106.59401999962347, -6.368229999614652, 0.0 ], [ 106.594030000084629, -6.368110000376106, 0.0 ], [ 106.593959999554457, -6.368030000284133, 0.0 ], [ 106.593860000338879, -6.36797999977702, 0.0 ], [ 106.593720000178081, -6.36797999977702, 0.0 ], [ 106.593430000294433, -6.367990000238102, 0.0 ], [ 106.593120000387884, -6.368030000284133, 0.0 ], [ 106.592619999813337, -6.368059999868905, 0.0 ], [ 106.592479999652454, -6.368050000307104, 0.0 ], [ 106.592300000344906, -6.36797999977702, 0.0 ], [ 106.592120000138067, -6.367870000100275, 0.0 ], [ 106.592040000046183, -6.367769999985331, 0.0 ], [ 106.591956664368723, -6.367647446672144, 0.0 ], [ 106.591870000300446, -6.367520000147788, 0.0 ], [ 106.591719999678389, -6.367230000264126, 0.0 ], [ 106.591560000393898, -6.367070000080268, 0.0 ], [ 106.591409999771841, -6.366960000403523, 0.0 ], [ 106.591280000072118, -6.366800000219666, 0.0 ], [ 106.591229999565016, -6.36668999964364, 0.0 ], [ 106.591204002862625, -6.366560014333036, 0.0 ], [ 106.591190000418351, -6.366490000313121, 0.0 ], [ 106.591220000003119, -6.366390000198177, 0.0 ], [ 106.59132000011806, -6.366149999922435, 0.0 ], [ 106.59152000034787, -6.365880000061832, 0.0 ], [ 106.591699999655418, -6.365599999740059, 0.0 ], [ 106.591779999747388, -6.365450000017372, 0.0 ], [ 106.591779999747388, -6.365380000386569, 0.0 ], [ 106.591719999678389, -6.365229999764512, 0.0 ], [ 106.591630000024708, -6.364999999949852, 0.0 ], [ 106.591610000001637, -6.364930000319049, 0.0 ], [ 106.591639999586505, -6.364859999789054, 0.0 ], [ 106.591719999678389, -6.36475999967411, 0.0 ], [ 106.591939999931242, -6.364549999882421, 0.0 ], [ 106.592015537587116, -6.36446113157584, 0.0 ], [ 106.592109999676907, -6.364349999652532, 0.0 ], [ 106.592209999791848, -6.364170000345073, 0.0 ], [ 106.592229999814819, -6.364010000161215, 0.0 ], [ 106.592200000229951, -6.363829999954387, 0.0 ], [ 106.592140000161038, -6.363640000185669, 0.0 ], [ 106.591990000438358, -6.363399999909927, 0.0 ], [ 106.591759999724417, -6.363119999588154, 0.0 ], [ 106.591730000139563, -6.36302999993438, 0.0 ], [ 106.591750000162534, -6.362949999842407, 0.0 ], [ 106.591790000208476, -6.362860000188633, 0.0 ], [ 106.591979999977184, -6.362670000420003, 0.0 ], [ 106.592369999975702, -6.362390000098319, 0.0 ], [ 106.59253000015957, -6.362229999914373, 0.0 ], [ 106.592559999744338, -6.362089999753575, 0.0 ], [ 106.592559999744338, -6.362009999661602, 0.0 ], [ 106.592470000090557, -6.361850000377025, 0.0 ], [ 106.592380000436876, -6.361790000308112, 0.0 ], [ 106.592240000275993, -6.361730000239199, 0.0 ], [ 106.591959999954213, -6.361659999709026, 0.0 ], [ 106.591894841374, -6.361594841128895, 0.0 ], [ 106.591879999862243, -6.361579999617142, 0.0 ], [ 106.591810000231447, -6.361460000378507, 0.0 ], [ 106.591810000231447, -6.361220000102765, 0.0 ], [ 106.591839999816301, -6.361010000311165, 0.0 ], [ 106.591879999862243, -6.360799999620106, 0.0 ], [ 106.591959999954213, -6.360589999828417, 0.0 ], [ 106.592020000023211, -6.360349999552675, 0.0 ], [ 106.592060000069154, -6.360150000222156, 0.0 ], [ 106.592089999653936, -6.360019999623159, 0.0 ], [ 106.592140000161038, -6.359909999946325, 0.0 ], [ 106.592229999814819, -6.359729999739585, 0.0 ], [ 106.592380000436876, -6.35960000003978, 0.0 ], [ 106.59253000015957, -6.359450000317093, 0.0 ], [ 106.59261000025154, -6.35939000024818, 0.0 ], [ 106.592710000366395, -6.359310000156206, 0.0 ], [ 106.592869999650972, -6.35916999999532, 0.0 ], [ 106.592929999719885, -6.359060000318575, 0.0 ], [ 106.592960000204016, -6.358960000203719, 0.0 ], [ 106.59296526573462, -6.358942448135299, 0.0 ], [ 106.592964396989444, -6.358961046115255, 0.0 ], [ 106.593025425882942, -6.359123655232359, 0.0 ], [ 106.593086455675547, -6.359203279407701, 0.0 ], [ 106.59309409721503, -6.359371618105527, 0.0 ], [ 106.593063582318649, -6.359453152440899, 0.0 ], [ 106.592933882093149, -6.35958473764541, 0.0 ], [ 106.592888085916613, -6.359682037096128, 0.0 ], [ 106.592910983555242, -6.359744009378367, 0.0 ], [ 106.593216155901032, -6.359962883679984, 0.0 ], [ 106.593322981870259, -6.360239935124792, 0.0 ], [ 106.593361113125042, -6.36033624262339, 0.0 ], [ 106.593551867424949, -6.36041637491557, 0.0 ], [ 106.593689184008738, -6.360435427952496, 0.0 ], [ 106.593696800367212, -6.360674323860795, 0.0 ], [ 106.593696800367212, -6.360944217601396, 0.0 ], [ 106.593513710989157, -6.361368620265431, 0.0 ], [ 106.593445040556347, -6.361499746815671, 0.0 ], [ 106.593460297554856, -6.36191602500439, 0.0 ], [ 106.593521328246908, -6.362375681092693, 0.0 ], [ 106.593574765063494, -6.362521097870246, 0.0 ], [ 106.593719698005842, -6.362669415860669, 0.0 ], [ 106.593864656129128, -6.362728075939774, 0.0 ], [ 106.593902810766266, -6.362702807688283, 0.0 ], [ 106.594124079962484, -6.362550670277081, 0.0 ], [ 106.594703908858492, -6.362350413740483, 0.0 ], [ 106.595077751637092, -6.36230749539445, 0.0 ], [ 106.595276098013741, -6.362331336421914, 0.0 ], [ 106.595398180981391, -6.362425758042125, 0.0 ], [ 106.595482085030341, -6.362479630130693, 0.0 ], [ 106.595665197790851, -6.362487731223645, 0.0 ], [ 106.595817772272525, -6.362501102343856, 0.0 ], [ 106.595993244392915, -6.362509201638247, 0.0 ], [ 106.596222153329876, -6.362522550275287, 0.0 ], [ 106.596618870364736, -6.362752861255352, 0.0 ], [ 106.596763826689454, -6.362826295397053, 0.0 ], [ 106.596832497122179, -6.362752378319438, 0.0 ], [ 106.596878269017083, -6.362684190822545, 0.0 ], [ 106.597336040126365, -6.36276956975971, 0.0 ], [ 106.597519127705766, -6.362655103150274, 0.0 ], [ 106.597641211572778, -6.362631745958183, 0.0 ], [ 106.597763271158243, -6.362566436291885, 0.0 ], [ 106.597862455588071, -6.362423389227825, 0.0 ], [ 106.597755653900492, -6.362242646180984, 0.0 ], [ 106.597656468571387, -6.362162538170448, 0.0 ], [ 106.597633595214404, -6.362035207658536, 0.0 ], [ 106.59767172736845, -6.361854513175071, 0.0 ], [ 106.597709882005589, -6.361750565036441, 0.0 ], [ 106.597664085829052, -6.361609886786681, 0.0 ], [ 106.597595415396242, -6.361475906687577, 0.0 ], [ 106.597603080318095, -6.36134381336614, 0.0 ], [ 106.597618313934248, -6.361261335642023, 0.0 ], [ 106.597572566321077, -6.361237955067391, 0.0 ], [ 106.597435224556094, -6.361257974875425, 0.0 ], [ 106.597534409885299, -6.360837877266103, 0.0 ], [ 106.597435224556094, -6.360792105371207, 0.0 ], [ 106.59739709330141, -6.360707694104608, 0.0 ], [ 106.597114770930062, -6.360594702383384, 0.0 ], [ 106.596763826689454, -6.360112630693173, 0.0 ], [ 106.596725696333962, -6.359932394863979, 0.0 ], [ 106.597030867780475, -6.359502745555137, 0.0 ], [ 106.597099538213286, -6.359362068204746, 0.0 ], [ 106.5973284228686, -6.35934584443504, 0.0 ], [ 106.597435224556094, -6.35928723202003, 0.0 ], [ 106.597465740351851, -6.359223809131311, 0.0 ], [ 106.597358914382539, -6.359096478619488, 0.0 ], [ 106.597259753335081, -6.359027325250679, 0.0 ], [ 106.597244471155562, -6.358903354605996, 0.0 ], [ 106.597755653900492, -6.35877034307665, 0.0 ], [ 106.598091341142663, -6.358706436352826, 0.0 ], [ 106.59824391472506, -6.358739345244437, 0.0 ], [ 106.598365998592158, -6.358829438427662, 0.0 ], [ 106.598449926023392, -6.359055954268769, 0.0 ], [ 106.598510955816167, -6.35919518101268, 0.0 ], [ 106.598701710115989, -6.359341080726146, 0.0 ], [ 106.599022138561011, -6.359362069104026, 0.0 ], [ 106.599457011132387, -6.359395944766923, 0.0 ], [ 106.599495143286362, -6.359357790129785, 0.0 ], [ 106.599510423667311, -6.359306286855517, 0.0 ], [ 106.599571430077646, -6.359461738268504, 0.0 ], [ 106.599640099611079, -6.359592405265104, 0.0 ], [ 106.599876625805791, -6.359752596105253, 0.0 ], [ 106.601303324688828, -6.36090035856455, 0.0 ], [ 106.601570342397565, -6.361057721036847, 0.0 ], [ 106.601539826601908, -6.361165005660343, 0.0 ], [ 106.601770115998249, -6.361283024591771, 0.0 ], [ 106.601844998947698, -6.361321401361444, 0.0 ], [ 106.602096783040295, -6.361381486866016, 0.0 ], [ 106.602241740264304, -6.361442057105062, 0.0 ], [ 106.602302769157617, -6.361468267846107, 0.0 ], [ 106.602325667695609, -6.361480189259208, 0.0 ], [ 106.602752923009149, -6.361663277737897, 0.0 ], [ 106.602874981695237, -6.361667098057957, 0.0 ], [ 106.603042814074783, -6.361612742134195, 0.0 ], [ 106.603210668937407, -6.361729579356492, 0.0 ], [ 106.603393758315477, -6.361899320097422, 0.0 ], [ 106.603399987919232, -6.361899550323837, 0.0 ] ] ] ] } },
{ "type": "Feature", "properties": { "PROVNO": "32", "KABKOTNO": "01", "KECNO": "260", "DESANO": "014", "PROVINSI": "JAWA BARAT", "KABKOT": "BOGOR", "KECAMATAN": "RUMPIN", "ID2013": "3201260014", "DESA": "CIDOKOM", "DESA_1": "MEKARJAYA", "ID2012": "3201260002", "IDKAB2": "3201", "IDKEC_2": "3201260", "WILAYAH": "BARAT" }, "geometry": { "type": "MultiPolygon", "coordinates": [ [ [ [ 106.679303022242024, -6.530993022237332, 0.0 ], [ 106.67918999991879, -6.530879999911878, 0.0 ], [ 106.678960000104226, -6.530879999911878, 0.0 ], [ 106.678559999644449, -6.531100000164738, 0.0 ], [ 106.678019999923237, -6.531719999977739, 0.0 ], [ 106.67768000043192, -6.532120000437516, 0.0 ], [ 106.676970000065609, -6.532370000275058, 0.0 ], [ 106.676039857353771, -6.532557276896558, 0.0 ], [ 106.675479999702418, -6.532669999720522, 0.0 ], [ 106.674735706387978, -6.532839533617487, 0.0 ], [ 106.673680000331984, -6.533079999742011, 0.0 ], [ 106.673179999757437, -6.533230000364068, 0.0 ], [ 106.672650687579349, -6.533448445689007, 0.0 ], [ 106.672550000382458, -6.533489999763411, 0.0 ], [ 106.672219999553661, -6.53371999957816, 0.0 ], [ 106.67208000029197, -6.534019999922904, 0.0 ], [ 106.671860000039104, -6.534449999967276, 0.0 ], [ 106.67151999964851, -6.534730000289048, 0.0 ], [ 106.670810000181646, -6.534830000404082, 0.0 ], [ 106.670119999838292, -6.534929999619568, 0.0 ], [ 106.670052519208582, -6.534961965122346, 0.0 ], [ 106.669800485104602, -6.535081349224683, 0.0 ], [ 106.669740000300948, -6.535109999826396, 0.0 ], [ 106.668900000234999, -6.535940000330545, 0.0 ], [ 106.668260000398931, -6.536399999959865, 0.0 ], [ 106.66787999996231, -6.536540000120663, 0.0 ], [ 106.667500000424866, -6.536520000097692, 0.0 ], [ 106.667251062686631, -6.536405904009115, 0.0 ], [ 106.667019999873304, -6.53629999984501, 0.0 ], [ 106.6666099998519, -6.536029999984319, 0.0 ], [ 106.666030000084746, -6.535689999593632, 0.0 ], [ 106.665871022430068, -6.535633889991779, 0.0 ], [ 106.665519999948231, -6.535510000286173, 0.0 ], [ 106.665120000388001, -6.535430000194111, 0.0 ], [ 106.664410000021761, -6.535490000263202, 0.0 ], [ 106.663899999885246, -6.535809999731459, 0.0 ], [ 106.663167403153253, -6.536271854662203, 0.0 ], [ 106.662979999727412, -6.536390000397976, 0.0 ], [ 106.662852069367688, -6.536437660869101, 0.0 ], [ 106.661960000354, -6.536769999935323, 0.0 ], [ 106.660790000358446, -6.537030000234125, 0.0 ], [ 106.66078706407194, -6.537030436405402, 0.0 ], [ 106.660520032873364, -6.537070129782521, 0.0 ], [ 106.660482788350265, -6.537075666008931, 0.0 ], [ 106.660050000407438, -6.53713999991087, 0.0 ], [ 106.659680000431891, -6.53711000032601, 0.0 ], [ 106.659340000041212, -6.536959999703953, 0.0 ], [ 106.659019999673404, -6.536740000350463, 0.0 ], [ 106.658827063618276, -6.536671904584548, 0.0 ], [ 106.658680000182088, -6.536620000212636, 0.0 ], [ 106.658049999907831, -6.536640000235607, 0.0 ], [ 106.657229999864768, -6.536890000073328, 0.0 ], [ 106.656489203114418, -6.537292408017983, 0.0 ], [ 106.656420000282949, -6.5373299996795, 0.0 ], [ 106.656289999683963, -6.537699999655135, 0.0 ], [ 106.656500000374933, -6.538269999860393, 0.0 ], [ 106.657029999635057, -6.538499999675054, 0.0 ], [ 106.657320000417911, -6.538679999881971, 0.0 ], [ 106.657370000025651, -6.538860000088711, 0.0 ], [ 106.657345381084724, -6.539198513000812, 0.0 ], [ 106.657329999979709, -6.539410000271086, 0.0 ], [ 106.657100000165045, -6.539669999670519, 0.0 ], [ 106.656610000051671, -6.539769999785463, 0.0 ], [ 106.656249999638021, -6.539809999831405, 0.0 ], [ 106.656090260257542, -6.540032391381558, 0.0 ], [ 106.655961402696732, -6.540373274906432, 0.0 ], [ 106.655419886718633, -6.541334533261836, 0.0 ], [ 106.65535470025938, -6.541379026320762, 0.0 ], [ 106.654588439205298, -6.541902027956006, 0.0 ], [ 106.654336179371313, -6.541798605021345, 0.0 ], [ 106.654127381973268, -6.541703728344164, 0.0 ], [ 106.653962020031443, -6.541608706876136, 0.0 ], [ 106.653805485834724, -6.541557094783936, 0.0 ], [ 106.653596231581062, -6.541323215293939, 0.0 ], [ 106.653291395581689, -6.541080962216519, 0.0 ], [ 106.653096493608558, -6.540919610351494, 0.0 ], [ 106.653030078675442, -6.540864627600254, 0.0 ], [ 106.652229612806565, -6.540476312031931, 0.0 ], [ 106.651464402160698, -6.540485846644319, 0.0 ], [ 106.651282784972835, -6.540488110237987, 0.0 ], [ 106.65070122757983, -6.540629023210656, 0.0 ], [ 106.650433136080608, -6.540994788278667, 0.0 ], [ 106.650399458268694, -6.541255492746547, 0.0 ], [ 106.650339948330114, -6.541716174961234, 0.0 ], [ 106.650228159901914, -6.542064050715126, 0.0 ], [ 106.649932973627998, -6.542318237796199, 0.0 ], [ 106.649612794295265, -6.542491770078964, 0.0 ], [ 106.649255865965614, -6.542258371726319, 0.0 ], [ 106.649241737616279, -6.542206390912, 0.0 ], [ 106.649159142980267, -6.541902492006137, 0.0 ], [ 106.649779746238465, -6.540423541612963, 0.0 ], [ 106.649793585905485, -6.539346216754307, 0.0 ], [ 106.649853424995868, -6.539050638376089, 0.0 ], [ 106.649826823049722, -6.538885658646034, 0.0 ], [ 106.649513387732895, -6.538669493102436, 0.0 ], [ 106.649261615331483, -6.538713757733507, 0.0 ], [ 106.649254858725016, -6.53872241640622, 0.0 ], [ 106.64869068162993, -6.539445399385482, 0.0 ], [ 106.648432158017897, -6.540080452051047, 0.0 ], [ 106.648207867998991, -6.540559012787952, 0.0 ], [ 106.648017556165584, -6.54080289273903, 0.0 ], [ 106.647879193670079, -6.540994477113173, 0.0 ], [ 106.647826935864614, -6.541005107999212, 0.0 ], [ 106.647765458209477, -6.541017613971558, 0.0 ], [ 106.64757535591805, -6.541056286618154, 0.0 ], [ 106.647165454822144, -6.540562429312526, 0.0 ], [ 106.647222159775055, -6.540133069585377, 0.0 ], [ 106.647275652349691, -6.539728043714135, 0.0 ], [ 106.64709163577065, -6.539242132817904, 0.0 ], [ 106.646743369710919, -6.539000017336818, 0.0 ], [ 106.64609571304689, -6.538622892931958, 0.0 ], [ 106.645544789260839, -6.538606125072501, 0.0 ], [ 106.644933798855902, -6.538858568368102, 0.0 ], [ 106.644901711944641, -6.538361102982417, 0.0 ], [ 106.644688126556062, -6.538250103259404, 0.0 ], [ 106.644500207818595, -6.538225331433658, 0.0 ], [ 106.644367866284156, -6.538119141285073, 0.0 ], [ 106.644422365200199, -6.537707706844955, 0.0 ], [ 106.644549999682923, -6.536620000212636, 0.0 ], [ 106.644299999845288, -6.535650000446971, 0.0 ], [ 106.644319999868259, -6.534940000080738, 0.0 ], [ 106.644540000121211, -6.534360000313502, 0.0 ], [ 106.64501999977341, -6.533890000223188, 0.0 ], [ 106.645261596345847, -6.533594045029059, 0.0 ], [ 106.645420000233102, -6.533400000109637, 0.0 ], [ 106.645289999634016, -6.533329999579642, 0.0 ], [ 106.645079999842324, -6.533190000318125, 0.0 ], [ 106.644979999727383, -6.53305999971904, 0.0 ], [ 106.644939999681441, -6.532919999558064, 0.0 ], [ 106.644959999704412, -6.532829999904468, 0.0 ], [ 106.644990000188557, -6.532660000158721, 0.0 ], [ 106.645269999611045, -6.532689999743493, 0.0 ], [ 106.645360000164089, -6.532740000250694, 0.0 ], [ 106.645650000047581, -6.532789999858348, 0.0 ], [ 106.645819999793332, -6.532780000296636, 0.0 ], [ 106.64602999958511, -6.532700000204574, 0.0 ], [ 106.646260000299051, -6.532540000020806, 0.0 ], [ 106.646539999721455, -6.532350000252087, 0.0 ], [ 106.646699999905309, -6.532299999745064, 0.0 ], [ 106.646789999559076, -6.532199999630031, 0.0 ], [ 106.64688999967403, -6.532139999561117, 0.0 ], [ 106.646969999765915, -6.532100000414545, 0.0 ], [ 106.647199999580579, -6.53198999983843, 0.0 ], [ 106.647450000317491, -6.531869999700604, 0.0 ], [ 106.647550000432346, -6.531829999654484, 0.0 ], [ 106.64794000043095, -6.531690000392967, 0.0 ], [ 106.648279999922266, -6.531430000094165, 0.0 ], [ 106.648620000312945, -6.531189999818512, 0.0 ], [ 106.648759999574466, -6.531129999749421, 0.0 ], [ 106.648890000173552, -6.531100000164738, 0.0 ], [ 106.649019999873275, -6.531120000187709, 0.0 ], [ 106.649090000403447, -6.531189999818512, 0.0 ], [ 106.649130000449389, -6.531260000348507, 0.0 ], [ 106.649240000126127, -6.531289999933367, 0.0 ], [ 106.649440000355924, -6.531169999795541, 0.0 ], [ 106.649719999778426, -6.530930000418991, 0.0 ], [ 106.649859999939309, -6.530839999865847, 0.0 ], [ 106.649960000054165, -6.530779999796934, 0.0 ], [ 106.650080000192077, -6.530750000212073, 0.0 ], [ 106.650319999568538, -6.530810000281164, 0.0 ], [ 106.650590000328421, -6.53091999995782, 0.0 ], [ 106.65068471512771, -6.530938943277445, 0.0 ], [ 106.650840000166056, -6.530969999565652, 0.0 ], [ 106.650909999796852, -6.530969999565652, 0.0 ], [ 106.651110000026748, -6.530969999565652, 0.0 ], [ 106.651310000256629, -6.530899999934849, 0.0 ], [ 106.651489999564006, -6.530799999819905, 0.0 ], [ 106.651517537704393, -6.530791694580831, 0.0 ], [ 106.652119999838263, -6.530610000051276, 0.0 ], [ 106.652440000205985, -6.530529999959391, 0.0 ], [ 106.652640000435866, -6.530500000374531, 0.0 ], [ 106.652779999697557, -6.530520000397502, 0.0 ], [ 106.652979999927268, -6.530590000028305, 0.0 ], [ 106.653149999672934, -6.530610000051276, 0.0 ], [ 106.653340000340933, -6.530549999982362, 0.0 ], [ 106.653479999602538, -6.53048000035156, 0.0 ], [ 106.653579999717479, -6.530460000328588, 0.0 ], [ 106.653900000085201, -6.53050999993642, 0.0 ], [ 106.653960000154115, -6.530540000420473, 0.0 ], [ 106.653989999738883, -6.530489999913449, 0.0 ], [ 106.653989999738883, -6.530380000236704, 0.0 ], [ 106.654040000245999, -6.530309999706532, 0.0 ], [ 106.654140000360854, -6.530280000121671, 0.0 ], [ 106.654330000129562, -6.530309999706532, 0.0 ], [ 106.654430000244602, -6.530369999775445, 0.0 ], [ 106.654490000313515, -6.53048000035156, 0.0 ], [ 106.654530000359458, -6.530560000443444, 0.0 ], [ 106.654620000013225, -6.530610000051276, 0.0 ], [ 106.654889999873831, -6.530590000028305, 0.0 ], [ 106.6549699999658, -6.530590000028305, 0.0 ], [ 106.65523000026451, -6.530830000304135, 0.0 ], [ 106.655379999987204, -6.530960000003763, 0.0 ], [ 106.655569999755841, -6.531180000256622, 0.0 ], [ 106.655749999962751, -6.531479999701997, 0.0 ], [ 106.655850000077606, -6.53176000002377, 0.0 ], [ 106.655954166751556, -6.531767309713334, 0.0 ], [ 106.656420000282949, -6.531800000069712, 0.0 ], [ 106.656919999958305, -6.531809999631513, 0.0 ], [ 106.657539999771487, -6.531479999701997, 0.0 ], [ 106.658100000414848, -6.53069000014316, 0.0 ], [ 106.658769999835869, -6.529079999642065, 0.0 ], [ 106.659190000318432, -6.527630000224107, 0.0 ], [ 106.659170000295461, -6.527519999648081, 0.0 ], [ 106.65915000027249, -6.527340000340622, 0.0 ], [ 106.65915000027249, -6.527149999672623, 0.0 ], [ 106.65915000027249, -6.526890000273013, 0.0 ], [ 106.659210000341403, -6.5266299999743, 0.0 ], [ 106.659279999972298, -6.526440000205671, 0.0 ], [ 106.659279999972298, -6.526289999583614, 0.0 ], [ 106.659239999926356, -6.526119999837956, 0.0 ], [ 106.659079999742318, -6.525870000000324, 0.0 ], [ 106.658999999650433, -6.525709999816378, 0.0 ], [ 106.658990232113695, -6.52557325520128, 0.0 ], [ 106.658990000088551, -6.52556999965558, 0.0 ], [ 106.659019999673404, -6.525459999978835, 0.0 ], [ 106.659090000203577, -6.525250000187146, 0.0 ], [ 106.65907000018052, -6.525020000372574, 0.0 ], [ 106.659059999719346, -6.524920000257541, 0.0 ], [ 106.658999999650433, -6.524599999889826, 0.0 ], [ 106.658930000019637, -6.52447000019011, 0.0 ], [ 106.658809999881811, -6.524370000075255, 0.0 ], [ 106.658700000205059, -6.524260000398598, 0.0 ], [ 106.658669999720829, -6.524180000306536, 0.0 ], [ 106.658700000205059, -6.523949999592595, 0.0 ], [ 106.65872000022803, -6.523819999892879, 0.0 ], [ 106.658849999927753, -6.52361000010119, 0.0 ], [ 106.658936234803079, -6.523104912048918, 0.0 ], [ 106.659610000000129, -6.523397999999894, 0.0 ], [ 106.659692458873195, -6.523391920472168, 0.0 ], [ 106.659727, -6.523261, 0.0 ], [ 106.659807, -6.52313, 0.0 ], [ 106.659911, -6.523052, 0.0 ], [ 106.660005, -6.523032, 0.0 ], [ 106.660143, -6.523066, 0.0 ], [ 106.660246, -6.52310799999988, 0.0 ], [ 106.660285000000115, -6.523081, 0.0 ], [ 106.660366865930243, -6.523001375974982, 0.0 ], [ 106.660428, -6.522915, 0.0 ], [ 106.66046, -6.522778, 0.0 ], [ 106.660481762360391, -6.522673191855102, 0.0 ], [ 106.660514, -6.522549999999896, 0.0 ], [ 106.660574000000139, -6.522497999999857, 0.0 ], [ 106.660575586816861, -6.522442990335566, 0.0 ], [ 106.660577, -6.522393999999867, 0.0 ], [ 106.6605950000001, -6.522227, 0.0 ], [ 106.660803999999899, -6.522177, 0.0 ], [ 106.660985, -6.522133999999848, 0.0 ], [ 106.661341, -6.522076, 0.0 ], [ 106.661424, -6.522077, 0.0 ], [ 106.661552, -6.522185999999888, 0.0 ], [ 106.66161, -6.522242, 0.0 ], [ 106.661726, -6.52226199999987, 0.0 ], [ 106.661799999999886, -6.522255, 0.0 ], [ 106.661866932256331, -6.52221474336713, 0.0 ], [ 106.661932385586638, -6.522184772975805, 0.0 ], [ 106.662057, -6.522107, 0.0 ], [ 106.662214, -6.52205, 0.0 ], [ 106.662334, -6.522033, 0.0 ], [ 106.662437, -6.522082, 0.0 ], [ 106.662495, -6.522109, 0.0 ], [ 106.662561, -6.522090999999843, 0.0 ], [ 106.662585, -6.52202, 0.0 ], [ 106.662634, -6.521978, 0.0 ], [ 106.662685, -6.521955, 0.0 ], [ 106.662791, -6.521685, 0.0 ], [ 106.662838207475161, -6.521632082118103, 0.0 ], [ 106.662903459469717, -6.521541090075669, 0.0 ], [ 106.662983855279464, -6.521455091247077, 0.0 ], [ 106.66305, -6.521386, 0.0 ], [ 106.663213, -6.521303, 0.0 ], [ 106.663311000000107, -6.521282, 0.0 ], [ 106.663512858494215, -6.52131718113699, 0.0 ], [ 106.663752, -6.521379, 0.0 ], [ 106.663861150084713, -6.521426981495395, 0.0 ], [ 106.663925, -6.521465, 0.0 ], [ 106.664107, -6.52152799999989, 0.0 ], [ 106.664295, -6.521570999999895, 0.0 ], [ 106.664439000000101, -6.521524, 0.0 ], [ 106.664714, -6.521542, 0.0 ], [ 106.664915510955851, -6.521574796038312, 0.0 ], [ 106.665223263801551, -6.521624211346779, 0.0 ], [ 106.665546043939997, -6.521643317903028, 0.0 ], [ 106.665721, -6.521662, 0.0 ], [ 106.665934225311574, -6.521616819815037, 0.0 ], [ 106.666072000000113, -6.521569, 0.0 ], [ 106.666146340814777, -6.521523121181119, 0.0 ], [ 106.666241311736215, -6.521464510654109, 0.0 ], [ 106.666281, -6.521424, 0.0 ], [ 106.666347, -6.521283, 0.0 ], [ 106.666368, -6.521136, 0.0 ], [ 106.666388, -6.521068, 0.0 ], [ 106.666462999999879, -6.521038, 0.0 ], [ 106.666597905439943, -6.52103466450539, 0.0 ], [ 106.666837, -6.521071, 0.0 ], [ 106.667062055249374, -6.521108777580444, 0.0 ], [ 106.667226, -6.521145, 0.0 ], [ 106.667531680945473, -6.521313993914504, 0.0 ], [ 106.667957, -6.521565, 0.0 ], [ 106.668202, -6.521706, 0.0 ], [ 106.668446, -6.521807, 0.0 ], [ 106.668779219898866, -6.521935216838717, 0.0 ], [ 106.669046563346427, -6.522042281024056, 0.0 ], [ 106.66904696380405, -6.522051184745195, 0.0 ], [ 106.669068617325948, -6.522051113067242, 0.0 ], [ 106.670110740055662, -6.522879280714946, 0.0 ], [ 106.67047641356092, -6.523449806740835, 0.0 ], [ 106.671671862356249, -6.52349782003089, 0.0 ], [ 106.67287041472818, -6.524481389488059, 0.0 ], [ 106.674281984567955, -6.52570276357979, 0.0 ], [ 106.674486102137024, -6.525879377279367, 0.0 ], [ 106.675270642715034, -6.527384073954448, 0.0 ], [ 106.676417761001076, -6.528523729700488, 0.0 ], [ 106.677528484549413, -6.529387151677426, 0.0 ], [ 106.677616161136385, -6.529455306888412, 0.0 ], [ 106.678709068380641, -6.529919448537882, 0.0 ], [ 106.679439407040505, -6.530748627840257, 0.0 ], [ 106.679303022242024, -6.530993022237332, 0.0 ] ] ] ] } }
]
}
