{
"type": "FeatureCollection",
"name": "SUKARAJA",
"crs": { "type": "name", "properties": { "name": "urn:ogc:def:crs:OGC:1.3:CRS84" } },
"features": [
{ "type": "Feature", "properties": { "PROVNO": "32", "KABKOTNO": "01", "KECNO": "130", "DESANO": "001", "PROVINSI": "JAWA BARAT", "KABKOT": "BOGOR", "KECAMATAN": "SUKARAJA", "ID2013": "3201130001", "DESA": "CIBANON", "DESA_1": "CIBANON", "ID2012": "3201130001", "IDKAB2": "3201", "IDKEC_2": "3201130", "WILAYAH": "TENGAH" }, "geometry": { "type": "MultiPolygon", "coordinates": [ [ [ [ 106.842999999750404, -6.619019999573119, 0.0 ], [ 106.843329999679924, -6.619079999642121, 0.0 ], [ 106.843440000256038, -6.619110000126263, 0.0 ], [ 106.843750000162572, -6.619170000195176, 0.0 ], [ 106.844080000092092, -6.61927000031012, 0.0 ], [ 106.844269999860813, -6.619390000448035, 0.0 ], [ 106.844419519345522, -6.619533289429604, 0.0 ], [ 106.844510000136552, -6.619620000262607, 0.0 ], [ 106.84457000020555, -6.619709999916381, 0.0 ], [ 106.844590000228521, -6.619799999570155, 0.0 ], [ 106.84456899206549, -6.619838195576069, 0.0 ], [ 106.844479999652407, -6.619999999799955, 0.0 ], [ 106.844419999583494, -6.62011999993787, 0.0 ], [ 106.844410000021611, -6.620229999614615, 0.0 ], [ 106.84447000009061, -6.620320000167759, 0.0 ], [ 106.844610000251492, -6.620400000259643, 0.0 ], [ 106.844770000435361, -6.620489999913417, 0.0 ], [ 106.844869999650939, -6.620579999567191, 0.0 ], [ 106.844949999742909, -6.62075999977402, 0.0 ], [ 106.844960000203983, -6.621029999634622, 0.0 ], [ 106.844918025246869, -6.621214690705237, 0.0 ], [ 106.844909999696881, -6.621249999887393, 0.0 ], [ 106.844650000297435, -6.621579999816998, 0.0 ], [ 106.844510000136552, -6.621749999562656, 0.0 ], [ 106.844269999860813, -6.621980000276597, 0.0 ], [ 106.844109999676874, -6.622139999561174, 0.0 ], [ 106.84395999995418, -6.62227999972206, 0.0 ], [ 106.843859999839324, -6.622450000367088, 0.0 ], [ 106.843739999701413, -6.622820000342546, 0.0 ], [ 106.843580000416836, -6.623239999925925, 0.0 ], [ 106.843510218421983, -6.623424922122325, 0.0 ], [ 106.84338000018704, -6.623770000085329, 0.0 ], [ 106.843369999725866, -6.62420999969159, 0.0 ], [ 106.843360000164068, -6.62440999992139, 0.0 ], [ 106.843400000210011, -6.624690000243163, 0.0 ], [ 106.84352999990972, -6.625000000149708, 0.0 ], [ 106.843650000047631, -6.6252799995722, 0.0 ], [ 106.843750000162572, -6.625439999755969, 0.0 ], [ 106.844180000207047, -6.625769999685573, 0.0 ], [ 106.844249999837842, -6.625820000192686, 0.0 ], [ 106.844499999675378, -6.625940000330601, 0.0 ], [ 106.844770000435361, -6.626009999961315, 0.0 ], [ 106.845005416866684, -6.626068854294012, 0.0 ], [ 106.845009999811822, -6.626070000030317, 0.0 ], [ 106.845439999856282, -6.626359999913891, 0.0 ], [ 106.845589999578962, -6.626469999590636, 0.0 ], [ 106.845809999831829, -6.626480000051806, 0.0 ], [ 106.845990000038654, -6.626469999590636, 0.0 ], [ 106.846219999853318, -6.626669999820436, 0.0 ], [ 106.846389999598969, -6.626800000419522, 0.0 ], [ 106.847079999942238, -6.626999999750041, 0.0 ], [ 106.847240000126092, -6.627099999864896, 0.0 ], [ 106.847389999848787, -6.627240000025871, 0.0 ], [ 106.847520000447872, -6.62740000020964, 0.0 ], [ 106.847710000216495, -6.627480000301613, 0.0 ], [ 106.848040000146099, -6.627549999932416, 0.0 ], [ 106.848209999891765, -6.627580000416557, 0.0 ], [ 106.848370000075619, -6.627679999632132, 0.0 ], [ 106.848510000236502, -6.627790000208158, 0.0 ], [ 106.848869999750875, -6.627810000231218, 0.0 ], [ 106.84897735632012, -6.627817667850913, 0.0 ], [ 106.849009999911772, -6.627819999793019, 0.0 ], [ 106.84911999958851, -6.627870000300131, 0.0 ], [ 106.849259999749307, -6.62804000004579, 0.0 ], [ 106.849399999910275, -6.628300000344591, 0.0 ], [ 106.849419999933247, -6.628399999560166, 0.0 ], [ 106.855359999564442, -6.630970000265126, 0.0 ], [ 106.855579999817309, -6.631039999895929, 0.0 ], [ 106.855730000439365, -6.631119999987813, 0.0 ], [ 106.856100000414898, -6.631300000194731, 0.0 ], [ 106.856159999584449, -6.631329999779503, 0.0 ], [ 106.856660000159081, -6.631579999617134, 0.0 ], [ 106.857019999673369, -6.631779999846934, 0.0 ], [ 106.857145983900239, -6.631862788736544, 0.0 ], [ 106.857320122325973, -6.631977222970278, 0.0 ], [ 106.857369999625945, -6.632009999661594, 0.0 ], [ 106.857440000156032, -6.632049999707537, 0.0 ], [ 106.857770000085637, -6.632229999914365, 0.0 ], [ 106.858180000107126, -6.632450000167225, 0.0 ], [ 106.858670000220499, -6.632670000419996, 0.0 ], [ 106.858850000427324, -6.632769999635659, 0.0 ], [ 106.859089999803786, -6.632880000211685, 0.0 ], [ 106.859160000333958, -6.632920000257627, 0.0 ], [ 106.859240000425842, -6.632969999865459, 0.0 ], [ 106.859359999664477, -6.633069999980403, 0.0 ], [ 106.859490000263477, -6.633150000072288, 0.0 ], [ 106.859769999685881, -6.633199999680031, 0.0 ], [ 106.860099999615485, -6.633310000256145, 0.0 ], [ 106.860250000237542, -6.633370000325058, 0.0 ], [ 106.860399999960137, -6.633439999955861, 0.0 ], [ 106.860569999705888, -6.633569999655577, 0.0 ], [ 106.860830000004682, -6.633800000369519, 0.0 ], [ 106.860990000188536, -6.633899999585182, 0.0 ], [ 106.860970000165665, -6.633959999654095, 0.0 ], [ 106.860850000027654, -6.63403999974598, 0.0 ], [ 106.860749999912713, -6.634050000207239, 0.0 ], [ 106.860520000098148, -6.634130000299123, 0.0 ], [ 106.860299999845282, -6.63423999997578, 0.0 ], [ 106.860029999984761, -6.634830000204186, 0.0 ], [ 106.859960000353965, -6.634979999926784, 0.0 ], [ 106.859900000284966, -6.6351000000647, 0.0 ], [ 106.859849999777936, -6.635220000202615, 0.0 ], [ 106.859820000193082, -6.635389999948273, 0.0 ], [ 106.859820000193082, -6.635690000293017, 0.0 ], [ 106.859800000170111, -6.635920000107678, 0.0 ], [ 106.859789999708937, -6.635989999738481, 0.0 ], [ 106.859720000078227, -6.636339999691057, 0.0 ], [ 106.859450000217535, -6.637079999642062, 0.0 ], [ 106.859260000448813, -6.63750999968661, 0.0 ], [ 106.859129999849813, -6.637850000077297, 0.0 ], [ 106.859080000241988, -6.637959999754042, 0.0 ], [ 106.859000000150019, -6.638150000422041, 0.0 ], [ 106.858650000197613, -6.638839999865844, 0.0 ], [ 106.858389999898804, -6.639329999979307, 0.0 ], [ 106.858140000061184, -6.639740000000796, 0.0 ], [ 106.857970000315518, -6.64004999990734, 0.0 ], [ 106.85794357643519, -6.64018212200709, 0.0 ], [ 106.857939999831288, -6.640199999630028, 0.0 ], [ 106.857959999854359, -6.640499999974772, 0.0 ], [ 106.857970000315518, -6.640860000388518, 0.0 ], [ 106.857959999854359, -6.641369999625581, 0.0 ], [ 106.857910000246605, -6.641440000155665, 0.0 ], [ 106.857819999693461, -6.641500000224578, 0.0 ], [ 106.857469999740886, -6.641629999924383, 0.0 ], [ 106.857130000249484, -6.641759999624099, 0.0 ], [ 106.856700000205109, -6.641899999784897, 0.0 ], [ 106.856459999929285, -6.641850000177243, 0.0 ], [ 106.856199999630476, -6.641839999715984, 0.0 ], [ 106.85592999976997, -6.641879999761926, 0.0 ], [ 106.855000000050239, -6.642079999991815, 0.0 ], [ 106.854850000327474, -6.642100000014786, 0.0 ], [ 106.854369999775898, -6.642160000083699, 0.0 ], [ 106.854345939313831, -6.642187498653964, 0.0 ], [ 106.854300000145088, -6.642240000175761, 0.0 ], [ 106.854200000030147, -6.642389999898359, 0.0 ], [ 106.854130000399351, -6.64240999992133, 0.0 ], [ 106.854030000284496, -6.642380000336559, 0.0 ], [ 106.853959999754323, -6.642260000198732, 0.0 ], [ 106.853839999616497, -6.642109999576675, 0.0 ], [ 106.853540000171108, -6.641879999761926, 0.0 ], [ 106.852909999896767, -6.641950000292098, 0.0 ], [ 106.85290000033487, -6.641890000223185, 0.0 ], [ 106.852780000197043, -6.641609999901412, 0.0 ], [ 106.852620000013189, -6.641400000109723, 0.0 ], [ 106.852459999829335, -6.641270000410007, 0.0 ], [ 106.852270000060614, -6.641159999833981, 0.0 ], [ 106.851929999669935, -6.641010000111205, 0.0 ], [ 106.851868852066062, -6.640993537121833, 0.0 ], [ 106.851670000270502, -6.64093999958121, 0.0 ], [ 106.851420000432867, -6.640909999996349, 0.0 ], [ 106.851129999649928, -6.640959999604181, 0.0 ], [ 106.85073999965141, -6.640999999650123, 0.0 ], [ 106.850380000137122, -6.641059999719037, 0.0 ], [ 106.850159999884255, -6.641030000134265, 0.0 ], [ 106.849999999700401, -6.640909999996349, 0.0 ], [ 106.849860000438881, -6.640749999812492, 0.0 ], [ 106.849780000346911, -6.640600000089805, 0.0 ], [ 106.849720000277998, -6.640330000229113, 0.0 ], [ 106.849689999793853, -6.639940000230595, 0.0 ], [ 106.849669999770882, -6.639670000370081, 0.0 ], [ 106.849600000140086, -6.639280000371564, 0.0 ], [ 106.849529999609999, -6.638930000418988, 0.0 ], [ 106.849430000394335, -6.638650000097215, 0.0 ], [ 106.849299999795335, -6.638480000351556, 0.0 ], [ 106.849241173341582, -6.638412768834048, 0.0 ], [ 106.849090000003656, -6.638240000075726, 0.0 ], [ 106.848880000212048, -6.637990000238183, 0.0 ], [ 106.848630000374413, -6.637629999824437, 0.0 ], [ 106.848379999637501, -6.637339999940863, 0.0 ], [ 106.848140000260955, -6.637230000264118, 0.0 ], [ 106.847940000031159, -6.637179999757006, 0.0 ], [ 106.847825792426534, -6.637164426197142, 0.0 ], [ 106.847719999778377, -6.637150000172234, 0.0 ], [ 106.847440000355888, -6.637190000218176, 0.0 ], [ 106.847099999965209, -6.637230000264118, 0.0 ], [ 106.846830000104603, -6.637219999803037, 0.0 ], [ 106.846640000335881, -6.637210000241147, 0.0 ], [ 106.84640999962194, -6.637130000149263, 0.0 ], [ 106.846268021851955, -6.637063744396112, 0.0 ], [ 106.846127663760853, -6.636998243174244, 0.0 ], [ 106.846110000176566, -6.636989999988376, 0.0 ], [ 106.845920000407858, -6.636860000288571, 0.0 ], [ 106.84568000013202, -6.636649999597601, 0.0 ], [ 106.845390000248443, -6.636379999736999, 0.0 ], [ 106.844960000203983, -6.636109999876485, 0.0 ], [ 106.84453999972142, -6.635900000084796, 0.0 ], [ 106.844080000092092, -6.635690000293106, 0.0 ], [ 106.843670000070603, -6.635479999602136, 0.0 ], [ 106.843460000279009, -6.63536000036359, 0.0 ], [ 106.843360000164068, -6.635269999810447, 0.0 ], [ 106.843249999588039, -6.635129999649649, 0.0 ], [ 106.843130000349404, -6.635010000411015, 0.0 ], [ 106.843039999796346, -6.634950000342101, 0.0 ], [ 106.842859999589521, -6.634879999811929, 0.0 ], [ 106.842629999774857, -6.634790000158244, 0.0 ], [ 106.842430000444338, -6.634739999651131, 0.0 ], [ 106.842170000145629, -6.6346900000433, 0.0 ], [ 106.841860000238995, -6.634670000020328, 0.0 ], [ 106.841419999733361, -6.634649999997357, 0.0 ], [ 106.841206765979592, -6.634649999997357, 0.0 ], [ 106.841163647084826, -6.634649999997357, 0.0 ], [ 106.841064647915346, -6.634505773022816, 0.0 ], [ 106.84096546258624, -6.634378466792636, 0.0 ], [ 106.84076230843398, -6.63406972773565, 0.0 ], [ 106.840507668094588, -6.633682744063165, 0.0 ], [ 106.840065180064201, -6.633012337249369, 0.0 ], [ 106.839749741957178, -6.632496415976643, 0.0 ], [ 106.839431936834615, -6.631976623122551, 0.0 ], [ 106.838875005577236, -6.630939047398989, 0.0 ], [ 106.838860997737015, -6.630910232221279, 0.0 ], [ 106.838089189664544, -6.629322535806228, 0.0 ], [ 106.838072283309458, -6.62928492256091, 0.0 ], [ 106.837936591800414, -6.628983053424999, 0.0 ], [ 106.837600881175874, -6.628228211062961, 0.0 ], [ 106.837486462230615, -6.627970720772005, 0.0 ], [ 106.837425408156292, -6.627806202394151, 0.0 ], [ 106.837364695824235, -6.627645978279109, 0.0 ], [ 106.836952380947864, -6.626557851663364, 0.0 ], [ 106.836907026338366, -6.626453082443575, 0.0 ], [ 106.83657092181079, -6.625676670741623, 0.0 ], [ 106.836510424416673, -6.625508273587801, 0.0 ], [ 106.836471737380961, -6.62540058696738, 0.0 ], [ 106.836303880719683, -6.624999542394807, 0.0 ], [ 106.836256379428605, -6.624887869079679, 0.0 ], [ 106.836166564135794, -6.624676719055191, 0.0 ], [ 106.836158622222797, -6.624656579637325, 0.0 ], [ 106.836061304785588, -6.624409792178056, 0.0 ], [ 106.835813775385589, -6.623775908631071, 0.0 ], [ 106.83579925403248, -6.623738720765218, 0.0 ], [ 106.835403621579999, -6.622725512172547, 0.0 ], [ 106.835155782813246, -6.622071053935787, 0.0 ], [ 106.834762762891387, -6.621033221905517, 0.0 ], [ 106.834587290770997, -6.620649829226046, 0.0 ], [ 106.83456146583913, -6.62059389769011, 0.0 ], [ 106.834411818650707, -6.620269796413805, 0.0 ], [ 106.834251580146457, -6.619807286776638, 0.0 ], [ 106.834076108026153, -6.619348548896244, 0.0 ], [ 106.833999821234968, -6.619146357917973, 0.0 ], [ 106.833969306338574, -6.619074375282032, 0.0 ], [ 106.833915892904287, -6.618952776149492, 0.0 ], [ 106.833854843326534, -6.618809242552306, 0.0 ], [ 106.833854108580397, -6.618807509558735, 0.0 ], [ 106.83385337923022, -6.618805775665884, 0.0 ], [ 106.833889999623963, -6.618760000173687, 0.0 ], [ 106.83404000024602, -6.618649999597661, 0.0 ], [ 106.834255389674709, -6.618525735773897, 0.0 ], [ 106.834299999645452, -6.618499999874885, 0.0 ], [ 106.834740000151072, -6.618259999599143, 0.0 ], [ 106.834909999896738, -6.618080000291595, 0.0 ], [ 106.835250000287431, -6.617730000339108, 0.0 ], [ 106.835740000400889, -6.617989999738541, 0.0 ], [ 106.836119999938234, -6.61818999996834, 0.0 ], [ 106.836429999844782, -6.618359999714087, 0.0 ], [ 106.836699999705388, -6.618499999874885, 0.0 ], [ 106.836910000396358, -6.6186200000128, 0.0 ], [ 106.837109999726863, -6.618700000104774, 0.0 ], [ 106.837280000371891, -6.618789999758548, 0.0 ], [ 106.837439999656482, -6.618860000288631, 0.0 ], [ 106.837590000278439, -6.618920000357544, 0.0 ], [ 106.837749999563016, -6.618980000426546, 0.0 ], [ 106.837900000184987, -6.619030000034289, 0.0 ], [ 106.838060000368927, -6.619079999642121, 0.0 ], [ 106.838210000091621, -6.619130000149234, 0.0 ], [ 106.838379999837287, -6.619170000195176, 0.0 ], [ 106.838529999560052, -6.619210000241118, 0.0 ], [ 106.838689999743821, -6.619250000287149, 0.0 ], [ 106.838849999927774, -6.619299999894892, 0.0 ], [ 106.839010000111628, -6.619330000379122, 0.0 ], [ 106.839159999834322, -6.619359999963894, 0.0 ], [ 106.839320000018176, -6.619400000009836, 0.0 ], [ 106.839469999740857, -6.619420000032807, 0.0 ], [ 106.839620000362913, -6.619449999617668, 0.0 ], [ 106.839739999601463, -6.619469999640639, 0.0 ], [ 106.839899999785317, -6.61948999966361, 0.0 ], [ 106.840019999923243, -6.619500000124692, 0.0 ], [ 106.840140000061155, -6.619500000124692, 0.0 ], [ 106.840249999737892, -6.619500000124692, 0.0 ], [ 106.840360000313922, -6.619500000124692, 0.0 ], [ 106.840449999967689, -6.619500000124692, 0.0 ], [ 106.840550000082644, -6.61948999966361, 0.0 ], [ 106.840630000174528, -6.619480000101721, 0.0 ], [ 106.840710000266498, -6.619469999640639, 0.0 ], [ 106.840790000358382, -6.61946000007875, 0.0 ], [ 106.840869999550989, -6.619449999617668, 0.0 ], [ 106.840940000081076, -6.619429999594697, 0.0 ], [ 106.841009999711872, -6.619420000032807, 0.0 ], [ 106.841080000242044, -6.619409999571637, 0.0 ], [ 106.841149999872755, -6.619390000448035, 0.0 ], [ 106.841229999964725, -6.619379999986865, 0.0 ], [ 106.841299999595535, -6.619359999963894, 0.0 ], [ 106.841370000125622, -6.619339999940923, 0.0 ], [ 106.841450000217506, -6.619319999917863, 0.0 ], [ 106.841530000309476, -6.619299999894892, 0.0 ], [ 106.841619999963157, -6.619279999871921, 0.0 ], [ 106.841709999616938, -6.61925999984895, 0.0 ], [ 106.841800000170082, -6.619239999825979, 0.0 ], [ 106.841889999823849, -6.619219999803008, 0.0 ], [ 106.841989999938704, -6.619190000218147, 0.0 ], [ 106.842099999615456, -6.619170000195176, 0.0 ], [ 106.842210000191571, -6.619139999711123, 0.0 ], [ 106.842330000329397, -6.619130000149234, 0.0 ], [ 106.842460000029206, -6.619099999665092, 0.0 ], [ 106.842600000190004, -6.619090000103292, 0.0 ], [ 106.842749999912684, -6.61907000008032, 0.0 ], [ 106.842910000096623, -6.619050000057349, 0.0 ], [ 106.842999999750404, -6.619019999573119, 0.0 ] ] ] ] } },
{ "type": "Feature", "properties": { "PROVNO": "32", "KABKOTNO": "01", "KECNO": "130", "DESANO": "002", "PROVINSI": "JAWA BARAT", "KABKOT": "BOGOR", "KECAMATAN": "SUKARAJA", "ID2013": "3201130002", "DESA": "GUNUNG GEULIS", "DESA_1": "GUNUNG GEULIS", "ID2012": "3201130002", "IDKAB2": "3201", "IDKEC_2": "3201130", "WILAYAH": "TENGAH" }, "geometry": { "type": "MultiPolygon", "coordinates": [ [ [ [ 106.910060000368873, -6.631929999569621, 0.0 ], [ 106.91056999960594, -6.631870000400077, 0.0 ], [ 106.911562757615343, -6.632161750364354, 0.0 ], [ 106.913020000173077, -6.632590000328111, 0.0 ], [ 106.91339000014861, -6.632679999981885, 0.0 ], [ 106.913969999915764, -6.632969999865459, 0.0 ], [ 106.914270000260501, -6.633069999980403, 0.0 ], [ 106.915039999796278, -6.633009999911401, 0.0 ], [ 106.915150000372392, -6.633049999957432, 0.0 ], [ 106.915059999819348, -6.633130000049317, 0.0 ], [ 106.91501000021151, -6.633259999749033, 0.0 ], [ 106.914970000165567, -6.633399999909919, 0.0 ], [ 106.914870000050627, -6.633489999563693, 0.0 ], [ 106.91484620039202, -6.633498400130957, 0.0 ], [ 106.914700000304975, -6.633549999632606, 0.0 ], [ 106.914310000306443, -6.633540000070806, 0.0 ], [ 106.914040000445851, -6.633569999655577, 0.0 ], [ 106.913849999777852, -6.633649999747551, 0.0 ], [ 106.913519999848333, -6.633760000323576, 0.0 ], [ 106.91339000014861, -6.634019999723009, 0.0 ], [ 106.913249999987642, -6.634230000414068, 0.0 ], [ 106.912559999644472, -6.634799999720045, 0.0 ], [ 106.912240000176041, -6.635049999557676, 0.0 ], [ 106.911701459155182, -6.635268327970802, 0.0 ], [ 106.910390000298477, -6.635799999969851, 0.0 ], [ 106.908619999613435, -6.636809999781548, 0.0 ], [ 106.908480000351915, -6.636889999873432, 0.0 ], [ 106.907370000425374, -6.63770999991641, 0.0 ], [ 106.906129999899733, -6.638180000006813, 0.0 ], [ 106.904919999858322, -6.638819999842962, 0.0 ], [ 106.904159999884257, -6.639109999726536, 0.0 ], [ 106.90378999990871, -6.639129999749507, 0.0 ], [ 106.903677271688977, -6.639184048105164, 0.0 ], [ 106.903060000418876, -6.639479999702083, 0.0 ], [ 106.901429999894816, -6.638079999891868, 0.0 ], [ 106.899163457427846, -6.637147723988015, 0.0 ], [ 106.89877999999733, -6.636989999988288, 0.0 ], [ 106.898129999699933, -6.637010000011259, 0.0 ], [ 106.897770000185545, -6.637039999596119, 0.0 ], [ 106.89767000007069, -6.637070000080172, 0.0 ], [ 106.897569999955749, -6.637090000103321, 0.0 ], [ 106.897429999794866, -6.637170000195205, 0.0 ], [ 106.89724000002623, -6.637230000264118, 0.0 ], [ 106.896899999635551, -6.637330000378974, 0.0 ], [ 106.896830000004655, -6.637359999963834, 0.0 ], [ 106.89664999979783, -6.637440000055719, 0.0 ], [ 106.896370000375427, -6.637520000147692, 0.0 ], [ 106.896219999753455, -6.637569999755524, 0.0 ], [ 106.895800000170084, -6.63772000037758, 0.0 ], [ 106.895270000010669, -6.63772000037758, 0.0 ], [ 106.89506000021899, -6.637740000400552, 0.0 ], [ 106.894730000289471, -6.637830000054326, 0.0 ], [ 106.894510000036689, -6.637859999639009, 0.0 ], [ 106.894269999760951, -6.637850000077297, 0.0 ], [ 106.894016613076431, -6.637710379430342, 0.0 ], [ 106.893779999647577, -6.637580000216605, 0.0 ], [ 106.892950000042717, -6.63705999961909, 0.0 ], [ 106.892519999998257, -6.636700000104714, 0.0 ], [ 106.892089999953797, -6.636339999691057, 0.0 ], [ 106.891860000139047, -6.636160000383509, 0.0 ], [ 106.891802685445697, -6.636123155159304, 0.0 ], [ 106.891719999978164, -6.636069999830365, 0.0 ], [ 106.891510000186557, -6.63596000015362, 0.0 ], [ 106.890983200714246, -6.635711073207275, 0.0 ], [ 106.89059999959052, -6.635530000109249, 0.0 ], [ 106.890090000353467, -6.635349999902331, 0.0 ], [ 106.889749999962774, -6.635240000225586, 0.0 ], [ 106.88915999973446, -6.635180000156673, 0.0 ], [ 106.889105234619166, -6.635155356034641, 0.0 ], [ 106.888960000403941, -6.63508999960353, 0.0 ], [ 106.888649999598115, -6.634950000342013, 0.0 ], [ 106.888519999898307, -6.634890000273099, 0.0 ], [ 106.887140000111245, -6.634540000320523, 0.0 ], [ 106.887010000411351, -6.634520000297552, 0.0 ], [ 106.886269999561065, -6.63467000002024, 0.0 ], [ 106.885860000438939, -6.634719999628071, 0.0 ], [ 106.885529999609972, -6.634790000158244, 0.0 ], [ 106.885398792695838, -6.634798746994655, 0.0 ], [ 106.885379999887277, -6.634799999719956, 0.0 ], [ 106.885150000072628, -6.634819999743016, 0.0 ], [ 106.884570000305473, -6.634710000066182, 0.0 ], [ 106.88418000030704, -6.634609999951326, 0.0 ], [ 106.883269999710834, -6.634659999559158, 0.0 ], [ 106.882440000106229, -6.634640000435557, 0.0 ], [ 106.882090000153568, -6.63467000002024, 0.0 ], [ 106.881809999831802, -6.634739999651043, 0.0 ], [ 106.881490000363442, -6.6348999998349, 0.0 ], [ 106.881379999787427, -6.634959999903813, 0.0 ], [ 106.881290000133646, -6.634999999949756, 0.0 ], [ 106.880710000366506, -6.635140000110731, 0.0 ], [ 106.880439999606622, -6.635200000179644, 0.0 ], [ 106.880360000413845, -6.635269999810447, 0.0 ], [ 106.880109999676932, -6.635470000040335, 0.0 ], [ 106.879939999931267, -6.635630000224104, 0.0 ], [ 106.879589999978776, -6.635860000038765, 0.0 ], [ 106.879469999840865, -6.635989999738481, 0.0 ], [ 106.87942000023304, -6.636029999784423, 0.0 ], [ 106.879340000141056, -6.63620999999134, 0.0 ], [ 106.879320000118085, -6.636339999691057, 0.0 ], [ 106.879309999657011, -6.636410000221229, 0.0 ], [ 106.879019999773348, -6.636530000359055, 0.0 ], [ 106.878870000050654, -6.63659999998977, 0.0 ], [ 106.878299999845311, -6.637079999642062, 0.0 ], [ 106.878219999753426, -6.637190000218176, 0.0 ], [ 106.878139999661457, -6.63748000010175, 0.0 ], [ 106.878110000076674, -6.637629999824437, 0.0 ], [ 106.878029999984705, -6.637769999985235, 0.0 ], [ 106.87755000033242, -6.638030000284036, 0.0 ], [ 106.877330000079738, -6.638180000006813, 0.0 ], [ 106.877240171297018, -6.63825349710109, 0.0 ], [ 106.877109999826786, -6.638360000213552, 0.0 ], [ 106.876900000035192, -6.638449999867326, 0.0 ], [ 106.876779999897181, -6.638480000351556, 0.0 ], [ 106.876679999782326, -6.638449999867326, 0.0 ], [ 106.876590000128644, -6.638460000328497, 0.0 ], [ 106.87628000022201, -6.638489999913446, 0.0 ], [ 106.876050000407432, -6.63857999956722, 0.0 ], [ 106.875834778252582, -6.638731451694948, 0.0 ], [ 106.875779999647548, -6.638770000235219, 0.0 ], [ 106.875620000362886, -6.638839999865844, 0.0 ], [ 106.875509999786857, -6.638870000350074, 0.0 ], [ 106.875320000018149, -6.638830000304132, 0.0 ], [ 106.875090000203571, -6.638839999865844, 0.0 ], [ 106.874999999650427, -6.638870000350074, 0.0 ], [ 106.874849999927832, -6.638919999957906, 0.0 ], [ 106.874620000113168, -6.639000000049791, 0.0 ], [ 106.87446473306116, -6.639034504338639, 0.0 ], [ 106.874350000252562, -6.639060000118704, 0.0 ], [ 106.873989999838912, -6.639100000164646, 0.0 ], [ 106.87365000034751, -6.639189999818509, 0.0 ], [ 106.873240000326007, -6.639300000394446, 0.0 ], [ 106.872750000212548, -6.639439999656052, 0.0 ], [ 106.872389999798898, -6.639559999794056, 0.0 ], [ 106.872352772362746, -6.639563238252624, 0.0 ], [ 106.871707010570347, -6.639218696285667, 0.0 ], [ 106.871672434335579, -6.639200137875925, 0.0 ], [ 106.871251346572606, -6.63887731813352, 0.0 ], [ 106.870878272714322, -6.638744996384318, 0.0 ], [ 106.870745810670854, -6.638352595195887, 0.0 ], [ 106.87115263158887, -6.638106432765447, 0.0 ], [ 106.871335240729024, -6.638000384709777, 0.0 ], [ 106.871623380814597, -6.637896259404599, 0.0 ], [ 106.872135447593095, -6.637727712963439, 0.0 ], [ 106.872133860289651, -6.637307421999807, 0.0 ], [ 106.872239051291331, -6.637335681396319, 0.0 ], [ 106.872201671869902, -6.637306582932325, 0.0 ], [ 106.872202350857975, -6.637306580234306, 0.0 ], [ 106.872124162000631, -6.637246244718167, 0.0 ], [ 106.871616265378535, -6.636850870371216, 0.0 ], [ 106.871373150750557, -6.636544716865025, 0.0 ], [ 106.871441369723598, -6.636354903255928, 0.0 ], [ 106.871622282742393, -6.635914730979877, 0.0 ], [ 106.871599537988487, -6.635914816415536, 0.0 ], [ 106.87159956227022, -6.63591474986557, 0.0 ], [ 106.871440465005705, -6.635915350612756, 0.0 ], [ 106.871137627299859, -6.635852312634007, 0.0 ], [ 106.871233761229291, -6.635658234439781, 0.0 ], [ 106.871315073432044, -6.635514697245206, 0.0 ], [ 106.87130485893222, -6.635514699943226, 0.0 ], [ 106.87130756409303, -6.635509238360484, 0.0 ], [ 106.870784733329003, -6.635511212372283, 0.0 ], [ 106.870087622945633, -6.635513841990051, 0.0 ], [ 106.869772919584847, -6.635515029095043, 0.0 ], [ 106.869291103301975, -6.635515131617833, 0.0 ], [ 106.868630648385974, -6.635515271912009, 0.0 ], [ 106.868636011942684, -6.635519316163343, 0.0 ], [ 106.868635311370809, -6.635519318861363, 0.0 ], [ 106.868688757180635, -6.635559085982869, 0.0 ], [ 106.868688836320885, -6.635559145338146, 0.0 ], [ 106.868867324767393, -6.635693725285066, 0.0 ], [ 106.868115981667486, -6.636450682852537, 0.0 ], [ 106.867582875249724, -6.636559384807619, 0.0 ], [ 106.866676854153795, -6.63673576794114, 0.0 ], [ 106.866024406801117, -6.635983596565467, 0.0 ], [ 106.865620381875331, -6.636107295614959, 0.0 ], [ 106.865177359647632, -6.636232143998058, 0.0 ], [ 106.865059999919296, -6.636120000337566, 0.0 ], [ 106.864979999827412, -6.636080000291624, 0.0 ], [ 106.864273898921482, -6.635606042284827, 0.0 ], [ 106.864250000337393, -6.635590000178162, 0.0 ], [ 106.864170000245508, -6.635559999694109, 0.0 ], [ 106.863310000156588, -6.635080000041729, 0.0 ], [ 106.863239999626501, -6.635030000433986, 0.0 ], [ 106.862960000204012, -6.634859999788958, 0.0 ], [ 106.862659999859275, -6.634679999582129, 0.0 ], [ 106.862220000253018, -6.634500000274581, 0.0 ], [ 106.861790000208643, -6.634280000021722, 0.0 ], [ 106.860990000188536, -6.633899999585182, 0.0 ], [ 106.860830000004682, -6.633800000369519, 0.0 ], [ 106.860569999705888, -6.633569999655577, 0.0 ], [ 106.860399999960137, -6.633439999955861, 0.0 ], [ 106.860250000237542, -6.633370000325058, 0.0 ], [ 106.860099999615485, -6.633310000256145, 0.0 ], [ 106.859769999685881, -6.633199999680031, 0.0 ], [ 106.859490000263477, -6.633150000072288, 0.0 ], [ 106.859359999664477, -6.633069999980403, 0.0 ], [ 106.859240000425842, -6.632969999865459, 0.0 ], [ 106.859160000333958, -6.632920000257627, 0.0 ], [ 106.859089999803786, -6.632880000211685, 0.0 ], [ 106.858850000427324, -6.632769999635659, 0.0 ], [ 106.858670000220499, -6.632670000419996, 0.0 ], [ 106.858180000107126, -6.632450000167225, 0.0 ], [ 106.857770000085637, -6.632229999914365, 0.0 ], [ 106.857440000156032, -6.632049999707537, 0.0 ], [ 106.857369999625945, -6.632009999661594, 0.0 ], [ 106.857320122325973, -6.631977222970278, 0.0 ], [ 106.857145983900239, -6.631862788736544, 0.0 ], [ 106.857019999673369, -6.631779999846934, 0.0 ], [ 106.856660000159081, -6.631579999617134, 0.0 ], [ 106.856159999584449, -6.631329999779503, 0.0 ], [ 106.856100000414898, -6.631300000194731, 0.0 ], [ 106.855730000439365, -6.631119999987813, 0.0 ], [ 106.855949999792841, -6.631090000403042, 0.0 ], [ 106.85647000039036, -6.631110000426013, 0.0 ], [ 106.856832142089843, -6.631167180221045, 0.0 ], [ 106.856849999927704, -6.631169999595645, 0.0 ], [ 106.857199999880294, -6.631369999825534, 0.0 ], [ 106.857500000225031, -6.631530000009302, 0.0 ], [ 106.857710000016624, -6.631619999663076, 0.0 ], [ 106.857890000223549, -6.631739999800992, 0.0 ], [ 106.857959999854259, -6.631779999846934, 0.0 ], [ 106.858249999737922, -6.631799999869905, 0.0 ], [ 106.858570000105644, -6.631750000262073, 0.0 ], [ 106.859209999941697, -6.631710000216131, 0.0 ], [ 106.860079999592514, -6.631469999940389, 0.0 ], [ 106.860379999937166, -6.631420000332557, 0.0 ], [ 106.860594793115439, -6.631413682595202, 0.0 ], [ 106.860720000327944, -6.631409999871476, 0.0 ], [ 106.861329999679953, -6.631420000332557, 0.0 ], [ 106.861509999886778, -6.631420000332557, 0.0 ], [ 106.861730000139545, -6.631340000240673, 0.0 ], [ 106.861870000300428, -6.6312600001487, 0.0 ], [ 106.862069999630961, -6.630990000288097, 0.0 ], [ 106.862510000136581, -6.630660000358581, 0.0 ], [ 106.862610000251522, -6.630540000220666, 0.0 ], [ 106.862710000366377, -6.630150000222148, 0.0 ], [ 106.862730000389348, -6.629800000269661, 0.0 ], [ 106.862510000136581, -6.629089999903428, 0.0 ], [ 106.86249000011361, -6.628989999788484, 0.0 ], [ 106.862479999652436, -6.628789999558684, 0.0 ], [ 106.862389999998669, -6.62869000034302, 0.0 ], [ 106.862300000344902, -6.628599999789966, 0.0 ], [ 106.862209999791844, -6.628510000136281, 0.0 ], [ 106.862160000184005, -6.628430000044307, 0.0 ], [ 106.862100000115092, -6.628329999929363, 0.0 ], [ 106.862089999653932, -6.628129999699564, 0.0 ], [ 106.862100000115092, -6.627970000414987, 0.0 ], [ 106.862309999906785, -6.627830000254189, 0.0 ], [ 106.862479999652436, -6.627750000162216, 0.0 ], [ 106.86277000043529, -6.627670000070243, 0.0 ], [ 106.86292000015807, -6.627600000439529, 0.0 ], [ 106.863259999649387, -6.627449999817472, 0.0 ], [ 106.863600000040165, -6.627249999587672, 0.0 ], [ 106.863852478409314, -6.627035775680348, 0.0 ], [ 106.863929999969685, -6.62697000016518, 0.0 ], [ 106.864059999669479, -6.626820000442493, 0.0 ], [ 106.864190000268479, -6.626629999774494, 0.0 ], [ 106.864230000314421, -6.626509999636578, 0.0 ], [ 106.864349999552971, -6.626440000005864, 0.0 ], [ 106.864469999690883, -6.626270000260117, 0.0 ], [ 106.864629999874751, -6.626009999961315, 0.0 ], [ 106.864689999943749, -6.625849999777547, 0.0 ], [ 106.86555000003267, -6.625559999893973, 0.0 ], [ 106.865639999686437, -6.625450000217228, 0.0 ], [ 106.865799999870291, -6.625209999941397, 0.0 ], [ 106.865960000054159, -6.625000000149708, 0.0 ], [ 106.867620850022377, -6.62368230179661, 0.0 ], [ 106.869590000178562, -6.622120000437484, 0.0 ], [ 106.869650000247475, -6.622150000022344, 0.0 ], [ 106.870219999553541, -6.622139999561174, 0.0 ], [ 106.870570000405394, -6.622230000114229, 0.0 ], [ 106.870689999643929, -6.622319999768003, 0.0 ], [ 106.870980000426883, -6.622540000020862, 0.0 ], [ 106.871139999711374, -6.622580000066804, 0.0 ], [ 106.871310021040827, -6.622614004332696, 0.0 ], [ 106.871589999778891, -6.62266999972049, 0.0 ], [ 106.871879999662468, -6.622820000342546, 0.0 ], [ 106.871990000238483, -6.622939999581181, 0.0 ], [ 106.872139999961178, -6.623199999879983, 0.0 ], [ 106.872180000007205, -6.623259999948896, 0.0 ], [ 106.872289999683943, -6.623440000155725, 0.0 ], [ 106.872349999752856, -6.623480000201667, 0.0 ], [ 106.87257999956752, -6.623710000016327, 0.0 ], [ 106.872719999728318, -6.623730000039298, 0.0 ], [ 106.872930000419288, -6.623710000016327, 0.0 ], [ 106.873430000094643, -6.623589999878412, 0.0 ], [ 106.873659999909222, -6.623520000247609, 0.0 ], [ 106.874179999607449, -6.623489999763557, 0.0 ], [ 106.874430000344447, -6.623469999740497, 0.0 ], [ 106.874549999582996, -6.623400000109783, 0.0 ], [ 106.874649999697937, -6.623360000063752, 0.0 ], [ 106.874780000296937, -6.623380000086811, 0.0 ], [ 106.875010000111601, -6.623469999740497, 0.0 ], [ 106.875320000018149, -6.623580000316611, 0.0 ], [ 106.875600000339915, -6.623620000362553, 0.0 ], [ 106.876420000382893, -6.623629999924354, 0.0 ], [ 106.876479999552529, -6.623609999901383, 0.0 ], [ 106.876770000335384, -6.623409999671583, 0.0 ], [ 106.876940000081134, -6.623400000109783, 0.0 ], [ 106.877029999734901, -6.623460000178696, 0.0 ], [ 106.877619999963215, -6.623919999808017, 0.0 ], [ 106.877709999616997, -6.623910000246127, 0.0 ], [ 106.877969999915791, -6.623879999762075, 0.0 ], [ 106.878302345277163, -6.623868131409019, 0.0 ], [ 106.878529999659889, -6.623859999739015, 0.0 ], [ 106.878649999797801, -6.62375999962407, 0.0 ], [ 106.87885999958948, -6.62354000027058, 0.0 ], [ 106.879099999865318, -6.623449999717526, 0.0 ], [ 106.879409999771866, -6.623489999763557, 0.0 ], [ 106.87956999995572, -6.62354999983247, 0.0 ], [ 106.879730000139574, -6.623589999878412, 0.0 ], [ 106.879879999862268, -6.623560000293551, 0.0 ], [ 106.880300000344931, -6.623449999717526, 0.0 ], [ 106.880519999698407, -6.623480000201667, 0.0 ], [ 106.880770000435319, -6.623580000316611, 0.0 ], [ 106.880869999650898, -6.623649999947325, 0.0 ], [ 106.880949999742882, -6.623770000085329, 0.0 ], [ 106.881000000249983, -6.623970000315129, 0.0 ], [ 106.881040000295926, -6.624360000313647, 0.0 ], [ 106.881120000387909, -6.624429999944361, 0.0 ], [ 106.881199999580502, -6.624429999944361, 0.0 ], [ 106.881419999833369, -6.624380000336618, 0.0 ], [ 106.88170000015505, -6.624269999760504, 0.0 ], [ 106.881800000269905, -6.624169999645648, 0.0 ], [ 106.881840000315933, -6.624050000407014, 0.0 ], [ 106.881840000315933, -6.623629999924354, 0.0 ], [ 106.881869999900715, -6.623279999971867, 0.0 ], [ 106.882010000061683, -6.62311999978801, 0.0 ], [ 106.882170000245452, -6.622999999650094, 0.0 ], [ 106.88227999992219, -6.622970000065234, 0.0 ], [ 106.88242999964497, -6.623010000111265, 0.0 ], [ 106.882569999805767, -6.623090000203238, 0.0 ], [ 106.882720000427824, -6.623199999879983, 0.0 ], [ 106.882750000012692, -6.623290000433038, 0.0 ], [ 106.882720000427824, -6.623460000178696, 0.0 ], [ 106.882660000358911, -6.624019999922872, 0.0 ], [ 106.882689999943693, -6.624249999737533, 0.0 ], [ 106.88285999968943, -6.624380000336618, 0.0 ], [ 106.88299000028843, -6.624400000359589, 0.0 ], [ 106.883520000447831, -6.624380000336618, 0.0 ], [ 106.883699999755379, -6.624380000336618, 0.0 ], [ 106.884100000215071, -6.624340000290587, 0.0 ], [ 106.884269999960637, -6.624320000267616, 0.0 ], [ 106.884510000236475, -6.624320000267616, 0.0 ], [ 106.884650000397357, -6.624380000336618, 0.0 ], [ 106.884780000097166, -6.624510000036334, 0.0 ], [ 106.884800000120137, -6.62461000015119, 0.0 ], [ 106.884769999635907, -6.624770000335136, 0.0 ], [ 106.884670000420414, -6.624850000427021, 0.0 ], [ 106.884709999566994, -6.624900000034852, 0.0 ], [ 106.885040000395875, -6.624920000057823, 0.0 ], [ 106.885590567151169, -6.624912458343104, 0.0 ], [ 106.885769999885795, -6.624909999596653, 0.0 ], [ 106.886090000253517, -6.62485999998891, 0.0 ], [ 106.886309999607008, -6.624779999896937, 0.0 ], [ 106.886489999813833, -6.624690000243163, 0.0 ], [ 106.88656000034392, -6.624570000105248, 0.0 ], [ 106.886649999997687, -6.624440000405531, 0.0 ], [ 106.886730000089571, -6.624449999967332, 0.0 ], [ 106.886830000204526, -6.624490000013363, 0.0 ], [ 106.887030000434322, -6.624559999644166, 0.0 ], [ 106.887120000088089, -6.624510000036334, 0.0 ], [ 106.88722000020303, -6.624380000336618, 0.0 ], [ 106.887429999994637, -6.624089999553675, 0.0 ], [ 106.887550000132549, -6.624039999945843, 0.0 ], [ 106.887810000431358, -6.623999999899901, 0.0 ], [ 106.887969999715935, -6.624039999945843, 0.0 ], [ 106.888009999761877, -6.623959999853959, 0.0 ], [ 106.888089999853761, -6.623879999762075, 0.0 ], [ 106.888270000060587, -6.62375000006227, 0.0 ], [ 106.888629999575045, -6.623719999578128, 0.0 ], [ 106.889090000103565, -6.623770000085329, 0.0 ], [ 106.889279999872286, -6.62377999964713, 0.0 ], [ 106.889400000010113, -6.623739999601099, 0.0 ], [ 106.88948999966388, -6.623680000431555, 0.0 ], [ 106.889620000262966, -6.623569999855441, 0.0 ], [ 106.889810000031687, -6.623489999763557, 0.0 ], [ 106.889970000215456, -6.623440000155725, 0.0 ], [ 106.890050000307426, -6.623500000224638, 0.0 ], [ 106.890229999614974, -6.623560000293551, 0.0 ], [ 106.890529999959725, -6.623609999901383, 0.0 ], [ 106.89077999979726, -6.623689999993356, 0.0 ], [ 106.89106000011904, -6.624089999553675, 0.0 ], [ 106.891340000440806, -6.624460000428503, 0.0 ], [ 106.891459999679356, -6.62461000015119, 0.0 ], [ 106.891539999771325, -6.624710000266134, 0.0 ], [ 106.891590000278441, -6.624779999896937, 0.0 ], [ 106.891710000416353, -6.625000000149708, 0.0 ], [ 106.891909999746872, -6.625100000264652, 0.0 ], [ 106.892620000113112, -6.625109999826453, 0.0 ], [ 106.892650744336549, -6.625109999826453, 0.0 ], [ 106.892689999743908, -6.625109999826453, 0.0 ], [ 106.892780000296966, -6.625129999849424, 0.0 ], [ 106.892889999973704, -6.625129999849424, 0.0 ], [ 106.893030000134601, -6.625180000356536, 0.0 ], [ 106.893230000364397, -6.625229999964368, 0.0 ], [ 106.893320000018178, -6.625310000056253, 0.0 ], [ 106.893389999648974, -6.625430000194168, 0.0 ], [ 106.893449999717888, -6.625660000008828, 0.0 ], [ 106.89348999976383, -6.625929999869431, 0.0 ], [ 106.893640000385886, -6.626520000097749, 0.0 ], [ 106.893819999693434, -6.62678000039655, 0.0 ], [ 106.894070000430347, -6.626789999958351, 0.0 ], [ 106.894189999668896, -6.626870000050324, 0.0 ], [ 106.894229999714838, -6.626939999681127, 0.0 ], [ 106.894280000222039, -6.627079999841925, 0.0 ], [ 106.894120000038086, -6.62740999977153, 0.0 ], [ 106.894392328243583, -6.627473735624214, 0.0 ], [ 106.894590000128574, -6.627520000347644, 0.0 ], [ 106.89485999998918, -6.627659999609161, 0.0 ], [ 106.894909999596933, -6.627750000162216, 0.0 ], [ 106.894889999573962, -6.62785000027716, 0.0 ], [ 106.894819999943152, -6.627970000414987, 0.0 ], [ 106.894850000427382, -6.628049999607679, 0.0 ], [ 106.894920000058093, -6.628149999722535, 0.0 ], [ 106.89485999998918, -6.628349999952334, 0.0 ], [ 106.89485999998918, -6.628619999813026, 0.0 ], [ 106.894940000081164, -6.62871000036608, 0.0 ], [ 106.894969999665932, -6.628809999581655, 0.0 ], [ 106.894940000081164, -6.629199999580173, 0.0 ], [ 106.89485999998918, -6.629290000133228, 0.0 ], [ 106.894750000312442, -6.629359999764031, 0.0 ], [ 106.894619999713356, -6.629430000294114, 0.0 ], [ 106.894539999621472, -6.629569999555631, 0.0 ], [ 106.894400000359866, -6.629740000200659, 0.0 ], [ 106.894260000199068, -6.629889999923435, 0.0 ], [ 106.894389999898777, -6.63019999982998, 0.0 ], [ 106.894460000428865, -6.630230000314121, 0.0 ], [ 106.894630000174516, -6.630279999921953, 0.0 ], [ 106.894969999665932, -6.630369999575638, 0.0 ], [ 106.895590000378391, -6.630529999759496, 0.0 ], [ 106.895712904427199, -6.630614495562384, 0.0 ], [ 106.895749999662968, -6.63064000033561, 0.0 ], [ 106.895809999731881, -6.630750000012355, 0.0 ], [ 106.896040000445822, -6.631220000102758, 0.0 ], [ 106.896310000306514, -6.631369999825534, 0.0 ], [ 106.896709999866829, -6.631389999848505, 0.0 ], [ 106.896950000142567, -6.631460000378588, 0.0 ], [ 106.89707999984229, -6.631539999571103, 0.0 ], [ 106.897269999610913, -6.631679999732079, 0.0 ], [ 106.897380000187027, -6.631759999823963, 0.0 ], [ 106.897500000324953, -6.63192000000782, 0.0 ], [ 106.897899999885269, -6.632579999866941, 0.0 ], [ 106.898029999584978, -6.632550000282169, 0.0 ], [ 106.89826999986073, -6.632430000144254, 0.0 ], [ 106.898419999583496, -6.632430000144254, 0.0 ], [ 106.898436726074266, -6.632433520990091, 0.0 ], [ 106.898079507263645, -6.633200147168896, 0.0 ], [ 106.897209471640011, -6.633551998825507, 0.0 ], [ 106.89720963891385, -6.633595702279607, 0.0 ], [ 106.898113813701784, -6.633230045130247, 0.0 ], [ 106.898480654358835, -6.632442768718629, 0.0 ], [ 106.898485050245071, -6.632433335729662, 0.0 ], [ 106.898659203059907, -6.632470000190196, 0.0 ], [ 106.898665123296922, -6.632471245751184, 0.0 ], [ 106.89871249328715, -6.632471245751184, 0.0 ], [ 106.898769047153991, -6.632471245751184, 0.0 ], [ 106.898852185879846, -6.632512816013527, 0.0 ], [ 106.898935326404356, -6.632616739870514, 0.0 ], [ 106.898987288332904, -6.632866156947461, 0.0 ], [ 106.899039250261353, -6.633022042732897, 0.0 ], [ 106.899205527713065, -6.633281853274777, 0.0 ], [ 106.899372336664158, -6.633541333765383, 0.0 ], [ 106.89939259119528, -6.63357283971461, 0.0 ], [ 106.899506907617919, -6.633593624845737, 0.0 ], [ 106.899662793403351, -6.633562448048416, 0.0 ], [ 106.899734190580588, -6.633554514229303, 0.0 ], [ 106.899756324694778, -6.633552054583483, 0.0 ], [ 106.899860248551846, -6.633614409976865, 0.0 ], [ 106.899984958439248, -6.633728726399415, 0.0 ], [ 106.900140844224779, -6.633853435387529, 0.0 ], [ 106.900514970289834, -6.634123636696323, 0.0 ], [ 106.900785680614831, -6.634374294837677, 0.0 ], [ 106.900795565063476, -6.634383447238115, 0.0 ], [ 106.900868312123052, -6.634466585963974, 0.0 ], [ 106.901273614985513, -6.634352268642143, 0.0 ], [ 106.901439893336601, -6.634310700178538, 0.0 ], [ 106.901542490693529, -6.634271238826486, 0.0 ], [ 106.901574994890282, -6.634258738250001, 0.0 ], [ 106.901658133616138, -6.634279521582478, 0.0 ], [ 106.901720488110158, -6.634352268642143, 0.0 ], [ 106.901824411967226, -6.634591294052807, 0.0 ], [ 106.901850825055661, -6.634657326774054, 0.0 ], [ 106.901748217806215, -6.634755546231332, 0.0 ], [ 106.901770000285495, -6.634810000181215, 0.0 ], [ 106.902060000169072, -6.635329999879449, 0.0 ], [ 106.902180000306984, -6.635409999971422, 0.0 ], [ 106.902430000144619, -6.63555000013222, 0.0 ], [ 106.902530000259475, -6.635590000178162, 0.0 ], [ 106.902650000397387, -6.635659999808965, 0.0 ], [ 106.902740000051153, -6.635750000362108, 0.0 ], [ 106.902869999750877, -6.635860000038765, 0.0 ], [ 106.902940000280964, -6.635880000061736, 0.0 ], [ 106.903119999588512, -6.635900000084796, 0.0 ], [ 106.903199999680396, -6.635920000107767, 0.0 ], [ 106.903339999841279, -6.635960000153709, 0.0 ], [ 106.903366133240638, -6.635962904064598, 0.0 ], [ 106.903430000394422, -6.63596999971551, 0.0 ], [ 106.903580000117103, -6.635989999738481, 0.0 ], [ 106.903729999839797, -6.636060000268653, 0.0 ], [ 106.903890000023651, -6.636189999968369, 0.0 ], [ 106.903990000138506, -6.63620000042954, 0.0 ], [ 106.904059999769316, -6.636230000014312, 0.0 ], [ 106.904199999930199, -6.636310000106285, 0.0 ], [ 106.904719999628441, -6.636120000337566, 0.0 ], [ 106.904870000250497, -6.636049999807483, 0.0 ], [ 106.905340000340885, -6.63596999971551, 0.0 ], [ 106.905479999602406, -6.63598000017668, 0.0 ], [ 106.905690000293475, -6.636069999830454, 0.0 ], [ 106.906140000360892, -6.636279999622143, 0.0 ], [ 106.906390000198527, -6.636290000083225, 0.0 ], [ 106.906530000359425, -6.636310000106285, 0.0 ], [ 106.906740000151018, -6.63621999955323, 0.0 ], [ 106.906980000426842, -6.636020000222711, 0.0 ], [ 106.907019999573507, -6.635920000107767, 0.0 ], [ 106.907070000080623, -6.635679999831936, 0.0 ], [ 106.907170000195563, -6.635570000155191, 0.0 ], [ 106.907700000354879, -6.634280000021811, 0.0 ], [ 106.907955778336699, -6.633667961007497, 0.0 ], [ 106.907979999777382, -6.63360999970152, 0.0 ], [ 106.908360000214003, -6.632860000188714, 0.0 ], [ 106.908520000397857, -6.632729999589628, 0.0 ], [ 106.910060000368873, -6.631929999569621, 0.0 ] ] ] ] } },
{ "type": "Feature", "properties": { "PROVNO": "32", "KABKOTNO": "01", "KECNO": "130", "DESANO": "003", "PROVINSI": "JAWA BARAT", "KABKOT": "BOGOR", "KECAMATAN": "SUKARAJA", "ID2013": "3201130003", "DESA": "NAGRAK", "DESA_1": "NAGRAK", "ID2012": "3201130003", "IDKAB2": "3201", "IDKEC_2": "3201130", "WILAYAH": "TENGAH" }, "geometry": { "type": "MultiPolygon", "coordinates": [ [ [ [ 106.859940000330909, -6.605030000134295, 0.0 ], [ 106.859869999800821, -6.605070000180238, 0.0 ], [ 106.85974999966291, -6.605099999765009, 0.0 ], [ 106.859650000447331, -6.60513999981104, 0.0 ], [ 106.859570000355447, -6.605150000272122, 0.0 ], [ 106.859499999825275, -6.605159999834012, 0.0 ], [ 106.85941999973339, -6.605159999834012, 0.0 ], [ 106.859359999664477, -6.60513999981104, 0.0 ], [ 106.859290000033667, -6.60511000022618, 0.0 ], [ 106.859240000425842, -6.605070000180238, 0.0 ], [ 106.859160000333958, -6.605030000134295, 0.0 ], [ 106.859060000219017, -6.604990000088264, 0.0 ], [ 106.858969999665959, -6.604970000065293, 0.0 ], [ 106.85890999959696, -6.604970000065293, 0.0 ], [ 106.858830000404353, -6.604979999627094, 0.0 ], [ 106.858750000312469, -6.604990000088264, 0.0 ], [ 106.85869000024347, -6.605030000134295, 0.0 ], [ 106.858630000174557, -6.605059999719067, 0.0 ], [ 106.85855999964447, -6.60511000022618, 0.0 ], [ 106.858530000059602, -6.605190000318064, 0.0 ], [ 106.858519999598442, -6.605259999948867, 0.0 ], [ 106.858519999598442, -6.60532999957967, 0.0 ], [ 106.858519999598442, -6.605429999694614, 0.0 ], [ 106.858510000036631, -6.605509999786499, 0.0 ], [ 106.858499999575471, -6.605580000316582, 0.0 ], [ 106.858460000428892, -6.605680000431526, 0.0 ], [ 106.858389999898719, -6.605739999601159, 0.0 ], [ 106.858309999806835, -6.605739999601159, 0.0 ], [ 106.858240000176039, -6.605739999601159, 0.0 ], [ 106.858180000107126, -6.605730000039358, 0.0 ], [ 106.858089999553982, -6.605719999578188, 0.0 ], [ 106.857970000315433, -6.605689999993327, 0.0 ], [ 106.857890000223549, -6.605660000408555, 0.0 ], [ 106.857819999693376, -6.605629999924414, 0.0 ], [ 106.857759999624463, -6.605620000362613, 0.0 ], [ 106.857669999970682, -6.605580000316582, 0.0 ], [ 106.857600000339886, -6.605549999832441, 0.0 ], [ 106.857509999786828, -6.605520000247669, 0.0 ], [ 106.857420000133061, -6.605489999763527, 0.0 ], [ 106.857329999580003, -6.605449999717585, 0.0 ], [ 106.857239999926236, -6.605429999694614, 0.0 ], [ 106.857170000295426, -6.605400000109753, 0.0 ], [ 106.857079999742368, -6.605389999648583, 0.0 ], [ 106.856959999604456, -6.605409999671554, 0.0 ], [ 106.856880000411849, -6.605489999763527, 0.0 ], [ 106.856840000365906, -6.605560000293611, 0.0 ], [ 106.856809999881762, -6.605629999924414, 0.0 ], [ 106.856780000296993, -6.605719999578188, 0.0 ], [ 106.856749999812763, -6.605790000108271, 0.0 ], [ 106.856709999766821, -6.605879999762045, 0.0 ], [ 106.85668999974385, -6.6059700003151, 0.0 ], [ 106.856669999720879, -6.606050000407073, 0.0 ], [ 106.856640000136025, -6.606109999576617, 0.0 ], [ 106.856609999651965, -6.606180000106789, 0.0 ], [ 106.856589999628994, -6.606260000198674, 0.0 ], [ 106.856568643428275, -6.60631695156594, 0.0 ], [ 106.856560000044141, -6.606340000290647, 0.0 ], [ 106.856529999559996, -6.60640999992145, 0.0 ], [ 106.856499999975227, -6.606469999990363, 0.0 ], [ 106.85647000039036, -6.606559999644137, 0.0 ], [ 106.856419999883258, -6.606630000174221, 0.0 ], [ 106.856399999860287, -6.606699999804935, 0.0 ], [ 106.856359999814245, -6.606759999873937, 0.0 ], [ 106.856330000229477, -6.60683000040402, 0.0 ], [ 106.856270000160563, -6.606920000057794, 0.0 ], [ 106.856230000114621, -6.606989999688508, 0.0 ], [ 106.856179999607505, -6.607069999780482, 0.0 ], [ 106.856129999999681, -6.607140000310565, 0.0 ], [ 106.856100000414898, -6.607229999964339, 0.0 ], [ 106.856089999953738, -6.607299999595142, 0.0 ], [ 106.856089999953738, -6.607390000148197, 0.0 ], [ 106.856109999976709, -6.60747000024017, 0.0 ], [ 106.856179999607505, -6.607539999870973, 0.0 ], [ 106.856230000114621, -6.607579999916915, 0.0 ], [ 106.856290000183535, -6.607630000424027, 0.0 ], [ 106.856359999814245, -6.60768000003177, 0.0 ], [ 106.856410000321446, -6.607709999616631, 0.0 ], [ 106.8564599999292, -6.607749999662573, 0.0 ], [ 106.856510000436302, -6.607780000146715, 0.0 ], [ 106.856560000044141, -6.607829999754546, 0.0 ], [ 106.856629999674936, -6.60788999982346, 0.0 ], [ 106.856700000205024, -6.607949999892373, 0.0 ], [ 106.856749999812763, -6.607989999938404, 0.0 ], [ 106.856800000319964, -6.608029999984346, 0.0 ], [ 106.856813239239798, -6.608065302871271, 0.0 ], [ 106.856829999904733, -6.608110000076319, 0.0 ], [ 106.856820000342935, -6.608199999730093, 0.0 ], [ 106.856780000296993, -6.608279999821978, 0.0 ], [ 106.856729999789792, -6.608350000352061, 0.0 ], [ 106.856669999720879, -6.608440000005835, 0.0 ], [ 106.856609999651965, -6.608529999659609, 0.0 ], [ 106.856580000067112, -6.608580000166722, 0.0 ], [ 106.856519999998199, -6.608649999797436, 0.0 ], [ 106.856479999952256, -6.608720000327608, 0.0 ], [ 106.856439999906229, -6.608789999958411, 0.0 ], [ 106.856379999837316, -6.608879999612185, 0.0 ], [ 106.856330000229477, -6.608959999704069, 0.0 ], [ 106.856290000183535, -6.609010000211182, 0.0 ], [ 106.856250000137592, -6.609079999841985, 0.0 ], [ 106.856199999630476, -6.609159999933869, 0.0 ], [ 106.856159999584449, -6.609220000002871, 0.0 ], [ 106.856120000437869, -6.609300000094755, 0.0 ], [ 106.856069999930767, -6.609380000186729, 0.0 ], [ 106.856020000322928, -6.609460000278613, 0.0 ], [ 106.855969999815812, -6.609549999932387, 0.0 ], [ 106.855920000207988, -6.609630000024271, 0.0 ], [ 106.855889580639797, -6.609678670434107, 0.0 ], [ 106.855869999700872, -6.609710000116245, 0.0 ], [ 106.855829999654929, -6.609790000208218, 0.0 ], [ 106.855789999608987, -6.609859999839021, 0.0 ], [ 106.855760000024134, -6.609910000346044, 0.0 ], [ 106.855730000439365, -6.609979999976847, 0.0 ], [ 106.855710000416394, -6.61004000004576, 0.0 ], [ 106.855710000416394, -6.610100000114763, 0.0 ], [ 106.855730000439365, -6.610180000206736, 0.0 ], [ 106.855732695707545, -6.610186290964428, 0.0 ], [ 106.855760000024134, -6.61024999983745, 0.0 ], [ 106.855849999677901, -6.610320000367533, 0.0 ], [ 106.855920000207988, -6.610369999975365, 0.0 ], [ 106.855980000276986, -6.610399999560137, 0.0 ], [ 106.856049999907697, -6.610430000044278, 0.0 ], [ 106.856109999976709, -6.610459999629139, 0.0 ], [ 106.856190000068679, -6.61049000011328, 0.0 ], [ 106.85625999969939, -6.610510000136252, 0.0 ], [ 106.856339999791274, -6.610530000159223, 0.0 ], [ 106.856410000321446, -6.610559999744083, 0.0 ], [ 106.856499999975227, -6.610570000205165, 0.0 ], [ 106.856589999628994, -6.610579999767054, 0.0 ], [ 106.856649999697908, -6.610599999790026, 0.0 ], [ 106.856729999789792, -6.610639999835968, 0.0 ], [ 106.856800000319964, -6.61069000034308, 0.0 ], [ 106.856840000365906, -6.610739999950823, 0.0 ], [ 106.856869999950774, -6.610800000019825, 0.0 ], [ 106.85690000043482, -6.610869999650628, 0.0 ], [ 106.856919999558514, -6.610949999742601, 0.0 ], [ 106.856939999581485, -6.611060000318627, 0.0 ], [ 106.856930000019688, -6.611149999972401, 0.0 ], [ 106.856909999996716, -6.611239999626086, 0.0 ], [ 106.856869999950774, -6.611319999718059, 0.0 ], [ 106.856820000342935, -6.611379999786973, 0.0 ], [ 106.856760000274022, -6.611439999855975, 0.0 ], [ 106.85668999974385, -6.611510000386058, 0.0 ], [ 106.856640000136025, -6.61155999999389, 0.0 ], [ 106.856560000044141, -6.611620000062803, 0.0 ], [ 106.856479999952256, -6.611689999693606, 0.0 ], [ 106.856410000321446, -6.61176000022369, 0.0 ], [ 106.856359999814245, -6.611800000269632, 0.0 ], [ 106.856290000183535, -6.611869999900435, 0.0 ], [ 106.85621000009165, -6.611940000430518, 0.0 ], [ 106.856120000437869, -6.612039999646093, 0.0 ], [ 106.856080000391927, -6.612110000176177, 0.0 ], [ 106.856040000345899, -6.61219000026815, 0.0 ], [ 106.856029999884726, -6.612250000337063, 0.0 ], [ 106.856029999884726, -6.612330000429036, 0.0 ], [ 106.856060000368871, -6.612380000036779, 0.0 ], [ 106.856129999999681, -6.612440000105781, 0.0 ], [ 106.85621000009165, -6.612500000174695, 0.0 ], [ 106.856290000183535, -6.612540000220726, 0.0 ], [ 106.856359999814245, -6.612569999805498, 0.0 ], [ 106.8564599999292, -6.612580000266668, 0.0 ], [ 106.856560000044141, -6.612600000289639, 0.0 ], [ 106.856640000136025, -6.612580000266668, 0.0 ], [ 106.856709999766821, -6.612580000266668, 0.0 ], [ 106.85678999985879, -6.612580000266668, 0.0 ], [ 106.856849999927704, -6.612580000266668, 0.0 ], [ 106.856930000019688, -6.612569999805498, 0.0 ], [ 106.857030000134543, -6.612569999805498, 0.0 ], [ 106.857099999765339, -6.61260999985144, 0.0 ], [ 106.857179999857323, -6.612649999897471, 0.0 ], [ 106.8572366472536, -6.612682370095104, 0.0 ], [ 106.857250000387396, -6.612689999943413, 0.0 ], [ 106.857290000433338, -6.612750000012326, 0.0 ], [ 106.857340000041091, -6.61281000008124, 0.0 ], [ 106.857369999625945, -6.612890000173213, 0.0 ], [ 106.857380000087119, -6.612950000242126, 0.0 ], [ 106.857389999648916, -6.61305000035707, 0.0 ], [ 106.85740000011009, -6.613160000033815, 0.0 ], [ 106.857409999671887, -6.61326000014876, 0.0 ], [ 106.857420000133061, -6.613340000240644, 0.0 ], [ 106.857420000133061, -6.613420000332617, 0.0 ], [ 106.857429999694858, -6.613500000424501, 0.0 ], [ 106.857440000156032, -6.613579999617105, 0.0 ], [ 106.857440000156032, -6.613659999709078, 0.0 ], [ 106.857460000179088, -6.613730000239162, 0.0 ], [ 106.857469999740886, -6.613810000331135, 0.0 ], [ 106.857469999740886, -6.61392000000788, 0.0 ], [ 106.857489999763857, -6.614029999684625, 0.0 ], [ 106.857509999786828, -6.61410999977651, 0.0 ], [ 106.857520000248002, -6.614180000306593, 0.0 ], [ 106.857540000270973, -6.614260000398566, 0.0 ], [ 106.857569999855826, -6.61435000005234, 0.0 ], [ 106.857609999901769, -6.614410000121254, 0.0 ], [ 106.857660000408885, -6.614470000190167, 0.0 ], [ 106.857719999578521, -6.61453999982097, 0.0 ], [ 106.857810000131579, -6.614599999889972, 0.0 ], [ 106.857890000223549, -6.614639999935914, 0.0 ], [ 106.857939999831288, -6.614679999981856, 0.0 ], [ 106.857999999900201, -6.614709999566717, 0.0 ], [ 106.858070000430374, -6.614760000073741, 0.0 ], [ 106.858149999622981, -6.614800000119772, 0.0 ], [ 106.858229999714865, -6.614840000165714, 0.0 ], [ 106.858300000244952, -6.614889999773546, 0.0 ], [ 106.858380000336922, -6.614929999819488, 0.0 ], [ 106.858449999967718, -6.61496999986543, 0.0 ], [ 106.858510000036631, -6.615000000349571, 0.0 ], [ 106.85855999964447, -6.615029999934432, 0.0 ], [ 106.858619999713383, -6.615060000418485, 0.0 ], [ 106.858670000220499, -6.615099999565146, 0.0 ], [ 106.858719999828239, -6.615150000072259, 0.0 ], [ 106.858779999897237, -6.615230000164232, 0.0 ], [ 106.858850000427324, -6.615310000256116, 0.0 ], [ 106.858920000058134, -6.615390000348089, 0.0 ], [ 106.858969999665959, -6.615470000439974, 0.0 ], [ 106.859060000219017, -6.615529999609606, 0.0 ], [ 106.85912000028793, -6.615560000093748, 0.0 ], [ 106.859209999941697, -6.615580000116807, 0.0 ], [ 106.859310000056638, -6.615580000116807, 0.0 ], [ 106.859410000171493, -6.615580000116807, 0.0 ], [ 106.859499999825275, -6.615580000116807, 0.0 ], [ 106.859570000355447, -6.615580000116807, 0.0 ], [ 106.859639999986157, -6.615580000116807, 0.0 ], [ 106.859709999616967, -6.615589999678608, 0.0 ], [ 106.859800000170026, -6.615589999678608, 0.0 ], [ 106.859900000284966, -6.615600000139779, 0.0 ], [ 106.859989999938733, -6.61562999972455, 0.0 ], [ 106.860090000053589, -6.615669999770493, 0.0 ], [ 106.860170000145558, -6.615700000254634, 0.0 ], [ 106.860230000214571, -6.615729999839495, 0.0 ], [ 106.860279999822311, -6.615780000346607, 0.0 ], [ 106.860350000352398, -6.615860000438492, 0.0 ], [ 106.860399999960137, -6.615950000092266, 0.0 ], [ 106.860440000006164, -6.616010000161268, 0.0 ], [ 106.860480000052107, -6.616070000230181, 0.0 ], [ 106.860529999659946, -6.616150000322065, 0.0 ], [ 106.860560000144091, -6.616199999929897, 0.0 ], [ 106.860600000190033, -6.616269999560611, 0.0 ], [ 106.860669999820828, -6.616340000090783, 0.0 ], [ 106.860760000373887, -6.616389999698615, 0.0 ], [ 106.860850000027654, -6.616420000182668, 0.0 ], [ 106.860910000096652, -6.616429999744557, 0.0 ], [ 106.860999999750433, -6.616440000205639, 0.0 ], [ 106.861079999842318, -6.616440000205639, 0.0 ], [ 106.861159999934202, -6.616429999744557, 0.0 ], [ 106.861240000026172, -6.616420000182668, 0.0 ], [ 106.861320000118056, -6.616409999721586, 0.0 ], [ 106.861389999748866, -6.616400000159697, 0.0 ], [ 106.861460000278953, -6.616400000159697, 0.0 ], [ 106.861529999909749, -6.616409999721586, 0.0 ], [ 106.861589999978662, -6.616420000182668, 0.0 ], [ 106.861650000047661, -6.616440000205639, 0.0 ], [ 106.861719999678471, -6.61648000025167, 0.0 ], [ 106.861779999747384, -6.616540000320583, 0.0 ], [ 106.861830000254486, -6.616609999951386, 0.0 ], [ 106.861879999862239, -6.616679999582189, 0.0 ], [ 106.861919999908267, -6.616739999651102, 0.0 ], [ 106.861970000415383, -6.616799999720016, 0.0 ], [ 106.862009999562048, -6.616850000227128, 0.0 ], [ 106.86204999960799, -6.61691000029613, 0.0 ], [ 106.862100000115092, -6.616970000365043, 0.0 ], [ 106.862180000206976, -6.617030000433957, 0.0 ], [ 106.862280000321931, -6.617080000041788, 0.0 ], [ 106.862389999998669, -6.617089999603678, 0.0 ], [ 106.862470000090553, -6.61710000006476, 0.0 ], [ 106.862550000182523, -6.61710000006476, 0.0 ], [ 106.862630000274493, -6.61710000006476, 0.0 ], [ 106.862650799794736, -6.617105942784853, 0.0 ], [ 106.862699999905303, -6.617120000087731, 0.0 ], [ 106.86277000043529, -6.617120000087731, 0.0 ], [ 106.862849999627898, -6.61712999964962, 0.0 ], [ 106.862949999742852, -6.617140000110702, 0.0 ], [ 106.863060000318868, -6.617149999672591, 0.0 ], [ 106.863160000433822, -6.617169999695562, 0.0 ], [ 106.863239999626416, -6.617180000156733, 0.0 ], [ 106.863339999741356, -6.617200000179704, 0.0 ], [ 106.863399999810369, -6.617220000202675, 0.0 ], [ 106.863479999902253, -6.617240000225646, 0.0 ], [ 106.86356999955602, -6.617260000248706, 0.0 ], [ 106.863640000086107, -6.617280000271677, 0.0 ], [ 106.863720000177992, -6.617309999856449, 0.0 ], [ 106.863800000269961, -6.617360000363561, 0.0 ], [ 106.863880000361945, -6.617439999556165, 0.0 ], [ 106.863929999969685, -6.617490000063277, 0.0 ], [ 106.863979999577509, -6.617590000178222, 0.0 ], [ 106.864039999646423, -6.617670000270195, 0.0 ], [ 106.86407999969245, -6.617730000339108, 0.0 ], [ 106.864119999738392, -6.617790000408021, 0.0 ], [ 106.864159999784334, -6.617849999577654, 0.0 ], [ 106.864199999830277, -6.617920000107738, 0.0 ], [ 106.86427999992226, -6.618000000199711, 0.0 ], [ 106.86436000001423, -6.618049999807543, 0.0 ], [ 106.864409999621969, -6.618080000291595, 0.0 ], [ 106.864500000175028, -6.618100000314566, 0.0 ], [ 106.864560000244026, -6.618109999876456, 0.0 ], [ 106.864899999735343, -6.618169999945369, 0.0 ], [ 106.86540000030989, -6.618319999668056, 0.0 ], [ 106.865557764779197, -6.618376794553296, 0.0 ], [ 106.86565000014761, -6.6184100002212, 0.0 ], [ 106.865819999893262, -6.618550000382086, 0.0 ], [ 106.865969999615956, -6.618769999735576, 0.0 ], [ 106.866000000100101, -6.6188200002426, 0.0 ], [ 106.866160000283955, -6.618969999965376, 0.0 ], [ 106.866539999821299, -6.619170000195176, 0.0 ], [ 106.866650000397414, -6.619139999711123, 0.0 ], [ 106.866760000074166, -6.619130000149234, 0.0 ], [ 106.866940000280991, -6.619110000126263, 0.0 ], [ 106.86713999961151, -6.619130000149234, 0.0 ], [ 106.867729999839824, -6.619239999825979, 0.0 ], [ 106.867950000092605, -6.619279999871921, 0.0 ], [ 106.8682100003914, -6.619409999571637, 0.0 ], [ 106.868351517708561, -6.619523215224046, 0.0 ], [ 106.86836000011408, -6.619529999709552, 0.0 ], [ 106.86854000032092, -6.619720000377551, 0.0 ], [ 106.868730000089641, -6.620039999845986, 0.0 ], [ 106.868819999743408, -6.620150000422012, 0.0 ], [ 106.86894304498567, -6.620195016886345, 0.0 ], [ 106.869229999764897, -6.620300000144699, 0.0 ], [ 106.869340000340927, -6.620380000236672, 0.0 ], [ 106.869400000409925, -6.620500000374498, 0.0 ], [ 106.869450000017665, -6.620730000189248, 0.0 ], [ 106.869470000040636, -6.62098000002679, 0.0 ], [ 106.869510000086578, -6.622020000322628, 0.0 ], [ 106.869590000178562, -6.622120000437484, 0.0 ], [ 106.867620850022377, -6.62368230179661, 0.0 ], [ 106.865960000054159, -6.625000000149708, 0.0 ], [ 106.865799999870291, -6.625209999941397, 0.0 ], [ 106.865639999686437, -6.625450000217228, 0.0 ], [ 106.86555000003267, -6.625559999893973, 0.0 ], [ 106.864689999943749, -6.625849999777547, 0.0 ], [ 106.864629999874751, -6.626009999961315, 0.0 ], [ 106.864469999690883, -6.626270000260117, 0.0 ], [ 106.864349999552971, -6.626440000005864, 0.0 ], [ 106.864230000314421, -6.626509999636578, 0.0 ], [ 106.864190000268479, -6.626629999774494, 0.0 ], [ 106.864059999669479, -6.626820000442493, 0.0 ], [ 106.863929999969685, -6.62697000016518, 0.0 ], [ 106.863852478409314, -6.627035775680348, 0.0 ], [ 106.863600000040165, -6.627249999587672, 0.0 ], [ 106.863259999649387, -6.627449999817472, 0.0 ], [ 106.86292000015807, -6.627600000439529, 0.0 ], [ 106.86277000043529, -6.627670000070243, 0.0 ], [ 106.862479999652436, -6.627750000162216, 0.0 ], [ 106.862309999906785, -6.627830000254189, 0.0 ], [ 106.862100000115092, -6.627970000414987, 0.0 ], [ 106.862089999653932, -6.628129999699564, 0.0 ], [ 106.862100000115092, -6.628329999929363, 0.0 ], [ 106.862160000184005, -6.628430000044307, 0.0 ], [ 106.862209999791844, -6.628510000136281, 0.0 ], [ 106.862300000344902, -6.628599999789966, 0.0 ], [ 106.862389999998669, -6.62869000034302, 0.0 ], [ 106.862479999652436, -6.628789999558684, 0.0 ], [ 106.86249000011361, -6.628989999788484, 0.0 ], [ 106.862510000136581, -6.629089999903428, 0.0 ], [ 106.862730000389348, -6.629800000269661, 0.0 ], [ 106.862710000366377, -6.630150000222148, 0.0 ], [ 106.862610000251522, -6.630540000220666, 0.0 ], [ 106.862510000136581, -6.630660000358581, 0.0 ], [ 106.862069999630961, -6.630990000288097, 0.0 ], [ 106.861870000300428, -6.6312600001487, 0.0 ], [ 106.861730000139545, -6.631340000240673, 0.0 ], [ 106.861509999886778, -6.631420000332557, 0.0 ], [ 106.861329999679953, -6.631420000332557, 0.0 ], [ 106.860720000327944, -6.631409999871476, 0.0 ], [ 106.860594793115439, -6.631413682595202, 0.0 ], [ 106.860379999937166, -6.631420000332557, 0.0 ], [ 106.860079999592514, -6.631469999940389, 0.0 ], [ 106.859209999941697, -6.631710000216131, 0.0 ], [ 106.858570000105644, -6.631750000262073, 0.0 ], [ 106.858249999737922, -6.631799999869905, 0.0 ], [ 106.857959999854259, -6.631779999846934, 0.0 ], [ 106.857890000223549, -6.631739999800992, 0.0 ], [ 106.857710000016624, -6.631619999663076, 0.0 ], [ 106.857500000225031, -6.631530000009302, 0.0 ], [ 106.857199999880294, -6.631369999825534, 0.0 ], [ 106.856849999927704, -6.631169999595645, 0.0 ], [ 106.856832142089843, -6.631167180221045, 0.0 ], [ 106.85647000039036, -6.631110000426013, 0.0 ], [ 106.855949999792841, -6.631090000403042, 0.0 ], [ 106.855730000439365, -6.631119999987813, 0.0 ], [ 106.855579999817309, -6.631039999895929, 0.0 ], [ 106.855359999564442, -6.630970000265126, 0.0 ], [ 106.849419999933247, -6.628399999560166, 0.0 ], [ 106.849399999910275, -6.628300000344591, 0.0 ], [ 106.849259999749307, -6.62804000004579, 0.0 ], [ 106.84911999958851, -6.627870000300131, 0.0 ], [ 106.849009999911772, -6.627819999793019, 0.0 ], [ 106.84897735632012, -6.627817667850913, 0.0 ], [ 106.848869999750875, -6.627810000231218, 0.0 ], [ 106.848510000236502, -6.627790000208158, 0.0 ], [ 106.848370000075619, -6.627679999632132, 0.0 ], [ 106.848209999891765, -6.627580000416557, 0.0 ], [ 106.848040000146099, -6.627549999932416, 0.0 ], [ 106.847710000216495, -6.627480000301613, 0.0 ], [ 106.847520000447872, -6.62740000020964, 0.0 ], [ 106.847389999848787, -6.627240000025871, 0.0 ], [ 106.847240000126092, -6.627099999864896, 0.0 ], [ 106.847079999942238, -6.626999999750041, 0.0 ], [ 106.846389999598969, -6.626800000419522, 0.0 ], [ 106.846219999853318, -6.626669999820436, 0.0 ], [ 106.845990000038654, -6.626469999590636, 0.0 ], [ 106.845809999831829, -6.626480000051806, 0.0 ], [ 106.845589999578962, -6.626469999590636, 0.0 ], [ 106.845439999856282, -6.626359999913891, 0.0 ], [ 106.845009999811822, -6.626070000030317, 0.0 ], [ 106.845005416866684, -6.626068854294012, 0.0 ], [ 106.844770000435361, -6.626009999961315, 0.0 ], [ 106.844499999675378, -6.625940000330601, 0.0 ], [ 106.844249999837842, -6.625820000192686, 0.0 ], [ 106.844180000207047, -6.625769999685573, 0.0 ], [ 106.843750000162572, -6.625439999755969, 0.0 ], [ 106.843650000047631, -6.6252799995722, 0.0 ], [ 106.84352999990972, -6.625000000149708, 0.0 ], [ 106.843400000210011, -6.624690000243163, 0.0 ], [ 106.843360000164068, -6.62440999992139, 0.0 ], [ 106.843369999725866, -6.62420999969159, 0.0 ], [ 106.84338000018704, -6.623770000085329, 0.0 ], [ 106.843510218421983, -6.623424922122325, 0.0 ], [ 106.843580000416836, -6.623239999925925, 0.0 ], [ 106.843739999701413, -6.622820000342546, 0.0 ], [ 106.843859999839324, -6.622450000367088, 0.0 ], [ 106.84395999995418, -6.62227999972206, 0.0 ], [ 106.844109999676874, -6.622139999561174, 0.0 ], [ 106.844269999860813, -6.621980000276597, 0.0 ], [ 106.844510000136552, -6.621749999562656, 0.0 ], [ 106.844650000297435, -6.621579999816998, 0.0 ], [ 106.844909999696881, -6.621249999887393, 0.0 ], [ 106.844918025246869, -6.621214690705237, 0.0 ], [ 106.844960000203983, -6.621029999634622, 0.0 ], [ 106.844949999742909, -6.62075999977402, 0.0 ], [ 106.844869999650939, -6.620579999567191, 0.0 ], [ 106.844770000435361, -6.620489999913417, 0.0 ], [ 106.844610000251492, -6.620400000259643, 0.0 ], [ 106.84447000009061, -6.620320000167759, 0.0 ], [ 106.844410000021611, -6.620229999614615, 0.0 ], [ 106.844419999583494, -6.62011999993787, 0.0 ], [ 106.844479999652407, -6.619999999799955, 0.0 ], [ 106.84456899206549, -6.619838195576069, 0.0 ], [ 106.844590000228521, -6.619799999570155, 0.0 ], [ 106.84457000020555, -6.619709999916381, 0.0 ], [ 106.844510000136552, -6.619620000262607, 0.0 ], [ 106.844419519345522, -6.619533289429604, 0.0 ], [ 106.844269999860813, -6.619390000448035, 0.0 ], [ 106.844080000092092, -6.61927000031012, 0.0 ], [ 106.843750000162572, -6.619170000195176, 0.0 ], [ 106.843440000256038, -6.619110000126263, 0.0 ], [ 106.843329999679924, -6.619079999642121, 0.0 ], [ 106.842999999750404, -6.619019999573119, 0.0 ], [ 106.842999999750404, -6.618960000403575, 0.0 ], [ 106.842979999727433, -6.618869999850432, 0.0 ], [ 106.842959999704462, -6.618789999758548, 0.0 ], [ 106.842950000142565, -6.618700000104774, 0.0 ], [ 106.842939999681406, -6.618629999574601, 0.0 ], [ 106.842939999681406, -6.618550000382086, 0.0 ], [ 106.842939999681406, -6.618479999851914, 0.0 ], [ 106.842939999681406, -6.618414226135485, 0.0 ], [ 106.842939999681406, -6.61839999976003, 0.0 ], [ 106.842950000142565, -6.618330000129227, 0.0 ], [ 106.842950000142565, -6.618250000037342, 0.0 ], [ 106.842959999704462, -6.618180000406539, 0.0 ], [ 106.842970000165536, -6.618100000314566, 0.0 ], [ 106.842979999727433, -6.618029999784483, 0.0 ], [ 106.842990000188507, -6.617940000130709, 0.0 ], [ 106.842999999750404, -6.617860000038824, 0.0 ], [ 106.843019999773375, -6.61777000038505, 0.0 ], [ 106.843036237932196, -6.617696931368169, 0.0 ], [ 106.843039999796346, -6.617679999831996, 0.0 ], [ 106.843040373014958, -6.617676642662786, 0.0 ], [ 106.84305000025752, -6.617590000178222, 0.0 ], [ 106.843070000280491, -6.617490000063277, 0.0 ], [ 106.843090000303462, -6.617389999948422, 0.0 ], [ 106.843110000326433, -6.617289999833478, 0.0 ], [ 106.843139999911202, -6.617189999718533, 0.0 ], [ 106.843159999934258, -6.617089999603678, 0.0 ], [ 106.843190000418403, -6.616990000388014, 0.0 ], [ 106.843210000441374, -6.61689999983496, 0.0 ], [ 106.843240000026142, -6.616799999720016, 0.0 ], [ 106.843260000049114, -6.61671000006633, 0.0 ], [ 106.843289999633981, -6.616620000412556, 0.0 ], [ 106.843290905251251, -6.616616379741949, 0.0 ], [ 106.843309999656952, -6.616540000320583, 0.0 ], [ 106.843340000140998, -6.616449999767529, 0.0 ], [ 106.843360000164068, -6.616369999675644, 0.0 ], [ 106.84338000018704, -6.61628000002187, 0.0 ], [ 106.843400000210011, -6.616199999929897, 0.0 ], [ 106.843409999771808, -6.616119999837924, 0.0 ], [ 106.843429999794779, -6.61603999974604, 0.0 ], [ 106.843440000256038, -6.615959999654066, 0.0 ], [ 106.843449999817835, -6.615879999562182, 0.0 ], [ 106.843460000279009, -6.615789999908408, 0.0 ], [ 106.843460000279009, -6.615720000277605, 0.0 ], [ 106.843460000279009, -6.615660000208692, 0.0 ], [ 106.84348000030198, -6.615580000116807, 0.0 ], [ 106.84348000030198, -6.615509999586635, 0.0 ], [ 106.84348000030198, -6.615439999955832, 0.0 ], [ 106.84348000030198, -6.615370000325029, 0.0 ], [ 106.84348000030198, -6.615290000233145, 0.0 ], [ 106.84348087534228, -6.61528387674938, 0.0 ], [ 106.843489999863777, -6.615219999703061, 0.0 ], [ 106.843489999863777, -6.615119999588117, 0.0 ], [ 106.843500000324951, -6.615029999934432, 0.0 ], [ 106.843509999886749, -6.614929999819488, 0.0 ], [ 106.843520000347922, -6.614809999681572, 0.0 ], [ 106.84352999990972, -6.614700000004827, 0.0 ], [ 106.843549999932776, -6.614570000305111, 0.0 ], [ 106.843569999955747, -6.614439999706025, 0.0 ], [ 106.843589999978718, -6.614310000006398, 0.0 ], [ 106.843619999563487, -6.614180000306593, 0.0 ], [ 106.843639999586458, -6.614040000145707, 0.0 ], [ 106.843670000070603, -6.613910000445991, 0.0 ], [ 106.84369999965547, -6.613770000285104, 0.0 ], [ 106.843730000139516, -6.613630000124218, 0.0 ], [ 106.843750000162572, -6.613489999963331, 0.0 ], [ 106.843799999770326, -6.613360000263615, 0.0 ], [ 106.843830000254457, -6.613229999664618, 0.0 ], [ 106.843870000300498, -6.613099999964813, 0.0 ], [ 106.84391000034644, -6.612970000265097, 0.0 ], [ 106.843930000369411, -6.612850000127271, 0.0 ], [ 106.843946398607557, -6.612800802714727, 0.0 ], [ 106.843970000415354, -6.612729999989355, 0.0 ], [ 106.844000000000122, -6.61262000031261, 0.0 ], [ 106.84402999958499, -6.612509999736496, 0.0 ], [ 106.844069999630932, -6.61240999962164, 0.0 ], [ 106.844100000115063, -6.612310000405976, 0.0 ], [ 106.844140000161104, -6.612210000291121, 0.0 ], [ 106.844180000207047, -6.612119999737978, 0.0 ], [ 106.844229999814786, -6.612030000084292, 0.0 ], [ 106.844269999860813, -6.611940000430518, 0.0 ], [ 106.844320000367844, -6.611869999900435, 0.0 ], [ 106.844369999975669, -6.611780000246661, 0.0 ], [ 106.844430000044667, -6.611709999716577, 0.0 ], [ 106.844479999652407, -6.611629999624604, 0.0 ], [ 106.84453999972142, -6.61155999999389, 0.0 ], [ 106.844599999790333, -6.611490000363087, 0.0 ], [ 106.844659999859331, -6.611419999832915, 0.0 ], [ 106.844710000366348, -6.611350000202201, 0.0 ], [ 106.844770000435361, -6.611290000133199, 0.0 ], [ 106.844829999604997, -6.611219999603115, 0.0 ], [ 106.84488999967391, -6.611149999972401, 0.0 ], [ 106.844949999742909, -6.611089999903399, 0.0 ], [ 106.845000000249925, -6.611020000272596, 0.0 ], [ 106.845060000318938, -6.610960000203683, 0.0 ], [ 106.845120000387936, -6.610889999673599, 0.0 ], [ 106.845160629059919, -6.610841244727474, 0.0 ], [ 106.845169999995676, -6.610829999604597, 0.0 ], [ 106.845210000041618, -6.610759999973883, 0.0 ], [ 106.845263835257995, -6.610697192221462, 0.0 ], [ 106.845270000110617, -6.61069000034308, 0.0 ], [ 106.845319999718456, -6.610630000274078, 0.0 ], [ 106.845370000225472, -6.610570000205165, 0.0 ], [ 106.845419999833311, -6.610499999675081, 0.0 ], [ 106.845470000340413, -6.610439999606079, 0.0 ], [ 106.845519999948252, -6.610380000436535, 0.0 ], [ 106.845559999994194, -6.610320000367533, 0.0 ], [ 106.845609999601933, -6.61024999983745, 0.0 ], [ 106.845660000109049, -6.610189999768536, 0.0 ], [ 106.845689999693917, -6.610129999699534, 0.0 ], [ 106.845729999739859, -6.610069999630621, 0.0 ], [ 106.84576000022399, -6.610009999561708, 0.0 ], [ 106.845789999808773, -6.609950000391986, 0.0 ], [ 106.845809999831829, -6.609890000323073, 0.0 ], [ 106.845840000315974, -6.609799999770019, 0.0 ], [ 106.845869999900742, -6.609690000093273, 0.0 ], [ 106.845889999923713, -6.609589999978329, 0.0 ], [ 106.845889999923713, -6.609520000347615, 0.0 ], [ 106.84589524566924, -6.609483281028385, 0.0 ], [ 106.845900000384887, -6.609449999817443, 0.0 ], [ 106.845889999923713, -6.609380000186729, 0.0 ], [ 106.845889999923713, -6.609347594016093, 0.0 ], [ 106.845889999923713, -6.609300000094755, 0.0 ], [ 106.845889999923713, -6.609220000002871, 0.0 ], [ 106.845880000361916, -6.609119999887927, 0.0 ], [ 106.845880000361916, -6.609019999772983, 0.0 ], [ 106.845869999900742, -6.608899999635156, 0.0 ], [ 106.845869999900742, -6.608769999935351, 0.0 ], [ 106.845860000338945, -6.608620000212664, 0.0 ], [ 106.845860000338945, -6.608449999567636, 0.0 ], [ 106.845860000338945, -6.608270000260088, 0.0 ], [ 106.845860000338945, -6.608070000030288, 0.0 ], [ 106.845860000338945, -6.607880000261659, 0.0 ], [ 106.845860000338945, -6.60768000003177, 0.0 ], [ 106.845860000338945, -6.607490000263141, 0.0 ], [ 106.845860000338945, -6.607299999595142, 0.0 ], [ 106.845860000338945, -6.607140000310565, 0.0 ], [ 106.845860000338945, -6.606980000126708, 0.0 ], [ 106.845860000338945, -6.606850000426991, 0.0 ], [ 106.845860000338945, -6.606719999827995, 0.0 ], [ 106.845860000338945, -6.60661000015125, 0.0 ], [ 106.845849999877771, -6.606519999598195, 0.0 ], [ 106.845849999877771, -6.606420000382531, 0.0 ], [ 106.845840000315974, -6.606340000290647, 0.0 ], [ 106.845840000315974, -6.606260000198674, 0.0 ], [ 106.8458299998548, -6.606180000106789, 0.0 ], [ 106.8458299998548, -6.606109999576617, 0.0 ], [ 106.845820000293003, -6.606030000384102, 0.0 ], [ 106.845820000293003, -6.60595999985393, 0.0 ], [ 106.845809999831829, -6.605899999785017, 0.0 ], [ 106.845789999808773, -6.605819999693132, 0.0 ], [ 106.845789999808773, -6.605739999601159, 0.0 ], [ 106.845789999808773, -6.605680000431526, 0.0 ], [ 106.845769999785801, -6.605620000362613, 0.0 ], [ 106.84576000022399, -6.605549999832441, 0.0 ], [ 106.845740000201019, -6.605449999717585, 0.0 ], [ 106.845709999716888, -6.605349999602641, 0.0 ], [ 106.845689999693917, -6.605279999971838, 0.0 ], [ 106.845669999670946, -6.605210000341035, 0.0 ], [ 106.845640000086078, -6.60513999981104, 0.0 ], [ 106.845600000040136, -6.605070000180238, 0.0 ], [ 106.845569999555991, -6.604999999650065, 0.0 ], [ 106.845530000409425, -6.604930000019351, 0.0 ], [ 106.845490000363384, -6.604860000388548, 0.0 ], [ 106.845439999856282, -6.604800000319546, 0.0 ], [ 106.84539999981034, -6.604720000227662, 0.0 ], [ 106.845370000225472, -6.604660000158749, 0.0 ], [ 106.845319999718456, -6.604600000089746, 0.0 ], [ 106.845279999672414, -6.604549999582634, 0.0 ], [ 106.845250000087646, -6.604490000413001, 0.0 ], [ 106.845210000041618, -6.604430000344088, 0.0 ], [ 106.845169999995676, -6.604370000275175, 0.0 ], [ 106.845109999926677, -6.604279999722031, 0.0 ], [ 106.845060000318938, -6.604190000068257, 0.0 ], [ 106.845020000272996, -6.604100000414483, 0.0 ], [ 106.844989999788851, -6.6040299998844, 0.0 ], [ 106.844960000203983, -6.603960000253686, 0.0 ], [ 106.844940000181012, -6.603900000184684, 0.0 ], [ 106.844909999696881, -6.6038299996546, 0.0 ], [ 106.84490000013507, -6.603749999562716, 0.0 ], [ 106.84488999967391, -6.603659999908942, 0.0 ], [ 106.844880000112099, -6.60359999983994, 0.0 ], [ 106.844869999650939, -6.603510000186166, 0.0 ], [ 106.844869654311267, -6.603506190658006, 0.0 ], [ 106.844860000089128, -6.60339999961014, 0.0 ], [ 106.844849999627968, -6.603309999956366, 0.0 ], [ 106.844840000066156, -6.603240000325563, 0.0 ], [ 106.844840000066156, -6.60318000025665, 0.0 ], [ 106.844829999604997, -6.603109999726566, 0.0 ], [ 106.8448200000431, -6.603040000095763, 0.0 ], [ 106.844809999581926, -6.602960000003879, 0.0 ], [ 106.844789999558955, -6.602890000373076, 0.0 ], [ 106.844770000435361, -6.602810000281103, 0.0 ], [ 106.844759999974187, -6.602730000189219, 0.0 ], [ 106.844739999951216, -6.602650000097245, 0.0 ], [ 106.844710000366348, -6.602570000005361, 0.0 ], [ 106.844690000343377, -6.602500000374558, 0.0 ], [ 106.844650000297435, -6.602420000282585, 0.0 ], [ 106.844619999813304, -6.602349999752501, 0.0 ], [ 106.844579999767362, -6.602269999660617, 0.0 ], [ 106.844571467899073, -6.602252935024779, 0.0 ], [ 106.84453999972142, -6.602189999568644, 0.0 ], [ 106.844499999675378, -6.602119999937841, 0.0 ], [ 106.844450000067638, -6.602039999845957, 0.0 ], [ 106.844399999560522, -6.601950000192183, 0.0 ], [ 106.844349999952698, -6.601870000100298, 0.0 ], [ 106.844289999883785, -6.601780000446524, 0.0 ], [ 106.844229999814786, -6.60168000033158, 0.0 ], [ 106.844180000207047, -6.601589999778525, 0.0 ], [ 106.844120000138034, -6.601500000124751, 0.0 ], [ 106.844069999630932, -6.601400000009807, 0.0 ], [ 106.844009999562019, -6.601310000356122, 0.0 ], [ 106.843970000415354, -6.601219999802979, 0.0 ], [ 106.843919999908238, -6.601139999711094, 0.0 ], [ 106.843879999862295, -6.601059999619121, 0.0 ], [ 106.843850000277527, -6.600989999988407, 0.0 ], [ 106.843810000231485, -6.600920000357604, 0.0 ], [ 106.843779999747355, -6.600849999827432, 0.0 ], [ 106.843750000162572, -6.600780000196629, 0.0 ], [ 106.843749633239199, -6.600778900325857, 0.0 ], [ 106.843730000139516, -6.600720000127716, 0.0 ], [ 106.84369999965547, -6.600660000058802, 0.0 ], [ 106.843679999632499, -6.600590000427999, 0.0 ], [ 106.843650000047631, -6.600530000359086, 0.0 ], [ 106.843619999563487, -6.600459999828914, 0.0 ], [ 106.843589999978718, -6.6003900001982, 0.0 ], [ 106.843560000393865, -6.600319999668116, 0.0 ], [ 106.84352999990972, -6.600250000037313, 0.0 ], [ 106.843500000324951, -6.60018000040651, 0.0 ], [ 106.843460000279009, -6.600109999876427, 0.0 ], [ 106.843449999817835, -6.600040000245624, 0.0 ], [ 106.843420000232982, -6.59996999971554, 0.0 ], [ 106.843400000210011, -6.599900000084826, 0.0 ], [ 106.843389999748837, -6.599840000015824, 0.0 ], [ 106.843369999725866, -6.599770000385021, 0.0 ], [ 106.843360000164068, -6.599690000293137, 0.0 ], [ 106.843349999702895, -6.599619999763053, 0.0 ], [ 106.843349999702895, -6.59955000013225, 0.0 ], [ 106.843347394366944, -6.599529154746477, 0.0 ], [ 106.843340000140998, -6.599470000040277, 0.0 ], [ 106.843340000140998, -6.599389999948393, 0.0 ], [ 106.843340000140998, -6.599300000294619, 0.0 ], [ 106.843340000140998, -6.599189999718504, 0.0 ], [ 106.843349999702895, -6.599039999995817, 0.0 ], [ 106.843369999725866, -6.598850000227188, 0.0 ], [ 106.843400000210011, -6.598620000412527, 0.0 ], [ 106.843429999794779, -6.598309999606613, 0.0 ], [ 106.843488551055941, -6.597948936194289, 0.0 ], [ 106.843489999863777, -6.597939999631155, 0.0 ], [ 106.843569999955747, -6.597950000092325, 0.0 ], [ 106.843750000162572, -6.597950000092325, 0.0 ], [ 106.843950000392383, -6.597959999654126, 0.0 ], [ 106.844149999722902, -6.597970000115296, 0.0 ], [ 106.844349999952698, -6.597970000115296, 0.0 ], [ 106.84453999972142, -6.597979999677097, 0.0 ], [ 106.844739999951216, -6.597990000138267, 0.0 ], [ 106.844929999719938, -6.597999999700068, 0.0 ], [ 106.845120000387936, -6.598010000161239, 0.0 ], [ 106.845299999695385, -6.598010000161239, 0.0 ], [ 106.845459999879253, -6.598019999723039, 0.0 ], [ 106.845629999625004, -6.59803999974601, 0.0 ], [ 106.845711902682311, -6.59803999974601, 0.0 ], [ 106.845737140356931, -6.59803999974601, 0.0 ], [ 106.845780000246961, -6.59803999974601, 0.0 ], [ 106.845929999969741, -6.598050000207181, 0.0 ], [ 106.846079999692421, -6.598059999768981, 0.0 ], [ 106.846219999853318, -6.598070000230152, 0.0 ], [ 106.846360000014201, -6.598090000253123, 0.0 ], [ 106.846500000175084, -6.598099999814924, 0.0 ], [ 106.846629999874807, -6.598119999837895, 0.0 ], [ 106.846770000035605, -6.598130000299154, 0.0 ], [ 106.846910000196573, -6.598150000322125, 0.0 ], [ 106.847039999896296, -6.598170000345096, 0.0 ], [ 106.847180000057094, -6.598199999929868, 0.0 ], [ 106.847320000217977, -6.598219999952928, 0.0 ], [ 106.847460000378859, -6.59825000043698, 0.0 ], [ 106.847599999640465, -6.598289999583642, 0.0 ], [ 106.847739999801348, -6.598329999629673, 0.0 ], [ 106.847890000423405, -6.598360000113725, 0.0 ], [ 106.848040000146099, -6.598400000159668, 0.0 ], [ 106.848189999868794, -6.598440000205699, 0.0 ], [ 106.848330000029677, -6.598480000251641, 0.0 ], [ 106.848479999752357, -6.598529999859473, 0.0 ], [ 106.84861999991324, -6.598569999905415, 0.0 ], [ 106.848760000074137, -6.598620000412527, 0.0 ], [ 106.848786788179908, -6.598628241799744, 0.0 ], [ 106.848889999773846, -6.598659999559189, 0.0 ], [ 106.849029999934743, -6.598710000066301, 0.0 ], [ 106.849139999611481, -6.598750000112243, 0.0 ], [ 106.849279999772364, -6.598799999719986, 0.0 ], [ 106.849390000348393, -6.598859999788989, 0.0 ], [ 106.849477239982846, -6.598889080266659, 0.0 ], [ 106.849509999587028, -6.598899999834931, 0.0 ], [ 106.849609999701883, -6.598959999903933, 0.0 ], [ 106.849709999816824, -6.599019999972846, 0.0 ], [ 106.849809999931679, -6.599080000041759, 0.0 ], [ 106.84989999958546, -6.599140000110761, 0.0 ], [ 106.849990000138604, -6.599189999718504, 0.0 ], [ 106.850070000230488, -6.599269999810478, 0.0 ], [ 106.850159999884255, -6.59932999987948, 0.0 ], [ 106.850239999976139, -6.599400000409474, 0.0 ], [ 106.850329999629921, -6.599470000040277, 0.0 ], [ 106.85040999972189, -6.59955000013225, 0.0 ], [ 106.850500000274948, -6.599619999763053, 0.0 ], [ 106.850589999928715, -6.599699999854938, 0.0 ], [ 106.850679999582496, -6.599770000385021, 0.0 ], [ 106.850770000135554, -6.599869999600596, 0.0 ], [ 106.850830177370923, -6.599936864194813, 0.0 ], [ 106.850859999789321, -6.59996999971554, 0.0 ], [ 106.850959999904262, -6.600080000291566, 0.0 ], [ 106.851049999558043, -6.600189999968311, 0.0 ], [ 106.851149999672984, -6.600310000106315, 0.0 ], [ 106.851200874321123, -6.600376136249544, 0.0 ], [ 106.851249999787839, -6.600439999805943, 0.0 ], [ 106.851340000340983, -6.600570000405028, 0.0 ], [ 106.851439999556561, -6.600700000104744, 0.0 ], [ 106.851530000109619, -6.600840000265631, 0.0 ], [ 106.85163000022456, -6.600969999965347, 0.0 ], [ 106.851699999855271, -6.601099999665152, 0.0 ], [ 106.85177999994724, -6.601219999802979, 0.0 ], [ 106.851860000039125, -6.601330000379093, 0.0 ], [ 106.851877998171261, -6.601355711097003, 0.0 ], [ 106.851810814317759, -6.601506843965534, 0.0 ], [ 106.851924692770567, -6.601422419209104, 0.0 ], [ 106.851929999669935, -6.601429999594668, 0.0 ], [ 106.852000000200007, -6.601520000147723, 0.0 ], [ 106.852049999807846, -6.601609999801497, 0.0 ], [ 106.852129999899731, -6.60168999989347, 0.0 ], [ 106.852189999968644, -6.601760000423464, 0.0 ], [ 106.852250000037643, -6.601830000054267, 0.0 ], [ 106.852319999668453, -6.60189999968507, 0.0 ], [ 106.852379999737366, -6.601970000215243, 0.0 ], [ 106.852450000267453, -6.602039999845957, 0.0 ], [ 106.852530000359423, -6.60209999991487, 0.0 ], [ 106.852599999990133, -6.602170000445042, 0.0 ], [ 106.852680000082103, -6.602229999614586, 0.0 ], [ 106.852760000174072, -6.602289999683588, 0.0 ], [ 106.852849999827853, -6.602349999752501, 0.0 ], [ 106.852940000380912, -6.602409999821504, 0.0 ], [ 106.853030000034678, -6.602480000351587, 0.0 ], [ 106.853130000149534, -6.6025400004205, 0.0 ], [ 106.853230000264489, -6.602590000028332, 0.0 ], [ 106.85333000037943, -6.602650000097245, 0.0 ], [ 106.853429999594994, -6.602710000166248, 0.0 ], [ 106.853540000171023, -6.602759999774079, 0.0 ], [ 106.853640000285964, -6.602799999820022, 0.0 ], [ 106.853740000400919, -6.602850000327045, 0.0 ], [ 106.853783544675053, -6.602867418396521, 0.0 ], [ 106.853839999616497, -6.602890000373076, 0.0 ], [ 106.853939999731352, -6.602919999957848, 0.0 ], [ 106.854039999846293, -6.602950000441989, 0.0 ], [ 106.854139999961234, -6.602989999588651, 0.0 ], [ 106.854249999637972, -6.603009999611622, 0.0 ], [ 106.854329999729856, -6.603029999634593, 0.0 ], [ 106.854429999844811, -6.603049999657564, 0.0 ], [ 106.854540000420826, -6.603069999680624, 0.0 ], [ 106.854639999636404, -6.603089999703595, 0.0 ], [ 106.854739999751359, -6.603109999726566, 0.0 ], [ 106.854850000327374, -6.603120000187648, 0.0 ], [ 106.854960000004127, -6.603140000210619, 0.0 ], [ 106.855069999680865, -6.603149999772508, 0.0 ], [ 106.855180000256979, -6.60316999979548, 0.0 ], [ 106.855191749000198, -6.603170979157227, 0.0 ], [ 106.855300000394891, -6.60318000025665, 0.0 ], [ 106.855399999610469, -6.603189999818451, 0.0 ], [ 106.85553000020947, -6.603189999818451, 0.0 ], [ 106.855639999886222, -6.603200000279621, 0.0 ], [ 106.855760000024134, -6.603200000279621, 0.0 ], [ 106.855869999700872, -6.603200000279621, 0.0 ], [ 106.855980000276986, -6.603200000279621, 0.0 ], [ 106.856080000391927, -6.603200000279621, 0.0 ], [ 106.856179999607505, -6.603200000279621, 0.0 ], [ 106.856270000160563, -6.603200000279621, 0.0 ], [ 106.856359999814245, -6.603200000279621, 0.0 ], [ 106.856439999906229, -6.603200000279621, 0.0 ], [ 106.856519999998199, -6.603200000279621, 0.0 ], [ 106.856589999628994, -6.603200000279621, 0.0 ], [ 106.856660000159081, -6.603209999841422, 0.0 ], [ 106.856729999789792, -6.603209999841422, 0.0 ], [ 106.856800000319964, -6.603209999841422, 0.0 ], [ 106.856869999950774, -6.603220000302592, 0.0 ], [ 106.856939999581485, -6.603220000302592, 0.0 ], [ 106.857019999673369, -6.603229999864393, 0.0 ], [ 106.857090000203542, -6.603240000325563, 0.0 ], [ 106.857179999857323, -6.603249999887364, 0.0 ], [ 106.857259999949207, -6.603280000371594, 0.0 ], [ 106.857340000041091, -6.603280000371594, 0.0 ], [ 106.857429999694858, -6.603300000394565, 0.0 ], [ 106.857509999786828, -6.603320000417536, 0.0 ], [ 106.857600000339886, -6.603340000440507, 0.0 ], [ 106.857689999993653, -6.603359999564198, 0.0 ], [ 106.857779999647434, -6.603390000048339, 0.0 ], [ 106.857870000200577, -6.60341000007131, 0.0 ], [ 106.857959999854259, -6.603450000117252, 0.0 ], [ 106.858059999969214, -6.603479999702113, 0.0 ], [ 106.858149999622981, -6.603519999748055, 0.0 ], [ 106.858249999737922, -6.603559999793998, 0.0 ], [ 106.85834000029098, -6.60359999983994, 0.0 ], [ 106.858440000405921, -6.603639999885882, 0.0 ], [ 106.858539999621499, -6.603690000393083, 0.0 ], [ 106.858639999736354, -6.603740000000826, 0.0 ], [ 106.858739999851295, -6.603800000069739, 0.0 ], [ 106.85883999996625, -6.603849999677571, 0.0 ], [ 106.858940000081105, -6.603909999746485, 0.0 ], [ 106.859040000196046, -6.603980000276657, 0.0 ], [ 106.859129999849813, -6.60404000034557, 0.0 ], [ 106.859229999964754, -6.604120000437455, 0.0 ], [ 106.859330000079609, -6.604210000091228, 0.0 ], [ 106.859430000194564, -6.604319999767974, 0.0 ], [ 106.859539999871302, -6.604450000367059, 0.0 ], [ 106.859669999571025, -6.604609999651547, 0.0 ], [ 106.859800000170026, -6.604800000319546, 0.0 ], [ 106.859940000330909, -6.605030000134295, 0.0 ] ] ] ] } },
{ "type": "Feature", "properties": { "PROVNO": "32", "KABKOTNO": "01", "KECNO": "130", "DESANO": "004", "PROVINSI": "JAWA BARAT", "KABKOT": "BOGOR", "KECAMATAN": "SUKARAJA", "ID2013": "3201130004", "DESA": "SUKATANI", "DESA_1": "SUKATANI", "ID2012": "3201130004", "IDKAB2": "3201", "IDKEC_2": "3201130", "WILAYAH": "TENGAH" }, "geometry": { "type": "MultiPolygon", "coordinates": [ [ [ [ 106.843489999863777, -6.597939999631155, 0.0 ], [ 106.843488551055941, -6.597948936194289, 0.0 ], [ 106.843429999794779, -6.598309999606613, 0.0 ], [ 106.843400000210011, -6.598620000412527, 0.0 ], [ 106.843369999725866, -6.598850000227188, 0.0 ], [ 106.843349999702895, -6.599039999995817, 0.0 ], [ 106.843340000140998, -6.599189999718504, 0.0 ], [ 106.843340000140998, -6.599300000294619, 0.0 ], [ 106.843340000140998, -6.599389999948393, 0.0 ], [ 106.843340000140998, -6.599470000040277, 0.0 ], [ 106.843347394366944, -6.599529154746477, 0.0 ], [ 106.843349999702895, -6.59955000013225, 0.0 ], [ 106.843349999702895, -6.599619999763053, 0.0 ], [ 106.843360000164068, -6.599690000293137, 0.0 ], [ 106.843369999725866, -6.599770000385021, 0.0 ], [ 106.843389999748837, -6.599840000015824, 0.0 ], [ 106.843400000210011, -6.599900000084826, 0.0 ], [ 106.843420000232982, -6.59996999971554, 0.0 ], [ 106.843449999817835, -6.600040000245624, 0.0 ], [ 106.843460000279009, -6.600109999876427, 0.0 ], [ 106.843500000324951, -6.60018000040651, 0.0 ], [ 106.84352999990972, -6.600250000037313, 0.0 ], [ 106.843560000393865, -6.600319999668116, 0.0 ], [ 106.843589999978718, -6.6003900001982, 0.0 ], [ 106.843619999563487, -6.600459999828914, 0.0 ], [ 106.843650000047631, -6.600530000359086, 0.0 ], [ 106.843679999632499, -6.600590000427999, 0.0 ], [ 106.84369999965547, -6.600660000058802, 0.0 ], [ 106.843730000139516, -6.600720000127716, 0.0 ], [ 106.843749633239199, -6.600778900325857, 0.0 ], [ 106.843750000162572, -6.600780000196629, 0.0 ], [ 106.843779999747355, -6.600849999827432, 0.0 ], [ 106.843810000231485, -6.600920000357604, 0.0 ], [ 106.843850000277527, -6.600989999988407, 0.0 ], [ 106.843879999862295, -6.601059999619121, 0.0 ], [ 106.843919999908238, -6.601139999711094, 0.0 ], [ 106.843970000415354, -6.601219999802979, 0.0 ], [ 106.844009999562019, -6.601310000356122, 0.0 ], [ 106.844069999630932, -6.601400000009807, 0.0 ], [ 106.844120000138034, -6.601500000124751, 0.0 ], [ 106.844180000207047, -6.601589999778525, 0.0 ], [ 106.844229999814786, -6.60168000033158, 0.0 ], [ 106.844289999883785, -6.601780000446524, 0.0 ], [ 106.844349999952698, -6.601870000100298, 0.0 ], [ 106.844399999560522, -6.601950000192183, 0.0 ], [ 106.844450000067638, -6.602039999845957, 0.0 ], [ 106.844499999675378, -6.602119999937841, 0.0 ], [ 106.84453999972142, -6.602189999568644, 0.0 ], [ 106.844571467899073, -6.602252935024779, 0.0 ], [ 106.844579999767362, -6.602269999660617, 0.0 ], [ 106.844619999813304, -6.602349999752501, 0.0 ], [ 106.844650000297435, -6.602420000282585, 0.0 ], [ 106.844690000343377, -6.602500000374558, 0.0 ], [ 106.844710000366348, -6.602570000005361, 0.0 ], [ 106.844739999951216, -6.602650000097245, 0.0 ], [ 106.844759999974187, -6.602730000189219, 0.0 ], [ 106.844770000435361, -6.602810000281103, 0.0 ], [ 106.844789999558955, -6.602890000373076, 0.0 ], [ 106.844809999581926, -6.602960000003879, 0.0 ], [ 106.8448200000431, -6.603040000095763, 0.0 ], [ 106.844829999604997, -6.603109999726566, 0.0 ], [ 106.844840000066156, -6.60318000025665, 0.0 ], [ 106.844840000066156, -6.603240000325563, 0.0 ], [ 106.844849999627968, -6.603309999956366, 0.0 ], [ 106.844860000089128, -6.60339999961014, 0.0 ], [ 106.844869654311267, -6.603506190658006, 0.0 ], [ 106.844869999650939, -6.603510000186166, 0.0 ], [ 106.844880000112099, -6.60359999983994, 0.0 ], [ 106.84488999967391, -6.603659999908942, 0.0 ], [ 106.84490000013507, -6.603749999562716, 0.0 ], [ 106.844909999696881, -6.6038299996546, 0.0 ], [ 106.844940000181012, -6.603900000184684, 0.0 ], [ 106.844960000203983, -6.603960000253686, 0.0 ], [ 106.844989999788851, -6.6040299998844, 0.0 ], [ 106.845020000272996, -6.604100000414483, 0.0 ], [ 106.845060000318938, -6.604190000068257, 0.0 ], [ 106.845109999926677, -6.604279999722031, 0.0 ], [ 106.845169999995676, -6.604370000275175, 0.0 ], [ 106.845210000041618, -6.604430000344088, 0.0 ], [ 106.845250000087646, -6.604490000413001, 0.0 ], [ 106.845279999672414, -6.604549999582634, 0.0 ], [ 106.845319999718456, -6.604600000089746, 0.0 ], [ 106.845370000225472, -6.604660000158749, 0.0 ], [ 106.84539999981034, -6.604720000227662, 0.0 ], [ 106.845439999856282, -6.604800000319546, 0.0 ], [ 106.845490000363384, -6.604860000388548, 0.0 ], [ 106.845530000409425, -6.604930000019351, 0.0 ], [ 106.845569999555991, -6.604999999650065, 0.0 ], [ 106.845600000040136, -6.605070000180238, 0.0 ], [ 106.845640000086078, -6.60513999981104, 0.0 ], [ 106.845669999670946, -6.605210000341035, 0.0 ], [ 106.845689999693917, -6.605279999971838, 0.0 ], [ 106.845709999716888, -6.605349999602641, 0.0 ], [ 106.845740000201019, -6.605449999717585, 0.0 ], [ 106.84576000022399, -6.605549999832441, 0.0 ], [ 106.845769999785801, -6.605620000362613, 0.0 ], [ 106.845789999808773, -6.605680000431526, 0.0 ], [ 106.845789999808773, -6.605739999601159, 0.0 ], [ 106.845789999808773, -6.605819999693132, 0.0 ], [ 106.845809999831829, -6.605899999785017, 0.0 ], [ 106.845820000293003, -6.60595999985393, 0.0 ], [ 106.845820000293003, -6.606030000384102, 0.0 ], [ 106.8458299998548, -6.606109999576617, 0.0 ], [ 106.8458299998548, -6.606180000106789, 0.0 ], [ 106.845840000315974, -6.606260000198674, 0.0 ], [ 106.845840000315974, -6.606340000290647, 0.0 ], [ 106.845849999877771, -6.606420000382531, 0.0 ], [ 106.845849999877771, -6.606519999598195, 0.0 ], [ 106.845860000338945, -6.60661000015125, 0.0 ], [ 106.845860000338945, -6.606719999827995, 0.0 ], [ 106.845860000338945, -6.606850000426991, 0.0 ], [ 106.845860000338945, -6.606980000126708, 0.0 ], [ 106.845860000338945, -6.607140000310565, 0.0 ], [ 106.845860000338945, -6.607299999595142, 0.0 ], [ 106.845860000338945, -6.607490000263141, 0.0 ], [ 106.845860000338945, -6.60768000003177, 0.0 ], [ 106.845860000338945, -6.607880000261659, 0.0 ], [ 106.845860000338945, -6.608070000030288, 0.0 ], [ 106.845860000338945, -6.608270000260088, 0.0 ], [ 106.845860000338945, -6.608449999567636, 0.0 ], [ 106.845860000338945, -6.608620000212664, 0.0 ], [ 106.845869999900742, -6.608769999935351, 0.0 ], [ 106.845869999900742, -6.608899999635156, 0.0 ], [ 106.845880000361916, -6.609019999772983, 0.0 ], [ 106.845880000361916, -6.609119999887927, 0.0 ], [ 106.845889999923713, -6.609220000002871, 0.0 ], [ 106.845889999923713, -6.609300000094755, 0.0 ], [ 106.845889999923713, -6.609347594016093, 0.0 ], [ 106.845889999923713, -6.609380000186729, 0.0 ], [ 106.845900000384887, -6.609449999817443, 0.0 ], [ 106.84589524566924, -6.609483281028385, 0.0 ], [ 106.845889999923713, -6.609520000347615, 0.0 ], [ 106.845889999923713, -6.609589999978329, 0.0 ], [ 106.845869999900742, -6.609690000093273, 0.0 ], [ 106.845840000315974, -6.609799999770019, 0.0 ], [ 106.845809999831829, -6.609890000323073, 0.0 ], [ 106.845789999808773, -6.609950000391986, 0.0 ], [ 106.84576000022399, -6.610009999561708, 0.0 ], [ 106.845729999739859, -6.610069999630621, 0.0 ], [ 106.845689999693917, -6.610129999699534, 0.0 ], [ 106.845660000109049, -6.610189999768536, 0.0 ], [ 106.845609999601933, -6.61024999983745, 0.0 ], [ 106.845559999994194, -6.610320000367533, 0.0 ], [ 106.845519999948252, -6.610380000436535, 0.0 ], [ 106.845470000340413, -6.610439999606079, 0.0 ], [ 106.845419999833311, -6.610499999675081, 0.0 ], [ 106.845370000225472, -6.610570000205165, 0.0 ], [ 106.845319999718456, -6.610630000274078, 0.0 ], [ 106.845270000110617, -6.61069000034308, 0.0 ], [ 106.845263835257995, -6.610697192221462, 0.0 ], [ 106.845210000041618, -6.610759999973883, 0.0 ], [ 106.845169999995676, -6.610829999604597, 0.0 ], [ 106.845160629059919, -6.610841244727474, 0.0 ], [ 106.845120000387936, -6.610889999673599, 0.0 ], [ 106.845060000318938, -6.610960000203683, 0.0 ], [ 106.845000000249925, -6.611020000272596, 0.0 ], [ 106.844949999742909, -6.611089999903399, 0.0 ], [ 106.84488999967391, -6.611149999972401, 0.0 ], [ 106.844829999604997, -6.611219999603115, 0.0 ], [ 106.844770000435361, -6.611290000133199, 0.0 ], [ 106.844710000366348, -6.611350000202201, 0.0 ], [ 106.844659999859331, -6.611419999832915, 0.0 ], [ 106.844599999790333, -6.611490000363087, 0.0 ], [ 106.84453999972142, -6.61155999999389, 0.0 ], [ 106.844479999652407, -6.611629999624604, 0.0 ], [ 106.844430000044667, -6.611709999716577, 0.0 ], [ 106.844369999975669, -6.611780000246661, 0.0 ], [ 106.844320000367844, -6.611869999900435, 0.0 ], [ 106.844269999860813, -6.611940000430518, 0.0 ], [ 106.844229999814786, -6.612030000084292, 0.0 ], [ 106.844180000207047, -6.612119999737978, 0.0 ], [ 106.844140000161104, -6.612210000291121, 0.0 ], [ 106.844100000115063, -6.612310000405976, 0.0 ], [ 106.844069999630932, -6.61240999962164, 0.0 ], [ 106.84402999958499, -6.612509999736496, 0.0 ], [ 106.844000000000122, -6.61262000031261, 0.0 ], [ 106.843970000415354, -6.612729999989355, 0.0 ], [ 106.843946398607557, -6.612800802714727, 0.0 ], [ 106.843930000369411, -6.612850000127271, 0.0 ], [ 106.84391000034644, -6.612970000265097, 0.0 ], [ 106.843870000300498, -6.613099999964813, 0.0 ], [ 106.843830000254457, -6.613229999664618, 0.0 ], [ 106.843799999770326, -6.613360000263615, 0.0 ], [ 106.843750000162572, -6.613489999963331, 0.0 ], [ 106.843730000139516, -6.613630000124218, 0.0 ], [ 106.84369999965547, -6.613770000285104, 0.0 ], [ 106.843670000070603, -6.613910000445991, 0.0 ], [ 106.843639999586458, -6.614040000145707, 0.0 ], [ 106.843619999563487, -6.614180000306593, 0.0 ], [ 106.843589999978718, -6.614310000006398, 0.0 ], [ 106.843569999955747, -6.614439999706025, 0.0 ], [ 106.843549999932776, -6.614570000305111, 0.0 ], [ 106.84352999990972, -6.614700000004827, 0.0 ], [ 106.843520000347922, -6.614809999681572, 0.0 ], [ 106.843509999886749, -6.614929999819488, 0.0 ], [ 106.843500000324951, -6.615029999934432, 0.0 ], [ 106.843489999863777, -6.615119999588117, 0.0 ], [ 106.843489999863777, -6.615219999703061, 0.0 ], [ 106.84348087534228, -6.61528387674938, 0.0 ], [ 106.84348000030198, -6.615290000233145, 0.0 ], [ 106.84348000030198, -6.615370000325029, 0.0 ], [ 106.84348000030198, -6.615439999955832, 0.0 ], [ 106.84348000030198, -6.615509999586635, 0.0 ], [ 106.84348000030198, -6.615580000116807, 0.0 ], [ 106.843460000279009, -6.615660000208692, 0.0 ], [ 106.843460000279009, -6.615720000277605, 0.0 ], [ 106.843460000279009, -6.615789999908408, 0.0 ], [ 106.843449999817835, -6.615879999562182, 0.0 ], [ 106.843440000256038, -6.615959999654066, 0.0 ], [ 106.843429999794779, -6.61603999974604, 0.0 ], [ 106.843409999771808, -6.616119999837924, 0.0 ], [ 106.843400000210011, -6.616199999929897, 0.0 ], [ 106.84338000018704, -6.61628000002187, 0.0 ], [ 106.843360000164068, -6.616369999675644, 0.0 ], [ 106.843340000140998, -6.616449999767529, 0.0 ], [ 106.843309999656952, -6.616540000320583, 0.0 ], [ 106.843290905251251, -6.616616379741949, 0.0 ], [ 106.843289999633981, -6.616620000412556, 0.0 ], [ 106.843260000049114, -6.61671000006633, 0.0 ], [ 106.843240000026142, -6.616799999720016, 0.0 ], [ 106.843210000441374, -6.61689999983496, 0.0 ], [ 106.843190000418403, -6.616990000388014, 0.0 ], [ 106.843159999934258, -6.617089999603678, 0.0 ], [ 106.843139999911202, -6.617189999718533, 0.0 ], [ 106.843110000326433, -6.617289999833478, 0.0 ], [ 106.843090000303462, -6.617389999948422, 0.0 ], [ 106.843070000280491, -6.617490000063277, 0.0 ], [ 106.84305000025752, -6.617590000178222, 0.0 ], [ 106.843040373014958, -6.617676642662786, 0.0 ], [ 106.843039999796346, -6.617679999831996, 0.0 ], [ 106.843036237932196, -6.617696931368169, 0.0 ], [ 106.843019999773375, -6.61777000038505, 0.0 ], [ 106.842999999750404, -6.617860000038824, 0.0 ], [ 106.842990000188507, -6.617940000130709, 0.0 ], [ 106.842979999727433, -6.618029999784483, 0.0 ], [ 106.842970000165536, -6.618100000314566, 0.0 ], [ 106.842959999704462, -6.618180000406539, 0.0 ], [ 106.842950000142565, -6.618250000037342, 0.0 ], [ 106.842950000142565, -6.618330000129227, 0.0 ], [ 106.842939999681406, -6.61839999976003, 0.0 ], [ 106.842939999681406, -6.618414226135485, 0.0 ], [ 106.842939999681406, -6.618479999851914, 0.0 ], [ 106.842939999681406, -6.618550000382086, 0.0 ], [ 106.842939999681406, -6.618629999574601, 0.0 ], [ 106.842950000142565, -6.618700000104774, 0.0 ], [ 106.842959999704462, -6.618789999758548, 0.0 ], [ 106.842979999727433, -6.618869999850432, 0.0 ], [ 106.842999999750404, -6.618960000403575, 0.0 ], [ 106.842999999750404, -6.619019999573119, 0.0 ], [ 106.842910000096623, -6.619050000057349, 0.0 ], [ 106.842749999912684, -6.61907000008032, 0.0 ], [ 106.842600000190004, -6.619090000103292, 0.0 ], [ 106.842460000029206, -6.619099999665092, 0.0 ], [ 106.842330000329397, -6.619130000149234, 0.0 ], [ 106.842210000191571, -6.619139999711123, 0.0 ], [ 106.842099999615456, -6.619170000195176, 0.0 ], [ 106.841989999938704, -6.619190000218147, 0.0 ], [ 106.841889999823849, -6.619219999803008, 0.0 ], [ 106.841800000170082, -6.619239999825979, 0.0 ], [ 106.841709999616938, -6.61925999984895, 0.0 ], [ 106.841619999963157, -6.619279999871921, 0.0 ], [ 106.841530000309476, -6.619299999894892, 0.0 ], [ 106.841450000217506, -6.619319999917863, 0.0 ], [ 106.841370000125622, -6.619339999940923, 0.0 ], [ 106.841299999595535, -6.619359999963894, 0.0 ], [ 106.841229999964725, -6.619379999986865, 0.0 ], [ 106.841149999872755, -6.619390000448035, 0.0 ], [ 106.841080000242044, -6.619409999571637, 0.0 ], [ 106.841009999711872, -6.619420000032807, 0.0 ], [ 106.840940000081076, -6.619429999594697, 0.0 ], [ 106.840869999550989, -6.619449999617668, 0.0 ], [ 106.840790000358382, -6.61946000007875, 0.0 ], [ 106.840710000266498, -6.619469999640639, 0.0 ], [ 106.840630000174528, -6.619480000101721, 0.0 ], [ 106.840550000082644, -6.61948999966361, 0.0 ], [ 106.840449999967689, -6.619500000124692, 0.0 ], [ 106.840360000313922, -6.619500000124692, 0.0 ], [ 106.840249999737892, -6.619500000124692, 0.0 ], [ 106.840140000061155, -6.619500000124692, 0.0 ], [ 106.840019999923243, -6.619500000124692, 0.0 ], [ 106.839899999785317, -6.61948999966361, 0.0 ], [ 106.839739999601463, -6.619469999640639, 0.0 ], [ 106.839620000362913, -6.619449999617668, 0.0 ], [ 106.839469999740857, -6.619420000032807, 0.0 ], [ 106.839320000018176, -6.619400000009836, 0.0 ], [ 106.839159999834322, -6.619359999963894, 0.0 ], [ 106.839010000111628, -6.619330000379122, 0.0 ], [ 106.838849999927774, -6.619299999894892, 0.0 ], [ 106.838689999743821, -6.619250000287149, 0.0 ], [ 106.838529999560052, -6.619210000241118, 0.0 ], [ 106.838379999837287, -6.619170000195176, 0.0 ], [ 106.838210000091621, -6.619130000149234, 0.0 ], [ 106.838060000368927, -6.619079999642121, 0.0 ], [ 106.837900000184987, -6.619030000034289, 0.0 ], [ 106.837749999563016, -6.618980000426546, 0.0 ], [ 106.837590000278439, -6.618920000357544, 0.0 ], [ 106.837439999656482, -6.618860000288631, 0.0 ], [ 106.837280000371891, -6.618789999758548, 0.0 ], [ 106.837109999726863, -6.618700000104774, 0.0 ], [ 106.836910000396358, -6.6186200000128, 0.0 ], [ 106.836699999705388, -6.618499999874885, 0.0 ], [ 106.836429999844782, -6.618359999714087, 0.0 ], [ 106.836119999938234, -6.61818999996834, 0.0 ], [ 106.835740000400889, -6.617989999738541, 0.0 ], [ 106.835250000287431, -6.617730000339108, 0.0 ], [ 106.835489999663977, -6.617479999602196, 0.0 ], [ 106.835620000262963, -6.617389999948422, 0.0 ], [ 106.835799999570526, -6.617229999764476, 0.0 ], [ 106.836044917339251, -6.616905342707238, 0.0 ], [ 106.836229999614972, -6.616659999559129, 0.0 ], [ 106.836271077948069, -6.61660312193634, 0.0 ], [ 106.836360000214057, -6.61648000025167, 0.0 ], [ 106.836509999936752, -6.61625999999881, 0.0 ], [ 106.836799999820329, -6.615540000070776, 0.0 ], [ 106.836779999797358, -6.615419999932861, 0.0 ], [ 106.83674575181513, -6.615327530740824, 0.0 ], [ 106.836579999567462, -6.614880000211656, 0.0 ], [ 106.836630000074578, -6.614679999981856, 0.0 ], [ 106.836730000189519, -6.614479999751968, 0.0 ], [ 106.836799999820329, -6.614310000006398, 0.0 ], [ 106.836899999935184, -6.614000000099765, 0.0 ], [ 106.836989999588951, -6.613730000239162, 0.0 ], [ 106.837140000211008, -6.613449999917389, 0.0 ], [ 106.837300000394862, -6.613149999572645, 0.0 ], [ 106.837359999564498, -6.612910000196184, 0.0 ], [ 106.837410000071614, -6.612500000174695, 0.0 ], [ 106.837410000071614, -6.611940000430518, 0.0 ], [ 106.837441048265944, -6.61146540390515, 0.0 ], [ 106.837469853551028, -6.611025081442214, 0.0 ], [ 106.837479999702424, -6.610869999650628, 0.0 ], [ 106.837490000163498, -6.61049000011328, 0.0 ], [ 106.837530000209526, -6.610189999768536, 0.0 ], [ 106.837590000278439, -6.61004000004576, 0.0 ], [ 106.837699999955191, -6.609939999930905, 0.0 ], [ 106.837889999723899, -6.609859999839021, 0.0 ], [ 106.838089999953709, -6.609739999701016, 0.0 ], [ 106.83819000006865, -6.60961999956319, 0.0 ], [ 106.838239999676389, -6.609489999863474, 0.0 ], [ 106.838239999676389, -6.609309999656645, 0.0 ], [ 106.838210000091621, -6.609010000211182, 0.0 ], [ 106.838206163583806, -6.608868071903853, 0.0 ], [ 106.838199999630447, -6.608640000235635, 0.0 ], [ 106.838270000160534, -6.608440000005835, 0.0 ], [ 106.838359999814315, -6.608110000076319, 0.0 ], [ 106.838419999883314, -6.607840000215717, 0.0 ], [ 106.83847000039033, -6.607410000171257, 0.0 ], [ 106.838549999583023, -6.607200000379567, 0.0 ], [ 106.838729999789848, -6.606730000289165, 0.0 ], [ 106.838800000319935, -6.606320000267676, 0.0 ], [ 106.838806443962355, -6.606267160600812, 0.0 ], [ 106.838849999927774, -6.605910000246098, 0.0 ], [ 106.838864548260446, -6.605776155045398, 0.0 ], [ 106.838900000434791, -6.605449999717585, 0.0 ], [ 106.839130000249455, -6.604350000252204, 0.0 ], [ 106.839329999579974, -6.603559999793998, 0.0 ], [ 106.839320000018176, -6.603499999725084, 0.0 ], [ 106.839299999995205, -6.60339999961014, 0.0 ], [ 106.839239999926207, -6.603140000210619, 0.0 ], [ 106.839233016690514, -6.602944475007391, 0.0 ], [ 106.839230000364395, -6.602859999888935, 0.0 ], [ 106.839210000341424, -6.602679999682106, 0.0 ], [ 106.839190000318368, -6.602500000374558, 0.0 ], [ 106.839155160582379, -6.602374579123396, 0.0 ], [ 106.839139999811351, -6.60232000016773, 0.0 ], [ 106.839079999742339, -6.60209999991487, 0.0 ], [ 106.839059999719368, -6.60148000010178, 0.0 ], [ 106.838970000065601, -6.601059999619121, 0.0 ], [ 106.838939999581456, -6.600949999942376, 0.0 ], [ 106.838889999973716, -6.600519999897916, 0.0 ], [ 106.838869999950745, -6.60018000040651, 0.0 ], [ 106.838877727824993, -6.59998681164188, 0.0 ], [ 106.83888000041182, -6.599929999669598, 0.0 ], [ 106.838900000434791, -6.599710000316108, 0.0 ], [ 106.838889999973716, -6.599470000040277, 0.0 ], [ 106.83888000041182, -6.599389999948393, 0.0 ], [ 106.838820000342906, -6.598979999926904, 0.0 ], [ 106.838820000342906, -6.598750000112243, 0.0 ], [ 106.838889999973716, -6.597930000069354, 0.0 ], [ 106.839230000364395, -6.597919999608095, 0.0 ], [ 106.839549999832826, -6.597910000046294, 0.0 ], [ 106.839850000177577, -6.597910000046294, 0.0 ], [ 106.840129999599981, -6.597910000046294, 0.0 ], [ 106.840400000359949, -6.597910000046294, 0.0 ], [ 106.840639999736325, -6.597910000046294, 0.0 ], [ 106.840869999550989, -6.597910000046294, 0.0 ], [ 106.841080000242044, -6.597910000046294, 0.0 ], [ 106.841270000010667, -6.597910000046294, 0.0 ], [ 106.841356949164066, -6.597910000046294, 0.0 ], [ 106.841450000217506, -6.597910000046294, 0.0 ], [ 106.84161000040136, -6.597910000046294, 0.0 ], [ 106.841769999685937, -6.597919999608095, 0.0 ], [ 106.84190999984682, -6.597919999608095, 0.0 ], [ 106.842059999569514, -6.597919999608095, 0.0 ], [ 106.8421900001686, -6.597919999608095, 0.0 ], [ 106.842330000329397, -6.597919999608095, 0.0 ], [ 106.842469999591003, -6.597919999608095, 0.0 ], [ 106.842609999751886, -6.597930000069354, 0.0 ], [ 106.842760000373943, -6.597930000069354, 0.0 ], [ 106.842910000096623, -6.597930000069354, 0.0 ], [ 106.843070000280491, -6.597930000069354, 0.0 ], [ 106.843229999564983, -6.597939999631155, 0.0 ], [ 106.843400000210011, -6.597939999631155, 0.0 ], [ 106.843489999863777, -6.597939999631155, 0.0 ] ] ] ] } },
{ "type": "Feature", "properties": { "PROVNO": "32", "KABKOTNO": "01", "KECNO": "130", "DESANO": "005", "PROVINSI": "JAWA BARAT", "KABKOT": "BOGOR", "KECAMATAN": "SUKARAJA", "ID2013": "3201130005", "DESA": "SUKARAJA", "DESA_1": "SUKARAJA", "ID2012": "3201130005", "IDKAB2": "3201", "IDKEC_2": "3201130", "WILAYAH": "TENGAH" }, "geometry": { "type": "MultiPolygon", "coordinates": [ [ [ [ 106.839589999878768, -6.585129999749508, 0.0 ], [ 106.839589999878768, -6.585189999818422, 0.0 ], [ 106.839569999855797, -6.586490000413061, 0.0 ], [ 106.839560000293915, -6.586849999927349, 0.0 ], [ 106.839560000293915, -6.587569999855472, 0.0 ], [ 106.839560000293915, -6.588140000060818, 0.0 ], [ 106.839560000293915, -6.588550000082218, 0.0 ], [ 106.839569999855797, -6.588619999713021, 0.0 ], [ 106.839549999832826, -6.58924999998737, 0.0 ], [ 106.839529999809855, -6.58968000003183, 0.0 ], [ 106.839529999809855, -6.590139999661151, 0.0 ], [ 106.839529999809855, -6.590990000188182, 0.0 ], [ 106.839529999809855, -6.591610000001271, 0.0 ], [ 106.839529999809855, -6.591701997948665, 0.0 ], [ 106.839529999809855, -6.591990000437988, 0.0 ], [ 106.839529999809855, -6.592599999789996, 0.0 ], [ 106.839520000247973, -6.592869999650599, 0.0 ], [ 106.83951661879712, -6.593018742121117, 0.0 ], [ 106.839509999786884, -6.593310000156229, 0.0 ], [ 106.839509999786884, -6.593470000340087, 0.0 ], [ 106.839541681103839, -6.594325396799441, 0.0 ], [ 106.839560000293915, -6.5948199996431, 0.0 ], [ 106.839580000316886, -6.595220000102788, 0.0 ], [ 106.839549999832826, -6.595590000078246, 0.0 ], [ 106.839532540394586, -6.59564238109084, 0.0 ], [ 106.839259999949178, -6.596459999729056, 0.0 ], [ 106.839030000134599, -6.596920000257658, 0.0 ], [ 106.838939999581456, -6.597239999726092, 0.0 ], [ 106.838918414953056, -6.597537874073414, 0.0 ], [ 106.838889999973716, -6.597930000069354, 0.0 ], [ 106.838820000342906, -6.598750000112243, 0.0 ], [ 106.838820000342906, -6.598979999926904, 0.0 ], [ 106.83888000041182, -6.599389999948393, 0.0 ], [ 106.838889999973716, -6.599470000040277, 0.0 ], [ 106.838900000434791, -6.599710000316108, 0.0 ], [ 106.83888000041182, -6.599929999669598, 0.0 ], [ 106.838877727824993, -6.59998681164188, 0.0 ], [ 106.838869999950745, -6.60018000040651, 0.0 ], [ 106.838889999973716, -6.600519999897916, 0.0 ], [ 106.838939999581456, -6.600949999942376, 0.0 ], [ 106.838970000065601, -6.601059999619121, 0.0 ], [ 106.839059999719368, -6.60148000010178, 0.0 ], [ 106.839079999742339, -6.60209999991487, 0.0 ], [ 106.839139999811351, -6.60232000016773, 0.0 ], [ 106.839155160582379, -6.602374579123396, 0.0 ], [ 106.839190000318368, -6.602500000374558, 0.0 ], [ 106.839210000341424, -6.602679999682106, 0.0 ], [ 106.839230000364395, -6.602859999888935, 0.0 ], [ 106.839233016690514, -6.602944475007391, 0.0 ], [ 106.839239999926207, -6.603140000210619, 0.0 ], [ 106.839299999995205, -6.60339999961014, 0.0 ], [ 106.839320000018176, -6.603499999725084, 0.0 ], [ 106.839329999579974, -6.603559999793998, 0.0 ], [ 106.839130000249455, -6.604350000252204, 0.0 ], [ 106.838900000434791, -6.605449999717585, 0.0 ], [ 106.838864548260446, -6.605776155045398, 0.0 ], [ 106.838849999927774, -6.605910000246098, 0.0 ], [ 106.838806443962355, -6.606267160600812, 0.0 ], [ 106.838800000319935, -6.606320000267676, 0.0 ], [ 106.838729999789848, -6.606730000289165, 0.0 ], [ 106.838549999583023, -6.607200000379567, 0.0 ], [ 106.83847000039033, -6.607410000171257, 0.0 ], [ 106.838419999883314, -6.607840000215717, 0.0 ], [ 106.838359999814315, -6.608110000076319, 0.0 ], [ 106.838270000160534, -6.608440000005835, 0.0 ], [ 106.838199999630447, -6.608640000235635, 0.0 ], [ 106.838206163583806, -6.608868071903853, 0.0 ], [ 106.838210000091621, -6.609010000211182, 0.0 ], [ 106.838239999676389, -6.609309999656645, 0.0 ], [ 106.838239999676389, -6.609489999863474, 0.0 ], [ 106.83819000006865, -6.60961999956319, 0.0 ], [ 106.838089999953709, -6.609739999701016, 0.0 ], [ 106.837889999723899, -6.609859999839021, 0.0 ], [ 106.837699999955191, -6.609939999930905, 0.0 ], [ 106.837590000278439, -6.61004000004576, 0.0 ], [ 106.837530000209526, -6.610189999768536, 0.0 ], [ 106.837490000163498, -6.61049000011328, 0.0 ], [ 106.837479999702424, -6.610869999650628, 0.0 ], [ 106.837469853551028, -6.611025081442214, 0.0 ], [ 106.837441048265944, -6.61146540390515, 0.0 ], [ 106.837410000071614, -6.611940000430518, 0.0 ], [ 106.837410000071614, -6.612500000174695, 0.0 ], [ 106.837359999564498, -6.612910000196184, 0.0 ], [ 106.837300000394862, -6.613149999572645, 0.0 ], [ 106.837140000211008, -6.613449999917389, 0.0 ], [ 106.836989999588951, -6.613730000239162, 0.0 ], [ 106.836899999935184, -6.614000000099765, 0.0 ], [ 106.836799999820329, -6.614310000006398, 0.0 ], [ 106.836730000189519, -6.614479999751968, 0.0 ], [ 106.836630000074578, -6.614679999981856, 0.0 ], [ 106.836579999567462, -6.614880000211656, 0.0 ], [ 106.83674575181513, -6.615327530740824, 0.0 ], [ 106.836779999797358, -6.615419999932861, 0.0 ], [ 106.836799999820329, -6.615540000070776, 0.0 ], [ 106.836509999936752, -6.61625999999881, 0.0 ], [ 106.836360000214057, -6.61648000025167, 0.0 ], [ 106.836271077948069, -6.61660312193634, 0.0 ], [ 106.836229999614972, -6.616659999559129, 0.0 ], [ 106.836044917339251, -6.616905342707238, 0.0 ], [ 106.835799999570526, -6.617229999764476, 0.0 ], [ 106.835620000262963, -6.617389999948422, 0.0 ], [ 106.835489999663977, -6.617479999602196, 0.0 ], [ 106.835250000287431, -6.617730000339108, 0.0 ], [ 106.834909999896738, -6.618080000291595, 0.0 ], [ 106.834740000151072, -6.618259999599143, 0.0 ], [ 106.834299999645452, -6.618499999874885, 0.0 ], [ 106.834255389674709, -6.618525735773897, 0.0 ], [ 106.83404000024602, -6.618649999597661, 0.0 ], [ 106.833889999623963, -6.618760000173687, 0.0 ], [ 106.83385337923022, -6.618805775665884, 0.0 ], [ 106.833763319321889, -6.618591797273456, 0.0 ], [ 106.833744109802936, -6.618547111759678, 0.0 ], [ 106.833732780143862, -6.618520757127069, 0.0 ], [ 106.833641236354154, -6.618329544172976, 0.0 ], [ 106.833511536128668, -6.617972868552915, 0.0 ], [ 106.833488661872394, -6.617877987379064, 0.0 ], [ 106.833458122694367, -6.61782169701354, 0.0 ], [ 106.832985118868294, -6.616608166233764, 0.0 ], [ 106.83288593443848, -6.616344002073884, 0.0 ], [ 106.832481553381214, -6.615212948118856, 0.0 ], [ 106.832283171031733, -6.614543670853514, 0.0 ], [ 106.832168763777574, -6.614157697119918, 0.0 ], [ 106.832077194806857, -6.613699950292276, 0.0 ], [ 106.832032110893365, -6.613491354342429, 0.0 ], [ 106.832023806553565, -6.613452930807941, 0.0 ], [ 106.831932237582862, -6.612977050050652, 0.0 ], [ 106.831894107227441, -6.612599386951992, 0.0 ], [ 106.831711017849386, -6.610806485031109, 0.0 ], [ 106.831695735669868, -6.61026099135146, 0.0 ], [ 106.831685168635772, -6.610015803786187, 0.0 ], [ 106.831642348315867, -6.609022168038461, 0.0 ], [ 106.831608751442928, -6.608209848205817, 0.0 ], [ 106.83157367698378, -6.607361818992654, 0.0 ], [ 106.83157367698378, -6.607230208607042, 0.0 ], [ 106.831520264448841, -6.605754884280337, 0.0 ], [ 106.83149786683326, -6.605294529418817, 0.0 ], [ 106.831474491654674, -6.604890846235403, 0.0 ], [ 106.831398180581743, -6.603096517989773, 0.0 ], [ 106.831390564223355, -6.602937247156095, 0.0 ], [ 106.831375307224846, -6.602687373223528, 0.0 ], [ 106.831367689967095, -6.602102296783432, 0.0 ], [ 106.831360050226337, -6.601686042876356, 0.0 ], [ 106.831390564223355, -6.601157692073691, 0.0 ], [ 106.831390564223355, -6.601006060980765, 0.0 ], [ 106.831428696377415, -6.600607894238788, 0.0 ], [ 106.831527880807243, -6.599844492129439, 0.0 ], [ 106.83154674498644, -6.599707048741124, 0.0 ], [ 106.831604191880075, -6.599288479979162, 0.0 ], [ 106.831680478671359, -6.598939445898591, 0.0 ], [ 106.831711017849386, -6.598834530089306, 0.0 ], [ 106.831780000346882, -6.598549999882444, 0.0 ], [ 106.832176381035339, -6.597101714572275, 0.0 ], [ 106.832275566364444, -6.596839462371165, 0.0 ], [ 106.832381652191671, -6.596489135964703, 0.0 ], [ 106.832561996838891, -6.59593116329237, 0.0 ], [ 106.832597052412183, -6.595819572714969, 0.0 ], [ 106.832842607800288, -6.595084034300527, 0.0 ], [ 106.832927880617362, -6.594850663826914, 0.0 ], [ 106.833088255818566, -6.59437382798961, 0.0 ], [ 106.833388890185304, -6.59346076070543, 0.0 ], [ 106.833543974674825, -6.592923146885568, 0.0 ], [ 106.833588976750036, -6.592760855229098, 0.0 ], [ 106.833679241703777, -6.592507199647404, 0.0 ], [ 106.833807630717772, -6.5921141455512, 0.0 ], [ 106.833809202732738, -6.592110371096584, 0.0 ], [ 106.833844663900251, -6.59202527994255, 0.0 ], [ 106.833868334955852, -6.591962450606417, 0.0 ], [ 106.833884804240455, -6.591918737259697, 0.0 ], [ 106.833980003774315, -6.591629598926687, 0.0 ], [ 106.834045085912209, -6.591416568419763, 0.0 ], [ 106.834185548324584, -6.591036067960001, 0.0 ], [ 106.834340762316558, -6.590533918905042, 0.0 ], [ 106.834445927237951, -6.590199147172751, 0.0 ], [ 106.834471073181675, -6.590148390335795, 0.0 ], [ 106.834491059714821, -6.590072320281184, 0.0 ], [ 106.834505740247863, -6.590032730326048, 0.0 ], [ 106.834551260332546, -6.589909971967458, 0.0 ], [ 106.834596391910139, -6.589783145075891, 0.0 ], [ 106.834751866705489, -6.589351924651456, 0.0 ], [ 106.835057272874991, -6.588391219379144, 0.0 ], [ 106.835082428711345, -6.588312087132966, 0.0 ], [ 106.835258076199452, -6.587855461759986, 0.0 ], [ 106.835308160343487, -6.587678264739996, 0.0 ], [ 106.835370606568389, -6.587457331890203, 0.0 ], [ 106.835803547396011, -6.586014334593706, 0.0 ], [ 106.835863729127965, -6.585846921298213, 0.0 ], [ 106.835868664607375, -6.585811437647617, 0.0 ], [ 106.835887871428312, -6.585737420745232, 0.0 ], [ 106.835891116182282, -6.585732159711224, 0.0 ], [ 106.835989380605639, -6.585572870891134, 0.0 ], [ 106.836024510822682, -6.585481545636664, 0.0 ], [ 106.836369858582231, -6.584330193083723, 0.0 ], [ 106.836394910097141, -6.584248128148431, 0.0 ], [ 106.836520041766704, -6.583838194676819, 0.0 ], [ 106.836671896790804, -6.583376978264734, 0.0 ], [ 106.836715449158831, -6.583244702380977, 0.0 ], [ 106.83699362115884, -6.582425448775311, 0.0 ], [ 106.837035950448964, -6.582296882594942, 0.0 ], [ 106.837148943968742, -6.581953698604117, 0.0 ], [ 106.837156402945823, -6.581915672570062, 0.0 ], [ 106.83720098683628, -6.581787853726286, 0.0 ], [ 106.837306809162101, -6.58148447193069, 0.0 ], [ 106.837431331990601, -6.581139935359506, 0.0 ], [ 106.837477331413893, -6.581012665102239, 0.0 ], [ 106.837760553107188, -6.580261396645994, 0.0 ], [ 106.837824068626077, -6.580092916754534, 0.0 ], [ 106.837838489255034, -6.580028447055, 0.0 ], [ 106.837883619933251, -6.579901620163433, 0.0 ], [ 106.837947693031722, -6.579759523682895, 0.0 ], [ 106.837962271042173, -6.579714231126701, 0.0 ], [ 106.838003989692567, -6.579687809044934, 0.0 ], [ 106.83819000006865, -6.579569999655579, 0.0 ], [ 106.838410000321417, -6.579870000000323, 0.0 ], [ 106.838490000413302, -6.580010000161209, 0.0 ], [ 106.838529588569799, -6.580044790434538, 0.0 ], [ 106.838820000342906, -6.580300000044783, 0.0 ], [ 106.838849999927774, -6.580360000113696, 0.0 ], [ 106.838999999650369, -6.580600000389527, 0.0 ], [ 106.839329999579974, -6.58130000029459, 0.0 ], [ 106.839400000110146, -6.581459999579167, 0.0 ], [ 106.839469999740857, -6.581650000247166, 0.0 ], [ 106.839517849968999, -6.581921146743355, 0.0 ], [ 106.839529999809855, -6.581989999738571, 0.0 ], [ 106.839529999809855, -6.582219999553143, 0.0 ], [ 106.839460000179059, -6.582539999920947, 0.0 ], [ 106.839330581441374, -6.58283335067841, 0.0 ], [ 106.839309999557003, -6.582880000311633, 0.0 ], [ 106.839239999926207, -6.58301999957315, 0.0 ], [ 106.839270000410338, -6.583270000310151, 0.0 ], [ 106.839469999740857, -6.583740000400553, 0.0 ], [ 106.839569999855797, -6.583970000215214, 0.0 ], [ 106.839609999901739, -6.584220000052845, 0.0 ], [ 106.839589999878768, -6.584690000143247, 0.0 ], [ 106.839589999878768, -6.585129999749508, 0.0 ] ] ] ] } },
{ "type": "Feature", "properties": { "PROVNO": "32", "KABKOTNO": "01", "KECNO": "130", "DESANO": "006", "PROVINSI": "JAWA BARAT", "KABKOT": "BOGOR", "KECAMATAN": "SUKARAJA", "ID2013": "3201130006", "DESA": "CIKEAS", "DESA_1": "CIKEAS", "ID2012": "3201130006", "IDKAB2": "3201", "IDKEC_2": "3201130", "WILAYAH": "TENGAH" }, "geometry": { "type": "MultiPolygon", "coordinates": [ [ [ [ 106.859940000330909, -6.605030000134295, 0.0 ], [ 106.859800000170026, -6.604800000319546, 0.0 ], [ 106.859669999571025, -6.604609999651547, 0.0 ], [ 106.859539999871302, -6.604450000367059, 0.0 ], [ 106.859430000194564, -6.604319999767974, 0.0 ], [ 106.859330000079609, -6.604210000091228, 0.0 ], [ 106.859229999964754, -6.604120000437455, 0.0 ], [ 106.859129999849813, -6.60404000034557, 0.0 ], [ 106.859040000196046, -6.603980000276657, 0.0 ], [ 106.858940000081105, -6.603909999746485, 0.0 ], [ 106.85883999996625, -6.603849999677571, 0.0 ], [ 106.858739999851295, -6.603800000069739, 0.0 ], [ 106.858639999736354, -6.603740000000826, 0.0 ], [ 106.858539999621499, -6.603690000393083, 0.0 ], [ 106.858440000405921, -6.603639999885882, 0.0 ], [ 106.85834000029098, -6.60359999983994, 0.0 ], [ 106.858249999737922, -6.603559999793998, 0.0 ], [ 106.858149999622981, -6.603519999748055, 0.0 ], [ 106.858059999969214, -6.603479999702113, 0.0 ], [ 106.857959999854259, -6.603450000117252, 0.0 ], [ 106.857870000200577, -6.60341000007131, 0.0 ], [ 106.857779999647434, -6.603390000048339, 0.0 ], [ 106.857689999993653, -6.603359999564198, 0.0 ], [ 106.857600000339886, -6.603340000440507, 0.0 ], [ 106.857509999786828, -6.603320000417536, 0.0 ], [ 106.857429999694858, -6.603300000394565, 0.0 ], [ 106.857340000041091, -6.603280000371594, 0.0 ], [ 106.857259999949207, -6.603280000371594, 0.0 ], [ 106.857179999857323, -6.603249999887364, 0.0 ], [ 106.857090000203542, -6.603240000325563, 0.0 ], [ 106.857019999673369, -6.603229999864393, 0.0 ], [ 106.856939999581485, -6.603220000302592, 0.0 ], [ 106.856869999950774, -6.603220000302592, 0.0 ], [ 106.856800000319964, -6.603209999841422, 0.0 ], [ 106.856729999789792, -6.603209999841422, 0.0 ], [ 106.856660000159081, -6.603209999841422, 0.0 ], [ 106.856589999628994, -6.603200000279621, 0.0 ], [ 106.856519999998199, -6.603200000279621, 0.0 ], [ 106.856439999906229, -6.603200000279621, 0.0 ], [ 106.856359999814245, -6.603200000279621, 0.0 ], [ 106.856270000160563, -6.603200000279621, 0.0 ], [ 106.856179999607505, -6.603200000279621, 0.0 ], [ 106.856080000391927, -6.603200000279621, 0.0 ], [ 106.855980000276986, -6.603200000279621, 0.0 ], [ 106.855869999700872, -6.603200000279621, 0.0 ], [ 106.855760000024134, -6.603200000279621, 0.0 ], [ 106.855639999886222, -6.603200000279621, 0.0 ], [ 106.85553000020947, -6.603189999818451, 0.0 ], [ 106.855399999610469, -6.603189999818451, 0.0 ], [ 106.855300000394891, -6.60318000025665, 0.0 ], [ 106.855191749000198, -6.603170979157227, 0.0 ], [ 106.855180000256979, -6.60316999979548, 0.0 ], [ 106.855069999680865, -6.603149999772508, 0.0 ], [ 106.854960000004127, -6.603140000210619, 0.0 ], [ 106.854850000327374, -6.603120000187648, 0.0 ], [ 106.854739999751359, -6.603109999726566, 0.0 ], [ 106.854639999636404, -6.603089999703595, 0.0 ], [ 106.854540000420826, -6.603069999680624, 0.0 ], [ 106.854429999844811, -6.603049999657564, 0.0 ], [ 106.854329999729856, -6.603029999634593, 0.0 ], [ 106.854249999637972, -6.603009999611622, 0.0 ], [ 106.854139999961234, -6.602989999588651, 0.0 ], [ 106.854039999846293, -6.602950000441989, 0.0 ], [ 106.853939999731352, -6.602919999957848, 0.0 ], [ 106.853839999616497, -6.602890000373076, 0.0 ], [ 106.853783544675053, -6.602867418396521, 0.0 ], [ 106.853740000400919, -6.602850000327045, 0.0 ], [ 106.853640000285964, -6.602799999820022, 0.0 ], [ 106.853540000171023, -6.602759999774079, 0.0 ], [ 106.853429999594994, -6.602710000166248, 0.0 ], [ 106.85333000037943, -6.602650000097245, 0.0 ], [ 106.853230000264489, -6.602590000028332, 0.0 ], [ 106.853130000149534, -6.6025400004205, 0.0 ], [ 106.853030000034678, -6.602480000351587, 0.0 ], [ 106.852940000380912, -6.602409999821504, 0.0 ], [ 106.852849999827853, -6.602349999752501, 0.0 ], [ 106.852760000174072, -6.602289999683588, 0.0 ], [ 106.852680000082103, -6.602229999614586, 0.0 ], [ 106.852599999990133, -6.602170000445042, 0.0 ], [ 106.852530000359423, -6.60209999991487, 0.0 ], [ 106.852450000267453, -6.602039999845957, 0.0 ], [ 106.852379999737366, -6.601970000215243, 0.0 ], [ 106.852319999668453, -6.60189999968507, 0.0 ], [ 106.852250000037643, -6.601830000054267, 0.0 ], [ 106.852189999968644, -6.601760000423464, 0.0 ], [ 106.852129999899731, -6.60168999989347, 0.0 ], [ 106.852049999807846, -6.601609999801497, 0.0 ], [ 106.852000000200007, -6.601520000147723, 0.0 ], [ 106.851929999669935, -6.601429999594668, 0.0 ], [ 106.851924692770567, -6.601422419209104, 0.0 ], [ 106.851810814317759, -6.601506843965534, 0.0 ], [ 106.851877998171261, -6.601355711097003, 0.0 ], [ 106.851860000039125, -6.601330000379093, 0.0 ], [ 106.85177999994724, -6.601219999802979, 0.0 ], [ 106.851699999855271, -6.601099999665152, 0.0 ], [ 106.85163000022456, -6.600969999965347, 0.0 ], [ 106.851530000109619, -6.600840000265631, 0.0 ], [ 106.851439999556561, -6.600700000104744, 0.0 ], [ 106.851340000340983, -6.600570000405028, 0.0 ], [ 106.851249999787839, -6.600439999805943, 0.0 ], [ 106.851200874321123, -6.600376136249544, 0.0 ], [ 106.851149999672984, -6.600310000106315, 0.0 ], [ 106.851049999558043, -6.600189999968311, 0.0 ], [ 106.850959999904262, -6.600080000291566, 0.0 ], [ 106.850859999789321, -6.59996999971554, 0.0 ], [ 106.850830177370923, -6.599936864194813, 0.0 ], [ 106.850770000135554, -6.599869999600596, 0.0 ], [ 106.850679999582496, -6.599770000385021, 0.0 ], [ 106.850589999928715, -6.599699999854938, 0.0 ], [ 106.850500000274948, -6.599619999763053, 0.0 ], [ 106.85040999972189, -6.59955000013225, 0.0 ], [ 106.850329999629921, -6.599470000040277, 0.0 ], [ 106.850239999976139, -6.599400000409474, 0.0 ], [ 106.850159999884255, -6.59932999987948, 0.0 ], [ 106.850070000230488, -6.599269999810478, 0.0 ], [ 106.849990000138604, -6.599189999718504, 0.0 ], [ 106.84989999958546, -6.599140000110761, 0.0 ], [ 106.849809999931679, -6.599080000041759, 0.0 ], [ 106.849709999816824, -6.599019999972846, 0.0 ], [ 106.849609999701883, -6.598959999903933, 0.0 ], [ 106.849509999587028, -6.598899999834931, 0.0 ], [ 106.849477239982846, -6.598889080266659, 0.0 ], [ 106.849390000348393, -6.598859999788989, 0.0 ], [ 106.849279999772364, -6.598799999719986, 0.0 ], [ 106.849139999611481, -6.598750000112243, 0.0 ], [ 106.849029999934743, -6.598710000066301, 0.0 ], [ 106.848889999773846, -6.598659999559189, 0.0 ], [ 106.848786788179908, -6.598628241799744, 0.0 ], [ 106.848760000074137, -6.598620000412527, 0.0 ], [ 106.84861999991324, -6.598569999905415, 0.0 ], [ 106.848479999752357, -6.598529999859473, 0.0 ], [ 106.848330000029677, -6.598480000251641, 0.0 ], [ 106.848189999868794, -6.598440000205699, 0.0 ], [ 106.848040000146099, -6.598400000159668, 0.0 ], [ 106.847890000423405, -6.598360000113725, 0.0 ], [ 106.847739999801348, -6.598329999629673, 0.0 ], [ 106.847599999640465, -6.598289999583642, 0.0 ], [ 106.847460000378859, -6.59825000043698, 0.0 ], [ 106.847320000217977, -6.598219999952928, 0.0 ], [ 106.847180000057094, -6.598199999929868, 0.0 ], [ 106.847039999896296, -6.598170000345096, 0.0 ], [ 106.846910000196573, -6.598150000322125, 0.0 ], [ 106.846770000035605, -6.598130000299154, 0.0 ], [ 106.846629999874807, -6.598119999837895, 0.0 ], [ 106.846500000175084, -6.598099999814924, 0.0 ], [ 106.846360000014201, -6.598090000253123, 0.0 ], [ 106.846219999853318, -6.598070000230152, 0.0 ], [ 106.846079999692421, -6.598059999768981, 0.0 ], [ 106.845929999969741, -6.598050000207181, 0.0 ], [ 106.845780000246961, -6.59803999974601, 0.0 ], [ 106.845737140356931, -6.59803999974601, 0.0 ], [ 106.845711902682311, -6.59803999974601, 0.0 ], [ 106.845629999625004, -6.59803999974601, 0.0 ], [ 106.845459999879253, -6.598019999723039, 0.0 ], [ 106.845299999695385, -6.598010000161239, 0.0 ], [ 106.845120000387936, -6.598010000161239, 0.0 ], [ 106.844929999719938, -6.597999999700068, 0.0 ], [ 106.844739999951216, -6.597990000138267, 0.0 ], [ 106.84453999972142, -6.597979999677097, 0.0 ], [ 106.844349999952698, -6.597970000115296, 0.0 ], [ 106.844149999722902, -6.597970000115296, 0.0 ], [ 106.843950000392383, -6.597959999654126, 0.0 ], [ 106.843750000162572, -6.597950000092325, 0.0 ], [ 106.843569999955747, -6.597950000092325, 0.0 ], [ 106.843489999863777, -6.597939999631155, 0.0 ], [ 106.843400000210011, -6.597939999631155, 0.0 ], [ 106.843229999564983, -6.597939999631155, 0.0 ], [ 106.843070000280491, -6.597930000069354, 0.0 ], [ 106.842910000096623, -6.597930000069354, 0.0 ], [ 106.842760000373943, -6.597930000069354, 0.0 ], [ 106.842609999751886, -6.597930000069354, 0.0 ], [ 106.842469999591003, -6.597919999608095, 0.0 ], [ 106.842330000329397, -6.597919999608095, 0.0 ], [ 106.8421900001686, -6.597919999608095, 0.0 ], [ 106.842059999569514, -6.597919999608095, 0.0 ], [ 106.84190999984682, -6.597919999608095, 0.0 ], [ 106.841769999685937, -6.597919999608095, 0.0 ], [ 106.84161000040136, -6.597910000046294, 0.0 ], [ 106.841450000217506, -6.597910000046294, 0.0 ], [ 106.841356949164066, -6.597910000046294, 0.0 ], [ 106.841270000010667, -6.597910000046294, 0.0 ], [ 106.841080000242044, -6.597910000046294, 0.0 ], [ 106.840869999550989, -6.597910000046294, 0.0 ], [ 106.840639999736325, -6.597910000046294, 0.0 ], [ 106.840400000359949, -6.597910000046294, 0.0 ], [ 106.840129999599981, -6.597910000046294, 0.0 ], [ 106.839850000177577, -6.597910000046294, 0.0 ], [ 106.839549999832826, -6.597910000046294, 0.0 ], [ 106.839230000364395, -6.597919999608095, 0.0 ], [ 106.838889999973716, -6.597930000069354, 0.0 ], [ 106.838918414953056, -6.597537874073414, 0.0 ], [ 106.838939999581456, -6.597239999726092, 0.0 ], [ 106.839030000134599, -6.596920000257658, 0.0 ], [ 106.839259999949178, -6.596459999729056, 0.0 ], [ 106.839532540394586, -6.59564238109084, 0.0 ], [ 106.839549999832826, -6.595590000078246, 0.0 ], [ 106.839580000316886, -6.595220000102788, 0.0 ], [ 106.839560000293915, -6.5948199996431, 0.0 ], [ 106.839541681103839, -6.594325396799441, 0.0 ], [ 106.839509999786884, -6.593470000340087, 0.0 ], [ 106.839509999786884, -6.593310000156229, 0.0 ], [ 106.83951661879712, -6.593018742121117, 0.0 ], [ 106.839520000247973, -6.592869999650599, 0.0 ], [ 106.839529999809855, -6.592599999789996, 0.0 ], [ 106.839529999809855, -6.591990000437988, 0.0 ], [ 106.839529999809855, -6.591701997948665, 0.0 ], [ 106.839529999809855, -6.591610000001271, 0.0 ], [ 106.839529999809855, -6.590990000188182, 0.0 ], [ 106.839529999809855, -6.590139999661151, 0.0 ], [ 106.839529999809855, -6.58968000003183, 0.0 ], [ 106.839549999832826, -6.58924999998737, 0.0 ], [ 106.839569999855797, -6.588619999713021, 0.0 ], [ 106.839560000293915, -6.588550000082218, 0.0 ], [ 106.839560000293915, -6.588140000060818, 0.0 ], [ 106.839560000293915, -6.587569999855472, 0.0 ], [ 106.839560000293915, -6.586849999927349, 0.0 ], [ 106.839569999855797, -6.586490000413061, 0.0 ], [ 106.839589999878768, -6.585189999818422, 0.0 ], [ 106.839589999878768, -6.585129999749508, 0.0 ], [ 106.839790000108579, -6.585080000141676, 0.0 ], [ 106.839979999877201, -6.585040000095734, 0.0 ], [ 106.840149999622952, -6.585000000049792, 0.0 ], [ 106.840265101153662, -6.584986458957722, 0.0 ], [ 106.84032000026798, -6.584980000026821, 0.0 ], [ 106.840479999552471, -6.58496000000385, 0.0 ], [ 106.840630000174528, -6.584939999980879, 0.0 ], [ 106.840779999897308, -6.584919999957908, 0.0 ], [ 106.840920000058105, -6.584919999957908, 0.0 ], [ 106.841060000218988, -6.584910000396107, 0.0 ], [ 106.841200000379871, -6.584910000396107, 0.0 ], [ 106.84133000007958, -6.584899999934848, 0.0 ], [ 106.841470000240562, -6.584899999934848, 0.0 ], [ 106.84161000040136, -6.584899999934848, 0.0 ], [ 106.841749999662881, -6.584890000373047, 0.0 ], [ 106.841889999823849, -6.584890000373047, 0.0 ], [ 106.842029999984646, -6.584890000373047, 0.0 ], [ 106.842170000145629, -6.584879999911877, 0.0 ], [ 106.842319999868224, -6.584870000350076, 0.0 ], [ 106.842469999591003, -6.584870000350076, 0.0 ], [ 106.842620000212975, -6.584859999888906, 0.0 ], [ 106.84276999993574, -6.584850000327105, 0.0 ], [ 106.842930000119594, -6.584839999865935, 0.0 ], [ 106.843079999842288, -6.584830000304134, 0.0 ], [ 106.843240000026142, -6.584819999842964, 0.0 ], [ 106.843400000210011, -6.584810000281163, 0.0 ], [ 106.843560000393865, -6.584790000258103, 0.0 ], [ 106.843582657014167, -6.584790000258103, 0.0 ], [ 106.843710000116545, -6.584790000258103, 0.0 ], [ 106.843736204562362, -6.584786506392017, 0.0 ], [ 106.843859999839324, -6.584770000235132, 0.0 ], [ 106.844009999562019, -6.58475999977405, 0.0 ], [ 106.844149999722902, -6.584750000212161, 0.0 ], [ 106.844280000321902, -6.584739999751079, 0.0 ], [ 106.844399999560522, -6.58473000018919, 0.0 ], [ 106.844510000136552, -6.584719999728108, 0.0 ], [ 106.844599999790333, -6.584719999728108, 0.0 ], [ 106.844690000343377, -6.584710000166218, 0.0 ], [ 106.844770000435361, -6.584699999705048, 0.0 ], [ 106.844840000066156, -6.584690000143247, 0.0 ], [ 106.844909999696881, -6.584679999682077, 0.0 ], [ 106.844980000226954, -6.584679999682077, 0.0 ], [ 106.845060000318938, -6.584659999659106, 0.0 ], [ 106.845179999557473, -6.584630000074334, 0.0 ], [ 106.845270000110617, -6.584599999590104, 0.0 ], [ 106.845339999741427, -6.584570000005332, 0.0 ], [ 106.845419999833311, -6.58454000042056, 0.0 ], [ 106.845490000363384, -6.584509999936419, 0.0 ], [ 106.845580000017165, -6.584449999867417, 0.0 ], [ 106.845640000086078, -6.584409999821474, 0.0 ], [ 106.845689999693917, -6.584360000213643, 0.0 ], [ 106.84576000022399, -6.584289999683559, 0.0 ], [ 106.845820000293003, -6.584209999591586, 0.0 ], [ 106.845869999900742, -6.584130000399071, 0.0 ], [ 106.845900000384887, -6.584059999868899, 0.0 ], [ 106.845949999992712, -6.583970000215214, 0.0 ], [ 106.845958174830059, -6.583950924695294, 0.0 ], [ 106.84597999957748, -6.583899999685041, 0.0 ], [ 106.846010000061625, -6.583830000054327, 0.0 ], [ 106.846050000107567, -6.583749999962354, 0.0 ], [ 106.846079999692421, -6.58366000030858, 0.0 ], [ 106.846119999738363, -6.583580000216696, 0.0 ], [ 106.846150000222508, -6.583480000101751, 0.0 ], [ 106.84619000026845, -6.583390000447977, 0.0 ], [ 106.846203910082551, -6.583348271005676, 0.0 ], [ 106.846219999853318, -6.583299999894923, 0.0 ], [ 106.846237504257644, -6.583256239783477, 0.0 ], [ 106.84625999989926, -6.583199999779978, 0.0 ], [ 106.846290000383391, -6.583110000126204, 0.0 ], [ 106.846319999968259, -6.58301999957315, 0.0 ], [ 106.846349999553027, -6.582940000380546, 0.0 ], [ 106.846369999575998, -6.582849999827491, 0.0 ], [ 106.846400000060143, -6.582760000173717, 0.0 ], [ 106.846429999644911, -6.582689999643634, 0.0 ], [ 106.846449999667882, -6.582609999551661, 0.0 ], [ 106.846480000152027, -6.582539999920947, 0.0 ], [ 106.846509999736895, -6.582470000290144, 0.0 ], [ 106.846540000221026, -6.582399999759971, 0.0 ], [ 106.846569999805808, -6.582330000129257, 0.0 ], [ 106.846609999851836, -6.582259999599174, 0.0 ], [ 106.846649999897778, -6.582189999968371, 0.0 ], [ 106.84668999994372, -6.582129999899369, 0.0 ], [ 106.846729999989662, -6.582069999830455, 0.0 ], [ 106.846770000035605, -6.582020000222624, 0.0 ], [ 106.846810000081632, -6.581949999692629, 0.0 ], [ 106.846870000150545, -6.581900000084797, 0.0 ], [ 106.84691999975837, -6.581840000015795, 0.0 ], [ 106.846979999827283, -6.581790000408052, 0.0 ], [ 106.847030000334399, -6.58175000036211, 0.0 ], [ 106.847090000403398, -6.581699999854909, 0.0 ], [ 106.847149999572949, -6.581659999808966, 0.0 ], [ 106.847209999641947, -6.581619999763024, 0.0 ], [ 106.847260000149063, -6.581570000155281, 0.0 ], [ 106.847320000217977, -6.581539999671051, 0.0 ], [ 106.84738000028689, -6.581510000086279, 0.0 ], [ 106.847440000355888, -6.581479999602138, 0.0 ], [ 106.847509999986698, -6.581439999556196, 0.0 ], [ 106.847610000101639, -6.581389999948364, 0.0 ], [ 106.847699999755406, -6.581360000363592, 0.0 ], [ 106.847810000331435, -6.581320000317561, 0.0 ], [ 106.847920000008187, -6.58130000029459, 0.0 ], [ 106.847989999638983, -6.581280000271619, 0.0 ], [ 106.848049999707897, -6.581269999810537, 0.0 ], [ 106.848120000237984, -6.581260000248648, 0.0 ], [ 106.848200000329953, -6.581249999787477, 0.0 ], [ 106.848237934633204, -6.581245257662385, 0.0 ], [ 106.848280000421838, -6.581240000225677, 0.0 ], [ 106.848359999614445, -6.581229999764506, 0.0 ], [ 106.848450000167503, -6.581229999764506, 0.0 ], [ 106.84853999982127, -6.581220000202705, 0.0 ], [ 106.84861999991324, -6.581220000202705, 0.0 ], [ 106.848700000005223, -6.581209999741535, 0.0 ], [ 106.848800000120079, -6.581209999741535, 0.0 ], [ 106.848880000212048, -6.581200000179734, 0.0 ], [ 106.848949999842759, -6.581200000179734, 0.0 ], [ 106.849029999934743, -6.581189999718564, 0.0 ], [ 106.849090000003656, -6.581189999718564, 0.0 ], [ 106.849159999634452, -6.581189999718564, 0.0 ], [ 106.849219999703365, -6.581180000156763, 0.0 ], [ 106.849310000256509, -6.581180000156763, 0.0 ], [ 106.849410000371364, -6.581160000133792, 0.0 ], [ 106.849509999587028, -6.581149999672533, 0.0 ], [ 106.849609999701883, -6.581120000087761, 0.0 ], [ 106.849740000300969, -6.581080000041819, 0.0 ], [ 106.849840000415824, -6.581049999557678, 0.0 ], [ 106.849910000046634, -6.581019999972817, 0.0 ], [ 106.849970000115633, -6.580990000388045, 0.0 ], [ 106.850039999746343, -6.580959999903904, 0.0 ], [ 106.850099999815342, -6.580919999857961, 0.0 ], [ 106.850159999884255, -6.580879999812019, 0.0 ], [ 106.850230000414342, -6.580839999765988, 0.0 ], [ 106.850289999583978, -6.580799999720046, 0.0 ], [ 106.850360000114151, -6.580759999674015, 0.0 ], [ 106.850429999744861, -6.580719999628073, 0.0 ], [ 106.850500000274948, -6.58067000002033, 0.0 ], [ 106.850580000366918, -6.580629999974388, 0.0 ], [ 106.850659999559525, -6.580589999928446, 0.0 ], [ 106.85073999965141, -6.580549999882415, 0.0 ], [ 106.850830000204468, -6.580509999836472, 0.0 ], [ 106.850919999858235, -6.58046999979053, 0.0 ], [ 106.851010000411378, -6.580429999744499, 0.0 ], [ 106.851109999626956, -6.580400000159727, 0.0 ], [ 106.851209999741897, -6.580360000113696, 0.0 ], [ 106.851309999856753, -6.580320000067754, 0.0 ], [ 106.851746115291178, -6.58019447809254, 0.0 ], [ 106.852940000380912, -6.580050000207152, 0.0 ], [ 106.853010000011707, -6.580050000207152, 0.0 ], [ 106.853090000103592, -6.580050000207152, 0.0 ], [ 106.853095272828696, -6.580050752939695, 0.0 ], [ 106.853159999734402, -6.580059999768952, 0.0 ], [ 106.853230000264489, -6.580059999768952, 0.0 ], [ 106.853299999895199, -6.580059999768952, 0.0 ], [ 106.853390000448343, -6.580070000230211, 0.0 ], [ 106.853449999617965, -6.580070000230211, 0.0 ], [ 106.853529999709949, -6.580079999792012, 0.0 ], [ 106.853600000240021, -6.580079999792012, 0.0 ], [ 106.853669999870746, -6.580090000253183, 0.0 ], [ 106.853749999962716, -6.580099999814983, 0.0 ], [ 106.85375824764516, -6.580101177926814, 0.0 ], [ 106.853819999593526, -6.580110000276154, 0.0 ], [ 106.853879999662439, -6.580130000299125, 0.0 ], [ 106.853939999731352, -6.580150000322096, 0.0 ], [ 106.853999999800351, -6.580179999906957, 0.0 ], [ 106.854059999869264, -6.580210000391009, 0.0 ], [ 106.85411000037638, -6.580250000436951, 0.0 ], [ 106.854170000445293, -6.580300000044783, 0.0 ], [ 106.854229999615001, -6.580349999652615, 0.0 ], [ 106.854280000122031, -6.580400000159727, 0.0 ], [ 106.854314703161236, -6.580452054718346, 0.0 ], [ 106.854320000168059, -6.580460000228641, 0.0 ], [ 106.854360000214001, -6.580520000297643, 0.0 ], [ 106.854380000236972, -6.580609999951417, 0.0 ], [ 106.85440999982184, -6.58067000002033, 0.0 ], [ 106.854429999844811, -6.580759999674015, 0.0 ], [ 106.854440000305971, -6.580830000204188, 0.0 ], [ 106.854429999844811, -6.580910000296072, 0.0 ], [ 106.854400000260028, -6.581030000433987, 0.0 ], [ 106.854349999752827, -6.581109999626591, 0.0 ], [ 106.854280000122031, -6.581169999695593, 0.0 ], [ 106.854170000445293, -6.581229999764506, 0.0 ], [ 106.854079999892235, -6.581280000271619, 0.0 ], [ 106.854019999823322, -6.581329999879451, 0.0 ], [ 106.853970000215483, -6.581360000363592, 0.0 ], [ 106.85391000014657, -6.581409999971335, 0.0 ], [ 106.853859999639468, -6.581459999579167, 0.0 ], [ 106.853799999570555, -6.581539999671051, 0.0 ], [ 106.853780000446861, -6.581619999763024, 0.0 ], [ 106.85376000042389, -6.581710000316079, 0.0 ], [ 106.85376000042389, -6.581810000431023, 0.0 ], [ 106.853749999962716, -6.581920000107768, 0.0 ], [ 106.853749999962716, -6.582020000222624, 0.0 ], [ 106.853740000400919, -6.582089999853427, 0.0 ], [ 106.853740000400919, -6.582126424194925, 0.0 ], [ 106.853740000400919, -6.5821699999454, 0.0 ], [ 106.853729999939745, -6.582239999576114, 0.0 ], [ 106.853729999939745, -6.582299999645116, 0.0 ], [ 106.853720000377947, -6.582379999737, 0.0 ], [ 106.853700000354976, -6.582459999828973, 0.0 ], [ 106.853649999847775, -6.582559999943918, 0.0 ], [ 106.853620000262993, -6.582649999597692, 0.0 ], [ 106.853589999778862, -6.582729999689576, 0.0 ], [ 106.85354999973292, -6.582789999758489, 0.0 ], [ 106.853500000125081, -6.582869999850463, 0.0 ], [ 106.853449999617965, -6.582949999942436, 0.0 ], [ 106.853409999572023, -6.58301999957315, 0.0 ], [ 106.853359999964198, -6.583079999642152, 0.0 ], [ 106.853310000356458, -6.583150000172235, 0.0 ], [ 106.853259999849257, -6.583219999802949, 0.0 ], [ 106.853210000241518, -6.583299999894923, 0.0 ], [ 106.853159999734402, -6.583370000425006, 0.0 ], [ 106.853099999665403, -6.583429999594639, 0.0 ], [ 106.85305000005765, -6.583500000124722, 0.0 ], [ 106.853010000011707, -6.583560000193724, 0.0 ], [ 106.852949999942709, -6.583640000285609, 0.0 ], [ 106.852880000311899, -6.583729999939383, 0.0 ], [ 106.852829999804882, -6.583810000031267, 0.0 ], [ 106.852769999735884, -6.58389000012324, 0.0 ], [ 106.852749999712913, -6.583999999799985, 0.0 ], [ 106.852749999712913, -6.584119999937901, 0.0 ], [ 106.852769999735884, -6.584189999568615, 0.0 ], [ 106.852774946906464, -6.584224627964055, 0.0 ], [ 106.852780000197043, -6.584260000098787, 0.0 ], [ 106.852800000220014, -6.58432999972959, 0.0 ], [ 106.852820000242986, -6.584420000282645, 0.0 ], [ 106.852828518621436, -6.584458333884893, 0.0 ], [ 106.852840000265957, -6.584509999936419, 0.0 ], [ 106.852860000288928, -6.584610000051363, 0.0 ], [ 106.852889999873796, -6.584690000143247, 0.0 ], [ 106.85290000033487, -6.584750000212161, 0.0 ], [ 106.85292000035794, -6.584819999842964, 0.0 ], [ 106.852940000380912, -6.584899999934848, 0.0 ], [ 106.852960000403883, -6.584980000026821, 0.0 ], [ 106.852966420663932, -6.585005685563807, 0.0 ], [ 106.852980000426854, -6.585060000118705, 0.0 ], [ 106.852999999550448, -6.585149999772479, 0.0 ], [ 106.853010000011707, -6.585229999864453, 0.0 ], [ 106.853030000034678, -6.585309999956426, 0.0 ], [ 106.85305000005765, -6.58537999958714, 0.0 ], [ 106.853059999619461, -6.585450000117223, 0.0 ], [ 106.853070000080621, -6.585530000209197, 0.0 ], [ 106.853090000103592, -6.585630000324141, 0.0 ], [ 106.853070000080621, -6.585730000438996, 0.0 ], [ 106.853070000080621, -6.585789999608629, 0.0 ], [ 106.85305000005765, -6.585869999700513, 0.0 ], [ 106.853030000034678, -6.585960000253657, 0.0 ], [ 106.852999999550448, -6.58602999988446, 0.0 ], [ 106.852960000403883, -6.586109999976344, 0.0 ], [ 106.85292000035794, -6.586190000068317, 0.0 ], [ 106.852889999873796, -6.58625000013723, 0.0 ], [ 106.852860000288928, -6.586319999768033, 0.0 ], [ 106.852820000242986, -6.586390000298117, 0.0 ], [ 106.852769999735884, -6.58645999992892, 0.0 ], [ 106.852729999689942, -6.586540000020804, 0.0 ], [ 106.852725411348857, -6.586547342085982, 0.0 ], [ 106.852680000082103, -6.586620000112777, 0.0 ], [ 106.852629999574987, -6.586709999766551, 0.0 ], [ 106.852579999967162, -6.586800000319606, 0.0 ], [ 106.852519999898249, -6.58688999997338, 0.0 ], [ 106.852470000290424, -6.586990000088324, 0.0 ], [ 106.852410000221511, -6.587079999742098, 0.0 ], [ 106.852359999714395, -6.587170000295064, 0.0 ], [ 106.852299999645396, -6.587250000387037, 0.0 ], [ 106.852259999599454, -6.587340000040811, 0.0 ], [ 106.852209999991615, -6.587409999671614, 0.0 ], [ 106.852180000406847, -6.587469999740527, 0.0 ], [ 106.852120000337933, -6.587540000270611, 0.0 ], [ 106.852089999853789, -6.587600000339613, 0.0 ], [ 106.852020000222979, -6.587669999970416, 0.0 ], [ 106.851960000154065, -6.587730000039329, 0.0 ], [ 106.851880000062096, -6.587779999647161, 0.0 ], [ 106.8518100004313, -6.587850000177156, 0.0 ], [ 106.851750000362387, -6.587879999762016, 0.0 ], [ 106.851719999878242, -6.587930000269129, 0.0 ], [ 106.851670000270502, -6.587999999899932, 0.0 ], [ 106.85163000022456, -6.588059999968934, 0.0 ], [ 106.851614273779873, -6.588095383794759, 0.0 ], [ 106.851590000178533, -6.588149999622619, 0.0 ], [ 106.851559999694388, -6.588209999691532, 0.0 ], [ 106.851519999648445, -6.588289999783505, 0.0 ], [ 106.851471974951863, -6.588395654835413, 0.0 ], [ 106.851470000040607, -6.588400000359531, 0.0 ], [ 106.851439999556561, -6.588499999575195, 0.0 ], [ 106.851420000432867, -6.588559999644108, 0.0 ], [ 106.851400000409896, -6.588630000174192, 0.0 ], [ 106.851380000386925, -6.588719999827966, 0.0 ], [ 106.85134999990278, -6.588779999896968, 0.0 ], [ 106.851340000340983, -6.588850000427051, 0.0 ], [ 106.851309999856753, -6.588920000057765, 0.0 ], [ 106.851289999833782, -6.589009999711539, 0.0 ], [ 106.851260000249013, -6.589060000218652, 0.0 ], [ 106.851229999764868, -6.589169999895397, 0.0 ], [ 106.851180000157029, -6.589279999572142, 0.0 ], [ 106.851149999672984, -6.589379999687086, 0.0 ], [ 106.851129999649928, -6.58945000021717, 0.0 ], [ 106.851100000065145, -6.589510000286083, 0.0 ], [ 106.851069999581014, -6.589579999916886, 0.0 ], [ 106.851030000434349, -6.589650000447058, 0.0 ], [ 106.850990000388407, -6.589740000100832, 0.0 ], [ 106.850950000342465, -6.589809999731546, 0.0 ], [ 106.850910000296437, -6.589889999823431, 0.0 ], [ 106.850870000250495, -6.589980000376574, 0.0 ], [ 106.850830000204468, -6.590059999569178, 0.0 ], [ 106.850790000158526, -6.590139999661151, 0.0 ], [ 106.85073999965141, -6.590219999753035, 0.0 ], [ 106.850719999628438, -6.590290000283119, 0.0 ], [ 106.85069000004367, -6.590359999913922, 0.0 ], [ 106.850670000020699, -6.590419999982835, 0.0 ], [ 106.850640000435831, -6.590480000051837, 0.0 ], [ 106.85062000041286, -6.59054000012075, 0.0 ], [ 106.850589999928715, -6.590629999774524, 0.0 ], [ 106.850560000343947, -6.590720000327579, 0.0 ], [ 106.85054000032089, -6.590809999981353, 0.0 ], [ 106.850520000297919, -6.590890000073237, 0.0 ], [ 106.850509999836746, -6.59095999970404, 0.0 ], [ 106.850500000274948, -6.591030000234213, 0.0 ], [ 106.850500000274948, -6.591099999864927, 0.0 ], [ 106.850500000274948, -6.591127937304311, 0.0 ], [ 106.850500000274948, -6.591159999933929, 0.0 ], [ 106.850500000274948, -6.591249999587703, 0.0 ], [ 106.850509999836746, -6.591349999702558, 0.0 ], [ 106.85054000032089, -6.591460000278673, 0.0 ], [ 106.850580000366918, -6.591549999932358, 0.0 ], [ 106.850609999951686, -6.591619999563161, 0.0 ], [ 106.850640000435831, -6.591679999632074, 0.0 ], [ 106.850679999582496, -6.591750000162246, 0.0 ], [ 106.850730000089612, -6.59183999981602, 0.0 ], [ 106.850759999674466, -6.591899999884934, 0.0 ], [ 106.850790000158526, -6.591970000415017, 0.0 ], [ 106.850830000204468, -6.59202999958465, 0.0 ], [ 106.850859999789321, -6.592089999653563, 0.0 ], [ 106.850910000296437, -6.592169999745536, 0.0 ], [ 106.850959999904262, -6.592260000298591, 0.0 ], [ 106.850999999950204, -6.592340000390564, 0.0 ], [ 106.851030000434349, -6.59245999962911, 0.0 ], [ 106.851060000019203, -6.592559999744054, 0.0 ], [ 106.851069999581014, -6.592630000274138, 0.0 ], [ 106.851080000042174, -6.592710000366111, 0.0 ], [ 106.851080000042174, -6.592800000019885, 0.0 ], [ 106.851080000042174, -6.59288999967357, 0.0 ], [ 106.851080000042174, -6.592989999788514, 0.0 ], [ 106.851080000042174, -6.59308999990337, 0.0 ], [ 106.851080000042174, -6.593160000433542, 0.0 ], [ 106.851080000042174, -6.593239999626146, 0.0 ], [ 106.851080000042174, -6.593299999695059, 0.0 ], [ 106.851089999603985, -6.593379999786944, 0.0 ], [ 106.851089999603985, -6.593439999855946, 0.0 ], [ 106.851100000065145, -6.593499999924948, 0.0 ], [ 106.851109999626956, -6.593569999555662, 0.0 ], [ 106.851120000088116, -6.593629999624664, 0.0 ], [ 106.851140000111087, -6.593700000154747, 0.0 ], [ 106.851160000134058, -6.593789999808521, 0.0 ], [ 106.851163375289687, -6.593797592784547, 0.0 ], [ 106.85120000018, -6.593880000361576, 0.0 ], [ 106.851240000226042, -6.593979999577151, 0.0 ], [ 106.85126999981081, -6.594050000107234, 0.0 ], [ 106.851300000294955, -6.594130000199208, 0.0 ], [ 106.85134999990278, -6.594219999852982, 0.0 ], [ 106.851400000409896, -6.594310000406036, 0.0 ], [ 106.851450000017635, -6.594380000036839, 0.0 ], [ 106.85155000013259, -6.594469999690524, 0.0 ], [ 106.851639999786357, -6.594529999759526, 0.0 ], [ 106.85165499058553, -6.594536425415534, 0.0 ], [ 106.851710000316444, -6.594560000243668, 0.0 ], [ 106.85177999994724, -6.594580000266639, 0.0 ], [ 106.85184999957805, -6.594589999828528, 0.0 ], [ 106.851940000131094, -6.5946099998515, 0.0 ], [ 106.852029999784875, -6.594629999874471, 0.0 ], [ 106.852120000337933, -6.594640000335552, 0.0 ], [ 106.852209999991615, -6.594660000358523, 0.0 ], [ 106.852330000129626, -6.594689999943384, 0.0 ], [ 106.852459999829335, -6.594709999966355, 0.0 ], [ 106.852570000405365, -6.594720000427525, 0.0 ], [ 106.852629999574987, -6.594729999989326, 0.0 ], [ 106.852700000105074, -6.594739999551127, 0.0 ], [ 106.852780000197043, -6.594759999574098, 0.0 ], [ 106.852880000311899, -6.594770000035357, 0.0 ], [ 106.852960000403883, -6.594779999597158, 0.0 ], [ 106.85305000005765, -6.594790000058328, 0.0 ], [ 106.853170000195476, -6.594790000058328, 0.0 ], [ 106.853290000333402, -6.594770000035357, 0.0 ], [ 106.853359999964198, -6.594729999989326, 0.0 ], [ 106.853429999594994, -6.594689999943384, 0.0 ], [ 106.853489999663907, -6.594629999874471, 0.0 ], [ 106.85354999973292, -6.594589999828528, 0.0 ], [ 106.853609999801833, -6.594549999782497, 0.0 ], [ 106.853689999893717, -6.594509999736555, 0.0 ], [ 106.853790000008658, -6.594469999690524, 0.0 ], [ 106.853879999662439, -6.594449999667553, 0.0 ], [ 106.853970000215483, -6.594429999644582, 0.0 ], [ 106.854030000284496, -6.594420000082781, 0.0 ], [ 106.854119999938263, -6.594420000082781, 0.0 ], [ 106.854220000053118, -6.594420000082781, 0.0 ], [ 106.854320000168059, -6.594449999667553, 0.0 ], [ 106.85440999982184, -6.594460000128723, 0.0 ], [ 106.854480000351913, -6.594500000174754, 0.0 ], [ 106.854570000005694, -6.594569999805469, 0.0 ], [ 106.854630000074607, -6.594660000358523, 0.0 ], [ 106.854659999659376, -6.594729999989326, 0.0 ], [ 106.854670000120549, -6.594799999620129, 0.0 ], [ 106.854670000120549, -6.594899999735073, 0.0 ], [ 106.854659999659376, -6.594999999849929, 0.0 ], [ 106.854619999613433, -6.595070000380101, 0.0 ], [ 106.854560000443797, -6.595140000010815, 0.0 ], [ 106.854480000351913, -6.595209999641618, 0.0 ], [ 106.854400000260028, -6.59524999968756, 0.0 ], [ 106.854320000168059, -6.595300000194673, 0.0 ], [ 106.854220000053118, -6.595349999802504, 0.0 ], [ 106.854119999938263, -6.595400000309617, 0.0 ], [ 106.854039999846293, -6.595440000355559, 0.0 ], [ 106.853970000215483, -6.59546999994042, 0.0 ], [ 106.85391000014657, -6.595500000424561, 0.0 ], [ 106.853819999593526, -6.595550000032304, 0.0 ], [ 106.853700000354976, -6.595610000101217, 0.0 ], [ 106.853609999801833, -6.595659999709049, 0.0 ], [ 106.853500000125081, -6.595719999777963, 0.0 ], [ 106.853440000056167, -6.595750000262104, 0.0 ], [ 106.853390000448343, -6.595779999846965, 0.0 ], [ 106.853319999918256, -6.595810000331106, 0.0 ], [ 106.85325000028746, -6.595819999892907, 0.0 ], [ 106.853170000195476, -6.595830000354077, 0.0 ], [ 106.853070000080621, -6.595839999915878, 0.0 ], [ 106.852989999988651, -6.595839999915878, 0.0 ], [ 106.85292000035794, -6.595859999938938, 0.0 ], [ 106.852849999827853, -6.595859999938938, 0.0 ], [ 106.852780000197043, -6.595859999938938, 0.0 ], [ 106.852709999666871, -6.595870000400019, 0.0 ], [ 106.852649999597958, -6.595870000400019, 0.0 ], [ 106.852570000405365, -6.595870000400019, 0.0 ], [ 106.852470000290424, -6.595879999961909, 0.0 ], [ 106.852379999737366, -6.595879999961909, 0.0 ], [ 106.852299999645396, -6.595879999961909, 0.0 ], [ 106.852239999576483, -6.595879999961909, 0.0 ], [ 106.852160000383876, -6.59589000042299, 0.0 ], [ 106.852089999853789, -6.595910000445961, 0.0 ], [ 106.852020000222979, -6.595949999592623, 0.0 ], [ 106.851980000177036, -6.596029999684596, 0.0 ], [ 106.851960000154065, -6.596120000237651, 0.0 ], [ 106.851949999692906, -6.596220000352595, 0.0 ], [ 106.851960000154065, -6.596289999983398, 0.0 ], [ 106.851960000154065, -6.596359999614112, 0.0 ], [ 106.851969999715877, -6.596459999729056, 0.0 ], [ 106.851989999738848, -6.596539999820941, 0.0 ], [ 106.852009999761819, -6.596610000351024, 0.0 ], [ 106.852040000246049, -6.596670000420026, 0.0 ], [ 106.852089999853789, -6.596729999589659, 0.0 ], [ 106.852140000360905, -6.596780000096771, 0.0 ], [ 106.852219999553512, -6.596840000165773, 0.0 ], [ 106.852310000106556, -6.596900000234687, 0.0 ], [ 106.85239000019854, -6.596929999819459, 0.0 ], [ 106.852439999806364, -6.5969600003036, 0.0 ], [ 106.852490000313395, -6.596989999888461, 0.0 ], [ 106.852559999944191, -6.597020000372513, 0.0 ], [ 106.852660000059132, -6.597060000418544, 0.0 ], [ 106.852760000174072, -6.597099999565117, 0.0 ], [ 106.852829999804882, -6.597119999588088, 0.0 ], [ 106.85290000033487, -6.597150000072318, 0.0 ], [ 106.852980000426854, -6.59717999965709, 0.0 ], [ 106.852990153772751, -6.59718290086996, 0.0 ], [ 106.85305000005765, -6.597199999680061, 0.0 ], [ 106.853130000149534, -6.597230000164203, 0.0 ], [ 106.853230000264489, -6.597250000187174, 0.0 ], [ 106.853310000356458, -6.597279999772034, 0.0 ], [ 106.853390000448343, -6.597310000256087, 0.0 ], [ 106.85348000010211, -6.597319999817977, 0.0 ], [ 106.853569999755891, -6.597350000302118, 0.0 ], [ 106.853649999847775, -6.597370000325089, 0.0 ], [ 106.853740000400919, -6.59739000034806, 0.0 ], [ 106.853799999570555, -6.597419999932832, 0.0 ], [ 106.853879999662439, -6.597439999955892, 0.0 ], [ 106.853939999731352, -6.597459999978863, 0.0 ], [ 106.854019999823322, -6.597489999563635, 0.0 ], [ 106.85411000037638, -6.597520000047776, 0.0 ], [ 106.854180000007176, -6.597560000093807, 0.0 ], [ 106.85426000009906, -6.59760999970155, 0.0 ], [ 106.854320000168059, -6.597660000208663, 0.0 ], [ 106.854400000260028, -6.597720000277576, 0.0 ], [ 106.854469999890753, -6.597760000323607, 0.0 ], [ 106.854520000397855, -6.597789999908379, 0.0 ], [ 106.854570000005694, -6.59782999995441, 0.0 ], [ 106.854619999613433, -6.597870000000352, 0.0 ], [ 106.854670000120549, -6.597910000046294, 0.0 ], [ 106.854739999751359, -6.597950000092325, 0.0 ], [ 106.854810000281432, -6.597999999700068, 0.0 ], [ 106.854879999912242, -6.598050000207181, 0.0 ], [ 106.854950000442329, -6.598099999814924, 0.0 ], [ 106.855029999634922, -6.598150000322125, 0.0 ], [ 106.855109999726892, -6.598199999929868, 0.0 ], [ 106.85520000027995, -6.59825000043698, 0.0 ], [ 106.855295022647354, -6.598297511620768, 0.0 ], [ 106.855300000394891, -6.598300000044812, 0.0 ], [ 106.855390000048672, -6.598349999652644, 0.0 ], [ 106.855490000163527, -6.598400000159668, 0.0 ], [ 106.855579999817309, -6.598449999767499, 0.0 ], [ 106.855670000370353, -6.598489999813442, 0.0 ], [ 106.855760000024134, -6.598529999859473, 0.0 ], [ 106.855849999677901, -6.598569999905415, 0.0 ], [ 106.855920000207988, -6.598620000412527, 0.0 ], [ 106.856000000299957, -6.598640000435498, 0.0 ], [ 106.856060000368871, -6.598670000020359, 0.0 ], [ 106.856150000022652, -6.598710000066301, 0.0 ], [ 106.856239999676419, -6.598750000112243, 0.0 ], [ 106.856350000252448, -6.598790000158186, 0.0 ], [ 106.856450000367388, -6.598799999719986, 0.0 ], [ 106.856510000436302, -6.598779999697015, 0.0 ], [ 106.856560000044141, -6.598719999628102, 0.0 ], [ 106.856600000090083, -6.598640000435498, 0.0 ], [ 106.856609999651965, -6.598549999882444, 0.0 ], [ 106.856620000113054, -6.598440000205699, 0.0 ], [ 106.856620000113054, -6.598349999652644, 0.0 ], [ 106.856609999651965, -6.598239999975899, 0.0 ], [ 106.856609999651965, -6.598170000345096, 0.0 ], [ 106.856600000090083, -6.598110000276094, 0.0 ], [ 106.856580000067112, -6.598019999723039, 0.0 ], [ 106.856580000067112, -6.598015434764406, 0.0 ], [ 106.856580000067112, -6.597950000092325, 0.0 ], [ 106.856549999582967, -6.597870000000352, 0.0 ], [ 106.856519999998199, -6.597769999885408, 0.0 ], [ 106.856499999975227, -6.597660000208663, 0.0 ], [ 106.856479999952256, -6.597589999678579, 0.0 ], [ 106.8564599999292, -6.597509999586606, 0.0 ], [ 106.856439999906229, -6.597430000394091, 0.0 ], [ 106.856410000321446, -6.597350000302118, 0.0 ], [ 106.856390000298475, -6.597270000210145, 0.0 ], [ 106.856359999814245, -6.59717999965709, 0.0 ], [ 106.856339999791274, -6.597099999565117, 0.0 ], [ 106.856319999768303, -6.597029999934403, 0.0 ], [ 106.856299999745332, -6.5969600003036, 0.0 ], [ 106.856270000160563, -6.596860000188745, 0.0 ], [ 106.856250000137592, -6.596769999635601, 0.0 ], [ 106.856230000114621, -6.596700000004798, 0.0 ], [ 106.856230000114621, -6.596619999912914, 0.0 ], [ 106.856230000114621, -6.59651999979797, 0.0 ], [ 106.85625999969939, -6.596419999683025, 0.0 ], [ 106.856310000206506, -6.596359999614112, 0.0 ], [ 106.856359999814245, -6.59631999956817, 0.0 ], [ 106.856419999883258, -6.596289999983398, 0.0 ], [ 106.856499999975227, -6.596229999914396, 0.0 ], [ 106.856580000067112, -6.596209999891425, 0.0 ], [ 106.856640000136025, -6.596200000329624, 0.0 ], [ 106.856740000250966, -6.596189999868454, 0.0 ], [ 106.856809999881762, -6.596200000329624, 0.0 ], [ 106.856880000411849, -6.596220000352595, 0.0 ], [ 106.856939999581485, -6.596249999937456, 0.0 ], [ 106.857019999673369, -6.596300000444479, 0.0 ], [ 106.85707000018057, -6.596359999614112, 0.0 ], [ 106.857110000226513, -6.596470000190227, 0.0 ], [ 106.857090000203542, -6.596550000282111, 0.0 ], [ 106.857059999719397, -6.596650000397055, 0.0 ], [ 106.85703999969634, -6.596729999589659, 0.0 ], [ 106.856999999650398, -6.596780000096771, 0.0 ], [ 106.856999999650398, -6.596840000165773, 0.0 ], [ 106.856999999650398, -6.596909999796488, 0.0 ], [ 106.857030000134543, -6.596980000326571, 0.0 ], [ 106.857099999765339, -6.597060000418544, 0.0 ], [ 106.857150000272455, -6.597099999565117, 0.0 ], [ 106.857239999926236, -6.597150000072318, 0.0 ], [ 106.85732000001812, -6.597170000095289, 0.0 ], [ 106.857373921569334, -6.597187973945697, 0.0 ], [ 106.857380000087119, -6.59719000011826, 0.0 ], [ 106.857440000156032, -6.597210000141231, 0.0 ], [ 106.857509999786828, -6.597219999703032, 0.0 ], [ 106.857569999855826, -6.597230000164203, 0.0 ], [ 106.857669999970682, -6.597250000187174, 0.0 ], [ 106.857730000039595, -6.597270000210145, 0.0 ], [ 106.857799999670405, -6.597279999772034, 0.0 ], [ 106.857890000223549, -6.597310000256087, 0.0 ], [ 106.857999999900201, -6.597339999840948, 0.0 ], [ 106.858089999553982, -6.597359999863919, 0.0 ], [ 106.858180000107126, -6.59737999988689, 0.0 ], [ 106.858269999760893, -6.597399999909861, 0.0 ], [ 106.858389999898719, -6.597410000371031, 0.0 ], [ 106.858460000428892, -6.597419999932832, 0.0 ], [ 106.858539999621499, -6.597410000371031, 0.0 ], [ 106.858619999713383, -6.597370000325089, 0.0 ], [ 106.858679999782296, -6.597319999817977, 0.0 ], [ 106.858710000266441, -6.597239999726092, 0.0 ], [ 106.858730000289498, -6.597170000095289, 0.0 ], [ 106.858739999851295, -6.597080000441515, 0.0 ], [ 106.858750000312469, -6.596989999888461, 0.0 ], [ 106.858750000312469, -6.596889999773516, 0.0 ], [ 106.858750000312469, -6.596800000119742, 0.0 ], [ 106.858750000312469, -6.596729999589659, 0.0 ], [ 106.858750000312469, -6.596630000373995, 0.0 ], [ 106.858750000312469, -6.59653000025914, 0.0 ], [ 106.858750000312469, -6.596450000167255, 0.0 ], [ 106.858810000381382, -6.596379999637083, 0.0 ], [ 106.858880000012192, -6.596359999614112, 0.0 ], [ 106.858960000104076, -6.596339999591141, 0.0 ], [ 106.85902000017299, -6.596339999591141, 0.0 ], [ 106.859089999803786, -6.596339999591141, 0.0 ], [ 106.8592000003799, -6.596359999614112, 0.0 ], [ 106.859279999572507, -6.596390000098253, 0.0 ], [ 106.85935000010258, -6.596410000121224, 0.0 ], [ 106.85941999973339, -6.596450000167255, 0.0 ], [ 106.859510000286448, -6.596479999752027, 0.0 ], [ 106.859610000401389, -6.59651999979797, 0.0 ], [ 106.859720000078141, -6.596559999844001, 0.0 ], [ 106.859789999708852, -6.596570000305082, 0.0 ], [ 106.85984999977785, -6.596570000305082, 0.0 ], [ 106.859940000330909, -6.596570000305082, 0.0 ], [ 106.860009999961704, -6.596570000305082, 0.0 ], [ 106.860099999615485, -6.596510000236169, 0.0 ], [ 106.86017999970737, -6.596419999683025, 0.0 ], [ 106.860230000214571, -6.596350000052311, 0.0 ], [ 106.860299999845282, -6.596260000398537, 0.0 ], [ 106.860350000352398, -6.596189999868454, 0.0 ], [ 106.860430000444367, -6.59610999977648, 0.0 ], [ 106.860489999613918, -6.596060000168738, 0.0 ], [ 106.860560000144091, -6.596009999661625, 0.0 ], [ 106.860629999774886, -6.595969999615683, 0.0 ], [ 106.860700000304888, -6.595929999569652, 0.0 ], [ 106.860760000373887, -6.59589999998488, 0.0 ], [ 106.860850000027654, -6.595859999938938, 0.0 ], [ 106.860959999704406, -6.595810000331106, 0.0 ], [ 106.86105000025745, -6.595779999846965, 0.0 ], [ 106.861139999911231, -6.595750000262104, 0.0 ], [ 106.861172769407943, -6.595737711925711, 0.0 ], [ 106.8612200000032, -6.595719999777963, 0.0 ], [ 106.861309999656982, -6.595710000216162, 0.0 ], [ 106.861389999748866, -6.59567999973202, 0.0 ], [ 106.861460000278953, -6.59567999973202, 0.0 ], [ 106.861540000370923, -6.595690000193191, 0.0 ], [ 106.861600000439836, -6.595710000216162, 0.0 ], [ 106.861679999632429, -6.595719999777963, 0.0 ], [ 106.861750000162516, -6.595730000239133, 0.0 ], [ 106.861839999816297, -6.595750000262104, 0.0 ], [ 106.861910000346469, -6.595770000285164, 0.0 ], [ 106.861990000438354, -6.595799999869936, 0.0 ], [ 106.862060000069064, -6.595810000331106, 0.0 ], [ 106.862120000138063, -6.595839999915878, 0.0 ], [ 106.862189999768873, -6.595870000400019, 0.0 ], [ 106.862280000321931, -6.59589999998488, 0.0 ], [ 106.862340000390844, -6.595949999592623, 0.0 ], [ 106.86241000002164, -6.596020000122707, 0.0 ], [ 106.862459999629465, -6.59610999977648, 0.0 ], [ 106.862459999629465, -6.596220000352595, 0.0 ], [ 106.862439999606494, -6.59631999956817, 0.0 ], [ 106.862430000044611, -6.596410000121224, 0.0 ], [ 106.862380000436872, -6.596499999774998, 0.0 ], [ 106.862340000390844, -6.596570000305082, 0.0 ], [ 106.862269999860757, -6.596639999935885, 0.0 ], [ 106.862209999791844, -6.596709999566688, 0.0 ], [ 106.862149999722845, -6.5967600000738, 0.0 ], [ 106.862089999653932, -6.596820000142714, 0.0 ], [ 106.862029999585019, -6.596880000211716, 0.0 ], [ 106.861950000392412, -6.596949999842519, 0.0 ], [ 106.861890000323498, -6.597029999934403, 0.0 ], [ 106.861839999816297, -6.597080000441515, 0.0 ], [ 106.861790000208543, -6.597139999611148, 0.0 ], [ 106.861759999724413, -6.597199999680061, 0.0 ], [ 106.861719999678471, -6.597259999749063, 0.0 ], [ 106.861659999609458, -6.597339999840948, 0.0 ], [ 106.861619999563516, -6.597439999955892, 0.0 ], [ 106.861580000416865, -6.597529999609577, 0.0 ], [ 106.861560000393894, -6.597620000162721, 0.0 ], [ 106.86154999993272, -6.597720000277576, 0.0 ], [ 106.86154999993272, -6.597800000369549, 0.0 ], [ 106.86154999993272, -6.597910000046294, 0.0 ], [ 106.86154999993272, -6.597990000138267, 0.0 ], [ 106.86154999993272, -6.598059999768981, 0.0 ], [ 106.86154999993272, -6.598119999837895, 0.0 ], [ 106.861560000393894, -6.598210000391038, 0.0 ], [ 106.861560000393894, -6.598300000044812, 0.0 ], [ 106.861569999955691, -6.598380000136697, 0.0 ], [ 106.861569999955691, -6.598449999767499, 0.0 ], [ 106.861580000416865, -6.598529999859473, 0.0 ], [ 106.861580000416865, -6.598589999928386, 0.0 ], [ 106.861580000416865, -6.598659999559189, 0.0 ], [ 106.861580000416865, -6.598739999651073, 0.0 ], [ 106.861580000416865, -6.598819999743046, 0.0 ], [ 106.861580000416865, -6.598885899364539, 0.0 ], [ 106.861580000416865, -6.598899999834931, 0.0 ], [ 106.861580000416865, -6.598912907804291, 0.0 ], [ 106.861580000416865, -6.598999999949875, 0.0 ], [ 106.861580000416865, -6.599089999603649, 0.0 ], [ 106.861580000416865, -6.599189999718504, 0.0 ], [ 106.861580000416865, -6.599300000294619, 0.0 ], [ 106.861580000416865, -6.599409999971364, 0.0 ], [ 106.861580000416865, -6.599530000109279, 0.0 ], [ 106.861580000416865, -6.599639999786024, 0.0 ], [ 106.861580000416865, -6.599759999923851, 0.0 ], [ 106.861580000416865, -6.599860000038795, 0.0 ], [ 106.861580000416865, -6.59996999971554, 0.0 ], [ 106.861580000416865, -6.600060000268595, 0.0 ], [ 106.861580000416865, -6.600143677688433, 0.0 ], [ 106.861580000416865, -6.600149999922369, 0.0 ], [ 106.861580000416865, -6.600209999991371, 0.0 ], [ 106.861580000416865, -6.600290000083255, 0.0 ], [ 106.861589999978662, -6.600370000175229, 0.0 ], [ 106.861589999978662, -6.600450000267113, 0.0 ], [ 106.861610000001718, -6.600530000359086, 0.0 ], [ 106.861639999586487, -6.60062000001286, 0.0 ], [ 106.861719999678471, -6.600720000127716, 0.0 ], [ 106.861770000185487, -6.600780000196629, 0.0 ], [ 106.861819999793326, -6.600840000265631, 0.0 ], [ 106.861850000277457, -6.600889999873463, 0.0 ], [ 106.861890000323498, -6.600969999965347, 0.0 ], [ 106.861919999908267, -6.601019999573179, 0.0 ], [ 106.861939999931238, -6.601099999665152, 0.0 ], [ 106.861970000415383, -6.601179999757036, 0.0 ], [ 106.861970000415383, -6.601279999871981, 0.0 ], [ 106.86197999997718, -6.601359999963865, 0.0 ], [ 106.86197999997718, -6.60146999964061, 0.0 ], [ 106.86197999997718, -6.601549999732494, 0.0 ], [ 106.861990000438354, -6.601609999801497, 0.0 ], [ 106.861990000438354, -6.60168000033158, 0.0 ], [ 106.861990000438354, -6.601740000400493, 0.0 ], [ 106.862000000000151, -6.601810000031296, 0.0 ], [ 106.862000000000151, -6.601890000123269, 0.0 ], [ 106.862000000000151, -6.601970000215243, 0.0 ], [ 106.862009999562048, -6.602050000307127, 0.0 ], [ 106.862009999562048, -6.602119999937841, 0.0 ], [ 106.862009999562048, -6.602200000029814, 0.0 ], [ 106.862020000023122, -6.602269999660617, 0.0 ], [ 106.862020000023122, -6.602340000190701, 0.0 ], [ 106.862020000023122, -6.602429999844475, 0.0 ], [ 106.862009999562048, -6.602520000397529, 0.0 ], [ 106.862000000000151, -6.602610000051303, 0.0 ], [ 106.86197999997718, -6.602679999682106, 0.0 ], [ 106.861970000415383, -6.602759999774079, 0.0 ], [ 106.861950000392412, -6.602819999842993, 0.0 ], [ 106.861930000369441, -6.602899999934877, 0.0 ], [ 106.861899999885296, -6.60296999956568, 0.0 ], [ 106.861870000300428, -6.603049999657564, 0.0 ], [ 106.861830000254486, -6.603140000210619, 0.0 ], [ 106.861790000208543, -6.603200000279621, 0.0 ], [ 106.861750000162516, -6.603280000371594, 0.0 ], [ 106.861710000116574, -6.603340000440507, 0.0 ], [ 106.861659999609458, -6.60341000007131, 0.0 ], [ 106.861619999563516, -6.603490000163195, 0.0 ], [ 106.861560000393894, -6.603559999793998, 0.0 ], [ 106.861509999886778, -6.603639999885882, 0.0 ], [ 106.861460000278953, -6.603699999954884, 0.0 ], [ 106.86140000021004, -6.603780000046768, 0.0 ], [ 106.861340000141027, -6.603849999677571, 0.0 ], [ 106.861280000072114, -6.603909999746485, 0.0 ], [ 106.861240000026172, -6.603960000253686, 0.0 ], [ 106.861170000395376, -6.604009999861429, 0.0 ], [ 106.861099999865289, -6.604060000368541, 0.0 ], [ 106.861019999773404, -6.604089999953402, 0.0 ], [ 106.860959999704406, -6.604129999999344, 0.0 ], [ 106.860879999612422, -6.604170000045286, 0.0 ], [ 106.860789999958655, -6.604210000091228, 0.0 ], [ 106.860720000327944, -6.60425999969906, 0.0 ], [ 106.860640000235975, -6.604310000206173, 0.0 ], [ 106.860569999705888, -6.604350000252204, 0.0 ], [ 106.860520000098148, -6.604399999859947, 0.0 ], [ 106.860460000029136, -6.604450000367059, 0.0 ], [ 106.86039000039834, -6.604519999997862, 0.0 ], [ 106.860339999891224, -6.604589999628576, 0.0 ], [ 106.860310000306455, -6.604649999697578, 0.0 ], [ 106.860270000260513, -6.604709999766492, 0.0 ], [ 106.860199999730341, -6.604829999904407, 0.0 ], [ 106.860150000122587, -6.60490000043449, 0.0 ], [ 106.860099999615485, -6.604939999581152, 0.0 ], [ 106.860020000422878, -6.604990000088264, 0.0 ], [ 106.859940000330909, -6.605030000134295, 0.0 ] ] ] ] } },
{ "type": "Feature", "properties": { "PROVNO": "32", "KABKOTNO": "01", "KECNO": "130", "DESANO": "007", "PROVINSI": "JAWA BARAT", "KABKOT": "BOGOR", "KECAMATAN": "SUKARAJA", "ID2013": "3201130007", "DESA": "CADAS NGAMPAR", "DESA_1": "CADAS NGAMPAR", "ID2012": "3201130007", "IDKAB2": "3201", "IDKEC_2": "3201130", "WILAYAH": "TENGAH" }, "geometry": { "type": "MultiPolygon", "coordinates": [ [ [ [ 106.838155002051906, -6.56167087031422, 0.0 ], [ 106.837995535165987, -6.561969660171521, 0.0 ], [ 106.837889587834454, -6.56226825397658, 0.0 ], [ 106.837867407854816, -6.562474785083108, 0.0 ], [ 106.83782206583588, -6.562620230638974, 0.0 ], [ 106.83789897225995, -6.562742289325065, 0.0 ], [ 106.838006292856278, -6.562818359379587, 0.0 ], [ 106.838202502443693, -6.562775690145841, 0.0 ], [ 106.83838076695902, -6.562771107200618, 0.0 ], [ 106.838548917698574, -6.562755198193617, 0.0 ], [ 106.838693935177133, -6.562685848772745, 0.0 ], [ 106.839014804289931, -6.562615855437262, 0.0 ], [ 106.839182589904752, -6.562500545263763, 0.0 ], [ 106.839579691849409, -6.562369101252798, 0.0 ], [ 106.84018311625799, -6.562206314069954, 0.0 ], [ 106.84044307069135, -6.562205358989939, 0.0 ], [ 106.840696279310038, -6.562449110338022, 0.0 ], [ 106.840819819179487, -6.562777445622405, 0.0 ], [ 106.840767338342204, -6.563060551303259, 0.0 ], [ 106.84072992384715, -6.563282430239816, 0.0 ], [ 106.839758688412942, -6.563224826864058, 0.0 ], [ 106.839582975274226, -6.563263702757496, 0.0 ], [ 106.83950710666781, -6.563424553700017, 0.0 ], [ 106.839581657767411, -6.563555965335368, 0.0 ], [ 106.839645629242554, -6.563668725930807, 0.0 ], [ 106.839907158388812, -6.564095956962692, 0.0 ], [ 106.840206297183073, -6.564354832209531, 0.0 ], [ 106.840005731279632, -6.564906115724547, 0.0 ], [ 106.839858102169813, -6.565311896126982, 0.0 ], [ 106.839858578810578, -6.565441881437497, 0.0 ], [ 106.839966012721504, -6.565548533837653, 0.0 ], [ 106.84027359704902, -6.565734085559463, 0.0 ], [ 106.840647472203244, -6.56581365037944, 0.0 ], [ 106.840877211214519, -6.565912207082505, 0.0 ], [ 106.841026533747709, -6.566024282394558, 0.0 ], [ 106.841335843874276, -6.566256436984776, 0.0 ], [ 106.841767976211301, -6.566956471064103, 0.0 ], [ 106.841853373134796, -6.567307884750875, 0.0 ], [ 106.842021889898447, -6.567391375111722, 0.0 ], [ 106.842190436339791, -6.567482509709901, 0.0 ], [ 106.843131453653811, -6.567560410784115, 0.0 ], [ 106.843243971432287, -6.567606948901386, 0.0 ], [ 106.843580094845649, -6.567745969700614, 0.0 ], [ 106.844142822233636, -6.567950346930775, 0.0 ], [ 106.844401376422624, -6.568087027694016, 0.0 ], [ 106.844666537031202, -6.567977853594922, 0.0 ], [ 106.844710566039993, -6.567959725061048, 0.0 ], [ 106.84502028625738, -6.567716771411671, 0.0 ], [ 106.845186116746007, -6.567849014020624, 0.0 ], [ 106.845181270299562, -6.568089889336761, 0.0 ], [ 106.844910938589123, -6.568498658186375, 0.0 ], [ 106.844793488029183, -6.568676256304009, 0.0 ], [ 106.844337570422766, -6.569446385342239, 0.0 ], [ 106.844339485978651, -6.569707305647423, 0.0 ], [ 106.844408536824673, -6.570031061584061, 0.0 ], [ 106.844483385599943, -6.5701830838821, 0.0 ], [ 106.844524090714415, -6.570265758557738, 0.0 ], [ 106.844696143612296, -6.57027085861305, 0.0 ], [ 106.844879348103603, -6.57018989894457, 0.0 ], [ 106.844895071850274, -6.569788411905488, 0.0 ], [ 106.845003116400903, -6.569541422098748, 0.0 ], [ 106.845123010418732, -6.569397613309071, 0.0 ], [ 106.846202231048309, -6.570370741816092, 0.0 ], [ 106.846567159746854, -6.570699796558213, 0.0 ], [ 106.847417098220689, -6.571035006260431, 0.0 ], [ 106.847521398893576, -6.57114821831545, 0.0 ], [ 106.84780191542616, -6.571199891561577, 0.0 ], [ 106.848033153607304, -6.571703689973187, 0.0 ], [ 106.847999679042132, -6.57195613866465, 0.0 ], [ 106.84783538459547, -6.572205840826708, 0.0 ], [ 106.846901656286576, -6.573624956626336, 0.0 ], [ 106.846682419558149, -6.573962407439051, 0.0 ], [ 106.846287438214873, -6.574152510629663, 0.0 ], [ 106.846190127072887, -6.574199346422507, 0.0 ], [ 106.845556907225671, -6.575096294258422, 0.0 ], [ 106.845496115753278, -6.575143139044517, 0.0 ], [ 106.845265275072563, -6.575321023146543, 0.0 ], [ 106.845083889010397, -6.575895161132586, 0.0 ], [ 106.845065306319015, -6.576105409137103, 0.0 ], [ 106.845006821607711, -6.576767117708151, 0.0 ], [ 106.845151453277111, -6.577110665924337, 0.0 ], [ 106.845415809891932, -6.57726452733586, 0.0 ], [ 106.846124357853043, -6.577547203140757, 0.0 ], [ 106.846127940751998, -6.577548632163523, 0.0 ], [ 106.846659345652427, -6.578584647563304, 0.0 ], [ 106.847836988986046, -6.578957347303529, 0.0 ], [ 106.849617248237521, -6.579520754579029, 0.0 ], [ 106.851266257731808, -6.580042617672479, 0.0 ], [ 106.851746115291178, -6.58019447809254, 0.0 ], [ 106.851309999856753, -6.580320000067754, 0.0 ], [ 106.851209999741897, -6.580360000113696, 0.0 ], [ 106.851109999626956, -6.580400000159727, 0.0 ], [ 106.851010000411378, -6.580429999744499, 0.0 ], [ 106.850919999858235, -6.58046999979053, 0.0 ], [ 106.850830000204468, -6.580509999836472, 0.0 ], [ 106.85073999965141, -6.580549999882415, 0.0 ], [ 106.850659999559525, -6.580589999928446, 0.0 ], [ 106.850580000366918, -6.580629999974388, 0.0 ], [ 106.850500000274948, -6.58067000002033, 0.0 ], [ 106.850429999744861, -6.580719999628073, 0.0 ], [ 106.850360000114151, -6.580759999674015, 0.0 ], [ 106.850289999583978, -6.580799999720046, 0.0 ], [ 106.850230000414342, -6.580839999765988, 0.0 ], [ 106.850159999884255, -6.580879999812019, 0.0 ], [ 106.850099999815342, -6.580919999857961, 0.0 ], [ 106.850039999746343, -6.580959999903904, 0.0 ], [ 106.849970000115633, -6.580990000388045, 0.0 ], [ 106.849910000046634, -6.581019999972817, 0.0 ], [ 106.849840000415824, -6.581049999557678, 0.0 ], [ 106.849740000300969, -6.581080000041819, 0.0 ], [ 106.849609999701883, -6.581120000087761, 0.0 ], [ 106.849509999587028, -6.581149999672533, 0.0 ], [ 106.849410000371364, -6.581160000133792, 0.0 ], [ 106.849310000256509, -6.581180000156763, 0.0 ], [ 106.849219999703365, -6.581180000156763, 0.0 ], [ 106.849159999634452, -6.581189999718564, 0.0 ], [ 106.849090000003656, -6.581189999718564, 0.0 ], [ 106.849029999934743, -6.581189999718564, 0.0 ], [ 106.848949999842759, -6.581200000179734, 0.0 ], [ 106.848880000212048, -6.581200000179734, 0.0 ], [ 106.848800000120079, -6.581209999741535, 0.0 ], [ 106.848700000005223, -6.581209999741535, 0.0 ], [ 106.84861999991324, -6.581220000202705, 0.0 ], [ 106.84853999982127, -6.581220000202705, 0.0 ], [ 106.848450000167503, -6.581229999764506, 0.0 ], [ 106.848359999614445, -6.581229999764506, 0.0 ], [ 106.848280000421838, -6.581240000225677, 0.0 ], [ 106.848237934633204, -6.581245257662385, 0.0 ], [ 106.848200000329953, -6.581249999787477, 0.0 ], [ 106.848120000237984, -6.581260000248648, 0.0 ], [ 106.848049999707897, -6.581269999810537, 0.0 ], [ 106.847989999638983, -6.581280000271619, 0.0 ], [ 106.847920000008187, -6.58130000029459, 0.0 ], [ 106.847810000331435, -6.581320000317561, 0.0 ], [ 106.847699999755406, -6.581360000363592, 0.0 ], [ 106.847610000101639, -6.581389999948364, 0.0 ], [ 106.847509999986698, -6.581439999556196, 0.0 ], [ 106.847440000355888, -6.581479999602138, 0.0 ], [ 106.84738000028689, -6.581510000086279, 0.0 ], [ 106.847320000217977, -6.581539999671051, 0.0 ], [ 106.847260000149063, -6.581570000155281, 0.0 ], [ 106.847209999641947, -6.581619999763024, 0.0 ], [ 106.847149999572949, -6.581659999808966, 0.0 ], [ 106.847090000403398, -6.581699999854909, 0.0 ], [ 106.847030000334399, -6.58175000036211, 0.0 ], [ 106.846979999827283, -6.581790000408052, 0.0 ], [ 106.84691999975837, -6.581840000015795, 0.0 ], [ 106.846870000150545, -6.581900000084797, 0.0 ], [ 106.846810000081632, -6.581949999692629, 0.0 ], [ 106.846770000035605, -6.582020000222624, 0.0 ], [ 106.846729999989662, -6.582069999830455, 0.0 ], [ 106.84668999994372, -6.582129999899369, 0.0 ], [ 106.846649999897778, -6.582189999968371, 0.0 ], [ 106.846609999851836, -6.582259999599174, 0.0 ], [ 106.846569999805808, -6.582330000129257, 0.0 ], [ 106.846540000221026, -6.582399999759971, 0.0 ], [ 106.846509999736895, -6.582470000290144, 0.0 ], [ 106.846480000152027, -6.582539999920947, 0.0 ], [ 106.846449999667882, -6.582609999551661, 0.0 ], [ 106.846429999644911, -6.582689999643634, 0.0 ], [ 106.846400000060143, -6.582760000173717, 0.0 ], [ 106.846369999575998, -6.582849999827491, 0.0 ], [ 106.846349999553027, -6.582940000380546, 0.0 ], [ 106.846319999968259, -6.58301999957315, 0.0 ], [ 106.846290000383391, -6.583110000126204, 0.0 ], [ 106.84625999989926, -6.583199999779978, 0.0 ], [ 106.846237504257644, -6.583256239783477, 0.0 ], [ 106.846219999853318, -6.583299999894923, 0.0 ], [ 106.846203910082551, -6.583348271005676, 0.0 ], [ 106.84619000026845, -6.583390000447977, 0.0 ], [ 106.846150000222508, -6.583480000101751, 0.0 ], [ 106.846119999738363, -6.583580000216696, 0.0 ], [ 106.846079999692421, -6.58366000030858, 0.0 ], [ 106.846050000107567, -6.583749999962354, 0.0 ], [ 106.846010000061625, -6.583830000054327, 0.0 ], [ 106.84597999957748, -6.583899999685041, 0.0 ], [ 106.845958174830059, -6.583950924695294, 0.0 ], [ 106.845949999992712, -6.583970000215214, 0.0 ], [ 106.845900000384887, -6.584059999868899, 0.0 ], [ 106.845869999900742, -6.584130000399071, 0.0 ], [ 106.845820000293003, -6.584209999591586, 0.0 ], [ 106.84576000022399, -6.584289999683559, 0.0 ], [ 106.845689999693917, -6.584360000213643, 0.0 ], [ 106.845640000086078, -6.584409999821474, 0.0 ], [ 106.845580000017165, -6.584449999867417, 0.0 ], [ 106.845490000363384, -6.584509999936419, 0.0 ], [ 106.845419999833311, -6.58454000042056, 0.0 ], [ 106.845339999741427, -6.584570000005332, 0.0 ], [ 106.845270000110617, -6.584599999590104, 0.0 ], [ 106.845179999557473, -6.584630000074334, 0.0 ], [ 106.845060000318938, -6.584659999659106, 0.0 ], [ 106.844980000226954, -6.584679999682077, 0.0 ], [ 106.844909999696881, -6.584679999682077, 0.0 ], [ 106.844840000066156, -6.584690000143247, 0.0 ], [ 106.844770000435361, -6.584699999705048, 0.0 ], [ 106.844690000343377, -6.584710000166218, 0.0 ], [ 106.844599999790333, -6.584719999728108, 0.0 ], [ 106.844510000136552, -6.584719999728108, 0.0 ], [ 106.844399999560522, -6.58473000018919, 0.0 ], [ 106.844280000321902, -6.584739999751079, 0.0 ], [ 106.844149999722902, -6.584750000212161, 0.0 ], [ 106.844009999562019, -6.58475999977405, 0.0 ], [ 106.843859999839324, -6.584770000235132, 0.0 ], [ 106.843736204562362, -6.584786506392017, 0.0 ], [ 106.843710000116545, -6.584790000258103, 0.0 ], [ 106.843582657014167, -6.584790000258103, 0.0 ], [ 106.843560000393865, -6.584790000258103, 0.0 ], [ 106.843400000210011, -6.584810000281163, 0.0 ], [ 106.843240000026142, -6.584819999842964, 0.0 ], [ 106.843079999842288, -6.584830000304134, 0.0 ], [ 106.842930000119594, -6.584839999865935, 0.0 ], [ 106.84276999993574, -6.584850000327105, 0.0 ], [ 106.842620000212975, -6.584859999888906, 0.0 ], [ 106.842469999591003, -6.584870000350076, 0.0 ], [ 106.842319999868224, -6.584870000350076, 0.0 ], [ 106.842170000145629, -6.584879999911877, 0.0 ], [ 106.842029999984646, -6.584890000373047, 0.0 ], [ 106.841889999823849, -6.584890000373047, 0.0 ], [ 106.841749999662881, -6.584890000373047, 0.0 ], [ 106.84161000040136, -6.584899999934848, 0.0 ], [ 106.841470000240562, -6.584899999934848, 0.0 ], [ 106.84133000007958, -6.584899999934848, 0.0 ], [ 106.841200000379871, -6.584910000396107, 0.0 ], [ 106.841060000218988, -6.584910000396107, 0.0 ], [ 106.840920000058105, -6.584919999957908, 0.0 ], [ 106.840779999897308, -6.584919999957908, 0.0 ], [ 106.840630000174528, -6.584939999980879, 0.0 ], [ 106.840479999552471, -6.58496000000385, 0.0 ], [ 106.84032000026798, -6.584980000026821, 0.0 ], [ 106.840265101153662, -6.584986458957722, 0.0 ], [ 106.840149999622952, -6.585000000049792, 0.0 ], [ 106.839979999877201, -6.585040000095734, 0.0 ], [ 106.839790000108579, -6.585080000141676, 0.0 ], [ 106.839589999878768, -6.585129999749508, 0.0 ], [ 106.839589999878768, -6.584690000143247, 0.0 ], [ 106.839609999901739, -6.584220000052845, 0.0 ], [ 106.839569999855797, -6.583970000215214, 0.0 ], [ 106.839469999740857, -6.583740000400553, 0.0 ], [ 106.839270000410338, -6.583270000310151, 0.0 ], [ 106.839239999926207, -6.58301999957315, 0.0 ], [ 106.839309999557003, -6.582880000311633, 0.0 ], [ 106.839330581441374, -6.58283335067841, 0.0 ], [ 106.839460000179059, -6.582539999920947, 0.0 ], [ 106.839529999809855, -6.582219999553143, 0.0 ], [ 106.839529999809855, -6.581989999738571, 0.0 ], [ 106.839517849968999, -6.581921146743355, 0.0 ], [ 106.839469999740857, -6.581650000247166, 0.0 ], [ 106.839400000110146, -6.581459999579167, 0.0 ], [ 106.839329999579974, -6.58130000029459, 0.0 ], [ 106.838999999650369, -6.580600000389527, 0.0 ], [ 106.838849999927774, -6.580360000113696, 0.0 ], [ 106.838820000342906, -6.580300000044783, 0.0 ], [ 106.838529588569799, -6.580044790434538, 0.0 ], [ 106.838490000413302, -6.580010000161209, 0.0 ], [ 106.838410000321417, -6.579870000000323, 0.0 ], [ 106.83819000006865, -6.579569999655579, 0.0 ], [ 106.838003989692567, -6.579687809044934, 0.0 ], [ 106.837962271042173, -6.579714231126701, 0.0 ], [ 106.83836334259432, -6.578468170969156, 0.0 ], [ 106.839146663787645, -6.576335176926698, 0.0 ], [ 106.839566850430018, -6.574751263060232, 0.0 ], [ 106.838892590021175, -6.575038886035625, 0.0 ], [ 106.838577937921684, -6.574956214957197, 0.0 ], [ 106.838222068094126, -6.575062307978943, 0.0 ], [ 106.837952100609144, -6.575733928877572, 0.0 ], [ 106.838121522090788, -6.576215319780978, 0.0 ], [ 106.837505738299356, -6.576949814082447, 0.0 ], [ 106.837173650143981, -6.577847993989607, 0.0 ], [ 106.837112620351292, -6.577670127873905, 0.0 ], [ 106.836769291569709, -6.576803720115478, 0.0 ], [ 106.836706152866824, -6.576644315282767, 0.0 ], [ 106.836679194789184, -6.576576253690938, 0.0 ], [ 106.836622610345387, -6.576083469276508, 0.0 ], [ 106.836611774414038, -6.575966436901339, 0.0 ], [ 106.836576979644036, -6.575590641694564, 0.0 ], [ 106.836334964886831, -6.575317646192271, 0.0 ], [ 106.836082035957389, -6.57505564400255, 0.0 ], [ 106.835907164584185, -6.574939754665756, 0.0 ], [ 106.835784483567281, -6.574574698263582, 0.0 ], [ 106.83584613479141, -6.573972735253388, 0.0 ], [ 106.835685920568977, -6.573092496821111, 0.0 ], [ 106.835674795055937, -6.573056088667375, 0.0 ], [ 106.835472292912172, -6.572393436707582, 0.0 ], [ 106.835449395273542, -6.572336228134237, 0.0 ], [ 106.835395498903338, -6.572214968945502, 0.0 ], [ 106.835350209944437, -6.572113073959009, 0.0 ], [ 106.835259837971336, -6.571914455087882, 0.0 ], [ 106.835380723941455, -6.57156230755426, 0.0 ], [ 106.835342592686686, -6.571433574999332, 0.0 ], [ 106.835235790999192, -6.571278123586346, 0.0 ], [ 106.83517473692477, -6.571133625915895, 0.0 ], [ 106.835083193134977, -6.570824633250041, 0.0 ], [ 106.835052678238682, -6.570664926245176, 0.0 ], [ 106.834868988113527, -6.569889135075382, 0.0 ], [ 106.834832309263874, -6.568848504354854, 0.0 ], [ 106.834831374868202, -6.568593784875123, 0.0 ], [ 106.834829417943453, -6.568059723377342, 0.0 ], [ 106.834671058122993, -6.567633443828171, 0.0 ], [ 106.834630264875017, -6.567523636606367, 0.0 ], [ 106.834597457606733, -6.567454575867817, 0.0 ], [ 106.834365303915803, -6.566965880670708, 0.0 ], [ 106.834178029992231, -6.566681726380388, 0.0 ], [ 106.83403445502627, -6.566364543588623, 0.0 ], [ 106.833954025058432, -6.566182152983782, 0.0 ], [ 106.833967081415835, -6.565915617311671, 0.0 ], [ 106.833681776892632, -6.565785196729248, 0.0 ], [ 106.833496091171881, -6.565765251564883, 0.0 ], [ 106.833287246109748, -6.565742819775124, 0.0 ], [ 106.833177257224818, -6.565622711718646, 0.0 ], [ 106.832999915413978, -6.565495747230745, 0.0 ], [ 106.832999695979368, -6.565495147383018, 0.0 ], [ 106.832890869917875, -6.565196497819983, 0.0 ], [ 106.832823218417033, -6.564670883654191, 0.0 ], [ 106.832865514432086, -6.564254422903151, 0.0 ], [ 106.832816229785323, -6.564025572422096, 0.0 ], [ 106.833360000363925, -6.563819999992884, 0.0 ], [ 106.833539999671387, -6.563690000293079, 0.0 ], [ 106.833690000293444, -6.563590000178223, 0.0 ], [ 106.833799999970182, -6.56353000010931, 0.0 ], [ 106.833900000085123, -6.56349999962508, 0.0 ], [ 106.834009999761875, -6.563490000063279, 0.0 ], [ 106.834129999899702, -6.563510000086339, 0.0 ], [ 106.834239999576454, -6.56353000010931, 0.0 ], [ 106.834310000106626, -6.56353000010931, 0.0 ], [ 106.834379999737422, -6.563539999671111, 0.0 ], [ 106.834450000267424, -6.563550000132281, 0.0 ], [ 106.834510000336422, -6.563550000132281, 0.0 ], [ 106.834609999551986, -6.563559999694082, 0.0 ], [ 106.834640205980904, -6.563562324441499, 0.0 ], [ 106.834740000151072, -6.563570000155252, 0.0 ], [ 106.834820000242956, -6.563559999694082, 0.0 ], [ 106.83490000033494, -6.563559999694082, 0.0 ], [ 106.834969999965736, -6.563550000132281, 0.0 ], [ 106.835039999596461, -6.563539999671111, 0.0 ], [ 106.83511999968843, -6.56353000010931, 0.0 ], [ 106.835239999826257, -6.56349999962508, 0.0 ], [ 106.835339999941198, -6.563470000040308, 0.0 ], [ 106.835429999594965, -6.563439999556167, 0.0 ], [ 106.835500000125052, -6.563420000432565, 0.0 ], [ 106.835580000217021, -6.563400000409594, 0.0 ], [ 106.835669999870802, -6.563369999925364, 0.0 ], [ 106.835760000423861, -6.563340000340592, 0.0 ], [ 106.835850000077627, -6.56330999985645, 0.0 ], [ 106.835939999731323, -6.56328000027159, 0.0 ], [ 106.836019999823293, -6.563249999787537, 0.0 ], [ 106.836130000399322, -6.563200000179705, 0.0 ], [ 106.836209999592, -6.563160000133763, 0.0 ], [ 106.836300000145059, -6.563120000087821, 0.0 ], [ 106.836361910374009, -6.563081306756704, 0.0 ], [ 106.836380000237028, -6.56306999958062, 0.0 ], [ 106.836460000328913, -6.563019999972877, 0.0 ], [ 106.836540000420896, -6.562970000365045, 0.0 ], [ 106.836610000051607, -6.562910000296132, 0.0 ], [ 106.836679999682417, -6.562850000227129, 0.0 ], [ 106.83675000021249, -6.562799999720017, 0.0 ], [ 106.836810000281403, -6.562730000089303, 0.0 ], [ 106.836870000350416, -6.562659999559131, 0.0 ], [ 106.836930000419414, -6.562589999928417, 0.0 ], [ 106.836980000027154, -6.562529999859503, 0.0 ], [ 106.837029999634893, -6.5624600002287, 0.0 ], [ 106.837080000142095, -6.562389999698528, 0.0 ], [ 106.837129999749934, -6.562329999629615, 0.0 ], [ 106.837169999795876, -6.562269999560701, 0.0 ], [ 106.837220000302892, -6.56221999995287, 0.0 ], [ 106.83726000034892, -6.562150000322067, 0.0 ], [ 106.837300000394862, -6.562099999814954, 0.0 ], [ 106.837359999564498, -6.56203000018424, 0.0 ], [ 106.837419999633411, -6.561970000115238, 0.0 ], [ 106.837470000140527, -6.561910000046325, 0.0 ], [ 106.837539999771337, -6.561849999977412, 0.0 ], [ 106.837590000278439, -6.561820000392551, 0.0 ], [ 106.837650000347452, -6.561760000323638, 0.0 ], [ 106.837710000416365, -6.561729999839496, 0.0 ], [ 106.837769999585987, -6.561700000254636, 0.0 ], [ 106.837869999700928, -6.561669999770494, 0.0 ], [ 106.837949999792812, -6.561649999747523, 0.0 ], [ 106.838009999861725, -6.561649999747523, 0.0 ], [ 106.838155002051906, -6.56167087031422, 0.0 ] ] ] ] } },
{ "type": "Feature", "properties": { "PROVNO": "32", "KABKOTNO": "01", "KECNO": "130", "DESANO": "008", "PROVINSI": "JAWA BARAT", "KABKOT": "BOGOR", "KECAMATAN": "SUKARAJA", "ID2013": "3201130008", "DESA": "PASIRLAJA", "DESA_1": "PASIRLAJA", "ID2012": "3201130008", "IDKAB2": "3201", "IDKEC_2": "3201130", "WILAYAH": "TENGAH" }, "geometry": { "type": "MultiPolygon", "coordinates": [ [ [ [ 106.844062495687766, -6.545135899202261, 0.0 ], [ 106.843519854657785, -6.545534667590704, 0.0 ], [ 106.843146330239108, -6.545683413658523, 0.0 ], [ 106.842954584886357, -6.545944857369115, 0.0 ], [ 106.843159453146399, -6.546170836314893, 0.0 ], [ 106.843579485105394, -6.546339342286647, 0.0 ], [ 106.843546685031626, -6.546668221660958, 0.0 ], [ 106.843321100888261, -6.546975135993574, 0.0 ], [ 106.842608759586767, -6.547465219743955, 0.0 ], [ 106.842473567201566, -6.547692446049371, 0.0 ], [ 106.842587668686093, -6.547896084936191, 0.0 ], [ 106.842747147263196, -6.547928751010925, 0.0 ], [ 106.84298444957281, -6.547905964888248, 0.0 ], [ 106.843426905227687, -6.548006369698047, 0.0 ], [ 106.843745004428527, -6.548197922595858, 0.0 ], [ 106.843904365194447, -6.548378722300043, 0.0 ], [ 106.84390045764016, -6.548607249924512, 0.0 ], [ 106.843623517711393, -6.549071281214438, 0.0 ], [ 106.8434107246254, -6.549774926071841, 0.0 ], [ 106.842779394253782, -6.550718174603922, 0.0 ], [ 106.842633281401021, -6.551058807218038, 0.0 ], [ 106.842792393054651, -6.551171587598539, 0.0 ], [ 106.843506861252862, -6.55125965730722, 0.0 ], [ 106.843734735969463, -6.55157624204973, 0.0 ], [ 106.843862715791857, -6.552471357067304, 0.0 ], [ 106.843840669811257, -6.552641485416046, 0.0 ], [ 106.843791540747148, -6.552661927905525, 0.0 ], [ 106.84364825806081, -6.552721547561227, 0.0 ], [ 106.843037639075931, -6.553131904613565, 0.0 ], [ 106.84252858142905, -6.55341718755297, 0.0 ], [ 106.841860742179634, -6.553680378646423, 0.0 ], [ 106.841634988064413, -6.553941948262167, 0.0 ], [ 106.841941837645891, -6.554156216236198, 0.0 ], [ 106.841953839098522, -6.554337556432923, 0.0 ], [ 106.84187494787075, -6.554462547808129, 0.0 ], [ 106.841671324272411, -6.554576660084646, 0.0 ], [ 106.841079243912105, -6.554841528413604, 0.0 ], [ 106.840357866222703, -6.555164235740776, 0.0 ], [ 106.839192865558502, -6.555685395564428, 0.0 ], [ 106.838899137085662, -6.555958550246679, 0.0 ], [ 106.83863949921367, -6.556254251832119, 0.0 ], [ 106.838583984063774, -6.556571878888953, 0.0 ], [ 106.838596025985979, -6.556764555939356, 0.0 ], [ 106.838992896804939, -6.556797109598769, 0.0 ], [ 106.839133616423481, -6.55670417006128, 0.0 ], [ 106.839320840884312, -6.556580514179213, 0.0 ], [ 106.839580935611835, -6.556409511689445, 0.0 ], [ 106.839716506611595, -6.556284312570817, 0.0 ], [ 106.839863661778764, -6.55622708960836, 0.0 ], [ 106.839942845286245, -6.556181454410428, 0.0 ], [ 106.840060981129568, -6.556269387422144, 0.0 ], [ 106.840124713384967, -6.556316824861455, 0.0 ], [ 106.840228522128783, -6.556803914768707, 0.0 ], [ 106.840274654651736, -6.557019139621403, 0.0 ], [ 106.840445686819194, -6.557290589189204, 0.0 ], [ 106.840956498144067, -6.557481435219916, 0.0 ], [ 106.841525567551045, -6.558102855062522, 0.0 ], [ 106.841652175008008, -6.558623870095328, 0.0 ], [ 106.841640071931963, -6.558679299809658, 0.0 ], [ 106.841607582124396, -6.558828090843551, 0.0 ], [ 106.841472094761471, -6.558975963669624, 0.0 ], [ 106.841319999618506, -6.559099999964904, 0.0 ], [ 106.841249999987696, -6.559119999987875, 0.0 ], [ 106.841084210867763, -6.55917684163775, 0.0 ], [ 106.840900000035134, -6.559240000125701, 0.0 ], [ 106.840407499806446, -6.559240612564068, 0.0 ], [ 106.840011790911632, -6.559525478218067, 0.0 ], [ 106.839752402151831, -6.559889199127102, 0.0 ], [ 106.83966271456282, -6.560161604674111, 0.0 ], [ 106.839664086928252, -6.560535705558248, 0.0 ], [ 106.839657943659333, -6.560832255204243, 0.0 ], [ 106.839654456987759, -6.561000539043462, 0.0 ], [ 106.839598299721985, -6.560999621735011, 0.0 ], [ 106.839087629590651, -6.560991283220954, 0.0 ], [ 106.838792318310951, -6.560910760622942, 0.0 ], [ 106.838554310033516, -6.56084586374547, 0.0 ], [ 106.83827295443345, -6.561402386710604, 0.0 ], [ 106.838155002051906, -6.56167087031422, 0.0 ], [ 106.838009999861725, -6.561649999747523, 0.0 ], [ 106.837949999792812, -6.561649999747523, 0.0 ], [ 106.837869999700928, -6.561669999770494, 0.0 ], [ 106.837769999585987, -6.561700000254636, 0.0 ], [ 106.837710000416365, -6.561729999839496, 0.0 ], [ 106.837650000347452, -6.561760000323638, 0.0 ], [ 106.837590000278439, -6.561820000392551, 0.0 ], [ 106.837539999771337, -6.561849999977412, 0.0 ], [ 106.837470000140527, -6.561910000046325, 0.0 ], [ 106.837419999633411, -6.561970000115238, 0.0 ], [ 106.837359999564498, -6.56203000018424, 0.0 ], [ 106.837300000394862, -6.562099999814954, 0.0 ], [ 106.83726000034892, -6.562150000322067, 0.0 ], [ 106.837220000302892, -6.56221999995287, 0.0 ], [ 106.837169999795876, -6.562269999560701, 0.0 ], [ 106.837129999749934, -6.562329999629615, 0.0 ], [ 106.837080000142095, -6.562389999698528, 0.0 ], [ 106.837029999634893, -6.5624600002287, 0.0 ], [ 106.836980000027154, -6.562529999859503, 0.0 ], [ 106.836930000419414, -6.562589999928417, 0.0 ], [ 106.836870000350416, -6.562659999559131, 0.0 ], [ 106.836810000281403, -6.562730000089303, 0.0 ], [ 106.83675000021249, -6.562799999720017, 0.0 ], [ 106.836679999682417, -6.562850000227129, 0.0 ], [ 106.836610000051607, -6.562910000296132, 0.0 ], [ 106.836540000420896, -6.562970000365045, 0.0 ], [ 106.836460000328913, -6.563019999972877, 0.0 ], [ 106.836380000237028, -6.56306999958062, 0.0 ], [ 106.836361910374009, -6.563081306756704, 0.0 ], [ 106.836300000145059, -6.563120000087821, 0.0 ], [ 106.836209999592, -6.563160000133763, 0.0 ], [ 106.836130000399322, -6.563200000179705, 0.0 ], [ 106.836019999823293, -6.563249999787537, 0.0 ], [ 106.835939999731323, -6.56328000027159, 0.0 ], [ 106.835850000077627, -6.56330999985645, 0.0 ], [ 106.835760000423861, -6.563340000340592, 0.0 ], [ 106.835669999870802, -6.563369999925364, 0.0 ], [ 106.835580000217021, -6.563400000409594, 0.0 ], [ 106.835500000125052, -6.563420000432565, 0.0 ], [ 106.835429999594965, -6.563439999556167, 0.0 ], [ 106.835339999941198, -6.563470000040308, 0.0 ], [ 106.835239999826257, -6.56349999962508, 0.0 ], [ 106.83511999968843, -6.56353000010931, 0.0 ], [ 106.835039999596461, -6.563539999671111, 0.0 ], [ 106.834969999965736, -6.563550000132281, 0.0 ], [ 106.83490000033494, -6.563559999694082, 0.0 ], [ 106.834820000242956, -6.563559999694082, 0.0 ], [ 106.834740000151072, -6.563570000155252, 0.0 ], [ 106.834640205980904, -6.563562324441499, 0.0 ], [ 106.834609999551986, -6.563559999694082, 0.0 ], [ 106.834510000336422, -6.563550000132281, 0.0 ], [ 106.834450000267424, -6.563550000132281, 0.0 ], [ 106.834379999737422, -6.563539999671111, 0.0 ], [ 106.834310000106626, -6.56353000010931, 0.0 ], [ 106.834239999576454, -6.56353000010931, 0.0 ], [ 106.834129999899702, -6.563510000086339, 0.0 ], [ 106.834009999761875, -6.563490000063279, 0.0 ], [ 106.833900000085123, -6.56349999962508, 0.0 ], [ 106.833799999970182, -6.56353000010931, 0.0 ], [ 106.833690000293444, -6.563590000178223, 0.0 ], [ 106.833539999671387, -6.563690000293079, 0.0 ], [ 106.833360000363925, -6.563819999992884, 0.0 ], [ 106.832816229785323, -6.564025572422096, 0.0 ], [ 106.832742927843995, -6.563685188020809, 0.0 ], [ 106.832463126272486, -6.563193719314544, 0.0 ], [ 106.832357028754075, -6.563007361800146, 0.0 ], [ 106.832059890951356, -6.562635964278165, 0.0 ], [ 106.831740563276554, -6.562187958007684, 0.0 ], [ 106.831223331691618, -6.561543475950451, 0.0 ], [ 106.830596595057031, -6.560910348733486, 0.0 ], [ 106.830256279903551, -6.560714393654123, 0.0 ], [ 106.82992714062523, -6.560560821824293, 0.0 ], [ 106.829950017579421, -6.560040424625715, 0.0 ], [ 106.829957425295106, -6.559871915056661, 0.0 ], [ 106.829944671109843, -6.559378965166953, 0.0 ], [ 106.829991752417683, -6.558990785396226, 0.0 ], [ 106.829997845324485, -6.558940552864048, 0.0 ], [ 106.829979456886605, -6.558527056278454, 0.0 ], [ 106.829973977317351, -6.558403822178462, 0.0 ], [ 106.830169920705444, -6.55806348813929, 0.0 ], [ 106.830245562682748, -6.557778369775793, 0.0 ], [ 106.830080206136785, -6.557494130949273, 0.0 ], [ 106.829925961614038, -6.557253673817822, 0.0 ], [ 106.829735004067373, -6.556949176862883, 0.0 ], [ 106.829696849430235, -6.556813263221386, 0.0 ], [ 106.82959854183936, -6.556628207025952, 0.0 ], [ 106.829525898201851, -6.556491462410943, 0.0 ], [ 106.829581335110703, -6.555874542775744, 0.0 ], [ 106.829525203925215, -6.555502262119575, 0.0 ], [ 106.829589972199614, -6.555239095307854, 0.0 ], [ 106.829651052354322, -6.555069011025907, 0.0 ], [ 106.829628178098147, -6.555010834781996, 0.0 ], [ 106.829971103983425, -6.554613243606102, 0.0 ], [ 106.830035792218197, -6.554328164812731, 0.0 ], [ 106.829976470238066, -6.554111792425168, 0.0 ], [ 106.829924769113006, -6.553923218081916, 0.0 ], [ 106.829803151094765, -6.553616908992979, 0.0 ], [ 106.829714675791863, -6.553387167283766, 0.0 ], [ 106.829637075990433, -6.553135474022689, 0.0 ], [ 106.82961420892876, -6.552872625571062, 0.0 ], [ 106.829557798953402, -6.552423657925335, 0.0 ], [ 106.829492289637656, -6.552188778389247, 0.0 ], [ 106.829435703395205, -6.551985884141089, 0.0 ], [ 106.829367979948444, -6.551438357993646, 0.0 ], [ 106.829231437680903, -6.550734071919742, 0.0 ], [ 106.829193306426134, -6.55054713883926, 0.0 ], [ 106.829048349202139, -6.550139444679495, 0.0 ], [ 106.828922729200798, -6.549996883249367, 0.0 ], [ 106.828857594902303, -6.549922964373103, 0.0 ], [ 106.828735536216215, -6.549879101739045, 0.0 ], [ 106.828285406646415, -6.549760839091281, 0.0 ], [ 106.828216736213534, -6.549698382074478, 0.0 ], [ 106.827842894334296, -6.549333124224113, 0.0 ], [ 106.827758990285346, -6.549293057628383, 0.0 ], [ 106.827720834748931, -6.549275913852206, 0.0 ], [ 106.827575853243189, -6.549248253404052, 0.0 ], [ 106.827525219613364, -6.549215920977804, 0.0 ], [ 106.827400381122885, -6.549136204172292, 0.0 ], [ 106.826919736656706, -6.548738979020499, 0.0 ], [ 106.826790037330497, -6.548562564410645, 0.0 ], [ 106.826683211361271, -6.548435716834735, 0.0 ], [ 106.826683211361271, -6.548276470282701, 0.0 ], [ 106.826571839319101, -6.548120778750768, 0.0 ], [ 106.826497844899791, -6.548011837576109, 0.0 ], [ 106.82641619365252, -6.54789162519819, 0.0 ], [ 106.826321350250325, -6.547665829714102, 0.0 ], [ 106.826209898168457, -6.547610605045264, 0.0 ], [ 106.826098029700447, -6.547553737314917, 0.0 ], [ 106.826030834155858, -6.547519578365648, 0.0 ], [ 106.825918754347214, -6.547391735240229, 0.0 ], [ 106.825854057119201, -6.547232843920394, 0.0 ], [ 106.825905403911435, -6.546985657162132, 0.0 ], [ 106.825966134229901, -6.546783111850942, 0.0 ], [ 106.826070532928924, -6.546434921334345, 0.0 ], [ 106.826078275192373, -6.546366146580187, 0.0 ], [ 106.826119671885564, -6.545998411996958, 0.0 ], [ 106.826153870404951, -6.545639280328377, 0.0 ], [ 106.826165903333916, -6.545512913889731, 0.0 ], [ 106.826179522667047, -6.545258537951018, 0.0 ], [ 106.82611847308921, -6.544702837865515, 0.0 ], [ 106.82611405741801, -6.54451913784774, 0.0 ], [ 106.826187310795945, -6.544516183574824, 0.0 ], [ 106.826232703176828, -6.544514352555133, 0.0 ], [ 106.826746743967291, -6.544291147118599, 0.0 ], [ 106.826860000089098, -6.544280000021843, 0.0 ], [ 106.827000000249996, -6.544380000136787, 0.0 ], [ 106.827060000318909, -6.544509999836503, 0.0 ], [ 106.82707225268247, -6.544556972326223, 0.0 ], [ 106.827239999626443, -6.545200000179676, 0.0 ], [ 106.827330000179501, -6.545420000432536, 0.0 ], [ 106.827620000063078, -6.545639999785937, 0.0 ], [ 106.8277820480033, -6.545671363642427, 0.0 ], [ 106.827929999969712, -6.545699999854939, 0.0 ], [ 106.828059999669421, -6.545679999831968, 0.0 ], [ 106.828170000245535, -6.545619999762966, 0.0 ], [ 106.828195904317681, -6.545588117897196, 0.0 ], [ 106.828299999945258, -6.545459999579197, 0.0 ], [ 106.828440000106056, -6.545200000179676, 0.0 ], [ 106.828489999713895, -6.545120000087792, 0.0 ], [ 106.828549999782894, -6.544999999949876, 0.0 ], [ 106.828684319825712, -6.544905975830009, 0.0 ], [ 106.82875000001269, -6.54485999978899, 0.0 ], [ 106.82889999973537, -6.544790000158187, 0.0 ], [ 106.829059999919238, -6.544679999582161, 0.0 ], [ 106.829320000217947, -6.544569999905416, 0.0 ], [ 106.829500000424872, -6.544489999813532, 0.0 ], [ 106.829579999617465, -6.544469999790561, 0.0 ], [ 106.829910000446347, -6.544369999675617, 0.0 ], [ 106.83004000014607, -6.544329999629586, 0.0 ], [ 106.830415995002298, -6.544170680232533, 0.0 ], [ 106.830630000374384, -6.544079999792043, 0.0 ], [ 106.830869999750846, -6.54399999970007, 0.0 ], [ 106.831110000026598, -6.543970000115298, 0.0 ], [ 106.831310000256479, -6.543970000115298, 0.0 ], [ 106.83162999972491, -6.543979999677099, 0.0 ], [ 106.831780000346882, -6.543990000138269, 0.0 ], [ 106.831950000092633, -6.544019999723041, 0.0 ], [ 106.832356730179129, -6.544085366945964, 0.0 ], [ 106.832509999836802, -6.544110000276095, 0.0 ], [ 106.832790000158582, -6.544150000322038, 0.0 ], [ 106.832990000388378, -6.544150000322038, 0.0 ], [ 106.833069645248059, -6.544150000322038, 0.0 ], [ 106.833120000088087, -6.544150000322038, 0.0 ], [ 106.833269999810781, -6.544059999768983, 0.0 ], [ 106.833429999994635, -6.544019999723041, 0.0 ], [ 106.833659999809299, -6.543930000069267, 0.0 ], [ 106.833920000108094, -6.543840000415493, 0.0 ], [ 106.834279999622481, -6.543709999816496, 0.0 ], [ 106.835150000172476, -6.54335999986392, 0.0 ], [ 106.83517177096067, -6.543352056152276, 0.0 ], [ 106.835762970884531, -6.543136349262948, 0.0 ], [ 106.83589000012357, -6.543090000003318, 0.0 ], [ 106.835979999777351, -6.543060000418546, 0.0 ], [ 106.836180000007147, -6.542969999865402, 0.0 ], [ 106.836360000214057, -6.542889999773518, 0.0 ], [ 106.836554691745761, -6.542803469704186, 0.0 ], [ 106.836630000074578, -6.542769999635603, 0.0 ], [ 106.836786097200829, -6.542715704865678, 0.0 ], [ 106.836859999889242, -6.542690000442999, 0.0 ], [ 106.836910000396358, -6.542659999958857, 0.0 ], [ 106.837020000073096, -6.542630000374086, 0.0 ], [ 106.837188424206573, -6.542565601721009, 0.0 ], [ 106.837359999564498, -6.542499999775, 0.0 ], [ 106.837434113593645, -6.542472694559045, 0.0 ], [ 106.837550000232497, -6.542430000144197, 0.0 ], [ 106.837780000047161, -6.542319999568171, 0.0 ], [ 106.837920000208044, -6.54226999996034, 0.0 ], [ 106.838210000091621, -6.542109999776571, 0.0 ], [ 106.838359999814315, -6.542020000122797, 0.0 ], [ 106.838600000090054, -6.541899999984881, 0.0 ], [ 106.838729999789848, -6.54185999993885, 0.0 ], [ 106.838889999973716, -6.541799999869937, 0.0 ], [ 106.839019999673425, -6.541750000262105, 0.0 ], [ 106.839110000226484, -6.541750000262105, 0.0 ], [ 106.839239999926207, -6.541699999754993, 0.0 ], [ 106.839407524737652, -6.541417070341407, 0.0 ], [ 106.839689999993624, -6.540939999781017, 0.0 ], [ 106.839859289274983, -6.540639648700655, 0.0 ], [ 106.839999999900272, -6.540389999598641, 0.0 ], [ 106.84032000026798, -6.53972000017772, 0.0 ], [ 106.840349999852748, -6.539649999647636, 0.0 ], [ 106.840381247696627, -6.539593185876615, 0.0 ], [ 106.840570000105615, -6.539250000087318, 0.0 ], [ 106.840770000335411, -6.538940000180773, 0.0 ], [ 106.840810000381353, -6.538869999650601, 0.0 ], [ 106.841490000263533, -6.537799999769991, 0.0 ], [ 106.841519999848302, -6.537739999701078, 0.0 ], [ 106.841789999708908, -6.537280000071846, 0.0 ], [ 106.841920000307908, -6.537079999841957, 0.0 ], [ 106.842070000030674, -6.536950000142241, 0.0 ], [ 106.842119999638427, -6.536899999635128, 0.0 ], [ 106.842179999707426, -6.536850000027297, 0.0 ], [ 106.842239999776339, -6.536800000419554, 0.0 ], [ 106.842319999868224, -6.536740000350552, 0.0 ], [ 106.842410000421367, -6.536669999820468, 0.0 ], [ 106.842509999636945, -6.536609999751555, 0.0 ], [ 106.842620000212975, -6.536540000120752, 0.0 ], [ 106.842729999889713, -6.536480000051839, 0.0 ], [ 106.842859999589521, -6.536410000421036, 0.0 ], [ 106.842990000188507, -6.536359999913923, 0.0 ], [ 106.843130000349404, -6.536310000306091, 0.0 ], [ 106.843139999911202, -6.536379999936894, 0.0 ], [ 106.843159999934258, -6.536449999567608, 0.0 ], [ 106.843210000441374, -6.53650000007481, 0.0 ], [ 106.843260000049114, -6.536569999705524, 0.0 ], [ 106.843340000140998, -6.536640000235607, 0.0 ], [ 106.843400000210011, -6.536700000304609, 0.0 ], [ 106.84348000030198, -6.536769999935412, 0.0 ], [ 106.843549999932776, -6.536839999566126, 0.0 ], [ 106.843600000439807, -6.536890000073328, 0.0 ], [ 106.843659999609528, -6.536939999681071, 0.0 ], [ 106.843710000116545, -6.536990000188183, 0.0 ], [ 106.843770000185543, -6.537050000257096, 0.0 ], [ 106.843830000254457, -6.537099999864928, 0.0 ], [ 106.843879999862295, -6.537159999933841, 0.0 ], [ 106.843930000369411, -6.537220000002844, 0.0 ], [ 106.843979999977151, -6.537269999610675, 0.0 ], [ 106.84402999958499, -6.537329999679589, 0.0 ], [ 106.844080000092092, -6.537380000186701, 0.0 ], [ 106.844129999699845, -6.537440000255614, 0.0 ], [ 106.844169999745873, -6.537489999863446, 0.0 ], [ 106.844209999791815, -6.537540000370559, 0.0 ], [ 106.844249999837842, -6.537610000001361, 0.0 ], [ 106.844300000344873, -6.537659999609193, 0.0 ], [ 106.844329999929727, -6.537719999678107, 0.0 ], [ 106.84438999999864, -6.537770000185219, 0.0 ], [ 106.844419999583494, -6.537830000254132, 0.0 ], [ 106.844499999675378, -6.537890000323134, 0.0 ], [ 106.844590000228521, -6.537879999861964, 0.0 ], [ 106.844699999905274, -6.537819999792962, 0.0 ], [ 106.844789999558955, -6.537730000139188, 0.0 ], [ 106.844869999650939, -6.537659999609193, 0.0 ], [ 106.844960000203983, -6.537580000416501, 0.0 ], [ 106.845009999811822, -6.537540000370559, 0.0 ], [ 106.845080000341909, -6.537500000324616, 0.0 ], [ 106.845140000410908, -6.537480000301645, 0.0 ], [ 106.845210000041618, -6.537449999817415, 0.0 ], [ 106.845299999695385, -6.537420000232643, 0.0 ], [ 106.845379999787369, -6.537400000209672, 0.0 ], [ 106.845439999856282, -6.537389999748502, 0.0 ], [ 106.845519999948252, -6.537380000186701, 0.0 ], [ 106.845629999625004, -6.53736000016373, 0.0 ], [ 106.845740000201019, -6.53736000016373, 0.0 ], [ 106.845860000338945, -6.53736000016373, 0.0 ], [ 106.845929999969741, -6.537369999725531, 0.0 ], [ 106.846010000061625, -6.537380000186701, 0.0 ], [ 106.846079999692421, -6.537400000209672, 0.0 ], [ 106.846179999807276, -6.537429999794444, 0.0 ], [ 106.84625999989926, -6.537449999817415, 0.0 ], [ 106.846319999968259, -6.537480000301645, 0.0 ], [ 106.84640999962194, -6.537520000347588, 0.0 ], [ 106.846500000175084, -6.53756000039353, 0.0 ], [ 106.846569999805808, -6.537580000416501, 0.0 ], [ 106.846649999897778, -6.537619999563162, 0.0 ], [ 106.846729999989662, -6.537639999586133, 0.0 ], [ 106.846790000058576, -6.537670000070275, 0.0 ], [ 106.846879999712343, -6.537690000093246, 0.0 ], [ 106.846979999827283, -6.537710000116217, 0.0 ], [ 106.847079999942238, -6.537719999678107, 0.0 ], [ 106.84716999959592, -6.537759999724049, 0.0 ], [ 106.847280000172034, -6.537799999769991, 0.0 ], [ 106.847329999779873, -6.537839999815933, 0.0 ], [ 106.847340000240948, -6.537910000346105, 0.0 ], [ 106.847329999779873, -6.537970000415019, 0.0 ], [ 106.847289999733931, -6.538049999607622, 0.0 ], [ 106.847229999664918, -6.538109999676536, 0.0 ], [ 106.84716999959592, -6.538180000206708, 0.0 ], [ 106.847090000403398, -6.538240000275621, 0.0 ], [ 106.847039999896296, -6.538289999883453, 0.0 ], [ 106.846970000265486, -6.538349999952366, 0.0 ], [ 106.846890000173516, -6.538399999560198, 0.0 ], [ 106.846799999620458, -6.538459999629112, 0.0 ], [ 106.846739999551545, -6.538510000136224, 0.0 ], [ 106.846660000358852, -6.538559999744056, 0.0 ], [ 106.846600000289939, -6.538610000251168, 0.0 ], [ 106.846540000221026, -6.538670000320081, 0.0 ], [ 106.846480000152027, -6.538710000366024, 0.0 ], [ 106.846429999644911, -6.538750000412055, 0.0 ], [ 106.846349999553027, -6.538840000065829, 0.0 ], [ 106.846310000406362, -6.538900000134742, 0.0 ], [ 106.84625999989926, -6.538989999788516, 0.0 ], [ 106.846239999876289, -6.539049999857429, 0.0 ], [ 106.846239999876289, -6.539129999949314, 0.0 ], [ 106.846239999876289, -6.539230000064258, 0.0 ], [ 106.846239999876289, -6.539299999695061, 0.0 ], [ 106.846250000337449, -6.539379999787034, 0.0 ], [ 106.84627000036042, -6.539459999878918, 0.0 ], [ 106.846310000406362, -6.539510000386031, 0.0 ], [ 106.846369999575998, -6.539569999555663, 0.0 ], [ 106.846480000152027, -6.539649999647636, 0.0 ], [ 106.846569999805808, -6.539700000154749, 0.0 ], [ 106.846629999874807, -6.539740000200691, 0.0 ], [ 106.846700000404894, -6.539780000246633, 0.0 ], [ 106.846770000035605, -6.539809999831405, 0.0 ], [ 106.8468399996664, -6.539849999877436, 0.0 ], [ 106.846899999735399, -6.539880000361578, 0.0 ], [ 106.846950000242515, -6.539909999946349, 0.0 ], [ 106.847019999873325, -6.539940000430491, 0.0 ], [ 106.847079999942238, -6.539999999600123, 0.0 ], [ 106.847160000034123, -6.540039999646154, 0.0 ], [ 106.847229999664918, -6.540050000107236, 0.0 ], [ 106.847340000240948, -6.540039999646154, 0.0 ], [ 106.847409999871758, -6.539990000038323, 0.0 ], [ 106.847469999940671, -6.539959999554181, 0.0 ], [ 106.847530000009669, -6.53992000040752, 0.0 ], [ 106.847599999640465, -6.539889999923378, 0.0 ], [ 106.84767999973235, -6.539849999877436, 0.0 ], [ 106.84777999984729, -6.539820000292575, 0.0 ], [ 106.847850000377377, -6.539800000269604, 0.0 ], [ 106.847920000008187, -6.539809999831405, 0.0 ], [ 106.847969999615927, -6.539860000338606, 0.0 ], [ 106.848000000100157, -6.539959999554181, 0.0 ], [ 106.847990220872148, -6.540087127718621, 0.0 ], [ 106.847989999638983, -6.540090000153178, 0.0 ], [ 106.847969999615927, -6.540159999783981, 0.0 ], [ 106.847929999569985, -6.540239999875954, 0.0 ], [ 106.847890000423405, -6.540319999967927, 0.0 ], [ 106.847850000377377, -6.540389999598641, 0.0 ], [ 106.847770000285408, -6.540469999690615, 0.0 ], [ 106.84767999973235, -6.540549999782499, 0.0 ], [ 106.847619999663436, -6.540600000289611, 0.0 ], [ 106.847539999571467, -6.540669999920414, 0.0 ], [ 106.847460000378859, -6.540720000427527, 0.0 ], [ 106.847389999848787, -6.540759999574188, 0.0 ], [ 106.847329999779873, -6.54079999962013, 0.0 ], [ 106.847269999710861, -6.540839999666073, 0.0 ], [ 106.84720000008015, -6.540879999712015, 0.0 ], [ 106.84713000044934, -6.540919999758046, 0.0 ], [ 106.847059999919267, -6.540959999803988, 0.0 ], [ 106.846990000288457, -6.540979999826959, 0.0 ], [ 106.846930000219544, -6.54101999987299, 0.0 ], [ 106.846859999689372, -6.541050000357043, 0.0 ], [ 106.846790000058576, -6.541070000380014, 0.0 ], [ 106.846700000404894, -6.541110000426045, 0.0 ], [ 106.846609999851836, -6.541149999572706, 0.0 ], [ 106.846520000198055, -6.541180000056759, 0.0 ], [ 106.846429999644911, -6.54120999964162, 0.0 ], [ 106.846360000014201, -6.54122000010279, 0.0 ], [ 106.846299999945202, -6.541229999664591, 0.0 ], [ 106.846239999876289, -6.541249999687562, 0.0 ], [ 106.846170000245479, -6.541249999687562, 0.0 ], [ 106.846110000176566, -6.541249999687562, 0.0 ], [ 106.846039999646479, -6.541249999687562, 0.0 ], [ 106.845959999554509, -6.54120999964162, 0.0 ], [ 106.845869999900742, -6.541169999595677, 0.0 ], [ 106.845809999831829, -6.541140000010817, 0.0 ], [ 106.845740000201019, -6.541110000426045, 0.0 ], [ 106.845669999670946, -6.541059999918932, 0.0 ], [ 106.845580000017165, -6.54099999984993, 0.0 ], [ 106.845519999948252, -6.540970000265158, 0.0 ], [ 106.845439999856282, -6.540959999803988, 0.0 ], [ 106.845370000225472, -6.540959999803988, 0.0 ], [ 106.845290000133588, -6.54099999984993, 0.0 ], [ 106.845259999649443, -6.541070000380014, 0.0 ], [ 106.845230000064674, -6.541160000033788, 0.0 ], [ 106.845210000041618, -6.541249999687562, 0.0 ], [ 106.845199999580444, -6.541309999756564, 0.0 ], [ 106.845190000018647, -6.541400000309618, 0.0 ], [ 106.845169999995676, -6.541469999940333, 0.0 ], [ 106.845160000433879, -6.541530000009335, 0.0 ], [ 106.845129999949734, -6.541619999663109, 0.0 ], [ 106.845080000341909, -6.541690000193192, 0.0 ], [ 106.844980000226954, -6.541719999778053, 0.0 ], [ 106.844880000112099, -6.541750000262105, 0.0 ], [ 106.844789999558955, -6.541759999823995, 0.0 ], [ 106.844699999905274, -6.541779999846966, 0.0 ], [ 106.84463999983636, -6.541790000308048, 0.0 ], [ 106.844550000182579, -6.541810000331107, 0.0 ], [ 106.84447000009061, -6.541819999892908, 0.0 ], [ 106.844410000021611, -6.541879999961822, 0.0 ], [ 106.844369999975669, -6.541960000053795, 0.0 ], [ 106.844369999975669, -6.542049999707569, 0.0 ], [ 106.844369999975669, -6.542109999776571, 0.0 ], [ 106.844369999975669, -6.542189999868455, 0.0 ], [ 106.84438999999864, -6.54228000042151, 0.0 ], [ 106.844399999560522, -6.542359999614114, 0.0 ], [ 106.844419999583494, -6.542430000144197, 0.0 ], [ 106.844430000044667, -6.542499999775, 0.0 ], [ 106.844439999606465, -6.542570000305084, 0.0 ], [ 106.844450000067638, -6.542639999935886, 0.0 ], [ 106.844459999629436, -6.54272000002786, 0.0 ], [ 106.84447000009061, -6.542800000119744, 0.0 ], [ 106.844479999652407, -6.542869999750547, 0.0 ], [ 106.844479999652407, -6.542949999842431, 0.0 ], [ 106.844499999675378, -6.543020000372604, 0.0 ], [ 106.844510000136552, -6.543090000003318, 0.0 ], [ 106.844510000136552, -6.543159999634121, 0.0 ], [ 106.844519999698349, -6.543230000164204, 0.0 ], [ 106.844519999698349, -6.543299999795007, 0.0 ], [ 106.844519999698349, -6.543399999909951, 0.0 ], [ 106.844519999698349, -6.543489999563725, 0.0 ], [ 106.844510000136552, -6.54358000011678, 0.0 ], [ 106.844510000136552, -6.543660000208664, 0.0 ], [ 106.844479999652407, -6.543740000300637, 0.0 ], [ 106.844479999652407, -6.543829999954411, 0.0 ], [ 106.84447000009061, -6.543899999585125, 0.0 ], [ 106.844450000067638, -6.543970000115298, 0.0 ], [ 106.844439999606465, -6.544059999768983, 0.0 ], [ 106.844410000021611, -6.544150000322038, 0.0 ], [ 106.844399999560522, -6.544230000414011, 0.0 ], [ 106.844384444886359, -6.544292220909078, 0.0 ], [ 106.844380000436843, -6.544309999606615, 0.0 ], [ 106.844369999975669, -6.544380000136787, 0.0 ], [ 106.844349999952698, -6.544460000228671, 0.0 ], [ 106.844309999906756, -6.544569999905416, 0.0 ], [ 106.844277418368307, -6.544644496146415, 0.0 ], [ 106.844248507862503, -6.544710598115469, 0.0 ], [ 106.844210649102365, -6.544797159661044, 0.0 ], [ 106.844176461374786, -6.544875327833957, 0.0 ], [ 106.844145943780475, -6.544945101734925, 0.0 ], [ 106.844119098118071, -6.545006482263229, 0.0 ], [ 106.844078026979574, -6.545100387672633, 0.0 ], [ 106.844062495687766, -6.545135899202261, 0.0 ] ] ], [ [ [ 106.839979999877201, -6.560888872923023, 0.0 ], [ 106.840158556672236, -6.560930473762241, 0.0 ], [ 106.839976591446685, -6.560894771576233, 0.0 ], [ 106.839979999877201, -6.560889999773547, 0.0 ], [ 106.839979999877201, -6.560888872923023, 0.0 ] ] ] ] } },
{ "type": "Feature", "properties": { "PROVNO": "32", "KABKOTNO": "01", "KECNO": "130", "DESANO": "009", "PROVINSI": "JAWA BARAT", "KABKOT": "BOGOR", "KECAMATAN": "SUKARAJA", "ID2013": "3201130009", "DESA": "CIJUJUNG", "DESA_1": "CIJUJUNG", "ID2012": "3201130009", "IDKAB2": "3201", "IDKEC_2": "3201130", "WILAYAH": "TENGAH" }, "geometry": { "type": "MultiPolygon", "coordinates": [ [ [ [ 106.84574999976283, -6.533999999899933, 0.0 ], [ 106.84574999976283, -6.534070000430017, 0.0 ], [ 106.845780000246961, -6.53414000006082, 0.0 ], [ 106.845789999808773, -6.534220000152704, 0.0 ], [ 106.845820000293003, -6.534300000244588, 0.0 ], [ 106.845840000315974, -6.534369999875391, 0.0 ], [ 106.845860000338945, -6.534440000405564, 0.0 ], [ 106.845880000361916, -6.534530000059338, 0.0 ], [ 106.845900000384887, -6.534610000151222, 0.0 ], [ 106.845889999923713, -6.534679999782025, 0.0 ], [ 106.845849999877771, -6.53477999989688, 0.0 ], [ 106.845840762041675, -6.534786599122047, 0.0 ], [ 106.845780000246961, -6.534830000404082, 0.0 ], [ 106.845709999716888, -6.534889999573625, 0.0 ], [ 106.845660000109049, -6.534960000103709, 0.0 ], [ 106.845600000040136, -6.535060000218653, 0.0 ], [ 106.845559999994194, -6.535140000310626, 0.0 ], [ 106.845530000409425, -6.535220000402511, 0.0 ], [ 106.845499999925195, -6.535290000033314, 0.0 ], [ 106.845479999902224, -6.535370000125198, 0.0 ], [ 106.845439999856282, -6.535450000217171, 0.0 ], [ 106.845390000248443, -6.535519999847974, 0.0 ], [ 106.84533000017953, -6.535579999916887, 0.0 ], [ 106.845230000064674, -6.535619999962918, 0.0 ], [ 106.845140000410908, -6.535630000424, 0.0 ], [ 106.845040000295967, -6.535630000424, 0.0 ], [ 106.84496999976588, -6.535630000424, 0.0 ], [ 106.84490000013507, -6.535630000424, 0.0 ], [ 106.8448200000431, -6.535619999962918, 0.0 ], [ 106.844739999951216, -6.535610000401029, 0.0 ], [ 106.84463999983636, -6.535610000401029, 0.0 ], [ 106.84453999972142, -6.535599999939947, 0.0 ], [ 106.84447000009061, -6.535599999939947, 0.0 ], [ 106.844399999560522, -6.535590000378058, 0.0 ], [ 106.844329999929727, -6.535590000378058, 0.0 ], [ 106.844260000298931, -6.535590000378058, 0.0 ], [ 106.844189999768844, -6.535590000378058, 0.0 ], [ 106.844129999699845, -6.535579999916887, 0.0 ], [ 106.844020000023093, -6.535579999916887, 0.0 ], [ 106.843919999908238, -6.535579999916887, 0.0 ], [ 106.843839999816353, -6.535590000378058, 0.0 ], [ 106.843770000185543, -6.535599999939947, 0.0 ], [ 106.843690000093574, -6.535610000401029, 0.0 ], [ 106.843589999978718, -6.535639999985889, 0.0 ], [ 106.843509999886749, -6.535680000031832, 0.0 ], [ 106.843449999817835, -6.535720000077774, 0.0 ], [ 106.84338000018704, -6.535769999685517, 0.0 ], [ 106.843300000095056, -6.53584999977749, 0.0 ], [ 106.843240000026142, -6.535920000307573, 0.0 ], [ 106.843210000441374, -6.535969999915405, 0.0 ], [ 106.843159999934258, -6.536040000445489, 0.0 ], [ 106.843139999911202, -6.536099999615121, 0.0 ], [ 106.843130000349404, -6.536170000145205, 0.0 ], [ 106.843119999888231, -6.536239999776008, 0.0 ], [ 106.843130000349404, -6.536310000306091, 0.0 ], [ 106.842990000188507, -6.536359999913923, 0.0 ], [ 106.842859999589521, -6.536410000421036, 0.0 ], [ 106.842729999889713, -6.536480000051839, 0.0 ], [ 106.842620000212975, -6.536540000120752, 0.0 ], [ 106.842509999636945, -6.536609999751555, 0.0 ], [ 106.842410000421367, -6.536669999820468, 0.0 ], [ 106.842319999868224, -6.536740000350552, 0.0 ], [ 106.842239999776339, -6.536800000419554, 0.0 ], [ 106.842179999707426, -6.536850000027297, 0.0 ], [ 106.842119999638427, -6.536899999635128, 0.0 ], [ 106.842070000030674, -6.536950000142241, 0.0 ], [ 106.841920000307908, -6.537079999841957, 0.0 ], [ 106.841789999708908, -6.537280000071846, 0.0 ], [ 106.841519999848302, -6.537739999701078, 0.0 ], [ 106.841490000263533, -6.537799999769991, 0.0 ], [ 106.840810000381353, -6.538869999650601, 0.0 ], [ 106.840770000335411, -6.538940000180773, 0.0 ], [ 106.840570000105615, -6.539250000087318, 0.0 ], [ 106.840381247696627, -6.539593185876615, 0.0 ], [ 106.840349999852748, -6.539649999647636, 0.0 ], [ 106.84032000026798, -6.53972000017772, 0.0 ], [ 106.839999999900272, -6.540389999598641, 0.0 ], [ 106.839859289274983, -6.540639648700655, 0.0 ], [ 106.839689999993624, -6.540939999781017, 0.0 ], [ 106.839407524737652, -6.541417070341407, 0.0 ], [ 106.839239999926207, -6.541699999754993, 0.0 ], [ 106.839110000226484, -6.541750000262105, 0.0 ], [ 106.839019999673425, -6.541750000262105, 0.0 ], [ 106.838889999973716, -6.541799999869937, 0.0 ], [ 106.838729999789848, -6.54185999993885, 0.0 ], [ 106.838600000090054, -6.541899999984881, 0.0 ], [ 106.838359999814315, -6.542020000122797, 0.0 ], [ 106.838210000091621, -6.542109999776571, 0.0 ], [ 106.837920000208044, -6.54226999996034, 0.0 ], [ 106.837780000047161, -6.542319999568171, 0.0 ], [ 106.837550000232497, -6.542430000144197, 0.0 ], [ 106.837434113593645, -6.542472694559045, 0.0 ], [ 106.837359999564498, -6.542499999775, 0.0 ], [ 106.837188424206573, -6.542565601721009, 0.0 ], [ 106.837020000073096, -6.542630000374086, 0.0 ], [ 106.836910000396358, -6.542659999958857, 0.0 ], [ 106.836859999889242, -6.542690000442999, 0.0 ], [ 106.836786097200829, -6.542715704865678, 0.0 ], [ 106.836630000074578, -6.542769999635603, 0.0 ], [ 106.836554691745761, -6.542803469704186, 0.0 ], [ 106.836360000214057, -6.542889999773518, 0.0 ], [ 106.836180000007147, -6.542969999865402, 0.0 ], [ 106.835979999777351, -6.543060000418546, 0.0 ], [ 106.83589000012357, -6.543090000003318, 0.0 ], [ 106.835762970884531, -6.543136349262948, 0.0 ], [ 106.83517177096067, -6.543352056152276, 0.0 ], [ 106.835150000172476, -6.54335999986392, 0.0 ], [ 106.834279999622481, -6.543709999816496, 0.0 ], [ 106.833920000108094, -6.543840000415493, 0.0 ], [ 106.833659999809299, -6.543930000069267, 0.0 ], [ 106.833429999994635, -6.544019999723041, 0.0 ], [ 106.833269999810781, -6.544059999768983, 0.0 ], [ 106.833120000088087, -6.544150000322038, 0.0 ], [ 106.833069645248059, -6.544150000322038, 0.0 ], [ 106.832990000388378, -6.544150000322038, 0.0 ], [ 106.832790000158582, -6.544150000322038, 0.0 ], [ 106.832509999836802, -6.544110000276095, 0.0 ], [ 106.832356730179129, -6.544085366945964, 0.0 ], [ 106.831950000092633, -6.544019999723041, 0.0 ], [ 106.831780000346882, -6.543990000138269, 0.0 ], [ 106.83162999972491, -6.543979999677099, 0.0 ], [ 106.831310000256479, -6.543970000115298, 0.0 ], [ 106.831110000026598, -6.543970000115298, 0.0 ], [ 106.830869999750846, -6.54399999970007, 0.0 ], [ 106.830630000374384, -6.544079999792043, 0.0 ], [ 106.830415995002298, -6.544170680232533, 0.0 ], [ 106.83004000014607, -6.544329999629586, 0.0 ], [ 106.829910000446347, -6.544369999675617, 0.0 ], [ 106.829579999617465, -6.544469999790561, 0.0 ], [ 106.829500000424872, -6.544489999813532, 0.0 ], [ 106.829320000217947, -6.544569999905416, 0.0 ], [ 106.829059999919238, -6.544679999582161, 0.0 ], [ 106.82889999973537, -6.544790000158187, 0.0 ], [ 106.82875000001269, -6.54485999978899, 0.0 ], [ 106.828684319825712, -6.544905975830009, 0.0 ], [ 106.828549999782894, -6.544999999949876, 0.0 ], [ 106.828489999713895, -6.545120000087792, 0.0 ], [ 106.828440000106056, -6.545200000179676, 0.0 ], [ 106.828299999945258, -6.545459999579197, 0.0 ], [ 106.828195904317681, -6.545588117897196, 0.0 ], [ 106.828170000245535, -6.545619999762966, 0.0 ], [ 106.828059999669421, -6.545679999831968, 0.0 ], [ 106.827929999969712, -6.545699999854939, 0.0 ], [ 106.8277820480033, -6.545671363642427, 0.0 ], [ 106.827620000063078, -6.545639999785937, 0.0 ], [ 106.827330000179501, -6.545420000432536, 0.0 ], [ 106.827239999626443, -6.545200000179676, 0.0 ], [ 106.82707225268247, -6.544556972326223, 0.0 ], [ 106.827060000318909, -6.544509999836503, 0.0 ], [ 106.827000000249996, -6.544380000136787, 0.0 ], [ 106.826860000089098, -6.544280000021843, 0.0 ], [ 106.826746743967291, -6.544291147118599, 0.0 ], [ 106.826232703176828, -6.544514352555133, 0.0 ], [ 106.826187310795945, -6.544516183574824, 0.0 ], [ 106.82611405741801, -6.54451913784774, 0.0 ], [ 106.826112677857978, -6.544461796174819, 0.0 ], [ 106.826076198657788, -6.544307914978145, 0.0 ], [ 106.826024172877482, -6.544293927822356, 0.0 ], [ 106.82595876338641, -6.54427634157976, 0.0 ], [ 106.825996579878478, -6.544187583889673, 0.0 ], [ 106.826023415648265, -6.54412349100614, 0.0 ], [ 106.826049999607932, -6.544059999768983, 0.0 ], [ 106.826149999722873, -6.54356000009372, 0.0 ], [ 106.826160000184046, -6.543099999565207, 0.0 ], [ 106.826180000207017, -6.542780000096773, 0.0 ], [ 106.826185511252504, -6.542691830563321, 0.0 ], [ 106.8261899997689, -6.542619999912915, 0.0 ], [ 106.826198630562573, -6.542542321870517, 0.0 ], [ 106.826249999837813, -6.54208000019171, 0.0 ], [ 106.826359015656237, -6.541235124900915, 0.0 ], [ 106.826410000021667, -6.540839999666073, 0.0 ], [ 106.826450000067609, -6.540560000243669, 0.0 ], [ 106.826479999652477, -6.540290000383067, 0.0 ], [ 106.826499999675448, -6.53994999999238, 0.0 ], [ 106.826597616586895, -6.539206611395834, 0.0 ], [ 106.826630000274434, -6.538960000203744, 0.0 ], [ 106.826666064887164, -6.538545251761754, 0.0 ], [ 106.826670000320377, -6.538499999675054, 0.0 ], [ 106.826710000366418, -6.538169999745538, 0.0 ], [ 106.826730000389389, -6.538049999607622, 0.0 ], [ 106.826743185349883, -6.537858822626355, 0.0 ], [ 106.82675000041236, -6.537759999724049, 0.0 ], [ 106.826779999997214, -6.537400000209672, 0.0 ], [ 106.826789999559026, -6.537300000094817, 0.0 ], [ 106.826809999581997, -6.537229999564644, 0.0 ], [ 106.826940000180983, -6.536839999566126, 0.0 ], [ 106.827129999949705, -6.536359999913923, 0.0 ], [ 106.827198495014699, -6.536236710055956, 0.0 ], [ 106.827230000064645, -6.536179999707095, 0.0 ], [ 106.827319999718426, -6.535920000307573, 0.0 ], [ 106.827390000248499, -6.535749999662546, 0.0 ], [ 106.827510000386425, -6.535450000217171, 0.0 ], [ 106.8278099998318, -6.534659999759054, 0.0 ], [ 106.827999999600507, -6.53414000006082, 0.0 ], [ 106.828059999669421, -6.533970000315072, 0.0 ], [ 106.828110000176537, -6.533830000154275, 0.0 ], [ 106.828290000383362, -6.533449999717558, 0.0 ], [ 106.828330000429304, -6.533349999602613, 0.0 ], [ 106.828456265244625, -6.532992249292704, 0.0 ], [ 106.828509999736866, -6.53284000036555, 0.0 ], [ 106.828613746427479, -6.532590611167635, 0.0 ], [ 106.82903000033437, -6.531590000278111, 0.0 ], [ 106.829079999942209, -6.531479999702086, 0.0 ], [ 106.829239393083739, -6.531129335150556, 0.0 ], [ 106.829280000172005, -6.531040000095736, 0.0 ], [ 106.829389999848757, -6.530770000235222, 0.0 ], [ 106.829590000078639, -6.530249999637618, 0.0 ], [ 106.829790000308435, -6.529819999593158, 0.0 ], [ 106.829850000377434, -6.529700000354612, 0.0 ], [ 106.829960000054186, -6.529480000101753, 0.0 ], [ 106.83008999975381, -6.529179999757009, 0.0 ], [ 106.830108829758842, -6.529137496897821, 0.0 ], [ 106.830439999706385, -6.528390000198172, 0.0 ], [ 106.830499999775299, -6.528259999599086, 0.0 ], [ 106.830708581336125, -6.527850860228881, 0.0 ], [ 106.830760000074108, -6.527750000362023, 0.0 ], [ 106.830809999681847, -6.527679999831939, 0.0 ], [ 106.830989999888772, -6.527400000409536, 0.0 ], [ 106.831119999588481, -6.527200000179647, 0.0 ], [ 106.831219999703421, -6.526990000388047, 0.0 ], [ 106.831317656184993, -6.526862294858873, 0.0 ], [ 106.831350000302422, -6.526819999743019, 0.0 ], [ 106.831569999655912, -6.526560000343586, 0.0 ], [ 106.831709999816795, -6.526380000136758, 0.0 ], [ 106.831873868884088, -6.526225234906526, 0.0 ], [ 106.832070000230459, -6.526039999746072, 0.0 ], [ 106.832150000322429, -6.525970000115269, 0.0 ], [ 106.832208684683266, -6.525915828552478, 0.0 ], [ 106.832409999721861, -6.525729999839527, 0.0 ], [ 106.832739999651466, -6.525299999794978, 0.0 ], [ 106.832799999720379, -6.525199999680034, 0.0 ], [ 106.832901356012982, -6.525022627292234, 0.0 ], [ 106.833039999996203, -6.524780000096744, 0.0 ], [ 106.833271783166467, -6.524209457600207, 0.0 ], [ 106.833300000295012, -6.524140000260594, 0.0 ], [ 106.83332999987978, -6.5240699997306, 0.0 ], [ 106.833459999579503, -6.523429999894361, 0.0 ], [ 106.833648482191862, -6.522766215688094, 0.0 ], [ 106.833690000293444, -6.522620000312642, 0.0 ], [ 106.833770000385329, -6.522380000036812, 0.0 ], [ 106.833869999600992, -6.522070000130178, 0.0 ], [ 106.833909999646934, -6.521949999992351, 0.0 ], [ 106.834109999876731, -6.521410000271146, 0.0 ], [ 106.834183577909997, -6.521223226370623, 0.0 ], [ 106.834244749795516, -6.521068435959378, 0.0 ], [ 106.83447000029048, -6.520519999698084, 0.0 ], [ 106.834571095779609, -6.520374837428591, 0.0 ], [ 106.834860000288998, -6.519959999953908, 0.0 ], [ 106.83505000005762, -6.519719999678077, 0.0 ], [ 106.835110000126534, -6.519650000047275, 0.0 ], [ 106.835140815396429, -6.519611482084056, 0.0 ], [ 106.83523000026446, -6.519500000324587, 0.0 ], [ 106.835290000333458, -6.519540000370529, 0.0 ], [ 106.835339999941198, -6.519600000439443, 0.0 ], [ 106.835270000310487, -6.519699999655106, 0.0 ], [ 106.8353300003794, -6.519730000139248, 0.0 ], [ 106.835390000448314, -6.519730000139248, 0.0 ], [ 106.835600000239992, -6.519699999655106, 0.0 ], [ 106.835939999731323, -6.519610000001332, 0.0 ], [ 106.836380000237028, -6.519420000232703, 0.0 ], [ 106.836616684712425, -6.519285988657355, 0.0 ], [ 106.837412065814391, -6.519907394110849, 0.0 ], [ 106.83764110875039, -6.520086337614242, 0.0 ], [ 106.83779277042018, -6.519863948762108, 0.0 ], [ 106.837864684707597, -6.519758496057584, 0.0 ], [ 106.838172878775467, -6.519306573239572, 0.0 ], [ 106.839867324717432, -6.519795879076398, 0.0 ], [ 106.839988847407554, -6.519830970622689, 0.0 ], [ 106.840195698672744, -6.519933469953489, 0.0 ], [ 106.840665651099044, -6.519385986074191, 0.0 ], [ 106.840746752860525, -6.519448159804622, 0.0 ], [ 106.840835977298681, -6.51951656223936, 0.0 ], [ 106.841203848578871, -6.519240885858082, 0.0 ], [ 106.841373580326646, -6.519098370293399, 0.0 ], [ 106.841648076797441, -6.519154127360896, 0.0 ], [ 106.841851392827678, -6.519158880277889, 0.0 ], [ 106.841998066857485, -6.519162307594275, 0.0 ], [ 106.842090000053645, -6.519119999887959, 0.0 ], [ 106.842170000145629, -6.519130000349129, 0.0 ], [ 106.842230000214542, -6.51913999991093, 0.0 ], [ 106.842310000306426, -6.5191500003721, 0.0 ], [ 106.842379999937222, -6.5191500003721, 0.0 ], [ 106.842469999591003, -6.5191500003721, 0.0 ], [ 106.842549999682888, -6.51913999991093, 0.0 ], [ 106.842629999774857, -6.519130000349129, 0.0 ], [ 106.842729999889713, -6.519079999841928, 0.0 ], [ 106.842820000442856, -6.519039999795986, 0.0 ], [ 106.842910000096623, -6.518979999727073, 0.0 ], [ 106.843010000211478, -6.518919999658159, 0.0 ], [ 106.843090000303462, -6.518870000050327, 0.0 ], [ 106.843150000372461, -6.518830000004385, 0.0 ], [ 106.843220000003171, -6.518780000396553, 0.0 ], [ 106.843300000095056, -6.518740000350611, 0.0 ], [ 106.843400000210011, -6.518709999866381, 0.0 ], [ 106.843489999863777, -6.51868999984341, 0.0 ], [ 106.843560000393865, -6.51868999984341, 0.0 ], [ 106.843639999586458, -6.518729999889441, 0.0 ], [ 106.843710000116545, -6.518800000419525, 0.0 ], [ 106.843750000162572, -6.518890000073299, 0.0 ], [ 106.843790000208514, -6.518999999750044, 0.0 ], [ 106.843819999793297, -6.519070000280127, 0.0 ], [ 106.843830000254457, -6.51913999991093, 0.0 ], [ 106.843843187013618, -6.519179561987034, 0.0 ], [ 106.843850000277527, -6.519199999979843, 0.0 ], [ 106.843870000300498, -6.519289999633617, 0.0 ], [ 106.843890000323469, -6.519409999771533, 0.0 ], [ 106.843919999908238, -6.519500000324587, 0.0 ], [ 106.843939999931209, -6.51956999995539, 0.0 ], [ 106.84395999995418, -6.519639999586193, 0.0 ], [ 106.843970000415354, -6.519710000116277, 0.0 ], [ 106.843990000438325, -6.519779999746991, 0.0 ], [ 106.844000000000122, -6.519850000277163, 0.0 ], [ 106.844020000023093, -6.519919999907966, 0.0 ], [ 106.844040000046149, -6.520020000022821, 0.0 ], [ 106.844060000069121, -6.520140000160737, 0.0 ], [ 106.844080000092092, -6.520249999837482, 0.0 ], [ 106.844109999676874, -6.520329999929366, 0.0 ], [ 106.844120000138034, -6.520410000021339, 0.0 ], [ 106.844140000161104, -6.520530000159255, 0.0 ], [ 106.844160000184075, -6.520639999836, 0.0 ], [ 106.844180000207047, -6.520750000412026, 0.0 ], [ 106.844189999768844, -6.5208400000658, 0.0 ], [ 106.844209999791815, -6.520929999719574, 0.0 ], [ 106.844220000252989, -6.521000000249657, 0.0 ], [ 106.844229999814786, -6.521120000387572, 0.0 ], [ 106.84424000027596, -6.521230000064318, 0.0 ], [ 106.844249999837842, -6.521339999741063, 0.0 ], [ 106.844260000298931, -6.521430000294117, 0.0 ], [ 106.844260000298931, -6.52151000038609, 0.0 ], [ 106.844260000298931, -6.521620000062835, 0.0 ], [ 106.84424000027596, -6.521720000177691, 0.0 ], [ 106.844189999768844, -6.521840000315606, 0.0 ], [ 106.844149999722902, -6.52192999996938, 0.0 ], [ 106.844109999676874, -6.521999999600183, 0.0 ], [ 106.844060000069121, -6.522099999715039, 0.0 ], [ 106.84402999958499, -6.522159999783952, 0.0 ], [ 106.844009999562019, -6.522230000314124, 0.0 ], [ 106.843979999977151, -6.522310000406009, 0.0 ], [ 106.843990000438325, -6.522409999621672, 0.0 ], [ 106.844069999630932, -6.522480000151756, 0.0 ], [ 106.844140000161104, -6.522500000174727, 0.0 ], [ 106.844209999791815, -6.522500000174727, 0.0 ], [ 106.844269999860813, -6.522500000174727, 0.0 ], [ 106.844360000413872, -6.522480000151756, 0.0 ], [ 106.844459999629436, -6.522429999644643, 0.0 ], [ 106.844559999744391, -6.522400000059783, 0.0 ], [ 106.84463999983636, -6.52236999957573, 0.0 ], [ 106.844710000366348, -6.522339999990869, 0.0 ], [ 106.844789999558955, -6.522310000406009, 0.0 ], [ 106.844880000112099, -6.522279999921956, 0.0 ], [ 106.844960000203983, -6.522250000337095, 0.0 ], [ 106.845029999834793, -6.522219999852954, 0.0 ], [ 106.845109999926677, -6.522190000268182, 0.0 ], [ 106.845169999995676, -6.522159999783952, 0.0 ], [ 106.845259999649443, -6.52213000019918, 0.0 ], [ 106.845370000225472, -6.522079999692068, 0.0 ], [ 106.845450000317442, -6.522050000107207, 0.0 ], [ 106.845519999948252, -6.522030000084236, 0.0 ], [ 106.845580000017165, -6.521999999600183, 0.0 ], [ 106.845669999670946, -6.521959999554152, 0.0 ], [ 106.845740000201019, -6.521949999992351, 0.0 ], [ 106.845809999831829, -6.521940000430462, 0.0 ], [ 106.845869999900742, -6.521940000430462, 0.0 ], [ 106.845929999969741, -6.521940000430462, 0.0 ], [ 106.846019999623508, -6.521940000430462, 0.0 ], [ 106.846110000176566, -6.521959999554152, 0.0 ], [ 106.846210000291507, -6.521990000038294, 0.0 ], [ 106.846218889190553, -6.521995080308542, 0.0 ], [ 106.846279999922231, -6.522030000084236, 0.0 ], [ 106.846330000429333, -6.522059999669096, 0.0 ], [ 106.846357681561926, -6.522106136688723, 0.0 ], [ 106.846360000014201, -6.522110000176209, 0.0 ], [ 106.846400000060143, -6.522179999807012, 0.0 ], [ 106.846420000083114, -6.522270000360066, 0.0 ], [ 106.846420000083114, -6.52234999955267, 0.0 ], [ 106.846389999598969, -6.522409999621672, 0.0 ], [ 106.846319999968259, -6.522480000151756, 0.0 ], [ 106.846210000291507, -6.522540000220669, 0.0 ], [ 106.846130000199537, -6.5225800002667, 0.0 ], [ 106.846030000084596, -6.522620000312642, 0.0 ], [ 106.845949999992712, -6.522649999897414, 0.0 ], [ 106.845880000361916, -6.522669999920385, 0.0 ], [ 106.84586492142914, -6.522674307673029, 0.0 ], [ 106.845809999831829, -6.522689999943356, 0.0 ], [ 106.845740000201019, -6.522709999966327, 0.0 ], [ 106.845669999670946, -6.522739999551188, 0.0 ], [ 106.845580000017165, -6.522770000035329, 0.0 ], [ 106.845450000317442, -6.522799999620101, 0.0 ], [ 106.845379999787369, -6.522830000104243, 0.0 ], [ 106.845299999695385, -6.522850000127214, 0.0 ], [ 106.845230000064674, -6.522870000150274, 0.0 ], [ 106.845120000387936, -6.522919999758017, 0.0 ], [ 106.845049999857764, -6.522939999780988, 0.0 ], [ 106.844989999788851, -6.522970000265129, 0.0 ], [ 106.844940000181012, -6.52299999984999, 0.0 ], [ 106.844880000112099, -6.523050000357014, 0.0 ], [ 106.844829999604997, -6.523079999941874, 0.0 ], [ 106.844770000435361, -6.523119999987816, 0.0 ], [ 106.844730000389418, -6.523169999595648, 0.0 ], [ 106.844690000343377, -6.523220000102761, 0.0 ], [ 106.844659999859331, -6.523280000171763, 0.0 ], [ 106.844610000251492, -6.523360000263647, 0.0 ], [ 106.844599999790333, -6.523440000355532, 0.0 ], [ 106.844590000228521, -6.523520000447505, 0.0 ], [ 106.844579999767362, -6.523599999640108, 0.0 ], [ 106.844579999767362, -6.523690000193163, 0.0 ], [ 106.844579999767362, -6.523790000308107, 0.0 ], [ 106.844579999767362, -6.523899999984852, 0.0 ], [ 106.844579999767362, -6.523989999638626, 0.0 ], [ 106.844579999767362, -6.524080000191681, 0.0 ], [ 106.844579999767362, -6.524180000306625, 0.0 ], [ 106.844579999767362, -6.524269999960399, 0.0 ], [ 106.844579999767362, -6.524339999591113, 0.0 ], [ 106.844579999767362, -6.524419999683087, 0.0 ], [ 106.844579999767362, -6.524479999752, 0.0 ], [ 106.844579999767362, -6.524590000328114, 0.0 ], [ 106.84457000020555, -6.524679999981888, 0.0 ], [ 106.844559999744391, -6.524769999635662, 0.0 ], [ 106.84453999972142, -6.524840000165746, 0.0 ], [ 106.844519999698349, -6.52490999979646, 0.0 ], [ 106.844479999652407, -6.525000000349603, 0.0 ], [ 106.844439999606465, -6.525069999980317, 0.0 ], [ 106.844380000436843, -6.525150000072291, 0.0 ], [ 106.844309999906756, -6.525190000118233, 0.0 ], [ 106.844249999837842, -6.525219999703005, 0.0 ], [ 106.844149999722902, -6.525250000187235, 0.0 ], [ 106.844060000069121, -6.525270000210206, 0.0 ], [ 106.843979999977151, -6.525279999772007, 0.0 ], [ 106.843879999862295, -6.525299999794978, 0.0 ], [ 106.843770000185543, -6.525319999817949, 0.0 ], [ 106.843679999632499, -6.525319999817949, 0.0 ], [ 106.843619999563487, -6.525330000279119, 0.0 ], [ 106.843549999932776, -6.525339999841009, 0.0 ], [ 106.843460000279009, -6.52535999986398, 0.0 ], [ 106.84338000018704, -6.525379999886951, 0.0 ], [ 106.843300000095056, -6.525399999909922, 0.0 ], [ 106.843220000003171, -6.525430000394064, 0.0 ], [ 106.843159999934258, -6.525459999978835, 0.0 ], [ 106.843110000326433, -6.525509999586667, 0.0 ], [ 106.843070000280491, -6.52556999965558, 0.0 ], [ 106.843039999796346, -6.525649999747554, 0.0 ], [ 106.843039999796346, -6.525760000323579, 0.0 ], [ 106.843039999796346, -6.525849999977353, 0.0 ], [ 106.843039999796346, -6.525919999608067, 0.0 ], [ 106.843070000280491, -6.52599000013824, 0.0 ], [ 106.843119999888231, -6.526030000184182, 0.0 ], [ 106.843190000418403, -6.526090000253095, 0.0 ], [ 106.843260000049114, -6.526139999860927, 0.0 ], [ 106.843340000140998, -6.526179999906869, 0.0 ], [ 106.843389999748837, -6.526210000391011, 0.0 ], [ 106.843440000256038, -6.526239999975871, 0.0 ], [ 106.843540000370893, -6.526289999583614, 0.0 ], [ 106.843619999563487, -6.526320000067845, 0.0 ], [ 106.843679999632499, -6.526349999652616, 0.0 ], [ 106.843750000162572, -6.526369999675588, 0.0 ], [ 106.843819999793297, -6.526400000159729, 0.0 ], [ 106.843919999908238, -6.5264200001827, 0.0 ], [ 106.843990000438325, -6.52642999974459, 0.0 ], [ 106.844080000092092, -6.526440000205671, 0.0 ], [ 106.844180000207047, -6.526449999767561, 0.0 ], [ 106.844260000298931, -6.526449999767561, 0.0 ], [ 106.844349999952698, -6.526460000228642, 0.0 ], [ 106.844430000044667, -6.526469999790532, 0.0 ], [ 106.844519999698349, -6.526469999790532, 0.0 ], [ 106.844610000251492, -6.526480000251613, 0.0 ], [ 106.844699999905274, -6.526480000251613, 0.0 ], [ 106.844789999558955, -6.526489999813503, 0.0 ], [ 106.844869999650939, -6.526489999813503, 0.0 ], [ 106.844940000181012, -6.526500000274584, 0.0 ], [ 106.845029999834793, -6.526500000274584, 0.0 ], [ 106.845140000410908, -6.526509999836474, 0.0 ], [ 106.845250000087646, -6.526520000297644, 0.0 ], [ 106.84533000017953, -6.526549999882416, 0.0 ], [ 106.845419999833311, -6.526569999905387, 0.0 ], [ 106.845459999879253, -6.526629999974389, 0.0 ], [ 106.845490000363384, -6.526699999605103, 0.0 ], [ 106.845490000363384, -6.526759999674105, 0.0 ], [ 106.845470000340413, -6.52685000022716, 0.0 ], [ 106.845430000294471, -6.526939999880934, 0.0 ], [ 106.845370000225472, -6.527049999557679, 0.0 ], [ 106.845319999718456, -6.527149999672623, 0.0 ], [ 106.845279999672414, -6.527209999741537, 0.0 ], [ 106.845239999626472, -6.527289999833421, 0.0 ], [ 106.845210000041618, -6.527360000363593, 0.0 ], [ 106.845210000041618, -6.527439999556197, 0.0 ], [ 106.845239999626472, -6.527530000109252, 0.0 ], [ 106.845259999649443, -6.527619999763026, 0.0 ], [ 106.845290000133588, -6.527739999900941, 0.0 ], [ 106.845299999695385, -6.527829999554715, 0.0 ], [ 106.845319999718456, -6.527900000084799, 0.0 ], [ 106.84533000017953, -6.527980000176683, 0.0 ], [ 106.845339999741427, -6.528089999853517, 0.0 ], [ 106.845339999741427, -6.528169999945401, 0.0 ], [ 106.845350000202501, -6.528259999599086, 0.0 ], [ 106.845350000202501, -6.52833999969106, 0.0 ], [ 106.845350000202501, -6.528439999806004, 0.0 ], [ 106.845350000202501, -6.528510000336087, 0.0 ], [ 106.845339999741427, -6.528599999989861, 0.0 ], [ 106.845339999741427, -6.528669999620575, 0.0 ], [ 106.845339999741427, -6.528749999712549, 0.0 ], [ 106.845339999741427, -6.528820000242632, 0.0 ], [ 106.845339999741427, -6.528889999873435, 0.0 ], [ 106.845339999741427, -6.528980000426579, 0.0 ], [ 106.845350000202501, -6.529090000103324, 0.0 ], [ 106.845370000225472, -6.529179999757009, 0.0 ], [ 106.845379999787369, -6.529259999848893, 0.0 ], [ 106.84539999981034, -6.529359999963837, 0.0 ], [ 106.845410000271414, -6.529469999640583, 0.0 ], [ 106.845430000294471, -6.529540000170666, 0.0 ], [ 106.845439999856282, -6.52962999982444, 0.0 ], [ 106.845450000317442, -6.529720000377583, 0.0 ], [ 106.845459999879253, -6.529819999593158, 0.0 ], [ 106.845470000340413, -6.529910000146213, 0.0 ], [ 106.845470000340413, -6.529979999777016, 0.0 ], [ 106.845470000340413, -6.53007000033007, 0.0 ], [ 106.845459999879253, -6.530150000421955, 0.0 ], [ 106.845450000317442, -6.530260000098789, 0.0 ], [ 106.845439999856282, -6.530340000190673, 0.0 ], [ 106.845430000294471, -6.530409999821476, 0.0 ], [ 106.845410000271414, -6.53048000035156, 0.0 ], [ 106.84539999981034, -6.530560000443533, 0.0 ], [ 106.845379999787369, -6.530639999636136, 0.0 ], [ 106.845370000225472, -6.530730000189191, 0.0 ], [ 106.845339999741427, -6.530819999842965, 0.0 ], [ 106.845319999718456, -6.530899999934849, 0.0 ], [ 106.845299999695385, -6.530989999588623, 0.0 ], [ 106.845279999672414, -6.531080000141767, 0.0 ], [ 106.845259999649443, -6.531160000233651, 0.0 ], [ 106.845250000087646, -6.531229999864454, 0.0 ], [ 106.845210000041618, -6.53132999997931, 0.0 ], [ 106.845199999580444, -6.531419999633084, 0.0 ], [ 106.845169999995676, -6.531499999725057, 0.0 ], [ 106.845160000433879, -6.53155999979397, 0.0 ], [ 106.845120000387936, -6.531659999908914, 0.0 ], [ 106.845060000318938, -6.531769999585659, 0.0 ], [ 106.845009999811822, -6.531869999700604, 0.0 ], [ 106.84496999976588, -6.531940000230687, 0.0 ], [ 106.844929999719938, -6.53198999983843, 0.0 ], [ 106.84488999967391, -6.532040000345631, 0.0 ], [ 106.844840000066156, -6.532100000414545, 0.0 ], [ 106.844789999558955, -6.532159999584177, 0.0 ], [ 106.844730000389418, -6.532230000114261, 0.0 ], [ 106.844679999882302, -6.532290000183174, 0.0 ], [ 106.844610000251492, -6.532390000298118, 0.0 ], [ 106.84457000020555, -6.532470000390092, 0.0 ], [ 106.844530000159608, -6.532540000020806, 0.0 ], [ 106.844510000136552, -6.532609999651608, 0.0 ], [ 106.844479999652407, -6.532680000181692, 0.0 ], [ 106.84447000009061, -6.532780000296636, 0.0 ], [ 106.844479999652407, -6.532900000434463, 0.0 ], [ 106.844499999675378, -6.532979999627155, 0.0 ], [ 106.844530000159608, -6.533050000157239, 0.0 ], [ 106.844579999767362, -6.533110000226152, 0.0 ], [ 106.844650000297435, -6.533150000272183, 0.0 ], [ 106.844710000366348, -6.533159999833984, 0.0 ], [ 106.844789999558955, -6.533159999833984, 0.0 ], [ 106.844869999650939, -6.533159999833984, 0.0 ], [ 106.844940000181012, -6.533150000272183, 0.0 ], [ 106.845040000295967, -6.533139999811013, 0.0 ], [ 106.845140000410908, -6.533130000249212, 0.0 ], [ 106.845230000064674, -6.533139999811013, 0.0 ], [ 106.845310000156559, -6.533150000272183, 0.0 ], [ 106.845390000248443, -6.533199999879926, 0.0 ], [ 106.845450000317442, -6.533259999948839, 0.0 ], [ 106.845479999902224, -6.533309999556671, 0.0 ], [ 106.845499999925195, -6.533369999625585, 0.0 ], [ 106.845539999971223, -6.533440000155757, 0.0 ], [ 106.845580000017165, -6.533520000247641, 0.0 ], [ 106.845609999601933, -6.533609999901415, 0.0 ], [ 106.845640000086078, -6.533710000016271, 0.0 ], [ 106.84568000013202, -6.533839999716076, 0.0 ], [ 106.845720000178048, -6.53393000026913, 0.0 ], [ 106.84574999976283, -6.533999999899933, 0.0 ] ] ] ] } },
{ "type": "Feature", "properties": { "PROVNO": "32", "KABKOTNO": "01", "KECNO": "130", "DESANO": "010", "PROVINSI": "JAWA BARAT", "KABKOT": "BOGOR", "KECAMATAN": "SUKARAJA", "ID2013": "3201130010", "DESA": "CIMANDALA", "DESA_1": "CIMANDALA", "ID2012": "3201130010", "IDKAB2": "3201", "IDKEC_2": "3201130", "WILAYAH": "TENGAH" }, "geometry": { "type": "MultiPolygon", "coordinates": [ [ [ [ 106.834860000288998, -6.519959999953908, 0.0 ], [ 106.834571095779609, -6.520374837428591, 0.0 ], [ 106.83447000029048, -6.520519999698084, 0.0 ], [ 106.834244749795516, -6.521068435959378, 0.0 ], [ 106.834183577909997, -6.521223226370623, 0.0 ], [ 106.834109999876731, -6.521410000271146, 0.0 ], [ 106.833909999646934, -6.521949999992351, 0.0 ], [ 106.833869999600992, -6.522070000130178, 0.0 ], [ 106.833770000385329, -6.522380000036812, 0.0 ], [ 106.833690000293444, -6.522620000312642, 0.0 ], [ 106.833648482191862, -6.522766215688094, 0.0 ], [ 106.833459999579503, -6.523429999894361, 0.0 ], [ 106.83332999987978, -6.5240699997306, 0.0 ], [ 106.833300000295012, -6.524140000260594, 0.0 ], [ 106.833271783166467, -6.524209457600207, 0.0 ], [ 106.833039999996203, -6.524780000096744, 0.0 ], [ 106.832901356012982, -6.525022627292234, 0.0 ], [ 106.832799999720379, -6.525199999680034, 0.0 ], [ 106.832739999651466, -6.525299999794978, 0.0 ], [ 106.832409999721861, -6.525729999839527, 0.0 ], [ 106.832208684683266, -6.525915828552478, 0.0 ], [ 106.832150000322429, -6.525970000115269, 0.0 ], [ 106.832070000230459, -6.526039999746072, 0.0 ], [ 106.831873868884088, -6.526225234906526, 0.0 ], [ 106.831709999816795, -6.526380000136758, 0.0 ], [ 106.831569999655912, -6.526560000343586, 0.0 ], [ 106.831350000302422, -6.526819999743019, 0.0 ], [ 106.831317656184993, -6.526862294858873, 0.0 ], [ 106.831219999703421, -6.526990000388047, 0.0 ], [ 106.831119999588481, -6.527200000179647, 0.0 ], [ 106.830989999888772, -6.527400000409536, 0.0 ], [ 106.830809999681847, -6.527679999831939, 0.0 ], [ 106.830760000074108, -6.527750000362023, 0.0 ], [ 106.830708581336125, -6.527850860228881, 0.0 ], [ 106.830499999775299, -6.528259999599086, 0.0 ], [ 106.830439999706385, -6.528390000198172, 0.0 ], [ 106.830108829758842, -6.529137496897821, 0.0 ], [ 106.83008999975381, -6.529179999757009, 0.0 ], [ 106.829960000054186, -6.529480000101753, 0.0 ], [ 106.829850000377434, -6.529700000354612, 0.0 ], [ 106.829790000308435, -6.529819999593158, 0.0 ], [ 106.829590000078639, -6.530249999637618, 0.0 ], [ 106.829389999848757, -6.530770000235222, 0.0 ], [ 106.829280000172005, -6.531040000095736, 0.0 ], [ 106.829239393083739, -6.531129335150556, 0.0 ], [ 106.829079999942209, -6.531479999702086, 0.0 ], [ 106.82903000033437, -6.531590000278111, 0.0 ], [ 106.828613746427479, -6.532590611167635, 0.0 ], [ 106.828509999736866, -6.53284000036555, 0.0 ], [ 106.828456265244625, -6.532992249292704, 0.0 ], [ 106.828330000429304, -6.533349999602613, 0.0 ], [ 106.828290000383362, -6.533449999717558, 0.0 ], [ 106.828110000176537, -6.533830000154275, 0.0 ], [ 106.828059999669421, -6.533970000315072, 0.0 ], [ 106.827999999600507, -6.53414000006082, 0.0 ], [ 106.8278099998318, -6.534659999759054, 0.0 ], [ 106.827510000386425, -6.535450000217171, 0.0 ], [ 106.827390000248499, -6.535749999662546, 0.0 ], [ 106.827319999718426, -6.535920000307573, 0.0 ], [ 106.827230000064645, -6.536179999707095, 0.0 ], [ 106.827198495014699, -6.536236710055956, 0.0 ], [ 106.827129999949705, -6.536359999913923, 0.0 ], [ 106.826940000180983, -6.536839999566126, 0.0 ], [ 106.826809999581997, -6.537229999564644, 0.0 ], [ 106.826789999559026, -6.537300000094817, 0.0 ], [ 106.826779999997214, -6.537400000209672, 0.0 ], [ 106.82675000041236, -6.537759999724049, 0.0 ], [ 106.826743185349883, -6.537858822626355, 0.0 ], [ 106.826730000389389, -6.538049999607622, 0.0 ], [ 106.826710000366418, -6.538169999745538, 0.0 ], [ 106.826670000320377, -6.538499999675054, 0.0 ], [ 106.826666064887164, -6.538545251761754, 0.0 ], [ 106.826630000274434, -6.538960000203744, 0.0 ], [ 106.826597616586895, -6.539206611395834, 0.0 ], [ 106.826499999675448, -6.53994999999238, 0.0 ], [ 106.826479999652477, -6.540290000383067, 0.0 ], [ 106.826450000067609, -6.540560000243669, 0.0 ], [ 106.826410000021667, -6.540839999666073, 0.0 ], [ 106.826359015656237, -6.541235124900915, 0.0 ], [ 106.826249999837813, -6.54208000019171, 0.0 ], [ 106.826198630562573, -6.542542321870517, 0.0 ], [ 106.8261899997689, -6.542619999912915, 0.0 ], [ 106.826185511252504, -6.542691830563321, 0.0 ], [ 106.826180000207017, -6.542780000096773, 0.0 ], [ 106.826160000184046, -6.543099999565207, 0.0 ], [ 106.826149999722873, -6.54356000009372, 0.0 ], [ 106.826049999607932, -6.544059999768983, 0.0 ], [ 106.826023415648265, -6.54412349100614, 0.0 ], [ 106.825996579878478, -6.544187583889673, 0.0 ], [ 106.82595876338641, -6.54427634157976, 0.0 ], [ 106.825682890053528, -6.543961551883939, 0.0 ], [ 106.825614843750174, -6.54418810369787, 0.0 ], [ 106.825458319446085, -6.544507491627218, 0.0 ], [ 106.825193123763867, -6.544853305235634, 0.0 ], [ 106.825191290945526, -6.544855697432386, 0.0 ], [ 106.825187628006773, -6.544860473731742, 0.0 ], [ 106.825023377626991, -6.545154400954658, 0.0 ], [ 106.824752992856503, -6.545456438263866, 0.0 ], [ 106.824706633704338, -6.545471370607139, 0.0 ], [ 106.824455436869101, -6.545552286208913, 0.0 ], [ 106.82419138962112, -6.545469333642675, 0.0 ], [ 106.824177050830428, -6.545425675154561, 0.0 ], [ 106.824181516863661, -6.545246594054923, 0.0 ], [ 106.824175397876473, -6.544970344805403, 0.0 ], [ 106.824150265422588, -6.544641508598605, 0.0 ], [ 106.824127366884582, -6.54440500668553, 0.0 ], [ 106.824134610024458, -6.544311550937145, 0.0 ], [ 106.824133734984059, -6.54425370744244, 0.0 ], [ 106.824131635966381, -6.544114950144699, 0.0 ], [ 106.824120460990684, -6.543724637182127, 0.0 ], [ 106.824119611131295, -6.543490427640943, 0.0 ], [ 106.824020757652036, -6.543139468111772, 0.0 ], [ 106.823883299874609, -6.542905754996422, 0.0 ], [ 106.823696803864593, -6.542603909242874, 0.0 ], [ 106.823540256178049, -6.542487369696151, 0.0 ], [ 106.823145048205561, -6.542483925292721, 0.0 ], [ 106.823038207847134, -6.542620936107149, 0.0 ], [ 106.8229316858488, -6.542845775611941, 0.0 ], [ 106.822903368895581, -6.543109366903579, 0.0 ], [ 106.823011765980397, -6.543401739198753, 0.0 ], [ 106.822983270961345, -6.54361653597423, 0.0 ], [ 106.82287597104937, -6.543626683924177, 0.0 ], [ 106.822709770040049, -6.543539457779648, 0.0 ], [ 106.822582530359654, -6.543432571555776, 0.0 ], [ 106.822577292708019, -6.54337236374344, 0.0 ], [ 106.822562165211963, -6.54319843396042, 0.0 ], [ 106.822512879665823, -6.543061988819545, 0.0 ], [ 106.822502309034519, -6.542837573794849, 0.0 ], [ 106.822453165581308, -6.542740162828089, 0.0 ], [ 106.822219086441862, -6.542770289217295, 0.0 ], [ 106.82193604011637, -6.542751797357429, 0.0 ], [ 106.821662821582166, -6.542752786611619, 0.0 ], [ 106.821448149812483, -6.542753565424544, 0.0 ], [ 106.821174932177556, -6.542754554678822, 0.0 ], [ 106.820809104156979, -6.542780277987283, 0.0 ], [ 106.820555365837635, -6.542771437651531, 0.0 ], [ 106.82039844763041, -6.542716936936923, 0.0 ], [ 106.820193868052769, -6.542645882401423, 0.0 ], [ 106.819637391852368, -6.542569826735924, 0.0 ], [ 106.819276636008141, -6.54264920269835, 0.0 ], [ 106.818857474592974, -6.542767826873543, 0.0 ], [ 106.818457439959019, -6.542779033325576, 0.0 ], [ 106.818356796828922, -6.542711263114178, 0.0 ], [ 106.818183551429911, -6.542594604856991, 0.0 ], [ 106.818024903826426, -6.542412866260641, 0.0 ], [ 106.817928789682043, -6.542302761363175, 0.0 ], [ 106.817751774325089, -6.541922805892622, 0.0 ], [ 106.817730952321767, -6.541561802734854, 0.0 ], [ 106.817772939869428, -6.541367586045101, 0.0 ], [ 106.817836523736759, -6.541073477159145, 0.0 ], [ 106.818020686905385, -6.540731251845635, 0.0 ], [ 106.818039284885259, -6.540477453271745, 0.0 ], [ 106.818060643783809, -6.540138583328794, 0.0 ], [ 106.818076199357264, -6.539891787775645, 0.0 ], [ 106.818094656143586, -6.539598955027639, 0.0 ], [ 106.818142069301246, -6.539218188368547, 0.0 ], [ 106.81819983995085, -6.539003284573788, 0.0 ], [ 106.81825672836554, -6.538544411794991, 0.0 ], [ 106.818372338912454, -6.53813412219181, 0.0 ], [ 106.818313899167237, -6.538163610062355, 0.0 ], [ 106.818129172123705, -6.538349695981562, 0.0 ], [ 106.818094165113791, -6.538356830303318, 0.0 ], [ 106.817982911782082, -6.538379501312743, 0.0 ], [ 106.817788180680182, -6.538497311601468, 0.0 ], [ 106.817651820075596, -6.538566116932589, 0.0 ], [ 106.817593225647087, -6.538580991719236, 0.0 ], [ 106.817689999893744, -6.538380000436508, 0.0 ], [ 106.817879999662381, -6.53799000043799, 0.0 ], [ 106.817850000077598, -6.537799999769991, 0.0 ], [ 106.817769999985629, -6.537630000024333, 0.0 ], [ 106.817749999962658, -6.537389999748502, 0.0 ], [ 106.817760000423831, -6.537329999679589, 0.0 ], [ 106.817930000169582, -6.537050000257096, 0.0 ], [ 106.817970000215524, -6.536999999750073, 0.0 ], [ 106.8177900000086, -6.536979999727102, 0.0 ], [ 106.817760000423831, -6.536910000096299, 0.0 ], [ 106.817729999939687, -6.536740000350552, 0.0 ], [ 106.817736893243222, -6.536684859318633, 0.0 ], [ 106.817749999962658, -6.536580000166694, 0.0 ], [ 106.817819999593468, -6.536529999659582, 0.0 ], [ 106.817979999777322, -6.53646999959058, 0.0 ], [ 106.818200000030174, -6.536449999567608, 0.0 ], [ 106.81836999977584, -6.536430000444007, 0.0 ], [ 106.818500000374925, -6.536359999913923, 0.0 ], [ 106.818599999590504, -6.536250000237178, 0.0 ], [ 106.818659999659417, -6.536090000053321, 0.0 ], [ 106.818639999636446, -6.535929999869463, 0.0 ], [ 106.818579999567433, -6.535769999685517, 0.0 ], [ 106.818460000328884, -6.535559999893916, 0.0 ], [ 106.818309999706926, -6.535379999687088, 0.0 ], [ 106.818150000422349, -6.535279999572143, 0.0 ], [ 106.818085721379106, -6.535222487027994, 0.0 ], [ 106.817959999754351, -6.535109999826485, 0.0 ], [ 106.817830000054627, -6.534949999642627, 0.0 ], [ 106.817699647820646, -6.534760990027468, 0.0 ], [ 106.817629999824831, -6.534659999759054, 0.0 ], [ 106.817560000194021, -6.534510000036367, 0.0 ], [ 106.817509999686919, -6.534289999783507, 0.0 ], [ 106.81752999970989, -6.53414999962262, 0.0 ], [ 106.817589999778804, -6.534039999945875, 0.0 ], [ 106.817830000054627, -6.533779999647074, 0.0 ], [ 106.818320000168086, -6.533210000341096, 0.0 ], [ 106.818509615026841, -6.532897135194418, 0.0 ], [ 106.818520000397896, -6.532880000411492, 0.0 ], [ 106.818630000074634, -6.532569999605666, 0.0 ], [ 106.818950000442356, -6.531920000207627, 0.0 ], [ 106.818930000419385, -6.53178999960863, 0.0 ], [ 106.81889999993524, -6.531679999931885, 0.0 ], [ 106.818870000350387, -6.531539999770999, 0.0 ], [ 106.818779999797329, -6.53114000021068, 0.0 ], [ 106.818737675003874, -6.530829618092273, 0.0 ], [ 106.818690000143548, -6.53048000035156, 0.0 ], [ 106.81873000018949, -6.530249999637618, 0.0 ], [ 106.818890000373443, -6.529620000262639, 0.0 ], [ 106.81897056973618, -6.529231797109549, 0.0 ], [ 106.819000000050181, -6.529090000103324, 0.0 ], [ 106.819020000073152, -6.528949999942348, 0.0 ], [ 106.819109999726933, -6.528319999668089, 0.0 ], [ 106.819200000279977, -6.528219999553144, 0.0 ], [ 106.819550000232468, -6.527900000084799, 0.0 ], [ 106.819619999863278, -6.52771000031608, 0.0 ], [ 106.819579999817336, -6.527590000178165, 0.0 ], [ 106.819499999725366, -6.527470000040339, 0.0 ], [ 106.81944049158561, -6.527403351283425, 0.0 ], [ 106.819407767954345, -6.527366700312811, 0.0 ], [ 106.819249999887731, -6.527189999718566, 0.0 ], [ 106.819220000302948, -6.526990000388047, 0.0 ], [ 106.819220000302948, -6.526819999743019, 0.0 ], [ 106.819220000302948, -6.526721994324394, 0.0 ], [ 106.819220000302948, -6.526600000389529, 0.0 ], [ 106.819220000302948, -6.526460000228642, 0.0 ], [ 106.819289999933758, -6.526360000113787, 0.0 ], [ 106.819459999679424, -6.526230000414071, 0.0 ], [ 106.819630000324452, -6.526079999792014, 0.0 ], [ 106.819710000416336, -6.525939999631127, 0.0 ], [ 106.819720969447346, -6.525874188143135, 0.0 ], [ 106.81974000000119, -6.525760000323579, 0.0 ], [ 106.819710000416336, -6.525480000001807, 0.0 ], [ 106.819650000347423, -6.525099999565178, 0.0 ], [ 106.819639999886249, -6.525029999934375, 0.0 ], [ 106.819679999932276, -6.52492000025763, 0.0 ], [ 106.819794685076857, -6.524568299687097, 0.0 ], [ 106.819829999654957, -6.524459999729029, 0.0 ], [ 106.819860000139016, -6.524200000329596, 0.0 ], [ 106.819840000116045, -6.524029999684569, 0.0 ], [ 106.819800000070103, -6.523940000030795, 0.0 ], [ 106.820060000368898, -6.523570000055336, 0.0 ], [ 106.820259999699331, -6.52342000033256, 0.0 ], [ 106.820410000321388, -6.523289999733564, 0.0 ], [ 106.820589999628936, -6.523030000334042, 0.0 ], [ 106.820640000136052, -6.522850000127214, 0.0 ], [ 106.820740000250993, -6.522310000406009, 0.0 ], [ 106.820924068091429, -6.521223122948552, 0.0 ], [ 106.8209500000426, -6.521069999880371, 0.0 ], [ 106.8209500000426, -6.520789999558687, 0.0 ], [ 106.820889999973687, -6.520550000182226, 0.0 ], [ 106.820700000205051, -6.519930000369047, 0.0 ], [ 106.820640000136052, -6.519630000024303, 0.0 ], [ 106.820560000044168, -6.519560000393501, 0.0 ], [ 106.82051843068119, -6.519541813403809, 0.0 ], [ 106.820399999860314, -6.519489999863417, 0.0 ], [ 106.820089999953765, -6.519360000163701, 0.0 ], [ 106.820000000299984, -6.519249999587675, 0.0 ], [ 106.819929999769812, -6.519099999864899, 0.0 ], [ 106.819800000070103, -6.518859999589157, 0.0 ], [ 106.819650000347423, -6.518740000350611, 0.0 ], [ 106.819479999702395, -6.518660000258638, 0.0 ], [ 106.819210719299434, -6.518599195296506, 0.0 ], [ 106.819169999795847, -6.518589999728555, 0.0 ], [ 106.818719999728415, -6.518480000051809, 0.0 ], [ 106.818480000351855, -6.518390000398036, 0.0 ], [ 106.818289999683856, -6.518219999753008, 0.0 ], [ 106.818189999569, -6.51807000003032, 0.0 ], [ 106.818139999961176, -6.517869999800521, 0.0 ], [ 106.818059999869291, -6.517539999871005, 0.0 ], [ 106.818059999869291, -6.517379999687059, 0.0 ], [ 106.818110000376407, -6.517270000010313, 0.0 ], [ 106.818189999569, -6.517200000379511, 0.0 ], [ 106.818449999867809, -6.517009999711512, 0.0 ], [ 106.818460000328884, -6.516900000034767, 0.0 ], [ 106.818409999821867, -6.516599999690111, 0.0 ], [ 106.818389999798896, -6.516429999944364, 0.0 ], [ 106.818440000305912, -6.516260000198706, 0.0 ], [ 106.818529999959694, -6.51612999959962, 0.0 ], [ 106.818839999866242, -6.515779999647133, 0.0 ], [ 106.819200000279977, -6.515409999671586, 0.0 ], [ 106.819180000257006, -6.515299999994841, 0.0 ], [ 106.81916000023395, -6.515190000318096, 0.0 ], [ 106.819390000048614, -6.515139999810984, 0.0 ], [ 106.819510000186526, -6.515119999788013, 0.0 ], [ 106.819719999978219, -6.515210000341067, 0.0 ], [ 106.81988999972387, -6.515290000433041, 0.0 ], [ 106.820020000322955, -6.515309999556642, 0.0 ], [ 106.820259999699331, -6.515239999925839, 0.0 ], [ 106.82030649105188, -6.51521138979362, 0.0 ], [ 106.82051999999814, -6.515079999742071, 0.0 ], [ 106.820800000319906, -6.514769999835437, 0.0 ], [ 106.820909999996658, -6.514680000181752, 0.0 ], [ 106.821010000111599, -6.514640000135721, 0.0 ], [ 106.82109999976538, -6.514649999697522, 0.0 ], [ 106.821179999857264, -6.514720000227694, 0.0 ], [ 106.821197945828715, -6.514749908980946, 0.0 ], [ 106.821204753696591, -6.514761255727155, 0.0 ], [ 106.821239999926178, -6.514820000342549, 0.0 ], [ 106.821199999880236, -6.515199999879897, 0.0 ], [ 106.821179999857264, -6.515320000017812, 0.0 ], [ 106.821279999972205, -6.515509999786531, 0.0 ], [ 106.821369999625972, -6.515689999993359, 0.0 ], [ 106.821549999832797, -6.516280000221677, 0.0 ], [ 106.821569999855768, -6.516380000336621, 0.0 ], [ 106.821699999555491, -6.516409999921393, 0.0 ], [ 106.821779999647461, -6.516409999921393, 0.0 ], [ 106.821910000246461, -6.516400000359592, 0.0 ], [ 106.821978564559259, -6.51636952683198, 0.0 ], [ 106.821999999900243, -6.51636000031365, 0.0 ], [ 106.82232000026795, -6.516100000014848, 0.0 ], [ 106.822420000382891, -6.516059999968906, 0.0 ], [ 106.822510000036672, -6.516059999968906, 0.0 ], [ 106.822599999690354, -6.51612999959962, 0.0 ], [ 106.82261096242614, -6.516184809681071, 0.0 ], [ 106.822639999736381, -6.51632999982942, 0.0 ], [ 106.822639999736381, -6.516499999575167, 0.0 ], [ 106.822590000128557, -6.516679999781996, 0.0 ], [ 106.822460000428833, -6.516839999965853, 0.0 ], [ 106.822289999783806, -6.517029999734483, 0.0 ], [ 106.8219599998543, -6.5172099999414, 0.0 ], [ 106.821400000110117, -6.517680000031802, 0.0 ], [ 106.821290000433379, -6.517780000146747, 0.0 ], [ 106.821210000341395, -6.51784000021566, 0.0 ], [ 106.821019999673396, -6.51807000003032, 0.0 ], [ 106.820999999650425, -6.518219999753008, 0.0 ], [ 106.82103000013457, -6.518319999867952, 0.0 ], [ 106.82109999976538, -6.518419999982807, 0.0 ], [ 106.821199999880236, -6.518469999590639, 0.0 ], [ 106.821320000018147, -6.518469999590639, 0.0 ], [ 106.82160999990171, -6.518290000283091, 0.0 ], [ 106.821779999647461, -6.518199999730037, 0.0 ], [ 106.821910000246461, -6.518170000145265, 0.0 ], [ 106.822019999923214, -6.518179999707066, 0.0 ], [ 106.822129999599952, -6.518419999982807, 0.0 ], [ 106.822200000130039, -6.518509999636581, 0.0 ], [ 106.822280000222008, -6.518609999751526, 0.0 ], [ 106.82241590037367, -6.518687657109492, 0.0 ], [ 106.822492132306266, -6.518676767218903, 0.0 ], [ 106.822755691222369, -6.518705260439308, 0.0 ], [ 106.822898156424941, -6.51879786183164, 0.0 ], [ 106.822940894906495, -6.518968819355422, 0.0 ], [ 106.822919525216122, -6.519218131211648, 0.0 ], [ 106.822784184442781, -6.519317856133924, 0.0 ], [ 106.822719257887627, -6.519320454275359, 0.0 ], [ 106.822360000313978, -6.519540000370529, 0.0 ], [ 106.822340160370246, -6.519553226699895, 0.0 ], [ 106.822335420943091, -6.519695387032289, 0.0 ], [ 106.822511064833989, -6.520195705067557, 0.0 ], [ 106.822969999665901, -6.520320000367565, 0.0 ], [ 106.823390000148564, -6.52038999999828, 0.0 ], [ 106.823559999894215, -6.520439999606111, 0.0 ], [ 106.823689999593938, -6.520470000090253, 0.0 ], [ 106.824020147911682, -6.520226318889346, 0.0 ], [ 106.824110000076686, -6.520160000183708, 0.0 ], [ 106.824330000329454, -6.519979999976879, 0.0 ], [ 106.824469999590974, -6.519879999861935, 0.0 ], [ 106.824729999889769, -6.519799999769962, 0.0 ], [ 106.82511000032649, -6.519870000300134, 0.0 ], [ 106.825309999656923, -6.519950000392019, 0.0 ], [ 106.825449999817806, -6.520020000022821, 0.0 ], [ 106.825580000416807, -6.520040000045793, 0.0 ], [ 106.825770000185514, -6.520029999584622, 0.0 ], [ 106.825919999908209, -6.519979999976879, 0.0 ], [ 106.825990000438381, -6.519979999976879, 0.0 ], [ 106.826102499331071, -6.519965938177332, 0.0 ], [ 106.826309999906726, -6.519939999930937, 0.0 ], [ 106.826592398720393, -6.519934771272542, 0.0 ], [ 106.826752389011716, -6.519931808006376, 0.0 ], [ 106.826849999627939, -6.519930000369047, 0.0 ], [ 106.826969999765851, -6.519919999907966, 0.0 ], [ 106.827040000295938, -6.519930000369047, 0.0 ], [ 106.827085291952841, -6.519932106581319, 0.0 ], [ 106.827470000340483, -6.519950000392019, 0.0 ], [ 106.827739473198278, -6.519958166236197, 0.0 ], [ 106.827800000270003, -6.519959999953908, 0.0 ], [ 106.827909999946741, -6.519979999976879, 0.0 ], [ 106.827990000038625, -6.519939999930937, 0.0 ], [ 106.828110000176537, -6.519939999930937, 0.0 ], [ 106.828349999552998, -6.519950000392019, 0.0 ], [ 106.82866999992072, -6.519939999930937, 0.0 ], [ 106.829070000380398, -6.519919999907966, 0.0 ], [ 106.829229999664889, -6.519919999907966, 0.0 ], [ 106.829441492331199, -6.519894103030257, 0.0 ], [ 106.829719999778348, -6.519859999838964, 0.0 ], [ 106.829780700419136, -6.519857571669476, 0.0 ], [ 106.829969999615983, -6.519850000277163, 0.0 ], [ 106.830319999568474, -6.519859999838964, 0.0 ], [ 106.830490000213501, -6.519890000323105, 0.0 ], [ 106.830573495070922, -6.519894513121152, 0.0 ], [ 106.830860000189048, -6.519910000346076, 0.0 ], [ 106.831119999588481, -6.519930000369047, 0.0 ], [ 106.831600000140057, -6.519859999838964, 0.0 ], [ 106.83180999993175, -6.519830000254192, 0.0 ], [ 106.832329999629977, -6.519810000231221, 0.0 ], [ 106.832489999813745, -6.519810000231221, 0.0 ], [ 106.832750000112554, -6.519810000231221, 0.0 ], [ 106.832850000227495, -6.519819999793022, 0.0 ], [ 106.833309999856809, -6.519850000277163, 0.0 ], [ 106.83338954669037, -6.519856629179923, 0.0 ], [ 106.833463991670072, -6.519862832703396, 0.0 ], [ 106.833550000132561, -6.519870000300134, 0.0 ], [ 106.83382999955505, -6.519870000300134, 0.0 ], [ 106.834154117019025, -6.519862796730571, 0.0 ], [ 106.834279999622481, -6.519859999838964, 0.0 ], [ 106.834410000221482, -6.519859999838964, 0.0 ], [ 106.834709999666941, -6.519910000346076, 0.0 ], [ 106.834860000288998, -6.519959999953908, 0.0 ] ] ] ] } },
{ "type": "Feature", "properties": { "PROVNO": "32", "KABKOTNO": "01", "KECNO": "130", "DESANO": "011", "PROVINSI": "JAWA BARAT", "KABKOT": "BOGOR", "KECAMATAN": "SUKARAJA", "ID2013": "3201130011", "DESA": "PASIR JAMBU", "DESA_1": "PASIR JAMBU", "ID2012": "3201130011", "IDKAB2": "3201", "IDKEC_2": "3201130", "WILAYAH": "TENGAH" }, "geometry": { "type": "MultiPolygon", "coordinates": [ [ [ [ 106.819020000073152, -6.528949999942348, 0.0 ], [ 106.819000000050181, -6.529090000103324, 0.0 ], [ 106.81897056973618, -6.529231797109549, 0.0 ], [ 106.818890000373443, -6.529620000262639, 0.0 ], [ 106.81873000018949, -6.530249999637618, 0.0 ], [ 106.818690000143548, -6.53048000035156, 0.0 ], [ 106.818737675003874, -6.530829618092273, 0.0 ], [ 106.818779999797329, -6.53114000021068, 0.0 ], [ 106.818870000350387, -6.531539999770999, 0.0 ], [ 106.81889999993524, -6.531679999931885, 0.0 ], [ 106.818930000419385, -6.53178999960863, 0.0 ], [ 106.818950000442356, -6.531920000207627, 0.0 ], [ 106.818630000074634, -6.532569999605666, 0.0 ], [ 106.818520000397896, -6.532880000411492, 0.0 ], [ 106.818509615026841, -6.532897135194418, 0.0 ], [ 106.818320000168086, -6.533210000341096, 0.0 ], [ 106.817830000054627, -6.533779999647074, 0.0 ], [ 106.817589999778804, -6.534039999945875, 0.0 ], [ 106.81752999970989, -6.53414999962262, 0.0 ], [ 106.817509999686919, -6.534289999783507, 0.0 ], [ 106.817560000194021, -6.534510000036367, 0.0 ], [ 106.817629999824831, -6.534659999759054, 0.0 ], [ 106.817699647820646, -6.534760990027468, 0.0 ], [ 106.817830000054627, -6.534949999642627, 0.0 ], [ 106.817959999754351, -6.535109999826485, 0.0 ], [ 106.818085721379106, -6.535222487027994, 0.0 ], [ 106.818150000422349, -6.535279999572143, 0.0 ], [ 106.818309999706926, -6.535379999687088, 0.0 ], [ 106.818460000328884, -6.535559999893916, 0.0 ], [ 106.818579999567433, -6.535769999685517, 0.0 ], [ 106.818639999636446, -6.535929999869463, 0.0 ], [ 106.818659999659417, -6.536090000053321, 0.0 ], [ 106.818599999590504, -6.536250000237178, 0.0 ], [ 106.818500000374925, -6.536359999913923, 0.0 ], [ 106.81836999977584, -6.536430000444007, 0.0 ], [ 106.818200000030174, -6.536449999567608, 0.0 ], [ 106.817979999777322, -6.53646999959058, 0.0 ], [ 106.817819999593468, -6.536529999659582, 0.0 ], [ 106.817749999962658, -6.536580000166694, 0.0 ], [ 106.817736893243222, -6.536684859318633, 0.0 ], [ 106.817729999939687, -6.536740000350552, 0.0 ], [ 106.817760000423831, -6.536910000096299, 0.0 ], [ 106.8177900000086, -6.536979999727102, 0.0 ], [ 106.817970000215524, -6.536999999750073, 0.0 ], [ 106.817930000169582, -6.537050000257096, 0.0 ], [ 106.817760000423831, -6.537329999679589, 0.0 ], [ 106.817749999962658, -6.537389999748502, 0.0 ], [ 106.817769999985629, -6.537630000024333, 0.0 ], [ 106.817850000077598, -6.537799999769991, 0.0 ], [ 106.817879999662381, -6.53799000043799, 0.0 ], [ 106.817689999893744, -6.538380000436508, 0.0 ], [ 106.817593225647087, -6.538580991719236, 0.0 ], [ 106.817339855150323, -6.538645314829274, 0.0 ], [ 106.81719414429449, -6.538670975185159, 0.0 ], [ 106.817120241606091, -6.538683989274521, 0.0 ], [ 106.816887675126324, -6.538692583196006, 0.0 ], [ 106.816724830386761, -6.538685417397918, 0.0 ], [ 106.816550286366805, -6.538658908081931, 0.0 ], [ 106.816178217950551, -6.538683515331769, 0.0 ], [ 106.81598049930075, -6.538680350617501, 0.0 ], [ 106.815904283556009, -6.538677617577839, 0.0 ], [ 106.815685836432422, -6.538669783583497, 0.0 ], [ 106.815589305901923, -6.538664438013289, 0.0 ], [ 106.814759737971741, -6.538618495247164, 0.0 ], [ 106.814371393625109, -6.538596987061176, 0.0 ], [ 106.814087106235121, -6.53861427742676, 0.0 ], [ 106.814019750611209, -6.5386322791562, 0.0 ], [ 106.812518131906444, -6.539033621404347, 0.0 ], [ 106.811369676069887, -6.539340569011856, 0.0 ], [ 106.810940730930128, -6.54049085496883, 0.0 ], [ 106.8107515036791, -6.540998294735303, 0.0 ], [ 106.8106290717744, -6.541448472868563, 0.0 ], [ 106.810564425807769, -6.541797640948257, 0.0 ], [ 106.810669765197687, -6.541983359044625, 0.0 ], [ 106.810529365737807, -6.54228909076874, 0.0 ], [ 106.810473593381829, -6.542410540613766, 0.0 ], [ 106.810439527062641, -6.542639409081321, 0.0 ], [ 106.810436376737584, -6.542841027191528, 0.0 ], [ 106.810537876921657, -6.54301714502509, 0.0 ], [ 106.810407364608352, -6.543254947357759, 0.0 ], [ 106.810037427585371, -6.543740289882329, 0.0 ], [ 106.810002461944237, -6.543786165199208, 0.0 ], [ 106.809842134407205, -6.543981693999825, 0.0 ], [ 106.809568244978749, -6.544414963979275, 0.0 ], [ 106.809479941446341, -6.544605995270327, 0.0 ], [ 106.809482113309031, -6.544716092973104, 0.0 ], [ 106.809485125138579, -6.544868736702671, 0.0 ], [ 106.80949950080155, -6.545330634800752, 0.0 ], [ 106.809491698283452, -6.545517138904735, 0.0 ], [ 106.80948022743074, -6.54563248505097, 0.0 ], [ 106.809321519572592, -6.545557861106257, 0.0 ], [ 106.80897132626589, -6.545543897332831, 0.0 ], [ 106.808972421640163, -6.545848394287859, 0.0 ], [ 106.808897072841859, -6.546061815100526, 0.0 ], [ 106.808576776597121, -6.545895492682732, 0.0 ], [ 106.808378871787696, -6.545896204945691, 0.0 ], [ 106.808119581054015, -6.545760114137824, 0.0 ], [ 106.80786453871761, -6.545824743916597, 0.0 ], [ 106.807321487596738, -6.54536242313716, 0.0 ], [ 106.807269203710973, -6.54536915006604, 0.0 ], [ 106.807220919110307, -6.545396788031113, 0.0 ], [ 106.807085230299364, -6.545483592393744, 0.0 ], [ 106.807018674172625, -6.545521757822694, 0.0 ], [ 106.806962429672538, -6.545518037327405, 0.0 ], [ 106.806717448951318, -6.54531017432495, 0.0 ], [ 106.806655553111483, -6.545274578259033, 0.0 ], [ 106.806604561551453, -6.545277376949201, 0.0 ], [ 106.806428304322907, -6.545396354557944, 0.0 ], [ 106.805952355217173, -6.545619434988783, 0.0 ], [ 106.805477377379219, -6.545447194132539, 0.0 ], [ 106.805440883789913, -6.545433960608662, 0.0 ], [ 106.805392204386919, -6.544712054117809, 0.0 ], [ 106.805386928963799, -6.54463382209304, 0.0 ], [ 106.805503850722303, -6.544003353271979, 0.0 ], [ 106.805519104123505, -6.5435094761812, 0.0 ], [ 106.805481625776594, -6.542556023041826, 0.0 ], [ 106.805491083946578, -6.542007341265634, 0.0 ], [ 106.805495718153011, -6.541738611247752, 0.0 ], [ 106.80552726367246, -6.541040335343009, 0.0 ], [ 106.805558626629491, -6.540290975248144, 0.0 ], [ 106.805611549033898, -6.540088082798636, 0.0 ], [ 106.805665011930941, -6.539883117411751, 0.0 ], [ 106.805482962169194, -6.539944533912969, 0.0 ], [ 106.805174857134105, -6.540090893180075, 0.0 ], [ 106.804894215595738, -6.540260258004373, 0.0 ], [ 106.804818998997817, -6.540305651284619, 0.0 ], [ 106.804748733167685, -6.540348056117775, 0.0 ], [ 106.804672298887709, -6.540381650292773, 0.0 ], [ 106.80458934002624, -6.540418112405835, 0.0 ], [ 106.804548456845936, -6.540436080860292, 0.0 ], [ 106.804512231254606, -6.540452004256494, 0.0 ], [ 106.804429018784361, -6.540489877405733, 0.0 ], [ 106.804345493350056, -6.540527892647976, 0.0 ], [ 106.804268064419858, -6.540563134380974, 0.0 ], [ 106.804184292571193, -6.5406016298612, 0.0 ], [ 106.804100009907685, -6.540640361863073, 0.0 ], [ 106.804008663968872, -6.540682340417483, 0.0 ], [ 106.803918339659859, -6.540728125802211, 0.0 ], [ 106.803826847131461, -6.540774504739435, 0.0 ], [ 106.803734007418655, -6.540821567161483, 0.0 ], [ 106.803634858062466, -6.5408750462462, 0.0 ], [ 106.80352802040197, -6.540932672104951, 0.0 ], [ 106.803421269975786, -6.540995700191257, 0.0 ], [ 106.803306752105044, -6.541063314819908, 0.0 ], [ 106.80318462956717, -6.541136644640257, 0.0 ], [ 106.803054993193541, -6.541214487258653, 0.0 ], [ 106.802924321700274, -6.541296382222086, 0.0 ], [ 106.802780334844769, -6.541386621994807, 0.0 ], [ 106.802634404554254, -6.541478959885918, 0.0 ], [ 106.802475163398256, -6.541579720827286, 0.0 ], [ 106.802313425724236, -6.541681739920193, 0.0 ], [ 106.802139476156071, -6.541791462605797, 0.0 ], [ 106.801971621293532, -6.541899231963857, 0.0 ], [ 106.801796149173143, -6.542005549816068, 0.0 ], [ 106.801635934051262, -6.542107129140575, 0.0 ], [ 106.801483336187133, -6.54220249325034, 0.0 ], [ 106.801346018703981, -6.542288791294517, 0.0 ], [ 106.801231577275644, -6.542364134696967, 0.0 ], [ 106.801110460179729, -6.542411352701585, 0.0 ], [ 106.801035408157801, -6.542451012803809, 0.0 ], [ 106.800983616201123, -6.542478380972341, 0.0 ], [ 106.80092609106643, -6.542526107094062, 0.0 ], [ 106.800881044025118, -6.542563480220256, 0.0 ], [ 106.800847319448394, -6.542597451211254, 0.0 ], [ 106.800823077323372, -6.542621868704082, 0.0 ], [ 106.800790595609698, -6.542654586939491, 0.0 ], [ 106.800794508559846, -6.542700372324219, 0.0 ], [ 106.800794515754532, -6.542700453263119, 0.0 ], [ 106.800579999567503, -6.54251000023617, 0.0 ], [ 106.800520000397867, -6.542439999706087, 0.0 ], [ 106.80044999986778, -6.542350000052313, 0.0 ], [ 106.800420000282912, -6.54228000042151, 0.0 ], [ 106.800389999798867, -6.542200000329625, 0.0 ], [ 106.800360000213999, -6.542100000214681, 0.0 ], [ 106.800360000213999, -6.542040000145768, 0.0 ], [ 106.800349999752925, -6.541980000076766, 0.0 ], [ 106.800349999752925, -6.541890000422992, 0.0 ], [ 106.800340000191028, -6.541819999892908, 0.0 ], [ 106.800340000191028, -6.541739999801024, 0.0 ], [ 106.800329999729868, -6.541659999709051, 0.0 ], [ 106.800329999729868, -6.541579999617078, 0.0 ], [ 106.800329999729868, -6.541500000424474, 0.0 ], [ 106.800329999729868, -6.54142999989439, 0.0 ], [ 106.800329999729868, -6.541349999802506, 0.0 ], [ 106.800329999729868, -6.541269999710533, 0.0 ], [ 106.800329999729868, -6.54120000007973, 0.0 ], [ 106.800340000191028, -6.541130000449016, 0.0 ], [ 106.800340000191028, -6.541059999918932, 0.0 ], [ 106.800340000191028, -6.540979999826959, 0.0 ], [ 106.800349999752925, -6.540879999712015, 0.0 ], [ 106.800349999752925, -6.540819999643102, 0.0 ], [ 106.800360000213999, -6.540720000427527, 0.0 ], [ 106.80038000023697, -6.540649999897443, 0.0 ], [ 106.800400000259941, -6.540589999828441, 0.0 ], [ 106.800440000305983, -6.540509999736557, 0.0 ], [ 106.800500000374896, -6.540409999621613, 0.0 ], [ 106.800560000443895, -6.540319999967927, 0.0 ], [ 106.800619999613446, -6.540250000337124, 0.0 ], [ 106.800650000097576, -6.540190000268122, 0.0 ], [ 106.800699999705415, -6.54013999976101, 0.0 ], [ 106.800739999751357, -6.540070000130207, 0.0 ], [ 106.800790000258473, -6.540030000084265, 0.0 ], [ 106.800839999866298, -6.539970000015352, 0.0 ], [ 106.800890000373414, -6.53992000040752, 0.0 ], [ 106.80096000000421, -6.539860000338606, 0.0 ], [ 106.801009999611949, -6.539809999831405, 0.0 ], [ 106.801069999680962, -6.539749999762492, 0.0 ], [ 106.801129999749875, -6.539700000154749, 0.0 ], [ 106.801200000279948, -6.539649999647636, 0.0 ], [ 106.801269999910758, -6.539589999578634, 0.0 ], [ 106.801340000440845, -6.539539999970891, 0.0 ], [ 106.801419999633453, -6.53949000036306, 0.0 ], [ 106.801490000163525, -6.539430000294058, 0.0 ], [ 106.801570000255509, -6.539379999787034, 0.0 ], [ 106.801659999909276, -6.539330000179202, 0.0 ], [ 106.801740000001161, -6.53927999967209, 0.0 ], [ 106.801829999654927, -6.539219999603088, 0.0 ], [ 106.801920000208071, -6.539169999995345, 0.0 ], [ 106.802009999861767, -6.539109999926342, 0.0 ], [ 106.802100000414811, -6.539049999857429, 0.0 ], [ 106.802190000068592, -6.539000000249686, 0.0 ], [ 106.802279999722373, -6.538940000180773, 0.0 ], [ 106.802359999814342, -6.538889999673572, 0.0 ], [ 106.802439999906227, -6.538829999604658, 0.0 ], [ 106.802510000436399, -6.538789999558716, 0.0 ], [ 106.802569999605936, -6.538739999950884, 0.0 ], [ 106.802629999674934, -6.538699999904942, 0.0 ], [ 106.80268000018205, -6.538659999859, 0.0 ], [ 106.80274999981286, -6.538599999789998, 0.0 ], [ 106.802800000319877, -6.538530000159195, 0.0 ], [ 106.802860000388876, -6.53843999960614, 0.0 ], [ 106.802909999996714, -6.538360000413537, 0.0 ], [ 106.802939999581483, -6.538300000344535, 0.0 ], [ 106.802979999627425, -6.538229999814451, 0.0 ], [ 106.803030000134541, -6.538149999722478, 0.0 ], [ 106.80307999974238, -6.538060000068793, 0.0 ], [ 106.803139999811293, -6.537970000415019, 0.0 ], [ 106.803190000318395, -6.537870000300163, 0.0 ], [ 106.803259999949205, -6.537759999724049, 0.0 ], [ 106.803320000018203, -6.537650000047304, 0.0 ], [ 106.803389999648914, -6.537529999909388, 0.0 ], [ 106.803449999717913, -6.537409999771473, 0.0 ], [ 106.803520000248, -6.537289999633646, 0.0 ], [ 106.803580000316913, -6.537179999956901, 0.0 ], [ 106.803629999924752, -6.537070000280156, 0.0 ], [ 106.803680000431854, -6.536979999727102, 0.0 ], [ 106.803730000039693, -6.536890000073328, 0.0 ], [ 106.803770000085635, -6.536809999981354, 0.0 ], [ 106.803799999670403, -6.536740000350552, 0.0 ], [ 106.803819999693374, -6.536669999820468, 0.0 ], [ 106.803850000177519, -6.536580000166694, 0.0 ], [ 106.803890000223547, -6.53646999959058, 0.0 ], [ 106.803919999808329, -6.536370000375005, 0.0 ], [ 106.803930000269489, -6.536310000306091, 0.0 ], [ 106.80395000029246, -6.536239999776008, 0.0 ], [ 106.803959999854271, -6.536170000145205, 0.0 ], [ 106.803970000315431, -6.53607999959215, 0.0 ], [ 106.803999999900299, -6.535969999915405, 0.0 ], [ 106.803999999900299, -6.535889999823521, 0.0 ], [ 106.80401999992327, -6.535789999708577, 0.0 ], [ 106.804024316669071, -6.535751146298221, 0.0 ], [ 106.804030000384344, -6.535700000054803, 0.0 ], [ 106.804039999946241, -6.535630000424, 0.0 ], [ 106.804039999946241, -6.535539999870945, 0.0 ], [ 106.804039999946241, -6.535470000240142, 0.0 ], [ 106.804039999946241, -6.535390000148258, 0.0 ], [ 106.804039999946241, -6.535299999595203, 0.0 ], [ 106.804030000384344, -6.535220000402511, 0.0 ], [ 106.80401999992327, -6.535100000264684, 0.0 ], [ 106.80401999992327, -6.535029999734512, 0.0 ], [ 106.80401999992327, -6.534960000103709, 0.0 ], [ 106.80401999992327, -6.534889999573625, 0.0 ], [ 106.80401999992327, -6.534819999942911, 0.0 ], [ 106.80401999992327, -6.534759999873909, 0.0 ], [ 106.804030000384344, -6.534670000220135, 0.0 ], [ 106.804070000430286, -6.534579999667081, 0.0 ], [ 106.804109999577037, -6.534530000059338, 0.0 ], [ 106.804160000084067, -6.534479999552136, 0.0 ], [ 106.804209999691892, -6.534420000382593, 0.0 ], [ 106.804269999760805, -6.534340000290619, 0.0 ], [ 106.804360000313949, -6.534249999737565, 0.0 ], [ 106.804429999944759, -6.534160000083791, 0.0 ], [ 106.804499999575469, -6.534089999553618, 0.0 ], [ 106.804539999621412, -6.534039999945875, 0.0 ], [ 106.80459999969041, -6.533990000338044, 0.0 ], [ 106.804650000197526, -6.533919999808049, 0.0 ], [ 106.804679999782394, -6.533859999739047, 0.0 ], [ 106.804719999828336, -6.533779999647074, 0.0 ], [ 106.804750000312382, -6.5336899999933, 0.0 ], [ 106.804770000335353, -6.533620000362586, 0.0 ], [ 106.804779999897249, -6.533540000270612, 0.0 ], [ 106.80479999992022, -6.533429999694587, 0.0 ], [ 106.80479999992022, -6.533320000017842, 0.0 ], [ 106.804790000358409, -6.533230000364068, 0.0 ], [ 106.804790000358409, -6.533119999787953, 0.0 ], [ 106.804779999897249, -6.533039999696069, 0.0 ], [ 106.804779999897249, -6.532939999581213, 0.0 ], [ 106.804770000335353, -6.532849999927439, 0.0 ], [ 106.804759999874278, -6.532740000250694, 0.0 ], [ 106.804759999874278, -6.53262999967458, 0.0 ], [ 106.804750000312382, -6.532519999997835, 0.0 ], [ 106.80473000028941, -6.532410000321089, 0.0 ], [ 106.80473000028941, -6.532299999745064, 0.0 ], [ 106.804710000266439, -6.532199999630119, 0.0 ], [ 106.804699999805365, -6.532100000414545, 0.0 ], [ 106.804690000243468, -6.532009999861401, 0.0 ], [ 106.804670000220497, -6.531920000207627, 0.0 ], [ 106.804650000197526, -6.531849999677632, 0.0 ], [ 106.804639999736352, -6.53178999960863, 0.0 ], [ 106.804619999713381, -6.531719999977827, 0.0 ], [ 106.80459999969041, -6.531639999885854, 0.0 ], [ 106.804570000105556, -6.531550000232169, 0.0 ], [ 106.804539999621412, -6.531470000140285, 0.0 ], [ 106.80451999959844, -6.531410000071283, 0.0 ], [ 106.804499999575469, -6.531350000002369, 0.0 ], [ 106.804469999990701, -6.531260000348595, 0.0 ], [ 106.804429999944759, -6.531180000256622, 0.0 ], [ 106.804400000359891, -6.531100000164738, 0.0 ], [ 106.804360000313949, -6.531009999611594, 0.0 ], [ 106.804329999829804, -6.530930000418991, 0.0 ], [ 106.804289999783862, -6.530850000327106, 0.0 ], [ 106.804269999760805, -6.530779999797023, 0.0 ], [ 106.804249999737834, -6.53069999970505, 0.0 ], [ 106.804220000153066, -6.530610000051276, 0.0 ], [ 106.804189999668921, -6.530520000397502, 0.0 ], [ 106.80416999964595, -6.530449999867418, 0.0 ], [ 106.804160000084067, -6.530380000236704, 0.0 ], [ 106.804129999600008, -6.530309999706532, 0.0 ], [ 106.804109999577037, -6.530229999614647, 0.0 ], [ 106.804079999992183, -6.530150000421955, 0.0 ], [ 106.804059999969212, -6.53007999989196, 0.0 ], [ 106.804039999946241, -6.529999999799987, 0.0 ], [ 106.803999999900299, -6.529910000146213, 0.0 ], [ 106.803979999877242, -6.529790000008386, 0.0 ], [ 106.803959999854271, -6.529689999893442, 0.0 ], [ 106.803959999854271, -6.529589999778498, 0.0 ], [ 106.803959999854271, -6.529529999709585, 0.0 ], [ 106.803970000315431, -6.529460000078782, 0.0 ], [ 106.803999999900299, -6.529400000009868, 0.0 ], [ 106.804039999946241, -6.529350000402037, 0.0 ], [ 106.804089999554066, -6.529310000356094, 0.0 ], [ 106.804129999600008, -6.529259999848893, 0.0 ], [ 106.804180000107038, -6.529219999802951, 0.0 ], [ 106.804240000176037, -6.529179999757009, 0.0 ], [ 106.804289999783862, -6.529139999711067, 0.0 ], [ 106.80438000033692, -6.529090000103324, 0.0 ], [ 106.804479999552498, -6.529050000057293, 0.0 ], [ 106.804579999667439, -6.529019999573151, 0.0 ], [ 106.804699999805365, -6.528980000426579, 0.0 ], [ 106.804819999943192, -6.528949999942348, 0.0 ], [ 106.804889999573987, -6.528929999919377, 0.0 ], [ 106.804969999665872, -6.528900000334605, 0.0 ], [ 106.805049999757841, -6.528880000311634, 0.0 ], [ 106.805129999849811, -6.528860000288574, 0.0 ], [ 106.805200000379898, -6.528840000265603, 0.0 ], [ 106.805270000010708, -6.528820000242632, 0.0 ], [ 106.80535999966439, -6.52878000019669, 0.0 ], [ 106.805470000240504, -6.528740000150748, 0.0 ], [ 106.805539999871215, -6.528709999666606, 0.0 ], [ 106.805619999963199, -6.528669999620575, 0.0 ], [ 106.805680000032197, -6.528640000035804, 0.0 ], [ 106.805749999662908, -6.528609999551662, 0.0 ], [ 106.805820000192995, -6.528570000405001, 0.0 ], [ 106.805880000261993, -6.52855999994383, 0.0 ], [ 106.805960000353963, -6.528530000359059, 0.0 ], [ 106.806040000445847, -6.528490000313116, 0.0 ], [ 106.806130000099628, -6.528459999828975, 0.0 ], [ 106.806199999730339, -6.528439999806004, 0.0 ], [ 106.806250000237455, -6.528399999760062, 0.0 ], [ 106.806319999868251, -6.528370000175201, 0.0 ], [ 106.806390000398338, -6.52833999969106, 0.0 ], [ 106.806449999567974, -6.528299999645117, 0.0 ], [ 106.806520000098061, -6.528270000060257, 0.0 ], [ 106.806589999728857, -6.528230000014315, 0.0 ], [ 106.80664999979777, -6.528189999968372, 0.0 ], [ 106.806720000327942, -6.52814999992243, 0.0 ], [ 106.806789999958738, -6.528109999876488, 0.0 ], [ 106.806859999589548, -6.528060000268656, 0.0 ], [ 106.806930000119536, -6.528009999761544, 0.0 ], [ 106.806999999750346, -6.527960000153712, 0.0 ], [ 106.807059999819344, -6.527900000084799, 0.0 ], [ 106.807150000372403, -6.527840000015797, 0.0 ], [ 106.807220000003113, -6.527779999946883, 0.0 ], [ 106.807300000095097, -6.52771000031608, 0.0 ], [ 106.807369999725893, -6.527630000224196, 0.0 ], [ 106.807449999817862, -6.527539999671053, 0.0 ], [ 106.807520000347864, -6.527439999556197, 0.0 ], [ 106.807580000416863, -6.527329999879452, 0.0 ], [ 106.807639999586499, -6.527200000179647, 0.0 ], [ 106.80767000007063, -6.52728000027162, 0.0 ], [ 106.807699999655412, -6.527340000340622, 0.0 ], [ 106.807730000139543, -6.527400000409536, 0.0 ], [ 106.807779999747382, -6.527470000040339, 0.0 ], [ 106.807859999839266, -6.527539999671053, 0.0 ], [ 106.807959999954207, -6.527610000201225, 0.0 ], [ 106.808040000046191, -6.527659999808968, 0.0 ], [ 106.808129999699872, -6.52771000031608, 0.0 ], [ 106.8081797798731, -6.527728668443125, 0.0 ], [ 106.808209999791842, -6.527739999900941, 0.0 ], [ 106.808280000321929, -6.527810000431025, 0.0 ], [ 106.808349999952725, -6.527869999600657, 0.0 ], [ 106.808430000044694, -6.527940000130741, 0.0 ], [ 106.808479999652448, -6.528000000199743, 0.0 ], [ 106.80853000015955, -6.528049999807486, 0.0 ], [ 106.808590000228463, -6.528100000314598, 0.0 ], [ 106.808639999836302, -6.528160000383512, 0.0 ], [ 106.808699999905215, -6.528209999991343, 0.0 ], [ 106.808750000412417, -6.528270000060257, 0.0 ], [ 106.808820000043127, -6.528319999668089, 0.0 ], [ 106.808860000089069, -6.528370000175201, 0.0 ], [ 106.808929999719879, -6.528450000267085, 0.0 ], [ 106.809000000249966, -6.528499999874917, 0.0 ], [ 106.809049999857791, -6.528539999920859, 0.0 ], [ 106.809129999949761, -6.528599999989861, 0.0 ], [ 106.809199999580471, -6.528640000035804, 0.0 ], [ 106.809279999672455, -6.528680000081746, 0.0 ], [ 106.809379999787311, -6.528729999689578, 0.0 ], [ 106.809479999902251, -6.528749999712549, 0.0 ], [ 106.809550000432338, -6.528760000173719, 0.0 ], [ 106.809620000063134, -6.52876999973552, 0.0 ], [ 106.809700000155019, -6.52878000019669, 0.0 ], [ 106.8097899998088, -6.52878999975858, 0.0 ], [ 106.809880000361858, -6.52878999975858, 0.0 ], [ 106.809970000015625, -6.528800000219661, 0.0 ], [ 106.810079999692363, -6.528800000219661, 0.0 ], [ 106.810190000268477, -6.528809999781551, 0.0 ], [ 106.810299999945229, -6.528809999781551, 0.0 ], [ 106.810420000083141, -6.528809999781551, 0.0 ], [ 106.810540000220968, -6.528809999781551, 0.0 ], [ 106.810669999920691, -6.528809999781551, 0.0 ], [ 106.810799999620485, -6.528809999781551, 0.0 ], [ 106.810881793859878, -6.528815453270411, 0.0 ], [ 106.810950000242457, -6.528820000242632, 0.0 ], [ 106.811099999965236, -6.528820000242632, 0.0 ], [ 106.811269999710902, -6.528820000242632, 0.0 ], [ 106.811460000378901, -6.528820000242632, 0.0 ], [ 106.811650000147523, -6.528820000242632, 0.0 ], [ 106.811879999962272, -6.528820000242632, 0.0 ], [ 106.81210000021504, -6.528820000242632, 0.0 ], [ 106.81222712388282, -6.528825297249554, 0.0 ], [ 106.812339999591501, -6.528829999804522, 0.0 ], [ 106.812579999867339, -6.528829999804522, 0.0 ], [ 106.812820000143077, -6.528829999804522, 0.0 ], [ 106.813060000418915, -6.528829999804522, 0.0 ], [ 106.813279999772391, -6.528829999804522, 0.0 ], [ 106.813500000025172, -6.528840000265603, 0.0 ], [ 106.813689999793795, -6.528840000265603, 0.0 ], [ 106.813870000000719, -6.528840000265603, 0.0 ], [ 106.81403999974637, -6.528849999827493, 0.0 ], [ 106.814190000368427, -6.528849999827493, 0.0 ], [ 106.814329999629948, -6.528840000265603, 0.0 ], [ 106.81446999979083, -6.528840000265603, 0.0 ], [ 106.814600000389831, -6.528829999804522, 0.0 ], [ 106.814730000089554, -6.528820000242632, 0.0 ], [ 106.814870000250522, -6.528800000219661, 0.0 ], [ 106.814999999950231, -6.52878000019669, 0.0 ], [ 106.815068309754807, -6.528764235980535, 0.0 ], [ 106.815129999649955, -6.528749999712549, 0.0 ], [ 106.81526000024904, -6.528729999689578, 0.0 ], [ 106.815400000409838, -6.528689999643635, 0.0 ], [ 106.815530000109646, -6.528660000058775, 0.0 ], [ 106.815670000270444, -6.528620000012832, 0.0 ], [ 106.815810000431327, -6.528590000428061, 0.0 ], [ 106.815940000131135, -6.52855999994383, 0.0 ], [ 106.816069999830759, -6.528530000359059, 0.0 ], [ 106.816209999991642, -6.528499999874917, 0.0 ], [ 106.816339999691451, -6.528479999851946, 0.0 ], [ 106.816470000290451, -6.528450000267085, 0.0 ], [ 106.81659999999016, -6.528439999806004, 0.0 ], [ 106.816720000128072, -6.528419999783033, 0.0 ], [ 106.816840000265998, -6.528410000221143, 0.0 ], [ 106.816949999942736, -6.528399999760062, 0.0 ], [ 106.817059999619488, -6.528399999760062, 0.0 ], [ 106.817159999734344, -6.528399999760062, 0.0 ], [ 106.817161487213014, -6.528400134658376, 0.0 ], [ 106.817270000310458, -6.528410000221143, 0.0 ], [ 106.817379999987196, -6.528439999806004, 0.0 ], [ 106.817489999663948, -6.528459999828975, 0.0 ], [ 106.81760999980186, -6.528490000313116, 0.0 ], [ 106.81774000040086, -6.528519999897888, 0.0 ], [ 106.817870000100569, -6.528570000405001, 0.0 ], [ 106.817941137373708, -6.5285937119301, 0.0 ], [ 106.818019999823349, -6.528620000012832, 0.0 ], [ 106.818170000445321, -6.528669999620575, 0.0 ], [ 106.818329999729897, -6.528729999689578, 0.0 ], [ 106.818500000374925, -6.52878999975858, 0.0 ], [ 106.818670000120576, -6.528849999827493, 0.0 ], [ 106.818839999866242, -6.528900000334605, 0.0 ], [ 106.819020000073152, -6.528949999942348, 0.0 ] ] ] ] } },
{ "type": "Feature", "properties": { "PROVNO": "32", "KABKOTNO": "01", "KECNO": "130", "DESANO": "012", "PROVINSI": "JAWA BARAT", "KABKOT": "BOGOR", "KECAMATAN": "SUKARAJA", "ID2013": "3201130012", "DESA": "CILEBUT TIMUR", "DESA_1": "CILEBUT TIMUR", "ID2012": "3201130012", "IDKAB2": "3201", "IDKEC_2": "3201130", "WILAYAH": "TENGAH" }, "geometry": { "type": "MultiPolygon", "coordinates": [ [ [ [ 106.807639999586499, -6.527200000179647, 0.0 ], [ 106.807580000416863, -6.527329999879452, 0.0 ], [ 106.807520000347864, -6.527439999556197, 0.0 ], [ 106.807449999817862, -6.527539999671053, 0.0 ], [ 106.807369999725893, -6.527630000224196, 0.0 ], [ 106.807300000095097, -6.52771000031608, 0.0 ], [ 106.807220000003113, -6.527779999946883, 0.0 ], [ 106.807150000372403, -6.527840000015797, 0.0 ], [ 106.807059999819344, -6.527900000084799, 0.0 ], [ 106.806999999750346, -6.527960000153712, 0.0 ], [ 106.806930000119536, -6.528009999761544, 0.0 ], [ 106.806859999589548, -6.528060000268656, 0.0 ], [ 106.806789999958738, -6.528109999876488, 0.0 ], [ 106.806720000327942, -6.52814999992243, 0.0 ], [ 106.80664999979777, -6.528189999968372, 0.0 ], [ 106.806589999728857, -6.528230000014315, 0.0 ], [ 106.806520000098061, -6.528270000060257, 0.0 ], [ 106.806449999567974, -6.528299999645117, 0.0 ], [ 106.806390000398338, -6.52833999969106, 0.0 ], [ 106.806319999868251, -6.528370000175201, 0.0 ], [ 106.806250000237455, -6.528399999760062, 0.0 ], [ 106.806199999730339, -6.528439999806004, 0.0 ], [ 106.806130000099628, -6.528459999828975, 0.0 ], [ 106.806040000445847, -6.528490000313116, 0.0 ], [ 106.805960000353963, -6.528530000359059, 0.0 ], [ 106.805880000261993, -6.52855999994383, 0.0 ], [ 106.805820000192995, -6.528570000405001, 0.0 ], [ 106.805749999662908, -6.528609999551662, 0.0 ], [ 106.805680000032197, -6.528640000035804, 0.0 ], [ 106.805619999963199, -6.528669999620575, 0.0 ], [ 106.805539999871215, -6.528709999666606, 0.0 ], [ 106.805470000240504, -6.528740000150748, 0.0 ], [ 106.80535999966439, -6.52878000019669, 0.0 ], [ 106.805270000010708, -6.528820000242632, 0.0 ], [ 106.805200000379898, -6.528840000265603, 0.0 ], [ 106.805129999849811, -6.528860000288574, 0.0 ], [ 106.805049999757841, -6.528880000311634, 0.0 ], [ 106.804969999665872, -6.528900000334605, 0.0 ], [ 106.804889999573987, -6.528929999919377, 0.0 ], [ 106.804819999943192, -6.528949999942348, 0.0 ], [ 106.804699999805365, -6.528980000426579, 0.0 ], [ 106.804579999667439, -6.529019999573151, 0.0 ], [ 106.804479999552498, -6.529050000057293, 0.0 ], [ 106.80438000033692, -6.529090000103324, 0.0 ], [ 106.804289999783862, -6.529139999711067, 0.0 ], [ 106.804240000176037, -6.529179999757009, 0.0 ], [ 106.804180000107038, -6.529219999802951, 0.0 ], [ 106.804129999600008, -6.529259999848893, 0.0 ], [ 106.804089999554066, -6.529310000356094, 0.0 ], [ 106.804039999946241, -6.529350000402037, 0.0 ], [ 106.803999999900299, -6.529400000009868, 0.0 ], [ 106.803970000315431, -6.529460000078782, 0.0 ], [ 106.803959999854271, -6.529529999709585, 0.0 ], [ 106.803959999854271, -6.529589999778498, 0.0 ], [ 106.803959999854271, -6.529689999893442, 0.0 ], [ 106.803979999877242, -6.529790000008386, 0.0 ], [ 106.803999999900299, -6.529910000146213, 0.0 ], [ 106.804039999946241, -6.529999999799987, 0.0 ], [ 106.804059999969212, -6.53007999989196, 0.0 ], [ 106.804079999992183, -6.530150000421955, 0.0 ], [ 106.804109999577037, -6.530229999614647, 0.0 ], [ 106.804129999600008, -6.530309999706532, 0.0 ], [ 106.804160000084067, -6.530380000236704, 0.0 ], [ 106.80416999964595, -6.530449999867418, 0.0 ], [ 106.804189999668921, -6.530520000397502, 0.0 ], [ 106.804220000153066, -6.530610000051276, 0.0 ], [ 106.804249999737834, -6.53069999970505, 0.0 ], [ 106.804269999760805, -6.530779999797023, 0.0 ], [ 106.804289999783862, -6.530850000327106, 0.0 ], [ 106.804329999829804, -6.530930000418991, 0.0 ], [ 106.804360000313949, -6.531009999611594, 0.0 ], [ 106.804400000359891, -6.531100000164738, 0.0 ], [ 106.804429999944759, -6.531180000256622, 0.0 ], [ 106.804469999990701, -6.531260000348595, 0.0 ], [ 106.804499999575469, -6.531350000002369, 0.0 ], [ 106.80451999959844, -6.531410000071283, 0.0 ], [ 106.804539999621412, -6.531470000140285, 0.0 ], [ 106.804570000105556, -6.531550000232169, 0.0 ], [ 106.80459999969041, -6.531639999885854, 0.0 ], [ 106.804619999713381, -6.531719999977827, 0.0 ], [ 106.804639999736352, -6.53178999960863, 0.0 ], [ 106.804650000197526, -6.531849999677632, 0.0 ], [ 106.804670000220497, -6.531920000207627, 0.0 ], [ 106.804690000243468, -6.532009999861401, 0.0 ], [ 106.804699999805365, -6.532100000414545, 0.0 ], [ 106.804710000266439, -6.532199999630119, 0.0 ], [ 106.80473000028941, -6.532299999745064, 0.0 ], [ 106.80473000028941, -6.532410000321089, 0.0 ], [ 106.804750000312382, -6.532519999997835, 0.0 ], [ 106.804759999874278, -6.53262999967458, 0.0 ], [ 106.804759999874278, -6.532740000250694, 0.0 ], [ 106.804770000335353, -6.532849999927439, 0.0 ], [ 106.804779999897249, -6.532939999581213, 0.0 ], [ 106.804779999897249, -6.533039999696069, 0.0 ], [ 106.804790000358409, -6.533119999787953, 0.0 ], [ 106.804790000358409, -6.533230000364068, 0.0 ], [ 106.80479999992022, -6.533320000017842, 0.0 ], [ 106.80479999992022, -6.533429999694587, 0.0 ], [ 106.804779999897249, -6.533540000270612, 0.0 ], [ 106.804770000335353, -6.533620000362586, 0.0 ], [ 106.804750000312382, -6.5336899999933, 0.0 ], [ 106.804719999828336, -6.533779999647074, 0.0 ], [ 106.804679999782394, -6.533859999739047, 0.0 ], [ 106.804650000197526, -6.533919999808049, 0.0 ], [ 106.80459999969041, -6.533990000338044, 0.0 ], [ 106.804539999621412, -6.534039999945875, 0.0 ], [ 106.804499999575469, -6.534089999553618, 0.0 ], [ 106.804429999944759, -6.534160000083791, 0.0 ], [ 106.804360000313949, -6.534249999737565, 0.0 ], [ 106.804269999760805, -6.534340000290619, 0.0 ], [ 106.804209999691892, -6.534420000382593, 0.0 ], [ 106.804160000084067, -6.534479999552136, 0.0 ], [ 106.804109999577037, -6.534530000059338, 0.0 ], [ 106.804070000430286, -6.534579999667081, 0.0 ], [ 106.804030000384344, -6.534670000220135, 0.0 ], [ 106.80401999992327, -6.534759999873909, 0.0 ], [ 106.80401999992327, -6.534819999942911, 0.0 ], [ 106.80401999992327, -6.534889999573625, 0.0 ], [ 106.80401999992327, -6.534960000103709, 0.0 ], [ 106.80401999992327, -6.535029999734512, 0.0 ], [ 106.80401999992327, -6.535100000264684, 0.0 ], [ 106.804030000384344, -6.535220000402511, 0.0 ], [ 106.804039999946241, -6.535299999595203, 0.0 ], [ 106.804039999946241, -6.535390000148258, 0.0 ], [ 106.804039999946241, -6.535470000240142, 0.0 ], [ 106.804039999946241, -6.535539999870945, 0.0 ], [ 106.804039999946241, -6.535630000424, 0.0 ], [ 106.804030000384344, -6.535700000054803, 0.0 ], [ 106.804024316669071, -6.535751146298221, 0.0 ], [ 106.80401999992327, -6.535789999708577, 0.0 ], [ 106.803999999900299, -6.535889999823521, 0.0 ], [ 106.803999999900299, -6.535969999915405, 0.0 ], [ 106.803970000315431, -6.53607999959215, 0.0 ], [ 106.803959999854271, -6.536170000145205, 0.0 ], [ 106.80395000029246, -6.536239999776008, 0.0 ], [ 106.803930000269489, -6.536310000306091, 0.0 ], [ 106.803919999808329, -6.536370000375005, 0.0 ], [ 106.803890000223547, -6.53646999959058, 0.0 ], [ 106.803850000177519, -6.536580000166694, 0.0 ], [ 106.803819999693374, -6.536669999820468, 0.0 ], [ 106.803799999670403, -6.536740000350552, 0.0 ], [ 106.803770000085635, -6.536809999981354, 0.0 ], [ 106.803730000039693, -6.536890000073328, 0.0 ], [ 106.803680000431854, -6.536979999727102, 0.0 ], [ 106.803629999924752, -6.537070000280156, 0.0 ], [ 106.803580000316913, -6.537179999956901, 0.0 ], [ 106.803520000248, -6.537289999633646, 0.0 ], [ 106.803449999717913, -6.537409999771473, 0.0 ], [ 106.803389999648914, -6.537529999909388, 0.0 ], [ 106.803320000018203, -6.537650000047304, 0.0 ], [ 106.803259999949205, -6.537759999724049, 0.0 ], [ 106.803190000318395, -6.537870000300163, 0.0 ], [ 106.803139999811293, -6.537970000415019, 0.0 ], [ 106.80307999974238, -6.538060000068793, 0.0 ], [ 106.803030000134541, -6.538149999722478, 0.0 ], [ 106.802979999627425, -6.538229999814451, 0.0 ], [ 106.802939999581483, -6.538300000344535, 0.0 ], [ 106.802909999996714, -6.538360000413537, 0.0 ], [ 106.802860000388876, -6.53843999960614, 0.0 ], [ 106.802800000319877, -6.538530000159195, 0.0 ], [ 106.80274999981286, -6.538599999789998, 0.0 ], [ 106.80268000018205, -6.538659999859, 0.0 ], [ 106.802629999674934, -6.538699999904942, 0.0 ], [ 106.802569999605936, -6.538739999950884, 0.0 ], [ 106.802510000436399, -6.538789999558716, 0.0 ], [ 106.802439999906227, -6.538829999604658, 0.0 ], [ 106.802359999814342, -6.538889999673572, 0.0 ], [ 106.802279999722373, -6.538940000180773, 0.0 ], [ 106.802190000068592, -6.539000000249686, 0.0 ], [ 106.802100000414811, -6.539049999857429, 0.0 ], [ 106.802009999861767, -6.539109999926342, 0.0 ], [ 106.801920000208071, -6.539169999995345, 0.0 ], [ 106.801829999654927, -6.539219999603088, 0.0 ], [ 106.801740000001161, -6.53927999967209, 0.0 ], [ 106.801659999909276, -6.539330000179202, 0.0 ], [ 106.801570000255509, -6.539379999787034, 0.0 ], [ 106.801490000163525, -6.539430000294058, 0.0 ], [ 106.801419999633453, -6.53949000036306, 0.0 ], [ 106.801340000440845, -6.539539999970891, 0.0 ], [ 106.801269999910758, -6.539589999578634, 0.0 ], [ 106.801200000279948, -6.539649999647636, 0.0 ], [ 106.801129999749875, -6.539700000154749, 0.0 ], [ 106.801069999680962, -6.539749999762492, 0.0 ], [ 106.801009999611949, -6.539809999831405, 0.0 ], [ 106.80096000000421, -6.539860000338606, 0.0 ], [ 106.800890000373414, -6.53992000040752, 0.0 ], [ 106.800839999866298, -6.539970000015352, 0.0 ], [ 106.800790000258473, -6.540030000084265, 0.0 ], [ 106.800739999751357, -6.540070000130207, 0.0 ], [ 106.800699999705415, -6.54013999976101, 0.0 ], [ 106.800650000097576, -6.540190000268122, 0.0 ], [ 106.800619999613446, -6.540250000337124, 0.0 ], [ 106.800560000443895, -6.540319999967927, 0.0 ], [ 106.800500000374896, -6.540409999621613, 0.0 ], [ 106.800440000305983, -6.540509999736557, 0.0 ], [ 106.800400000259941, -6.540589999828441, 0.0 ], [ 106.80038000023697, -6.540649999897443, 0.0 ], [ 106.800360000213999, -6.540720000427527, 0.0 ], [ 106.800349999752925, -6.540819999643102, 0.0 ], [ 106.800349999752925, -6.540879999712015, 0.0 ], [ 106.800340000191028, -6.540979999826959, 0.0 ], [ 106.800340000191028, -6.541059999918932, 0.0 ], [ 106.800340000191028, -6.541130000449016, 0.0 ], [ 106.800329999729868, -6.54120000007973, 0.0 ], [ 106.800329999729868, -6.541269999710533, 0.0 ], [ 106.800329999729868, -6.541349999802506, 0.0 ], [ 106.800329999729868, -6.54142999989439, 0.0 ], [ 106.800329999729868, -6.541500000424474, 0.0 ], [ 106.800329999729868, -6.541579999617078, 0.0 ], [ 106.800329999729868, -6.541659999709051, 0.0 ], [ 106.800340000191028, -6.541739999801024, 0.0 ], [ 106.800340000191028, -6.541819999892908, 0.0 ], [ 106.800349999752925, -6.541890000422992, 0.0 ], [ 106.800349999752925, -6.541980000076766, 0.0 ], [ 106.800360000213999, -6.542040000145768, 0.0 ], [ 106.800360000213999, -6.542100000214681, 0.0 ], [ 106.800389999798867, -6.542200000329625, 0.0 ], [ 106.800420000282912, -6.54228000042151, 0.0 ], [ 106.80044999986778, -6.542350000052313, 0.0 ], [ 106.800520000397867, -6.542439999706087, 0.0 ], [ 106.800579999567503, -6.54251000023617, 0.0 ], [ 106.800794515754532, -6.542700453263119, 0.0 ], [ 106.800472412771754, -6.542722207863463, 0.0 ], [ 106.80019876885828, -6.543073095446896, 0.0 ], [ 106.799824714738946, -6.543299374766178, 0.0 ], [ 106.799600782650174, -6.543575104207591, 0.0 ], [ 106.799507028326843, -6.543704570609279, 0.0 ], [ 106.799335937703489, -6.543774384979741, 0.0 ], [ 106.799158068889938, -6.543791498178955, 0.0 ], [ 106.799102578921051, -6.544026768020785, 0.0 ], [ 106.799070081918899, -6.544525019413996, 0.0 ], [ 106.799081177754346, -6.545008056976123, 0.0 ], [ 106.799083744419448, -6.545119772559307, 0.0 ], [ 106.799124922577306, -6.545577674070238, 0.0 ], [ 106.799184889371332, -6.546075929960029, 0.0 ], [ 106.799207387710965, -6.54627576561392, 0.0 ], [ 106.799216684002971, -6.546358333270277, 0.0 ], [ 106.79921807075759, -6.546523093565817, 0.0 ], [ 106.799215174041208, -6.546523104357629, 0.0 ], [ 106.799049230237983, -6.546523698809494, 0.0 ], [ 106.799016115401599, -6.546477683198351, 0.0 ], [ 106.798914006376449, -6.546487933670999, 0.0 ], [ 106.798802072258027, -6.546514698394414, 0.0 ], [ 106.798706658685518, -6.546554583327193, 0.0 ], [ 106.798604680062112, -6.54660108277362, 0.0 ], [ 106.798566861771391, -6.546611487929646, 0.0 ], [ 106.798561000889649, -6.546613100414103, 0.0 ], [ 106.798386009007245, -6.54622433158746, 0.0 ], [ 106.798598785905398, -6.545474572193601, 0.0 ], [ 106.79857378655116, -6.544756841255008, 0.0 ], [ 106.798608538153729, -6.544283838328315, 0.0 ], [ 106.798671432240923, -6.54342778626317, 0.0 ], [ 106.798735569191336, -6.542554808057801, 0.0 ], [ 106.798794823722304, -6.541748286154316, 0.0 ], [ 106.798851832646108, -6.540972334005826, 0.0 ], [ 106.798859452601889, -6.540910717855155, 0.0 ], [ 106.799002604886482, -6.539753176168031, 0.0 ], [ 106.799029176255686, -6.539538320037277, 0.0 ], [ 106.799129798701443, -6.538724669207987, 0.0 ], [ 106.799251483269543, -6.537740711964126, 0.0 ], [ 106.79870225740342, -6.536778104625665, 0.0 ], [ 106.798618466669069, -6.536344721331702, 0.0 ], [ 106.798734435146201, -6.535721999270674, 0.0 ], [ 106.798944193919581, -6.535438802758389, 0.0 ], [ 106.798988383906988, -6.53525171319588, 0.0 ], [ 106.798976679230549, -6.535102587614219, 0.0 ], [ 106.798963362069671, -6.534526504394513, 0.0 ], [ 106.799072221406064, -6.533606408009209, 0.0 ], [ 106.799340555722253, -6.532867959388646, 0.0 ], [ 106.799523842051826, -6.532363562028589, 0.0 ], [ 106.799463175585231, -6.532124505141592, 0.0 ], [ 106.799544773772453, -6.531944759442911, 0.0 ], [ 106.799555348001064, -6.531893246276113, 0.0 ], [ 106.799718673877877, -6.53109756030398, 0.0 ], [ 106.799919545550779, -6.530118959422317, 0.0 ], [ 106.799933724262132, -6.5299020663271, 0.0 ], [ 106.799859474435408, -6.529698705330791, 0.0 ], [ 106.79983556955608, -6.529633234685885, 0.0 ], [ 106.799691383950403, -6.529035565938415, 0.0 ], [ 106.799688464751029, -6.528648496830538, 0.0 ], [ 106.799678081178726, -6.527271169828488, 0.0 ], [ 106.799677178259387, -6.527151337863781, 0.0 ], [ 106.799583208098753, -6.526150451781767, 0.0 ], [ 106.799597966872867, -6.525719697206114, 0.0 ], [ 106.799610907217755, -6.525342069180997, 0.0 ], [ 106.799479966827136, -6.524265804623077, 0.0 ], [ 106.799475572739638, -6.524205889090364, 0.0 ], [ 106.799394283019879, -6.523097569097427, 0.0 ], [ 106.79938363774491, -6.522952437404896, 0.0 ], [ 106.799362087290689, -6.522658607308731, 0.0 ], [ 106.799373917872174, -6.521783719842613, 0.0 ], [ 106.79942449124745, -6.521290037904706, 0.0 ], [ 106.799318811014444, -6.521006278416888, 0.0 ], [ 106.799265358010018, -6.520692422217369, 0.0 ], [ 106.79930909383981, -6.520378218879532, 0.0 ], [ 106.799015365366984, -6.519773605567316, 0.0 ], [ 106.798963816227271, -6.519452888439883, 0.0 ], [ 106.798941227955481, -6.519312352283038, 0.0 ], [ 106.798538495355416, -6.518880319770783, 0.0 ], [ 106.797565272419575, -6.517836288713532, 0.0 ], [ 106.796743675180622, -6.516954909940988, 0.0 ], [ 106.796139624844031, -6.516306904339988, 0.0 ], [ 106.796034321427015, -6.51612782324035, 0.0 ], [ 106.795628748767911, -6.515605854026809, 0.0 ], [ 106.795613292119953, -6.515463840283822, 0.0 ], [ 106.795635054814085, -6.515276829861651, 0.0 ], [ 106.79639578413834, -6.514066997094083, 0.0 ], [ 106.796491915369756, -6.514084670570899, 0.0 ], [ 106.79650422259202, -6.514168699625635, 0.0 ], [ 106.796744178800964, -6.514227228403726, 0.0 ], [ 106.796931836735041, -6.51417719012505, 0.0 ], [ 106.796976360370934, -6.514165318174694, 0.0 ], [ 106.797152505184158, -6.514118351080835, 0.0 ], [ 106.797314468588013, -6.514075737605065, 0.0 ], [ 106.79750034316649, -6.514003013028482, 0.0 ], [ 106.797775467364048, -6.513701774317262, 0.0 ], [ 106.797742222126018, -6.513296189067699, 0.0 ], [ 106.79778194697947, -6.513448450585404, 0.0 ], [ 106.797817241772421, -6.513578956603396, 0.0 ], [ 106.797874365809477, -6.513726803349087, 0.0 ], [ 106.797940136827975, -6.513857201448516, 0.0 ], [ 106.798010074405568, -6.513935330950673, 0.0 ], [ 106.798084272970996, -6.513987318959416, 0.0 ], [ 106.798189999968741, -6.51400000029966, 0.0 ], [ 106.798250000037655, -6.514009999861461, 0.0 ], [ 106.798310000106568, -6.514009999861461, 0.0 ], [ 106.798390000198538, -6.514009999861461, 0.0 ], [ 106.798470000290507, -6.514009999861461, 0.0 ], [ 106.798570000405363, -6.514009999861461, 0.0 ], [ 106.79866000005913, -6.514009999861461, 0.0 ], [ 106.798760000174084, -6.514009999861461, 0.0 ], [ 106.798869999850822, -6.514009999861461, 0.0 ], [ 106.798980000426852, -6.514009999861461, 0.0 ], [ 106.79907999964243, -6.514009999861461, 0.0 ], [ 106.799170000195573, -6.514009999861461, 0.0 ], [ 106.79925999984934, -6.514029999884432, 0.0 ], [ 106.79937000042537, -6.514029999884432, 0.0 ], [ 106.799475251681699, -6.514039567771626, 0.0 ], [ 106.799480000102108, -6.514040000345602, 0.0 ], [ 106.799569999755889, -6.514049999907403, 0.0 ], [ 106.799629999824802, -6.514060000368573, 0.0 ], [ 106.79972000037786, -6.514080000391544, 0.0 ], [ 106.799780000446859, -6.514089999953434, 0.0 ], [ 106.799850000077669, -6.514120000437487, 0.0 ], [ 106.799919999708379, -6.514139999561177, 0.0 ], [ 106.80001999982332, -6.514179999607119, 0.0 ], [ 106.800119999938175, -6.51421999965315, 0.0 ], [ 106.800170000445377, -6.514250000137203, 0.0 ], [ 106.800240000076172, -6.514290000183234, 0.0 ], [ 106.800309999706897, -6.514339999790977, 0.0 ], [ 106.800360000213999, -6.514379999837008, 0.0 ], [ 106.800420000282912, -6.51443000034412, 0.0 ], [ 106.800469999890751, -6.514470000390062, 0.0 ], [ 106.800520000397867, -6.514529999559695, 0.0 ], [ 106.800560000443895, -6.514609999651579, 0.0 ], [ 106.800579999567503, -6.514680000181752, 0.0 ], [ 106.800590000028663, -6.514769999835437, 0.0 ], [ 106.800579999567503, -6.514860000388492, 0.0 ], [ 106.800570000005692, -6.514959999604155, 0.0 ], [ 106.800549999982721, -6.515019999673068, 0.0 ], [ 106.800540000420924, -6.515090000203241, 0.0 ], [ 106.800520000397867, -6.515170000295125, 0.0 ], [ 106.800500000374896, -6.51525999994881, 0.0 ], [ 106.800480000351925, -6.515349999602584, 0.0 ], [ 106.800469999890751, -6.515440000155728, 0.0 ], [ 106.800460000328954, -6.515509999786531, 0.0 ], [ 106.80044999986778, -6.515589999878415, 0.0 ], [ 106.800440000305983, -6.515669999970388, 0.0 ], [ 106.800440000305983, -6.515739999601102, 0.0 ], [ 106.800429999844809, -6.515810000131275, 0.0 ], [ 106.800429999844809, -6.515890000223159, 0.0 ], [ 106.800429999844809, -6.515970000315132, 0.0 ], [ 106.800429999844809, -6.516059999968906, 0.0 ], [ 106.800429999844809, -6.516149999622591, 0.0 ], [ 106.800429999844809, -6.516240000175646, 0.0 ], [ 106.800429999844809, -6.51632999982942, 0.0 ], [ 106.800429999844809, -6.516420000382563, 0.0 ], [ 106.800440000305983, -6.516499999575167, 0.0 ], [ 106.800440000305983, -6.51657999966714, 0.0 ], [ 106.800440000305983, -6.516659999759025, 0.0 ], [ 106.800440000305983, -6.516759999873969, 0.0 ], [ 106.80044999986778, -6.516850000427024, 0.0 ], [ 106.80044999986778, -6.516940000080709, 0.0 ], [ 106.800460000328954, -6.517009999711512, 0.0 ], [ 106.800480000351925, -6.517109999826456, 0.0 ], [ 106.800520000397867, -6.517200000379511, 0.0 ], [ 106.800560000443895, -6.517279999572203, 0.0 ], [ 106.800599999590474, -6.517339999641116, 0.0 ], [ 106.800639999636502, -6.51739999971003, 0.0 ], [ 106.800699999705415, -6.517439999756061, 0.0 ], [ 106.800770000235502, -6.517479999802003, 0.0 ], [ 106.800870000350443, -6.517519999847945, 0.0 ], [ 106.800930000419356, -6.517530000309115, 0.0 ], [ 106.801000000050152, -6.517530000309115, 0.0 ], [ 106.801069999680962, -6.517539999871005, 0.0 ], [ 106.801160000234006, -6.517539999871005, 0.0 ], [ 106.801249999887787, -6.517539999871005, 0.0 ], [ 106.801320000417874, -6.517530000309115, 0.0 ], [ 106.801410000071556, -6.517519999847945, 0.0 ], [ 106.801470000140554, -6.517490000263173, 0.0 ], [ 106.801539999771364, -6.517470000240202, 0.0 ], [ 106.801619999863334, -6.517430000194171, 0.0 ], [ 106.801661190611654, -6.517404255301997, 0.0 ], [ 106.801699999955218, -6.517379999687059, 0.0 ], [ 106.801789999608985, -6.517319999618145, 0.0 ], [ 106.801860000139072, -6.517270000010313, 0.0 ], [ 106.801929999769882, -6.517229999964371, 0.0 ], [ 106.802009999861767, -6.517180000356539, 0.0 ], [ 106.802089999953736, -6.517120000287626, 0.0 ], [ 106.802170000045621, -6.517060000218713, 0.0 ], [ 106.802270000160561, -6.517000000149711, 0.0 ], [ 106.802350000252446, -6.516920000057738, 0.0 ], [ 106.802439999906227, -6.516869999550714, 0.0 ], [ 106.802540000021168, -6.516799999919911, 0.0 ], [ 106.802629999674934, -6.516739999850909, 0.0 ], [ 106.802720000227993, -6.516670000220195, 0.0 ], [ 106.802809999881774, -6.516610000151193, 0.0 ], [ 106.802900000434917, -6.51655000008228, 0.0 ], [ 106.802979999627425, -6.516499999575167, 0.0 ], [ 106.803058478066461, -6.516438961688511, 0.0 ], [ 106.803070000180483, -6.516429999944364, 0.0 ], [ 106.803150000272453, -6.516380000336621, 0.0 ], [ 106.803219999903263, -6.516320000267619, 0.0 ], [ 106.80329000043335, -6.516280000221677, 0.0 ], [ 106.803360000064146, -6.516240000175646, 0.0 ], [ 106.803420000133059, -6.516209999691593, 0.0 ], [ 106.803480000201972, -6.516169999645651, 0.0 ], [ 106.803529999809797, -6.516140000060791, 0.0 ], [ 106.80358999987871, -6.516109999576649, 0.0 ], [ 106.803649999947723, -6.516079999991877, 0.0 ], [ 106.803710000016721, -6.516059999968906, 0.0 ], [ 106.803810000131577, -6.516039999945846, 0.0 ], [ 106.803919999808329, -6.516059999968906, 0.0 ], [ 106.80401999992327, -6.516089999553678, 0.0 ], [ 106.804079999992183, -6.516160000083762, 0.0 ], [ 106.804129999600008, -6.516240000175646, 0.0 ], [ 106.804153009653874, -6.516274515256484, 0.0 ], [ 106.80416999964595, -6.516300000244648, 0.0 ], [ 106.804200000130095, -6.51636000031365, 0.0 ], [ 106.804209999691892, -6.516429999944364, 0.0 ], [ 106.804220000153066, -6.516530000059308, 0.0 ], [ 106.804229999714863, -6.516619999713082, 0.0 ], [ 106.804229999714863, -6.516690000243166, 0.0 ], [ 106.804229999714863, -6.516770000335139, 0.0 ], [ 106.804240000176037, -6.516859999988824, 0.0 ], [ 106.804240000176037, -6.516960000103769, 0.0 ], [ 106.804240000176037, -6.517080000241684, 0.0 ], [ 106.804240000176037, -6.517189999918429, 0.0 ], [ 106.804229999714863, -6.517279999572203, 0.0 ], [ 106.804220000153066, -6.517350000102287, 0.0 ], [ 106.804189999668921, -6.517450000217231, 0.0 ], [ 106.804140000061096, -6.517530000309115, 0.0 ], [ 106.804079999992183, -6.517590000378028, 0.0 ], [ 106.80401999992327, -6.51763999998586, 0.0 ], [ 106.803959999854271, -6.517700000054774, 0.0 ], [ 106.803890000223547, -6.517760000123776, 0.0 ], [ 106.803810000131577, -6.517820000192689, 0.0 ], [ 106.803759999624461, -6.517860000238631, 0.0 ], [ 106.803699999555548, -6.517900000284573, 0.0 ], [ 106.803640000385911, -6.517940000330604, 0.0 ], [ 106.803580000316913, -6.518000000399518, 0.0 ], [ 106.803509999786826, -6.518050000007349, 0.0 ], [ 106.80344000015603, -6.518099999615092, 0.0 ], [ 106.803380000087117, -6.518150000122294, 0.0 ], [ 106.80330999955703, -6.518199999730037, 0.0 ], [ 106.803279113240677, -6.518222061898484, 0.0 ], [ 106.803239999926234, -6.518250000237149, 0.0 ], [ 106.803170000295424, -6.518310000306062, 0.0 ], [ 106.803136076069251, -6.518334230739988, 0.0 ], [ 106.803099999765351, -6.518359999913894, 0.0 ], [ 106.803030000134541, -6.518410000421007, 0.0 ], [ 106.802959999604454, -6.518460000028838, 0.0 ], [ 106.802900000434917, -6.518509999636581, 0.0 ], [ 106.802849999927716, -6.518549999682612, 0.0 ], [ 106.802800000319877, -6.518600000189636, 0.0 ], [ 106.80274999981286, -6.518640000235667, 0.0 ], [ 106.802689999743848, -6.51870000030458, 0.0 ], [ 106.802629999674934, -6.518760000373582, 0.0 ], [ 106.80258000006711, -6.518809999981325, 0.0 ], [ 106.802529999559994, -6.518890000073299, 0.0 ], [ 106.802490000413343, -6.518979999727073, 0.0 ], [ 106.802470000390372, -6.519059999818957, 0.0 ], [ 106.802459999929198, -6.51913999991093, 0.0 ], [ 106.802459999929198, -6.519199999979843, 0.0 ], [ 106.802459999929198, -6.519280000071817, 0.0 ], [ 106.802490000413343, -6.519380000186672, 0.0 ], [ 106.802529999559994, -6.519460000278645, 0.0 ], [ 106.802600000090081, -6.519520000347558, 0.0 ], [ 106.802689999743848, -6.519580000416472, 0.0 ], [ 106.802780000296906, -6.519610000001332, 0.0 ], [ 106.802849999927716, -6.519639999586193, 0.0 ], [ 106.802930000019686, -6.519679999632135, 0.0 ], [ 106.803019999673467, -6.519710000116277, 0.0 ], [ 106.803119999788322, -6.519750000162219, 0.0 ], [ 106.803210000341466, -6.519779999746991, 0.0 ], [ 106.803299999995232, -6.519810000231221, 0.0 ], [ 106.803389999648914, -6.519850000277163, 0.0 ], [ 106.803480000201972, -6.519879999861935, 0.0 ], [ 106.803549999832768, -6.519899999884906, 0.0 ], [ 106.803609999901781, -6.519930000369047, 0.0 ], [ 106.803669999970694, -6.519950000392019, 0.0 ], [ 106.80373999960149, -6.519979999976879, 0.0 ], [ 106.803819999693374, -6.520009999561651, 0.0 ], [ 106.803899999785358, -6.520060000068764, 0.0 ], [ 106.80395000029246, -6.520089999653536, 0.0 ], [ 106.803999999900299, -6.520140000160737, 0.0 ], [ 106.804039999946241, -6.52018999976848, 0.0 ], [ 106.804050000407315, -6.520260000298563, 0.0 ], [ 106.804039999946241, -6.520360000413508, 0.0 ], [ 106.803990000338402, -6.520459999629082, 0.0 ], [ 106.803930000269489, -6.520550000182226, 0.0 ], [ 106.80387000020049, -6.520619999813029, 0.0 ], [ 106.803830000154548, -6.520670000320052, 0.0 ], [ 106.803790000108606, -6.520730000389054, 0.0 ], [ 106.80373999960149, -6.520779999996797, 0.0 ], [ 106.803699999555548, -6.520829999604629, 0.0 ], [ 106.803660000408883, -6.520880000111742, 0.0 ], [ 106.80362000036294, -6.520929999719574, 0.0 ], [ 106.803580000316913, -6.520989999788487, 0.0 ], [ 106.803520000248, -6.521069999880371, 0.0 ], [ 106.803500000225029, -6.521140000410544, 0.0 ], [ 106.803500000225029, -6.521239999626118, 0.0 ], [ 106.803509999786826, -6.521319999718092, 0.0 ], [ 106.803515477557426, -6.52133643392915, 0.0 ], [ 106.803540000270971, -6.521410000271146, 0.0 ], [ 106.803580000316913, -6.52149999992492, 0.0 ], [ 106.803600000339969, -6.521580000016893, 0.0 ], [ 106.803629999924752, -6.521649999647607, 0.0 ], [ 106.803649999947723, -6.521740000200662, 0.0 ], [ 106.803680000431854, -6.521820000292635, 0.0 ], [ 106.803710000016721, -6.52190000038452, 0.0 ], [ 106.80373999960149, -6.521979999577212, 0.0 ], [ 106.803759999624461, -6.522059999669096, 0.0 ], [ 106.803779999647432, -6.52211999973801, 0.0 ], [ 106.803810000131577, -6.522219999852954, 0.0 ], [ 106.803830000154548, -6.522310000406009, 0.0 ], [ 106.803850000177519, -6.522400000059783, 0.0 ], [ 106.80387000020049, -6.522489999713557, 0.0 ], [ 106.80387000020049, -6.5225800002667, 0.0 ], [ 106.80387000020049, -6.522649999897414, 0.0 ], [ 106.80387000020049, -6.522729999989298, 0.0 ], [ 106.80387000020049, -6.522819999643072, 0.0 ], [ 106.803857623730508, -6.522861255142622, 0.0 ], [ 106.803839999716345, -6.522919999758017, 0.0 ], [ 106.803839999716345, -6.52299999984999, 0.0 ], [ 106.803830000154548, -6.523070000380073, 0.0 ], [ 106.803810000131577, -6.523160000033847, 0.0 ], [ 106.803799999670403, -6.523249999687533, 0.0 ], [ 106.803790000108606, -6.523320000217705, 0.0 ], [ 106.803770000085635, -6.52340999987139, 0.0 ], [ 106.803770000085635, -6.523489999963363, 0.0 ], [ 106.803759999624461, -6.523550000032277, 0.0 ], [ 106.803759999624461, -6.523619999663079, 0.0 ], [ 106.803770000085635, -6.523710000216134, 0.0 ], [ 106.803770000085635, -6.523790000308107, 0.0 ], [ 106.803779999647432, -6.52385999993891, 0.0 ], [ 106.803790000108606, -6.523960000053854, 0.0 ], [ 106.803810000131577, -6.524049999707628, 0.0 ], [ 106.803830000154548, -6.524129999799513, 0.0 ], [ 106.803850000177519, -6.524229999914368, 0.0 ], [ 106.80387000020049, -6.524310000006341, 0.0 ], [ 106.803890000223547, -6.524399999660115, 0.0 ], [ 106.803910000246518, -6.52449000021317, 0.0 ], [ 106.803930000269489, -6.524559999843973, 0.0 ], [ 106.8039399998313, -6.524619999912886, 0.0 ], [ 106.803959999854271, -6.52469000044297, 0.0 ], [ 106.803990000338402, -6.524780000096744, 0.0 ], [ 106.804003589094478, -6.52482076816371, 0.0 ], [ 106.80401999992327, -6.524869999750518, 0.0 ], [ 106.804050000407315, -6.524929999819431, 0.0 ], [ 106.804079999992183, -6.525009999911404, 0.0 ], [ 106.804120000038125, -6.525099999565178, 0.0 ], [ 106.80416999964595, -6.525190000118233, 0.0 ], [ 106.804200000130095, -6.525259999749036, 0.0 ], [ 106.804240000176037, -6.525330000279119, 0.0 ], [ 106.804280000221979, -6.525410000371004, 0.0 ], [ 106.804329999829804, -6.525470000440006, 0.0 ], [ 106.804360000313949, -6.525529999609638, 0.0 ], [ 106.804409999921788, -6.525580000116751, 0.0 ], [ 106.804460000428804, -6.525629999724583, 0.0 ], [ 106.804510000036643, -6.525680000231695, 0.0 ], [ 106.804570000105556, -6.525720000277637, 0.0 ], [ 106.804639999736352, -6.525760000323579, 0.0 ], [ 106.804699999805365, -6.52578000034655, 0.0 ], [ 106.804779999897249, -6.525800000369522, 0.0 ], [ 106.804859999989134, -6.525820000392581, 0.0 ], [ 106.80492999961993, -6.525820000392581, 0.0 ], [ 106.805000000150102, -6.525829999954382, 0.0 ], [ 106.805080000241986, -6.525829999954382, 0.0 ], [ 106.805160000333871, -6.525840000415553, 0.0 ], [ 106.805249999987637, -6.525840000415553, 0.0 ], [ 106.805339999641419, -6.525840000415553, 0.0 ], [ 106.805430000194562, -6.525840000415553, 0.0 ], [ 106.805499999825273, -6.525840000415553, 0.0 ], [ 106.805590000378416, -6.525840000415553, 0.0 ], [ 106.805700000055168, -6.525840000415553, 0.0 ], [ 106.805780000147053, -6.525840000415553, 0.0 ], [ 106.805849999777848, -6.525840000415553, 0.0 ], [ 106.805920000307935, -6.525840000415553, 0.0 ], [ 106.806000000399905, -6.525840000415553, 0.0 ], [ 106.806079999592512, -6.525840000415553, 0.0 ], [ 106.806159999684397, -6.525849999977353, 0.0 ], [ 106.806239999776281, -6.525849999977353, 0.0 ], [ 106.806319999868251, -6.525860000438524, 0.0 ], [ 106.806399999960234, -6.525870000000324, 0.0 ], [ 106.806489999614001, -6.525879999562125, 0.0 ], [ 106.806560000144088, -6.525890000023296, 0.0 ], [ 106.806640000235973, -6.525899999585096, 0.0 ], [ 106.806709999866769, -6.525910000046267, 0.0 ], [ 106.806789999958738, -6.525919999608067, 0.0 ], [ 106.806850000027652, -6.525930000069327, 0.0 ], [ 106.806930000119536, -6.525939999631127, 0.0 ], [ 106.806999999750346, -6.525950000092298, 0.0 ], [ 106.807033099298252, -6.525957354747938, 0.0 ], [ 106.807090000303489, -6.525970000115269, 0.0 ], [ 106.8071599999342, -6.52599000013824, 0.0 ], [ 106.80722999956501, -6.525999999700041, 0.0 ], [ 106.807280000072126, -6.526030000184182, 0.0 ], [ 106.807369999725893, -6.526070000230124, 0.0 ], [ 106.80744000025598, -6.526119999837956, 0.0 ], [ 106.807489999863805, -6.526179999906869, 0.0 ], [ 106.807529999909747, -6.526259999998842, 0.0 ], [ 106.807549999932718, -6.526360000113787, 0.0 ], [ 106.807569999955689, -6.526460000228642, 0.0 ], [ 106.807580000416863, -6.526560000343586, 0.0 ], [ 106.807580000416863, -6.52664999999736, 0.0 ], [ 106.80758999997866, -6.526719999628163, 0.0 ], [ 106.80758999997866, -6.526790000158158, 0.0 ], [ 106.80758999997866, -6.526879999811932, 0.0 ], [ 106.807600000439834, -6.526959999903905, 0.0 ], [ 106.807610000001631, -6.527039999995878, 0.0 ], [ 106.807630000024602, -6.527129999649652, 0.0 ], [ 106.807639999586499, -6.527200000179647, 0.0 ] ] ] ] } },
{ "type": "Feature", "properties": { "PROVNO": "32", "KABKOTNO": "01", "KECNO": "130", "DESANO": "013", "PROVINSI": "JAWA BARAT", "KABKOT": "BOGOR", "KECAMATAN": "SUKARAJA", "ID2013": "3201130013", "DESA": "CILEBUT BARAT", "DESA_1": "CILEBUT BARAT", "ID2012": "3201130013", "IDKAB2": "3201", "IDKEC_2": "3201130", "WILAYAH": "TENGAH" }, "geometry": { "type": "MultiPolygon", "coordinates": [ [ [ [ 106.79639578413834, -6.514066997094083, 0.0 ], [ 106.795635054814085, -6.515276829861651, 0.0 ], [ 106.795613292119953, -6.515463840283822, 0.0 ], [ 106.795628748767911, -6.515605854026809, 0.0 ], [ 106.796034321427015, -6.51612782324035, 0.0 ], [ 106.796139624844031, -6.516306904339988, 0.0 ], [ 106.796743675180622, -6.516954909940988, 0.0 ], [ 106.797565272419575, -6.517836288713532, 0.0 ], [ 106.798538495355416, -6.518880319770783, 0.0 ], [ 106.798941227955481, -6.519312352283038, 0.0 ], [ 106.798963816227271, -6.519452888439883, 0.0 ], [ 106.799015365366984, -6.519773605567316, 0.0 ], [ 106.79930909383981, -6.520378218879532, 0.0 ], [ 106.799265358010018, -6.520692422217369, 0.0 ], [ 106.799318811014444, -6.521006278416888, 0.0 ], [ 106.79942449124745, -6.521290037904706, 0.0 ], [ 106.799373917872174, -6.521783719842613, 0.0 ], [ 106.799362087290689, -6.522658607308731, 0.0 ], [ 106.79938363774491, -6.522952437404896, 0.0 ], [ 106.799394283019879, -6.523097569097427, 0.0 ], [ 106.799475572739638, -6.524205889090364, 0.0 ], [ 106.799479966827136, -6.524265804623077, 0.0 ], [ 106.799610907217755, -6.525342069180997, 0.0 ], [ 106.799597966872867, -6.525719697206114, 0.0 ], [ 106.799583208098753, -6.526150451781767, 0.0 ], [ 106.799677178259387, -6.527151337863781, 0.0 ], [ 106.799678081178726, -6.527271169828488, 0.0 ], [ 106.799688464751029, -6.528648496830538, 0.0 ], [ 106.799691383950403, -6.529035565938415, 0.0 ], [ 106.79983556955608, -6.529633234685885, 0.0 ], [ 106.799859474435408, -6.529698705330791, 0.0 ], [ 106.799933724262132, -6.5299020663271, 0.0 ], [ 106.799919545550779, -6.530118959422317, 0.0 ], [ 106.799718673877877, -6.53109756030398, 0.0 ], [ 106.799555348001064, -6.531893246276113, 0.0 ], [ 106.799544773772453, -6.531944759442911, 0.0 ], [ 106.799463175585231, -6.532124505141592, 0.0 ], [ 106.799523842051826, -6.532363562028589, 0.0 ], [ 106.799340555722253, -6.532867959388646, 0.0 ], [ 106.799072221406064, -6.533606408009209, 0.0 ], [ 106.798963362069671, -6.534526504394513, 0.0 ], [ 106.798976679230549, -6.535102587614219, 0.0 ], [ 106.798988383906988, -6.53525171319588, 0.0 ], [ 106.798944193919581, -6.535438802758389, 0.0 ], [ 106.798734435146201, -6.535721999270674, 0.0 ], [ 106.798618466669069, -6.536344721331702, 0.0 ], [ 106.79870225740342, -6.536778104625665, 0.0 ], [ 106.799251483269543, -6.537740711964126, 0.0 ], [ 106.799129798701443, -6.538724669207987, 0.0 ], [ 106.799029176255686, -6.539538320037277, 0.0 ], [ 106.799002604886482, -6.539753176168031, 0.0 ], [ 106.798859452601889, -6.540910717855155, 0.0 ], [ 106.798851832646108, -6.540972334005826, 0.0 ], [ 106.798794823722304, -6.541748286154316, 0.0 ], [ 106.798735569191336, -6.542554808057801, 0.0 ], [ 106.798671432240923, -6.54342778626317, 0.0 ], [ 106.798608538153729, -6.544283838328315, 0.0 ], [ 106.79857378655116, -6.544756841255008, 0.0 ], [ 106.798598785905398, -6.545474572193601, 0.0 ], [ 106.798386009007245, -6.54622433158746, 0.0 ], [ 106.798561000889649, -6.546613100414103, 0.0 ], [ 106.798515517677174, -6.54662561358105, 0.0 ], [ 106.798423949605734, -6.546632771285168, 0.0 ], [ 106.798332404916749, -6.546638984701261, 0.0 ], [ 106.798248476586053, -6.546644232245349, 0.0 ], [ 106.79815690941399, -6.546648995954243, 0.0 ], [ 106.798073005365126, -6.546653758763767, 0.0 ], [ 106.797981437293686, -6.546658523372031, 0.0 ], [ 106.797889916886348, -6.546663769117558, 0.0 ], [ 106.797061982124973, -6.546842069605621, 0.0 ], [ 106.796711174581247, -6.546917618053474, 0.0 ], [ 106.79660917167611, -6.546957527267896, 0.0 ], [ 106.796506944839777, -6.546934824782138, 0.0 ], [ 106.796365178410426, -6.546912265288665, 0.0 ], [ 106.79622351720171, -6.546919361838945, 0.0 ], [ 106.796045717635977, -6.546956245733995, 0.0 ], [ 106.795950174561099, -6.546959882592365, 0.0 ], [ 106.795841476203321, -6.546970158246026, 0.0 ], [ 106.795759160357179, -6.546986928803591, 0.0 ], [ 106.795597964974263, -6.547060002317053, 0.0 ], [ 106.795448491355017, -6.547029026967834, 0.0 ], [ 106.795379820922207, -6.547049555792253, 0.0 ], [ 106.795241212012513, -6.547092838363646, 0.0 ], [ 106.795239683164979, -6.547027044862066, 0.0 ], [ 106.795239550065318, -6.546989806634098, 0.0 ], [ 106.795263023270124, -6.546564834699211, 0.0 ], [ 106.795136549812099, -6.546140398760283, 0.0 ], [ 106.794761598169387, -6.54611674479181, 0.0 ], [ 106.794561670784702, -6.546117458853509, 0.0 ], [ 106.794151159948257, -6.546123789181326, 0.0 ], [ 106.793636650611091, -6.546020788928111, 0.0 ], [ 106.793236795841608, -6.546022216152227, 0.0 ], [ 106.793247278339408, -6.545771824210114, 0.0 ], [ 106.793255916327695, -6.545565463974814, 0.0 ], [ 106.793266152411235, -6.545283709075758, 0.0 ], [ 106.793253730075804, -6.544952901555003, 0.0 ], [ 106.792857789155846, -6.544852218854693, 0.0 ], [ 106.79273842034199, -6.544784697755492, 0.0 ], [ 106.792632378581544, -6.544724713874341, 0.0 ], [ 106.792855512971713, -6.544224048700666, 0.0 ], [ 106.792994512187136, -6.543830782364548, 0.0 ], [ 106.792802739854721, -6.543729371213338, 0.0 ], [ 106.79230357564964, -6.543626174907882, 0.0 ], [ 106.791883119210738, -6.543490174931534, 0.0 ], [ 106.791902030154745, -6.543152731313331, 0.0 ], [ 106.792069113399052, -6.541970847676328, 0.0 ], [ 106.792169650409235, -6.541536585744669, 0.0 ], [ 106.792484249448677, -6.540297561882848, 0.0 ], [ 106.792563683867101, -6.539476333365926, 0.0 ], [ 106.792586892671125, -6.538976381354757, 0.0 ], [ 106.792611081736197, -6.538751353891694, 0.0 ], [ 106.792515045832872, -6.538718060090201, 0.0 ], [ 106.791915305946759, -6.538510137732469, 0.0 ], [ 106.791900657789327, -6.538431163767058, 0.0 ], [ 106.79193575563076, -6.538201145066616, 0.0 ], [ 106.791942504143435, -6.538078990153142, 0.0 ], [ 106.791949303018058, -6.537971203707951, 0.0 ], [ 106.791877316784905, -6.537928354609726, 0.0 ], [ 106.791798094606577, -6.537871164022793, 0.0 ], [ 106.791804945641871, -6.537777745146691, 0.0 ], [ 106.791790298383717, -6.537698771181191, 0.0 ], [ 106.791832963120967, -6.537576487664634, 0.0 ], [ 106.79183976199559, -6.537468701219442, 0.0 ], [ 106.791825037395739, -6.537368175001159, 0.0 ], [ 106.791919474304422, -6.537357339969088, 0.0 ], [ 106.792277408076117, -6.537316275125828, 0.0 ], [ 106.792334567186714, -6.537229861069118, 0.0 ], [ 106.792341340880313, -6.537114889940057, 0.0 ], [ 106.79234819101643, -6.537021471063866, 0.0 ], [ 106.792398064719094, -6.536906346150797, 0.0 ], [ 106.792419231162725, -6.53679850934358, 0.0 ], [ 106.792497864285139, -6.53669046569231, 0.0 ], [ 106.792598072143505, -6.536589530282413, 0.0 ], [ 106.792647919765798, -6.536467221584843, 0.0 ], [ 106.792676295175028, -6.536366541582463, 0.0 ], [ 106.792711852570093, -6.536265837298441, 0.0 ], [ 106.792761547307748, -6.536100424095128, 0.0 ], [ 106.792781996991749, -6.535791432328555, 0.0 ], [ 106.792831614387708, -6.535604465973179, 0.0 ], [ 106.792838414161707, -6.535496680427269, 0.0 ], [ 106.792852447182838, -6.535403234571415, 0.0 ], [ 106.792880772230035, -6.535288187899404, 0.0 ], [ 106.792901783990288, -6.535137244787883, 0.0 ], [ 106.792951529089976, -6.534986200052941, 0.0 ], [ 106.792965614271878, -6.534907123564739, 0.0 ], [ 106.792979698554419, -6.534828047975818, 0.0 ], [ 106.793008073963648, -6.534727368872808, 0.0 ], [ 106.793022107884156, -6.534633923916324, 0.0 ], [ 106.79306497676744, -6.534569114273072, 0.0 ], [ 106.793057435952093, -6.534468561974407, 0.0 ], [ 106.793053576061908, -6.534393143928288, 0.0 ], [ 106.793028113556744, -6.534303431158275, 0.0 ], [ 106.793006385036776, -6.53425321931044, 0.0 ], [ 106.79297026376689, -6.534195874040218, 0.0 ], [ 106.792941326281408, -6.534138503588895, 0.0 ], [ 106.792926972202153, -6.534070602076483, 0.0 ], [ 106.792927092711352, -6.534068952719831, 0.0 ], [ 106.792940430556584, -6.533887061238755, 0.0 ], [ 106.792954209069677, -6.533721775739156, 0.0 ], [ 106.793004185295146, -6.533635387762828, 0.0 ], [ 106.793025503724209, -6.533570653662615, 0.0 ], [ 106.793146110005083, -6.533146358917143, 0.0 ], [ 106.793181334651038, -6.532952260937943, 0.0 ], [ 106.793199259038786, -6.532842293636811, 0.0 ], [ 106.793209453753462, -6.532779740392538, 0.0 ], [ 106.793237521594492, -6.532592852278132, 0.0 ], [ 106.793229546406607, -6.532370171146376, 0.0 ], [ 106.79321464194237, -6.53221935573848, 0.0 ], [ 106.79318529526536, -6.532047040238567, 0.0 ], [ 106.79314158101927, -6.53187477599996, 0.0 ], [ 106.793119597091888, -6.531752722709818, 0.0 ], [ 106.793054487075125, -6.531623640318553, 0.0 ], [ 106.793011157738917, -6.531559137344214, 0.0 ], [ 106.792946277948573, -6.531494710812105, 0.0 ], [ 106.792924166317391, -6.53133673680081, 0.0 ], [ 106.792902284013422, -6.531243421346602, 0.0 ], [ 106.792943106938992, -6.530603883762112, 0.0 ], [ 106.792884464846296, -6.530273621230478, 0.0 ], [ 106.792697649577093, -6.53025991826043, 0.0 ], [ 106.792618277211872, -6.530159622268563, 0.0 ], [ 106.79230878542225, -6.52998830321744, 0.0 ], [ 106.792191835784735, -6.529865180633401, 0.0 ], [ 106.792307661269746, -6.529672203209405, 0.0 ], [ 106.792400198810313, -6.529434795679059, 0.0 ], [ 106.792291121837977, -6.5290616067076, 0.0 ], [ 106.791621448870941, -6.528604201622414, 0.0 ], [ 106.791333661319555, -6.528475910634626, 0.0 ], [ 106.790800036892321, -6.527895889283677, 0.0 ], [ 106.7907205107431, -6.527752487886875, 0.0 ], [ 106.790632933862952, -6.527364853105357, 0.0 ], [ 106.790586950627514, -6.526553204166898, 0.0 ], [ 106.790486411818591, -6.526560744982248, 0.0 ], [ 106.790468285982826, -6.526626763314294, 0.0 ], [ 106.790138928169185, -6.527826396870609, 0.0 ], [ 106.790016802033932, -6.527983378929605, 0.0 ], [ 106.789931559793814, -6.528092948730393, 0.0 ], [ 106.789586510609126, -6.528022333064101, 0.0 ], [ 106.789463273811208, -6.527706667428603, 0.0 ], [ 106.789451039434056, -6.527666218620922, 0.0 ], [ 106.789448015014045, -6.527455273641838, 0.0 ], [ 106.789432984644662, -6.527268538412159, 0.0 ], [ 106.789424245932324, -6.526830333852676, 0.0 ], [ 106.789401446319815, -6.526478389565895, 0.0 ], [ 106.789385880853928, -6.526140787667014, 0.0 ], [ 106.789363872644799, -6.526011550592461, 0.0 ], [ 106.789356409171134, -6.525932551445948, 0.0 ], [ 106.789370520433337, -6.525860658742246, 0.0 ], [ 106.789358345411458, -6.525789165337539, 0.0 ], [ 106.789357512639299, -6.52578427662295, 0.0 ], [ 106.789355567405636, -6.525695475765438, 0.0 ], [ 106.789339932691931, -6.525581303234365, 0.0 ], [ 106.789375292236116, -6.525181161581219, 0.0 ], [ 106.789369926880752, -6.524965079674541, 0.0 ], [ 106.789318932622791, -6.524845717156005, 0.0 ], [ 106.789345841237761, -6.524579436891322, 0.0 ], [ 106.789358904789779, -6.524450156649255, 0.0 ], [ 106.789449087005963, -6.523953265930373, 0.0 ], [ 106.78951251798847, -6.523690960669128, 0.0 ], [ 106.78952017481636, -6.523490014352564, 0.0 ], [ 106.789525133678126, -6.523359868962633, 0.0 ], [ 106.78956606811974, -6.523235580857225, 0.0 ], [ 106.789620778376417, -6.523106645055456, 0.0 ], [ 106.789698391667599, -6.522954639844638, 0.0 ], [ 106.789780603192469, -6.522802618445969, 0.0 ], [ 106.789834445603361, -6.522615935376965, 0.0 ], [ 106.789866888646188, -6.522503449974106, 0.0 ], [ 106.789842924411587, -6.522227662076787, 0.0 ], [ 106.78971791864727, -6.521979819712733, 0.0 ], [ 106.789660200158266, -6.521790841573907, 0.0 ], [ 106.789629544068333, -6.52169046734107, 0.0 ], [ 106.789577572247339, -6.521295234187576, 0.0 ], [ 106.789424657821868, -6.520955533271113, 0.0 ], [ 106.789322786217738, -6.520748989574034, 0.0 ], [ 106.789289659690169, -6.52048242962028, 0.0 ], [ 106.789261146684709, -6.520220451712291, 0.0 ], [ 106.789186825811512, -6.520004616219879, 0.0 ], [ 106.789107337433862, -6.519627871329039, 0.0 ], [ 106.789077607645623, -6.519434332728071, 0.0 ], [ 106.789022631189624, -6.519076425036854, 0.0 ], [ 106.788873370709638, -6.518470033764903, 0.0 ], [ 106.788836299755602, -6.518387404055339, 0.0 ], [ 106.788808489120655, -6.518323132206607, 0.0 ], [ 106.788803793760195, -6.518295561690692, 0.0 ], [ 106.78878516070678, -6.518226659232731, 0.0 ], [ 106.788766510566148, -6.518153159440612, 0.0 ], [ 106.788743362916051, -6.518107263439301, 0.0 ], [ 106.788724860264281, -6.518075143253057, 0.0 ], [ 106.788692533233984, -6.518033876961695, 0.0 ], [ 106.788659643228158, -6.517968918930297, 0.0 ], [ 106.788659400411177, -6.517968567295398, 0.0 ], [ 106.788590809118716, -6.51786871376995, 0.0 ], [ 106.788544447268535, -6.517758528832864, 0.0 ], [ 106.788433300056923, -6.517529028141968, 0.0 ], [ 106.78831341593154, -6.517428299576213, 0.0 ], [ 106.788236419575313, -6.517262994291553, 0.0 ], [ 106.788234290879956, -6.517258422138319, 0.0 ], [ 106.788160684068473, -6.517139173833666, 0.0 ], [ 106.788045201225188, -6.516983254773248, 0.0 ], [ 106.78791533912171, -6.516778816389071, 0.0 ], [ 106.787795998186979, -6.516542194866251, 0.0 ], [ 106.787761732218343, -6.516474255582274, 0.0 ], [ 106.787642535175081, -6.516184578555286, 0.0 ], [ 106.787607878900616, -6.516100357045698, 0.0 ], [ 106.787487480363069, -6.515987433673001, 0.0 ], [ 106.787357454583059, -6.515865482905561, 0.0 ], [ 106.787326502616196, -6.515841982721184, 0.0 ], [ 106.787121092964242, -6.515686031285153, 0.0 ], [ 106.786912955668498, -6.515645164292696, 0.0 ], [ 106.786677133642939, -6.515618261973035, 0.0 ], [ 106.786621523164939, -6.515576853588758, 0.0 ], [ 106.78657958058335, -6.515479923759262, 0.0 ], [ 106.786565372194318, -6.515382895903734, 0.0 ], [ 106.786505969275282, -6.515265117990623, 0.0 ], [ 106.78650076040195, -6.515254789276916, 0.0 ], [ 106.786467277742901, -6.515092008389303, 0.0 ], [ 106.786466837075054, -6.514967195079837, 0.0 ], [ 106.786452676350109, -6.514884034770176, 0.0 ], [ 106.786442374616058, -6.514815429088596, 0.0 ], [ 106.786515472411253, -6.514801100190439, 0.0 ], [ 106.786891776634405, -6.514727335098272, 0.0 ], [ 106.786861319294644, -6.514176209864022, 0.0 ], [ 106.786993418012031, -6.514159219871942, 0.0 ], [ 106.787070203926902, -6.514127951343731, 0.0 ], [ 106.787098949856812, -6.514004344924409, 0.0 ], [ 106.787107339632172, -6.513880715122724, 0.0 ], [ 106.787430624323989, -6.513936595397443, 0.0 ], [ 106.787499227307649, -6.514525600076251, 0.0 ], [ 106.788087804808512, -6.514361946846261, 0.0 ], [ 106.788220804646585, -6.514351971566104, 0.0 ], [ 106.788315628263817, -6.514294611906681, 0.0 ], [ 106.78837166591984, -6.51401879792898, 0.0 ], [ 106.78853293774506, -6.513942193677149, 0.0 ], [ 106.788913472379008, -6.514064398053367, 0.0 ], [ 106.789097807318143, -6.513890732671026, 0.0 ], [ 106.789132538236188, -6.513858011737685, 0.0 ], [ 106.789571828277417, -6.513734531223427, 0.0 ], [ 106.78972865295512, -6.51376010164725, 0.0 ], [ 106.789863508993889, -6.513729143385074, 0.0 ], [ 106.789950737836449, -6.513772378292462, 0.0 ], [ 106.790063748443359, -6.513719723885938, 0.0 ], [ 106.790142299727506, -6.513771698404938, 0.0 ], [ 106.790294477608285, -6.513714550985608, 0.0 ], [ 106.790477131714439, -6.513657295647537, 0.0 ], [ 106.79066409267395, -6.513586963267617, 0.0 ], [ 106.790877392977421, -6.513577497003755, 0.0 ], [ 106.791644985028228, -6.513953606973235, 0.0 ], [ 106.791632264117851, -6.514049448622963, 0.0 ], [ 106.791706399730714, -6.514084021260427, 0.0 ], [ 106.792007421705335, -6.514257129063097, 0.0 ], [ 106.792133556118841, -6.514221845961323, 0.0 ], [ 106.792077266652683, -6.51430913415906, 0.0 ], [ 106.79248701666269, -6.514232296982794, 0.0 ], [ 106.7929052580714, -6.514268828343575, 0.0 ], [ 106.793352072740134, -6.514324264353135, 0.0 ], [ 106.79365645368253, -6.514408717887878, 0.0 ], [ 106.79380927277991, -6.514442512611698, 0.0 ], [ 106.793911365617205, -6.514448154958288, 0.0 ], [ 106.794019376892862, -6.514429755728504, 0.0 ], [ 106.794084825954144, -6.514261376561095, 0.0 ], [ 106.794180680194415, -6.514200985287069, 0.0 ], [ 106.794360871057535, -6.51421836018903, 0.0 ], [ 106.794388731155237, -6.514191698887686, 0.0 ], [ 106.794719907397933, -6.513874786791831, 0.0 ], [ 106.794863601973816, -6.513760177190289, 0.0 ], [ 106.795163427850028, -6.513651016580937, 0.0 ], [ 106.795398275010513, -6.513842348245582, 0.0 ], [ 106.795830982913699, -6.513954908292288, 0.0 ], [ 106.796083873172392, -6.513991739127292, 0.0 ], [ 106.79623347809266, -6.51401352790181, 0.0 ], [ 106.796483539983598, -6.513418122748007, 0.0 ], [ 106.796466765828725, -6.513766485035113, 0.0 ], [ 106.79639578413834, -6.514066997094083, 0.0 ] ] ] ] } }
]
}
