{
"type": "FeatureCollection",
"name": "TANJUNGSARI",
"crs": { "type": "name", "properties": { "name": "urn:ogc:def:crs:OGC:1.3:CRS84" } },
"features": [
{ "type": "Feature", "properties": { "PROVNO": "32", "KABKOTNO": "01", "KECNO": "161", "DESANO": "001", "PROVINSI": "JAWA BARAT", "KABKOT": "BOGOR", "KECAMATAN": "TANJUNGSARI", "ID2013": "3201161001", "DESA": "CIBADAK", "DESA_1": "CIBADAK", "ID2012": "3201161001", "IDKAB2": "3201", "IDKEC_2": "3201161", "WILAYAH": "TIMUR" }, "geometry": { "type": "MultiPolygon", "coordinates": [ [ [ [ 107.133840000315985, -6.594689999943384, 0.0 ], [ 107.134110000176506, -6.595110000426043, 0.0 ], [ 107.134179999807301, -6.59526000014873, 0.0 ], [ 107.134230000314417, -6.595570000055275, 0.0 ], [ 107.134170000245504, -6.595759999823994, 0.0 ], [ 107.134050000107592, -6.595879999961909, 0.0 ], [ 107.133869999900753, -6.595949999592623, 0.0 ], [ 107.13358000001719, -6.596000000099735, 0.0 ], [ 107.133199999580469, -6.596000000099735, 0.0 ], [ 107.131839999816293, -6.596020000122707, 0.0 ], [ 107.131409999771819, -6.596129999799452, 0.0 ], [ 107.131360000163994, -6.596220000352595, 0.0 ], [ 107.131300000095081, -6.596630000373995, 0.0 ], [ 107.13138000018705, -6.597090000003316, 0.0 ], [ 107.131469999840832, -6.597150000072318, 0.0 ], [ 107.131719999678367, -6.59717999965709, 0.0 ], [ 107.132340000390826, -6.597219999703032, 0.0 ], [ 107.132410000021636, -6.597290000233116, 0.0 ], [ 107.132419999583433, -6.597399999909861, 0.0 ], [ 107.132530000159548, -6.597439999955892, 0.0 ], [ 107.132670000320431, -6.597620000162721, 0.0 ], [ 107.132719999928185, -6.597780000346578, 0.0 ], [ 107.132730000389344, -6.597999999700068, 0.0 ], [ 107.132779999997183, -6.598110000276094, 0.0 ], [ 107.13314999997273, -6.59825000043698, 0.0 ], [ 107.133310000156584, -6.598309999606613, 0.0 ], [ 107.133325399247923, -6.598571782361731, 0.0 ], [ 107.133330000179555, -6.598649999997388, 0.0 ], [ 107.133310000156584, -6.598939999880962, 0.0 ], [ 107.133319999718381, -6.599060000018788, 0.0 ], [ 107.133390000248468, -6.599180000156704, 0.0 ], [ 107.134030000084621, -6.599380000386503, 0.0 ], [ 107.134259999899285, -6.59953999967108, 0.0 ], [ 107.13452000019808, -6.599980000176711, 0.0 ], [ 107.13452000019808, -6.600160000383539, 0.0 ], [ 107.13452000019808, -6.600250000037313, 0.0 ], [ 107.13452000019808, -6.600439999805943, 0.0 ], [ 107.134649999897789, -6.600769999735547, 0.0 ], [ 107.134779999597512, -6.601099999665152, 0.0 ], [ 107.134819999643454, -6.601390000448006, 0.0 ], [ 107.134819999643454, -6.601540000170694, 0.0 ], [ 107.134529999759877, -6.601709999916441, 0.0 ], [ 107.134259999899285, -6.601859999639128, 0.0 ], [ 107.134164142061707, -6.602088994011659, 0.0 ], [ 107.134079999692361, -6.602289999683588, 0.0 ], [ 107.134030000084621, -6.602520000397529, 0.0 ], [ 107.13401000006165, -6.602619999613104, 0.0 ], [ 107.133949999992737, -6.602859999888935, 0.0 ], [ 107.133820000292928, -6.603060000118735, 0.0 ], [ 107.133680000132046, -6.603100000164677, 0.0 ], [ 107.13351000038638, -6.603160000233679, 0.0 ], [ 107.133379999787294, -6.603350000002397, 0.0 ], [ 107.133330000179555, -6.603519999748055, 0.0 ], [ 107.133330000179555, -6.603800000069739, 0.0 ], [ 107.133490000363409, -6.604069999930431, 0.0 ], [ 107.133680000132046, -6.604270000160231, 0.0 ], [ 107.133820000292928, -6.604499999974891, 0.0 ], [ 107.13358000001719, -6.604700000204691, 0.0 ], [ 107.133040000295978, -6.605150000272122, 0.0 ], [ 107.132860000089153, -6.605429999694614, 0.0 ], [ 107.132840000066096, -6.605560000293611, 0.0 ], [ 107.133049999857775, -6.605739999601159, 0.0 ], [ 107.133270000110642, -6.605830000154214, 0.0 ], [ 107.13351000038638, -6.605859999739074, 0.0 ], [ 107.133860000338956, -6.605910000246098, 0.0 ], [ 107.134090000153535, -6.606050000407073, 0.0 ], [ 107.134110000176506, -6.606149999622648, 0.0 ], [ 107.134050000107592, -6.606260000198674, 0.0 ], [ 107.133929999969766, -6.606340000290647, 0.0 ], [ 107.133709999716899, -6.60640999992145, 0.0 ], [ 107.133459999879278, -6.606420000382531, 0.0 ], [ 107.132929999719863, -6.606469999990363, 0.0 ], [ 107.13286999965095, -6.606650000197192, 0.0 ], [ 107.132829999604922, -6.606819999942939, 0.0 ], [ 107.132800000020154, -6.607020000172739, 0.0 ], [ 107.132779999997183, -6.607180000356507, 0.0 ], [ 107.132889999673921, -6.607310000056312, 0.0 ], [ 107.13314999997273, -6.607510000286112, 0.0 ], [ 107.133439999856307, -6.607740000100772, 0.0 ], [ 107.13351000038638, -6.607869999800489, 0.0 ], [ 107.133780000246986, -6.608359999913862, 0.0 ], [ 107.133979999577505, -6.608640000235635, 0.0 ], [ 107.134066532344775, -6.608808257095191, 0.0 ], [ 107.13415999978433, -6.608990000188211, 0.0 ], [ 107.134170000245504, -6.609179999956929, 0.0 ], [ 107.134079999692361, -6.609340000140698, 0.0 ], [ 107.133970000015708, -6.609380000186729, 0.0 ], [ 107.133479999902249, -6.609549999932387, 0.0 ], [ 107.13343000029441, -6.609650000047242, 0.0 ], [ 107.13314999997273, -6.610470000090309, 0.0 ], [ 107.13314999997273, -6.610480338696547, 0.0 ], [ 107.13314999997273, -6.610770000435053, 0.0 ], [ 107.13321999960344, -6.610949999742601, 0.0 ], [ 107.133390000248468, -6.611129999949341, 0.0 ], [ 107.13349999992522, -6.61131000015617, 0.0 ], [ 107.133399999810266, -6.611459999878946, 0.0 ], [ 107.133339999741352, -6.611609999601633, 0.0 ], [ 107.133379999787294, -6.611689999693606, 0.0 ], [ 107.133470000340438, -6.611809999831433, 0.0 ], [ 107.133640000086103, -6.611900000384576, 0.0 ], [ 107.133769999785812, -6.612019999623122, 0.0 ], [ 107.133780000246986, -6.612170000245179, 0.0 ], [ 107.133820000292928, -6.612319999967866, 0.0 ], [ 107.133900000384898, -6.612389999598669, 0.0 ], [ 107.134070000130563, -6.612429999644611, 0.0 ], [ 107.134239999876314, -6.612520000197666, 0.0 ], [ 107.13448999971385, -6.612709999966384, 0.0 ], [ 107.134529999759877, -6.6128399996661, 0.0 ], [ 107.134569999805819, -6.612990000288068, 0.0 ], [ 107.134600000289964, -6.613110000425984, 0.0 ], [ 107.134709999966702, -6.613289999733531, 0.0 ], [ 107.135199524338773, -6.61365474407102, 0.0 ], [ 107.135220000103146, -6.61367000017016, 0.0 ], [ 107.135369999825826, -6.613790000308075, 0.0 ], [ 107.135550000032651, -6.614040000145707, 0.0 ], [ 107.13571000021652, -6.614080000191649, 0.0 ], [ 107.136149999822777, -6.614220000352624, 0.0 ], [ 107.136280000421863, -6.614319999568199, 0.0 ], [ 107.136310000006716, -6.614470000190167, 0.0 ], [ 107.136269999960689, -6.614639999935914, 0.0 ], [ 107.136149999822777, -6.61476999963563, 0.0 ], [ 107.136089999753864, -6.614869999750486, 0.0 ], [ 107.135879999962171, -6.615480000001774, 0.0 ], [ 107.135879999962171, -6.615760000323547, 0.0 ], [ 107.135830000354431, -6.616099999814953, 0.0 ], [ 107.135340000240973, -6.616400000159697, 0.0 ], [ 107.13520000008009, -6.616529999859413, 0.0 ], [ 107.135099999965135, -6.616600000389585, 0.0 ], [ 107.134899999735339, -6.616730000089301, 0.0 ], [ 107.134400000060083, -6.616839999765958, 0.0 ], [ 107.134380000037112, -6.61689999983496, 0.0 ], [ 107.134429999644937, -6.617010000410986, 0.0 ], [ 107.134629999874818, -6.617450000017335, 0.0 ], [ 107.134529999759877, -6.617510000086249, 0.0 ], [ 107.134330000429358, -6.61755999969408, 0.0 ], [ 107.134119999738303, -6.617639999785965, 0.0 ], [ 107.133949999992737, -6.61775999992388, 0.0 ], [ 107.133860000338956, -6.617840000015764, 0.0 ], [ 107.133680000132046, -6.618020000222682, 0.0 ], [ 107.13351000038638, -6.618169999945369, 0.0 ], [ 107.133660000109074, -6.618259999599143, 0.0 ], [ 107.133889999923724, -6.61839999976003, 0.0 ], [ 107.133929999969766, -6.618490000313084, 0.0 ], [ 107.133869999900753, -6.618599999989829, 0.0 ], [ 107.133840000315985, -6.618729999689545, 0.0 ], [ 107.133880000361927, -6.618920000357544, 0.0 ], [ 107.133979999577505, -6.619030000034289, 0.0 ], [ 107.134130000199562, -6.619190000218147, 0.0 ], [ 107.13405999966939, -6.61927000031012, 0.0 ], [ 107.133860000338956, -6.619319999917863, 0.0 ], [ 107.13351000038638, -6.619480000101721, 0.0 ], [ 107.133490000363409, -6.61968999989341, 0.0 ], [ 107.13358000001719, -6.619930000169241, 0.0 ], [ 107.133649999647986, -6.620360000213701, 0.0 ], [ 107.133589999578987, -6.620579999567191, 0.0 ], [ 107.133506958879167, -6.620623962925389, 0.0 ], [ 107.133419999833237, -6.620670000120246, 0.0 ], [ 107.133040000295978, -6.620870000350045, 0.0 ], [ 107.132690000343402, -6.621209999841451, 0.0 ], [ 107.132670000320431, -6.621350000002337, 0.0 ], [ 107.132550000182519, -6.621719999977884, 0.0 ], [ 107.132539999721345, -6.621829999654629, 0.0 ], [ 107.132510000136577, -6.622230000114229, 0.0 ], [ 107.132430000044607, -6.62249999997492, 0.0 ], [ 107.132320000367855, -6.622869999950378, 0.0 ], [ 107.132280000321913, -6.623170000295122, 0.0 ], [ 107.132160000184086, -6.623440000155725, 0.0 ], [ 107.132040000046089, -6.623480000201667, 0.0 ], [ 107.131540000370904, -6.623520000247609, 0.0 ], [ 107.131300000095081, -6.62354999983247, 0.0 ], [ 107.131150000372401, -6.623680000431555, 0.0 ], [ 107.131119999888256, -6.623810000131272, 0.0 ], [ 107.131019999773315, -6.624059999968814, 0.0 ], [ 107.130760000373868, -6.624469999990392, 0.0 ], [ 107.13051669688825, -6.62477203100428, 0.0 ], [ 107.130469999590929, -6.624830000404049, 0.0 ], [ 107.130440000006161, -6.624909999596653, 0.0 ], [ 107.130419999983189, -6.624989999688538, 0.0 ], [ 107.130419999983189, -6.625109999826453, 0.0 ], [ 107.130469999590929, -6.625599999939915, 0.0 ], [ 107.130410000421392, -6.625980000376543, 0.0 ], [ 107.130350000352394, -6.626210000191204, 0.0 ], [ 107.130390000398421, -6.626419999982804, 0.0 ], [ 107.130480000052188, -6.626669999820436, 0.0 ], [ 107.130509999636956, -6.626839999566183, 0.0 ], [ 107.130540000121101, -6.626899999635096, 0.0 ], [ 107.130689999843796, -6.627050000257153, 0.0 ], [ 107.130910000096563, -6.627210000441011, 0.0 ], [ 107.130999999750344, -6.627329999679645, 0.0 ], [ 107.131019999773315, -6.627449999817472, 0.0 ], [ 107.130979999727373, -6.627659999609161, 0.0 ], [ 107.131079999842314, -6.627970000414987, 0.0 ], [ 107.131179999957254, -6.62826999986045, 0.0 ], [ 107.131240000026168, -6.628510000136281, 0.0 ], [ 107.131170000395372, -6.628829999604626, 0.0 ], [ 107.131119999888256, -6.629029999834515, 0.0 ], [ 107.131159999934198, -6.629290000133228, 0.0 ], [ 107.131179999957254, -6.629450000317085, 0.0 ], [ 107.131449999817761, -6.629510000386087, 0.0 ], [ 107.131600000439818, -6.629609999601662, 0.0 ], [ 107.131699999655396, -6.629820000292632, 0.0 ], [ 107.131619999563512, -6.630030000084233, 0.0 ], [ 107.131580000416847, -6.630130000199177, 0.0 ], [ 107.131520000347933, -6.630250000337092, 0.0 ], [ 107.131540000370904, -6.630799999620098, 0.0 ], [ 107.131500000324962, -6.631209999641587, 0.0 ], [ 107.131489999863803, -6.631460000378588, 0.0 ], [ 107.131529999909745, -6.631659999709107, 0.0 ], [ 107.131598165822922, -6.631806819429045, 0.0 ], [ 107.131790000208539, -6.632220000352564, 0.0 ], [ 107.131899999885292, -6.632439999706055, 0.0 ], [ 107.13199000043835, -6.63276000007377, 0.0 ], [ 107.132029999585001, -6.6330000003496, 0.0 ], [ 107.132189999768855, -6.633480000001803, 0.0 ], [ 107.13228999988381, -6.633680000231692, 0.0 ], [ 107.132430000044607, -6.633829999954379, 0.0 ], [ 107.132820000043125, -6.634019999723009, 0.0 ], [ 107.133029999834804, -6.634110000276152, 0.0 ], [ 107.133120000387862, -6.634199999929837, 0.0 ], [ 107.133129999949659, -6.634440000205668, 0.0 ], [ 107.133129999949659, -6.634629999974386, 0.0 ], [ 107.133210000041643, -6.63491000029607, 0.0 ], [ 107.133350000202526, -6.635229999764505, 0.0 ], [ 107.133379999787294, -6.635389999948362, 0.0 ], [ 107.133279999672439, -6.635610000201222, 0.0 ], [ 107.133100000364891, -6.635920000107767, 0.0 ], [ 107.133029999834804, -6.636100000314595, 0.0 ], [ 107.133120000387862, -6.6364300002442, 0.0 ], [ 107.13314999997273, -6.636749999712546, 0.0 ], [ 107.133190000018672, -6.637030000034319, 0.0 ], [ 107.13321999960344, -6.637119999688093, 0.0 ], [ 107.133270000110642, -6.637310000356091, 0.0 ], [ 107.133279999672439, -6.637409999571666, 0.0 ], [ 107.13294999974292, -6.638389999798502, 0.0 ], [ 107.132860000089153, -6.638590000028302, 0.0 ], [ 107.132759999974212, -6.638810000281161, 0.0 ], [ 107.132670000320431, -6.638969999565649, 0.0 ], [ 107.132599999790358, -6.639129999749507, 0.0 ], [ 107.132550000182519, -6.639470000140282, 0.0 ], [ 107.132550000182519, -6.639730000438995, 0.0 ], [ 107.132530000159548, -6.639920000207624, 0.0 ], [ 107.132519999698374, -6.639980000276626, 0.0 ], [ 107.131970000415379, -6.640729999789432, 0.0 ], [ 107.131349999702906, -6.641299999994867, 0.0 ], [ 107.130212502105465, -6.642176821902659, 0.0 ], [ 107.129909999846845, -6.642409999921419, 0.0 ], [ 107.128960000104058, -6.642929999619653, 0.0 ], [ 107.127770000085633, -6.64327000001034, 0.0 ], [ 107.127389999648912, -6.643390000148166, 0.0 ], [ 107.126915793429276, -6.643546272642222, 0.0 ], [ 107.126510000436298, -6.643680000031829, 0.0 ], [ 107.125880000162041, -6.643889999823518, 0.0 ], [ 107.125390000048668, -6.64392999986946, 0.0 ], [ 107.12500000005015, -6.643869999800458, 0.0 ], [ 107.12471999972837, -6.643720000077771, 0.0 ], [ 107.12420999959194, -6.643579999916884, 0.0 ], [ 107.123660000308931, -6.643579999916884, 0.0 ], [ 107.123010000011703, -6.643669999570658, 0.0 ], [ 107.122399999760418, -6.643789999708574, 0.0 ], [ 107.122140000360901, -6.643809999731545, 0.0 ], [ 107.121340000340894, -6.643720000077771, 0.0 ], [ 107.120609999951682, -6.643689999593629, 0.0 ], [ 107.119890000023645, -6.643740000100742, 0.0 ], [ 107.119179999657419, -6.643889999823518, 0.0 ], [ 107.118350000052629, -6.644139999661061, 0.0 ], [ 107.117530000009651, -6.644239999776005, 0.0 ], [ 107.116709999966673, -6.644239999776005, 0.0 ], [ 107.115999999600447, -6.644170000145202, 0.0 ], [ 107.11527999967241, -6.644020000422515, 0.0 ], [ 107.114719999928241, -6.643820000192715, 0.0 ], [ 107.114049999607943, -6.643559999893913, 0.0 ], [ 107.113420000233049, -6.643419999733027, 0.0 ], [ 107.112749999912765, -6.643370000125195, 0.0 ], [ 107.112190000168496, -6.643370000125195, 0.0 ], [ 107.11155999989424, -6.643410000171226, 0.0 ], [ 107.110479999552552, -6.64351000028617, 0.0 ], [ 107.109569999855793, -6.6437000000548, 0.0 ], [ 107.108729999789844, -6.643869999800458, 0.0 ], [ 107.108100000414865, -6.644000000399544, 0.0 ], [ 107.10733018793799, -6.644016919345166, 0.0 ], [ 107.107189999818743, -6.644020000422515, 0.0 ], [ 107.105990000238506, -6.644029999984316, 0.0 ], [ 107.10527999987228, -6.644099999615118, 0.0 ], [ 107.104624232222676, -6.64419979108736, 0.0 ], [ 107.104359999714447, -6.644239999776005, 0.0 ], [ 107.103692833157865, -6.644415215589596, 0.0 ], [ 107.103369999925718, -6.644500000074807, 0.0 ], [ 107.102600000389856, -6.644879999612154, 0.0 ], [ 107.10240000016006, -6.645119999887896, 0.0 ], [ 107.102170000345481, -6.645380000186698, 0.0 ], [ 107.101970000115585, -6.645469999840472, 0.0 ], [ 107.101580000117082, -6.645529999909385, 0.0 ], [ 107.100949999842811, -6.645589999978387, 0.0 ], [ 107.100665089222645, -6.645674702625328, 0.0 ], [ 107.100579999867264, -6.645699999655132, 0.0 ], [ 107.100020000123095, -6.645890000323131, 0.0 ], [ 107.098999999850221, -6.64608999965365, 0.0 ], [ 107.098070000130591, -6.646200000229676, 0.0 ], [ 107.097179999557525, -6.646260000298678, 0.0 ], [ 107.095779999747407, -6.646189999768506, 0.0 ], [ 107.094740000350939, -6.646120000137703, 0.0 ], [ 107.093980000376959, -6.645990000437987, 0.0 ], [ 107.093180000356867, -6.645750000162156, 0.0 ], [ 107.092066702616378, -6.645316002631265, 0.0 ], [ 107.091999999900224, -6.645289999633643, 0.0 ], [ 107.091219999903274, -6.644979999727099, 0.0 ], [ 107.090310000206529, -6.644589999728581, 0.0 ], [ 107.089100000165033, -6.644079999592147, 0.0 ], [ 107.088180000007199, -6.643619999962915, 0.0 ], [ 107.087489999663944, -6.643310000056282, 0.0 ], [ 107.086579999967185, -6.642920000057853, 0.0 ], [ 107.086317599377836, -6.642798891955106, 0.0 ], [ 107.085929999669958, -6.642619999713109, 0.0 ], [ 107.085369999925689, -6.642369999875388, 0.0 ], [ 107.084870000250518, -6.642160000083788, 0.0 ], [ 107.084460000229029, -6.642050000407043, 0.0 ], [ 107.079870075443807, -6.640923988950789, 0.0 ], [ 107.079959999554447, -6.640589999628634, 0.0 ], [ 107.080039999646417, -6.640459999928918, 0.0 ], [ 107.080170000245502, -6.64027999972209, 0.0 ], [ 107.080310000406399, -6.640170000045345, 0.0 ], [ 107.080360000014139, -6.640120000437513, 0.0 ], [ 107.080500000175022, -6.639960000253655, 0.0 ], [ 107.080600000289962, -6.639869999700601, 0.0 ], [ 107.080230308781893, -6.639590845640821, 0.0 ], [ 107.07962000006313, -6.639129999749507, 0.0 ], [ 107.079020000273005, -6.638650000097215, 0.0 ], [ 107.078470000090547, -6.637950000192152, 0.0 ], [ 107.078269999860751, -6.637560000193634, 0.0 ], [ 107.078220000252998, -6.636539999920856, 0.0 ], [ 107.078100000115086, -6.636290000083225, 0.0 ], [ 107.077859999839262, -6.63600000019974, 0.0 ], [ 107.077409999771916, -6.635590000178162, 0.0 ], [ 107.077229999564992, -6.635459999579165, 0.0 ], [ 107.076820000442879, -6.635220000202704, 0.0 ], [ 107.07646000002913, -6.634979999926873, 0.0 ], [ 107.076230000214565, -6.634830000204186, 0.0 ], [ 107.07590000028496, -6.634679999582129, 0.0 ], [ 107.07568999959399, -6.634620000412585, 0.0 ], [ 107.07504000019604, -6.634549999882413, 0.0 ], [ 107.074590000128609, -6.633769999885466, 0.0 ], [ 107.074320000268003, -6.633359999863977, 0.0 ], [ 107.073589999878806, -6.632729999589628, 0.0 ], [ 107.072999999650477, -6.632260000398595, 0.0 ], [ 107.072210000091644, -6.631659999709107, 0.0 ], [ 107.071570000255491, -6.631110000426013, 0.0 ], [ 107.071361898932651, -6.63096631124608, 0.0 ], [ 107.070730000189542, -6.630529999759496, 0.0 ], [ 107.069790000008652, -6.629869999900375, 0.0 ], [ 107.068920000357849, -6.629319999718088, 0.0 ], [ 107.068100000314956, -6.628880000111739, 0.0 ], [ 107.06740000040989, -6.628510000136281, 0.0 ], [ 107.067229999764862, -6.628080000091732, 0.0 ], [ 107.067200000180009, -6.627779999746988, 0.0 ], [ 107.067280000271978, -6.627349999702616, 0.0 ], [ 107.067429999994658, -6.626850000027353, 0.0 ], [ 107.067659999809322, -6.626449999567665, 0.0 ], [ 107.067799999970205, -6.62613999966112, 0.0 ], [ 107.067980000177045, -6.625780000146744, 0.0 ], [ 107.068089999853783, -6.62549000026317, 0.0 ], [ 107.068339999691418, -6.625000000149708, 0.0 ], [ 107.06837999973736, -6.624880000011881, 0.0 ], [ 107.068599999990127, -6.624440000405531, 0.0 ], [ 107.06880999978182, -6.624169999645648, 0.0 ], [ 107.069059999619441, -6.624030000384042, 0.0 ], [ 107.069509999686886, -6.623839999716044, 0.0 ], [ 107.070409999821834, -6.623449999717526, 0.0 ], [ 107.071350000002639, -6.623139999810981, 0.0 ], [ 107.072430000344411, -6.622889999973349, 0.0 ], [ 107.07368000043185, -6.622439999905918, 0.0 ], [ 107.074639999736348, -6.621960000253626, 0.0 ], [ 107.075209999941691, -6.621149999772538, 0.0 ], [ 107.075729999639933, -6.620690000143217, 0.0 ], [ 107.076419999983187, -6.620170000444983, 0.0 ], [ 107.077349999702918, -6.619609999801437, 0.0 ], [ 107.078389999998663, -6.618889999873403, 0.0 ], [ 107.079589999578985, -6.618080000291595, 0.0 ], [ 107.080709999966714, -6.617389999948422, 0.0 ], [ 107.081509999986721, -6.616810000181186, 0.0 ], [ 107.082140000260978, -6.616239999975839, 0.0 ], [ 107.083090000003665, -6.615250000187203, 0.0 ], [ 107.083192324866033, -6.615147675324842, 0.0 ], [ 107.083509999586965, -6.614829999704543, 0.0 ], [ 107.084119999838336, -6.614289999983338, 0.0 ], [ 107.084990000388345, -6.613509999986391, 0.0 ], [ 107.085619999763409, -6.612950000242126, 0.0 ], [ 107.086419999783331, -6.612509999736496, 0.0 ], [ 107.087210000241527, -6.612259999898953, 0.0 ], [ 107.088180000007199, -6.612170000245179, 0.0 ], [ 107.089470000140579, -6.612139999761038, 0.0 ], [ 107.090219999653385, -6.612070000130235, 0.0 ], [ 107.09062999967496, -6.611869999900435, 0.0 ], [ 107.090689999743873, -6.611740000200719, 0.0 ], [ 107.090880000411872, -6.611259999649146, 0.0 ], [ 107.091139999811304, -6.610659999858939, 0.0 ], [ 107.091210000341391, -6.610430000044278, 0.0 ], [ 107.091250000387419, -6.610309999906363, 0.0 ], [ 107.091389999648939, -6.610189999768536, 0.0 ], [ 107.09162000036288, -6.609839999815961, 0.0 ], [ 107.091790000108546, -6.609560000393557, 0.0 ], [ 107.091950000292485, -6.609420000232671, 0.0 ], [ 107.092089999554005, -6.609260000048813, 0.0 ], [ 107.092249999737859, -6.609090000303155, 0.0 ], [ 107.092900000035172, -6.608620000212664, 0.0 ], [ 107.093160000333896, -6.608430000444034, 0.0 ], [ 107.093174114294115, -6.608426986815843, 0.0 ], [ 107.09405000000767, -6.608239999776035, 0.0 ], [ 107.09454999968294, -6.608029999984346, 0.0 ], [ 107.095229999565021, -6.607849999777518, 0.0 ], [ 107.095690000093626, -6.607579999916915, 0.0 ], [ 107.096439999606432, -6.607180000356507, 0.0 ], [ 107.096690000343443, -6.607100000264623, 0.0 ], [ 107.096940000181064, -6.607080000241652, 0.0 ], [ 107.097273428326247, -6.607203222650462, 0.0 ], [ 107.097399999810307, -6.60724999998731, 0.0 ], [ 107.097530000409392, -6.607270000010281, 0.0 ], [ 107.097709999716841, -6.60724999998731, 0.0 ], [ 107.098170000245446, -6.607160000333536, 0.0 ], [ 107.098389999598936, -6.607169999895426, 0.0 ], [ 107.098799999620425, -6.607240000425509, 0.0 ], [ 107.098959999804279, -6.607299999595142, 0.0 ], [ 107.099079999942205, -6.607419999733057, 0.0 ], [ 107.099209999642, -6.607570000355025, 0.0 ], [ 107.099309999756855, -6.607619999962857, 0.0 ], [ 107.099480000401883, -6.607570000355025, 0.0 ], [ 107.099679999732317, -6.607319999618113, 0.0 ], [ 107.099759999824286, -6.607279999572171, 0.0 ], [ 107.100189999868746, -6.607330000079283, 0.0 ], [ 107.100439999706381, -6.607359999664055, 0.0 ], [ 107.100579999867264, -6.60724999998731, 0.0 ], [ 107.10067999998212, -6.607160000333536, 0.0 ], [ 107.100940000280929, -6.607069999780482, 0.0 ], [ 107.10117999965739, -6.606929999619595, 0.0 ], [ 107.101800000369934, -6.606929999619595, 0.0 ], [ 107.102090000253511, -6.606880000011852, 0.0 ], [ 107.102320000068076, -6.606759999873937, 0.0 ], [ 107.102589999928767, -6.606559999644137, 0.0 ], [ 107.102859999789374, -6.606209999691561, 0.0 ], [ 107.10304999955801, -6.606050000407073, 0.0 ], [ 107.103149999672866, -6.605990000338071, 0.0 ], [ 107.103869999600988, -6.605620000362613, 0.0 ], [ 107.104160000383928, -6.605509999786499, 0.0 ], [ 107.104379999737418, -6.605469999740556, 0.0 ], [ 107.10468000008207, -6.605369999625612, 0.0 ], [ 107.105350000402353, -6.605349999602641, 0.0 ], [ 107.105489999663874, -6.605349999602641, 0.0 ], [ 107.105700000354844, -6.605179999856983, 0.0 ], [ 107.105870000100595, -6.604979999627094, 0.0 ], [ 107.106090000353362, -6.604589999628576, 0.0 ], [ 107.10618999956894, -6.604410000321117, 0.0 ], [ 107.106309999706951, -6.604310000206173, 0.0 ], [ 107.106429999844778, -6.604270000160231, 0.0 ], [ 107.106610000051688, -6.604310000206173, 0.0 ], [ 107.10698000002715, -6.604540000020833, 0.0 ], [ 107.107120000188033, -6.604620000112718, 0.0 ], [ 107.1073400004408, -6.604589999628576, 0.0 ], [ 107.107579999817261, -6.604589999628576, 0.0 ], [ 107.107760000024186, -6.604660000158749, 0.0 ], [ 107.108009999861821, -6.604720000227662, 0.0 ], [ 107.108319999768355, -6.604709999766492, 0.0 ], [ 107.108669999720846, -6.604609999651547, 0.0 ], [ 107.109090000203508, -6.604430000344088, 0.0 ], [ 107.109320000018158, -6.604319999767974, 0.0 ], [ 107.109669999970748, -6.60404999990746, 0.0 ], [ 107.109959999854311, -6.603749999562716, 0.0 ], [ 107.110010000361427, -6.60361000030111, 0.0 ], [ 107.110109999577006, -6.60341000007131, 0.0 ], [ 107.110300000245005, -6.603149999772508, 0.0 ], [ 107.110469999990656, -6.603060000118735, 0.0 ], [ 107.110690000243522, -6.603069999680624, 0.0 ], [ 107.110819999943232, -6.602890000373076, 0.0 ], [ 107.110759999874318, -6.60277999979705, 0.0 ], [ 107.110579999667408, -6.602500000374558, 0.0 ], [ 107.110599999690379, -6.602380000236643, 0.0 ], [ 107.110719999828291, -6.602180000006843, 0.0 ], [ 107.110850000427376, -6.60189999968507, 0.0 ], [ 107.110889999574042, -6.601640000285638, 0.0 ], [ 107.110889999574042, -6.601110000126234, 0.0 ], [ 107.110875899103647, -6.601044196732122, 0.0 ], [ 107.110859999989174, -6.600969999965347, 0.0 ], [ 107.110839999966203, -6.60082000024266, 0.0 ], [ 107.11112999984978, -6.600559999943858, 0.0 ], [ 107.111260000448866, -6.600439999805943, 0.0 ], [ 107.111379999687415, -6.60020000042957, 0.0 ], [ 107.111539999871269, -6.599679999831967, 0.0 ], [ 107.111570000355414, -6.59955000013225, 0.0 ], [ 107.111330000079576, -6.599280000271648, 0.0 ], [ 107.111189999918693, -6.599140000110761, 0.0 ], [ 107.111290000033634, -6.598739999651073, 0.0 ], [ 107.111319999618416, -6.598640000435498, 0.0 ], [ 107.111270000010663, -6.598560000343614, 0.0 ], [ 107.111160000333925, -6.598500000274612, 0.0 ], [ 107.111020000173028, -6.598509999836413, 0.0 ], [ 107.110900000035116, -6.598540000320643, 0.0 ], [ 107.110810000381349, -6.598480000251641, 0.0 ], [ 107.11069999980532, -6.598349999652644, 0.0 ], [ 107.110770000335407, -6.598130000299154, 0.0 ], [ 107.110889999574042, -6.597849999977381, 0.0 ], [ 107.110920000058087, -6.597720000277576, 0.0 ], [ 107.110790000358378, -6.597470000440033, 0.0 ], [ 107.110719999828291, -6.597350000302118, 0.0 ], [ 107.110719999828291, -6.597259999749063, 0.0 ], [ 107.110889999574042, -6.597020000372513, 0.0 ], [ 107.111069999780867, -6.596880000211716, 0.0 ], [ 107.111249999987692, -6.596809999681543, 0.0 ], [ 107.111590000378385, -6.596940000280629, 0.0 ], [ 107.111760000124121, -6.597000000349542, 0.0 ], [ 107.112090000053641, -6.597000000349542, 0.0 ], [ 107.112760000373939, -6.596829999704514, 0.0 ], [ 107.112939999681402, -6.59674999961263, 0.0 ], [ 107.112999999750315, -6.596690000442997, 0.0 ], [ 107.112979999727344, -6.596610000351024, 0.0 ], [ 107.11285000002762, -6.596479999752027, 0.0 ], [ 107.112680000281955, -6.596379999637083, 0.0 ], [ 107.113199999980196, -6.596289999983398, 0.0 ], [ 107.113540000370875, -6.596350000052311, 0.0 ], [ 107.113650000047627, -6.596350000052311, 0.0 ], [ 107.113819999793378, -6.596220000352595, 0.0 ], [ 107.113939999931205, -6.596049999707567, 0.0 ], [ 107.113950000392379, -6.59546999994042, 0.0 ], [ 107.113979999977147, -6.595360000263675, 0.0 ], [ 107.114109999676941, -6.595240000125759, 0.0 ], [ 107.114289999883781, -6.595189999618647, 0.0 ], [ 107.114530000159519, -6.59544999991736, 0.0 ], [ 107.1146199998133, -6.595539999571134, 0.0 ], [ 107.114690000343373, -6.595550000032304, 0.0 ], [ 107.114829999604979, -6.595420000332588, 0.0 ], [ 107.114889999673892, -6.595140000010815, 0.0 ], [ 107.114909999696948, -6.594950000242097, 0.0 ], [ 107.11506000031892, -6.594739999551127, 0.0 ], [ 107.11523000006467, -6.594529999759526, 0.0 ], [ 107.115290000133584, -6.594460000128723, 0.0 ], [ 107.115740000201015, -6.594480000151783, 0.0 ], [ 107.116030000084592, -6.594480000151783, 0.0 ], [ 107.116330000429329, -6.594429999644582, 0.0 ], [ 107.116509999736877, -6.594409999621611, 0.0 ], [ 107.116819999643425, -6.594299999944866, 0.0 ], [ 107.117079999942234, -6.594139999761008, 0.0 ], [ 107.117460000378941, -6.593889999923377, 0.0 ], [ 107.117719999778288, -6.593840000315634, 0.0 ], [ 107.118060000169066, -6.593869999900406, 0.0 ], [ 107.118284488938144, -6.593898061446204, 0.0 ], [ 107.118539999821351, -6.593929999969319, 0.0 ], [ 107.118800000120075, -6.593840000315634, 0.0 ], [ 107.11927999977236, -6.593669999670606, 0.0 ], [ 107.119439999956214, -6.593720000177719, 0.0 ], [ 107.119553691349935, -6.593820315954648, 0.0 ], [ 107.119609999701879, -6.593869999900406, 0.0 ], [ 107.119849999977703, -6.59417000024515, 0.0 ], [ 107.120170000345425, -6.594580000266639, 0.0 ], [ 107.120289999583974, -6.5946099998515, 0.0 ], [ 107.120380000137018, -6.594569999805469, 0.0 ], [ 107.120469999790799, -6.594449999667553, 0.0 ], [ 107.120520000298001, -6.594239999875953, 0.0 ], [ 107.120500000274944, -6.594010000061292, 0.0 ], [ 107.120380000137018, -6.593330000179201, 0.0 ], [ 107.12042000018306, -6.593160000433542, 0.0 ], [ 107.120520000298001, -6.593040000295627, 0.0 ], [ 107.120640000435827, -6.592989999788514, 0.0 ], [ 107.120799999720404, -6.593000000249685, 0.0 ], [ 107.121010000411374, -6.59308999990337, 0.0 ], [ 107.121300000294951, -6.593270000110198, 0.0 ], [ 107.121759999924265, -6.593640000085745, 0.0 ], [ 107.121829999554976, -6.593780000246721, 0.0 ], [ 107.121849999577947, -6.593940000430489, 0.0 ], [ 107.121799999970207, -6.594150000222179, 0.0 ], [ 107.121650000247513, -6.594449999667553, 0.0 ], [ 107.121530000109601, -6.594779999597158, 0.0 ], [ 107.121550000132572, -6.595050000357041, 0.0 ], [ 107.121630000224542, -6.595329999779533, 0.0 ], [ 107.121759999924265, -6.595489999963391, 0.0 ], [ 107.121949999692902, -6.59565000014716, 0.0 ], [ 107.122239999576465, -6.595779999846965, 0.0 ], [ 107.122419999783389, -6.595779999846965, 0.0 ], [ 107.122680000082099, -6.595710000216162, 0.0 ], [ 107.123030000034674, -6.595550000032304, 0.0 ], [ 107.123500000125077, -6.595360000263675, 0.0 ], [ 107.12407000033042, -6.595110000426043, 0.0 ], [ 107.124590000028661, -6.594810000081299, 0.0 ], [ 107.12500000005015, -6.594509999736555, 0.0 ], [ 107.125169999795801, -6.594380000036839, 0.0 ], [ 107.125769999586012, -6.593900000384547, 0.0 ], [ 107.125900000185013, -6.593889999923377, 0.0 ], [ 107.126080000391838, -6.59395999955418, 0.0 ], [ 107.126250000137588, -6.594079999692095, 0.0 ], [ 107.126669999720875, -6.594449999667553, 0.0 ], [ 107.126684287250256, -6.594449999667553, 0.0 ], [ 107.126789999858786, -6.594449999667553, 0.0 ], [ 107.126909999996613, -6.59440000005981, 0.0 ], [ 107.127050000157595, -6.594239999875953, 0.0 ], [ 107.127239999926218, -6.59395999955418, 0.0 ], [ 107.127520000247998, -6.593559999993861, 0.0 ], [ 107.127680000431852, -6.593499999924948, 0.0 ], [ 107.128349999852773, -6.593359999763972, 0.0 ], [ 107.128619999713379, -6.593299999695059, 0.0 ], [ 107.129660000009125, -6.592969999765543, 0.0 ], [ 107.129860000239006, -6.592960000203654, 0.0 ], [ 107.129960000353861, -6.593009999811485, 0.0 ], [ 107.129980000376932, -6.59308999990337, 0.0 ], [ 107.129920000307919, -6.593310000156229, 0.0 ], [ 107.129800000170093, -6.593829999854464, 0.0 ], [ 107.129780000147036, -6.594319999967837, 0.0 ], [ 107.129849999777846, -6.594409999621611, 0.0 ], [ 107.129949999892787, -6.594429999644582, 0.0 ], [ 107.130210000191497, -6.59440000005981, 0.0 ], [ 107.13033999989122, -6.594360000013779, 0.0 ], [ 107.131050000257446, -6.594139999761008, 0.0 ], [ 107.131569999955772, -6.594050000107234, 0.0 ], [ 107.132020000023118, -6.594030000084263, 0.0 ], [ 107.132260000298942, -6.594110000176236, 0.0 ], [ 107.132419999583433, -6.594239999875953, 0.0 ], [ 107.1326399998363, -6.594529999759526, 0.0 ], [ 107.132989999788862, -6.59526000014873, 0.0 ], [ 107.133129999949659, -6.595360000263675, 0.0 ], [ 107.13321999960344, -6.595329999779533, 0.0 ], [ 107.133470000340438, -6.595149999572616, 0.0 ], [ 107.133609999601958, -6.594979999826958, 0.0 ], [ 107.133840000315985, -6.594689999943384, 0.0 ] ] ] ] } },
{ "type": "Feature", "properties": { "PROVNO": "32", "KABKOTNO": "01", "KECNO": "161", "DESANO": "002", "PROVINSI": "JAWA BARAT", "KABKOT": "BOGOR", "KECAMATAN": "TANJUNGSARI", "ID2013": "3201161002", "DESA": "TANJUNG SARI", "DESA_1": "TANJUNG SARI", "ID2012": "3201161002", "IDKAB2": "3201", "IDKEC_2": "3201161", "WILAYAH": "TIMUR" }, "geometry": { "type": "MultiPolygon", "coordinates": [ [ [ [ 107.149079999842257, -6.611009999811515, 0.0 ], [ 107.149039999796315, -6.611060000318627, 0.0 ], [ 107.148910000096592, -6.611190000018343, 0.0 ], [ 107.148669999820854, -6.611470000340116, 0.0 ], [ 107.148489999613929, -6.611729999739548, 0.0 ], [ 107.148139999661453, -6.612360000013808, 0.0 ], [ 107.147989999938758, -6.612669999920442, 0.0 ], [ 107.147740000101123, -6.613460000378559, 0.0 ], [ 107.147539999871327, -6.613699999755021, 0.0 ], [ 107.147310000056578, -6.613890000423019, 0.0 ], [ 107.147040000195972, -6.614020000122736, 0.0 ], [ 107.146460000428917, -6.614260000398566, 0.0 ], [ 107.146360000313976, -6.614300000444508, 0.0 ], [ 107.145979999877255, -6.614670000419967, 0.0 ], [ 107.145960662654673, -6.614699006253968, 0.0 ], [ 107.145919999808342, -6.614760000073741, 0.0 ], [ 107.145859999739343, -6.614849999727515, 0.0 ], [ 107.145640000385853, -6.615270000210174, 0.0 ], [ 107.145449999717854, -6.615870000000292, 0.0 ], [ 107.146100000015167, -6.616019999723068, 0.0 ], [ 107.146300000244963, -6.616099999814953, 0.0 ], [ 107.146559999644495, -6.616529999859413, 0.0 ], [ 107.146340000290905, -6.616859999788929, 0.0 ], [ 107.146260000199021, -6.617089999603678, 0.0 ], [ 107.146260000199021, -6.617360000363561, 0.0 ], [ 107.146340000290905, -6.617699999854967, 0.0 ], [ 107.146414649416727, -6.61801725998842, 0.0 ], [ 107.146420000382889, -6.618040000245653, 0.0 ], [ 107.146690000243495, -6.61882999980449, 0.0 ], [ 107.146900000035174, -6.619250000287149, 0.0 ], [ 107.147029999734897, -6.619640000285667, 0.0 ], [ 107.147180000356954, -6.619959999754013, 0.0 ], [ 107.14741999973333, -6.620200000029755, 0.0 ], [ 107.147740000101123, -6.620329999729559, 0.0 ], [ 107.148110000076585, -6.620420000282614, 0.0 ], [ 107.1485099996369, -6.620489999913417, 0.0 ], [ 107.148769999935709, -6.620610000051332, 0.0 ], [ 107.148910000096592, -6.62077000023519, 0.0 ], [ 107.148970000165505, -6.621080000141735, 0.0 ], [ 107.148970000165505, -6.621200000279561, 0.0 ], [ 107.149050000257475, -6.621340000440536, 0.0 ], [ 107.149289999633936, -6.621530000209166, 0.0 ], [ 107.149340000141052, -6.621570000255108, 0.0 ], [ 107.149460000278964, -6.621710000416083, 0.0 ], [ 107.149483807132171, -6.621743064890353, 0.0 ], [ 107.149639999586512, -6.621960000253626, 0.0 ], [ 107.149670000070657, -6.622109999976402, 0.0 ], [ 107.149600000439847, -6.622339999790974, 0.0 ], [ 107.149480000301935, -6.622540000020862, 0.0 ], [ 107.149380000186994, -6.622780000296604, 0.0 ], [ 107.149380000186994, -6.622959999604152, 0.0 ], [ 107.149440000255993, -6.623139999810981, 0.0 ], [ 107.149469999840761, -6.623360000063752, 0.0 ], [ 107.149409999771848, -6.623520000247609, 0.0 ], [ 107.149139999911256, -6.624059999968814, 0.0 ], [ 107.149084230253209, -6.624171540184278, 0.0 ], [ 107.149059999819286, -6.624220000152761, 0.0 ], [ 107.148979999727402, -6.624400000359589, 0.0 ], [ 107.148930000119563, -6.624630000174161, 0.0 ], [ 107.148839999566505, -6.625000000149708, 0.0 ], [ 107.14882000044291, -6.625109999826453, 0.0 ], [ 107.148859999589476, -6.625330000079224, 0.0 ], [ 107.149039999796315, -6.625889999823489, 0.0 ], [ 107.14930000009511, -6.62613999966112, 0.0 ], [ 107.149589999978687, -6.626419999982804, 0.0 ], [ 107.149630000024715, -6.626580000166751, 0.0 ], [ 107.149659999609483, -6.626899999635096, 0.0 ], [ 107.149589999978687, -6.627369999725587, 0.0 ], [ 107.149520823227604, -6.627592356202108, 0.0 ], [ 107.14944999981779, -6.627819999793019, 0.0 ], [ 107.149369999725906, -6.628020000022818, 0.0 ], [ 107.149340000141052, -6.628249999837479, 0.0 ], [ 107.149349999702935, -6.628530000159252, 0.0 ], [ 107.149320000118081, -6.628639999835997, 0.0 ], [ 107.149210000441343, -6.629089999903428, 0.0 ], [ 107.149159999934227, -6.62955000043203, 0.0 ], [ 107.149050000257475, -6.630139999760978, 0.0 ], [ 107.14887000005065, -6.63064000033561, 0.0 ], [ 107.14882000044291, -6.630839999666041, 0.0 ], [ 107.148729999889767, -6.631429999894447, 0.0 ], [ 107.148620000213015, -6.631469999940389, 0.0 ], [ 107.148179999707395, -6.631619999663076, 0.0 ], [ 107.148139999661453, -6.631790000308104, 0.0 ], [ 107.148050000007672, -6.632410000121283, 0.0 ], [ 107.147940000330919, -6.632630000374053, 0.0 ], [ 107.147780000147065, -6.632820000142683, 0.0 ], [ 107.147229999964694, -6.633529999609635, 0.0 ], [ 107.147120000287941, -6.634030000184268, 0.0 ], [ 107.147029999734897, -6.634309999606582, 0.0 ], [ 107.146819999943204, -6.634710000066271, 0.0 ], [ 107.146739999851235, -6.634939999880931, 0.0 ], [ 107.146739999851235, -6.635010000411015, 0.0 ], [ 107.146739999851235, -6.635089999603618, 0.0 ], [ 107.146550000082598, -6.635200000179644, 0.0 ], [ 107.146530740201712, -6.635222762020678, 0.0 ], [ 107.14644000040586, -6.635329999879449, 0.0 ], [ 107.146380000336947, -6.635479999602136, 0.0 ], [ 107.146380000336947, -6.635650000247164, 0.0 ], [ 107.146209999691919, -6.635880000061736, 0.0 ], [ 107.146050000407342, -6.636069999830454, 0.0 ], [ 107.1460100003614, -6.636189999968369, 0.0 ], [ 107.146050000407342, -6.636270000060254, 0.0 ], [ 107.145449999717854, -6.636319999668086, 0.0 ], [ 107.144760000273962, -6.636350000152227, 0.0 ], [ 107.144379999837241, -6.636359999714028, 0.0 ], [ 107.144159999584474, -6.636359999714028, 0.0 ], [ 107.143753988056247, -6.636355726135736, 0.0 ], [ 107.143209999841773, -6.636350000152227, 0.0 ], [ 107.142699999705343, -6.636350000152227, 0.0 ], [ 107.141483064092355, -6.63694286562059, 0.0 ], [ 107.141139999711442, -6.637110000126292, 0.0 ], [ 107.140761987675731, -6.637312933045294, 0.0 ], [ 107.140189999968669, -6.637620000262636, 0.0 ], [ 107.138770000135565, -6.638209999591673, 0.0 ], [ 107.137179999657448, -6.638549999982359, 0.0 ], [ 107.136113917223639, -6.63861715505746, 0.0 ], [ 107.135910000446316, -6.638630000074244, 0.0 ], [ 107.135209999641972, -6.63857000000533, 0.0 ], [ 107.134790000058587, -6.63856000044353, 0.0 ], [ 107.132860000089153, -6.638590000028302, 0.0 ], [ 107.13294999974292, -6.638389999798502, 0.0 ], [ 107.133279999672439, -6.637409999571666, 0.0 ], [ 107.133270000110642, -6.637310000356091, 0.0 ], [ 107.13321999960344, -6.637119999688093, 0.0 ], [ 107.133190000018672, -6.637030000034319, 0.0 ], [ 107.13314999997273, -6.636749999712546, 0.0 ], [ 107.133120000387862, -6.6364300002442, 0.0 ], [ 107.133029999834804, -6.636100000314595, 0.0 ], [ 107.133100000364891, -6.635920000107767, 0.0 ], [ 107.133279999672439, -6.635610000201222, 0.0 ], [ 107.133379999787294, -6.635389999948362, 0.0 ], [ 107.133350000202526, -6.635229999764505, 0.0 ], [ 107.133210000041643, -6.63491000029607, 0.0 ], [ 107.133129999949659, -6.634629999974386, 0.0 ], [ 107.133129999949659, -6.634440000205668, 0.0 ], [ 107.133120000387862, -6.634199999929837, 0.0 ], [ 107.133029999834804, -6.634110000276152, 0.0 ], [ 107.132820000043125, -6.634019999723009, 0.0 ], [ 107.132430000044607, -6.633829999954379, 0.0 ], [ 107.13228999988381, -6.633680000231692, 0.0 ], [ 107.132189999768855, -6.633480000001803, 0.0 ], [ 107.132029999585001, -6.6330000003496, 0.0 ], [ 107.13199000043835, -6.63276000007377, 0.0 ], [ 107.131899999885292, -6.632439999706055, 0.0 ], [ 107.131790000208539, -6.632220000352564, 0.0 ], [ 107.131598165822922, -6.631806819429045, 0.0 ], [ 107.131529999909745, -6.631659999709107, 0.0 ], [ 107.131489999863803, -6.631460000378588, 0.0 ], [ 107.131500000324962, -6.631209999641587, 0.0 ], [ 107.131540000370904, -6.630799999620098, 0.0 ], [ 107.131520000347933, -6.630250000337092, 0.0 ], [ 107.131580000416847, -6.630130000199177, 0.0 ], [ 107.131619999563512, -6.630030000084233, 0.0 ], [ 107.131699999655396, -6.629820000292632, 0.0 ], [ 107.131600000439818, -6.629609999601662, 0.0 ], [ 107.131449999817761, -6.629510000386087, 0.0 ], [ 107.131179999957254, -6.629450000317085, 0.0 ], [ 107.131159999934198, -6.629290000133228, 0.0 ], [ 107.131119999888256, -6.629029999834515, 0.0 ], [ 107.131170000395372, -6.628829999604626, 0.0 ], [ 107.131240000026168, -6.628510000136281, 0.0 ], [ 107.131179999957254, -6.62826999986045, 0.0 ], [ 107.131079999842314, -6.627970000414987, 0.0 ], [ 107.130979999727373, -6.627659999609161, 0.0 ], [ 107.131019999773315, -6.627449999817472, 0.0 ], [ 107.130999999750344, -6.627329999679645, 0.0 ], [ 107.130910000096563, -6.627210000441011, 0.0 ], [ 107.130689999843796, -6.627050000257153, 0.0 ], [ 107.130540000121101, -6.626899999635096, 0.0 ], [ 107.130509999636956, -6.626839999566183, 0.0 ], [ 107.130480000052188, -6.626669999820436, 0.0 ], [ 107.130390000398421, -6.626419999982804, 0.0 ], [ 107.130350000352394, -6.626210000191204, 0.0 ], [ 107.130410000421392, -6.625980000376543, 0.0 ], [ 107.130469999590929, -6.625599999939915, 0.0 ], [ 107.130419999983189, -6.625109999826453, 0.0 ], [ 107.130419999983189, -6.624989999688538, 0.0 ], [ 107.130440000006161, -6.624909999596653, 0.0 ], [ 107.130469999590929, -6.624830000404049, 0.0 ], [ 107.13051669688825, -6.62477203100428, 0.0 ], [ 107.130760000373868, -6.624469999990392, 0.0 ], [ 107.131019999773315, -6.624059999968814, 0.0 ], [ 107.131119999888256, -6.623810000131272, 0.0 ], [ 107.131150000372401, -6.623680000431555, 0.0 ], [ 107.131300000095081, -6.62354999983247, 0.0 ], [ 107.131540000370904, -6.623520000247609, 0.0 ], [ 107.132040000046089, -6.623480000201667, 0.0 ], [ 107.132160000184086, -6.623440000155725, 0.0 ], [ 107.132280000321913, -6.623170000295122, 0.0 ], [ 107.132320000367855, -6.622869999950378, 0.0 ], [ 107.132430000044607, -6.62249999997492, 0.0 ], [ 107.132510000136577, -6.622230000114229, 0.0 ], [ 107.132539999721345, -6.621829999654629, 0.0 ], [ 107.132550000182519, -6.621719999977884, 0.0 ], [ 107.132670000320431, -6.621350000002337, 0.0 ], [ 107.132690000343402, -6.621209999841451, 0.0 ], [ 107.133040000295978, -6.620870000350045, 0.0 ], [ 107.133419999833237, -6.620670000120246, 0.0 ], [ 107.133506958879167, -6.620623962925389, 0.0 ], [ 107.133589999578987, -6.620579999567191, 0.0 ], [ 107.133649999647986, -6.620360000213701, 0.0 ], [ 107.13358000001719, -6.619930000169241, 0.0 ], [ 107.133490000363409, -6.61968999989341, 0.0 ], [ 107.13351000038638, -6.619480000101721, 0.0 ], [ 107.133860000338956, -6.619319999917863, 0.0 ], [ 107.13405999966939, -6.61927000031012, 0.0 ], [ 107.134130000199562, -6.619190000218147, 0.0 ], [ 107.133979999577505, -6.619030000034289, 0.0 ], [ 107.133880000361927, -6.618920000357544, 0.0 ], [ 107.133840000315985, -6.618729999689545, 0.0 ], [ 107.133869999900753, -6.618599999989829, 0.0 ], [ 107.133929999969766, -6.618490000313084, 0.0 ], [ 107.133889999923724, -6.61839999976003, 0.0 ], [ 107.133660000109074, -6.618259999599143, 0.0 ], [ 107.13351000038638, -6.618169999945369, 0.0 ], [ 107.133680000132046, -6.618020000222682, 0.0 ], [ 107.133860000338956, -6.617840000015764, 0.0 ], [ 107.133949999992737, -6.61775999992388, 0.0 ], [ 107.134119999738303, -6.617639999785965, 0.0 ], [ 107.134330000429358, -6.61755999969408, 0.0 ], [ 107.134529999759877, -6.617510000086249, 0.0 ], [ 107.134629999874818, -6.617450000017335, 0.0 ], [ 107.134429999644937, -6.617010000410986, 0.0 ], [ 107.134380000037112, -6.61689999983496, 0.0 ], [ 107.134400000060083, -6.616839999765958, 0.0 ], [ 107.134899999735339, -6.616730000089301, 0.0 ], [ 107.135099999965135, -6.616600000389585, 0.0 ], [ 107.13520000008009, -6.616529999859413, 0.0 ], [ 107.135340000240973, -6.616400000159697, 0.0 ], [ 107.135830000354431, -6.616099999814953, 0.0 ], [ 107.135879999962171, -6.615760000323547, 0.0 ], [ 107.135879999962171, -6.615480000001774, 0.0 ], [ 107.136089999753864, -6.614869999750486, 0.0 ], [ 107.136149999822777, -6.61476999963563, 0.0 ], [ 107.136269999960689, -6.614639999935914, 0.0 ], [ 107.136310000006716, -6.614470000190167, 0.0 ], [ 107.136280000421863, -6.614319999568199, 0.0 ], [ 107.136149999822777, -6.614220000352624, 0.0 ], [ 107.13571000021652, -6.614080000191649, 0.0 ], [ 107.135550000032651, -6.614040000145707, 0.0 ], [ 107.135369999825826, -6.613790000308075, 0.0 ], [ 107.135220000103146, -6.61367000017016, 0.0 ], [ 107.135199524338773, -6.61365474407102, 0.0 ], [ 107.134709999966702, -6.613289999733531, 0.0 ], [ 107.134600000289964, -6.613110000425984, 0.0 ], [ 107.134569999805819, -6.612990000288068, 0.0 ], [ 107.13466999992076, -6.612910000196184, 0.0 ], [ 107.134779999597512, -6.612640000335581, 0.0 ], [ 107.134970000265511, -6.612440000105781, 0.0 ], [ 107.135209999641972, -6.612310000405976, 0.0 ], [ 107.135599999640405, -6.612150000222208, 0.0 ], [ 107.135659999709404, -6.612150000222208, 0.0 ], [ 107.135960000054155, -6.612139999761038, 0.0 ], [ 107.136300000444834, -6.612050000107264, 0.0 ], [ 107.136410000121572, -6.612030000084292, 0.0 ], [ 107.137040000395842, -6.61176000022369, 0.0 ], [ 107.137130000049609, -6.611649999647664, 0.0 ], [ 107.137190000118608, -6.611589999578662, 0.0 ], [ 107.137350000302476, -6.611439999855975, 0.0 ], [ 107.137459999979129, -6.611350000202201, 0.0 ], [ 107.137849999977647, -6.611060000318627, 0.0 ], [ 107.138050000207528, -6.610820000042796, 0.0 ], [ 107.13809000025347, -6.610470000090309, 0.0 ], [ 107.138190000368425, -6.610109999676563, 0.0 ], [ 107.138329999629946, -6.609919999907934, 0.0 ], [ 107.138540000320916, -6.6096100000013, 0.0 ], [ 107.13873999965142, -6.609179999956929, 0.0 ], [ 107.138770000135565, -6.608930000119209, 0.0 ], [ 107.138770000135565, -6.608729999889409, 0.0 ], [ 107.138770000135565, -6.608480000051866, 0.0 ], [ 107.13885000022745, -6.608290000283148, 0.0 ], [ 107.138979999927258, -6.608199999730093, 0.0 ], [ 107.139189999718866, -6.608110000076319, 0.0 ], [ 107.139360000363894, -6.608110000076319, 0.0 ], [ 107.139799999970236, -6.608150000122262, 0.0 ], [ 107.139920000108063, -6.608150000122262, 0.0 ], [ 107.140419999783319, -6.608179999707033, 0.0 ], [ 107.140660000059157, -6.608230000214146, 0.0 ], [ 107.140829999804822, -6.608259999799007, 0.0 ], [ 107.140980000426879, -6.608290000283148, 0.0 ], [ 107.14201000026145, -6.608350000352061, 0.0 ], [ 107.14203514440662, -6.608351840365003, 0.0 ], [ 107.142420000282939, -6.608379999936922, 0.0 ], [ 107.14291967170567, -6.608324481189722, 0.0 ], [ 107.142960000004138, -6.60831999986792, 0.0 ], [ 107.143410000071668, -6.60831999986792, 0.0 ], [ 107.14375844779434, -6.608351676688375, 0.0 ], [ 107.143849999677926, -6.608359999913862, 0.0 ], [ 107.144329874324427, -6.608306680908385, 0.0 ], [ 107.144479999952182, -6.608290000283148, 0.0 ], [ 107.145159999834277, -6.608170000145233, 0.0 ], [ 107.14579999967043, -6.608059999569118, 0.0 ], [ 107.145840704784817, -6.608052900320995, 0.0 ], [ 107.146659999759351, -6.607909999846431, 0.0 ], [ 107.147330000079549, -6.607940000330572, 0.0 ], [ 107.147989999938758, -6.607949999892373, 0.0 ], [ 107.14844000000619, -6.607969999915344, 0.0 ], [ 107.148600000190044, -6.608669999820407, 0.0 ], [ 107.148669999820854, -6.609340000140698, 0.0 ], [ 107.148720000327955, -6.609460000278613, 0.0 ], [ 107.148740000350926, -6.609520000347615, 0.0 ], [ 107.148890000073621, -6.610029999584679, 0.0 ], [ 107.148899999635418, -6.610100000114763, 0.0 ], [ 107.148959999704431, -6.610349999952305, 0.0 ], [ 107.149079999842257, -6.611009999811515, 0.0 ] ] ] ] } },
{ "type": "Feature", "properties": { "PROVNO": "32", "KABKOTNO": "01", "KECNO": "161", "DESANO": "003", "PROVINSI": "JAWA BARAT", "KABKOT": "BOGOR", "KECAMATAN": "TANJUNGSARI", "ID2013": "3201161003", "DESA": "SINARSARI", "DESA_1": "SINARSARI", "ID2012": "3201161003", "IDKAB2": "3201", "IDKEC_2": "3201161", "WILAYAH": "TIMUR" }, "geometry": { "type": "MultiPolygon", "coordinates": [ [ [ [ 107.157510000086603, -6.603490000163195, 0.0 ], [ 107.157699999855325, -6.603699999954884, 0.0 ], [ 107.157860000039179, -6.603960000253686, 0.0 ], [ 107.157960000154034, -6.604219999653118, 0.0 ], [ 107.158020000223033, -6.604569999605605, 0.0 ], [ 107.158069999830786, -6.605030000134295, 0.0 ], [ 107.158069999830786, -6.605449999717585, 0.0 ], [ 107.158080000291946, -6.606149999622648, 0.0 ], [ 107.158080000291946, -6.60683999996591, 0.0 ], [ 107.158120000337888, -6.607720000077801, 0.0 ], [ 107.158209999991669, -6.608480000051866, 0.0 ], [ 107.158279999622465, -6.60919000041801, 0.0 ], [ 107.158319999668407, -6.609509999886445, 0.0 ], [ 107.15845999982929, -6.610180000206736, 0.0 ], [ 107.158468334746061, -6.610215722177628, 0.0 ], [ 107.158530000359377, -6.61047999965211, 0.0 ], [ 107.158579999967216, -6.610840000065767, 0.0 ], [ 107.158629999574956, -6.611379999786973, 0.0 ], [ 107.158669999620898, -6.611869999900435, 0.0 ], [ 107.158650159677251, -6.612455267896102, 0.0 ], [ 107.158649999597927, -6.612460000128753, 0.0 ], [ 107.158629999574956, -6.612939999781045, 0.0 ], [ 107.158609999551985, -6.613309999756503, 0.0 ], [ 107.15859311028396, -6.61370972412433, 0.0 ], [ 107.158579999967216, -6.614020000122736, 0.0 ], [ 107.158539999921274, -6.614439999706025, 0.0 ], [ 107.158490000313435, -6.614820000142743, 0.0 ], [ 107.158439999806319, -6.615350000302058, 0.0 ], [ 107.15839000019858, -6.615870000000292, 0.0 ], [ 107.158350000152552, -6.616239999975839, 0.0 ], [ 107.158290000083639, -6.616609999951386, 0.0 ], [ 107.158180000406801, -6.616890000273159, 0.0 ], [ 107.157759999924238, -6.616830000204157, 0.0 ], [ 107.156629999974712, -6.616730000089301, 0.0 ], [ 107.156736895191742, -6.6172822917442, 0.0 ], [ 107.156810000181537, -6.617659999809025, 0.0 ], [ 107.156919999858289, -6.618209999991311, 0.0 ], [ 107.15701999997323, -6.618490000313084, 0.0 ], [ 107.157164306987298, -6.618934947090018, 0.0 ], [ 107.157399808854279, -6.619661077696417, 0.0 ], [ 107.157499999625429, -6.619970000215183, 0.0 ], [ 107.157619999763341, -6.620110000376069, 0.0 ], [ 107.157679999832254, -6.620150000422012, 0.0 ], [ 107.157790000408369, -6.620329999729559, 0.0 ], [ 107.15794999969286, -6.620719999728077, 0.0 ], [ 107.158100000314917, -6.621029999634622, 0.0 ], [ 107.158550000382348, -6.621690000393023, 0.0 ], [ 107.158620000013158, -6.621920000207684, 0.0 ], [ 107.158700000105128, -6.6220499999074, 0.0 ], [ 107.158729999689896, -6.622120000437484, 0.0 ], [ 107.15880999978188, -6.622410000321146, 0.0 ], [ 107.15880999978188, -6.62268999974355, 0.0 ], [ 107.158840000265926, -6.622939999581181, 0.0 ], [ 107.158890250784609, -6.623063341599824, 0.0 ], [ 107.158949999942678, -6.623210000341064, 0.0 ], [ 107.159449999617934, -6.623669999970385, 0.0 ], [ 107.159339999941182, -6.623710000016327, 0.0 ], [ 107.159348477850145, -6.623760870167885, 0.0 ], [ 107.159350000402355, -6.623770000085329, 0.0 ], [ 107.159330000379384, -6.62397999987693, 0.0 ], [ 107.159279999872268, -6.624140000060788, 0.0 ], [ 107.159139999711385, -6.624619999713079, 0.0 ], [ 107.159119999688414, -6.62483999996585, 0.0 ], [ 107.159139999711385, -6.62502999973448, 0.0 ], [ 107.159199999780384, -6.625390000148226, 0.0 ], [ 107.159259999849297, -6.625849999777547, 0.0 ], [ 107.159420000033165, -6.626589999728552, 0.0 ], [ 107.159538010870705, -6.626831921855594, 0.0 ], [ 107.159620000262962, -6.626999999750041, 0.0 ], [ 107.159990000238508, -6.627779999746988, 0.0 ], [ 107.160260000099115, -6.628309999906392, 0.0 ], [ 107.160349999752796, -6.628439999606108, 0.0 ], [ 107.161080000142093, -6.629470000340056, 0.0 ], [ 107.161410000071612, -6.629949999992348, 0.0 ], [ 107.16151999974835, -6.630219999852951, 0.0 ], [ 107.161740000001117, -6.630440000105722, 0.0 ], [ 107.1618800001621, -6.630509999736525, 0.0 ], [ 107.162120000437838, -6.630520000197695, 0.0 ], [ 107.162939999581539, -6.630509999736525, 0.0 ], [ 107.163130000249538, -6.630580000266697, 0.0 ], [ 107.163259999949247, -6.630709999966413, 0.0 ], [ 107.163400000110045, -6.630910000196213, 0.0 ], [ 107.163469999740855, -6.631099999964842, 0.0 ], [ 107.163409999671941, -6.63148999996336, 0.0 ], [ 107.16332000001816, -6.63169999975505, 0.0 ], [ 107.16317000029548, -6.631929999569621, 0.0 ], [ 107.163019999673423, -6.632240000375536, 0.0 ], [ 107.16295999960451, -6.632379999637141, 0.0 ], [ 107.162880731560648, -6.632756525093377, 0.0 ], [ 107.162880000411903, -6.63276000007377, 0.0 ], [ 107.162829999904787, -6.632920000257627, 0.0 ], [ 107.162749999812817, -6.633029999934372, 0.0 ], [ 107.16254000002121, -6.633210000141201, 0.0 ], [ 107.162430000344386, -6.633379999886948, 0.0 ], [ 107.162330000229446, -6.633809999931408, 0.0 ], [ 107.162239999676473, -6.634150000322094, 0.0 ], [ 107.162109999976664, -6.634449999767558, 0.0 ], [ 107.161929999769839, -6.634770000135273, 0.0 ], [ 107.1618800001621, -6.6348999998349, 0.0 ], [ 107.161760000024174, -6.635180000156673, 0.0 ], [ 107.161630000324379, -6.635429999994393, 0.0 ], [ 107.161570000255466, -6.635519999648167, 0.0 ], [ 107.161430000094583, -6.635610000201222, 0.0 ], [ 107.161359999564496, -6.635639999785994, 0.0 ], [ 107.161209999841802, -6.635719999877967, 0.0 ], [ 107.161100000165064, -6.635799999969851, 0.0 ], [ 107.160899999935253, -6.635949999692539, 0.0 ], [ 107.160639999636459, -6.636129999899456, 0.0 ], [ 107.160480000351882, -6.636290000083225, 0.0 ], [ 107.160340000190999, -6.636490000313113, 0.0 ], [ 107.160249999637941, -6.636609999551659, 0.0 ], [ 107.160189999569027, -6.636720000127774, 0.0 ], [ 107.159850000077626, -6.636749999712546, 0.0 ], [ 107.159401171826786, -6.636818698024385, 0.0 ], [ 107.158869999850793, -6.636900000334602, 0.0 ], [ 107.15788000006215, -6.63705999961909, 0.0 ], [ 107.157320000317981, -6.637529999709582, 0.0 ], [ 107.156706036754343, -6.638467998898836, 0.0 ], [ 107.156600000389858, -6.638630000074244, 0.0 ], [ 107.155769999885791, -6.639690000393053, 0.0 ], [ 107.154989999888755, -6.6402700001602, 0.0 ], [ 107.153679999732404, -6.640800000319604, 0.0 ], [ 107.152729999989702, -6.641400000109723, 0.0 ], [ 107.151450000317411, -6.64218999966856, 0.0 ], [ 107.148569999705899, -6.643720000077771, 0.0 ], [ 107.147323919763295, -6.644343039599434, 0.0 ], [ 107.147310000056578, -6.644350000352031, 0.0 ], [ 107.147277600181269, -6.644372950151336, 0.0 ], [ 107.14562999992468, -6.645540000370556, 0.0 ], [ 107.144840000365932, -6.646040000045819, 0.0 ], [ 107.142409999821865, -6.647060000318596, 0.0 ], [ 107.141070000080646, -6.647410000271083, 0.0 ], [ 107.140370000175579, -6.647330000179199, 0.0 ], [ 107.13867000002071, -6.646619999812966, 0.0 ], [ 107.137672282250179, -6.646241236843444, 0.0 ], [ 107.136510000236527, -6.645799999769988, 0.0 ], [ 107.135910000446316, -6.645569999955416, 0.0 ], [ 107.13519168225055, -6.644550765005643, 0.0 ], [ 107.135169999595945, -6.644520000097778, 0.0 ], [ 107.134910000196513, -6.644150000122231, 0.0 ], [ 107.133869999900753, -6.642289999783504, 0.0 ], [ 107.132519999698374, -6.639980000276626, 0.0 ], [ 107.132530000159548, -6.639920000207624, 0.0 ], [ 107.132550000182519, -6.639730000438995, 0.0 ], [ 107.132550000182519, -6.639470000140282, 0.0 ], [ 107.132599999790358, -6.639129999749507, 0.0 ], [ 107.132670000320431, -6.638969999565649, 0.0 ], [ 107.132759999974212, -6.638810000281161, 0.0 ], [ 107.132860000089153, -6.638590000028302, 0.0 ], [ 107.134790000058587, -6.63856000044353, 0.0 ], [ 107.135209999641972, -6.63857000000533, 0.0 ], [ 107.135910000446316, -6.638630000074244, 0.0 ], [ 107.136113917223639, -6.63861715505746, 0.0 ], [ 107.137179999657448, -6.638549999982359, 0.0 ], [ 107.138770000135565, -6.638209999591673, 0.0 ], [ 107.140189999968669, -6.637620000262636, 0.0 ], [ 107.140761987675731, -6.637312933045294, 0.0 ], [ 107.141139999711442, -6.637110000126292, 0.0 ], [ 107.141483064092355, -6.63694286562059, 0.0 ], [ 107.142699999705343, -6.636350000152227, 0.0 ], [ 107.143209999841773, -6.636350000152227, 0.0 ], [ 107.143753988056247, -6.636355726135736, 0.0 ], [ 107.144159999584474, -6.636359999714028, 0.0 ], [ 107.144379999837241, -6.636359999714028, 0.0 ], [ 107.144760000273962, -6.636350000152227, 0.0 ], [ 107.145449999717854, -6.636319999668086, 0.0 ], [ 107.146050000407342, -6.636270000060254, 0.0 ], [ 107.1460100003614, -6.636189999968369, 0.0 ], [ 107.146050000407342, -6.636069999830454, 0.0 ], [ 107.146209999691919, -6.635880000061736, 0.0 ], [ 107.146380000336947, -6.635650000247164, 0.0 ], [ 107.146380000336947, -6.635479999602136, 0.0 ], [ 107.14644000040586, -6.635329999879449, 0.0 ], [ 107.146530740201712, -6.635222762020678, 0.0 ], [ 107.146550000082598, -6.635200000179644, 0.0 ], [ 107.146739999851235, -6.635089999603618, 0.0 ], [ 107.146739999851235, -6.635010000411015, 0.0 ], [ 107.146739999851235, -6.634939999880931, 0.0 ], [ 107.146819999943204, -6.634710000066271, 0.0 ], [ 107.147029999734897, -6.634309999606582, 0.0 ], [ 107.147120000287941, -6.634030000184268, 0.0 ], [ 107.147229999964694, -6.633529999609635, 0.0 ], [ 107.147780000147065, -6.632820000142683, 0.0 ], [ 107.147940000330919, -6.632630000374053, 0.0 ], [ 107.148050000007672, -6.632410000121283, 0.0 ], [ 107.148139999661453, -6.631790000308104, 0.0 ], [ 107.148179999707395, -6.631619999663076, 0.0 ], [ 107.148620000213015, -6.631469999940389, 0.0 ], [ 107.148729999889767, -6.631429999894447, 0.0 ], [ 107.14882000044291, -6.630839999666041, 0.0 ], [ 107.14887000005065, -6.63064000033561, 0.0 ], [ 107.149050000257475, -6.630139999760978, 0.0 ], [ 107.149159999934227, -6.62955000043203, 0.0 ], [ 107.149210000441343, -6.629089999903428, 0.0 ], [ 107.149320000118081, -6.628639999835997, 0.0 ], [ 107.149349999702935, -6.628530000159252, 0.0 ], [ 107.149340000141052, -6.628249999837479, 0.0 ], [ 107.149369999725906, -6.628020000022818, 0.0 ], [ 107.14944999981779, -6.627819999793019, 0.0 ], [ 107.149520823227604, -6.627592356202108, 0.0 ], [ 107.149589999978687, -6.627369999725587, 0.0 ], [ 107.149659999609483, -6.626899999635096, 0.0 ], [ 107.149630000024715, -6.626580000166751, 0.0 ], [ 107.149589999978687, -6.626419999982804, 0.0 ], [ 107.14930000009511, -6.62613999966112, 0.0 ], [ 107.149039999796315, -6.625889999823489, 0.0 ], [ 107.148859999589476, -6.625330000079224, 0.0 ], [ 107.14882000044291, -6.625109999826453, 0.0 ], [ 107.148839999566505, -6.625000000149708, 0.0 ], [ 107.148930000119563, -6.624630000174161, 0.0 ], [ 107.148979999727402, -6.624400000359589, 0.0 ], [ 107.149059999819286, -6.624220000152761, 0.0 ], [ 107.149084230253209, -6.624171540184278, 0.0 ], [ 107.149139999911256, -6.624059999968814, 0.0 ], [ 107.149409999771848, -6.623520000247609, 0.0 ], [ 107.149469999840761, -6.623360000063752, 0.0 ], [ 107.149440000255993, -6.623139999810981, 0.0 ], [ 107.149380000186994, -6.622959999604152, 0.0 ], [ 107.149380000186994, -6.622780000296604, 0.0 ], [ 107.149480000301935, -6.622540000020862, 0.0 ], [ 107.149600000439847, -6.622339999790974, 0.0 ], [ 107.149670000070657, -6.622109999976402, 0.0 ], [ 107.149639999586512, -6.621960000253626, 0.0 ], [ 107.149483807132171, -6.621743064890353, 0.0 ], [ 107.149460000278964, -6.621710000416083, 0.0 ], [ 107.149340000141052, -6.621570000255108, 0.0 ], [ 107.149289999633936, -6.621530000209166, 0.0 ], [ 107.149050000257475, -6.621340000440536, 0.0 ], [ 107.148970000165505, -6.621200000279561, 0.0 ], [ 107.148970000165505, -6.621080000141735, 0.0 ], [ 107.148910000096592, -6.62077000023519, 0.0 ], [ 107.148769999935709, -6.620610000051332, 0.0 ], [ 107.1485099996369, -6.620489999913417, 0.0 ], [ 107.148110000076585, -6.620420000282614, 0.0 ], [ 107.147740000101123, -6.620329999729559, 0.0 ], [ 107.14741999973333, -6.620200000029755, 0.0 ], [ 107.147180000356954, -6.619959999754013, 0.0 ], [ 107.147029999734897, -6.619640000285667, 0.0 ], [ 107.146900000035174, -6.619250000287149, 0.0 ], [ 107.146690000243495, -6.61882999980449, 0.0 ], [ 107.146420000382889, -6.618040000245653, 0.0 ], [ 107.146414649416727, -6.61801725998842, 0.0 ], [ 107.146340000290905, -6.617699999854967, 0.0 ], [ 107.146260000199021, -6.617360000363561, 0.0 ], [ 107.146260000199021, -6.617089999603678, 0.0 ], [ 107.146340000290905, -6.616859999788929, 0.0 ], [ 107.146559999644495, -6.616529999859413, 0.0 ], [ 107.146300000244963, -6.616099999814953, 0.0 ], [ 107.146100000015167, -6.616019999723068, 0.0 ], [ 107.145449999717854, -6.615870000000292, 0.0 ], [ 107.145640000385853, -6.615270000210174, 0.0 ], [ 107.145859999739343, -6.614849999727515, 0.0 ], [ 107.145919999808342, -6.614760000073741, 0.0 ], [ 107.145960662654673, -6.614699006253968, 0.0 ], [ 107.145979999877255, -6.614670000419967, 0.0 ], [ 107.146360000313976, -6.614300000444508, 0.0 ], [ 107.146460000428917, -6.614260000398566, 0.0 ], [ 107.147040000195972, -6.614020000122736, 0.0 ], [ 107.147310000056578, -6.613890000423019, 0.0 ], [ 107.147539999871327, -6.613699999755021, 0.0 ], [ 107.147740000101123, -6.613460000378559, 0.0 ], [ 107.147989999938758, -6.612669999920442, 0.0 ], [ 107.148139999661453, -6.612360000013808, 0.0 ], [ 107.148489999613929, -6.611729999739548, 0.0 ], [ 107.148669999820854, -6.611470000340116, 0.0 ], [ 107.148910000096592, -6.611190000018343, 0.0 ], [ 107.149039999796315, -6.611060000318627, 0.0 ], [ 107.149079999842257, -6.611009999811515, 0.0 ], [ 107.149229999565023, -6.611000000249625, 0.0 ], [ 107.149420000233022, -6.61090999969657, 0.0 ], [ 107.14973000013957, -6.610889999673599, 0.0 ], [ 107.150240000276, -6.61090999969657, 0.0 ], [ 107.150499999675432, -6.610969999765572, 0.0 ], [ 107.151259999649412, -6.611020000272596, 0.0 ], [ 107.151559999994163, -6.611000000249625, 0.0 ], [ 107.152239999876244, -6.61090999969657, 0.0 ], [ 107.152850000127529, -6.610610000251107, 0.0 ], [ 107.153140000011106, -6.610399999560137, 0.0 ], [ 107.153280000172089, -6.61006000006882, 0.0 ], [ 107.153369999825856, -6.609639999586161, 0.0 ], [ 107.153460000378914, -6.60897999972704, 0.0 ], [ 107.153489999963682, -6.608310000306119, 0.0 ], [ 107.153539999571521, -6.607539999870973, 0.0 ], [ 107.153619999663405, -6.606949999642566, 0.0 ], [ 107.153630000124565, -6.606260000198674, 0.0 ], [ 107.153679999732404, -6.605609999901354, 0.0 ], [ 107.153739999801317, -6.605159999834012, 0.0 ], [ 107.153830000354375, -6.604869999950349, 0.0 ], [ 107.153910000446345, -6.60468999974352, 0.0 ], [ 107.154060000169039, -6.604459999928949, 0.0 ], [ 107.154240000375864, -6.604190000068257, 0.0 ], [ 107.154499999775382, -6.603900000184684, 0.0 ], [ 107.154749999613017, -6.603650000347141, 0.0 ], [ 107.155000000349929, -6.60341000007131, 0.0 ], [ 107.155290000233492, -6.603249999887364, 0.0 ], [ 107.15556999965591, -6.60316999979548, 0.0 ], [ 107.15586000043885, -6.603149999772508, 0.0 ], [ 107.156239999976194, -6.603189999818451, 0.0 ], [ 107.156530018745542, -6.603253441592862, 0.0 ], [ 107.156560000343916, -6.603260000348623, 0.0 ], [ 107.157039999996201, -6.603390000048339, 0.0 ], [ 107.157510000086603, -6.603490000163195, 0.0 ] ] ] ] } },
{ "type": "Feature", "properties": { "PROVNO": "32", "KABKOTNO": "01", "KECNO": "161", "DESANO": "004", "PROVINSI": "JAWA BARAT", "KABKOT": "BOGOR", "KECAMATAN": "TANJUNGSARI", "ID2013": "3201161004", "DESA": "SINARRASA", "DESA_1": "SINARRASA", "ID2012": "3201161004", "IDKAB2": "3201", "IDKEC_2": "3201161", "WILAYAH": "TIMUR" }, "geometry": { "type": "MultiPolygon", "coordinates": [ [ [ [ 107.162190000068648, -6.602699999705077, 0.0 ], [ 107.162270000160532, -6.602830000304074, 0.0 ], [ 107.162430000344386, -6.602930000419018, 0.0 ], [ 107.162660000159036, -6.602910000396047, 0.0 ], [ 107.1628899999737, -6.602830000304074, 0.0 ], [ 107.163119999788279, -6.602719999728048, 0.0 ], [ 107.163360000064102, -6.602570000005361, 0.0 ], [ 107.163569999855795, -6.602429999844475, 0.0 ], [ 107.163699999555519, -6.602409999821504, 0.0 ], [ 107.163899999785315, -6.602409999821504, 0.0 ], [ 107.164050000407371, -6.602460000328616, 0.0 ], [ 107.164180000107081, -6.602670000120305, 0.0 ], [ 107.164229999714919, -6.603029999634593, 0.0 ], [ 107.164189999668878, -6.603430000094281, 0.0 ], [ 107.164010000361429, -6.603900000184684, 0.0 ], [ 107.163870000200546, -6.60425999969906, 0.0 ], [ 107.163790000108563, -6.604510000435972, 0.0 ], [ 107.163770000085592, -6.60490000043449, 0.0 ], [ 107.163859999739373, -6.60513999981104, 0.0 ], [ 107.163985306776652, -6.605365551578792, 0.0 ], [ 107.164059999969169, -6.605500000224609, 0.0 ], [ 107.16432999982986, -6.6057700000853, 0.0 ], [ 107.164960000104116, -6.606269999760475, 0.0 ], [ 107.165579999917213, -6.606790000358078, 0.0 ], [ 107.166150000122556, -6.607180000356507, 0.0 ], [ 107.16680999998168, -6.607550000332054, 0.0 ], [ 107.1671399999112, -6.607709999616631, 0.0 ], [ 107.16732000011811, -6.607880000261659, 0.0 ], [ 107.16746999984079, -6.60811999963812, 0.0 ], [ 107.16746999984079, -6.608379999936922, 0.0 ], [ 107.167440000255937, -6.608850000027324, 0.0 ], [ 107.167280000072168, -6.609249999587643, 0.0 ], [ 107.166999999750402, -6.60981999979299, 0.0 ], [ 107.166899999635447, -6.610360000413564, 0.0 ], [ 107.16682000044284, -6.610800000019825, 0.0 ], [ 107.166780000396898, -6.611199999580144, 0.0 ], [ 107.166800000419869, -6.612039999646093, 0.0 ], [ 107.16682000044284, -6.612819999643129, 0.0 ], [ 107.166769999935738, -6.613309999756503, 0.0 ], [ 107.166850000027623, -6.613730000239162, 0.0 ], [ 107.166930000119592, -6.614160000283622, 0.0 ], [ 107.16695999970436, -6.614370000075311, 0.0 ], [ 107.16695999970436, -6.614610000351053, 0.0 ], [ 107.16689000007365, -6.614700000004827, 0.0 ], [ 107.166649999797812, -6.614700000004827, 0.0 ], [ 107.166495159923826, -6.614675551935036, 0.0 ], [ 107.166079999592469, -6.614610000351053, 0.0 ], [ 107.165539999871271, -6.61453999982097, 0.0 ], [ 107.164920000058174, -6.614479999751968, 0.0 ], [ 107.164469999990658, -6.614410000121254, 0.0 ], [ 107.164140000061138, -6.614399999660083, 0.0 ], [ 107.163890000223518, -6.614399999660083, 0.0 ], [ 107.163629999924709, -6.614459999728997, 0.0 ], [ 107.163420000133101, -6.61455000028214, 0.0 ], [ 107.163230000364393, -6.614820000142743, 0.0 ], [ 107.16295999960451, -6.615350000302058, 0.0 ], [ 107.162939999581539, -6.61562000016275, 0.0 ], [ 107.162999999650452, -6.615789999908408, 0.0 ], [ 107.163150000272509, -6.615959999654066, 0.0 ], [ 107.163489999763826, -6.616139999860895, 0.0 ], [ 107.163899999785315, -6.616489999813471, 0.0 ], [ 107.164229999714919, -6.616870000250188, 0.0 ], [ 107.164365693921809, -6.6170056935578, 0.0 ], [ 107.164570000105599, -6.617209999741505, 0.0 ], [ 107.164819999943234, -6.617550000132191, 0.0 ], [ 107.164909999597, -6.617810000430993, 0.0 ], [ 107.165100000264999, -6.618310000106256, 0.0 ], [ 107.165169999895724, -6.618729999689545, 0.0 ], [ 107.165180000356884, -6.619030000034289, 0.0 ], [ 107.165169999895724, -6.619540000170723, 0.0 ], [ 107.165080000241943, -6.619830000054296, 0.0 ], [ 107.164869999550973, -6.620170000444983, 0.0 ], [ 107.164759367650802, -6.620335948744884, 0.0 ], [ 107.164630000174512, -6.620529999959359, 0.0 ], [ 107.164140000061138, -6.621129999749567, 0.0 ], [ 107.163620000362911, -6.621690000393023, 0.0 ], [ 107.163429999694912, -6.621960000253626, 0.0 ], [ 107.163340000041131, -6.622139999561174, 0.0 ], [ 107.16332000001816, -6.622379999836916, 0.0 ], [ 107.163407816117981, -6.622536117647506, 0.0 ], [ 107.163409999671941, -6.622540000020862, 0.0 ], [ 107.16360000033994, -6.622780000296604, 0.0 ], [ 107.1640300003844, -6.623090000203238, 0.0 ], [ 107.164055640955212, -6.623107683572584, 0.0 ], [ 107.164320000267963, -6.623290000433038, 0.0 ], [ 107.164539999621468, -6.62354999983247, 0.0 ], [ 107.164819999943234, -6.623930000269098, 0.0 ], [ 107.165140000310942, -6.624160000083759, 0.0 ], [ 107.165680000032154, -6.624449999967332, 0.0 ], [ 107.166059999569498, -6.624710000266134, 0.0 ], [ 107.166203913579892, -6.624807058698625, 0.0 ], [ 107.166489999613958, -6.625000000149708, 0.0 ], [ 107.16717000039543, -6.625630000423968, 0.0 ], [ 107.167289999633965, -6.625940000330601, 0.0 ], [ 107.167289999633965, -6.626210000191204, 0.0 ], [ 107.167229999564967, -6.626449999567665, 0.0 ], [ 107.166999999750402, -6.626789999958351, 0.0 ], [ 107.166669999820783, -6.62719999997984, 0.0 ], [ 107.166489999613958, -6.627540000370615, 0.0 ], [ 107.166259999799308, -6.627990000437958, 0.0 ], [ 107.166130000099585, -6.628860000088768, 0.0 ], [ 107.166030400183004, -6.629419292965846, 0.0 ], [ 107.166000000399862, -6.629589999578691, 0.0 ], [ 107.165980000376891, -6.630059999669093, 0.0 ], [ 107.16602999998473, -6.631019999872958, 0.0 ], [ 107.166091305869273, -6.631525772296456, 0.0 ], [ 107.166110000076614, -6.631679999732079, 0.0 ], [ 107.166219999753366, -6.632040000145736, 0.0 ], [ 107.166319999868307, -6.632260000398595, 0.0 ], [ 107.166589999728899, -6.632410000121283, 0.0 ], [ 107.166970000165534, -6.632450000167225, 0.0 ], [ 107.167440000255937, -6.632260000398595, 0.0 ], [ 107.168349999952682, -6.631879999961878, 0.0 ], [ 107.169080000341893, -6.631659999709107, 0.0 ], [ 107.169539999971221, -6.631650000147218, 0.0 ], [ 107.169970000015667, -6.63169000019316, 0.0 ], [ 107.170279999922215, -6.63191000044602, 0.0 ], [ 107.170620000312994, -6.63233000002931, 0.0 ], [ 107.1708900001735, -6.632840000165743, 0.0 ], [ 107.171059999919251, -6.633359999863977, 0.0 ], [ 107.17124000012609, -6.63382000039249, 0.0 ], [ 107.171690000193507, -6.635100000064789, 0.0 ], [ 107.17175000026252, -6.635679999831936, 0.0 ], [ 107.171759999824317, -6.63621999955323, 0.0 ], [ 107.171719999778375, -6.636490000313113, 0.0 ], [ 107.171300000195004, -6.636929999919374, 0.0 ], [ 107.170640000335965, -6.637629999824437, 0.0 ], [ 107.169940000430898, -6.638549999982359, 0.0 ], [ 107.169723647828306, -6.638850826804035, 0.0 ], [ 107.169387960586135, -6.639302382698666, 0.0 ], [ 107.168953088914122, -6.639817362381208, 0.0 ], [ 107.168602120391711, -6.640294209909694, 0.0 ], [ 107.168281691047312, -6.640720958005666, 0.0 ], [ 107.16816727300143, -6.641071466974449, 0.0 ], [ 107.168197786998448, -6.641396634846632, 0.0 ], [ 107.168296972327553, -6.641671293195497, 0.0 ], [ 107.168586863393188, -6.641857766722428, 0.0 ], [ 107.168960705272511, -6.642131457400726, 0.0 ], [ 107.169090429779658, -6.642380846598641, 0.0 ], [ 107.169166716570842, -6.642680772299627, 0.0 ], [ 107.169128561034427, -6.6430937131042, 0.0 ], [ 107.169029375705321, -6.643344528626951, 0.0 ], [ 107.168815772330248, -6.643620613300563, 0.0 ], [ 107.168571629777048, -6.643934393057673, 0.0 ], [ 107.168266458330535, -6.644173288066604, 0.0 ], [ 107.167572161026612, -6.644626754121266, 0.0 ], [ 107.166992332130604, -6.645029684572137, 0.0 ], [ 107.166717674681109, -6.64530576924566, 0.0 ], [ 107.166473532127924, -6.645594716023098, 0.0 ], [ 107.16627516236899, -6.645883229327367, 0.0 ], [ 107.16597763066332, -6.64625992385627, 0.0 ], [ 107.165649559779524, -6.6465741388852, 0.0 ], [ 107.165046833244972, -6.646964182051232, 0.0 ], [ 107.164665373208621, -6.647203560895445, 0.0 ], [ 107.164352561121987, -6.647292735870938, 0.0 ], [ 107.163986334701775, -6.647319453829628, 0.0 ], [ 107.163612491923089, -6.64728320935243, 0.0 ], [ 107.163284446220388, -6.647134430909087, 0.0 ], [ 107.162544402202599, -6.646712422240366, 0.0 ], [ 107.1618501300796, -6.646115448668901, 0.0 ], [ 107.161399976228068, -6.64576684986006, 0.0 ], [ 107.160911691121854, -6.645518911268624, 0.0 ], [ 107.16059890241759, -6.645457858093486, 0.0 ], [ 107.160247958176896, -6.645509383850836, 0.0 ], [ 107.159797804325365, -6.645736334963672, 0.0 ], [ 107.159446860084671, -6.645950445556483, 0.0 ], [ 107.159171252051834, -6.646184604735552, 0.0 ], [ 107.15895857497847, -6.646365297420367, 0.0 ], [ 107.158516086048706, -6.646730072334819, 0.0 ], [ 107.158104087733676, -6.647032366850105, 0.0 ], [ 107.15781414900394, -6.647346146607216, 0.0 ], [ 107.157737862212741, -6.647496835210589, 0.0 ], [ 107.157730245854367, -6.647771952213635, 0.0 ], [ 107.157791299928689, -6.648084281364355, 0.0 ], [ 107.158043058840278, -6.648545871894331, 0.0 ], [ 107.158157476886245, -6.649170989749233, 0.0 ], [ 107.158165141808013, -6.649596359184464, 0.0 ], [ 107.158149861427134, -6.649921552237661, 0.0 ], [ 107.158050675198666, -6.650084620009036, 0.0 ], [ 107.157837048441223, -6.650198095565454, 0.0 ], [ 107.157478486942779, -6.650262003188736, 0.0 ], [ 107.157074129267784, -6.650251508100471, 0.0 ], [ 107.156700287388475, -6.650215746559276, 0.0 ], [ 107.15637221740414, -6.650091776813873, 0.0 ], [ 107.155784746069358, -6.649744169058049, 0.0 ], [ 107.155432671380836, -6.649579129073437, 0.0 ], [ 107.154991312898986, -6.649372237338671, 0.0 ], [ 107.15456403420292, -6.649249185801089, 0.0 ], [ 107.15438094482495, -6.6492625569213, 0.0 ], [ 107.154152060169636, -6.649351223779778, 0.0 ], [ 107.153877402720141, -6.649452320168283, 0.0 ], [ 107.153656157805571, -6.649465691288494, 0.0 ], [ 107.153404374612336, -6.64949190202945, 0.0 ], [ 107.153152615700847, -6.649518137052226, 0.0 ], [ 107.152862676971111, -6.649594423843421, 0.0 ], [ 107.152549888266932, -6.649833318852441, 0.0 ], [ 107.152351517608622, -6.6500970225594, 0.0 ], [ 107.15209214233866, -6.650410754652416, 0.0 ], [ 107.151954800573762, -6.650774126624484, 0.0 ], [ 107.151931902935132, -6.651099343959412, 0.0 ], [ 107.151924286576744, -6.651524664831268, 0.0 ], [ 107.151863233401698, -6.651975279135716, 0.0 ], [ 107.151649629127249, -6.652476427245215, 0.0 ], [ 107.151550443798143, -6.652739647116803, 0.0 ], [ 107.151313917603332, -6.653078695125583, 0.0 ], [ 107.151039261053299, -6.653367158967018, 0.0 ], [ 107.150961743989427, -6.653445802881333, 0.0 ], [ 107.150741729347445, -6.653669019109767, 0.0 ], [ 107.150467071898049, -6.653920294186069, 0.0 ], [ 107.1503449889303, -6.654133438007594, 0.0 ], [ 107.150329731032429, -6.65434612317485, 0.0 ], [ 107.150398402364516, -6.654583591859122, 0.0 ], [ 107.150665441656969, -6.655558227629967, 0.0 ], [ 107.150856148292789, -6.65644513993108, 0.0 ], [ 107.150970614902135, -6.657633426741096, 0.0 ], [ 107.150933660859906, -6.658047423349736, 0.0 ], [ 107.150924817826223, -6.658146497162889, 0.0 ], [ 107.150947716364229, -6.658533685880776, 0.0 ], [ 107.151153703380913, -6.65893327984687, 0.0 ], [ 107.151518368578067, -6.659649413589399, 0.0 ], [ 107.151535161618625, -6.659682391728818, 0.0 ], [ 107.151611473590833, -6.660031909644761, 0.0 ], [ 107.151573318054403, -6.660207381765062, 0.0 ], [ 107.151355358363318, -6.660675281938513, 0.0 ], [ 107.151296870054722, -6.660837748063422, 0.0 ], [ 107.150887051696273, -6.661759837346395, 0.0 ], [ 107.150886745926726, -6.661760706990929, 0.0 ], [ 107.15080275914022, -6.661999340297111, 0.0 ], [ 107.150726472349021, -6.662437572735627, 0.0 ], [ 107.150657801916225, -6.662737982271896, 0.0 ], [ 107.150444174259405, -6.662951584747692, 0.0 ], [ 107.149971170433346, -6.663128967927392, 0.0 ], [ 107.149551532377487, -6.663251533831041, 0.0 ], [ 107.149550544022588, -6.663251825211383, 0.0 ], [ 107.148933547045687, -6.663433679820265, 0.0 ], [ 107.148155346592105, -6.663612004590149, 0.0 ], [ 107.147407661934182, -6.663828027141552, 0.0 ], [ 107.146629485762332, -6.664081696213167, 0.0 ], [ 107.145851286208114, -6.664410249133503, 0.0 ], [ 107.144889973893299, -6.664802201560196, 0.0 ], [ 107.144195701770386, -6.665080196393749, 0.0 ], [ 107.144090083590669, -6.66516617787666, 0.0 ], [ 107.14389189819272, -6.665351261051669, 0.0 ], [ 107.143663539640826, -6.665513419608473, 0.0 ], [ 107.14360823133498, -6.665558445965338, 0.0 ], [ 107.143310675347578, -6.665774539563198, 0.0 ], [ 107.143250981947489, -6.665825487955814, 0.0 ], [ 107.143123519235189, -6.665921701924873, 0.0 ], [ 107.142764326412674, -6.66619537101937, 0.0 ], [ 107.142076120216913, -6.666730618722951, 0.0 ], [ 107.141540964244228, -6.666882946790356, 0.0 ], [ 107.140962990649641, -6.667046174641058, 0.0 ], [ 107.140684835736764, -6.667154528558541, 0.0 ], [ 107.140335503980523, -6.667272947688243, 0.0 ], [ 107.13767792819398, -6.66679266295084, 0.0 ], [ 107.137550513145783, -6.666947956083149, 0.0 ], [ 107.137016456144664, -6.66752589910077, 0.0 ], [ 107.136520530398329, -6.668241135319999, 0.0 ], [ 107.136032245292114, -6.668756139284273, 0.0 ], [ 107.135795743379049, -6.669032222159146, 0.0 ], [ 107.135605013360859, -6.669320710282403, 0.0 ], [ 107.135572886879388, -6.669373498687872, 0.0 ], [ 107.135368512347156, -6.669709327123599, 0.0 ], [ 107.13513198615243, -6.670148502950859, 0.0 ], [ 107.13492599913566, -6.670361646772385, 0.0 ], [ 107.13462082678987, -6.67046320181516, 0.0 ], [ 107.134224086372726, -6.670502299841132, 0.0 ], [ 107.133834985696154, -6.670466538299937, 0.0 ], [ 107.133484018073105, -6.670192824239276, 0.0 ], [ 107.13333144359143, -6.670076011298711, 0.0 ], [ 107.133331184586709, -6.67007581524647, 0.0 ], [ 107.133271763681179, -6.670030831157749, 0.0 ], [ 107.13292708591645, -6.669769895564084, 0.0 ], [ 107.132393028915331, -6.669459476573394, 0.0 ], [ 107.132042084674652, -6.669423715032288, 0.0 ], [ 107.131729271688727, -6.669487574092106, 0.0 ], [ 107.131179956789737, -6.669727435872321, 0.0 ], [ 107.130850902946989, -6.669824768598023, 0.0 ], [ 107.130836629806808, -6.669828990915008, 0.0 ], [ 107.130554355998925, -6.669842845870502, 0.0 ], [ 107.130211028116619, -6.669806599594743, 0.0 ], [ 107.129926076127688, -6.66964817682171, 0.0 ], [ 107.129921112769338, -6.669645417701666, 0.0 ], [ 107.129699868754145, -6.669308763688289, 0.0 ], [ 107.129470984098816, -6.668721801369895, 0.0 ], [ 107.129295511978427, -6.66842233612174, 0.0 ], [ 107.128891154303531, -6.668186292862934, 0.0 ], [ 107.128540185781105, -6.668062806952815, 0.0 ], [ 107.128036642777019, -6.667989856646397, 0.0 ], [ 107.127540717929961, -6.667942150309827, 0.0 ], [ 107.12713636025498, -6.667756208282274, 0.0 ], [ 107.126556531359057, -6.667370903644123, 0.0 ], [ 107.126014857100103, -6.666885496368415, 0.0 ], [ 107.125534189251553, -6.666586514056263, 0.0 ], [ 107.125460766801126, -6.666580395068991, 0.0 ], [ 107.125168011394805, -6.666555999159876, 0.0 ], [ 107.125000155632804, -6.666533100621965, 0.0 ], [ 107.124550026063005, -6.666305182737844, 0.0 ], [ 107.124433999129877, -6.666190765591153, 0.0 ], [ 107.1242066981807, -6.665966618564436, 0.0 ], [ 107.123825214761979, -6.665372958095386, 0.0 ], [ 107.123481886879773, -6.66460904786911, 0.0 ], [ 107.123092812283588, -6.663967245791582, 0.0 ], [ 107.122589244997855, -6.663592944358712, 0.0 ], [ 107.121910230772741, -6.663389327055693, 0.0 ], [ 107.121071024808103, -6.663283467857575, 0.0 ], [ 107.120025785062154, -6.663239580941784, 0.0 ], [ 107.119247584608473, -6.66323053825856, 0.0 ], [ 107.118698269709569, -6.663378348132056, 0.0 ], [ 107.118278655935356, -6.663720708343881, 0.0 ], [ 107.117843784263442, -6.664098855277825, 0.0 ], [ 107.117294469364452, -6.664295774430276, 0.0 ], [ 107.116859573410707, -6.664322008553683, 0.0 ], [ 107.116188198926437, -6.664227586933382, 0.0 ], [ 107.115417640012254, -6.663927178296483, 0.0 ], [ 107.114456326798233, -6.663603411568033, 0.0 ], [ 107.114006198127726, -6.663483721696242, 0.0 ], [ 107.113525553661546, -6.663485656137915, 0.0 ], [ 107.113166943599808, -6.663548087973705, 0.0 ], [ 107.112587114703715, -6.66391525688347, 0.0 ], [ 107.111992027909906, -6.664488437091567, 0.0 ], [ 107.111633443029106, -6.664817933400737, 0.0 ], [ 107.11133588704169, -6.665001505714798, 0.0 ], [ 107.110998150244598, -6.665153295987594, 0.0 ], [ 107.110817087938372, -6.665234671143008, 0.0 ], [ 107.110359341110907, -6.665479296632117, 0.0 ], [ 107.110199126888318, -6.665613759667135, 0.0 ], [ 107.110016014127979, -6.665893663761437, 0.0 ], [ 107.109863416263764, -6.66593085162738, 0.0 ], [ 107.10966504470619, -6.66579781581639, 0.0 ], [ 107.109481956227498, -6.665543662909581, 0.0 ], [ 107.10927597011009, -6.665119260245458, 0.0 ], [ 107.109161526883199, -6.664731128138914, 0.0 ], [ 107.10905472519552, -6.664488894846468, 0.0 ], [ 107.10857405734707, -6.664211383848109, 0.0 ], [ 107.1079789696539, -6.663910492275207, 0.0 ], [ 107.107360985221476, -6.663743120348578, 0.0 ], [ 107.106971908826722, -6.663756951022339, 0.0 ], [ 107.106834567961116, -6.663890930222074, 0.0 ], [ 107.10672774199189, -6.664364925101065, 0.0 ], [ 107.106598066947413, -6.664718263336979, 0.0 ], [ 107.106437828443163, -6.664912812775938, 0.0 ], [ 107.106216559247045, -6.664913756164772, 0.0 ], [ 107.105964800335457, -6.664842232183101, 0.0 ], [ 107.105613856094763, -6.664612887974233, 0.0 ], [ 107.105400230236611, -6.664444087024837, 0.0 ], [ 107.105399735609424, -6.664443694920443, 0.0 ], [ 107.104840547953074, -6.664004367107648, 0.0 ], [ 107.104173200632914, -6.663846797791297, 0.0 ], [ 107.103589271727685, -6.664041440759707, 0.0 ], [ 107.103237061241572, -6.664820012633257, 0.0 ], [ 107.103125836688179, -6.665552240643215, 0.0 ], [ 107.103005343721819, -6.666386423894224, 0.0 ], [ 107.102952395237025, -6.666423581183114, 0.0 ], [ 107.102477027093329, -6.666757173004925, 0.0 ], [ 107.101948711364116, -6.666608873000914, 0.0 ], [ 107.101707725431396, -6.666312273892174, 0.0 ], [ 107.101606870061204, -6.666205116073112, 0.0 ], [ 107.101570282942362, -6.666172599285893, 0.0 ], [ 107.101564454436158, -6.666160050146033, 0.0 ], [ 107.101559425427297, -6.666154706374385, 0.0 ], [ 107.101469881729869, -6.665956431943645, 0.0 ], [ 107.10133375674765, -6.665663350083353, 0.0 ], [ 107.101310325811085, -6.665603129680466, 0.0 ], [ 107.101299900869904, -6.665580046781585, 0.0 ], [ 107.101160871077511, -6.665255642433845, 0.0 ], [ 107.101129166378115, -6.665137538966039, 0.0 ], [ 107.101074380578396, -6.664996739307885, 0.0 ], [ 107.101040587653216, -6.664961412139316, 0.0 ], [ 107.100738669953842, -6.664645795067194, 0.0 ], [ 107.100372468714653, -6.66444075143934, 0.0 ], [ 107.099800256177033, -6.66420040402528, 0.0 ], [ 107.099258581918249, -6.664008247682354, 0.0 ], [ 107.098579566793774, -6.663974396301189, 0.0 ], [ 107.097961582361336, -6.66400157381343, 0.0 ], [ 107.096962113610829, -6.66404209906343, 0.0 ], [ 107.0961152436238, -6.664179439029763, 0.0 ], [ 107.09556592872481, -6.664242378982479, 0.0 ], [ 107.095100566438234, -6.664341564311584, 0.0 ], [ 107.0947877543516, -6.664573762069317, 0.0 ], [ 107.094581742153906, -6.664939019919682, 0.0 ], [ 107.094345265421836, -6.6654988532893, 0.0 ], [ 107.094200283016818, -6.665887928784766, 0.0 ], [ 107.093933242825088, -6.666095850243128, 0.0 ], [ 107.093704381552129, -6.666193584066473, 0.0 ], [ 107.093277126238519, -6.666268445432291, 0.0 ], [ 107.093137269969191, -6.666281318328018, 0.0 ], [ 107.092582854115605, -6.666332351256834, 0.0 ], [ 107.092147982443606, -6.666467781962417, 0.0 ], [ 107.091415554784191, -6.666628963855405, 0.0 ], [ 107.090774696095494, -6.666777233282541, 0.0 ], [ 107.090080423972594, -6.667023285995679, 0.0 ], [ 107.089523468433484, -6.667256451423977, 0.0 ], [ 107.089073338863685, -6.667403801743923, 0.0 ], [ 107.088684239086575, -6.667453877794074, 0.0 ], [ 107.08840194099696, -6.667370409017028, 0.0 ], [ 107.088134924187585, -6.667237856141952, 0.0 ], [ 107.087890757352753, -6.66709289891795, 0.0 ], [ 107.087722925872569, -6.667045215963832, 0.0 ], [ 107.087524580395282, -6.667045699799026, 0.0 ], [ 107.087310927557468, -6.667095751567533, 0.0 ], [ 107.086715840763574, -6.66718303976527, 0.0 ], [ 107.086395435701007, -6.667233092433058, 0.0 ], [ 107.086250454195266, -6.667184925643657, 0.0 ], [ 107.086105496971271, -6.667039992701387, 0.0 ], [ 107.085960539747262, -6.666773436344844, 0.0 ], [ 107.085859151978511, -6.666526856628998, 0.0 ], [ 107.085701140195653, -6.666142562828838, 0.0 ], [ 107.085502768638065, -6.665597043968265, 0.0 ], [ 107.085388327209728, -6.665245157238111, 0.0 ], [ 107.085205237831673, -6.665039628875604, 0.0 ], [ 107.084930581281469, -6.664931400863274, 0.0 ], [ 107.084503325068567, -6.664908503224733, 0.0 ], [ 107.084037937600897, -6.664874167109005, 0.0 ], [ 107.083519137598287, -6.664864156755215, 0.0 ], [ 107.083034164695121, -6.664822482171608, 0.0 ], [ 107.082847764912572, -6.664806464346675, 0.0 ], [ 107.082290785091828, -6.664747827650022, 0.0 ], [ 107.081962739389127, -6.664737334360318, 0.0 ], [ 107.081131126400521, -6.66483794511489, 0.0 ], [ 107.080429237919233, -6.664938072933548, 0.0 ], [ 107.079857025381614, -6.664989115754896, 0.0 ], [ 107.07934586601904, -6.665003405982208, 0.0 ], [ 107.078933867704023, -6.664932365835821, 0.0 ], [ 107.078048865562849, -6.664692986991607, 0.0 ], [ 107.07767588703274, -6.66457478909507, 0.0 ], [ 107.077179122218837, -6.664417361871546, 0.0 ], [ 107.076828152797219, -6.664199913894766, 0.0 ], [ 107.076667938574715, -6.664006331227004, 0.0 ], [ 107.076576393885645, -6.663617230550614, 0.0 ], [ 107.076575207679838, -6.663611643062719, 0.0 ], [ 107.076999999750342, -6.662930000119296, 0.0 ], [ 107.077199999980138, -6.662589999728521, 0.0 ], [ 107.077469999840829, -6.66215000012226, 0.0 ], [ 107.077630476665277, -6.661706327684715, 0.0 ], [ 107.077639999586495, -6.661680000031858, 0.0 ], [ 107.077859999839262, -6.660989999688596, 0.0 ], [ 107.077879999862233, -6.660490000013333, 0.0 ], [ 107.077910000346463, -6.660180000106788, 0.0 ], [ 107.078020000023201, -6.659629999924412, 0.0 ], [ 107.078149999722925, -6.658840000365576, 0.0 ], [ 107.078220000252998, -6.658319999768061, 0.0 ], [ 107.078240000275969, -6.657740000000825, 0.0 ], [ 107.078269999860751, -6.657280000371504, 0.0 ], [ 107.078269999860751, -6.65679000025813, 0.0 ], [ 107.078209999791838, -6.656529999959417, 0.0 ], [ 107.078209999791838, -6.656200000029813, 0.0 ], [ 107.078209999791838, -6.655830000054355, 0.0 ], [ 107.078229999814809, -6.655609999801495, 0.0 ], [ 107.07824999983778, -6.655440000055837, 0.0 ], [ 107.078229999814809, -6.655219999802977, 0.0 ], [ 107.078209999791838, -6.655010000011288, 0.0 ], [ 107.078216379582486, -6.654991771652732, 0.0 ], [ 107.078280000321911, -6.654809999781488, 0.0 ], [ 107.078349999952721, -6.65464000003583, 0.0 ], [ 107.078349999952721, -6.65441999978297, 0.0 ], [ 107.078369999975692, -6.654189999968398, 0.0 ], [ 107.078459999629473, -6.654040000245622, 0.0 ], [ 107.078800000020152, -6.653889999623654, 0.0 ], [ 107.079129999949757, -6.653739999900878, 0.0 ], [ 107.079559999994132, -6.653630000224133, 0.0 ], [ 107.0801199997384, -6.653519999648108, 0.0 ], [ 107.080449999667906, -6.653309999856418, 0.0 ], [ 107.080910000196511, -6.652990000388073, 0.0 ], [ 107.081360000264027, -6.652730000089271, 0.0 ], [ 107.081619999663374, -6.652600000389555, 0.0 ], [ 107.082080000192065, -6.6525099998365, 0.0 ], [ 107.082439999706438, -6.65250000027461, 0.0 ], [ 107.082809999681899, -6.652580000366584, 0.0 ], [ 107.083219999703388, -6.652540000320553, 0.0 ], [ 107.083890000023672, -6.652440000205697, 0.0 ], [ 107.084329999629944, -6.652250000436979, 0.0 ], [ 107.085189999718864, -6.651950000092235, 0.0 ], [ 107.085710000316467, -6.651689999793522, 0.0 ], [ 107.086020000223016, -6.651480000001833, 0.0 ], [ 107.086579999967185, -6.65098000032657, 0.0 ], [ 107.086969999965703, -6.650479999752026, 0.0 ], [ 107.087299999895308, -6.649879999961819, 0.0 ], [ 107.087520000148075, -6.649420000332587, 0.0 ], [ 107.087760000423827, -6.648970000265155, 0.0 ], [ 107.087890000123622, -6.648469999690612, 0.0 ], [ 107.087979999777403, -6.647909999946346, 0.0 ], [ 107.087990000238477, -6.647499999924857, 0.0 ], [ 107.087990000238477, -6.647190000018313, 0.0 ], [ 107.087819999593449, -6.646380000436505, 0.0 ], [ 107.087600000239959, -6.645549999932356, 0.0 ], [ 107.087390000448366, -6.645110000326095, 0.0 ], [ 107.087150000172528, -6.64478000039658, 0.0 ], [ 107.086849999827791, -6.644489999613636, 0.0 ], [ 107.086470000290433, -6.644239999776005, 0.0 ], [ 107.085949999692929, -6.644090000053318, 0.0 ], [ 107.085519999648469, -6.643780000146684, 0.0 ], [ 107.08520999974192, -6.643390000148166, 0.0 ], [ 107.085069999580952, -6.642960000103795, 0.0 ], [ 107.084810000181605, -6.64242999994439, 0.0 ], [ 107.084460000229029, -6.642050000407043, 0.0 ], [ 107.084870000250518, -6.642160000083788, 0.0 ], [ 107.085369999925689, -6.642369999875388, 0.0 ], [ 107.085929999669958, -6.642619999713109, 0.0 ], [ 107.086317599377836, -6.642798891955106, 0.0 ], [ 107.086579999967185, -6.642920000057853, 0.0 ], [ 107.087489999663944, -6.643310000056282, 0.0 ], [ 107.088180000007199, -6.643619999962915, 0.0 ], [ 107.089100000165033, -6.644079999592147, 0.0 ], [ 107.090310000206529, -6.644589999728581, 0.0 ], [ 107.091219999903274, -6.644979999727099, 0.0 ], [ 107.091999999900224, -6.645289999633643, 0.0 ], [ 107.092066702616378, -6.645316002631265, 0.0 ], [ 107.093180000356867, -6.645750000162156, 0.0 ], [ 107.093980000376959, -6.645990000437987, 0.0 ], [ 107.094740000350939, -6.646120000137703, 0.0 ], [ 107.095779999747407, -6.646189999768506, 0.0 ], [ 107.097179999557525, -6.646260000298678, 0.0 ], [ 107.098070000130591, -6.646200000229676, 0.0 ], [ 107.098999999850221, -6.64608999965365, 0.0 ], [ 107.100020000123095, -6.645890000323131, 0.0 ], [ 107.100579999867264, -6.645699999655132, 0.0 ], [ 107.100665089222645, -6.645674702625328, 0.0 ], [ 107.100949999842811, -6.645589999978387, 0.0 ], [ 107.101580000117082, -6.645529999909385, 0.0 ], [ 107.101970000115585, -6.645469999840472, 0.0 ], [ 107.102170000345481, -6.645380000186698, 0.0 ], [ 107.10240000016006, -6.645119999887896, 0.0 ], [ 107.102600000389856, -6.644879999612154, 0.0 ], [ 107.103369999925718, -6.644500000074807, 0.0 ], [ 107.103692833157865, -6.644415215589596, 0.0 ], [ 107.104359999714447, -6.644239999776005, 0.0 ], [ 107.104624232222676, -6.64419979108736, 0.0 ], [ 107.10527999987228, -6.644099999615118, 0.0 ], [ 107.105990000238506, -6.644029999984316, 0.0 ], [ 107.107189999818743, -6.644020000422515, 0.0 ], [ 107.10733018793799, -6.644016919345166, 0.0 ], [ 107.108100000414865, -6.644000000399544, 0.0 ], [ 107.108729999789844, -6.643869999800458, 0.0 ], [ 107.109569999855793, -6.6437000000548, 0.0 ], [ 107.110479999552552, -6.64351000028617, 0.0 ], [ 107.11155999989424, -6.643410000171226, 0.0 ], [ 107.112190000168496, -6.643370000125195, 0.0 ], [ 107.112749999912765, -6.643370000125195, 0.0 ], [ 107.113420000233049, -6.643419999733027, 0.0 ], [ 107.114049999607943, -6.643559999893913, 0.0 ], [ 107.114719999928241, -6.643820000192715, 0.0 ], [ 107.11527999967241, -6.644020000422515, 0.0 ], [ 107.115999999600447, -6.644170000145202, 0.0 ], [ 107.116709999966673, -6.644239999776005, 0.0 ], [ 107.117530000009651, -6.644239999776005, 0.0 ], [ 107.118350000052629, -6.644139999661061, 0.0 ], [ 107.119179999657419, -6.643889999823518, 0.0 ], [ 107.119890000023645, -6.643740000100742, 0.0 ], [ 107.120609999951682, -6.643689999593629, 0.0 ], [ 107.121340000340894, -6.643720000077771, 0.0 ], [ 107.122140000360901, -6.643809999731545, 0.0 ], [ 107.122399999760418, -6.643789999708574, 0.0 ], [ 107.123010000011703, -6.643669999570658, 0.0 ], [ 107.123660000308931, -6.643579999916884, 0.0 ], [ 107.12420999959194, -6.643579999916884, 0.0 ], [ 107.12471999972837, -6.643720000077771, 0.0 ], [ 107.12500000005015, -6.643869999800458, 0.0 ], [ 107.125390000048668, -6.64392999986946, 0.0 ], [ 107.125880000162041, -6.643889999823518, 0.0 ], [ 107.126510000436298, -6.643680000031829, 0.0 ], [ 107.126915793429276, -6.643546272642222, 0.0 ], [ 107.127389999648912, -6.643390000148166, 0.0 ], [ 107.127770000085633, -6.64327000001034, 0.0 ], [ 107.128960000104058, -6.642929999619653, 0.0 ], [ 107.129909999846845, -6.642409999921419, 0.0 ], [ 107.130212502105465, -6.642176821902659, 0.0 ], [ 107.131349999702906, -6.641299999994867, 0.0 ], [ 107.131970000415379, -6.640729999789432, 0.0 ], [ 107.132519999698374, -6.639980000276626, 0.0 ], [ 107.133869999900753, -6.642289999783504, 0.0 ], [ 107.134910000196513, -6.644150000122231, 0.0 ], [ 107.135169999595945, -6.644520000097778, 0.0 ], [ 107.13519168225055, -6.644550765005643, 0.0 ], [ 107.135910000446316, -6.645569999955416, 0.0 ], [ 107.136510000236527, -6.645799999769988, 0.0 ], [ 107.137672282250179, -6.646241236843444, 0.0 ], [ 107.13867000002071, -6.646619999812966, 0.0 ], [ 107.140370000175579, -6.647330000179199, 0.0 ], [ 107.141070000080646, -6.647410000271083, 0.0 ], [ 107.142409999821865, -6.647060000318596, 0.0 ], [ 107.144840000365932, -6.646040000045819, 0.0 ], [ 107.14562999992468, -6.645540000370556, 0.0 ], [ 107.147277600181269, -6.644372950151336, 0.0 ], [ 107.147310000056578, -6.644350000352031, 0.0 ], [ 107.147323919763295, -6.644343039599434, 0.0 ], [ 107.148569999705899, -6.643720000077771, 0.0 ], [ 107.151450000317411, -6.64218999966856, 0.0 ], [ 107.152729999989702, -6.641400000109723, 0.0 ], [ 107.153679999732404, -6.640800000319604, 0.0 ], [ 107.154989999888755, -6.6402700001602, 0.0 ], [ 107.155769999885791, -6.639690000393053, 0.0 ], [ 107.156600000389858, -6.638630000074244, 0.0 ], [ 107.156706036754343, -6.638467998898836, 0.0 ], [ 107.157320000317981, -6.637529999709582, 0.0 ], [ 107.15788000006215, -6.63705999961909, 0.0 ], [ 107.158869999850793, -6.636900000334602, 0.0 ], [ 107.159401171826786, -6.636818698024385, 0.0 ], [ 107.159850000077626, -6.636749999712546, 0.0 ], [ 107.160189999569027, -6.636720000127774, 0.0 ], [ 107.160249999637941, -6.636609999551659, 0.0 ], [ 107.160340000190999, -6.636490000313113, 0.0 ], [ 107.160480000351882, -6.636290000083225, 0.0 ], [ 107.160639999636459, -6.636129999899456, 0.0 ], [ 107.160899999935253, -6.635949999692539, 0.0 ], [ 107.161100000165064, -6.635799999969851, 0.0 ], [ 107.161209999841802, -6.635719999877967, 0.0 ], [ 107.161359999564496, -6.635639999785994, 0.0 ], [ 107.161430000094583, -6.635610000201222, 0.0 ], [ 107.161570000255466, -6.635519999648167, 0.0 ], [ 107.161630000324379, -6.635429999994393, 0.0 ], [ 107.161760000024174, -6.635180000156673, 0.0 ], [ 107.1618800001621, -6.6348999998349, 0.0 ], [ 107.161929999769839, -6.634770000135273, 0.0 ], [ 107.162109999976664, -6.634449999767558, 0.0 ], [ 107.162239999676473, -6.634150000322094, 0.0 ], [ 107.162330000229446, -6.633809999931408, 0.0 ], [ 107.162430000344386, -6.633379999886948, 0.0 ], [ 107.16254000002121, -6.633210000141201, 0.0 ], [ 107.162749999812817, -6.633029999934372, 0.0 ], [ 107.162829999904787, -6.632920000257627, 0.0 ], [ 107.162880000411903, -6.63276000007377, 0.0 ], [ 107.162880731560648, -6.632756525093377, 0.0 ], [ 107.16295999960451, -6.632379999637141, 0.0 ], [ 107.163019999673423, -6.632240000375536, 0.0 ], [ 107.16317000029548, -6.631929999569621, 0.0 ], [ 107.16332000001816, -6.63169999975505, 0.0 ], [ 107.163409999671941, -6.63148999996336, 0.0 ], [ 107.163469999740855, -6.631099999964842, 0.0 ], [ 107.163400000110045, -6.630910000196213, 0.0 ], [ 107.163259999949247, -6.630709999966413, 0.0 ], [ 107.163130000249538, -6.630580000266697, 0.0 ], [ 107.162939999581539, -6.630509999736525, 0.0 ], [ 107.162120000437838, -6.630520000197695, 0.0 ], [ 107.1618800001621, -6.630509999736525, 0.0 ], [ 107.161740000001117, -6.630440000105722, 0.0 ], [ 107.16151999974835, -6.630219999852951, 0.0 ], [ 107.161410000071612, -6.629949999992348, 0.0 ], [ 107.161080000142093, -6.629470000340056, 0.0 ], [ 107.160349999752796, -6.628439999606108, 0.0 ], [ 107.160260000099115, -6.628309999906392, 0.0 ], [ 107.159990000238508, -6.627779999746988, 0.0 ], [ 107.159620000262962, -6.626999999750041, 0.0 ], [ 107.159538010870705, -6.626831921855594, 0.0 ], [ 107.159420000033165, -6.626589999728552, 0.0 ], [ 107.159259999849297, -6.625849999777547, 0.0 ], [ 107.159199999780384, -6.625390000148226, 0.0 ], [ 107.159139999711385, -6.62502999973448, 0.0 ], [ 107.159119999688414, -6.62483999996585, 0.0 ], [ 107.159139999711385, -6.624619999713079, 0.0 ], [ 107.159279999872268, -6.624140000060788, 0.0 ], [ 107.159330000379384, -6.62397999987693, 0.0 ], [ 107.159350000402355, -6.623770000085329, 0.0 ], [ 107.159348477850145, -6.623760870167885, 0.0 ], [ 107.159339999941182, -6.623710000016327, 0.0 ], [ 107.159449999617934, -6.623669999970385, 0.0 ], [ 107.158949999942678, -6.623210000341064, 0.0 ], [ 107.158890250784609, -6.623063341599824, 0.0 ], [ 107.158840000265926, -6.622939999581181, 0.0 ], [ 107.15880999978188, -6.62268999974355, 0.0 ], [ 107.15880999978188, -6.622410000321146, 0.0 ], [ 107.158729999689896, -6.622120000437484, 0.0 ], [ 107.158700000105128, -6.6220499999074, 0.0 ], [ 107.158620000013158, -6.621920000207684, 0.0 ], [ 107.158550000382348, -6.621690000393023, 0.0 ], [ 107.158100000314917, -6.621029999634622, 0.0 ], [ 107.15794999969286, -6.620719999728077, 0.0 ], [ 107.157790000408369, -6.620329999729559, 0.0 ], [ 107.157679999832254, -6.620150000422012, 0.0 ], [ 107.157619999763341, -6.620110000376069, 0.0 ], [ 107.157499999625429, -6.619970000215183, 0.0 ], [ 107.157399808854279, -6.619661077696417, 0.0 ], [ 107.157164306987298, -6.618934947090018, 0.0 ], [ 107.15701999997323, -6.618490000313084, 0.0 ], [ 107.156919999858289, -6.618209999991311, 0.0 ], [ 107.156810000181537, -6.617659999809025, 0.0 ], [ 107.156736895191742, -6.6172822917442, 0.0 ], [ 107.156629999974712, -6.616730000089301, 0.0 ], [ 107.157759999924238, -6.616830000204157, 0.0 ], [ 107.158180000406801, -6.616890000273159, 0.0 ], [ 107.158290000083639, -6.616609999951386, 0.0 ], [ 107.158350000152552, -6.616239999975839, 0.0 ], [ 107.15839000019858, -6.615870000000292, 0.0 ], [ 107.158439999806319, -6.615350000302058, 0.0 ], [ 107.158490000313435, -6.614820000142743, 0.0 ], [ 107.158539999921274, -6.614439999706025, 0.0 ], [ 107.158579999967216, -6.614020000122736, 0.0 ], [ 107.15859311028396, -6.61370972412433, 0.0 ], [ 107.158609999551985, -6.613309999756503, 0.0 ], [ 107.158629999574956, -6.612939999781045, 0.0 ], [ 107.158649999597927, -6.612460000128753, 0.0 ], [ 107.158650159677251, -6.612455267896102, 0.0 ], [ 107.158669999620898, -6.611869999900435, 0.0 ], [ 107.158629999574956, -6.611379999786973, 0.0 ], [ 107.158579999967216, -6.610840000065767, 0.0 ], [ 107.158530000359377, -6.61047999965211, 0.0 ], [ 107.158468334746061, -6.610215722177628, 0.0 ], [ 107.15845999982929, -6.610180000206736, 0.0 ], [ 107.158319999668407, -6.609509999886445, 0.0 ], [ 107.158279999622465, -6.60919000041801, 0.0 ], [ 107.158209999991669, -6.608480000051866, 0.0 ], [ 107.158120000337888, -6.607720000077801, 0.0 ], [ 107.158080000291946, -6.60683999996591, 0.0 ], [ 107.158080000291946, -6.606149999622648, 0.0 ], [ 107.158069999830786, -6.605449999717585, 0.0 ], [ 107.158069999830786, -6.605030000134295, 0.0 ], [ 107.158020000223033, -6.604569999605605, 0.0 ], [ 107.157960000154034, -6.604219999653118, 0.0 ], [ 107.157860000039179, -6.603960000253686, 0.0 ], [ 107.157699999855325, -6.603699999954884, 0.0 ], [ 107.157510000086603, -6.603490000163195, 0.0 ], [ 107.157929999669889, -6.603510000186166, 0.0 ], [ 107.158410000221551, -6.603519999748055, 0.0 ], [ 107.158820000242955, -6.603479999702113, 0.0 ], [ 107.159299999895239, -6.603359999564198, 0.0 ], [ 107.159780000446816, -6.603160000233679, 0.0 ], [ 107.160220000053172, -6.602890000373076, 0.0 ], [ 107.16050999993675, -6.602699999705077, 0.0 ], [ 107.160557441872641, -6.602674698178603, 0.0 ], [ 107.160810000281487, -6.6025400004205, 0.0 ], [ 107.161120000188035, -6.602509999936359, 0.0 ], [ 107.161399999610438, -6.602480000351587, 0.0 ], [ 107.161710000416349, -6.602360000213672, 0.0 ], [ 107.162040000345954, -6.602570000005361, 0.0 ], [ 107.162190000068648, -6.602699999705077, 0.0 ] ] ] ] } },
{ "type": "Feature", "properties": { "PROVNO": "32", "KABKOTNO": "01", "KECNO": "161", "DESANO": "005", "PROVINSI": "JAWA BARAT", "KABKOT": "BOGOR", "KECAMATAN": "TANJUNGSARI", "ID2013": "3201161005", "DESA": "BUANAJAYA", "DESA_1": "BUANAJAYA", "ID2012": "3201161005", "IDKAB2": "3201", "IDKEC_2": "3201161", "WILAYAH": "TIMUR" }, "geometry": { "type": "MultiPolygon", "coordinates": [ [ [ [ 107.220512548315625, -6.590748932417103, 0.0 ], [ 107.220515796666902, -6.590753985707689, 0.0 ], [ 107.220517421741818, -6.590756513701947, 0.0 ], [ 107.220848211276163, -6.591271068904483, 0.0 ], [ 107.222053666143907, -6.592926654241484, 0.0 ], [ 107.222473280817411, -6.593493137198383, 0.0 ], [ 107.223205707577534, -6.5945254896595, 0.0 ], [ 107.223755023375801, -6.595321316825178, 0.0 ], [ 107.224136505895245, -6.59594979634587, 0.0 ], [ 107.224563737826415, -6.596904918626958, 0.0 ], [ 107.224998610397705, -6.598102732854674, 0.0 ], [ 107.225372452277014, -6.599095019619341, 0.0 ], [ 107.225685240981292, -6.599751620041019, 0.0 ], [ 107.226112519677173, -6.60054411072192, 0.0 ], [ 107.226532110968321, -6.60132042439793, 0.0 ], [ 107.227111965045339, -6.602095288366652, 0.0 ], [ 107.227111836442248, -6.60209545743923, 0.0 ], [ 107.227105955775457, -6.602103163729858, 0.0 ], [ 107.226822026315602, -6.602475320279702, 0.0 ], [ 107.226555008606937, -6.602771424761258, 0.0 ], [ 107.226249837160424, -6.603165772082544, 0.0 ], [ 107.225990436709452, -6.603475247684401, 0.0 ], [ 107.225769192694244, -6.603785666675002, 0.0 ], [ 107.225494535244749, -6.604244864109035, 0.0 ], [ 107.225242752051528, -6.604694508944267, 0.0 ], [ 107.224990993140025, -6.605249555222628, 0.0 ], [ 107.224769723943822, -6.605697289897918, 0.0 ], [ 107.224563737826415, -6.606125972435475, 0.0 ], [ 107.224250924840504, -6.606721059229361, 0.0 ], [ 107.223785538272097, -6.607652316201253, 0.0 ], [ 107.22352613782121, -6.608116760280094, 0.0 ], [ 107.223274378909622, -6.608678019974459, 0.0 ], [ 107.223022594817024, -6.609172495114404, 0.0 ], [ 107.222732681268383, -6.609762334364024, 0.0 ], [ 107.222465663559731, -6.610227720932418, 0.0 ], [ 107.222282527416866, -6.610647335605915, 0.0 ], [ 107.222152850573735, -6.611051693280814, 0.0 ], [ 107.222147452842847, -6.611214111741717, 0.0 ], [ 107.222129952935191, -6.611740717859718, 0.0 ], [ 107.222122335677426, -6.612124595273752, 0.0 ], [ 107.222007869967371, -6.612493167125812, 0.0 ], [ 107.22184003758781, -6.612693930880056, 0.0 ], [ 107.221458555068381, -6.61289515418785, 0.0 ], [ 107.220443877882815, -6.613258985713468, 0.0 ], [ 107.220041267590602, -6.61346482074471, 0.0 ], [ 107.219764862758424, -6.613606133915741, 0.0 ], [ 107.219200266579193, -6.61405720597509, 0.0 ], [ 107.218826423800593, -6.614388130407747, 0.0 ], [ 107.218437349204493, -6.614883548037156, 0.0 ], [ 107.217994835993082, -6.615573563668899, 0.0 ], [ 107.217682023007086, -6.616113787321201, 0.0 ], [ 107.217170863644597, -6.616836711844556, 0.0 ], [ 107.216720709793066, -6.617434652187306, 0.0 ], [ 107.216171394894175, -6.617947236975255, 0.0 ], [ 107.215774678758578, -6.618265757058897, 0.0 ], [ 107.215355039803356, -6.618727831424067, 0.0 ], [ 107.215004095562762, -6.619286671942195, 0.0 ], [ 107.214775210907433, -6.619670066420227, 0.0 ], [ 107.214592122428655, -6.620124957900355, 0.0 ], [ 107.214485295560152, -6.62083069188272, 0.0 ], [ 107.21430982433904, -6.621617474566612, 0.0 ], [ 107.214119094320864, -6.622346542358883, 0.0 ], [ 107.213516391168682, -6.624108951866461, 0.0 ], [ 107.213325636868859, -6.624831344890438, 0.0 ], [ 107.213279864973956, -6.62499966020599, 0.0 ], [ 107.213363793304637, -6.626136929375583, 0.0 ], [ 107.21331037987035, -6.627442004844522, 0.0 ], [ 107.213293120081545, -6.627600406933123, 0.0 ], [ 107.213157781106858, -6.628842493885791, 0.0 ], [ 107.213005206625184, -6.630592983779007, 0.0 ], [ 107.213043363060976, -6.631929540915351, 0.0 ], [ 107.21339430730157, -6.632882270100495, 0.0 ], [ 107.214164889598123, -6.633992336576924, 0.0 ], [ 107.214904910233557, -6.63513436855613, 0.0 ], [ 107.215194848963293, -6.636024134406107, 0.0 ], [ 107.215232981117353, -6.636260176765543, 0.0 ], [ 107.215233346242087, -6.636262185851063, 0.0 ], [ 107.215294035191775, -6.636596346943726, 0.0 ], [ 107.21526352029538, -6.637010255418776, 0.0 ], [ 107.215072765995473, -6.637297292935553, 0.0 ], [ 107.214500552558576, -6.637586263994724, 0.0 ], [ 107.213843269551433, -6.637739226084207, 0.0 ], [ 107.211990506057163, -6.638170397046075, 0.0 ], [ 107.210495135841967, -6.638272435024675, 0.0 ], [ 107.209282063716458, -6.638564236250346, 0.0 ], [ 107.207916393726734, -6.638824601673878, 0.0 ], [ 107.206352378259822, -6.639309067359402, 0.0 ], [ 107.205276622718117, -6.639695289306005, 0.0 ], [ 107.204444417975751, -6.639931474657637, 0.0 ], [ 107.203682067173787, -6.640147836253476, 0.0 ], [ 107.202667389988235, -6.640502599914857, 0.0 ], [ 107.2015534789101, -6.641080035714921, 0.0 ], [ 107.200760022357287, -6.641847258144331, 0.0 ], [ 107.199857665998678, -6.642565790378754, 0.0 ], [ 107.199554566590166, -6.642807143234943, 0.0 ], [ 107.19879164921538, -6.643192422691993, 0.0 ], [ 107.197738791312389, -6.643419881022474, 0.0 ], [ 107.196504602205735, -6.643755657297525, 0.0 ], [ 107.19631206814762, -6.643808038310208, 0.0 ], [ 107.195007451332955, -6.64432301709347, 0.0 ], [ 107.192939917143676, -6.645222790599128, 0.0 ], [ 107.192179989115431, -6.645479737699613, 0.0 ], [ 107.192176950306234, -6.645480764725367, 0.0 ], [ 107.191093602687772, -6.645580916825669, 0.0 ], [ 107.189628748268319, -6.645650989301579, 0.0 ], [ 107.188278335277118, -6.646118310311646, 0.0 ], [ 107.18789687614013, -6.645828370682541, 0.0 ], [ 107.187561164616213, -6.645724906379105, 0.0 ], [ 107.187240758654269, -6.645717748674986, 0.0 ], [ 107.186691444654656, -6.645699638127613, 0.0 ], [ 107.186622774221846, -6.645681043745046, 0.0 ], [ 107.186302320595814, -6.645580432091105, 0.0 ], [ 107.186172621269606, -6.645589957710243, 0.0 ], [ 107.185867448923801, -6.645724904580543, 0.0 ], [ 107.184959549143997, -6.646133082575503, 0.0 ], [ 107.184517060214333, -6.646246074296727, 0.0 ], [ 107.184227120585319, -6.646257536156188, 0.0 ], [ 107.184005876570112, -6.646196506363502, 0.0 ], [ 107.183532849361683, -6.645989067841054, 0.0 ], [ 107.183235294273572, -6.645908960729798, 0.0 ], [ 107.182907247671508, -6.645917085205113, 0.0 ], [ 107.182502889996513, -6.645998618641116, 0.0 ], [ 107.182182437269859, -6.646131172415473, 0.0 ], [ 107.18175520533859, -6.646302824215802, 0.0 ], [ 107.181503446427101, -6.64640249158154, 0.0 ], [ 107.181457650250564, -6.64640631280097, 0.0 ], [ 107.18115247790476, -6.64643158015318, 0.0 ], [ 107.180977005784371, -6.64642775983312, 0.0 ], [ 107.180259835123479, -6.646420602128913, 0.0 ], [ 107.179939430060813, -6.646465432433626, 0.0 ], [ 107.179680006227471, -6.646497397037123, 0.0 ], [ 107.179631020155654, -6.646490659316342, 0.0 ], [ 107.179527431745711, -6.646476408659154, 0.0 ], [ 107.179245133656181, -6.646357202622646, 0.0 ], [ 107.178962835566566, -6.646214615112225, 0.0 ], [ 107.178566119431068, -6.645928037148998, 0.0 ], [ 107.178421162207059, -6.645727756330757, 0.0 ], [ 107.178238049446549, -6.645344870868932, 0.0 ], [ 107.178192276652382, -6.645252359408662, 0.0 ], [ 107.177810794133023, -6.64443742974349, 0.0 ], [ 107.177696375187779, -6.644433149869791, 0.0 ], [ 107.177482746631682, -6.644347336560177, 0.0 ], [ 107.177253861976368, -6.644192827636743, 0.0 ], [ 107.177047874959584, -6.64397061595098, 0.0 ], [ 107.176712164335044, -6.643591066974022, 0.0 ], [ 107.176612979005938, -6.643514272965181, 0.0 ], [ 107.17630019030176, -6.643315925689244, 0.0 ], [ 107.176139976079156, -6.643268703187957, 0.0 ], [ 107.176017915594514, -6.643239614616316, 0.0 ], [ 107.17572797776414, -6.643124229799149, 0.0 ], [ 107.175598278438017, -6.642990249700134, 0.0 ], [ 107.175438063316136, -6.642844349087298, 0.0 ], [ 107.175399931162076, -6.64281047342449, 0.0 ], [ 107.175041346281262, -6.642317424609292, 0.0 ], [ 107.174980293106216, -6.641896383611048, 0.0 ], [ 107.174957418850042, -6.641866812103583, 0.0 ], [ 107.174827718624456, -6.641745695906955, 0.0 ], [ 107.174622021189549, -6.641575600833196, 0.0 ], [ 107.174430978207226, -6.641417625023252, 0.0 ], [ 107.174369948414551, -6.64134755164806, 0.0 ], [ 107.174286020983232, -6.641283644924059, 0.0 ], [ 107.174232608448307, -6.641261231120801, 0.0 ], [ 107.174087650324935, -6.641234535645104, 0.0 ], [ 107.173797760158664, -6.641243604408622, 0.0 ], [ 107.173332349308623, -6.641237389193968, 0.0 ], [ 107.173141619290448, -6.641161561956412, 0.0 ], [ 107.172912733735842, -6.641007561149905, 0.0 ], [ 107.172523633958733, -6.640684253975007, 0.0 ], [ 107.172271875047144, -6.640505929205123, 0.0 ], [ 107.17216507335965, -6.640491613796797, 0.0 ], [ 107.172104019285229, -6.640490671307244, 0.0 ], [ 107.171775949300809, -6.640534533042111, 0.0 ], [ 107.17133346037113, -6.64061940386226, 0.0 ], [ 107.170936719953815, -6.640593193121216, 0.0 ], [ 107.170761247833426, -6.640463952449274, 0.0 ], [ 107.170555260816826, -6.640241256928316, 0.0 ], [ 107.170433176949729, -6.64000620562172, 0.0 ], [ 107.170395045694946, -6.639781600840013, 0.0 ], [ 107.170395045694946, -6.639464507980488, 0.0 ], [ 107.170387405054925, -6.639261373613383, 0.0 ], [ 107.170272962727211, -6.638911832315078, 0.0 ], [ 107.170204292294414, -6.638845096323944, 0.0 ], [ 107.169906760588731, -6.6388617796472, 0.0 ], [ 107.169806509562946, -6.638855782967781, 0.0 ], [ 107.169723647828306, -6.638850826804035, 0.0 ], [ 107.169940000430898, -6.638549999982359, 0.0 ], [ 107.170640000335965, -6.637629999824437, 0.0 ], [ 107.171300000195004, -6.636929999919374, 0.0 ], [ 107.171719999778375, -6.636490000313113, 0.0 ], [ 107.171759999824317, -6.63621999955323, 0.0 ], [ 107.17175000026252, -6.635679999831936, 0.0 ], [ 107.171690000193507, -6.635100000064789, 0.0 ], [ 107.17124000012609, -6.63382000039249, 0.0 ], [ 107.171059999919251, -6.633359999863977, 0.0 ], [ 107.1708900001735, -6.632840000165743, 0.0 ], [ 107.170620000312994, -6.63233000002931, 0.0 ], [ 107.170279999922215, -6.63191000044602, 0.0 ], [ 107.169970000015667, -6.63169000019316, 0.0 ], [ 107.169539999971221, -6.631650000147218, 0.0 ], [ 107.169080000341893, -6.631659999709107, 0.0 ], [ 107.168349999952682, -6.631879999961878, 0.0 ], [ 107.167440000255937, -6.632260000398595, 0.0 ], [ 107.166970000165534, -6.632450000167225, 0.0 ], [ 107.166589999728899, -6.632410000121283, 0.0 ], [ 107.166319999868307, -6.632260000398595, 0.0 ], [ 107.166219999753366, -6.632040000145736, 0.0 ], [ 107.166110000076614, -6.631679999732079, 0.0 ], [ 107.166091305869273, -6.631525772296456, 0.0 ], [ 107.16602999998473, -6.631019999872958, 0.0 ], [ 107.165980000376891, -6.630059999669093, 0.0 ], [ 107.166000000399862, -6.629589999578691, 0.0 ], [ 107.166030400183004, -6.629419292965846, 0.0 ], [ 107.166130000099585, -6.628860000088768, 0.0 ], [ 107.166259999799308, -6.627990000437958, 0.0 ], [ 107.166489999613958, -6.627540000370615, 0.0 ], [ 107.166669999820783, -6.62719999997984, 0.0 ], [ 107.166999999750402, -6.626789999958351, 0.0 ], [ 107.167229999564967, -6.626449999567665, 0.0 ], [ 107.167289999633965, -6.626210000191204, 0.0 ], [ 107.167289999633965, -6.625940000330601, 0.0 ], [ 107.16717000039543, -6.625630000423968, 0.0 ], [ 107.166489999613958, -6.625000000149708, 0.0 ], [ 107.166203913579892, -6.624807058698625, 0.0 ], [ 107.166059999569498, -6.624710000266134, 0.0 ], [ 107.165680000032154, -6.624449999967332, 0.0 ], [ 107.165140000310942, -6.624160000083759, 0.0 ], [ 107.164819999943234, -6.623930000269098, 0.0 ], [ 107.164539999621468, -6.62354999983247, 0.0 ], [ 107.164320000267963, -6.623290000433038, 0.0 ], [ 107.164055640955212, -6.623107683572584, 0.0 ], [ 107.1640300003844, -6.623090000203238, 0.0 ], [ 107.16360000033994, -6.622780000296604, 0.0 ], [ 107.163409999671941, -6.622540000020862, 0.0 ], [ 107.163407816117981, -6.622536117647506, 0.0 ], [ 107.16332000001816, -6.622379999836916, 0.0 ], [ 107.163340000041131, -6.622139999561174, 0.0 ], [ 107.163429999694912, -6.621960000253626, 0.0 ], [ 107.163620000362911, -6.621690000393023, 0.0 ], [ 107.164140000061138, -6.621129999749567, 0.0 ], [ 107.164630000174512, -6.620529999959359, 0.0 ], [ 107.164759367650802, -6.620335948744884, 0.0 ], [ 107.164869999550973, -6.620170000444983, 0.0 ], [ 107.165080000241943, -6.619830000054296, 0.0 ], [ 107.165169999895724, -6.619540000170723, 0.0 ], [ 107.165180000356884, -6.619030000034289, 0.0 ], [ 107.165169999895724, -6.618729999689545, 0.0 ], [ 107.165100000264999, -6.618310000106256, 0.0 ], [ 107.164909999597, -6.617810000430993, 0.0 ], [ 107.164819999943234, -6.617550000132191, 0.0 ], [ 107.164570000105599, -6.617209999741505, 0.0 ], [ 107.164365693921809, -6.6170056935578, 0.0 ], [ 107.164229999714919, -6.616870000250188, 0.0 ], [ 107.163899999785315, -6.616489999813471, 0.0 ], [ 107.163489999763826, -6.616139999860895, 0.0 ], [ 107.163150000272509, -6.615959999654066, 0.0 ], [ 107.162999999650452, -6.615789999908408, 0.0 ], [ 107.162939999581539, -6.61562000016275, 0.0 ], [ 107.16295999960451, -6.615350000302058, 0.0 ], [ 107.163230000364393, -6.614820000142743, 0.0 ], [ 107.163420000133101, -6.61455000028214, 0.0 ], [ 107.163629999924709, -6.614459999728997, 0.0 ], [ 107.163890000223518, -6.614399999660083, 0.0 ], [ 107.164140000061138, -6.614399999660083, 0.0 ], [ 107.164469999990658, -6.614410000121254, 0.0 ], [ 107.164920000058174, -6.614479999751968, 0.0 ], [ 107.165539999871271, -6.61453999982097, 0.0 ], [ 107.166079999592469, -6.614610000351053, 0.0 ], [ 107.166495159923826, -6.614675551935036, 0.0 ], [ 107.166649999797812, -6.614700000004827, 0.0 ], [ 107.16689000007365, -6.614700000004827, 0.0 ], [ 107.16695999970436, -6.614610000351053, 0.0 ], [ 107.16695999970436, -6.614370000075311, 0.0 ], [ 107.166930000119592, -6.614160000283622, 0.0 ], [ 107.166850000027623, -6.613730000239162, 0.0 ], [ 107.166769999935738, -6.613309999756503, 0.0 ], [ 107.16682000044284, -6.612819999643129, 0.0 ], [ 107.166800000419869, -6.612039999646093, 0.0 ], [ 107.166780000396898, -6.611199999580144, 0.0 ], [ 107.16682000044284, -6.610800000019825, 0.0 ], [ 107.166899999635447, -6.610360000413564, 0.0 ], [ 107.166999999750402, -6.60981999979299, 0.0 ], [ 107.167280000072168, -6.609249999587643, 0.0 ], [ 107.167440000255937, -6.608850000027324, 0.0 ], [ 107.16746999984079, -6.608379999936922, 0.0 ], [ 107.16746999984079, -6.60811999963812, 0.0 ], [ 107.16732000011811, -6.607880000261659, 0.0 ], [ 107.1671399999112, -6.607709999616631, 0.0 ], [ 107.16680999998168, -6.607550000332054, 0.0 ], [ 107.166150000122556, -6.607180000356507, 0.0 ], [ 107.165579999917213, -6.606790000358078, 0.0 ], [ 107.164960000104116, -6.606269999760475, 0.0 ], [ 107.16432999982986, -6.6057700000853, 0.0 ], [ 107.164059999969169, -6.605500000224609, 0.0 ], [ 107.163985306776652, -6.605365551578792, 0.0 ], [ 107.163859999739373, -6.60513999981104, 0.0 ], [ 107.163770000085592, -6.60490000043449, 0.0 ], [ 107.163790000108563, -6.604510000435972, 0.0 ], [ 107.163870000200546, -6.60425999969906, 0.0 ], [ 107.164010000361429, -6.603900000184684, 0.0 ], [ 107.164189999668878, -6.603430000094281, 0.0 ], [ 107.164229999714919, -6.603029999634593, 0.0 ], [ 107.164180000107081, -6.602670000120305, 0.0 ], [ 107.164050000407371, -6.602460000328616, 0.0 ], [ 107.163899999785315, -6.602409999821504, 0.0 ], [ 107.163699999555519, -6.602409999821504, 0.0 ], [ 107.163569999855795, -6.602429999844475, 0.0 ], [ 107.163360000064102, -6.602570000005361, 0.0 ], [ 107.163119999788279, -6.602719999728048, 0.0 ], [ 107.1628899999737, -6.602830000304074, 0.0 ], [ 107.162660000159036, -6.602910000396047, 0.0 ], [ 107.162430000344386, -6.602930000419018, 0.0 ], [ 107.162270000160532, -6.602830000304074, 0.0 ], [ 107.162190000068648, -6.602699999705077, 0.0 ], [ 107.162109999976664, -6.602469999890417, 0.0 ], [ 107.162109999976664, -6.602269999660617, 0.0 ], [ 107.162129999999635, -6.60189999968507, 0.0 ], [ 107.162139999561532, -6.601629999824468, 0.0 ], [ 107.162120000437838, -6.600960000403546, 0.0 ], [ 107.162049999907751, -6.600209999991371, 0.0 ], [ 107.162019926578509, -6.600096646742717, 0.0 ], [ 107.161920000208042, -6.599719999877909, 0.0 ], [ 107.161789999608956, -6.599450000017306, 0.0 ], [ 107.161590000278437, -6.599240000225706, 0.0 ], [ 107.161260000348918, -6.599030000434016, 0.0 ], [ 107.1608700003504, -6.598819999743046, 0.0 ], [ 107.16050999993675, -6.598560000343614, 0.0 ], [ 107.160453571974884, -6.598469087877969, 0.0 ], [ 107.160329999729825, -6.598269999560671, 0.0 ], [ 107.160269999660912, -6.597999999700068, 0.0 ], [ 107.160240000076143, -6.597760000323607, 0.0 ], [ 107.160300000145057, -6.597509999586606, 0.0 ], [ 107.160349109424004, -6.597368811421358, 0.0 ], [ 107.160380000237026, -6.597279999772034, 0.0 ], [ 107.160520000397824, -6.597090000003316, 0.0 ], [ 107.160799999820313, -6.596820000142714, 0.0 ], [ 107.161229999864773, -6.596499999774998, 0.0 ], [ 107.161760000024174, -6.596080000191709, 0.0 ], [ 107.162080000391896, -6.595790000308135, 0.0 ], [ 107.162089999953693, -6.595940000030822, 0.0 ], [ 107.162129999999635, -6.596370000075282, 0.0 ], [ 107.162219999653416, -6.596659999958856, 0.0 ], [ 107.162359999814299, -6.596860000188745, 0.0 ], [ 107.162569999605992, -6.597040000395573, 0.0 ], [ 107.162999999650452, -6.597230000164203, 0.0 ], [ 107.163460000179043, -6.597339999840948, 0.0 ], [ 107.16407999999214, -6.597370000325089, 0.0 ], [ 107.16426000019905, -6.597359999863919, 0.0 ], [ 107.164393196988655, -6.597356399877832, 0.0 ], [ 107.164630000174512, -6.597350000302118, 0.0 ], [ 107.164719999828293, -6.597339999840948, 0.0 ], [ 107.166299999845336, -6.597099999565117, 0.0 ], [ 107.167930000369395, -6.597000000349542, 0.0 ], [ 107.168127280150003, -6.597015473185355, 0.0 ], [ 107.168439999606463, -6.597040000395573, 0.0 ], [ 107.168800000020127, -6.597150000072318, 0.0 ], [ 107.169310000156557, -6.597419999932832, 0.0 ], [ 107.169539999971221, -6.597549999632637, 0.0 ], [ 107.169979999577478, -6.597999999700068, 0.0 ], [ 107.170739999551543, -6.598640000435498, 0.0 ], [ 107.171019999873309, -6.598870000250159, 0.0 ], [ 107.171679999732348, -6.599260000248677, 0.0 ], [ 107.172220000352922, -6.599479999602167, 0.0 ], [ 107.172949999842757, -6.599699999854938, 0.0 ], [ 107.173339999841275, -6.59975000036205, 0.0 ], [ 107.173640000186012, -6.599719999877909, 0.0 ], [ 107.173836389637827, -6.59965169007334, 0.0 ], [ 107.173870000000676, -6.599639999786024, 0.0 ], [ 107.174079999792369, -6.599519999648109, 0.0 ], [ 107.17446000022899, -6.599459999579196, 0.0 ], [ 107.174939999881289, -6.599519999648109, 0.0 ], [ 107.175362291836464, -6.599677131893902, 0.0 ], [ 107.175369999925749, -6.599679999831967, 0.0 ], [ 107.175690000293457, -6.599860000038795, 0.0 ], [ 107.17590000008515, -6.600080000291566, 0.0 ], [ 107.176299999645465, -6.600209999991371, 0.0 ], [ 107.176510000336435, -6.600259999599114, 0.0 ], [ 107.17676000017407, -6.600259999599114, 0.0 ], [ 107.176969999965678, -6.600259999599114, 0.0 ], [ 107.177359999964182, -6.600209999991371, 0.0 ], [ 107.177432418771318, -6.600185860388965, 0.0 ], [ 107.177629999824788, -6.600120000337597, 0.0 ], [ 107.177924282280003, -6.600011579870326, 0.0 ], [ 107.178010000261423, -6.599980000176711, 0.0 ], [ 107.178229999614999, -6.599949999692569, 0.0 ], [ 107.178650000097576, -6.600020000222653, 0.0 ], [ 107.178810000281516, -6.600160000383539, 0.0 ], [ 107.179169999795803, -6.600250000037313, 0.0 ], [ 107.17932000041786, -6.600230000014342, 0.0 ], [ 107.179450000117583, -6.600209999991371, 0.0 ], [ 107.179559999794321, -6.600189999968311, 0.0 ], [ 107.179949999792839, -6.600129999899398, 0.0 ], [ 107.180029999884724, -6.60020000042957, 0.0 ], [ 107.180120000437867, -6.600290000083255, 0.0 ], [ 107.180499999975211, -6.600530000359086, 0.0 ], [ 107.180560000044125, -6.600559999943858, 0.0 ], [ 107.180720000227979, -6.600559999943858, 0.0 ], [ 107.181119999788308, -6.600539999920887, 0.0 ], [ 107.181309999557016, -6.600559999943858, 0.0 ], [ 107.181580000316998, -6.600629999574661, 0.0 ], [ 107.181710000016622, -6.600680000081773, 0.0 ], [ 107.181999999900285, -6.600729999689605, 0.0 ], [ 107.182630000174541, -6.600700000104744, 0.0 ], [ 107.183599999940213, -6.600570000405028, 0.0 ], [ 107.183854282349472, -6.600562053995453, 0.0 ], [ 107.183920000307921, -6.600559999943858, 0.0 ], [ 107.184162855931177, -6.60033657237479, 0.0 ], [ 107.184170000145556, -6.600330000129286, 0.0 ], [ 107.184560000144074, -6.59996000015374, 0.0 ], [ 107.184709999866755, -6.599819999992853, 0.0 ], [ 107.1851599999342, -6.599499999625138, 0.0 ], [ 107.18577000018557, -6.598959999903933, 0.0 ], [ 107.186260000298944, -6.598480000251641, 0.0 ], [ 107.186920000158068, -6.59782999995441, 0.0 ], [ 107.187419999833324, -6.597319999817977, 0.0 ], [ 107.188110000176593, -6.596630000373995, 0.0 ], [ 107.188589999828793, -6.59610000021468, 0.0 ], [ 107.189050000357398, -6.595530000009333, 0.0 ], [ 107.190209999891778, -6.594529999759526, 0.0 ], [ 107.190780000097121, -6.594119999738037, 0.0 ], [ 107.191629999724881, -6.593550000431971, 0.0 ], [ 107.192360000114078, -6.593140000410571, 0.0 ], [ 107.193169999695883, -6.592770000435024, 0.0 ], [ 107.193810000431398, -6.592450000067309, 0.0 ], [ 107.194279999622438, -6.592149999722565, 0.0 ], [ 107.194780000196985, -6.591779999747018, 0.0 ], [ 107.195270000310444, -6.591400000209671, 0.0 ], [ 107.195640000285991, -6.591059999818984, 0.0 ], [ 107.196050000307395, -6.590720000327579, 0.0 ], [ 107.197370000025629, -6.589470000240141, 0.0 ], [ 107.197679999932262, -6.589189999918368, 0.0 ], [ 107.198009999861782, -6.588830000403991, 0.0 ], [ 107.198350000252475, -6.588579999667079, 0.0 ], [ 107.198519999998126, -6.588429999944392, 0.0 ], [ 107.198800000319892, -6.58818000010676, 0.0 ], [ 107.19934000004119, -6.587790000108242, 0.0 ], [ 107.199549999832797, -6.587699999555188, 0.0 ], [ 107.199779999647461, -6.587609999901414, 0.0 ], [ 107.199950000292489, -6.587540000270611, 0.0 ], [ 107.200100000015169, -6.587489999763498, 0.0 ], [ 107.200229999714878, -6.587449999717556, 0.0 ], [ 107.200380000336935, -6.587389999648643, 0.0 ], [ 107.200479999552513, -6.587360000063782, 0.0 ], [ 107.200590000128543, -6.587349999602612, 0.0 ], [ 107.200810000381409, -6.587270000410097, 0.0 ], [ 107.20088000001212, -6.587250000387037, 0.0 ], [ 107.20106000021903, -6.58711999978804, 0.0 ], [ 107.201140000310915, -6.587050000157237, 0.0 ], [ 107.201200000379913, -6.587039999696067, 0.0 ], [ 107.201430000194492, -6.586829999904378, 0.0 ], [ 107.201630000424387, -6.586640000135748, 0.0 ], [ 107.201900000284979, -6.58645000036703, 0.0 ], [ 107.202130000099643, -6.586330000229204, 0.0 ], [ 107.202350000352411, -6.586210000091288, 0.0 ], [ 107.202460000029163, -6.586159999584176, 0.0 ], [ 107.202740000350929, -6.585849999677542, 0.0 ], [ 107.202870000050652, -6.58559000027811, 0.0 ], [ 107.203029930087411, -6.58513020029833, 0.0 ], [ 107.203270094039794, -6.585351120557661, 0.0 ], [ 107.203758379146095, -6.585864215261186, 0.0 ], [ 107.204292436147199, -6.586382047593222, 0.0 ], [ 107.205124049135719, -6.58702530117651, 0.0 ], [ 107.206070080170292, -6.587422525429023, 0.0 ], [ 107.206947465053616, -6.587884552130188, 0.0 ], [ 107.2078477241933, -6.58830322431422, 0.0 ], [ 107.210342562259569, -6.589246401799844, 0.0 ], [ 107.211044450740957, -6.589471975151397, 0.0 ], [ 107.211700567327526, -6.589756159119311, 0.0 ], [ 107.212082050746247, -6.589928777690748, 0.0 ], [ 107.212761040689628, -6.590235861095941, 0.0 ], [ 107.21315016474847, -6.590357461127763, 0.0 ], [ 107.213430847655701, -6.590464907629237, 0.0 ], [ 107.213516391168682, -6.590497654642871, 0.0 ], [ 107.214157225575633, -6.590564875368567, 0.0 ], [ 107.214897293875168, -6.590698395014751, 0.0 ], [ 107.215314037912762, -6.590742057999446, 0.0 ], [ 107.215416093877863, -6.590752750938513, 0.0 ], [ 107.216079851104467, -6.590799491403256, 0.0 ], [ 107.216842793660177, -6.590766098676362, 0.0 ], [ 107.217643891752402, -6.590674554886657, 0.0 ], [ 107.218185540830248, -6.590627815321284, 0.0 ], [ 107.218727239370764, -6.590593020551285, 0.0 ], [ 107.219337608344091, -6.590605400618568, 0.0 ], [ 107.220016621669913, -6.590632579030089, 0.0 ], [ 107.220512548315625, -6.590748932417103, 0.0 ] ] ] ] } },
{ "type": "Feature", "properties": { "PROVNO": "32", "KABKOTNO": "01", "KECNO": "161", "DESANO": "006", "PROVINSI": "JAWA BARAT", "KABKOT": "BOGOR", "KECAMATAN": "TANJUNGSARI", "ID2013": "3201161006", "DESA": "ANTAJAYA", "DESA_1": "ANTAJAYA", "ID2012": "3201161006", "IDKAB2": "3201", "IDKEC_2": "3201161", "WILAYAH": "TIMUR" }, "geometry": { "type": "MultiPolygon", "coordinates": [ [ [ [ 107.169060000318922, -6.568769999835435, 0.0 ], [ 107.169720000178046, -6.568970000065324, 0.0 ], [ 107.170319999968157, -6.56909000020315, 0.0 ], [ 107.171160000034106, -6.569179999856924, 0.0 ], [ 107.171770000285491, -6.569309999556641, 0.0 ], [ 107.172479999752355, -6.569609999901385, 0.0 ], [ 107.17272999958999, -6.5697300000393, 0.0 ], [ 107.173879999562558, -6.569750000062271, 0.0 ], [ 107.174059999769298, -6.569799999670103, 0.0 ], [ 107.174409999721888, -6.570059999968905, 0.0 ], [ 107.174589999928713, -6.570200000129702, 0.0 ], [ 107.174699999605451, -6.570249999737534, 0.0 ], [ 107.174879999812376, -6.57016000008376, 0.0 ], [ 107.175030000434333, -6.570260000198704, 0.0 ], [ 107.175499999625458, -6.570599999690021, 0.0 ], [ 107.176129999899729, -6.57102999973457, 0.0 ], [ 107.176490000313464, -6.571209999941399, 0.0 ], [ 107.17680999978181, -6.571310000056343, 0.0 ], [ 107.17731999991824, -6.571370000125256, 0.0 ], [ 107.177839999616481, -6.571279999572113, 0.0 ], [ 107.178269343155776, -6.571197433714406, 0.0 ], [ 107.17830379168683, -6.571190809308227, 0.0 ], [ 107.178360000213999, -6.571180000356538, 0.0 ], [ 107.178570000005692, -6.571169999895368, 0.0 ], [ 107.178639999636488, -6.571200000379598, 0.0 ], [ 107.178850000327458, -6.57122999996437, 0.0 ], [ 107.179080000142022, -6.571270000010312, 0.0 ], [ 107.179450000117583, -6.571359999664086, 0.0 ], [ 107.179860000139058, -6.571450000217141, 0.0 ], [ 107.180179999607418, -6.571590000378116, 0.0 ], [ 107.18025000013759, -6.571630000424058, 0.0 ], [ 107.180440982865264, -6.571780472290847, 0.0 ], [ 107.180580000067096, -6.57188999982349, 0.0 ], [ 107.18080999988176, -6.57207999959212, 0.0 ], [ 107.180970000065614, -6.572230000214176, 0.0 ], [ 107.181290000433336, -6.572569999705493, 0.0 ], [ 107.181520000247986, -6.572870000050326, 0.0 ], [ 107.181649999947709, -6.573079999842015, 0.0 ], [ 107.181870000200576, -6.573289999633616, 0.0 ], [ 107.182169999645936, -6.573409999771531, 0.0 ], [ 107.18246000042889, -6.573480000301615, 0.0 ], [ 107.182790000358409, -6.573560000393588, 0.0 ], [ 107.183140000310885, -6.573619999563132, 0.0 ], [ 107.18347000024049, -6.573610000001331, 0.0 ], [ 107.184150000122585, -6.573619999563132, 0.0 ], [ 107.184371358351669, -6.573647105129634, 0.0 ], [ 107.184640000236044, -6.573679999632134, 0.0 ], [ 107.18509000030339, -6.573779999747078, 0.0 ], [ 107.185610000001617, -6.573919999907876, 0.0 ], [ 107.186149999722915, -6.574120000137764, 0.0 ], [ 107.186900000135097, -6.57445000006728, 0.0 ], [ 107.187550000432324, -6.574820000042827, 0.0 ], [ 107.188259999899188, -6.575219999603146, 0.0 ], [ 107.188919999758397, -6.575569999555722, 0.0 ], [ 107.189440000355916, -6.575840000315605, 0.0 ], [ 107.190169999845835, -6.576210000291063, 0.0 ], [ 107.190720000028122, -6.576509999736526, 0.0 ], [ 107.191170000095639, -6.576739999551187, 0.0 ], [ 107.191789999908735, -6.577180000056817, 0.0 ], [ 107.192409999721818, -6.577699999754962, 0.0 ], [ 107.193107748623945, -6.57828583072634, 0.0 ], [ 107.193679936879747, -6.578668258433176, 0.0 ], [ 107.194267431596884, -6.579009675256167, 0.0 ], [ 107.194625993095244, -6.579232830330675, 0.0 ], [ 107.194913608876121, -6.579428362728592, 0.0 ], [ 107.195434706646566, -6.579782628165578, 0.0 ], [ 107.196022177981348, -6.580154076948954, 0.0 ], [ 107.196441791755475, -6.580412051075104, 0.0 ], [ 107.196998748193863, -6.580799723628186, 0.0 ], [ 107.197586194347636, -6.581264144324663, 0.0 ], [ 107.198257567932629, -6.581922195352909, 0.0 ], [ 107.198745877320576, -6.582320821648437, 0.0 ], [ 107.199310424936343, -6.58266415043002, 0.0 ], [ 107.199470664339856, -6.582740920157129, 0.0 ], [ 107.199722423251359, -6.582946447620355, 0.0 ], [ 107.199806349783387, -6.583001263996948, 0.0 ], [ 107.199936050008887, -6.58308569864591, 0.0 ], [ 107.200042875978113, -6.583191074008745, 0.0 ], [ 107.200142062206595, -6.583279740867134, 0.0 ], [ 107.200294635788978, -6.583389421284593, 0.0 ], [ 107.200325149785996, -6.58340801476788, 0.0 ], [ 107.20040143657728, -6.583490032039165, 0.0 ], [ 107.200439593012987, -6.583507200097074, 0.0 ], [ 107.200508239164051, -6.583608779421493, 0.0 ], [ 107.200645580029672, -6.583727017787435, 0.0 ], [ 107.200836309148571, -6.583860055397075, 0.0 ], [ 107.20092023657979, -6.583945892988421, 0.0 ], [ 107.200981267271857, -6.583987843663888, 0.0 ], [ 107.201126247878221, -6.58408845621711, 0.0 ], [ 107.201187277670897, -6.584144746582634, 0.0 ], [ 107.201294080257767, -6.584190519376811, 0.0 ], [ 107.201370391330698, -6.58426583939681, 0.0 ], [ 107.201477193018178, -6.584302567709202, 0.0 ], [ 107.201721334672015, -6.584373607855589, 0.0 ], [ 107.201767106566905, -6.584368844146695, 0.0 ], [ 107.202209596395861, -6.584499970696935, 0.0 ], [ 107.202644492349606, -6.584767955176787, 0.0 ], [ 107.203025950587318, -6.585126540057598, 0.0 ], [ 107.203029930087411, -6.58513020029833, 0.0 ], [ 107.202870000050652, -6.58559000027811, 0.0 ], [ 107.202740000350929, -6.585849999677542, 0.0 ], [ 107.202460000029163, -6.586159999584176, 0.0 ], [ 107.202350000352411, -6.586210000091288, 0.0 ], [ 107.202130000099643, -6.586330000229204, 0.0 ], [ 107.201900000284979, -6.58645000036703, 0.0 ], [ 107.201630000424387, -6.586640000135748, 0.0 ], [ 107.201430000194492, -6.586829999904378, 0.0 ], [ 107.201200000379913, -6.587039999696067, 0.0 ], [ 107.201140000310915, -6.587050000157237, 0.0 ], [ 107.20106000021903, -6.58711999978804, 0.0 ], [ 107.20088000001212, -6.587250000387037, 0.0 ], [ 107.200810000381409, -6.587270000410097, 0.0 ], [ 107.200590000128543, -6.587349999602612, 0.0 ], [ 107.200479999552513, -6.587360000063782, 0.0 ], [ 107.200380000336935, -6.587389999648643, 0.0 ], [ 107.200229999714878, -6.587449999717556, 0.0 ], [ 107.200100000015169, -6.587489999763498, 0.0 ], [ 107.199950000292489, -6.587540000270611, 0.0 ], [ 107.199779999647461, -6.587609999901414, 0.0 ], [ 107.199549999832797, -6.587699999555188, 0.0 ], [ 107.19934000004119, -6.587790000108242, 0.0 ], [ 107.198800000319892, -6.58818000010676, 0.0 ], [ 107.198519999998126, -6.588429999944392, 0.0 ], [ 107.198350000252475, -6.588579999667079, 0.0 ], [ 107.198009999861782, -6.588830000403991, 0.0 ], [ 107.197679999932262, -6.589189999918368, 0.0 ], [ 107.197370000025629, -6.589470000240141, 0.0 ], [ 107.196050000307395, -6.590720000327579, 0.0 ], [ 107.195640000285991, -6.591059999818984, 0.0 ], [ 107.195270000310444, -6.591400000209671, 0.0 ], [ 107.194780000196985, -6.591779999747018, 0.0 ], [ 107.194279999622438, -6.592149999722565, 0.0 ], [ 107.193810000431398, -6.592450000067309, 0.0 ], [ 107.193169999695883, -6.592770000435024, 0.0 ], [ 107.192360000114078, -6.593140000410571, 0.0 ], [ 107.191629999724881, -6.593550000431971, 0.0 ], [ 107.190780000097121, -6.594119999738037, 0.0 ], [ 107.190209999891778, -6.594529999759526, 0.0 ], [ 107.189050000357398, -6.595530000009333, 0.0 ], [ 107.188589999828793, -6.59610000021468, 0.0 ], [ 107.188110000176593, -6.596630000373995, 0.0 ], [ 107.187419999833324, -6.597319999817977, 0.0 ], [ 107.186920000158068, -6.59782999995441, 0.0 ], [ 107.186260000298944, -6.598480000251641, 0.0 ], [ 107.18577000018557, -6.598959999903933, 0.0 ], [ 107.1851599999342, -6.599499999625138, 0.0 ], [ 107.184709999866755, -6.599819999992853, 0.0 ], [ 107.184560000144074, -6.59996000015374, 0.0 ], [ 107.184170000145556, -6.600330000129286, 0.0 ], [ 107.184162855931177, -6.60033657237479, 0.0 ], [ 107.183920000307921, -6.600559999943858, 0.0 ], [ 107.183854282349472, -6.600562053995453, 0.0 ], [ 107.183599999940213, -6.600570000405028, 0.0 ], [ 107.182630000174541, -6.600700000104744, 0.0 ], [ 107.181999999900285, -6.600729999689605, 0.0 ], [ 107.181710000016622, -6.600680000081773, 0.0 ], [ 107.181580000316998, -6.600629999574661, 0.0 ], [ 107.181309999557016, -6.600559999943858, 0.0 ], [ 107.181119999788308, -6.600539999920887, 0.0 ], [ 107.180720000227979, -6.600559999943858, 0.0 ], [ 107.180560000044125, -6.600559999943858, 0.0 ], [ 107.180499999975211, -6.600530000359086, 0.0 ], [ 107.180120000437867, -6.600290000083255, 0.0 ], [ 107.180029999884724, -6.60020000042957, 0.0 ], [ 107.179949999792839, -6.600129999899398, 0.0 ], [ 107.179559999794321, -6.600189999968311, 0.0 ], [ 107.179450000117583, -6.600209999991371, 0.0 ], [ 107.17932000041786, -6.600230000014342, 0.0 ], [ 107.179169999795803, -6.600250000037313, 0.0 ], [ 107.178810000281516, -6.600160000383539, 0.0 ], [ 107.178650000097576, -6.600020000222653, 0.0 ], [ 107.178229999614999, -6.599949999692569, 0.0 ], [ 107.178010000261423, -6.599980000176711, 0.0 ], [ 107.177924282280003, -6.600011579870326, 0.0 ], [ 107.177629999824788, -6.600120000337597, 0.0 ], [ 107.177432418771318, -6.600185860388965, 0.0 ], [ 107.177359999964182, -6.600209999991371, 0.0 ], [ 107.176969999965678, -6.600259999599114, 0.0 ], [ 107.17676000017407, -6.600259999599114, 0.0 ], [ 107.176510000336435, -6.600259999599114, 0.0 ], [ 107.176299999645465, -6.600209999991371, 0.0 ], [ 107.17590000008515, -6.600080000291566, 0.0 ], [ 107.175690000293457, -6.599860000038795, 0.0 ], [ 107.175369999925749, -6.599679999831967, 0.0 ], [ 107.175362291836464, -6.599677131893902, 0.0 ], [ 107.174939999881289, -6.599519999648109, 0.0 ], [ 107.17446000022899, -6.599459999579196, 0.0 ], [ 107.174079999792369, -6.599519999648109, 0.0 ], [ 107.173870000000676, -6.599639999786024, 0.0 ], [ 107.173836389637827, -6.59965169007334, 0.0 ], [ 107.173640000186012, -6.599719999877909, 0.0 ], [ 107.173339999841275, -6.59975000036205, 0.0 ], [ 107.172949999842757, -6.599699999854938, 0.0 ], [ 107.172220000352922, -6.599479999602167, 0.0 ], [ 107.171679999732348, -6.599260000248677, 0.0 ], [ 107.171019999873309, -6.598870000250159, 0.0 ], [ 107.170739999551543, -6.598640000435498, 0.0 ], [ 107.169979999577478, -6.597999999700068, 0.0 ], [ 107.169539999971221, -6.597549999632637, 0.0 ], [ 107.169310000156557, -6.597419999932832, 0.0 ], [ 107.168800000020127, -6.597150000072318, 0.0 ], [ 107.168439999606463, -6.597040000395573, 0.0 ], [ 107.168127280150003, -6.597015473185355, 0.0 ], [ 107.167930000369395, -6.597000000349542, 0.0 ], [ 107.166299999845336, -6.597099999565117, 0.0 ], [ 107.164719999828293, -6.597339999840948, 0.0 ], [ 107.164630000174512, -6.597350000302118, 0.0 ], [ 107.164393196988655, -6.597356399877832, 0.0 ], [ 107.16426000019905, -6.597359999863919, 0.0 ], [ 107.16407999999214, -6.597370000325089, 0.0 ], [ 107.163460000179043, -6.597339999840948, 0.0 ], [ 107.162999999650452, -6.597230000164203, 0.0 ], [ 107.162569999605992, -6.597040000395573, 0.0 ], [ 107.162359999814299, -6.596860000188745, 0.0 ], [ 107.162219999653416, -6.596659999958856, 0.0 ], [ 107.162129999999635, -6.596370000075282, 0.0 ], [ 107.162089999953693, -6.595940000030822, 0.0 ], [ 107.162080000391896, -6.595790000308135, 0.0 ], [ 107.162210000091619, -6.595630000124189, 0.0 ], [ 107.162370000275473, -6.595360000263675, 0.0 ], [ 107.162430000344386, -6.595110000426043, 0.0 ], [ 107.162359999814299, -6.594870000150213, 0.0 ], [ 107.162170000045677, -6.594529999759526, 0.0 ], [ 107.161920000208042, -6.594270000360005, 0.0 ], [ 107.161570000255466, -6.594079999692095, 0.0 ], [ 107.161209999841802, -6.594050000107234, 0.0 ], [ 107.160879999912282, -6.594050000107234, 0.0 ], [ 107.160670000120604, -6.594130000199208, 0.0 ], [ 107.160209999591999, -6.594440000105752, 0.0 ], [ 107.160010000261479, -6.594589999828528, 0.0 ], [ 107.159790000008712, -6.594759999574098, 0.0 ], [ 107.159540000171077, -6.595099999964873, 0.0 ], [ 107.159310000356413, -6.595420000332588, 0.0 ], [ 107.159119999688414, -6.595639999686078, 0.0 ], [ 107.158940000380866, -6.595790000308135, 0.0 ], [ 107.158550000382348, -6.59589000042299, 0.0 ], [ 107.158279999622465, -6.595859999938938, 0.0 ], [ 107.158089999853757, -6.59567999973202, 0.0 ], [ 107.157960000154034, -6.595420000332588, 0.0 ], [ 107.157869999600976, -6.594919999758044, 0.0 ], [ 107.157829999555034, -6.594660000358523, 0.0 ], [ 107.157719999878296, -6.59440000005981, 0.0 ], [ 107.15745000001769, -6.594110000176236, 0.0 ], [ 107.15714425030707, -6.593906167035826, 0.0 ], [ 107.157030000434403, -6.593829999854464, 0.0 ], [ 107.156640000435885, -6.593620000062774, 0.0 ], [ 107.156219999953223, -6.593410000271174, 0.0 ], [ 107.155720000277967, -6.593190000018314, 0.0 ], [ 107.1555000000251, -6.593000000249685, 0.0 ], [ 107.155370000325476, -6.592820000042856, 0.0 ], [ 107.155259999749362, -6.592559999744054, 0.0 ], [ 107.155009999911726, -6.591939999930876, 0.0 ], [ 107.15483586328466, -6.591527570840618, 0.0 ], [ 107.154820000143005, -6.591489999863445, 0.0 ], [ 107.154579999867266, -6.590979999727011, 0.0 ], [ 107.154350000052688, -6.590399999959864, 0.0 ], [ 107.154258362733358, -6.590184852448857, 0.0 ], [ 107.154120000237953, -6.589860000238659, 0.0 ], [ 107.153770000285462, -6.589129999849455, 0.0 ], [ 107.153650000147536, -6.588770000335078, 0.0 ], [ 107.153369999825856, -6.588320000267647, 0.0 ], [ 107.153079999942193, -6.587919999807959, 0.0 ], [ 107.152850000127529, -6.587649999947356, 0.0 ], [ 107.152270000360389, -6.587179999856954, 0.0 ], [ 107.151889999923753, -6.586909999996351, 0.0 ], [ 107.15149999992525, -6.586629999674578, 0.0 ], [ 107.151370659428522, -6.586500659177954, 0.0 ], [ 107.151259999649412, -6.586390000298117, 0.0 ], [ 107.151182517659251, -6.58627808056881, 0.0 ], [ 107.151080000341864, -6.586129999999315, 0.0 ], [ 107.151049184172692, -6.585982082207167, 0.0 ], [ 107.151029999834833, -6.585889999723484, 0.0 ], [ 107.151029999834833, -6.585670000370083, 0.0 ], [ 107.15102000027295, -6.5853999996102, 0.0 ], [ 107.150960000204037, -6.585000000049792, 0.0 ], [ 107.150940903999683, -6.584926553317629, 0.0 ], [ 107.150829999604952, -6.584500000374529, 0.0 ], [ 107.150789999559009, -6.584110000376011, 0.0 ], [ 107.150869999650894, -6.583609999801467, 0.0 ], [ 107.151009999811862, -6.583050000057291, 0.0 ], [ 107.151069999880775, -6.582680000081744, 0.0 ], [ 107.151060000318893, -6.582419999782942, 0.0 ], [ 107.15102000027295, -6.582120000337568, 0.0 ], [ 107.150869999650894, -6.581829999554625, 0.0 ], [ 107.150630000274433, -6.581499999625109, 0.0 ], [ 107.150220000253029, -6.580950000342014, 0.0 ], [ 107.149870000300453, -6.580420000182698, 0.0 ], [ 107.149659999609483, -6.580039999745981, 0.0 ], [ 107.14930000009511, -6.579379999886861, 0.0 ], [ 107.149070299754754, -6.578885261245695, 0.0 ], [ 107.149039999796315, -6.578820000142773, 0.0 ], [ 107.148910000096592, -6.578359999614083, 0.0 ], [ 107.14887000005065, -6.578180000306624, 0.0 ], [ 107.148930000119563, -6.577989999638625, 0.0 ], [ 107.149159999934227, -6.577579999617136, 0.0 ], [ 107.149349999702935, -6.577070000380072, 0.0 ], [ 107.149480000301935, -6.576620000312641, 0.0 ], [ 107.149480000301935, -6.576330000429067, 0.0 ], [ 107.149429999794819, -6.575999999600093, 0.0 ], [ 107.149360000164023, -6.575829999854435, 0.0 ], [ 107.149130000349459, -6.575669999670577, 0.0 ], [ 107.148850000027679, -6.575580000016803, 0.0 ], [ 107.148469999590958, -6.575470000340058, 0.0 ], [ 107.148020000422804, -6.57529999969503, 0.0 ], [ 107.147780000147065, -6.575060000318658, 0.0 ], [ 107.147470000240531, -6.574739999950854, 0.0 ], [ 107.147270000010636, -6.574360000413506, 0.0 ], [ 107.147040000195972, -6.573810000231131, 0.0 ], [ 107.146909999596971, -6.573360000163699, 0.0 ], [ 107.146859999989232, -6.57297000016527, 0.0 ], [ 107.146799999920233, -6.572580000166752, 0.0 ], [ 107.146782553072541, -6.572443914754746, 0.0 ], [ 107.146750000312494, -6.572190000168234, 0.0 ], [ 107.146510000036656, -6.571880000261601, 0.0 ], [ 107.146389999898744, -6.571700000054861, 0.0 ], [ 107.146120000038138, -6.571610000401087, 0.0 ], [ 107.145990000338429, -6.571610000401087, 0.0 ], [ 107.145719999578461, -6.571639999985859, 0.0 ], [ 107.14558000031694, -6.571729999639633, 0.0 ], [ 107.145360000064073, -6.571880000261601, 0.0 ], [ 107.14515000027248, -6.572050000007348, 0.0 ], [ 107.144780000297018, -6.572279999822008, 0.0 ], [ 107.144540000021181, -6.572370000375063, 0.0 ], [ 107.144250000137532, -6.572379999936953, 0.0 ], [ 107.144069999930693, -6.572250000237148, 0.0 ], [ 107.143980000276926, -6.572130000099232, 0.0 ], [ 107.143809999631983, -6.571700000054861, 0.0 ], [ 107.143719999978202, -6.571279999572113, 0.0 ], [ 107.143719999978202, -6.570980000126738, 0.0 ], [ 107.143749999562985, -6.570679999781994, 0.0 ], [ 107.143809999631983, -6.57036000031356, 0.0 ], [ 107.143880000162071, -6.570050000407015, 0.0 ], [ 107.143909999746839, -6.569620000362555, 0.0 ], [ 107.143880000162071, -6.56929999999484, 0.0 ], [ 107.143789999608927, -6.568999999650096, 0.0 ], [ 107.143610000301464, -6.56866000015869, 0.0 ], [ 107.143320000417887, -6.568410000321059, 0.0 ], [ 107.142830000304428, -6.568170000045317, 0.0 ], [ 107.142449999867807, -6.567989999838488, 0.0 ], [ 107.141870000100567, -6.567730000438967, 0.0 ], [ 107.141549999732845, -6.567499999725026, 0.0 ], [ 107.141390000448354, -6.567260000348565, 0.0 ], [ 107.141950000192537, -6.567300000394507, 0.0 ], [ 107.142409999821865, -6.567419999633142, 0.0 ], [ 107.14300000005008, -6.567559999794028, 0.0 ], [ 107.143439999656437, -6.567630000324112, 0.0 ], [ 107.143780000047116, -6.567610000301141, 0.0 ], [ 107.14421000009159, -6.567610000301141, 0.0 ], [ 107.145110000226538, -6.567679999931855, 0.0 ], [ 107.145890000223488, -6.5677899996086, 0.0 ], [ 107.146380000336947, -6.56780000006977, 0.0 ], [ 107.146969999665984, -6.567809999631571, 0.0 ], [ 107.147519999848271, -6.567929999769486, 0.0 ], [ 107.148020000422804, -6.567949999792546, 0.0 ], [ 107.148669999820854, -6.567989999838488, 0.0 ], [ 107.149190000418372, -6.567960000253628, 0.0 ], [ 107.149279804919175, -6.567945819743617, 0.0 ], [ 107.149569999955716, -6.567900000184714, 0.0 ], [ 107.149870000300453, -6.567699999954826, 0.0 ], [ 107.150249999837797, -6.568069999930373, 0.0 ], [ 107.150820000043154, -6.568700000204633, 0.0 ], [ 107.151009999811862, -6.568900000434521, 0.0 ], [ 107.151259999649412, -6.56909000020315, 0.0 ], [ 107.151490000363438, -6.569449999717527, 0.0 ], [ 107.151609999601988, -6.569629999924445, 0.0 ], [ 107.152119999738332, -6.570019999922962, 0.0 ], [ 107.152440000106054, -6.570209999691592, 0.0 ], [ 107.152600000289993, -6.570289999783476, 0.0 ], [ 107.153110000426338, -6.570570000105249, 0.0 ], [ 107.153329999779828, -6.570699999804965, 0.0 ], [ 107.153579999617463, -6.570819999942881, 0.0 ], [ 107.154180000306951, -6.570909999596655, 0.0 ], [ 107.15439000009863, -6.570929999619626, 0.0 ], [ 107.15459000032844, -6.57102000017268, 0.0 ], [ 107.154940000281016, -6.571490000263172, 0.0 ], [ 107.155139999611535, -6.571829999754488, 0.0 ], [ 107.155339999841331, -6.572119999638151, 0.0 ], [ 107.15545000041736, -6.572219999753006, 0.0 ], [ 107.155820000392822, -6.572350000352092, 0.0 ], [ 107.156389999698888, -6.572560000143692, 0.0 ], [ 107.156710000066596, -6.57272999988944, 0.0 ], [ 107.157100000065114, -6.573110000326068, 0.0 ], [ 107.157479999602458, -6.573229999564703, 0.0 ], [ 107.15788000006215, -6.573220000002813, 0.0 ], [ 107.158000000200062, -6.573210000441012, 0.0 ], [ 107.158109999876814, -6.573210000441012, 0.0 ], [ 107.158439999806319, -6.573210000441012, 0.0 ], [ 107.158769999735838, -6.573199999979842, 0.0 ], [ 107.159119999688414, -6.573179999956871, 0.0 ], [ 107.159400000010194, -6.573220000002813, 0.0 ], [ 107.159740000400873, -6.573340000140728, 0.0 ], [ 107.160200000030201, -6.573469999840444, 0.0 ], [ 107.160349999752796, -6.573509999886387, 0.0 ], [ 107.160841031388685, -6.573639218974616, 0.0 ], [ 107.160919999958224, -6.573659999609074, 0.0 ], [ 107.161029999634977, -6.573679999632134, 0.0 ], [ 107.161699999955175, -6.573739999701047, 0.0 ], [ 107.162000000299926, -6.57379000020816, 0.0 ], [ 107.162250000137561, -6.573910000346075, 0.0 ], [ 107.162359999814299, -6.573999999999849, 0.0 ], [ 107.162506777266088, -6.574018606073686, 0.0 ], [ 107.163070000180539, -6.574089999653623, 0.0 ], [ 107.163560000293998, -6.574080000091822, 0.0 ], [ 107.164169999645907, -6.574029999584621, 0.0 ], [ 107.164770000335409, -6.573970000415077, 0.0 ], [ 107.165390000148491, -6.573830000254102, 0.0 ], [ 107.165630000424329, -6.573750000162217, 0.0 ], [ 107.166150000122556, -6.573540000370528, 0.0 ], [ 107.166640000236015, -6.573349999702529, 0.0 ], [ 107.167309999656936, -6.573050000257155, 0.0 ], [ 107.167730000139599, -6.572800000419523, 0.0 ], [ 107.16808000009209, -6.572529999659551, 0.0 ], [ 107.168530000159521, -6.572170000145174, 0.0 ], [ 107.168840000066069, -6.571880000261601, 0.0 ], [ 107.169029999834777, -6.571610000401087, 0.0 ], [ 107.169109999926746, -6.571220000402569, 0.0 ], [ 107.169101396112737, -6.571121048897091, 0.0 ], [ 107.169089999903775, -6.570989999688539, 0.0 ], [ 107.169069999880804, -6.57081000038108, 0.0 ], [ 107.169040000295951, -6.570479999552195, 0.0 ], [ 107.168989999788835, -6.570089999553677, 0.0 ], [ 107.168960000204066, -6.569609999901385, 0.0 ], [ 107.168969999765864, -6.569389999648614, 0.0 ], [ 107.169029999834777, -6.569019999673067, 0.0 ], [ 107.169060000318922, -6.568769999835435, 0.0 ] ] ] ] } },
{ "type": "Feature", "properties": { "PROVNO": "32", "KABKOTNO": "01", "KECNO": "161", "DESANO": "007", "PROVINSI": "JAWA BARAT", "KABKOT": "BOGOR", "KECAMATAN": "TANJUNGSARI", "ID2013": "3201161007", "DESA": "PASIR TANJUNG", "DESA_1": "PASIR TANJUNG", "ID2012": "3201161007", "IDKAB2": "3201", "IDKEC_2": "3201161", "WILAYAH": "TIMUR" }, "geometry": { "type": "MultiPolygon", "coordinates": [ [ [ [ 107.154820000143005, -6.591489999863445, 0.0 ], [ 107.15483586328466, -6.591527570840618, 0.0 ], [ 107.155009999911726, -6.591939999930876, 0.0 ], [ 107.155259999749362, -6.592559999744054, 0.0 ], [ 107.155370000325476, -6.592820000042856, 0.0 ], [ 107.1555000000251, -6.593000000249685, 0.0 ], [ 107.155720000277967, -6.593190000018314, 0.0 ], [ 107.156219999953223, -6.593410000271174, 0.0 ], [ 107.156640000435885, -6.593620000062774, 0.0 ], [ 107.157030000434403, -6.593829999854464, 0.0 ], [ 107.15714425030707, -6.593906167035826, 0.0 ], [ 107.15745000001769, -6.594110000176236, 0.0 ], [ 107.157719999878296, -6.59440000005981, 0.0 ], [ 107.157829999555034, -6.594660000358523, 0.0 ], [ 107.157869999600976, -6.594919999758044, 0.0 ], [ 107.157960000154034, -6.595420000332588, 0.0 ], [ 107.158089999853757, -6.59567999973202, 0.0 ], [ 107.158279999622465, -6.595859999938938, 0.0 ], [ 107.158550000382348, -6.59589000042299, 0.0 ], [ 107.158940000380866, -6.595790000308135, 0.0 ], [ 107.159119999688414, -6.595639999686078, 0.0 ], [ 107.159310000356413, -6.595420000332588, 0.0 ], [ 107.159540000171077, -6.595099999964873, 0.0 ], [ 107.159790000008712, -6.594759999574098, 0.0 ], [ 107.160010000261479, -6.594589999828528, 0.0 ], [ 107.160209999591999, -6.594440000105752, 0.0 ], [ 107.160670000120604, -6.594130000199208, 0.0 ], [ 107.160879999912282, -6.594050000107234, 0.0 ], [ 107.161209999841802, -6.594050000107234, 0.0 ], [ 107.161570000255466, -6.594079999692095, 0.0 ], [ 107.161920000208042, -6.594270000360005, 0.0 ], [ 107.162170000045677, -6.594529999759526, 0.0 ], [ 107.162359999814299, -6.594870000150213, 0.0 ], [ 107.162430000344386, -6.595110000426043, 0.0 ], [ 107.162370000275473, -6.595360000263675, 0.0 ], [ 107.162210000091619, -6.595630000124189, 0.0 ], [ 107.162080000391896, -6.595790000308135, 0.0 ], [ 107.161760000024174, -6.596080000191709, 0.0 ], [ 107.161229999864773, -6.596499999774998, 0.0 ], [ 107.160799999820313, -6.596820000142714, 0.0 ], [ 107.160520000397824, -6.597090000003316, 0.0 ], [ 107.160380000237026, -6.597279999772034, 0.0 ], [ 107.160349109424004, -6.597368811421358, 0.0 ], [ 107.160300000145057, -6.597509999586606, 0.0 ], [ 107.160240000076143, -6.597760000323607, 0.0 ], [ 107.160269999660912, -6.597999999700068, 0.0 ], [ 107.160329999729825, -6.598269999560671, 0.0 ], [ 107.160453571974884, -6.598469087877969, 0.0 ], [ 107.16050999993675, -6.598560000343614, 0.0 ], [ 107.1608700003504, -6.598819999743046, 0.0 ], [ 107.161260000348918, -6.599030000434016, 0.0 ], [ 107.161590000278437, -6.599240000225706, 0.0 ], [ 107.161789999608956, -6.599450000017306, 0.0 ], [ 107.161920000208042, -6.599719999877909, 0.0 ], [ 107.162019926578509, -6.600096646742717, 0.0 ], [ 107.162049999907751, -6.600209999991371, 0.0 ], [ 107.162120000437838, -6.600960000403546, 0.0 ], [ 107.162139999561532, -6.601629999824468, 0.0 ], [ 107.162129999999635, -6.60189999968507, 0.0 ], [ 107.162109999976664, -6.602269999660617, 0.0 ], [ 107.162109999976664, -6.602469999890417, 0.0 ], [ 107.162190000068648, -6.602699999705077, 0.0 ], [ 107.162040000345954, -6.602570000005361, 0.0 ], [ 107.161710000416349, -6.602360000213672, 0.0 ], [ 107.161399999610438, -6.602480000351587, 0.0 ], [ 107.161120000188035, -6.602509999936359, 0.0 ], [ 107.160810000281487, -6.6025400004205, 0.0 ], [ 107.160557441872641, -6.602674698178603, 0.0 ], [ 107.16050999993675, -6.602699999705077, 0.0 ], [ 107.160220000053172, -6.602890000373076, 0.0 ], [ 107.159780000446816, -6.603160000233679, 0.0 ], [ 107.159299999895239, -6.603359999564198, 0.0 ], [ 107.158820000242955, -6.603479999702113, 0.0 ], [ 107.158410000221551, -6.603519999748055, 0.0 ], [ 107.157929999669889, -6.603510000186166, 0.0 ], [ 107.157510000086603, -6.603490000163195, 0.0 ], [ 107.157039999996201, -6.603390000048339, 0.0 ], [ 107.156560000343916, -6.603260000348623, 0.0 ], [ 107.156530018745542, -6.603253441592862, 0.0 ], [ 107.156239999976194, -6.603189999818451, 0.0 ], [ 107.15586000043885, -6.603149999772508, 0.0 ], [ 107.15556999965591, -6.60316999979548, 0.0 ], [ 107.155290000233492, -6.603249999887364, 0.0 ], [ 107.155000000349929, -6.60341000007131, 0.0 ], [ 107.154749999613017, -6.603650000347141, 0.0 ], [ 107.154499999775382, -6.603900000184684, 0.0 ], [ 107.154240000375864, -6.604190000068257, 0.0 ], [ 107.154060000169039, -6.604459999928949, 0.0 ], [ 107.153910000446345, -6.60468999974352, 0.0 ], [ 107.153830000354375, -6.604869999950349, 0.0 ], [ 107.153739999801317, -6.605159999834012, 0.0 ], [ 107.153679999732404, -6.605609999901354, 0.0 ], [ 107.153630000124565, -6.606260000198674, 0.0 ], [ 107.153619999663405, -6.606949999642566, 0.0 ], [ 107.153539999571521, -6.607539999870973, 0.0 ], [ 107.153489999963682, -6.608310000306119, 0.0 ], [ 107.153460000378914, -6.60897999972704, 0.0 ], [ 107.153369999825856, -6.609639999586161, 0.0 ], [ 107.153280000172089, -6.61006000006882, 0.0 ], [ 107.153140000011106, -6.610399999560137, 0.0 ], [ 107.152850000127529, -6.610610000251107, 0.0 ], [ 107.152239999876244, -6.61090999969657, 0.0 ], [ 107.151559999994163, -6.611000000249625, 0.0 ], [ 107.151259999649412, -6.611020000272596, 0.0 ], [ 107.150499999675432, -6.610969999765572, 0.0 ], [ 107.150240000276, -6.61090999969657, 0.0 ], [ 107.14973000013957, -6.610889999673599, 0.0 ], [ 107.149420000233022, -6.61090999969657, 0.0 ], [ 107.149229999565023, -6.611000000249625, 0.0 ], [ 107.149079999842257, -6.611009999811515, 0.0 ], [ 107.148959999704431, -6.610349999952305, 0.0 ], [ 107.148899999635418, -6.610100000114763, 0.0 ], [ 107.148890000073621, -6.610029999584679, 0.0 ], [ 107.148740000350926, -6.609520000347615, 0.0 ], [ 107.148720000327955, -6.609460000278613, 0.0 ], [ 107.148669999820854, -6.609340000140698, 0.0 ], [ 107.148600000190044, -6.608669999820407, 0.0 ], [ 107.14844000000619, -6.607969999915344, 0.0 ], [ 107.147989999938758, -6.607949999892373, 0.0 ], [ 107.147330000079549, -6.607940000330572, 0.0 ], [ 107.146659999759351, -6.607909999846431, 0.0 ], [ 107.145840704784817, -6.608052900320995, 0.0 ], [ 107.14579999967043, -6.608059999569118, 0.0 ], [ 107.145159999834277, -6.608170000145233, 0.0 ], [ 107.144479999952182, -6.608290000283148, 0.0 ], [ 107.144329874324427, -6.608306680908385, 0.0 ], [ 107.143849999677926, -6.608359999913862, 0.0 ], [ 107.14375844779434, -6.608351676688375, 0.0 ], [ 107.143410000071668, -6.60831999986792, 0.0 ], [ 107.142960000004138, -6.60831999986792, 0.0 ], [ 107.14291967170567, -6.608324481189722, 0.0 ], [ 107.142420000282939, -6.608379999936922, 0.0 ], [ 107.14203514440662, -6.608351840365003, 0.0 ], [ 107.14201000026145, -6.608350000352061, 0.0 ], [ 107.140980000426879, -6.608290000283148, 0.0 ], [ 107.140829999804822, -6.608259999799007, 0.0 ], [ 107.140660000059157, -6.608230000214146, 0.0 ], [ 107.140419999783319, -6.608179999707033, 0.0 ], [ 107.139920000108063, -6.608150000122262, 0.0 ], [ 107.139799999970236, -6.608150000122262, 0.0 ], [ 107.139360000363894, -6.608110000076319, 0.0 ], [ 107.139189999718866, -6.608110000076319, 0.0 ], [ 107.138979999927258, -6.608199999730093, 0.0 ], [ 107.13885000022745, -6.608290000283148, 0.0 ], [ 107.138770000135565, -6.608480000051866, 0.0 ], [ 107.138770000135565, -6.608729999889409, 0.0 ], [ 107.138770000135565, -6.608930000119209, 0.0 ], [ 107.13873999965142, -6.609179999956929, 0.0 ], [ 107.138540000320916, -6.6096100000013, 0.0 ], [ 107.138329999629946, -6.609919999907934, 0.0 ], [ 107.138190000368425, -6.610109999676563, 0.0 ], [ 107.13809000025347, -6.610470000090309, 0.0 ], [ 107.138050000207528, -6.610820000042796, 0.0 ], [ 107.137849999977647, -6.611060000318627, 0.0 ], [ 107.137459999979129, -6.611350000202201, 0.0 ], [ 107.137350000302476, -6.611439999855975, 0.0 ], [ 107.137190000118608, -6.611589999578662, 0.0 ], [ 107.137130000049609, -6.611649999647664, 0.0 ], [ 107.137040000395842, -6.61176000022369, 0.0 ], [ 107.136410000121572, -6.612030000084292, 0.0 ], [ 107.136300000444834, -6.612050000107264, 0.0 ], [ 107.135960000054155, -6.612139999761038, 0.0 ], [ 107.135659999709404, -6.612150000222208, 0.0 ], [ 107.135599999640405, -6.612150000222208, 0.0 ], [ 107.135209999641972, -6.612310000405976, 0.0 ], [ 107.134970000265511, -6.612440000105781, 0.0 ], [ 107.134779999597512, -6.612640000335581, 0.0 ], [ 107.13466999992076, -6.612910000196184, 0.0 ], [ 107.134569999805819, -6.612990000288068, 0.0 ], [ 107.134529999759877, -6.6128399996661, 0.0 ], [ 107.13448999971385, -6.612709999966384, 0.0 ], [ 107.134239999876314, -6.612520000197666, 0.0 ], [ 107.134070000130563, -6.612429999644611, 0.0 ], [ 107.133900000384898, -6.612389999598669, 0.0 ], [ 107.133820000292928, -6.612319999967866, 0.0 ], [ 107.133780000246986, -6.612170000245179, 0.0 ], [ 107.133769999785812, -6.612019999623122, 0.0 ], [ 107.133640000086103, -6.611900000384576, 0.0 ], [ 107.133470000340438, -6.611809999831433, 0.0 ], [ 107.133379999787294, -6.611689999693606, 0.0 ], [ 107.133339999741352, -6.611609999601633, 0.0 ], [ 107.133399999810266, -6.611459999878946, 0.0 ], [ 107.13349999992522, -6.61131000015617, 0.0 ], [ 107.133390000248468, -6.611129999949341, 0.0 ], [ 107.13321999960344, -6.610949999742601, 0.0 ], [ 107.13314999997273, -6.610770000435053, 0.0 ], [ 107.13314999997273, -6.610480338696547, 0.0 ], [ 107.13314999997273, -6.610470000090309, 0.0 ], [ 107.13343000029441, -6.609650000047242, 0.0 ], [ 107.133479999902249, -6.609549999932387, 0.0 ], [ 107.133970000015708, -6.609380000186729, 0.0 ], [ 107.134079999692361, -6.609340000140698, 0.0 ], [ 107.134170000245504, -6.609179999956929, 0.0 ], [ 107.13415999978433, -6.608990000188211, 0.0 ], [ 107.134066532344775, -6.608808257095191, 0.0 ], [ 107.133979999577505, -6.608640000235635, 0.0 ], [ 107.133780000246986, -6.608359999913862, 0.0 ], [ 107.13351000038638, -6.607869999800489, 0.0 ], [ 107.133439999856307, -6.607740000100772, 0.0 ], [ 107.13314999997273, -6.607510000286112, 0.0 ], [ 107.132889999673921, -6.607310000056312, 0.0 ], [ 107.132779999997183, -6.607180000356507, 0.0 ], [ 107.132800000020154, -6.607020000172739, 0.0 ], [ 107.132829999604922, -6.606819999942939, 0.0 ], [ 107.13286999965095, -6.606650000197192, 0.0 ], [ 107.132929999719863, -6.606469999990363, 0.0 ], [ 107.133459999879278, -6.606420000382531, 0.0 ], [ 107.133709999716899, -6.60640999992145, 0.0 ], [ 107.133929999969766, -6.606340000290647, 0.0 ], [ 107.134050000107592, -6.606260000198674, 0.0 ], [ 107.134110000176506, -6.606149999622648, 0.0 ], [ 107.134090000153535, -6.606050000407073, 0.0 ], [ 107.133860000338956, -6.605910000246098, 0.0 ], [ 107.13351000038638, -6.605859999739074, 0.0 ], [ 107.133270000110642, -6.605830000154214, 0.0 ], [ 107.133049999857775, -6.605739999601159, 0.0 ], [ 107.132840000066096, -6.605560000293611, 0.0 ], [ 107.132860000089153, -6.605429999694614, 0.0 ], [ 107.133040000295978, -6.605150000272122, 0.0 ], [ 107.13358000001719, -6.604700000204691, 0.0 ], [ 107.133820000292928, -6.604499999974891, 0.0 ], [ 107.133680000132046, -6.604270000160231, 0.0 ], [ 107.133490000363409, -6.604069999930431, 0.0 ], [ 107.133330000179555, -6.603800000069739, 0.0 ], [ 107.133330000179555, -6.603519999748055, 0.0 ], [ 107.133379999787294, -6.603350000002397, 0.0 ], [ 107.13351000038638, -6.603160000233679, 0.0 ], [ 107.133680000132046, -6.603100000164677, 0.0 ], [ 107.133820000292928, -6.603060000118735, 0.0 ], [ 107.133949999992737, -6.602859999888935, 0.0 ], [ 107.13401000006165, -6.602619999613104, 0.0 ], [ 107.134030000084621, -6.602520000397529, 0.0 ], [ 107.134079999692361, -6.602289999683588, 0.0 ], [ 107.134164142061707, -6.602088994011659, 0.0 ], [ 107.134259999899285, -6.601859999639128, 0.0 ], [ 107.134529999759877, -6.601709999916441, 0.0 ], [ 107.134819999643454, -6.601540000170694, 0.0 ], [ 107.134819999643454, -6.601390000448006, 0.0 ], [ 107.134779999597512, -6.601099999665152, 0.0 ], [ 107.134649999897789, -6.600769999735547, 0.0 ], [ 107.13452000019808, -6.600439999805943, 0.0 ], [ 107.13452000019808, -6.600250000037313, 0.0 ], [ 107.13452000019808, -6.600160000383539, 0.0 ], [ 107.13452000019808, -6.599980000176711, 0.0 ], [ 107.134259999899285, -6.59953999967108, 0.0 ], [ 107.134030000084621, -6.599380000386503, 0.0 ], [ 107.133390000248468, -6.599180000156704, 0.0 ], [ 107.133319999718381, -6.599060000018788, 0.0 ], [ 107.133310000156584, -6.598939999880962, 0.0 ], [ 107.133330000179555, -6.598649999997388, 0.0 ], [ 107.133325399247923, -6.598571782361731, 0.0 ], [ 107.133310000156584, -6.598309999606613, 0.0 ], [ 107.13314999997273, -6.59825000043698, 0.0 ], [ 107.132779999997183, -6.598110000276094, 0.0 ], [ 107.132730000389344, -6.597999999700068, 0.0 ], [ 107.132719999928185, -6.597780000346578, 0.0 ], [ 107.132670000320431, -6.597620000162721, 0.0 ], [ 107.132530000159548, -6.597439999955892, 0.0 ], [ 107.132419999583433, -6.597399999909861, 0.0 ], [ 107.132410000021636, -6.597290000233116, 0.0 ], [ 107.132340000390826, -6.597219999703032, 0.0 ], [ 107.131719999678367, -6.59717999965709, 0.0 ], [ 107.131469999840832, -6.597150000072318, 0.0 ], [ 107.13138000018705, -6.597090000003316, 0.0 ], [ 107.131300000095081, -6.596630000373995, 0.0 ], [ 107.131360000163994, -6.596220000352595, 0.0 ], [ 107.131409999771819, -6.596129999799452, 0.0 ], [ 107.131839999816293, -6.596020000122707, 0.0 ], [ 107.133199999580469, -6.596000000099735, 0.0 ], [ 107.13358000001719, -6.596000000099735, 0.0 ], [ 107.133869999900753, -6.595949999592623, 0.0 ], [ 107.134050000107592, -6.595879999961909, 0.0 ], [ 107.134170000245504, -6.595759999823994, 0.0 ], [ 107.134230000314417, -6.595570000055275, 0.0 ], [ 107.134179999807301, -6.59526000014873, 0.0 ], [ 107.134110000176506, -6.595110000426043, 0.0 ], [ 107.133840000315985, -6.594689999943384, 0.0 ], [ 107.133909999946695, -6.594469999690524, 0.0 ], [ 107.13394000043084, -6.594349999552698, 0.0 ], [ 107.133920000407869, -6.594110000176236, 0.0 ], [ 107.133920000407869, -6.593580000016832, 0.0 ], [ 107.133889999923724, -6.593270000110198, 0.0 ], [ 107.133920000407869, -6.592759999973854, 0.0 ], [ 107.133930599817489, -6.592702759924265, 0.0 ], [ 107.133970000015708, -6.592490000113251, 0.0 ], [ 107.13405999966939, -6.592149999722565, 0.0 ], [ 107.134119999738303, -6.591859999838992, 0.0 ], [ 107.134299999945227, -6.591159999933929, 0.0 ], [ 107.134369999576023, -6.590700000304608, 0.0 ], [ 107.13444000010611, -6.590279999821949, 0.0 ], [ 107.134580000266993, -6.589760000123803, 0.0 ], [ 107.134640000335907, -6.589530000309054, 0.0 ], [ 107.134779999597512, -6.589310000056283, 0.0 ], [ 107.13495000024254, -6.589040000195681, 0.0 ], [ 107.135509999986709, -6.588759999873997, 0.0 ], [ 107.1358599999392, -6.588730000289136, 0.0 ], [ 107.136200000329978, -6.588550000082218, 0.0 ], [ 107.136319999568528, -6.588479999552224, 0.0 ], [ 107.13643999970644, -6.588499999575195, 0.0 ], [ 107.136590000328496, -6.588719999827966, 0.0 ], [ 107.136729999590017, -6.588920000057765, 0.0 ], [ 107.136840000166046, -6.589140000310536, 0.0 ], [ 107.136949999842784, -6.58924000042548, 0.0 ], [ 107.137080000441784, -6.589200000379538, 0.0 ], [ 107.13729999979536, -6.588949999642626, 0.0 ], [ 107.137379999887244, -6.588830000403991, 0.0 ], [ 107.137500000025156, -6.588790000358049, 0.0 ], [ 107.138019999723397, -6.588690000243194, 0.0 ], [ 107.138369999675973, -6.588630000174192, 0.0 ], [ 107.138560000343887, -6.588639999735992, 0.0 ], [ 107.138699999605478, -6.588719999827966, 0.0 ], [ 107.13870658893812, -6.588726589160601, 0.0 ], [ 107.138830000204479, -6.588850000427051, 0.0 ], [ 107.138830000204479, -6.588989999688568, 0.0 ], [ 107.138750000112594, -6.589169999895397, 0.0 ], [ 107.138629999974683, -6.58947999980203, 0.0 ], [ 107.138609999951711, -6.589800000169745, 0.0 ], [ 107.138480000252002, -6.590090000053319, 0.0 ], [ 107.138360000114076, -6.590379999936893, 0.0 ], [ 107.138329999629946, -6.590509999636609, 0.0 ], [ 107.138369999675973, -6.590620000212635, 0.0 ], [ 107.1384899998138, -6.590669999820467, 0.0 ], [ 107.138640000435856, -6.590680000281637, 0.0 ], [ 107.138839999766375, -6.590600000189664, 0.0 ], [ 107.139030000434374, -6.590469999590667, 0.0 ], [ 107.139309999856778, -6.590070000030348, 0.0 ], [ 107.139459999579543, -6.589920000307572, 0.0 ], [ 107.139650000247542, -6.589920000307572, 0.0 ], [ 107.139810000431311, -6.589969999915404, 0.0 ], [ 107.139949999692931, -6.59011000007629, 0.0 ], [ 107.140060000268946, -6.590680000281637, 0.0 ], [ 107.140060000268946, -6.590760000373521, 0.0 ], [ 107.139909999646889, -6.59095999970404, 0.0 ], [ 107.139479999602514, -6.591220000002842, 0.0 ], [ 107.139320000317952, -6.591340000140757, 0.0 ], [ 107.139269999810836, -6.5913899997485, 0.0 ], [ 107.139289999833807, -6.591500000324615, 0.0 ], [ 107.139519999648456, -6.59160000043947, 0.0 ], [ 107.139819999993207, -6.591739999701076, 0.0 ], [ 107.140180000406872, -6.591859999838992, 0.0 ], [ 107.140419999783319, -6.591899999884934, 0.0 ], [ 107.140999999550473, -6.591549999932358, 0.0 ], [ 107.141119999688385, -6.591500000324615, 0.0 ], [ 107.141310000356384, -6.591509999886416, 0.0 ], [ 107.141390000448354, -6.591549999932358, 0.0 ], [ 107.141460000079164, -6.591739999701076, 0.0 ], [ 107.141480000102135, -6.591970000415017, 0.0 ], [ 107.14144999961799, -6.592140000160764, 0.0 ], [ 107.141190000218472, -6.592340000390564, 0.0 ], [ 107.140889999873735, -6.592530000159194, 0.0 ], [ 107.140660000059157, -6.592759999973854, 0.0 ], [ 107.140579999967187, -6.592849999627628, 0.0 ], [ 107.140620000013129, -6.592969999765543, 0.0 ], [ 107.14078999975888, -6.593149999972372, 0.0 ], [ 107.140929999919763, -6.593219999603175, 0.0 ], [ 107.141339999941252, -6.5931200003876, 0.0 ], [ 107.141549999732845, -6.593029999834457, 0.0 ], [ 107.14166000030896, -6.592960000203654, 0.0 ], [ 107.14179999957048, -6.592960000203654, 0.0 ], [ 107.14191000014651, -6.593029999834457, 0.0 ], [ 107.142059999869275, -6.593190000018314, 0.0 ], [ 107.142139999961259, -6.593350000202172, 0.0 ], [ 107.142139999961259, -6.593459999878917, 0.0 ], [ 107.142030000284507, -6.593580000016832, 0.0 ], [ 107.141890000123539, -6.593689999693577, 0.0 ], [ 107.141780000446786, -6.593909999946348, 0.0 ], [ 107.141740000400844, -6.594079999692095, 0.0 ], [ 107.141780000446786, -6.59419999983001, 0.0 ], [ 107.141899999685421, -6.594239999875953, 0.0 ], [ 107.142099999915217, -6.594079999692095, 0.0 ], [ 107.142249999637912, -6.593920000407518, 0.0 ], [ 107.142323450866741, -6.593875930029949, 0.0 ], [ 107.142449999867807, -6.593800000269692, 0.0 ], [ 107.142570000005634, -6.593780000246721, 0.0 ], [ 107.142599999590487, -6.593669999670606, 0.0 ], [ 107.142770000235515, -6.593379999786944, 0.0 ], [ 107.14295000044234, -6.593169999995343, 0.0 ], [ 107.143080000142064, -6.59308999990337, 0.0 ], [ 107.143189999818802, -6.59308999990337, 0.0 ], [ 107.143730000439376, -6.593439999855946, 0.0 ], [ 107.143980000276926, -6.593169999995343, 0.0 ], [ 107.144219999653473, -6.592980000226625, 0.0 ], [ 107.144459999929211, -6.59288999967357, 0.0 ], [ 107.144560000044152, -6.592869999650599, 0.0 ], [ 107.14482000034296, -6.59288999967357, 0.0 ], [ 107.145239999926247, -6.592989999788514, 0.0 ], [ 107.146050000407342, -6.592949999742572, 0.0 ], [ 107.146469999990714, -6.593009999811485, 0.0 ], [ 107.14706999978084, -6.593149999972372, 0.0 ], [ 107.14714970219714, -6.593169238269549, 0.0 ], [ 107.147359999664417, -6.593219999603175, 0.0 ], [ 107.147840000216064, -6.593219999603175, 0.0 ], [ 107.148219999753337, -6.593140000410571, 0.0 ], [ 107.148669999820854, -6.593049999857428, 0.0 ], [ 107.149199999980169, -6.592949999742572, 0.0 ], [ 107.149670000070657, -6.592960000203654, 0.0 ], [ 107.150169999745827, -6.593020000272656, 0.0 ], [ 107.150670000320375, -6.593100000364629, 0.0 ], [ 107.151169999995631, -6.593169999995343, 0.0 ], [ 107.15160000004019, -6.593140000410571, 0.0 ], [ 107.152310000406331, -6.5931200003876, 0.0 ], [ 107.152990000288511, -6.593000000249685, 0.0 ], [ 107.153550000032595, -6.592759999973854, 0.0 ], [ 107.15408000019201, -6.592309999906423, 0.0 ], [ 107.154439999706383, -6.591959999953847, 0.0 ], [ 107.15467000042041, -6.591690000093244, 0.0 ], [ 107.154820000143005, -6.591489999863445, 0.0 ] ] ] ] } },
{ "type": "Feature", "properties": { "PROVNO": "32", "KABKOTNO": "01", "KECNO": "161", "DESANO": "008", "PROVINSI": "JAWA BARAT", "KABKOT": "BOGOR", "KECAMATAN": "TANJUNGSARI", "ID2013": "3201161008", "DESA": "TANJUNG RASA", "DESA_1": "TANJUNG RASA", "ID2012": "3201161008", "IDKAB2": "3201", "IDKEC_2": "3201161", "WILAYAH": "TIMUR" }, "geometry": { "type": "MultiPolygon", "coordinates": [ [ [ [ 107.141390000448354, -6.567260000348565, 0.0 ], [ 107.141549999732845, -6.567499999725026, 0.0 ], [ 107.141870000100567, -6.567730000438967, 0.0 ], [ 107.142449999867807, -6.567989999838488, 0.0 ], [ 107.142830000304428, -6.568170000045317, 0.0 ], [ 107.143320000417887, -6.568410000321059, 0.0 ], [ 107.143610000301464, -6.56866000015869, 0.0 ], [ 107.143789999608927, -6.568999999650096, 0.0 ], [ 107.143880000162071, -6.56929999999484, 0.0 ], [ 107.143909999746839, -6.569620000362555, 0.0 ], [ 107.143880000162071, -6.570050000407015, 0.0 ], [ 107.143809999631983, -6.57036000031356, 0.0 ], [ 107.143749999562985, -6.570679999781994, 0.0 ], [ 107.143719999978202, -6.570980000126738, 0.0 ], [ 107.143719999978202, -6.571279999572113, 0.0 ], [ 107.143809999631983, -6.571700000054861, 0.0 ], [ 107.143980000276926, -6.572130000099232, 0.0 ], [ 107.144069999930693, -6.572250000237148, 0.0 ], [ 107.144250000137532, -6.572379999936953, 0.0 ], [ 107.144540000021181, -6.572370000375063, 0.0 ], [ 107.144780000297018, -6.572279999822008, 0.0 ], [ 107.14515000027248, -6.572050000007348, 0.0 ], [ 107.145360000064073, -6.571880000261601, 0.0 ], [ 107.14558000031694, -6.571729999639633, 0.0 ], [ 107.145719999578461, -6.571639999985859, 0.0 ], [ 107.145990000338429, -6.571610000401087, 0.0 ], [ 107.146120000038138, -6.571610000401087, 0.0 ], [ 107.146389999898744, -6.571700000054861, 0.0 ], [ 107.146510000036656, -6.571880000261601, 0.0 ], [ 107.146750000312494, -6.572190000168234, 0.0 ], [ 107.146782553072541, -6.572443914754746, 0.0 ], [ 107.146799999920233, -6.572580000166752, 0.0 ], [ 107.146859999989232, -6.57297000016527, 0.0 ], [ 107.146909999596971, -6.573360000163699, 0.0 ], [ 107.147040000195972, -6.573810000231131, 0.0 ], [ 107.147270000010636, -6.574360000413506, 0.0 ], [ 107.147470000240531, -6.574739999950854, 0.0 ], [ 107.147780000147065, -6.575060000318658, 0.0 ], [ 107.148020000422804, -6.57529999969503, 0.0 ], [ 107.148469999590958, -6.575470000340058, 0.0 ], [ 107.148850000027679, -6.575580000016803, 0.0 ], [ 107.149130000349459, -6.575669999670577, 0.0 ], [ 107.149360000164023, -6.575829999854435, 0.0 ], [ 107.149429999794819, -6.575999999600093, 0.0 ], [ 107.149480000301935, -6.576330000429067, 0.0 ], [ 107.149480000301935, -6.576620000312641, 0.0 ], [ 107.149349999702935, -6.577070000380072, 0.0 ], [ 107.149159999934227, -6.577579999617136, 0.0 ], [ 107.148930000119563, -6.577989999638625, 0.0 ], [ 107.14887000005065, -6.578180000306624, 0.0 ], [ 107.148910000096592, -6.578359999614083, 0.0 ], [ 107.149039999796315, -6.578820000142773, 0.0 ], [ 107.149070299754754, -6.578885261245695, 0.0 ], [ 107.14930000009511, -6.579379999886861, 0.0 ], [ 107.149659999609483, -6.580039999745981, 0.0 ], [ 107.149870000300453, -6.580420000182698, 0.0 ], [ 107.150220000253029, -6.580950000342014, 0.0 ], [ 107.150630000274433, -6.581499999625109, 0.0 ], [ 107.150869999650894, -6.581829999554625, 0.0 ], [ 107.15102000027295, -6.582120000337568, 0.0 ], [ 107.151060000318893, -6.582419999782942, 0.0 ], [ 107.151069999880775, -6.582680000081744, 0.0 ], [ 107.151009999811862, -6.583050000057291, 0.0 ], [ 107.150869999650894, -6.583609999801467, 0.0 ], [ 107.150789999559009, -6.584110000376011, 0.0 ], [ 107.150829999604952, -6.584500000374529, 0.0 ], [ 107.150940903999683, -6.584926553317629, 0.0 ], [ 107.150960000204037, -6.585000000049792, 0.0 ], [ 107.15102000027295, -6.5853999996102, 0.0 ], [ 107.151029999834833, -6.585670000370083, 0.0 ], [ 107.151029999834833, -6.585889999723484, 0.0 ], [ 107.151049184172692, -6.585982082207167, 0.0 ], [ 107.151080000341864, -6.586129999999315, 0.0 ], [ 107.151182517659251, -6.58627808056881, 0.0 ], [ 107.151259999649412, -6.586390000298117, 0.0 ], [ 107.151370659428522, -6.586500659177954, 0.0 ], [ 107.15149999992525, -6.586629999674578, 0.0 ], [ 107.151889999923753, -6.586909999996351, 0.0 ], [ 107.152270000360389, -6.587179999856954, 0.0 ], [ 107.152850000127529, -6.587649999947356, 0.0 ], [ 107.153079999942193, -6.587919999807959, 0.0 ], [ 107.153369999825856, -6.588320000267647, 0.0 ], [ 107.153650000147536, -6.588770000335078, 0.0 ], [ 107.153770000285462, -6.589129999849455, 0.0 ], [ 107.154120000237953, -6.589860000238659, 0.0 ], [ 107.154258362733358, -6.590184852448857, 0.0 ], [ 107.154350000052688, -6.590399999959864, 0.0 ], [ 107.154579999867266, -6.590979999727011, 0.0 ], [ 107.154820000143005, -6.591489999863445, 0.0 ], [ 107.15467000042041, -6.591690000093244, 0.0 ], [ 107.154439999706383, -6.591959999953847, 0.0 ], [ 107.15408000019201, -6.592309999906423, 0.0 ], [ 107.153550000032595, -6.592759999973854, 0.0 ], [ 107.152990000288511, -6.593000000249685, 0.0 ], [ 107.152310000406331, -6.5931200003876, 0.0 ], [ 107.15160000004019, -6.593140000410571, 0.0 ], [ 107.151169999995631, -6.593169999995343, 0.0 ], [ 107.150670000320375, -6.593100000364629, 0.0 ], [ 107.150169999745827, -6.593020000272656, 0.0 ], [ 107.149670000070657, -6.592960000203654, 0.0 ], [ 107.149199999980169, -6.592949999742572, 0.0 ], [ 107.148669999820854, -6.593049999857428, 0.0 ], [ 107.148219999753337, -6.593140000410571, 0.0 ], [ 107.147840000216064, -6.593219999603175, 0.0 ], [ 107.147359999664417, -6.593219999603175, 0.0 ], [ 107.14714970219714, -6.593169238269549, 0.0 ], [ 107.14706999978084, -6.593149999972372, 0.0 ], [ 107.146469999990714, -6.593009999811485, 0.0 ], [ 107.146050000407342, -6.592949999742572, 0.0 ], [ 107.145239999926247, -6.592989999788514, 0.0 ], [ 107.14482000034296, -6.59288999967357, 0.0 ], [ 107.144560000044152, -6.592869999650599, 0.0 ], [ 107.144459999929211, -6.59288999967357, 0.0 ], [ 107.144219999653473, -6.592980000226625, 0.0 ], [ 107.143980000276926, -6.593169999995343, 0.0 ], [ 107.143730000439376, -6.593439999855946, 0.0 ], [ 107.143189999818802, -6.59308999990337, 0.0 ], [ 107.143080000142064, -6.59308999990337, 0.0 ], [ 107.14295000044234, -6.593169999995343, 0.0 ], [ 107.142770000235515, -6.593379999786944, 0.0 ], [ 107.142599999590487, -6.593669999670606, 0.0 ], [ 107.142570000005634, -6.593780000246721, 0.0 ], [ 107.142449999867807, -6.593800000269692, 0.0 ], [ 107.142323450866741, -6.593875930029949, 0.0 ], [ 107.142249999637912, -6.593920000407518, 0.0 ], [ 107.142099999915217, -6.594079999692095, 0.0 ], [ 107.141899999685421, -6.594239999875953, 0.0 ], [ 107.141780000446786, -6.59419999983001, 0.0 ], [ 107.141740000400844, -6.594079999692095, 0.0 ], [ 107.141780000446786, -6.593909999946348, 0.0 ], [ 107.141890000123539, -6.593689999693577, 0.0 ], [ 107.142030000284507, -6.593580000016832, 0.0 ], [ 107.142139999961259, -6.593459999878917, 0.0 ], [ 107.142139999961259, -6.593350000202172, 0.0 ], [ 107.142059999869275, -6.593190000018314, 0.0 ], [ 107.14191000014651, -6.593029999834457, 0.0 ], [ 107.14179999957048, -6.592960000203654, 0.0 ], [ 107.14166000030896, -6.592960000203654, 0.0 ], [ 107.141549999732845, -6.593029999834457, 0.0 ], [ 107.141339999941252, -6.5931200003876, 0.0 ], [ 107.140929999919763, -6.593219999603175, 0.0 ], [ 107.14078999975888, -6.593149999972372, 0.0 ], [ 107.140620000013129, -6.592969999765543, 0.0 ], [ 107.140579999967187, -6.592849999627628, 0.0 ], [ 107.140660000059157, -6.592759999973854, 0.0 ], [ 107.140889999873735, -6.592530000159194, 0.0 ], [ 107.141190000218472, -6.592340000390564, 0.0 ], [ 107.14144999961799, -6.592140000160764, 0.0 ], [ 107.141480000102135, -6.591970000415017, 0.0 ], [ 107.141460000079164, -6.591739999701076, 0.0 ], [ 107.141390000448354, -6.591549999932358, 0.0 ], [ 107.141310000356384, -6.591509999886416, 0.0 ], [ 107.141119999688385, -6.591500000324615, 0.0 ], [ 107.140999999550473, -6.591549999932358, 0.0 ], [ 107.140419999783319, -6.591899999884934, 0.0 ], [ 107.140180000406872, -6.591859999838992, 0.0 ], [ 107.139819999993207, -6.591739999701076, 0.0 ], [ 107.139519999648456, -6.59160000043947, 0.0 ], [ 107.139289999833807, -6.591500000324615, 0.0 ], [ 107.139269999810836, -6.5913899997485, 0.0 ], [ 107.139320000317952, -6.591340000140757, 0.0 ], [ 107.139479999602514, -6.591220000002842, 0.0 ], [ 107.139909999646889, -6.59095999970404, 0.0 ], [ 107.140060000268946, -6.590760000373521, 0.0 ], [ 107.140060000268946, -6.590680000281637, 0.0 ], [ 107.139949999692931, -6.59011000007629, 0.0 ], [ 107.139810000431311, -6.589969999915404, 0.0 ], [ 107.139650000247542, -6.589920000307572, 0.0 ], [ 107.139459999579543, -6.589920000307572, 0.0 ], [ 107.139309999856778, -6.590070000030348, 0.0 ], [ 107.139030000434374, -6.590469999590667, 0.0 ], [ 107.138839999766375, -6.590600000189664, 0.0 ], [ 107.138640000435856, -6.590680000281637, 0.0 ], [ 107.1384899998138, -6.590669999820467, 0.0 ], [ 107.138369999675973, -6.590620000212635, 0.0 ], [ 107.138329999629946, -6.590509999636609, 0.0 ], [ 107.138360000114076, -6.590379999936893, 0.0 ], [ 107.138480000252002, -6.590090000053319, 0.0 ], [ 107.138609999951711, -6.589800000169745, 0.0 ], [ 107.138629999974683, -6.58947999980203, 0.0 ], [ 107.138750000112594, -6.589169999895397, 0.0 ], [ 107.138830000204479, -6.588989999688568, 0.0 ], [ 107.138830000204479, -6.588850000427051, 0.0 ], [ 107.13870658893812, -6.588726589160601, 0.0 ], [ 107.138699999605478, -6.588719999827966, 0.0 ], [ 107.138560000343887, -6.588639999735992, 0.0 ], [ 107.138369999675973, -6.588630000174192, 0.0 ], [ 107.138019999723397, -6.588690000243194, 0.0 ], [ 107.137500000025156, -6.588790000358049, 0.0 ], [ 107.137379999887244, -6.588830000403991, 0.0 ], [ 107.13729999979536, -6.588949999642626, 0.0 ], [ 107.137080000441784, -6.589200000379538, 0.0 ], [ 107.136949999842784, -6.58924000042548, 0.0 ], [ 107.136840000166046, -6.589140000310536, 0.0 ], [ 107.136729999590017, -6.588920000057765, 0.0 ], [ 107.136590000328496, -6.588719999827966, 0.0 ], [ 107.13643999970644, -6.588499999575195, 0.0 ], [ 107.136319999568528, -6.588479999552224, 0.0 ], [ 107.136200000329978, -6.588550000082218, 0.0 ], [ 107.1358599999392, -6.588730000289136, 0.0 ], [ 107.135509999986709, -6.588759999873997, 0.0 ], [ 107.13495000024254, -6.589040000195681, 0.0 ], [ 107.134779999597512, -6.589310000056283, 0.0 ], [ 107.134640000335907, -6.589530000309054, 0.0 ], [ 107.134239999876314, -6.589410000171227, 0.0 ], [ 107.13394000043084, -6.589319999618084, 0.0 ], [ 107.133853163692692, -6.589301719098941, 0.0 ], [ 107.133559999994219, -6.58924000042548, 0.0 ], [ 107.133250000087671, -6.589180000356567, 0.0 ], [ 107.132989999788862, -6.589129999849455, 0.0 ], [ 107.132750000412415, -6.589080000241623, 0.0 ], [ 107.132599999790358, -6.58902999973451, 0.0 ], [ 107.132479999652432, -6.58904999975757, 0.0 ], [ 107.132399999560462, -6.589100000264594, 0.0 ], [ 107.132430000044607, -6.589220000402509, 0.0 ], [ 107.132459999629461, -6.589319999618084, 0.0 ], [ 107.132410000021636, -6.58945000021717, 0.0 ], [ 107.132280000321913, -6.589570000355085, 0.0 ], [ 107.132169999745884, -6.589619999962828, 0.0 ], [ 107.131979999977176, -6.589539999870944, 0.0 ], [ 107.13177999974738, -6.589459999779059, 0.0 ], [ 107.131549999932716, -6.589430000194199, 0.0 ], [ 107.131389999748848, -6.589459999779059, 0.0 ], [ 107.131229999564994, -6.589570000355085, 0.0 ], [ 107.131139999911227, -6.589689999593631, 0.0 ], [ 107.131070000280516, -6.589889999823431, 0.0 ], [ 107.130950000142505, -6.590050000007377, 0.0 ], [ 107.130540000121101, -6.590449999567696, 0.0 ], [ 107.130390000398421, -6.590569999705522, 0.0 ], [ 107.130239999776364, -6.590600000189664, 0.0 ], [ 107.130099999615481, -6.590589999728493, 0.0 ], [ 107.129849999777846, -6.590339999890951, 0.0 ], [ 107.129559999894269, -6.590130000099261, 0.0 ], [ 107.129419999733386, -6.590029999984317, 0.0 ], [ 107.129350000102576, -6.589660000008859, 0.0 ], [ 107.129290000033663, -6.589330000079254, 0.0 ], [ 107.129180000356925, -6.589060000218652, 0.0 ], [ 107.128900000035145, -6.588699999804994, 0.0 ], [ 107.12863999973635, -6.588360000313589, 0.0 ], [ 107.128539999621495, -6.58816999964559, 0.0 ], [ 107.128460000428888, -6.587879999762016, 0.0 ], [ 107.128309999806831, -6.587660000408526, 0.0 ], [ 107.127959999854255, -6.58730999955667, 0.0 ], [ 107.127440000156113, -6.58688999997338, 0.0 ], [ 107.127039999696422, -6.586600000089806, 0.0 ], [ 107.126740000251047, -6.586430000344059, 0.0 ], [ 107.12615999958453, -6.586100000414543, 0.0 ], [ 107.12594000023104, -6.586000000299599, 0.0 ], [ 107.125760000024215, -6.585980000276628, 0.0 ], [ 107.125639999886204, -6.586009999861488, 0.0 ], [ 107.125479999702435, -6.586190000068317, 0.0 ], [ 107.125269999910756, -6.586219999653089, 0.0 ], [ 107.12508000014212, -6.586170000045257, 0.0 ], [ 107.12500000005015, -6.586120000437514, 0.0 ], [ 107.124890000373398, -6.586049999907431, 0.0 ], [ 107.124300000145084, -6.585699999954855, 0.0 ], [ 107.123742480731067, -6.585325547435907, 0.0 ], [ 107.1236299998248, -6.585249999887424, 0.0 ], [ 107.12309999966547, -6.584859999888906, 0.0 ], [ 107.122840000265953, -6.584460000328587, 0.0 ], [ 107.122831271446245, -6.584363983310961, 0.0 ], [ 107.122809999781822, -6.584130000399071, 0.0 ], [ 107.122749999712909, -6.583520000147693, 0.0 ], [ 107.122720000128041, -6.583210000241149, 0.0 ], [ 107.122559999944187, -6.582820000242631, 0.0 ], [ 107.122330000129608, -6.582270000060344, 0.0 ], [ 107.12232095474846, -6.582251911096684, 0.0 ], [ 107.121960000154061, -6.58153000010925, 0.0 ], [ 107.121570000155543, -6.580759999674015, 0.0 ], [ 107.121169999695866, -6.57980999993141, 0.0 ], [ 107.120998871301026, -6.579076592010971, 0.0 ], [ 107.120959999904258, -6.578909999796547, 0.0 ], [ 107.120839999766346, -6.578180000306624, 0.0 ], [ 107.120779393554386, -6.577985422988721, 0.0 ], [ 107.12064999999771, -6.577570000055246, 0.0 ], [ 107.120391999791181, -6.57696138475993, 0.0 ], [ 107.120259999999192, -6.576649999897413, 0.0 ], [ 107.119860000438877, -6.575869999900377, 0.0 ], [ 107.11941000037136, -6.575160000433513, 0.0 ], [ 107.118679999982149, -6.574080000091822, 0.0 ], [ 107.118310000006687, -6.573449999817473, 0.0 ], [ 107.11812000023798, -6.572859999589156, 0.0 ], [ 107.117810000331431, -6.572150000122203, 0.0 ], [ 107.117309999756884, -6.571350000102285, 0.0 ], [ 107.116870000150627, -6.570679999781994, 0.0 ], [ 107.116520000198051, -6.570539999621108, 0.0 ], [ 107.116360000014112, -6.570420000382562, 0.0 ], [ 107.116230000314388, -6.570039999945934, 0.0 ], [ 107.116199999830343, -6.569919999808018, 0.0 ], [ 107.116090000153591, -6.569660000408497, 0.0 ], [ 107.115841140656315, -6.569250764810732, 0.0 ], [ 107.115640000086074, -6.568919999558123, 0.0 ], [ 107.115310000156555, -6.568499999974833, 0.0 ], [ 107.115069999880717, -6.568210000091259, 0.0 ], [ 107.114869999650921, -6.567900000184714, 0.0 ], [ 107.114814996215244, -6.567747211664301, 0.0 ], [ 107.114779999997154, -6.567650000347083, 0.0 ], [ 107.11506000031892, -6.567109999726508, 0.0 ], [ 107.115370000225468, -6.566670000120247, 0.0 ], [ 107.115584322158909, -6.566408526731973, 0.0 ], [ 107.115869999900724, -6.56605999986887, 0.0 ], [ 107.116529999759848, -6.565409999571639, 0.0 ], [ 107.116929791576837, -6.565071715087392, 0.0 ], [ 107.117180000057175, -6.564860000288633, 0.0 ], [ 107.117610000101635, -6.56457999996686, 0.0 ], [ 107.117929999569981, -6.564519999897946, 0.0 ], [ 107.119150000072636, -6.564430000244172, 0.0 ], [ 107.120389999698915, -6.5641499999224, 0.0 ], [ 107.120640000435827, -6.563860000038826, 0.0 ], [ 107.121160000134054, -6.563140000110792, 0.0 ], [ 107.121519999648427, -6.562770000135245, 0.0 ], [ 107.121900000085148, -6.562469999790501, 0.0 ], [ 107.122339999691405, -6.562309999606644, 0.0 ], [ 107.122279999622407, -6.561720000277607, 0.0 ], [ 107.122430000244464, -6.561740000300667, 0.0 ], [ 107.12298000042685, -6.561549999632668, 0.0 ], [ 107.123230000264471, -6.561470000439975, 0.0 ], [ 107.123400000010221, -6.561470000439975, 0.0 ], [ 107.124189999568969, -6.56180000036958, 0.0 ], [ 107.124670000120631, -6.562079999791983, 0.0 ], [ 107.124919999958166, -6.56221999995287, 0.0 ], [ 107.12500000005015, -6.56221999995287, 0.0 ], [ 107.125089999703917, -6.562239999975841, 0.0 ], [ 107.125229999864715, -6.562259999998812, 0.0 ], [ 107.125730000439347, -6.562239999975841, 0.0 ], [ 107.1263700002755, -6.562059999769012, 0.0 ], [ 107.12670000020502, -6.561979999677039, 0.0 ], [ 107.126959999604452, -6.561959999654068, 0.0 ], [ 107.127299999995131, -6.56203000018424, 0.0 ], [ 107.127759999624459, -6.562289999583673, 0.0 ], [ 107.128039999946225, -6.562489999813472, 0.0 ], [ 107.128089999553964, -6.562529999859503, 0.0 ], [ 107.128695166848644, -6.563191649974467, 0.0 ], [ 107.128839999966232, -6.563349999902393, 0.0 ], [ 107.129310000056634, -6.563829999554684, 0.0 ], [ 107.129519999848327, -6.564060000268626, 0.0 ], [ 107.129769999685863, -6.564359999714, 0.0 ], [ 107.129929999869816, -6.56457999996686, 0.0 ], [ 107.130179999707451, -6.564769999735489, 0.0 ], [ 107.13052000009813, -6.564869999850433, 0.0 ], [ 107.130930000119534, -6.564969999965378, 0.0 ], [ 107.131659999609454, -6.565179999757067, 0.0 ], [ 107.132120000138059, -6.565330000379035, 0.0 ], [ 107.13237920723482, -6.565416401845283, 0.0 ], [ 107.132510000136577, -6.565460000078751, 0.0 ], [ 107.133129999949659, -6.565680000331611, 0.0 ], [ 107.133849999877782, -6.566010000261127, 0.0 ], [ 107.134400000060083, -6.566369999775503, 0.0 ], [ 107.134508895369379, -6.566426922364457, 0.0 ], [ 107.134839999666426, -6.566599999590164, 0.0 ], [ 107.134951108207275, -6.566653637854927, 0.0 ], [ 107.135130000449365, -6.56673999975105, 0.0 ], [ 107.135360000263944, -6.566810000281134, 0.0 ], [ 107.135750000262462, -6.566770000235191, 0.0 ], [ 107.13581000033146, -6.566770000235191, 0.0 ], [ 107.136109999776835, -6.566699999705108, 0.0 ], [ 107.136249999937718, -6.566659999659166, 0.0 ], [ 107.136670000420381, -6.566570000005392, 0.0 ], [ 107.137060000418813, -6.566480000351618, 0.0 ], [ 107.13764999974785, -6.566409999821445, 0.0 ], [ 107.137919999608442, -6.566440000305587, 0.0 ], [ 107.138199999930222, -6.566529999959361, 0.0 ], [ 107.138281749203529, -6.566565890103551, 0.0 ], [ 107.138609999951711, -6.566710000166189, 0.0 ], [ 107.138666113150776, -6.566733806120109, 0.0 ], [ 107.138779930449658, -6.566782091620063, 0.0 ], [ 107.138939999881231, -6.566850000327076, 0.0 ], [ 107.139249999787779, -6.566859999888965, 0.0 ], [ 107.139599999740341, -6.566910000396078, 0.0 ], [ 107.139759999924294, -6.567040000095705, 0.0 ], [ 107.139931363941486, -6.567265889109333, 0.0 ], [ 107.139980000177061, -6.567329999979368, 0.0 ], [ 107.140049999807871, -6.567530000209167, 0.0 ], [ 107.140086559047589, -6.567586869738076, 0.0 ], [ 107.14014000036093, -6.567670000370054, 0.0 ], [ 107.140270000060639, -6.567730000438967, 0.0 ], [ 107.140869999850764, -6.567900000184714, 0.0 ], [ 107.141130000149559, -6.567710000415996, 0.0 ], [ 107.14114770240478, -6.567680919039045, 0.0 ], [ 107.141270000310442, -6.567479999702055, 0.0 ], [ 107.141376723756963, -6.567284338701054, 0.0 ], [ 107.141390000448354, -6.567260000348565, 0.0 ] ] ] ] } },
{ "type": "Feature", "properties": { "PROVNO": "32", "KABKOTNO": "01", "KECNO": "161", "DESANO": "009", "PROVINSI": "JAWA BARAT", "KABKOT": "BOGOR", "KECAMATAN": "TANJUNGSARI", "ID2013": "3201161009", "DESA": "SUKARASA", "DESA_1": "SUKARASA", "ID2012": "3201161009", "IDKAB2": "3201", "IDKEC_2": "3201161", "WILAYAH": "TIMUR" }, "geometry": { "type": "MultiPolygon", "coordinates": [ [ [ [ 107.134640000335907, -6.589530000309054, 0.0 ], [ 107.134580000266993, -6.589760000123803, 0.0 ], [ 107.13444000010611, -6.590279999821949, 0.0 ], [ 107.134369999576023, -6.590700000304608, 0.0 ], [ 107.134299999945227, -6.591159999933929, 0.0 ], [ 107.134119999738303, -6.591859999838992, 0.0 ], [ 107.13405999966939, -6.592149999722565, 0.0 ], [ 107.133970000015708, -6.592490000113251, 0.0 ], [ 107.133930599817489, -6.592702759924265, 0.0 ], [ 107.133920000407869, -6.592759999973854, 0.0 ], [ 107.133889999923724, -6.593270000110198, 0.0 ], [ 107.133920000407869, -6.593580000016832, 0.0 ], [ 107.133920000407869, -6.594110000176236, 0.0 ], [ 107.13394000043084, -6.594349999552698, 0.0 ], [ 107.133909999946695, -6.594469999690524, 0.0 ], [ 107.133840000315985, -6.594689999943384, 0.0 ], [ 107.133609999601958, -6.594979999826958, 0.0 ], [ 107.133470000340438, -6.595149999572616, 0.0 ], [ 107.13321999960344, -6.595329999779533, 0.0 ], [ 107.133129999949659, -6.595360000263675, 0.0 ], [ 107.132989999788862, -6.59526000014873, 0.0 ], [ 107.1326399998363, -6.594529999759526, 0.0 ], [ 107.132419999583433, -6.594239999875953, 0.0 ], [ 107.132260000298942, -6.594110000176236, 0.0 ], [ 107.132020000023118, -6.594030000084263, 0.0 ], [ 107.131569999955772, -6.594050000107234, 0.0 ], [ 107.131050000257446, -6.594139999761008, 0.0 ], [ 107.13033999989122, -6.594360000013779, 0.0 ], [ 107.130210000191497, -6.59440000005981, 0.0 ], [ 107.129949999892787, -6.594429999644582, 0.0 ], [ 107.129849999777846, -6.594409999621611, 0.0 ], [ 107.129780000147036, -6.594319999967837, 0.0 ], [ 107.129800000170093, -6.593829999854464, 0.0 ], [ 107.129920000307919, -6.593310000156229, 0.0 ], [ 107.129980000376932, -6.59308999990337, 0.0 ], [ 107.129960000353861, -6.593009999811485, 0.0 ], [ 107.129860000239006, -6.592960000203654, 0.0 ], [ 107.129660000009125, -6.592969999765543, 0.0 ], [ 107.128619999713379, -6.593299999695059, 0.0 ], [ 107.128349999852773, -6.593359999763972, 0.0 ], [ 107.127680000431852, -6.593499999924948, 0.0 ], [ 107.127520000247998, -6.593559999993861, 0.0 ], [ 107.127239999926218, -6.59395999955418, 0.0 ], [ 107.127050000157595, -6.594239999875953, 0.0 ], [ 107.126909999996613, -6.59440000005981, 0.0 ], [ 107.126789999858786, -6.594449999667553, 0.0 ], [ 107.126684287250256, -6.594449999667553, 0.0 ], [ 107.126669999720875, -6.594449999667553, 0.0 ], [ 107.126250000137588, -6.594079999692095, 0.0 ], [ 107.126080000391838, -6.59395999955418, 0.0 ], [ 107.125900000185013, -6.593889999923377, 0.0 ], [ 107.125769999586012, -6.593900000384547, 0.0 ], [ 107.125169999795801, -6.594380000036839, 0.0 ], [ 107.12500000005015, -6.594509999736555, 0.0 ], [ 107.124590000028661, -6.594810000081299, 0.0 ], [ 107.12407000033042, -6.595110000426043, 0.0 ], [ 107.123500000125077, -6.595360000263675, 0.0 ], [ 107.123030000034674, -6.595550000032304, 0.0 ], [ 107.122680000082099, -6.595710000216162, 0.0 ], [ 107.122419999783389, -6.595779999846965, 0.0 ], [ 107.122239999576465, -6.595779999846965, 0.0 ], [ 107.121949999692902, -6.59565000014716, 0.0 ], [ 107.121759999924265, -6.595489999963391, 0.0 ], [ 107.121630000224542, -6.595329999779533, 0.0 ], [ 107.121550000132572, -6.595050000357041, 0.0 ], [ 107.121530000109601, -6.594779999597158, 0.0 ], [ 107.121650000247513, -6.594449999667553, 0.0 ], [ 107.121799999970207, -6.594150000222179, 0.0 ], [ 107.121849999577947, -6.593940000430489, 0.0 ], [ 107.121829999554976, -6.593780000246721, 0.0 ], [ 107.121759999924265, -6.593640000085745, 0.0 ], [ 107.121300000294951, -6.593270000110198, 0.0 ], [ 107.121010000411374, -6.59308999990337, 0.0 ], [ 107.120799999720404, -6.593000000249685, 0.0 ], [ 107.120640000435827, -6.592989999788514, 0.0 ], [ 107.120520000298001, -6.593040000295627, 0.0 ], [ 107.12042000018306, -6.593160000433542, 0.0 ], [ 107.120380000137018, -6.593330000179201, 0.0 ], [ 107.120500000274944, -6.594010000061292, 0.0 ], [ 107.120520000298001, -6.594239999875953, 0.0 ], [ 107.120469999790799, -6.594449999667553, 0.0 ], [ 107.120380000137018, -6.594569999805469, 0.0 ], [ 107.120289999583974, -6.5946099998515, 0.0 ], [ 107.120170000345425, -6.594580000266639, 0.0 ], [ 107.119849999977703, -6.59417000024515, 0.0 ], [ 107.119609999701879, -6.593869999900406, 0.0 ], [ 107.119553691349935, -6.593820315954648, 0.0 ], [ 107.119439999956214, -6.593720000177719, 0.0 ], [ 107.11927999977236, -6.593669999670606, 0.0 ], [ 107.118800000120075, -6.593840000315634, 0.0 ], [ 107.118539999821351, -6.593929999969319, 0.0 ], [ 107.118284488938144, -6.593898061446204, 0.0 ], [ 107.118060000169066, -6.593869999900406, 0.0 ], [ 107.117719999778288, -6.593840000315634, 0.0 ], [ 107.117460000378941, -6.593889999923377, 0.0 ], [ 107.117079999942234, -6.594139999761008, 0.0 ], [ 107.116819999643425, -6.594299999944866, 0.0 ], [ 107.116509999736877, -6.594409999621611, 0.0 ], [ 107.116330000429329, -6.594429999644582, 0.0 ], [ 107.116030000084592, -6.594480000151783, 0.0 ], [ 107.115740000201015, -6.594480000151783, 0.0 ], [ 107.115290000133584, -6.594460000128723, 0.0 ], [ 107.11523000006467, -6.594529999759526, 0.0 ], [ 107.11506000031892, -6.594739999551127, 0.0 ], [ 107.114909999696948, -6.594950000242097, 0.0 ], [ 107.114889999673892, -6.595140000010815, 0.0 ], [ 107.114829999604979, -6.595420000332588, 0.0 ], [ 107.114690000343373, -6.595550000032304, 0.0 ], [ 107.1146199998133, -6.595539999571134, 0.0 ], [ 107.114530000159519, -6.59544999991736, 0.0 ], [ 107.114289999883781, -6.595189999618647, 0.0 ], [ 107.114109999676941, -6.595240000125759, 0.0 ], [ 107.113979999977147, -6.595360000263675, 0.0 ], [ 107.113950000392379, -6.59546999994042, 0.0 ], [ 107.113939999931205, -6.596049999707567, 0.0 ], [ 107.113819999793378, -6.596220000352595, 0.0 ], [ 107.113650000047627, -6.596350000052311, 0.0 ], [ 107.113540000370875, -6.596350000052311, 0.0 ], [ 107.113199999980196, -6.596289999983398, 0.0 ], [ 107.112680000281955, -6.596379999637083, 0.0 ], [ 107.11285000002762, -6.596479999752027, 0.0 ], [ 107.112979999727344, -6.596610000351024, 0.0 ], [ 107.112999999750315, -6.596690000442997, 0.0 ], [ 107.112939999681402, -6.59674999961263, 0.0 ], [ 107.112760000373939, -6.596829999704514, 0.0 ], [ 107.112090000053641, -6.597000000349542, 0.0 ], [ 107.111760000124121, -6.597000000349542, 0.0 ], [ 107.111590000378385, -6.596940000280629, 0.0 ], [ 107.111249999987692, -6.596809999681543, 0.0 ], [ 107.111069999780867, -6.596880000211716, 0.0 ], [ 107.110889999574042, -6.597020000372513, 0.0 ], [ 107.110719999828291, -6.597259999749063, 0.0 ], [ 107.110719999828291, -6.597350000302118, 0.0 ], [ 107.110790000358378, -6.597470000440033, 0.0 ], [ 107.110920000058087, -6.597720000277576, 0.0 ], [ 107.110889999574042, -6.597849999977381, 0.0 ], [ 107.110770000335407, -6.598130000299154, 0.0 ], [ 107.11069999980532, -6.598349999652644, 0.0 ], [ 107.110810000381349, -6.598480000251641, 0.0 ], [ 107.110900000035116, -6.598540000320643, 0.0 ], [ 107.111020000173028, -6.598509999836413, 0.0 ], [ 107.111160000333925, -6.598500000274612, 0.0 ], [ 107.111270000010663, -6.598560000343614, 0.0 ], [ 107.111319999618416, -6.598640000435498, 0.0 ], [ 107.111290000033634, -6.598739999651073, 0.0 ], [ 107.111189999918693, -6.599140000110761, 0.0 ], [ 107.111330000079576, -6.599280000271648, 0.0 ], [ 107.111570000355414, -6.59955000013225, 0.0 ], [ 107.111539999871269, -6.599679999831967, 0.0 ], [ 107.111379999687415, -6.60020000042957, 0.0 ], [ 107.111260000448866, -6.600439999805943, 0.0 ], [ 107.11112999984978, -6.600559999943858, 0.0 ], [ 107.110839999966203, -6.60082000024266, 0.0 ], [ 107.110859999989174, -6.600969999965347, 0.0 ], [ 107.110875899103647, -6.601044196732122, 0.0 ], [ 107.110889999574042, -6.601110000126234, 0.0 ], [ 107.110889999574042, -6.601640000285638, 0.0 ], [ 107.110850000427376, -6.60189999968507, 0.0 ], [ 107.110719999828291, -6.602180000006843, 0.0 ], [ 107.110599999690379, -6.602380000236643, 0.0 ], [ 107.110579999667408, -6.602500000374558, 0.0 ], [ 107.110759999874318, -6.60277999979705, 0.0 ], [ 107.110819999943232, -6.602890000373076, 0.0 ], [ 107.110690000243522, -6.603069999680624, 0.0 ], [ 107.110469999990656, -6.603060000118735, 0.0 ], [ 107.110300000245005, -6.603149999772508, 0.0 ], [ 107.110109999577006, -6.60341000007131, 0.0 ], [ 107.110010000361427, -6.60361000030111, 0.0 ], [ 107.109959999854311, -6.603749999562716, 0.0 ], [ 107.109669999970748, -6.60404999990746, 0.0 ], [ 107.109320000018158, -6.604319999767974, 0.0 ], [ 107.109090000203508, -6.604430000344088, 0.0 ], [ 107.108669999720846, -6.604609999651547, 0.0 ], [ 107.108319999768355, -6.604709999766492, 0.0 ], [ 107.108009999861821, -6.604720000227662, 0.0 ], [ 107.107760000024186, -6.604660000158749, 0.0 ], [ 107.107579999817261, -6.604589999628576, 0.0 ], [ 107.1073400004408, -6.604589999628576, 0.0 ], [ 107.107120000188033, -6.604620000112718, 0.0 ], [ 107.10698000002715, -6.604540000020833, 0.0 ], [ 107.106610000051688, -6.604310000206173, 0.0 ], [ 107.106429999844778, -6.604270000160231, 0.0 ], [ 107.106309999706951, -6.604310000206173, 0.0 ], [ 107.10618999956894, -6.604410000321117, 0.0 ], [ 107.106090000353362, -6.604589999628576, 0.0 ], [ 107.105870000100595, -6.604979999627094, 0.0 ], [ 107.105700000354844, -6.605179999856983, 0.0 ], [ 107.105489999663874, -6.605349999602641, 0.0 ], [ 107.105350000402353, -6.605349999602641, 0.0 ], [ 107.10468000008207, -6.605369999625612, 0.0 ], [ 107.104379999737418, -6.605469999740556, 0.0 ], [ 107.104160000383928, -6.605509999786499, 0.0 ], [ 107.103869999600988, -6.605620000362613, 0.0 ], [ 107.103149999672866, -6.605990000338071, 0.0 ], [ 107.10304999955801, -6.606050000407073, 0.0 ], [ 107.102859999789374, -6.606209999691561, 0.0 ], [ 107.102589999928767, -6.606559999644137, 0.0 ], [ 107.102320000068076, -6.606759999873937, 0.0 ], [ 107.102090000253511, -6.606880000011852, 0.0 ], [ 107.101800000369934, -6.606929999619595, 0.0 ], [ 107.10117999965739, -6.606929999619595, 0.0 ], [ 107.100940000280929, -6.607069999780482, 0.0 ], [ 107.10067999998212, -6.607160000333536, 0.0 ], [ 107.100579999867264, -6.60724999998731, 0.0 ], [ 107.100439999706381, -6.607359999664055, 0.0 ], [ 107.100189999868746, -6.607330000079283, 0.0 ], [ 107.099759999824286, -6.607279999572171, 0.0 ], [ 107.099679999732317, -6.607319999618113, 0.0 ], [ 107.099480000401883, -6.607570000355025, 0.0 ], [ 107.099309999756855, -6.607619999962857, 0.0 ], [ 107.099209999642, -6.607570000355025, 0.0 ], [ 107.099079999942205, -6.607419999733057, 0.0 ], [ 107.098959999804279, -6.607299999595142, 0.0 ], [ 107.098799999620425, -6.607240000425509, 0.0 ], [ 107.098389999598936, -6.607169999895426, 0.0 ], [ 107.098170000245446, -6.607160000333536, 0.0 ], [ 107.097709999716841, -6.60724999998731, 0.0 ], [ 107.097530000409392, -6.607270000010281, 0.0 ], [ 107.097399999810307, -6.60724999998731, 0.0 ], [ 107.097273428326247, -6.607203222650462, 0.0 ], [ 107.096940000181064, -6.607080000241652, 0.0 ], [ 107.096690000343443, -6.607100000264623, 0.0 ], [ 107.096439999606432, -6.607180000356507, 0.0 ], [ 107.095690000093626, -6.607579999916915, 0.0 ], [ 107.095229999565021, -6.607849999777518, 0.0 ], [ 107.09454999968294, -6.608029999984346, 0.0 ], [ 107.09405000000767, -6.608239999776035, 0.0 ], [ 107.093174114294115, -6.608426986815843, 0.0 ], [ 107.093160000333896, -6.608430000444034, 0.0 ], [ 107.092900000035172, -6.608620000212664, 0.0 ], [ 107.092249999737859, -6.609090000303155, 0.0 ], [ 107.092089999554005, -6.609260000048813, 0.0 ], [ 107.091950000292485, -6.609420000232671, 0.0 ], [ 107.091790000108546, -6.609560000393557, 0.0 ], [ 107.09162000036288, -6.609839999815961, 0.0 ], [ 107.091389999648939, -6.610189999768536, 0.0 ], [ 107.091250000387419, -6.610309999906363, 0.0 ], [ 107.091210000341391, -6.610430000044278, 0.0 ], [ 107.091139999811304, -6.610659999858939, 0.0 ], [ 107.090880000411872, -6.611259999649146, 0.0 ], [ 107.090689999743873, -6.611740000200719, 0.0 ], [ 107.09062999967496, -6.611869999900435, 0.0 ], [ 107.090219999653385, -6.612070000130235, 0.0 ], [ 107.089470000140579, -6.612139999761038, 0.0 ], [ 107.088180000007199, -6.612170000245179, 0.0 ], [ 107.087210000241527, -6.612259999898953, 0.0 ], [ 107.086419999783331, -6.612509999736496, 0.0 ], [ 107.085619999763409, -6.612950000242126, 0.0 ], [ 107.084990000388345, -6.613509999986391, 0.0 ], [ 107.084119999838336, -6.614289999983338, 0.0 ], [ 107.083509999586965, -6.614829999704543, 0.0 ], [ 107.083192324866033, -6.615147675324842, 0.0 ], [ 107.083090000003665, -6.615250000187203, 0.0 ], [ 107.082419999683381, -6.615090000003345, 0.0 ], [ 107.081839999916241, -6.614949999842459, 0.0 ], [ 107.081220000103059, -6.614760000073741, 0.0 ], [ 107.080339999991168, -6.614479999751968, 0.0 ], [ 107.079359999764335, -6.614200000329653, 0.0 ], [ 107.078550000182517, -6.613980000076793, 0.0 ], [ 107.077469999840829, -6.613679999732049, 0.0 ], [ 107.07652999965994, -6.613409999871447, 0.0 ], [ 107.075330000079617, -6.61305000035707, 0.0 ], [ 107.074289999783858, -6.61260999985144, 0.0 ], [ 107.073429999694852, -6.612059999669064, 0.0 ], [ 107.072499999975221, -6.611439999855975, 0.0 ], [ 107.071860000139068, -6.610920000157741, 0.0 ], [ 107.07137000002561, -6.610399999560137, 0.0 ], [ 107.070599999590456, -6.609500000324644, 0.0 ], [ 107.070090000353389, -6.609030000234153, 0.0 ], [ 107.069359999964192, -6.608359999913862, 0.0 ], [ 107.068510000336445, -6.607669999570689, 0.0 ], [ 107.067739999901207, -6.607000000149768, 0.0 ], [ 107.067129999649922, -6.606469999990363, 0.0 ], [ 107.066649686134298, -6.605981938815244, 0.0 ], [ 107.066509999836825, -6.605839999716103, 0.0 ], [ 107.065540000071081, -6.604569999605605, 0.0 ], [ 107.065290000233531, -6.604139999561234, 0.0 ], [ 107.064980000326983, -6.603590000278139, 0.0 ], [ 107.064579999867206, -6.60277999979705, 0.0 ], [ 107.064729999589986, -6.602579999567162, 0.0 ], [ 107.065359999864242, -6.602240000075756, 0.0 ], [ 107.065729999839789, -6.602019999822986, 0.0 ], [ 107.065990000138598, -6.601850000077238, 0.0 ], [ 107.066300000045146, -6.601749999962383, 0.0 ], [ 107.06667999958249, -6.601740000400493, 0.0 ], [ 107.067249999787833, -6.601760000423464, 0.0 ], [ 107.067340000340891, -6.601749999962383, 0.0 ], [ 107.067490000063657, -6.601740000400493, 0.0 ], [ 107.067969999715871, -6.601720000377522, 0.0 ], [ 107.068680000082097, -6.601890000123269, 0.0 ], [ 107.069070000080615, -6.601919999708041, 0.0 ], [ 107.069330000379423, -6.601890000123269, 0.0 ], [ 107.069580000216959, -6.601729999939412, 0.0 ], [ 107.06966999987074, -6.601640000285638, 0.0 ], [ 107.070229999615009, -6.601230000264149, 0.0 ], [ 107.070509999936775, -6.60103999959615, 0.0 ], [ 107.070750000212513, -6.600949999942376, 0.0 ], [ 107.071000000050148, -6.600869999850403, 0.0 ], [ 107.071129999749871, -6.600760000173658, 0.0 ], [ 107.071240000325886, -6.600579999966829, 0.0 ], [ 107.071399999610463, -6.600080000291566, 0.0 ], [ 107.07155000023252, -6.599880000061766, 0.0 ], [ 107.071909999746907, -6.599590000178193, 0.0 ], [ 107.072210000091644, -6.599380000386503, 0.0 ], [ 107.0723100002065, -6.59932999987948, 0.0 ], [ 107.072560000044135, -6.599269999810478, 0.0 ], [ 107.072889999973739, -6.599260000248677, 0.0 ], [ 107.072981068022045, -6.599309036682524, 0.0 ], [ 107.073150000272449, -6.599400000409474, 0.0 ], [ 107.073230000364418, -6.599470000040277, 0.0 ], [ 107.073299999995228, -6.599380000386503, 0.0 ], [ 107.073500000225025, -6.599260000248677, 0.0 ], [ 107.073719999578515, -6.599189999718504, 0.0 ], [ 107.073859999739398, -6.599069999580678, 0.0 ], [ 107.07399999990028, -6.598819999743046, 0.0 ], [ 107.074420000382858, -6.597879999562153, 0.0 ], [ 107.074539999621408, -6.597580000116778, 0.0 ], [ 107.074570000105638, -6.597410000371031, 0.0 ], [ 107.074499999575465, -6.597170000095289, 0.0 ], [ 107.074420000382858, -6.596729999589659, 0.0 ], [ 107.074369999875742, -6.59651999979797, 0.0 ], [ 107.074360000313945, -6.596459999729056, 0.0 ], [ 107.074900000035143, -6.595719999777963, 0.0 ], [ 107.075319999618443, -6.595440000355559, 0.0 ], [ 107.075539999871296, -6.595309999756562, 0.0 ], [ 107.075720000078121, -6.59526000014873, 0.0 ], [ 107.076159999684393, -6.59526000014873, 0.0 ], [ 107.076449999568055, -6.595320000217644, 0.0 ], [ 107.076749999912707, -6.595530000009333, 0.0 ], [ 107.076899999635401, -6.595619999663107, 0.0 ], [ 107.07738999974886, -6.595579999617165, 0.0 ], [ 107.077529999909743, -6.595579999617165, 0.0 ], [ 107.077639999586495, -6.59565000014716, 0.0 ], [ 107.077739999701436, -6.595810000331106, 0.0 ], [ 107.077799999770349, -6.595969999615683, 0.0 ], [ 107.078289999883722, -6.596009999661625, 0.0 ], [ 107.078470000090547, -6.596029999684596, 0.0 ], [ 107.078619999813327, -6.59610999977648, 0.0 ], [ 107.078710000366385, -6.596240000375566, 0.0 ], [ 107.078800000020152, -6.596379999637083, 0.0 ], [ 107.07890999969689, -6.596470000190227, 0.0 ], [ 107.079199999580467, -6.59651999979797, 0.0 ], [ 107.079459999879276, -6.596539999820941, 0.0 ], [ 107.079649999647899, -6.596599999889943, 0.0 ], [ 107.079800000269955, -6.596740000050829, 0.0 ], [ 107.07994999999265, -6.596980000326571, 0.0 ], [ 107.08005000010759, -6.597239999726092, 0.0 ], [ 107.080090000153533, -6.597330000279058, 0.0 ], [ 107.080179999807314, -6.597439999955892, 0.0 ], [ 107.080319999968196, -6.597529999609577, 0.0 ], [ 107.080580000266991, -6.597569999655608, 0.0 ], [ 107.081030000334422, -6.597470000440033, 0.0 ], [ 107.081570000055635, -6.597230000164203, 0.0 ], [ 107.08181999989327, -6.597110000026287, 0.0 ], [ 107.082080000192065, -6.597080000441515, 0.0 ], [ 107.08239999966041, -6.597130000049258, 0.0 ], [ 107.082579999867235, -6.59717999965709, 0.0 ], [ 107.08276000007416, -6.597150000072318, 0.0 ], [ 107.083330000279503, -6.596940000280629, 0.0 ], [ 107.083489999563994, -6.596900000234687, 0.0 ], [ 107.083600000140024, -6.596920000257658, 0.0 ], [ 107.083979999677453, -6.597279999772034, 0.0 ], [ 107.08413000029951, -6.597419999932832, 0.0 ], [ 107.084230000414365, -6.597439999955892, 0.0 ], [ 107.084389999698857, -6.59739000034806, 0.0 ], [ 107.084529999859825, -6.597270000210145, 0.0 ], [ 107.084580000366856, -6.596740000050829, 0.0 ], [ 107.084609999951709, -6.596339999591141, 0.0 ], [ 107.085019999973198, -6.59589000042299, 0.0 ], [ 107.085149999672922, -6.595770000285164, 0.0 ], [ 107.085559999694411, -6.595730000239133, 0.0 ], [ 107.08559610117932, -6.595730000239133, 0.0 ], [ 107.085829999555017, -6.595730000239133, 0.0 ], [ 107.086060000268958, -6.595659999709049, 0.0 ], [ 107.086189999968752, -6.595550000032304, 0.0 ], [ 107.086319999668476, -6.59524999968756, 0.0 ], [ 107.086640000036098, -6.594739999551127, 0.0 ], [ 107.086800000220052, -6.594369999575669, 0.0 ], [ 107.087190000218555, -6.593849999877435, 0.0 ], [ 107.087629999824827, -6.593290000133258, 0.0 ], [ 107.087760000423827, -6.593160000433542, 0.0 ], [ 107.08791999970839, -6.59308999990337, 0.0 ], [ 107.088110000376389, -6.593029999834457, 0.0 ], [ 107.088540000420863, -6.592630000274138, 0.0 ], [ 107.088708422755687, -6.5923343238698, 0.0 ], [ 107.088989999589003, -6.59183999981602, 0.0 ], [ 107.089160000234031, -6.591449999817502, 0.0 ], [ 107.089309999956726, -6.590979999727011, 0.0 ], [ 107.089459168705815, -6.590399026893436, 0.0 ], [ 107.089499999725348, -6.590239999776006, 0.0 ], [ 107.089499999725348, -6.589660000008859, 0.0 ], [ 107.089410000071581, -6.588909999596595, 0.0 ], [ 107.089280000371858, -6.588220000152702, 0.0 ], [ 107.089120000188004, -6.587609999901414, 0.0 ], [ 107.089029999634946, -6.586740000250604, 0.0 ], [ 107.08906000011909, -6.586109999976344, 0.0 ], [ 107.089129999749801, -6.585699999954855, 0.0 ], [ 107.08935999956455, -6.585280000371565, 0.0 ], [ 107.08953999977129, -6.584939999980879, 0.0 ], [ 107.08996999981585, -6.584420000282645, 0.0 ], [ 107.090150000022675, -6.584220000052845, 0.0 ], [ 107.09043000034444, -6.584059999868899, 0.0 ], [ 107.090950000042682, -6.583950000192242, 0.0 ], [ 107.091460000179026, -6.583780000446495, 0.0 ], [ 107.092830000404376, -6.583370000425006, 0.0 ], [ 107.093120000287954, -6.583310000356093, 0.0 ], [ 107.09320999994172, -6.583290000333122, 0.0 ], [ 107.094040000445872, -6.583099999665123, 0.0 ], [ 107.0941328176756, -6.583056553417101, 0.0 ], [ 107.094509999636998, -6.582880000311633, 0.0 ], [ 107.094820000442823, -6.582760000173717, 0.0 ], [ 107.09519000041837, -6.582940000380546, 0.0 ], [ 107.095300000095108, -6.58301999957315, 0.0 ], [ 107.095509999886801, -6.583139999711065, 0.0 ], [ 107.095677421276179, -6.583226411069845, 0.0 ], [ 107.095819999793349, -6.583299999894923, 0.0 ], [ 107.096089999653941, -6.583370000425006, 0.0 ], [ 107.09634999995275, -6.583359999963836, 0.0 ], [ 107.096750000412356, -6.583290000333122, 0.0 ], [ 107.096949999742861, -6.583190000218178, 0.0 ], [ 107.097129999949701, -6.58303999959621, 0.0 ], [ 107.097450000317409, -6.582609999551661, 0.0 ], [ 107.09769666007297, -6.582236486824247, 0.0 ], [ 107.097800000269984, -6.582080000291626, 0.0 ], [ 107.097999999600418, -6.581860000038855, 0.0 ], [ 107.098199999830314, -6.581770000385081, 0.0 ], [ 107.098489999713877, -6.581699999854909, 0.0 ], [ 107.098689999943673, -6.58173000033905, 0.0 ], [ 107.098919999758337, -6.581819999992824, 0.0 ], [ 107.099099999965176, -6.581860000038855, 0.0 ], [ 107.099289999733884, -6.581840000015795, 0.0 ], [ 107.09969000019349, -6.581759999923911, 0.0 ], [ 107.099899999985183, -6.581829999554625, 0.0 ], [ 107.099229999664971, -6.581209999741535, 0.0 ], [ 107.099149999573001, -6.578849999727545, 0.0 ], [ 107.099189999618943, -6.578760000073771, 0.0 ], [ 107.099369999825768, -6.578390000098224, 0.0 ], [ 107.09969000019349, -6.577929999569712, 0.0 ], [ 107.100269999960716, -6.577200000079788, 0.0 ], [ 107.100519999798351, -6.577019999872959, 0.0 ], [ 107.100780000097075, -6.576910000196126, 0.0 ], [ 107.101410000371416, -6.576779999597129, 0.0 ], [ 107.101959999654426, -6.576589999828499, 0.0 ], [ 107.102500000275001, -6.576319999967808, 0.0 ], [ 107.102870000250547, -6.576170000245121, 0.0 ], [ 107.103069999580981, -6.576159999784039, 0.0 ], [ 107.103530000109572, -6.576219999852952, 0.0 ], [ 107.103849999578017, -6.576230000314123, 0.0 ], [ 107.104149999922754, -6.57617999980701, 0.0 ], [ 107.104550000382446, -6.576039999646124, 0.0 ], [ 107.105032965998745, -6.575865595920352, 0.0 ], [ 107.10544338780231, -6.575717387647142, 0.0 ], [ 107.105629999824856, -6.575649999647606, 0.0 ], [ 107.106329999729923, -6.575550000432031, 0.0 ], [ 107.106879999912195, -6.575550000432031, 0.0 ], [ 107.108259999699357, -6.575629999624635, 0.0 ], [ 107.10907999974242, -6.575600000039774, 0.0 ], [ 107.109439212349997, -6.575635920761016, 0.0 ], [ 107.109480000202026, -6.575640000085805, 0.0 ], [ 107.109779999647486, -6.57572999973949, 0.0 ], [ 107.110129999599977, -6.575889999923348, 0.0 ], [ 107.110161191685862, -6.575910232870754, 0.0 ], [ 107.110499999575524, -6.576130000199178, 0.0 ], [ 107.111189999918693, -6.576600000289581, 0.0 ], [ 107.111399999710386, -6.576649999897413, 0.0 ], [ 107.111610000401356, -6.576620000312641, 0.0 ], [ 107.111729999639891, -6.576560000243639, 0.0 ], [ 107.11174000010115, -6.576469999690584, 0.0 ], [ 107.111669999570978, -6.576310000406007, 0.0 ], [ 107.111490000263444, -6.575909999946319, 0.0 ], [ 107.111510000286415, -6.57576000022372, 0.0 ], [ 107.111599999940182, -6.575510000386, 0.0 ], [ 107.111809999731875, -6.575199999580175, 0.0 ], [ 107.112000000399874, -6.575069999880458, 0.0 ], [ 107.112339999891276, -6.574909999696601, 0.0 ], [ 107.112469999590985, -6.574809999581657, 0.0 ], [ 107.112959999704373, -6.574750000412024, 0.0 ], [ 107.113710000116626, -6.574659999858969, 0.0 ], [ 107.114730000389414, -6.574550000182224, 0.0 ], [ 107.115909999946766, -6.574369999975396, 0.0 ], [ 107.117140000011148, -6.574209999791449, 0.0 ], [ 107.118299111914666, -6.574112152653591, 0.0 ], [ 107.118679999982149, -6.574080000091822, 0.0 ], [ 107.11941000037136, -6.575160000433513, 0.0 ], [ 107.119860000438877, -6.575869999900377, 0.0 ], [ 107.120259999999192, -6.576649999897413, 0.0 ], [ 107.120391999791181, -6.57696138475993, 0.0 ], [ 107.12064999999771, -6.577570000055246, 0.0 ], [ 107.120779393554386, -6.577985422988721, 0.0 ], [ 107.120839999766346, -6.578180000306624, 0.0 ], [ 107.120959999904258, -6.578909999796547, 0.0 ], [ 107.120998871301026, -6.579076592010971, 0.0 ], [ 107.121169999695866, -6.57980999993141, 0.0 ], [ 107.121570000155543, -6.580759999674015, 0.0 ], [ 107.121960000154061, -6.58153000010925, 0.0 ], [ 107.12232095474846, -6.582251911096684, 0.0 ], [ 107.122330000129608, -6.582270000060344, 0.0 ], [ 107.122559999944187, -6.582820000242631, 0.0 ], [ 107.122720000128041, -6.583210000241149, 0.0 ], [ 107.122749999712909, -6.583520000147693, 0.0 ], [ 107.122809999781822, -6.584130000399071, 0.0 ], [ 107.122831271446245, -6.584363983310961, 0.0 ], [ 107.122840000265953, -6.584460000328587, 0.0 ], [ 107.12309999966547, -6.584859999888906, 0.0 ], [ 107.1236299998248, -6.585249999887424, 0.0 ], [ 107.123742480731067, -6.585325547435907, 0.0 ], [ 107.124300000145084, -6.585699999954855, 0.0 ], [ 107.124890000373398, -6.586049999907431, 0.0 ], [ 107.12500000005015, -6.586120000437514, 0.0 ], [ 107.12508000014212, -6.586170000045257, 0.0 ], [ 107.125269999910756, -6.586219999653089, 0.0 ], [ 107.125479999702435, -6.586190000068317, 0.0 ], [ 107.125639999886204, -6.586009999861488, 0.0 ], [ 107.125760000024215, -6.585980000276628, 0.0 ], [ 107.12594000023104, -6.586000000299599, 0.0 ], [ 107.12615999958453, -6.586100000414543, 0.0 ], [ 107.126740000251047, -6.586430000344059, 0.0 ], [ 107.127039999696422, -6.586600000089806, 0.0 ], [ 107.127440000156113, -6.58688999997338, 0.0 ], [ 107.127959999854255, -6.58730999955667, 0.0 ], [ 107.128309999806831, -6.587660000408526, 0.0 ], [ 107.128460000428888, -6.587879999762016, 0.0 ], [ 107.128539999621495, -6.58816999964559, 0.0 ], [ 107.12863999973635, -6.588360000313589, 0.0 ], [ 107.128900000035145, -6.588699999804994, 0.0 ], [ 107.129180000356925, -6.589060000218652, 0.0 ], [ 107.129290000033663, -6.589330000079254, 0.0 ], [ 107.129350000102576, -6.589660000008859, 0.0 ], [ 107.129419999733386, -6.590029999984317, 0.0 ], [ 107.129559999894269, -6.590130000099261, 0.0 ], [ 107.129849999777846, -6.590339999890951, 0.0 ], [ 107.130099999615481, -6.590589999728493, 0.0 ], [ 107.130239999776364, -6.590600000189664, 0.0 ], [ 107.130390000398421, -6.590569999705522, 0.0 ], [ 107.130540000121101, -6.590449999567696, 0.0 ], [ 107.130950000142505, -6.590050000007377, 0.0 ], [ 107.131070000280516, -6.589889999823431, 0.0 ], [ 107.131139999911227, -6.589689999593631, 0.0 ], [ 107.131229999564994, -6.589570000355085, 0.0 ], [ 107.131389999748848, -6.589459999779059, 0.0 ], [ 107.131549999932716, -6.589430000194199, 0.0 ], [ 107.13177999974738, -6.589459999779059, 0.0 ], [ 107.131979999977176, -6.589539999870944, 0.0 ], [ 107.132169999745884, -6.589619999962828, 0.0 ], [ 107.132280000321913, -6.589570000355085, 0.0 ], [ 107.132410000021636, -6.58945000021717, 0.0 ], [ 107.132459999629461, -6.589319999618084, 0.0 ], [ 107.132430000044607, -6.589220000402509, 0.0 ], [ 107.132399999560462, -6.589100000264594, 0.0 ], [ 107.132479999652432, -6.58904999975757, 0.0 ], [ 107.132599999790358, -6.58902999973451, 0.0 ], [ 107.132750000412415, -6.589080000241623, 0.0 ], [ 107.132989999788862, -6.589129999849455, 0.0 ], [ 107.133250000087671, -6.589180000356567, 0.0 ], [ 107.133559999994219, -6.58924000042548, 0.0 ], [ 107.133853163692692, -6.589301719098941, 0.0 ], [ 107.13394000043084, -6.589319999618084, 0.0 ], [ 107.134239999876314, -6.589410000171227, 0.0 ], [ 107.134640000335907, -6.589530000309054, 0.0 ] ] ] ] } },
{ "type": "Feature", "properties": { "PROVNO": "32", "KABKOTNO": "01", "KECNO": "161", "DESANO": "010", "PROVINSI": "JAWA BARAT", "KABKOT": "BOGOR", "KECAMATAN": "TANJUNGSARI", "ID2013": "3201161010", "DESA": "SELAWANGI", "DESA_1": "SELAWANGI", "ID2012": "3201161010", "IDKAB2": "3201", "IDKEC_2": "3201161", "WILAYAH": "TIMUR" }, "geometry": { "type": "MultiPolygon", "coordinates": [ [ [ [ 107.122279999622407, -6.561720000277607, 0.0 ], [ 107.122339999691405, -6.562309999606644, 0.0 ], [ 107.121900000085148, -6.562469999790501, 0.0 ], [ 107.121519999648427, -6.562770000135245, 0.0 ], [ 107.121160000134054, -6.563140000110792, 0.0 ], [ 107.120640000435827, -6.563860000038826, 0.0 ], [ 107.120389999698915, -6.5641499999224, 0.0 ], [ 107.119150000072636, -6.564430000244172, 0.0 ], [ 107.117929999569981, -6.564519999897946, 0.0 ], [ 107.117610000101635, -6.56457999996686, 0.0 ], [ 107.117180000057175, -6.564860000288633, 0.0 ], [ 107.116929791576837, -6.565071715087392, 0.0 ], [ 107.116529999759848, -6.565409999571639, 0.0 ], [ 107.115869999900724, -6.56605999986887, 0.0 ], [ 107.115584322158909, -6.566408526731973, 0.0 ], [ 107.115370000225468, -6.566670000120247, 0.0 ], [ 107.11506000031892, -6.567109999726508, 0.0 ], [ 107.114779999997154, -6.567650000347083, 0.0 ], [ 107.114814996215244, -6.567747211664301, 0.0 ], [ 107.114869999650921, -6.567900000184714, 0.0 ], [ 107.115069999880717, -6.568210000091259, 0.0 ], [ 107.115310000156555, -6.568499999974833, 0.0 ], [ 107.115640000086074, -6.568919999558123, 0.0 ], [ 107.115841140656315, -6.569250764810732, 0.0 ], [ 107.116090000153591, -6.569660000408497, 0.0 ], [ 107.116199999830343, -6.569919999808018, 0.0 ], [ 107.116230000314388, -6.570039999945934, 0.0 ], [ 107.116360000014112, -6.570420000382562, 0.0 ], [ 107.116520000198051, -6.570539999621108, 0.0 ], [ 107.116870000150627, -6.570679999781994, 0.0 ], [ 107.117309999756884, -6.571350000102285, 0.0 ], [ 107.117810000331431, -6.572150000122203, 0.0 ], [ 107.11812000023798, -6.572859999589156, 0.0 ], [ 107.118310000006687, -6.573449999817473, 0.0 ], [ 107.118679999982149, -6.574080000091822, 0.0 ], [ 107.118299111914666, -6.574112152653591, 0.0 ], [ 107.117140000011148, -6.574209999791449, 0.0 ], [ 107.115909999946766, -6.574369999975396, 0.0 ], [ 107.114730000389414, -6.574550000182224, 0.0 ], [ 107.113710000116626, -6.574659999858969, 0.0 ], [ 107.112959999704373, -6.574750000412024, 0.0 ], [ 107.112469999590985, -6.574809999581657, 0.0 ], [ 107.112339999891276, -6.574909999696601, 0.0 ], [ 107.112000000399874, -6.575069999880458, 0.0 ], [ 107.111809999731875, -6.575199999580175, 0.0 ], [ 107.111599999940182, -6.575510000386, 0.0 ], [ 107.111510000286415, -6.57576000022372, 0.0 ], [ 107.111490000263444, -6.575909999946319, 0.0 ], [ 107.111669999570978, -6.576310000406007, 0.0 ], [ 107.11174000010115, -6.576469999690584, 0.0 ], [ 107.111729999639891, -6.576560000243639, 0.0 ], [ 107.111610000401356, -6.576620000312641, 0.0 ], [ 107.111399999710386, -6.576649999897413, 0.0 ], [ 107.111189999918693, -6.576600000289581, 0.0 ], [ 107.110499999575524, -6.576130000199178, 0.0 ], [ 107.110161191685862, -6.575910232870754, 0.0 ], [ 107.110129999599977, -6.575889999923348, 0.0 ], [ 107.109779999647486, -6.57572999973949, 0.0 ], [ 107.109480000202026, -6.575640000085805, 0.0 ], [ 107.109439212349997, -6.575635920761016, 0.0 ], [ 107.10907999974242, -6.575600000039774, 0.0 ], [ 107.108259999699357, -6.575629999624635, 0.0 ], [ 107.106879999912195, -6.575550000432031, 0.0 ], [ 107.106329999729923, -6.575550000432031, 0.0 ], [ 107.105629999824856, -6.575649999647606, 0.0 ], [ 107.10544338780231, -6.575717387647142, 0.0 ], [ 107.105032965998745, -6.575865595920352, 0.0 ], [ 107.104550000382446, -6.576039999646124, 0.0 ], [ 107.104149999922754, -6.57617999980701, 0.0 ], [ 107.103849999578017, -6.576230000314123, 0.0 ], [ 107.103530000109572, -6.576219999852952, 0.0 ], [ 107.103069999580981, -6.576159999784039, 0.0 ], [ 107.102870000250547, -6.576170000245121, 0.0 ], [ 107.102500000275001, -6.576319999967808, 0.0 ], [ 107.101959999654426, -6.576589999828499, 0.0 ], [ 107.101410000371416, -6.576779999597129, 0.0 ], [ 107.100780000097075, -6.576910000196126, 0.0 ], [ 107.100519999798351, -6.577019999872959, 0.0 ], [ 107.100269999960716, -6.577200000079788, 0.0 ], [ 107.09969000019349, -6.577929999569712, 0.0 ], [ 107.099369999825768, -6.578390000098224, 0.0 ], [ 107.099189999618943, -6.578760000073771, 0.0 ], [ 107.099149999573001, -6.578849999727545, 0.0 ], [ 107.099229999664971, -6.581209999741535, 0.0 ], [ 107.099899999985183, -6.581829999554625, 0.0 ], [ 107.09969000019349, -6.581759999923911, 0.0 ], [ 107.099289999733884, -6.581840000015795, 0.0 ], [ 107.099099999965176, -6.581860000038855, 0.0 ], [ 107.098919999758337, -6.581819999992824, 0.0 ], [ 107.098689999943673, -6.58173000033905, 0.0 ], [ 107.098489999713877, -6.581699999854909, 0.0 ], [ 107.098199999830314, -6.581770000385081, 0.0 ], [ 107.097999999600418, -6.581860000038855, 0.0 ], [ 107.097800000269984, -6.582080000291626, 0.0 ], [ 107.09769666007297, -6.582236486824247, 0.0 ], [ 107.097450000317409, -6.582609999551661, 0.0 ], [ 107.097129999949701, -6.58303999959621, 0.0 ], [ 107.096949999742861, -6.583190000218178, 0.0 ], [ 107.096750000412356, -6.583290000333122, 0.0 ], [ 107.09634999995275, -6.583359999963836, 0.0 ], [ 107.096089999653941, -6.583370000425006, 0.0 ], [ 107.095819999793349, -6.583299999894923, 0.0 ], [ 107.095677421276179, -6.583226411069845, 0.0 ], [ 107.095509999886801, -6.583139999711065, 0.0 ], [ 107.095300000095108, -6.58301999957315, 0.0 ], [ 107.09519000041837, -6.582940000380546, 0.0 ], [ 107.094820000442823, -6.582760000173717, 0.0 ], [ 107.094509999636998, -6.582880000311633, 0.0 ], [ 107.0941328176756, -6.583056553417101, 0.0 ], [ 107.094040000445872, -6.583099999665123, 0.0 ], [ 107.09320999994172, -6.583290000333122, 0.0 ], [ 107.093120000287954, -6.583310000356093, 0.0 ], [ 107.092830000404376, -6.583370000425006, 0.0 ], [ 107.091460000179026, -6.583780000446495, 0.0 ], [ 107.090950000042682, -6.583950000192242, 0.0 ], [ 107.09043000034444, -6.584059999868899, 0.0 ], [ 107.090150000022675, -6.584220000052845, 0.0 ], [ 107.08996999981585, -6.584420000282645, 0.0 ], [ 107.08953999977129, -6.584939999980879, 0.0 ], [ 107.08935999956455, -6.585280000371565, 0.0 ], [ 107.089129999749801, -6.585699999954855, 0.0 ], [ 107.08906000011909, -6.586109999976344, 0.0 ], [ 107.089029999634946, -6.586740000250604, 0.0 ], [ 107.089120000188004, -6.587609999901414, 0.0 ], [ 107.089280000371858, -6.588220000152702, 0.0 ], [ 107.089410000071581, -6.588909999596595, 0.0 ], [ 107.089499999725348, -6.589660000008859, 0.0 ], [ 107.089499999725348, -6.590239999776006, 0.0 ], [ 107.089459168705815, -6.590399026893436, 0.0 ], [ 107.089309999956726, -6.590979999727011, 0.0 ], [ 107.089160000234031, -6.591449999817502, 0.0 ], [ 107.088989999589003, -6.59183999981602, 0.0 ], [ 107.088708422755687, -6.5923343238698, 0.0 ], [ 107.088540000420863, -6.592630000274138, 0.0 ], [ 107.088110000376389, -6.593029999834457, 0.0 ], [ 107.08791999970839, -6.59308999990337, 0.0 ], [ 107.087760000423827, -6.593160000433542, 0.0 ], [ 107.087629999824827, -6.593290000133258, 0.0 ], [ 107.087190000218555, -6.593849999877435, 0.0 ], [ 107.086800000220052, -6.594369999575669, 0.0 ], [ 107.086640000036098, -6.594739999551127, 0.0 ], [ 107.086319999668476, -6.59524999968756, 0.0 ], [ 107.086189999968752, -6.595550000032304, 0.0 ], [ 107.086060000268958, -6.595659999709049, 0.0 ], [ 107.085829999555017, -6.595730000239133, 0.0 ], [ 107.08559610117932, -6.595730000239133, 0.0 ], [ 107.085559999694411, -6.595730000239133, 0.0 ], [ 107.085149999672922, -6.595770000285164, 0.0 ], [ 107.085019999973198, -6.59589000042299, 0.0 ], [ 107.084609999951709, -6.596339999591141, 0.0 ], [ 107.084580000366856, -6.596740000050829, 0.0 ], [ 107.084529999859825, -6.597270000210145, 0.0 ], [ 107.084389999698857, -6.59739000034806, 0.0 ], [ 107.084230000414365, -6.597439999955892, 0.0 ], [ 107.08413000029951, -6.597419999932832, 0.0 ], [ 107.083979999677453, -6.597279999772034, 0.0 ], [ 107.083600000140024, -6.596920000257658, 0.0 ], [ 107.083489999563994, -6.596900000234687, 0.0 ], [ 107.083330000279503, -6.596940000280629, 0.0 ], [ 107.08276000007416, -6.597150000072318, 0.0 ], [ 107.082579999867235, -6.59717999965709, 0.0 ], [ 107.08239999966041, -6.597130000049258, 0.0 ], [ 107.082080000192065, -6.597080000441515, 0.0 ], [ 107.08181999989327, -6.597110000026287, 0.0 ], [ 107.081570000055635, -6.597230000164203, 0.0 ], [ 107.081030000334422, -6.597470000440033, 0.0 ], [ 107.080580000266991, -6.597569999655608, 0.0 ], [ 107.080319999968196, -6.597529999609577, 0.0 ], [ 107.080179999807314, -6.597439999955892, 0.0 ], [ 107.080090000153533, -6.597330000279058, 0.0 ], [ 107.08005000010759, -6.597239999726092, 0.0 ], [ 107.07994999999265, -6.596980000326571, 0.0 ], [ 107.079800000269955, -6.596740000050829, 0.0 ], [ 107.079649999647899, -6.596599999889943, 0.0 ], [ 107.079459999879276, -6.596539999820941, 0.0 ], [ 107.079199999580467, -6.59651999979797, 0.0 ], [ 107.07890999969689, -6.596470000190227, 0.0 ], [ 107.078800000020152, -6.596379999637083, 0.0 ], [ 107.078710000366385, -6.596240000375566, 0.0 ], [ 107.078619999813327, -6.59610999977648, 0.0 ], [ 107.078470000090547, -6.596029999684596, 0.0 ], [ 107.078289999883722, -6.596009999661625, 0.0 ], [ 107.077799999770349, -6.595969999615683, 0.0 ], [ 107.077739999701436, -6.595810000331106, 0.0 ], [ 107.077639999586495, -6.59565000014716, 0.0 ], [ 107.077529999909743, -6.595579999617165, 0.0 ], [ 107.07738999974886, -6.595579999617165, 0.0 ], [ 107.076899999635401, -6.595619999663107, 0.0 ], [ 107.076749999912707, -6.595530000009333, 0.0 ], [ 107.076449999568055, -6.595320000217644, 0.0 ], [ 107.076159999684393, -6.59526000014873, 0.0 ], [ 107.075720000078121, -6.59526000014873, 0.0 ], [ 107.075539999871296, -6.595309999756562, 0.0 ], [ 107.075319999618443, -6.595440000355559, 0.0 ], [ 107.074900000035143, -6.595719999777963, 0.0 ], [ 107.074360000313945, -6.596459999729056, 0.0 ], [ 107.074369999875742, -6.59651999979797, 0.0 ], [ 107.074420000382858, -6.596729999589659, 0.0 ], [ 107.074499999575465, -6.597170000095289, 0.0 ], [ 107.074570000105638, -6.597410000371031, 0.0 ], [ 107.074539999621408, -6.597580000116778, 0.0 ], [ 107.074420000382858, -6.597879999562153, 0.0 ], [ 107.07399999990028, -6.598819999743046, 0.0 ], [ 107.073859999739398, -6.599069999580678, 0.0 ], [ 107.073719999578515, -6.599189999718504, 0.0 ], [ 107.073500000225025, -6.599260000248677, 0.0 ], [ 107.073299999995228, -6.599380000386503, 0.0 ], [ 107.073230000364418, -6.599470000040277, 0.0 ], [ 107.073150000272449, -6.599400000409474, 0.0 ], [ 107.072981068022045, -6.599309036682524, 0.0 ], [ 107.072889999973739, -6.599260000248677, 0.0 ], [ 107.072560000044135, -6.599269999810478, 0.0 ], [ 107.0723100002065, -6.59932999987948, 0.0 ], [ 107.072210000091644, -6.599380000386503, 0.0 ], [ 107.071909999746907, -6.599590000178193, 0.0 ], [ 107.07155000023252, -6.599880000061766, 0.0 ], [ 107.071399999610463, -6.600080000291566, 0.0 ], [ 107.071240000325886, -6.600579999966829, 0.0 ], [ 107.071129999749871, -6.600760000173658, 0.0 ], [ 107.071000000050148, -6.600869999850403, 0.0 ], [ 107.070750000212513, -6.600949999942376, 0.0 ], [ 107.070509999936775, -6.60103999959615, 0.0 ], [ 107.070229999615009, -6.601230000264149, 0.0 ], [ 107.06966999987074, -6.601640000285638, 0.0 ], [ 107.069580000216959, -6.601729999939412, 0.0 ], [ 107.069330000379423, -6.601890000123269, 0.0 ], [ 107.069070000080615, -6.601919999708041, 0.0 ], [ 107.068680000082097, -6.601890000123269, 0.0 ], [ 107.067969999715871, -6.601720000377522, 0.0 ], [ 107.067490000063657, -6.601740000400493, 0.0 ], [ 107.067340000340891, -6.601749999962383, 0.0 ], [ 107.067249999787833, -6.601760000423464, 0.0 ], [ 107.06667999958249, -6.601740000400493, 0.0 ], [ 107.066300000045146, -6.601749999962383, 0.0 ], [ 107.065990000138598, -6.601850000077238, 0.0 ], [ 107.065729999839789, -6.602019999822986, 0.0 ], [ 107.065359999864242, -6.602240000075756, 0.0 ], [ 107.064729999589986, -6.602579999567162, 0.0 ], [ 107.064579999867206, -6.60277999979705, 0.0 ], [ 107.06404999970789, -6.601890000123269, 0.0 ], [ 107.063884073891074, -6.601583396956059, 0.0 ], [ 107.064012818137186, -6.601525048941728, 0.0 ], [ 107.062931174734075, -6.599930780281085, 0.0 ], [ 107.062587240708723, -6.599423843235588, 0.0 ], [ 107.061395194732569, -6.597666836854934, 0.0 ], [ 107.061393191942457, -6.597667961007438, 0.0 ], [ 107.060796203981795, -6.598002853248932, 0.0 ], [ 107.060582466607769, -6.597823794632198, 0.0 ], [ 107.061370232250539, -6.597623392405474, 0.0 ], [ 107.061250000087639, -6.59739000034806, 0.0 ], [ 107.061190000018641, -6.59719000011826, 0.0 ], [ 107.061849999877765, -6.596860000188745, 0.0 ], [ 107.062210000291415, -6.59674999961263, 0.0 ], [ 107.062549999782817, -6.596670000420026, 0.0 ], [ 107.062779999597481, -6.596570000305082, 0.0 ], [ 107.062999999850263, -6.596410000121224, 0.0 ], [ 107.063460000378853, -6.595550000032304, 0.0 ], [ 107.063710000216489, -6.594990000288128, 0.0 ], [ 107.063850000377371, -6.594620000312581, 0.0 ], [ 107.064528188125564, -6.593422161803133, 0.0 ], [ 107.064619999913248, -6.593259999649117, 0.0 ], [ 107.064720000028188, -6.593049999857428, 0.0 ], [ 107.06474000005116, -6.592820000042856, 0.0 ], [ 107.064749999612957, -6.592630000274138, 0.0 ], [ 107.064809999681955, -6.59247000009028, 0.0 ], [ 107.065020000372925, -6.59224000027562, 0.0 ], [ 107.065219999703359, -6.592089999653563, 0.0 ], [ 107.0654500004173, -6.591990000437988, 0.0 ], [ 107.065589999678906, -6.591939999930876, 0.0 ], [ 107.065660000208993, -6.591910000346104, 0.0 ], [ 107.06588763120935, -6.591706215769069, 0.0 ], [ 107.066710000066621, -6.590970000165211, 0.0 ], [ 107.067060000019211, -6.590629999774524, 0.0 ], [ 107.067200000180009, -6.590440000005895, 0.0 ], [ 107.067309999856747, -6.590040000445487, 0.0 ], [ 107.067340000340891, -6.589709999616602, 0.0 ], [ 107.06732000031792, -6.589370000125285, 0.0 ], [ 107.06755000013257, -6.588690000243194, 0.0 ], [ 107.067739999901207, -6.588200000129731, 0.0 ], [ 107.067869999601015, -6.587930000269129, 0.0 ], [ 107.067989999738842, -6.587790000108242, 0.0 ], [ 107.068740000151109, -6.587509999786469, 0.0 ], [ 107.068969999965674, -6.587420000132695, 0.0 ], [ 107.069130000149613, -6.587279999971898, 0.0 ], [ 107.069330000379423, -6.586979999627154, 0.0 ], [ 107.069509999686886, -6.586649999697549, 0.0 ], [ 107.069640000285972, -6.586490000413061, 0.0 ], [ 107.069919999708461, -6.586330000229204, 0.0 ], [ 107.070110000376459, -6.586230000114259, 0.0 ], [ 107.070240000076083, -6.586080000391483, 0.0 ], [ 107.070360000213995, -6.5858099996316, 0.0 ], [ 107.070371364946709, -6.585739918162528, 0.0 ], [ 107.070420000283008, -6.585439999656142, 0.0 ], [ 107.070289999683922, -6.584859999888906, 0.0 ], [ 107.070229999615009, -6.584630000074334, 0.0 ], [ 107.07024999963798, -6.584469999890388, 0.0 ], [ 107.070480000351921, -6.58409000035304, 0.0 ], [ 107.070670000120543, -6.583769999985325, 0.0 ], [ 107.070830000304483, -6.583310000356093, 0.0 ], [ 107.070930000419338, -6.58259000042797, 0.0 ], [ 107.070989999588974, -6.582120000337568, 0.0 ], [ 107.07108999970383, -6.581799999969853, 0.0 ], [ 107.071338703618451, -6.581389348839153, 0.0 ], [ 107.071382756908889, -6.581316610772827, 0.0 ], [ 107.071519999748375, -6.58108999960362, 0.0 ], [ 107.071949999792849, -6.580429999744499, 0.0 ], [ 107.072350000252442, -6.579439999955863, 0.0 ], [ 107.072439999906209, -6.579239999726063, 0.0 ], [ 107.072729999789786, -6.57896999986546, 0.0 ], [ 107.072930000019682, -6.578800000119802, 0.0 ], [ 107.07302058962874, -6.578682765397161, 0.0 ], [ 107.073099999765333, -6.578579999866943, 0.0 ], [ 107.073279999972257, -6.577929999569712, 0.0 ], [ 107.073489999763851, -6.577509999986333, 0.0 ], [ 107.073649999947719, -6.577220000102759, 0.0 ], [ 107.073759999624457, -6.576870000150183, 0.0 ], [ 107.073850000177515, -6.576569999805528, 0.0 ], [ 107.074389999898713, -6.575860000338576, 0.0 ], [ 107.074679999782376, -6.575470000340058, 0.0 ], [ 107.074980000127127, -6.574579999766996, 0.0 ], [ 107.07508999980378, -6.574280000321622, 0.0 ], [ 107.075209999941691, -6.574089999653623, 0.0 ], [ 107.075359999664471, -6.573970000415077, 0.0 ], [ 107.075510000286442, -6.573919999907876, 0.0 ], [ 107.07570000005515, -6.573950000392017, 0.0 ], [ 107.076020000422872, -6.574049999607592, 0.0 ], [ 107.076259999799333, -6.574069999630652, 0.0 ], [ 107.076449999568055, -6.574040000045791, 0.0 ], [ 107.076580000167041, -6.573950000392017, 0.0 ], [ 107.076760000373881, -6.573710000116275, 0.0 ], [ 107.07689000007359, -6.573349999702529, 0.0 ], [ 107.076999999750342, -6.572919999658069, 0.0 ], [ 107.077110000326456, -6.572689999843497, 0.0 ], [ 107.077480000301904, -6.572250000237148, 0.0 ], [ 107.077670000070626, -6.572040000445458, 0.0 ], [ 107.077770000185481, -6.571829999754488, 0.0 ], [ 107.077799999770349, -6.571630000424058, 0.0 ], [ 107.077730000139539, -6.571339999641115, 0.0 ], [ 107.077619999563524, -6.571060000218623, 0.0 ], [ 107.077589999978656, -6.57081000038108, 0.0 ], [ 107.077640690265824, -6.57050585775897, 0.0 ], [ 107.077659999609466, -6.570389999898421, 0.0 ], [ 107.07800000000023, -6.569589999878414, 0.0 ], [ 107.078129999699954, -6.569210000341066, 0.0 ], [ 107.078289999883722, -6.568720000227604, 0.0 ], [ 107.078470000090547, -6.568190000068288, 0.0 ], [ 107.078690000343414, -6.567630000324112, 0.0 ], [ 107.079000000250034, -6.566469999890447, 0.0 ], [ 107.079740000201042, -6.566529999959361, 0.0 ], [ 107.080720000427874, -6.566540000420531, 0.0 ], [ 107.081639999686345, -6.566529999959361, 0.0 ], [ 107.082510000236525, -6.566529999959361, 0.0 ], [ 107.083219999703388, -6.56650999993639, 0.0 ], [ 107.083990000138527, -6.566389999798474, 0.0 ], [ 107.085840000016177, -6.566099999914901, 0.0 ], [ 107.086889999873819, -6.565839999616099, 0.0 ], [ 107.087950000192535, -6.565549999732525, 0.0 ], [ 107.088879999912265, -6.565250000287151, 0.0 ], [ 107.089650000347405, -6.564969999965378, 0.0 ], [ 107.089889999723866, -6.564969999965378, 0.0 ], [ 107.089989999838821, -6.564929999919435, 0.0 ], [ 107.090359999814353, -6.564680000081715, 0.0 ], [ 107.09105999971942, -6.564080000291597, 0.0 ], [ 107.091669999970719, -6.563439999556167, 0.0 ], [ 107.092249999737859, -6.562799999720017, 0.0 ], [ 107.093172875927635, -6.561933055965632, 0.0 ], [ 107.093240000425865, -6.561870000000383, 0.0 ], [ 107.093599999940238, -6.561549999632668, 0.0 ], [ 107.094379999937274, -6.561080000441546, 0.0 ], [ 107.094769999935707, -6.560840000165715, 0.0 ], [ 107.094939999681372, -6.560749999612661, 0.0 ], [ 107.095309999656905, -6.560510000236111, 0.0 ], [ 107.095380000187077, -6.560490000213139, 0.0 ], [ 107.095440000255991, -6.560470000190168, 0.0 ], [ 107.095610000001656, -6.560439999706027, 0.0 ], [ 107.095799999770378, -6.560479999752058, 0.0 ], [ 107.096289999883751, -6.560679999981858, 0.0 ], [ 107.096710187425401, -6.560933697831697, 0.0 ], [ 107.096820000043152, -6.561000000349573, 0.0 ], [ 107.097009999811775, -6.560969999865431, 0.0 ], [ 107.09707465926833, -6.560941980587778, 0.0 ], [ 107.097310000156526, -6.560840000165715, 0.0 ], [ 107.097669999670899, -6.560630000374026, 0.0 ], [ 107.097809999831782, -6.560470000190168, 0.0 ], [ 107.097940000430867, -6.560180000306595, 0.0 ], [ 107.098170000245446, -6.55963999968602, 0.0 ], [ 107.098349999552994, -6.559469999940362, 0.0 ], [ 107.098529999759904, -6.559380000286676, 0.0 ], [ 107.098709999966644, -6.559369999825506, 0.0 ], [ 107.09891000019654, -6.55944000035559, 0.0 ], [ 107.099099999965176, -6.559599999640078, 0.0 ], [ 107.099920000008154, -6.560269999960369, 0.0 ], [ 107.100149999822804, -6.56028999998334, 0.0 ], [ 107.100379999637468, -6.560249999937398, 0.0 ], [ 107.100659999959149, -6.560140000260652, 0.0 ], [ 107.101072348110591, -6.559963278981975, 0.0 ], [ 107.101150000072607, -6.559929999569682, 0.0 ], [ 107.101480000002226, -6.559839999915908, 0.0 ], [ 107.102380000137089, -6.559469999940362, 0.0 ], [ 107.102919999858287, -6.559240000125701, 0.0 ], [ 107.103249999787806, -6.559169999595706, 0.0 ], [ 107.103530000109572, -6.559180000056788, 0.0 ], [ 107.10377000038541, -6.559260000148761, 0.0 ], [ 107.104080000291958, -6.559409999871448, 0.0 ], [ 107.104330000129579, -6.559520000447474, 0.0 ], [ 107.104559999944243, -6.559539999571165, 0.0 ], [ 107.105259999849309, -6.559559999594136, 0.0 ], [ 107.105577711442336, -6.5596716279431, 0.0 ], [ 107.105629999824856, -6.559690000193221, 0.0 ], [ 107.106090000353362, -6.55987000040005, 0.0 ], [ 107.106360000213968, -6.559890000423021, 0.0 ], [ 107.106910000396425, -6.559929999569682, 0.0 ], [ 107.107120000188033, -6.560020000122737, 0.0 ], [ 107.107379999587465, -6.560240000375508, 0.0 ], [ 107.107579999817261, -6.560470000190168, 0.0 ], [ 107.107789999608954, -6.560659999958887, 0.0 ], [ 107.10798999983885, -6.560769999635632, 0.0 ], [ 107.108470000390327, -6.560929999819489, 0.0 ], [ 107.108709999766873, -6.5609200002576, 0.0 ], [ 107.110019999923225, -6.560749999612661, 0.0 ], [ 107.110280000222033, -6.560619999912856, 0.0 ], [ 107.110859999989174, -6.560310000006311, 0.0 ], [ 107.111299999595445, -6.560229999914426, 0.0 ], [ 107.111599999940182, -6.560260000398568, 0.0 ], [ 107.111889999823845, -6.560370000075313, 0.0 ], [ 107.112649999797824, -6.560690000443028, 0.0 ], [ 107.112668390034358, -6.560693065332526, 0.0 ], [ 107.112890000073563, -6.560729999589601, 0.0 ], [ 107.113380000187021, -6.5607200000278, 0.0 ], [ 107.113580000416817, -6.560659999958887, 0.0 ], [ 107.113639999586454, -6.560579999866913, 0.0 ], [ 107.113659999609425, -6.560439999706027, 0.0 ], [ 107.113739999701409, -6.560069999730569, 0.0 ], [ 107.113870000300395, -6.559989999638596, 0.0 ], [ 107.114029999584972, -6.559969999615625, 0.0 ], [ 107.114180000207028, -6.560009999661567, 0.0 ], [ 107.114197762716714, -6.560022433688175, 0.0 ], [ 107.114380000436825, -6.560149999822542, 0.0 ], [ 107.114860000089124, -6.560590000328084, 0.0 ], [ 107.115190000018728, -6.560820000142744, 0.0 ], [ 107.115359999764294, -6.560849999727605, 0.0 ], [ 107.115499999925277, -6.560820000142744, 0.0 ], [ 107.115620000063103, -6.56070999956663, 0.0 ], [ 107.116170000245475, -6.560399999660085, 0.0 ], [ 107.117010000311424, -6.560049999707598, 0.0 ], [ 107.117850000377373, -6.559830000354019, 0.0 ], [ 107.118510000236498, -6.559630000124219, 0.0 ], [ 107.118550101006491, -6.559627384895741, 0.0 ], [ 107.118969999865811, -6.559599999640078, 0.0 ], [ 107.119700000254937, -6.559719999777993, 0.0 ], [ 107.120329999630002, -6.559759999824024, 0.0 ], [ 107.121149999672895, -6.559690000193221, 0.0 ], [ 107.121750000362368, -6.559389999848477, 0.0 ], [ 107.122100000314958, -6.558990000288158, 0.0 ], [ 107.122108418868635, -6.559772978839753, 0.0 ], [ 107.122109999876756, -6.559920000007793, 0.0 ], [ 107.122154063059725, -6.560327586248906, 0.0 ], [ 107.122189999968725, -6.560659999958887, 0.0 ], [ 107.12227000006061, -6.561439999955923, 0.0 ], [ 107.122279999622407, -6.561720000277607, 0.0 ] ] ] ] } }
]
}
