{
"type": "FeatureCollection",
"name": "TENJOLAYA",
"crs": { "type": "name", "properties": { "name": "urn:ogc:def:crs:OGC:1.3:CRS84" } },
"features": [
{ "type": "Feature", "properties": { "PROVNO": "32", "KABKOTNO": "01", "KECNO": "051", "DESANO": "001", "PROVINSI": "JAWA BARAT", "KABKOT": "BOGOR", "KECAMATAN": "TENJOLAYA", "ID2013": "3201051001", "DESA": "TAPOS 1", "DESA_1": "TAPOS 1", "ID2012": "3201051001", "IDKAB2": "3201", "IDKEC_2": "3201051", "WILAYAH": "BARAT" }, "geometry": { "type": "MultiPolygon", "coordinates": [ [ [ [ 106.699500000324974, -6.645300000094814, 0.0 ], [ 106.699600000439929, -6.645670000070272, 0.0 ], [ 106.699759999724421, -6.64587000030016, 0.0 ], [ 106.699879999862247, -6.646100000114732, 0.0 ], [ 106.699930000369449, -6.646399999560106, 0.0 ], [ 106.69995000039242, -6.646590000228105, 0.0 ], [ 106.700029999585013, -6.646820000042766, 0.0 ], [ 106.700249999837879, -6.647049999857515, 0.0 ], [ 106.7011099999268, -6.647589999578631, 0.0 ], [ 106.701270000110654, -6.647769999785549, 0.0 ], [ 106.701370000225509, -6.648090000153175, 0.0 ], [ 106.701430000294422, -6.648330000429006, 0.0 ], [ 106.701419999833348, -6.648440000105751, 0.0 ], [ 106.701410000271451, -6.648529999759525, 0.0 ], [ 106.701530000409463, -6.649160000033785, 0.0 ], [ 106.701559999994146, -6.649229999664588, 0.0 ], [ 106.702170000245601, -6.649730000239131, 0.0 ], [ 106.702213777444186, -6.649756753271365, 0.0 ], [ 106.702349999553064, -6.649839999915876, 0.0 ], [ 106.702700000404917, -6.650049999707477, 0.0 ], [ 106.702870000150583, -6.650229999914394, 0.0 ], [ 106.702939999781293, -6.650359999614111, 0.0 ], [ 106.702955243290063, -6.650414872648049, 0.0 ], [ 106.703335472154549, -6.650544151091466, 0.0 ], [ 106.703602283918428, -6.65084060900675, 0.0 ], [ 106.703740631125541, -6.651146948672562, 0.0 ], [ 106.703720866724836, -6.651433524837138, 0.0 ], [ 106.703691220573617, -6.65162128169662, 0.0 ], [ 106.703691220573617, -6.651888094359872, 0.0 ], [ 106.703740631125541, -6.652174669625168, 0.0 ], [ 106.703661576221052, -6.652372308235179, 0.0 ], [ 106.703760394626684, -6.652560065094661, 0.0 ], [ 106.703760394626684, -6.652876287410461, 0.0 ], [ 106.703651693570976, -6.653202389678405, 0.0 ], [ 106.703552874265881, -6.653439557089627, 0.0 ], [ 106.703434290560267, -6.653647076551152, 0.0 ], [ 106.703434290560267, -6.653844716060533, 0.0 ], [ 106.703444173210258, -6.654101646073887, 0.0 ], [ 106.703523229014024, -6.654259756782235, 0.0 ], [ 106.703671457971666, -6.654299284684075, 0.0 ], [ 106.703730749374827, -6.654674798402951, 0.0 ], [ 106.703601708352338, -6.655397428848033, 0.0 ], [ 106.703651693570976, -6.655396178790376, 0.0 ], [ 106.703770277276675, -6.655722282856882, 0.0 ], [ 106.704195199748909, -6.656186733230953, 0.0 ], [ 106.704471894162864, -6.656364608339818, 0.0 ], [ 106.704936345436209, -6.656601773952477, 0.0 ], [ 106.705381032309049, -6.656987170321518, 0.0 ], [ 106.705489733364757, -6.657204572432853, 0.0 ], [ 106.70583560003314, -6.65737256489173, 0.0 ], [ 106.705964064590177, -6.657589967003243, 0.0 ], [ 106.705894892335579, -6.657688787207618, 0.0 ], [ 106.70583560003314, -6.657935834570896, 0.0 ], [ 106.705865246184359, -6.6582718212873, 0.0 ], [ 106.706171585850257, -6.658627569706468, 0.0 ], [ 106.706161704099642, -6.658983319924019, 0.0 ], [ 106.705993710741396, -6.659536707852656, 0.0 ], [ 106.705924537587606, -6.660001158226727, 0.0 ], [ 106.705894892335579, -6.660287734391304, 0.0 ], [ 106.705973947240153, -6.660465608600799, 0.0 ], [ 106.706171585850257, -6.660801595317114, 0.0 ], [ 106.706343091061086, -6.661021120727941, 0.0 ], [ 106.706349460959032, -6.661018997428627, 0.0 ], [ 106.706645918874315, -6.661305572693923, 0.0 ], [ 106.706804029582571, -6.66175025956667, 0.0 ], [ 106.706883085386352, -6.66242223120074, 0.0 ], [ 106.706922613288185, -6.662639634211622, 0.0 ], [ 106.707051077845222, -6.662718689116023, 0.0 ], [ 106.707396945412967, -6.663025028781835, 0.0 ], [ 106.707792222633159, -6.663222668291304, 0.0 ], [ 106.707831749635815, -6.663459833904053, 0.0 ], [ 106.708256673007241, -6.664023103583219, 0.0 ], [ 106.708602540575072, -6.664793895421752, 0.0 ], [ 106.708810060935775, -6.665199054392659, 0.0 ], [ 106.708817423685304, -6.665500938817139, 0.0 ], [ 106.708824883561761, -6.665500453183117, 0.0 ], [ 106.709180633779397, -6.665856201602285, 0.0 ], [ 106.709595675400379, -6.666132896016066, 0.0 ], [ 106.709990951721295, -6.666567701138284, 0.0 ], [ 106.710129298928223, -6.667022269761826, 0.0 ], [ 106.710297292286384, -6.667239671873162, 0.0 ], [ 106.710455402994654, -6.66740766523132, 0.0 ], [ 106.710682686856686, -6.667634949093362, 0.0 ], [ 106.710900089867394, -6.668030227213109, 0.0 ], [ 106.71103797302429, -6.668340463641211, 0.0 ], [ 106.711350000002682, -6.668419999683053, 0.0 ], [ 106.711419999633478, -6.668439999706024, 0.0 ], [ 106.711579999817332, -6.668490000213225, 0.0 ], [ 106.711820000093169, -6.668559999843939, 0.0 ], [ 106.711940000230996, -6.668630000374023, 0.0 ], [ 106.711989999838821, -6.668700000004737, 0.0 ], [ 106.712020000323051, -6.668840000165712, 0.0 ], [ 106.712049999907734, -6.669219999702971, 0.0 ], [ 106.712080000391964, -6.669520000047715, 0.0 ], [ 106.712100000414935, -6.669680000231573, 0.0 ], [ 106.712339999791396, -6.669910000046322, 0.0 ], [ 106.712829999904685, -6.670199999929807, 0.0 ], [ 106.712959999604493, -6.670320000067722, 0.0 ], [ 106.71317999985726, -6.670699999605159, 0.0 ], [ 106.713079999742405, -6.671189999718443, 0.0 ], [ 106.713070000180522, -6.671260000248616, 0.0 ], [ 106.713163555753766, -6.671389538596131, 0.0 ], [ 106.713199999880231, -6.671439999556164, 0.0 ], [ 106.713279999972201, -6.671570000155249, 0.0 ], [ 106.71332999958004, -6.671750000361989, 0.0 ], [ 106.713380000087241, -6.672390000198138, 0.0 ], [ 106.713409999671924, -6.672680000081712, 0.0 ], [ 106.713429999694895, -6.672969999965375, 0.0 ], [ 106.713429999694895, -6.67325999984886, 0.0 ], [ 106.713420000133183, -6.673440000055777, 0.0 ], [ 106.713420000133183, -6.673669999870437, 0.0 ], [ 106.713460000179126, -6.673819999593125, 0.0 ], [ 106.713489999763979, -6.674090000353008, 0.0 ], [ 106.713449999718037, -6.674540000420439, 0.0 ], [ 106.713369999625982, -6.67479999981996, 0.0 ], [ 106.713299999995172, -6.675049999657503, 0.0 ], [ 106.713250000387433, -6.675300000394504, 0.0 ], [ 106.713210000341405, -6.675610000301138, 0.0 ], [ 106.713130000249436, -6.67584999967751, 0.0 ], [ 106.713050000157551, -6.675940000230565, 0.0 ], [ 106.712930000019725, -6.67606999993037, 0.0 ], [ 106.712800000320001, -6.676430000344027, 0.0 ], [ 106.712760000274059, -6.676549999582662, 0.0 ], [ 106.712660000159119, -6.676889999973259, 0.0 ], [ 106.712649999697945, -6.676970000065321, 0.0 ], [ 106.712640000136147, -6.677210000340974, 0.0 ], [ 106.712643198125306, -6.67723078637156, 0.0 ], [ 106.71268000018209, -6.677469999740495, 0.0 ], [ 106.712699339203311, -6.677506529302626, 0.0 ], [ 106.712769999835771, -6.677640000385523, 0.0 ], [ 106.712930000019725, -6.677839999716042, 0.0 ], [ 106.712990000088638, -6.677999999899811, 0.0 ], [ 106.712669999720916, -6.678129999599705, 0.0 ], [ 106.712620000113176, -6.678269999760502, 0.0 ], [ 106.712529999560033, -6.678530000059215, 0.0 ], [ 106.712450000367426, -6.678739999850993, 0.0 ], [ 106.712330000229514, -6.678880000011791, 0.0 ], [ 106.712339999791396, -6.67906999978042, 0.0 ], [ 106.712339999791396, -6.679189999918336, 0.0 ], [ 106.712350000252485, -6.67927000001022, 0.0 ], [ 106.712510000436424, -6.679299999595081, 0.0 ], [ 106.712589999629031, -6.679370000125164, 0.0 ], [ 106.712629999674974, -6.679479999801998, 0.0 ], [ 106.712660000159119, -6.679749999662512, 0.0 ], [ 106.712700000205061, -6.679940000330511, 0.0 ], [ 106.712760000274059, -6.680020000422573, 0.0 ], [ 106.712900000434857, -6.680099999615177, 0.0 ], [ 106.712979999627464, -6.680190000168142, 0.0 ], [ 106.713110000226465, -6.680270000260027, 0.0 ], [ 106.713279999972201, -6.68037000037506, 0.0 ], [ 106.713460000179126, -6.680509999636666, 0.0 ], [ 106.713500000225068, -6.680609999751521, 0.0 ], [ 106.713600000339923, -6.680919999658066, 0.0 ], [ 106.713739999601529, -6.681199999979839, 0.0 ], [ 106.713810000131616, -6.681340000140636, 0.0 ], [ 106.713950000292499, -6.681520000347554, 0.0 ], [ 106.714079999992208, -6.6816399995861, 0.0 ], [ 106.714160000084178, -6.681790000208156, 0.0 ], [ 106.714140000061207, -6.681910000345983, 0.0 ], [ 106.714129999600047, -6.682009999561647, 0.0 ], [ 106.714158152232528, -6.682066304464698, 0.0 ], [ 106.71420000013012, -6.682149999722444, 0.0 ], [ 106.714320000268046, -6.682249999837477, 0.0 ], [ 106.714461927675998, -6.682320964440738, 0.0 ], [ 106.714479999552537, -6.682329999929362, 0.0 ], [ 106.714539999621451, -6.682369999975304, 0.0 ], [ 106.71473000028945, -6.682490000113219, 0.0 ], [ 106.714779999897274, -6.682599999789964, 0.0 ], [ 106.714770000335392, -6.682690000343019, 0.0 ], [ 106.714739999851332, -6.682849999627507, 0.0 ], [ 106.714779999897274, -6.682929999719569, 0.0 ], [ 106.714980000127071, -6.683140000410539, 0.0 ], [ 106.715029999734909, -6.683190000018371, 0.0 ], [ 106.715200000379937, -6.68335000020214, 0.0 ], [ 106.715410000171531, -6.683569999555719, 0.0 ], [ 106.715410000171531, -6.683660000108684, 0.0 ], [ 106.715290000033704, -6.683849999877491, 0.0 ], [ 106.715290000033704, -6.683959999554148, 0.0 ], [ 106.715339999641543, -6.684059999669003, 0.0 ], [ 106.715499999825312, -6.684179999806918, 0.0 ], [ 106.715530000309542, -6.684250000337002, 0.0 ], [ 106.715490000263515, -6.684440000105809, 0.0 ], [ 106.715499999825312, -6.684549999782554, 0.0 ], [ 106.715579999917281, -6.684689999943352, 0.0 ], [ 106.715669999571048, -6.684830000104327, 0.0 ], [ 106.715749999663032, -6.685050000357009, 0.0 ], [ 106.715849999777888, -6.685269999710588, 0.0 ], [ 106.71588999982383, -6.685329999779501, 0.0 ], [ 106.715980000376973, -6.685420000332645, 0.0 ], [ 106.716110000076597, -6.6855200004475, 0.0 ], [ 106.716230000214608, -6.685599999640015, 0.0 ], [ 106.716359999914232, -6.685679999731988, 0.0 ], [ 106.716480000052144, -6.685850000377016, 0.0 ], [ 106.716600000190056, -6.686009999661593, 0.0 ], [ 106.716769999935721, -6.686229999914453, 0.0 ], [ 106.71689999963553, -6.686359999614169, 0.0 ], [ 106.717059999819384, -6.686579999866851, 0.0 ], [ 106.717240000026209, -6.686769999635569, 0.0 ], [ 106.717329999679976, -6.686889999773395, 0.0 ], [ 106.717389999748988, -6.686980000326539, 0.0 ], [ 106.717440000256005, -6.687090000003284, 0.0 ], [ 106.717469999840873, -6.687219999703, 0.0 ], [ 106.717529999909786, -6.687370000325057, 0.0 ], [ 106.717580000416987, -6.687529999609545, 0.0 ], [ 106.717596968825262, -6.687572423328483, 0.0 ], [ 106.717619999563468, -6.687629999724578, 0.0 ], [ 106.717679999632381, -6.687769999885376, 0.0 ], [ 106.717739999701479, -6.68789000002338, 0.0 ], [ 106.717799999770392, -6.688030000184177, 0.0 ], [ 106.717859999839305, -6.688119999837951, 0.0 ], [ 106.717910000346507, -6.688219999952807, 0.0 ], [ 106.717990000438391, -6.688329999629641, 0.0 ], [ 106.718049999607928, -6.688429999744496, 0.0 ], [ 106.718080000092158, -6.688580000366553, 0.0 ], [ 106.718089999653955, -6.688679999582217, 0.0 ], [ 106.7181200001381, -6.68873999965113, 0.0 ], [ 106.718149999722868, -6.688850000227067, 0.0 ], [ 106.71816999974584, -6.6889500003421, 0.0 ], [ 106.718200000229984, -6.689049999557586, 0.0 ], [ 106.718249999837909, -6.68914999967253, 0.0 ], [ 106.71826999986088, -6.689240000225585, 0.0 ], [ 106.718300000344925, -6.689289999833505, 0.0 ], [ 106.718399999560589, -6.689450000017274, 0.0 ], [ 106.718479999652473, -6.68961000020122, 0.0 ], [ 106.718610000251559, -6.689889999623535, 0.0 ], [ 106.718599999790399, -6.690049999807481, 0.0 ], [ 106.718570000205617, -6.69020999999125, 0.0 ], [ 106.718559999744357, -6.690299999645024, 0.0 ], [ 106.718550000182645, -6.690419999783028, 0.0 ], [ 106.718550000182645, -6.690559999943826, 0.0 ], [ 106.718559999744357, -6.6906499995976, 0.0 ], [ 106.718570000205617, -6.690749999712544, 0.0 ], [ 106.718579999767428, -6.690840000265599, 0.0 ], [ 106.718610000251559, -6.690920000357483, 0.0 ], [ 106.71863000027453, -6.691039999596207, 0.0 ], [ 106.718690000343443, -6.691150000172144, 0.0 ], [ 106.718739999951282, -6.691259999848889, 0.0 ], [ 106.718789999559107, -6.691330000379061, 0.0 ], [ 106.71884999962802, -6.691440000055806, 0.0 ], [ 106.718909999696933, -6.691529999709491, 0.0 ], [ 106.718980000227106, -6.691609999801376, 0.0 ], [ 106.71906000031899, -6.691649999847495, 0.0 ], [ 106.719080000341961, -6.691850000077206, 0.0 ], [ 106.719310000156625, -6.692930000419075, 0.0 ], [ 106.719620000063088, -6.693710000416022, 0.0 ], [ 106.719940000430796, -6.69451999999783, 0.0 ], [ 106.720480000152094, -6.696109999576585, 0.0 ], [ 106.720700000404946, -6.69688999957371, 0.0 ], [ 106.720952350171018, -6.697731167858958, 0.0 ], [ 106.721240000126073, -6.698689999843435, 0.0 ], [ 106.721500000424868, -6.699679999632071, 0.0 ], [ 106.721730000239532, -6.700659999858907, 0.0 ], [ 106.721796086020817, -6.701042603832921, 0.0 ], [ 106.721920000008154, -6.701760000223569, 0.0 ], [ 106.722095186144159, -6.703304817862801, 0.0 ], [ 106.722140000261021, -6.703699999754988, 0.0 ], [ 106.722300000444875, -6.705090000003313, 0.0 ], [ 106.722260000398933, -6.70675999967413, 0.0 ], [ 106.72212000023805, -6.707909999646535, 0.0 ], [ 106.722017473927579, -6.708373420296923, 0.0 ], [ 106.721870000400415, -6.709039999596147, 0.0 ], [ 106.721810000331416, -6.708980000426514, 0.0 ], [ 106.720689999943687, -6.70761000020125, 0.0 ], [ 106.719450000317423, -6.706589999928383, 0.0 ], [ 106.718340000390867, -6.705999999700065, 0.0 ], [ 106.717139999911268, -6.705390000348057, 0.0 ], [ 106.716199999730378, -6.704769999635598, 0.0 ], [ 106.715220000402908, -6.704000000099732, 0.0 ], [ 106.71368999999369, -6.70248000015178, 0.0 ], [ 106.713629999924692, -6.702440000105749, 0.0 ], [ 106.7133400000412, -6.702389999598637, 0.0 ], [ 106.713190000318434, -6.702319999967834, 0.0 ], [ 106.713069215072352, -6.702236960167376, 0.0 ], [ 106.71303000013458, -6.702210000291089, 0.0 ], [ 106.712849999927741, -6.702059999669032, 0.0 ], [ 106.712720000228032, -6.701959999554177, 0.0 ], [ 106.712600000090106, -6.701869999900403, 0.0 ], [ 106.712529999560033, -6.701720000177716, 0.0 ], [ 106.712490000413368, -6.701620000062771, 0.0 ], [ 106.712459999929223, -6.701550000431968, 0.0 ], [ 106.712290000183572, -6.70137000022514, 0.0 ], [ 106.712089999953676, -6.701250000087313, 0.0 ], [ 106.711909999746851, -6.701179999557141, 0.0 ], [ 106.711769999586053, -6.701129999949398, 0.0 ], [ 106.711734013214311, -6.701042603832921, 0.0 ], [ 106.711699999955243, -6.700960000203651, 0.0 ], [ 106.711539999771304, -6.700779999996822, 0.0 ], [ 106.711430000094566, -6.700679999881878, 0.0 ], [ 106.711329999979711, -6.700639999835936, 0.0 ], [ 106.71116000023396, -6.700559999744051, 0.0 ], [ 106.711080000142076, -6.700479999652078, 0.0 ], [ 106.711060000119105, -6.700410000021364, 0.0 ], [ 106.711060000119105, -6.700220000252646, 0.0 ], [ 106.711040000096133, -6.700109999676531, 0.0 ], [ 106.710890000373439, -6.699930000369072, 0.0 ], [ 106.710779999797325, -6.699819999793046, 0.0 ], [ 106.710679999682469, -6.699610000001357, 0.0 ], [ 106.710549999982675, -6.699369999725526, 0.0 ], [ 106.710420000282951, -6.699139999910955, 0.0 ], [ 106.710209999591982, -6.698930000119265, 0.0 ], [ 106.709930000169578, -6.698749999912437, 0.0 ], [ 106.709780000446798, -6.698600000189661, 0.0 ], [ 106.70960999980187, -6.698529999659577, 0.0 ], [ 106.709350000402338, -6.698430000444002, 0.0 ], [ 106.709079999642455, -6.698270000260145, 0.0 ], [ 106.708800000219966, -6.698079999592146, 0.0 ], [ 106.708722967890822, -6.698002968162289, 0.0 ], [ 106.708319999668475, -6.697599999939854, 0.0 ], [ 106.708060000268958, -6.697260000448537, 0.0 ], [ 106.70788999962393, -6.697000000149735, 0.0 ], [ 106.707719999878279, -6.696739999850934, 0.0 ], [ 106.70745999957947, -6.696440000405559, 0.0 ], [ 106.707329999879761, -6.696280000221702, 0.0 ], [ 106.707229999764905, -6.696149999622616, 0.0 ], [ 106.707129999649965, -6.696050000407041, 0.0 ], [ 106.707019999973213, -6.695870000200213, 0.0 ], [ 106.706919999858272, -6.695549999832409, 0.0 ], [ 106.706899999835301, -6.695489999763495, 0.0 ], [ 106.706870000250518, -6.695250000387034, 0.0 ], [ 106.70681000018152, -6.695110000226148, 0.0 ], [ 106.706659999559548, -6.694959999604091, 0.0 ], [ 106.706480000252014, -6.694709999766548, 0.0 ], [ 106.706360000114088, -6.694510000436029, 0.0 ], [ 106.706239999976177, -6.694410000321085, 0.0 ], [ 106.706019999723409, -6.694299999745059, 0.0 ], [ 106.705769999885774, -6.69408999995337, 0.0 ], [ 106.705589999678949, -6.693920000207711, 0.0 ], [ 106.705370000325459, -6.693690000393051, 0.0 ], [ 106.705299999795372, -6.693590000278107, 0.0 ], [ 106.70517999965746, -6.693399999610108, 0.0 ], [ 106.705049999957652, -6.693289999933363, 0.0 ], [ 106.704829999704884, -6.693140000210676, 0.0 ], [ 106.704510000236539, -6.692910000396104, 0.0 ], [ 106.704430000144555, -6.692859999888903, 0.0 ], [ 106.704396345714912, -6.692844574717185, 0.0 ], [ 106.704189999868817, -6.692750000212158, 0.0 ], [ 106.703899999985154, -6.692630000074331, 0.0 ], [ 106.70367000017049, -6.692540000420557, 0.0 ], [ 106.703480000401868, -6.692380000236611, 0.0 ], [ 106.703400000309983, -6.692329999729587, 0.0 ], [ 106.703030000334437, -6.69217000044501, 0.0 ], [ 106.702850000127611, -6.692079999891956, 0.0 ], [ 106.702748652828262, -6.691927979392567, 0.0 ], [ 106.702709999966714, -6.691870000100266, 0.0 ], [ 106.702649999897716, -6.69174000040055, 0.0 ], [ 106.702629999874745, -6.691390000447974, 0.0 ], [ 106.702620000312947, -6.691179999757004, 0.0 ], [ 106.702600000289976, -6.691070000080259, 0.0 ], [ 106.702540000220978, -6.690920000357572, 0.0 ], [ 106.702509999736918, -6.690700000104712, 0.0 ], [ 106.702440000106122, -6.690559999943915, 0.0 ], [ 106.702339999991182, -6.690359999714115, 0.0 ], [ 106.702219999853256, -6.690049999807481, 0.0 ], [ 106.702170000245516, -6.689969999715597, 0.0 ], [ 106.70194999999265, -6.689829999554622, 0.0 ], [ 106.701749999762853, -6.689659999809052, 0.0 ], [ 106.701669999670884, -6.689559999694108, 0.0 ], [ 106.701640000086115, -6.689280000271616, 0.0 ], [ 106.701539999971175, -6.688759999674101, 0.0 ], [ 106.70145999987929, -6.688629999974385, 0.0 ], [ 106.701330000179567, -6.688609999951414, 0.0 ], [ 106.701100000364903, -6.688609999951414, 0.0 ], [ 106.700980000226991, -6.688500000274669, 0.0 ], [ 106.700800000020166, -6.688130000299122, 0.0 ], [ 106.700779999997195, -6.688030000184177, 0.0 ], [ 106.700779999997195, -6.687950000092293, 0.0 ], [ 106.700699999905225, -6.687849999977349, 0.0 ], [ 106.700550000182531, -6.687769999885376, 0.0 ], [ 106.700470000090647, -6.687720000277633, 0.0 ], [ 106.700309999906693, -6.687520000047833, 0.0 ], [ 106.700240000275983, -6.687330000279115, 0.0 ], [ 106.700169999745896, -6.687179999657058, 0.0 ], [ 106.700109999676897, -6.687069999980313, 0.0 ], [ 106.700049999607984, -6.686969999865457, 0.0 ], [ 106.699979999977188, -6.686909999796544, 0.0 ], [ 106.699939999931246, -6.686860000188712, 0.0 ], [ 106.699770000185495, -6.686690000442965, 0.0 ], [ 106.699719999678379, -6.686630000374052, 0.0 ], [ 106.699679999632437, -6.686530000259197, 0.0 ], [ 106.69958999997867, -6.686459999729024, 0.0 ], [ 106.699380000187062, -6.686430000144252, 0.0 ], [ 106.699260000049151, -6.686410000121281, 0.0 ], [ 106.699139999911239, -6.686319999568227, 0.0 ], [ 106.698990000188545, -6.68616999984545, 0.0 ], [ 106.698780000396852, -6.686029999684564, 0.0 ], [ 106.698709999866779, -6.686000000099703, 0.0 ], [ 106.698449999568055, -6.685920000007819, 0.0 ], [ 106.69825000023755, -6.685850000377016, 0.0 ], [ 106.698130000099539, -6.68573000023919, 0.0 ], [ 106.698079999592522, -6.685659999709017, 0.0 ], [ 106.698029999984684, -6.68550999998633, 0.0 ], [ 106.69790000028496, -6.685360000263643, 0.0 ], [ 106.697499999825283, -6.685130000448982, 0.0 ], [ 106.697370000125559, -6.685059999918899, 0.0 ], [ 106.697200000379908, -6.68487999971207, 0.0 ], [ 106.696920000058128, -6.684330000429064, 0.0 ], [ 106.696670000220507, -6.683829999854431, 0.0 ], [ 106.696539999621422, -6.683640000085802, 0.0 ], [ 106.696289999783872, -6.683519999947887, 0.0 ], [ 106.69618000010712, -6.683470000340055, 0.0 ], [ 106.69618000010712, -6.683339999740969, 0.0 ], [ 106.696079999992179, -6.682800000019853, 0.0 ], [ 106.695859999739326, -6.682619999812935, 0.0 ], [ 106.695779999647442, -6.682550000182133, 0.0 ], [ 106.695770000085545, -6.682200000229646, 0.0 ], [ 106.695750000062574, -6.681970000415074, 0.0 ], [ 106.695719999578529, -6.681910000346072, 0.0 ], [ 106.695540000270981, -6.681799999770046, 0.0 ], [ 106.69530999955704, -6.681799999770046, 0.0 ], [ 106.695139999811289, -6.681779999747075, 0.0 ], [ 106.695050000157522, -6.681730000139243, 0.0 ], [ 106.6947299997898, -6.681540000370525, 0.0 ], [ 106.694609999651973, -6.68144000025567, 0.0 ], [ 106.694580000067106, -6.681300000094783, 0.0 ], [ 106.694609999651973, -6.681210000441009, 0.0 ], [ 106.694689999743858, -6.680919999658066, 0.0 ], [ 106.694540000021163, -6.680749999912408, 0.0 ], [ 106.694479999952165, -6.680700000304665, 0.0 ], [ 106.694439999906223, -6.680549999682608, 0.0 ], [ 106.694399999860281, -6.680430000443973, 0.0 ], [ 106.694359999814338, -6.680199999730032, 0.0 ], [ 106.694310000206514, -6.679920000307629, 0.0 ], [ 106.694319999768396, -6.679789999708543, 0.0 ], [ 106.694339999791367, -6.679539999870912, 0.0 ], [ 106.694109999976718, -6.679270000010309, 0.0 ], [ 106.693989999838792, -6.67908999980348, 0.0 ], [ 106.69396999981582, -6.679000000149706, 0.0 ], [ 106.693989999838792, -6.678900000034762, 0.0 ], [ 106.694239999676427, -6.678730000289104, 0.0 ], [ 106.694279999722369, -6.67867000022019, 0.0 ], [ 106.694259999699398, -6.678559999644076, 0.0 ], [ 106.694270000160571, -6.678479999552192, 0.0 ], [ 106.694359999814338, -6.678269999760502, 0.0 ], [ 106.694640000136118, -6.677819999693071, 0.0 ], [ 106.694749999812771, -6.677649999947413, 0.0 ], [ 106.694904540212534, -6.677543754040851, 0.0 ], [ 106.694909999996725, -6.677540000270668, 0.0 ], [ 106.694999999650491, -6.677520000247608, 0.0 ], [ 106.695179999857231, -6.677549999832468, 0.0 ], [ 106.695329999580011, -6.677509999786437, 0.0 ], [ 106.695469999740894, -6.677320000017808, 0.0 ], [ 106.69552000024801, -6.677090000203147, 0.0 ], [ 106.695460000178997, -6.676909999996319, 0.0 ], [ 106.695398544107746, -6.676787087853633, 0.0 ], [ 106.695349999602982, -6.676689999743548, 0.0 ], [ 106.69530999955704, -6.676589999628604, 0.0 ], [ 106.695500000225039, -6.676029999884427, 0.0 ], [ 106.695589999878806, -6.67586999970057, 0.0 ], [ 106.69562000036295, -6.675820000092738, 0.0 ], [ 106.696129999600018, -6.674989999588679, 0.0 ], [ 106.696186519292581, -6.674795323345375, 0.0 ], [ 106.696309999806843, -6.6743699997755, 0.0 ], [ 106.696900000035157, -6.673150000172203, 0.0 ], [ 106.697270000010704, -6.672620000012799, 0.0 ], [ 106.698159999684407, -6.671189999718532, 0.0 ], [ 106.69817094443377, -6.671117042217602, 0.0 ], [ 106.698190000168537, -6.670990000388013, 0.0 ], [ 106.697909999846772, -6.670629999974356, 0.0 ], [ 106.698159999684407, -6.670030000184237, 0.0 ], [ 106.69821999975332, -6.669789999908406, 0.0 ], [ 106.698179999707378, -6.668700000004826, 0.0 ], [ 106.698359999914288, -6.66814999982245, 0.0 ], [ 106.698620000212998, -6.667839999915905, 0.0 ], [ 106.698614415423123, -6.667555148651019, 0.0 ], [ 106.698609999751824, -6.667329999779472, 0.0 ], [ 106.69843000044429, -6.666919999757983, 0.0 ], [ 106.698199999730349, -6.666580000266666, 0.0 ], [ 106.698000000399915, -6.665880000361515, 0.0 ], [ 106.697539999871225, -6.665689999693605, 0.0 ], [ 106.696719999828332, -6.665620000062802, 0.0 ], [ 106.696409999921698, -6.665270000110226, 0.0 ], [ 106.695839999716355, -6.664300000344561, 0.0 ], [ 106.69534000004117, -6.66344999981753, 0.0 ], [ 106.694820000342943, -6.663039999796041, 0.0 ], [ 106.694419999883252, -6.662820000442462, 0.0 ], [ 106.694179999607428, -6.661980000376602, 0.0 ], [ 106.69396999981582, -6.6617200000778, 0.0 ], [ 106.6936089588865, -6.661490246677406, 0.0 ], [ 106.693530000209563, -6.661439999756027, 0.0 ], [ 106.693559999794331, -6.661249999987398, 0.0 ], [ 106.693614465435402, -6.660859669038324, 0.0 ], [ 106.69361999986333, -6.660819999942849, 0.0 ], [ 106.69330999995671, -6.660140000060757, 0.0 ], [ 106.693169999795813, -6.659879999762044, 0.0 ], [ 106.693189999818784, -6.659440000155694, 0.0 ], [ 106.693140000211045, -6.659159999833921, 0.0 ], [ 106.693040000096104, -6.659010000111234, 0.0 ], [ 106.69281000028144, -6.658680000181718, 0.0 ], [ 106.692489999913732, -6.658159999584115, 0.0 ], [ 106.692320000168067, -6.657610000301108, 0.0 ], [ 106.692130000399345, -6.656799999819931, 0.0 ], [ 106.691999999800345, -6.656159999983871, 0.0 ], [ 106.691990000238462, -6.655629999824466, 0.0 ], [ 106.691839999616491, -6.655170000195234, 0.0 ], [ 106.691339999941235, -6.654490000313142, 0.0 ], [ 106.691059999619455, -6.654060000268682, 0.0 ], [ 106.690559999944284, -6.653269999810476, 0.0 ], [ 106.690439999806273, -6.65225999999878, 0.0 ], [ 106.690200000429826, -6.651809999931437, 0.0 ], [ 106.689929999669943, -6.651520000047775, 0.0 ], [ 106.689940000131017, -6.651170000095288, 0.0 ], [ 106.689829999554988, -6.650289999983308, 0.0 ], [ 106.689680667129281, -6.650145058947157, 0.0 ], [ 106.689490000063671, -6.649960000053792, 0.0 ], [ 106.688990000388415, -6.649400000309615, 0.0 ], [ 106.688919999858328, -6.649249999687559, 0.0 ], [ 106.689129999649936, -6.648739999551214, 0.0 ], [ 106.689300000294963, -6.648250000337121, 0.0 ], [ 106.689100000065153, -6.647219999603085, 0.0 ], [ 106.689010000411386, -6.646800000019795, 0.0 ], [ 106.68895999990427, -6.646539999720993, 0.0 ], [ 106.688489999813868, -6.64587000030016, 0.0 ], [ 106.688500000274956, -6.645750000162156, 0.0 ], [ 106.688739999651403, -6.645249999587612, 0.0 ], [ 106.688659999559519, -6.644850000027294, 0.0 ], [ 106.688549999882781, -6.644600000189751, 0.0 ], [ 106.689089999603993, -6.644520000097778, 0.0 ], [ 106.689610000201498, -6.644440000005805, 0.0 ], [ 106.690230000014679, -6.644370000375002, 0.0 ], [ 106.690258091238064, -6.644366594642506, 0.0 ], [ 106.690559999944284, -6.64433000032906, 0.0 ], [ 106.690980000426862, -6.644350000352031, 0.0 ], [ 106.691379999987177, -6.644279999821947, 0.0 ], [ 106.691749999962724, -6.644159999684032, 0.0 ], [ 106.691999999800345, -6.644059999569176, 0.0 ], [ 106.692220000053126, -6.643869999800458, 0.0 ], [ 106.692389999798777, -6.643639999985886, 0.0 ], [ 106.692533278887907, -6.643625830267688, 0.0 ], [ 106.693300000394814, -6.643550000332112, 0.0 ], [ 106.693229999864826, -6.643310000056282, 0.0 ], [ 106.693160000234016, -6.642889999573622, 0.0 ], [ 106.693089999703844, -6.642510000036363, 0.0 ], [ 106.693069999680873, -6.642340000290616, 0.0 ], [ 106.693060000119075, -6.642209999691531, 0.0 ], [ 106.693089999703844, -6.642039999945872, 0.0 ], [ 106.693100000165018, -6.641850000177243, 0.0 ], [ 106.693140000211045, -6.641500000224667, 0.0 ], [ 106.693129999749871, -6.641210000341093, 0.0 ], [ 106.693140000211045, -6.640869999950407, 0.0 ], [ 106.693160000234016, -6.640290000183171, 0.0 ], [ 106.693160000234016, -6.640210000091287, 0.0 ], [ 106.693160000234016, -6.639960000253655, 0.0 ], [ 106.693340000440841, -6.639960000253655, 0.0 ], [ 106.693559999794331, -6.639989999838427, 0.0 ], [ 106.693630000324418, -6.640049999907429, 0.0 ], [ 106.693599999840274, -6.640179999607145, 0.0 ], [ 106.693630000324418, -6.640540000020891, 0.0 ], [ 106.693690000393332, -6.640720000227631, 0.0 ], [ 106.69380000007007, -6.640979999627152, 0.0 ], [ 106.693880000162054, -6.641099999764979, 0.0 ], [ 106.694020000322936, -6.641239999925954, 0.0 ], [ 106.694230000114629, -6.641429999694584, 0.0 ], [ 106.694295729764264, -6.641478331059982, 0.0 ], [ 106.694569999605946, -6.641680000431496, 0.0 ], [ 106.694689999743858, -6.641779999647071, 0.0 ], [ 106.694829999904741, -6.641930000269127, 0.0 ], [ 106.694939999581493, -6.642100000014786, 0.0 ], [ 106.695079999742376, -6.642360000313587, 0.0 ], [ 106.695230000364432, -6.642969999665596, 0.0 ], [ 106.695270000410375, -6.643129999849453, 0.0 ], [ 106.695369999625953, -6.643599999939944, 0.0 ], [ 106.695460000178997, -6.644000000399544, 0.0 ], [ 106.695589999878806, -6.644430000444004, 0.0 ], [ 106.695710000016632, -6.644640000235693, 0.0 ], [ 106.695850000177529, -6.644870000050265, 0.0 ], [ 106.696030000384354, -6.645050000257093, 0.0 ], [ 106.69618000010712, -6.645130000349067, 0.0 ], [ 106.696360000313959, -6.645170000395098, 0.0 ], [ 106.696699999805361, -6.645179999956898, 0.0 ], [ 106.696940000081099, -6.645139999910867, 0.0 ], [ 106.697299999595486, -6.645070000280064, 0.0 ], [ 106.697559999894281, -6.645030000234122, 0.0 ], [ 106.69782426927479, -6.645084676316539, 0.0 ], [ 106.697849999777858, -6.645090000303124, 0.0 ], [ 106.698029999984684, -6.645130000349067, 0.0 ], [ 106.698190000168537, -6.645179999956898, 0.0 ], [ 106.698410000421319, -6.645240000025812, 0.0 ], [ 106.698680000281996, -6.645309999656615, 0.0 ], [ 106.698890000073604, -6.645360000163727, 0.0 ], [ 106.699139999911239, -6.645369999725617, 0.0 ], [ 106.699500000324974, -6.645300000094814, 0.0 ] ] ] ] } },
{ "type": "Feature", "properties": { "PROVNO": "32", "KABKOTNO": "01", "KECNO": "051", "DESANO": "007", "PROVINSI": "JAWA BARAT", "KABKOT": "BOGOR", "KECAMATAN": "TENJOLAYA", "ID2013": "3201051007", "DESA": "GUNUNG MULYA", "DESA_1": "GUNUNG MULYA", "ID2012": "3201051007", "IDKAB2": "3201", "IDKEC_2": "3201051", "WILAYAH": "BARAT" }, "geometry": { "type": "MultiPolygon", "coordinates": [ [ [ [ 106.711643464974117, -6.630693009074964, 0.0 ], [ 106.711525699651546, -6.630877507690727, 0.0 ], [ 106.711452155792543, -6.631291191335222, 0.0 ], [ 106.711351033323666, -6.631594558741618, 0.0 ], [ 106.711314260944647, -6.631851961798443, 0.0 ], [ 106.711369419063615, -6.63210936485509, 0.0 ], [ 106.711351033323666, -6.632357575941263, 0.0 ], [ 106.711277488565557, -6.632706907697496, 0.0 ], [ 106.711351033323666, -6.632844803444673, 0.0 ], [ 106.711525699651546, -6.633276871929841, 0.0 ], [ 106.711470542431783, -6.633819256653197, 0.0 ], [ 106.711385301990319, -6.634011046972024, 0.0 ], [ 106.711299271044837, -6.634017618318335, 0.0 ], [ 106.711351033323666, -6.63416859020808, 0.0 ], [ 106.711332646684426, -6.634453571874612, 0.0 ], [ 106.711332646684426, -6.634683396321552, 0.0 ], [ 106.711442962922618, -6.634812098299605, 0.0 ], [ 106.711455638866823, -6.63483111176614, 0.0 ], [ 106.711797583591803, -6.634859124748562, 0.0 ], [ 106.712196714407042, -6.634876164203476, 0.0 ], [ 106.71234328861209, -6.634980126731218, 0.0 ], [ 106.712463382279452, -6.634977570858016, 0.0 ], [ 106.712812714935055, -6.635225781944101, 0.0 ], [ 106.713244785218876, -6.63605314923327, 0.0 ], [ 106.713431879278133, -6.636829242575306, 0.0 ], [ 106.713520000248039, -6.636869999850461, 0.0 ], [ 106.713658607359065, -6.636847866635467, 0.0 ], [ 106.713861550170606, -6.636945389118267, 0.0 ], [ 106.713861657189966, -6.636976367165417, 0.0 ], [ 106.714044572998958, -6.636926480872187, 0.0 ], [ 106.714164081207542, -6.637147112449018, 0.0 ], [ 106.714099731117841, -6.637294199267654, 0.0 ], [ 106.71393425676078, -6.637854969730785, 0.0 ], [ 106.714016994388899, -6.638176723776592, 0.0 ], [ 106.714495028123281, -6.638461706342493, 0.0 ], [ 106.714825975038835, -6.638636372670206, 0.0 ], [ 106.714982254727403, -6.638958125816643, 0.0 ], [ 106.714844360778784, -6.639252301252476, 0.0 ], [ 106.714844360778784, -6.639537282919008, 0.0 ], [ 106.714881133157974, -6.6397211430162, 0.0 ], [ 106.715120149575483, -6.639794685975833, 0.0 ], [ 106.715349974022246, -6.640217563389719, 0.0 ], [ 106.715588991339203, -6.640603668424419, 0.0 ], [ 106.715588991339203, -6.640805913362016, 0.0 ], [ 106.715570854711359, -6.640810376697317, 0.0 ], [ 106.71567172806796, -6.64099896542977, 0.0 ], [ 106.715644148558795, -6.641320718576118, 0.0 ], [ 106.715607377079067, -6.641651666391137, 0.0 ], [ 106.715662535198021, -6.641881489938708, 0.0 ], [ 106.716021060723563, -6.642368717442118, 0.0 ], [ 106.716673760785653, -6.643003031764252, 0.0 ], [ 106.716747304644656, -6.643223663341171, 0.0 ], [ 106.716618603565877, -6.643536223617588, 0.0 ], [ 106.716646183075127, -6.643738470354013, 0.0 ], [ 106.716857620882664, -6.643812013313646, 0.0 ], [ 106.717252917888104, -6.643903942912424, 0.0 ], [ 106.717758532030828, -6.644336013196241, 0.0 ], [ 106.718144636166244, -6.644786468320643, 0.0 ], [ 106.718236565765125, -6.64510822236636, 0.0 ], [ 106.718031476271818, -6.645199723888009, 0.0 ], [ 106.718039958677437, -6.645203190774431, 0.0 ], [ 106.718530741200951, -6.645227729675742, 0.0 ], [ 106.718742179008572, -6.645429976412078, 0.0 ], [ 106.718742179008572, -6.645825273417429, 0.0 ], [ 106.718732986138633, -6.646376851010629, 0.0 ], [ 106.718953616816179, -6.646689412186415, 0.0 ], [ 106.719302950371073, -6.646900850893402, 0.0 ], [ 106.719597124907708, -6.647011166232133, 0.0 ], [ 106.719817755585169, -6.647240989779704, 0.0 ], [ 106.719707441145715, -6.647645480554356, 0.0 ], [ 106.719407629658704, -6.647615499855277, 0.0 ], [ 106.719334494991145, -6.647715946933221, 0.0 ], [ 106.719268115131669, -6.647907718366266, 0.0 ], [ 106.719307425397645, -6.648194891680728, 0.0 ], [ 106.719422961300793, -6.648366877129455, 0.0 ], [ 106.719452094838431, -6.64848169987037, 0.0 ], [ 106.719587286324341, -6.648797271076958, 0.0 ], [ 106.719568728813968, -6.648969722374645, 0.0 ], [ 106.719626797139142, -6.649141906573544, 0.0 ], [ 106.719637406441379, -6.649131951977818, 0.0 ], [ 106.71968715783629, -6.649319966043468, 0.0 ], [ 106.719740786208519, -6.649812902443255, 0.0 ], [ 106.719715278737368, -6.64991382256467, 0.0 ], [ 106.719612762319343, -6.650319447384359, 0.0 ], [ 106.719934209696149, -6.650355401380494, 0.0 ], [ 106.71993353520466, -6.650357519283858, 0.0 ], [ 106.719963267690915, -6.650344182337999, 0.0 ], [ 106.720002459246246, -6.650374751193535, 0.0 ], [ 106.720107312102954, -6.650456538238405, 0.0 ], [ 106.720327655896838, -6.650628406775319, 0.0 ], [ 106.720548964663266, -6.650822290716043, 0.0 ], [ 106.720624514010396, -6.650875220315058, 0.0 ], [ 106.720622970773746, -6.65086660391049, 0.0 ], [ 106.720727311016859, -6.651002888971949, 0.0 ], [ 106.720757387043946, -6.651042173157542, 0.0 ], [ 106.721043814820376, -6.651300714755983, 0.0 ], [ 106.721018580743149, -6.651508432967592, 0.0 ], [ 106.721513160204438, -6.651908996402813, 0.0 ], [ 106.721617935719379, -6.652181145643201, 0.0 ], [ 106.721826856324554, -6.652543772077237, 0.0 ], [ 106.721862438900544, -6.652747058429878, 0.0 ], [ 106.721906308729388, -6.652997686893549, 0.0 ], [ 106.721998242824924, -6.653308811852057, 0.0 ], [ 106.721908072299826, -6.653503778576333, 0.0 ], [ 106.72183047159929, -6.65358191077642, 0.0 ], [ 106.721753550785934, -6.65385469403871, 0.0 ], [ 106.721650219582244, -6.653997799558589, 0.0 ], [ 106.721742063745367, -6.654282970982042, 0.0 ], [ 106.721717961015329, -6.654815107930769, 0.0 ], [ 106.721679078826668, -6.655118744234514, 0.0 ], [ 106.721591611663726, -6.655801792818252, 0.0 ], [ 106.721670341912898, -6.656048079355195, 0.0 ], [ 106.721891790973501, -6.656280892249224, 0.0 ], [ 106.721892875555881, -6.656592333768998, 0.0 ], [ 106.721997653768909, -6.656864483908667, 0.0 ], [ 106.721895047418741, -6.657215216808634, 0.0 ], [ 106.721868307876335, -6.657359443783175, 0.0 ], [ 106.722418322447822, -6.657349794057534, 0.0 ], [ 106.722469921949568, -6.657968999769395, 0.0 ], [ 106.722779525255135, -6.658356003226764, 0.0 ], [ 106.723076227785853, -6.658549504955449, 0.0 ], [ 106.723308430040262, -6.65884620838554, 0.0 ], [ 106.723360030441285, -6.659671814802195, 0.0 ], [ 106.723347129666521, -6.660084618909803, 0.0 ], [ 106.723282630289305, -6.660445821717111, 0.0 ], [ 106.723153627937748, -6.660961826626846, 0.0 ], [ 106.723282630289305, -6.661310129558586, 0.0 ], [ 106.723592231796317, -6.661658433389874, 0.0 ], [ 106.724019975441706, -6.662248025325859, 0.0 ], [ 106.724521723399022, -6.662307056825014, 0.0 ], [ 106.724745713943804, -6.662569866605885, 0.0 ], [ 106.724787973086649, -6.663056353068022, 0.0 ], [ 106.724830443570312, -6.663603666076181, 0.0 ], [ 106.724891027299364, -6.664120599086267, 0.0 ], [ 106.72509825627975, -6.664799035946558, 0.0 ], [ 106.725202629797835, -6.665650278437365, 0.0 ], [ 106.725347278554281, -6.666420274376019, 0.0 ], [ 106.72545273665466, -6.667090050765037, 0.0 ], [ 106.725503335210945, -6.667251490763562, 0.0 ], [ 106.72550637312095, -6.66726118635447, 0.0 ], [ 106.725996084551824, -6.668119190847879, 0.0 ], [ 106.726030065435353, -6.668557041074354, 0.0 ], [ 106.726015148380569, -6.668930177885137, 0.0 ], [ 106.726016679926119, -6.669368142325673, 0.0 ], [ 106.725937038663645, -6.669790168081615, 0.0 ], [ 106.725970111231973, -6.669968484757618, 0.0 ], [ 106.726068757867097, -6.670341224067968, 0.0 ], [ 106.726281084204857, -6.670746008021613, 0.0 ], [ 106.726428233076788, -6.671069914144958, 0.0 ], [ 106.72651845666158, -6.671353466788812, 0.0 ], [ 106.726597193206146, -6.671599752426385, 0.0 ], [ 106.726597693229195, -6.671742494620183, 0.0 ], [ 106.726572962772224, -6.67209295682424, 0.0 ], [ 106.726626288072936, -6.672495052704299, 0.0 ], [ 106.726614444900889, -6.672819516407316, 0.0 ], [ 106.726589215320246, -6.673027233719644, 0.0 ], [ 106.726642403923989, -6.673390399746939, 0.0 ], [ 106.72651420556636, -6.673845039416761, 0.0 ], [ 106.726581145703534, -6.674428763276676, 0.0 ], [ 106.726592622253634, -6.674450483581609, 0.0 ], [ 106.7247801116944, -6.678273960034211, 0.0 ], [ 106.72377360168511, -6.676981032687515, 0.0 ], [ 106.722813449877179, -6.675456948434757, 0.0 ], [ 106.721403669786383, -6.673453539954757, 0.0 ], [ 106.721526283172935, -6.674808493452336, 0.0 ], [ 106.722061679780523, -6.676220933939394, 0.0 ], [ 106.721710515281259, -6.676929316543792, 0.0 ], [ 106.721714017392927, -6.677931107930348, 0.0 ], [ 106.722307947647863, -6.679225483173337, 0.0 ], [ 106.722135869555103, -6.680581465808846, 0.0 ], [ 106.720830129317577, -6.677993125844708, 0.0 ], [ 106.720381485287731, -6.677484081601772, 0.0 ], [ 106.719114503290726, -6.67617229485419, 0.0 ], [ 106.718699665483513, -6.675525514995897, 0.0 ], [ 106.717557093055206, -6.673922592566974, 0.0 ], [ 106.717283065464272, -6.674941155707739, 0.0 ], [ 106.715748999658246, -6.674475060005438, 0.0 ], [ 106.715846132075995, -6.676979238632477, 0.0 ], [ 106.715468053152804, -6.678424335553625, 0.0 ], [ 106.714759338559219, -6.678014294249603, 0.0 ], [ 106.715444171092741, -6.680000973735414, 0.0 ], [ 106.716662056553488, -6.682780979130101, 0.0 ], [ 106.714158152232528, -6.682066304464698, 0.0 ], [ 106.714129999600047, -6.682009999561647, 0.0 ], [ 106.714140000061207, -6.681910000345983, 0.0 ], [ 106.714160000084178, -6.681790000208156, 0.0 ], [ 106.714079999992208, -6.6816399995861, 0.0 ], [ 106.713950000292499, -6.681520000347554, 0.0 ], [ 106.713810000131616, -6.681340000140636, 0.0 ], [ 106.713739999601529, -6.681199999979839, 0.0 ], [ 106.713600000339923, -6.680919999658066, 0.0 ], [ 106.713500000225068, -6.680609999751521, 0.0 ], [ 106.713460000179126, -6.680509999636666, 0.0 ], [ 106.713279999972201, -6.68037000037506, 0.0 ], [ 106.713110000226465, -6.680270000260027, 0.0 ], [ 106.712979999627464, -6.680190000168142, 0.0 ], [ 106.712900000434857, -6.680099999615177, 0.0 ], [ 106.712760000274059, -6.680020000422573, 0.0 ], [ 106.712700000205061, -6.679940000330511, 0.0 ], [ 106.712660000159119, -6.679749999662512, 0.0 ], [ 106.712629999674974, -6.679479999801998, 0.0 ], [ 106.712589999629031, -6.679370000125164, 0.0 ], [ 106.712510000436424, -6.679299999595081, 0.0 ], [ 106.712350000252485, -6.67927000001022, 0.0 ], [ 106.712339999791396, -6.679189999918336, 0.0 ], [ 106.712339999791396, -6.67906999978042, 0.0 ], [ 106.712330000229514, -6.678880000011791, 0.0 ], [ 106.712450000367426, -6.678739999850993, 0.0 ], [ 106.712529999560033, -6.678530000059215, 0.0 ], [ 106.712620000113176, -6.678269999760502, 0.0 ], [ 106.712669999720916, -6.678129999599705, 0.0 ], [ 106.712990000088638, -6.677999999899811, 0.0 ], [ 106.712930000019725, -6.677839999716042, 0.0 ], [ 106.712769999835771, -6.677640000385523, 0.0 ], [ 106.712699339203311, -6.677506529302626, 0.0 ], [ 106.71268000018209, -6.677469999740495, 0.0 ], [ 106.712643198125306, -6.67723078637156, 0.0 ], [ 106.712640000136147, -6.677210000340974, 0.0 ], [ 106.712649999697945, -6.676970000065321, 0.0 ], [ 106.712660000159119, -6.676889999973259, 0.0 ], [ 106.712760000274059, -6.676549999582662, 0.0 ], [ 106.712800000320001, -6.676430000344027, 0.0 ], [ 106.712930000019725, -6.67606999993037, 0.0 ], [ 106.713050000157551, -6.675940000230565, 0.0 ], [ 106.713130000249436, -6.67584999967751, 0.0 ], [ 106.713210000341405, -6.675610000301138, 0.0 ], [ 106.713250000387433, -6.675300000394504, 0.0 ], [ 106.713299999995172, -6.675049999657503, 0.0 ], [ 106.713369999625982, -6.67479999981996, 0.0 ], [ 106.713449999718037, -6.674540000420439, 0.0 ], [ 106.713489999763979, -6.674090000353008, 0.0 ], [ 106.713460000179126, -6.673819999593125, 0.0 ], [ 106.713420000133183, -6.673669999870437, 0.0 ], [ 106.713420000133183, -6.673440000055777, 0.0 ], [ 106.713429999694895, -6.67325999984886, 0.0 ], [ 106.713429999694895, -6.672969999965375, 0.0 ], [ 106.713409999671924, -6.672680000081712, 0.0 ], [ 106.713380000087241, -6.672390000198138, 0.0 ], [ 106.71332999958004, -6.671750000361989, 0.0 ], [ 106.713279999972201, -6.671570000155249, 0.0 ], [ 106.713199999880231, -6.671439999556164, 0.0 ], [ 106.713163555753766, -6.671389538596131, 0.0 ], [ 106.713070000180522, -6.671260000248616, 0.0 ], [ 106.713079999742405, -6.671189999718443, 0.0 ], [ 106.71317999985726, -6.670699999605159, 0.0 ], [ 106.712959999604493, -6.670320000067722, 0.0 ], [ 106.712829999904685, -6.670199999929807, 0.0 ], [ 106.712339999791396, -6.669910000046322, 0.0 ], [ 106.712100000414935, -6.669680000231573, 0.0 ], [ 106.712080000391964, -6.669520000047715, 0.0 ], [ 106.712049999907734, -6.669219999702971, 0.0 ], [ 106.712020000323051, -6.668840000165712, 0.0 ], [ 106.711989999838821, -6.668700000004737, 0.0 ], [ 106.711940000230996, -6.668630000374023, 0.0 ], [ 106.711820000093169, -6.668559999843939, 0.0 ], [ 106.711579999817332, -6.668490000213225, 0.0 ], [ 106.711419999633478, -6.668439999706024, 0.0 ], [ 106.711350000002682, -6.668419999683053, 0.0 ], [ 106.71103797302429, -6.668340463641211, 0.0 ], [ 106.710900089867394, -6.668030227213109, 0.0 ], [ 106.710682686856686, -6.667634949093362, 0.0 ], [ 106.710455402994654, -6.66740766523132, 0.0 ], [ 106.710297292286384, -6.667239671873162, 0.0 ], [ 106.710129298928223, -6.667022269761826, 0.0 ], [ 106.709990951721295, -6.666567701138284, 0.0 ], [ 106.709595675400379, -6.666132896016066, 0.0 ], [ 106.709180633779397, -6.665856201602285, 0.0 ], [ 106.708824883561761, -6.665500453183117, 0.0 ], [ 106.708817423685304, -6.665500938817139, 0.0 ], [ 106.708810060935775, -6.665199054392659, 0.0 ], [ 106.708602540575072, -6.664793895421752, 0.0 ], [ 106.708256673007241, -6.664023103583219, 0.0 ], [ 106.707831749635815, -6.663459833904053, 0.0 ], [ 106.707792222633159, -6.663222668291304, 0.0 ], [ 106.707396945412967, -6.663025028781835, 0.0 ], [ 106.707051077845222, -6.662718689116023, 0.0 ], [ 106.706922613288185, -6.662639634211622, 0.0 ], [ 106.706883085386352, -6.66242223120074, 0.0 ], [ 106.706804029582571, -6.66175025956667, 0.0 ], [ 106.706645918874315, -6.661305572693923, 0.0 ], [ 106.706349460959032, -6.661018997428627, 0.0 ], [ 106.706343091061086, -6.661021120727941, 0.0 ], [ 106.706171585850257, -6.660801595317114, 0.0 ], [ 106.705973947240153, -6.660465608600799, 0.0 ], [ 106.705894892335579, -6.660287734391304, 0.0 ], [ 106.705924537587606, -6.660001158226727, 0.0 ], [ 106.705993710741396, -6.659536707852656, 0.0 ], [ 106.706161704099642, -6.658983319924019, 0.0 ], [ 106.706171585850257, -6.658627569706468, 0.0 ], [ 106.705865246184359, -6.6582718212873, 0.0 ], [ 106.70583560003314, -6.657935834570896, 0.0 ], [ 106.705894892335579, -6.657688787207618, 0.0 ], [ 106.705964064590177, -6.657589967003243, 0.0 ], [ 106.70583560003314, -6.65737256489173, 0.0 ], [ 106.705489733364757, -6.657204572432853, 0.0 ], [ 106.705381032309049, -6.656987170321518, 0.0 ], [ 106.704936345436209, -6.656601773952477, 0.0 ], [ 106.704471894162864, -6.656364608339818, 0.0 ], [ 106.704195199748909, -6.656186733230953, 0.0 ], [ 106.703770277276675, -6.655722282856882, 0.0 ], [ 106.703651693570976, -6.655396178790376, 0.0 ], [ 106.703601708352338, -6.655397428848033, 0.0 ], [ 106.703730749374827, -6.654674798402951, 0.0 ], [ 106.703671457971666, -6.654299284684075, 0.0 ], [ 106.703523229014024, -6.654259756782235, 0.0 ], [ 106.703444173210258, -6.654101646073887, 0.0 ], [ 106.703434290560267, -6.653844716060533, 0.0 ], [ 106.703434290560267, -6.653647076551152, 0.0 ], [ 106.703552874265881, -6.653439557089627, 0.0 ], [ 106.703651693570976, -6.653202389678405, 0.0 ], [ 106.703760394626684, -6.652876287410461, 0.0 ], [ 106.703760394626684, -6.652560065094661, 0.0 ], [ 106.703661576221052, -6.652372308235179, 0.0 ], [ 106.703740631125541, -6.652174669625168, 0.0 ], [ 106.703691220573617, -6.651888094359872, 0.0 ], [ 106.703691220573617, -6.65162128169662, 0.0 ], [ 106.703720866724836, -6.651433524837138, 0.0 ], [ 106.703740631125541, -6.651146948672562, 0.0 ], [ 106.703602283918428, -6.65084060900675, 0.0 ], [ 106.703335472154549, -6.650544151091466, 0.0 ], [ 106.702955243290063, -6.650414872648049, 0.0 ], [ 106.702939999781293, -6.650359999614111, 0.0 ], [ 106.702870000150583, -6.650229999914394, 0.0 ], [ 106.702700000404917, -6.650049999707477, 0.0 ], [ 106.702349999553064, -6.649839999915876, 0.0 ], [ 106.702213777444186, -6.649756753271365, 0.0 ], [ 106.702170000245601, -6.649730000239131, 0.0 ], [ 106.701559999994146, -6.649229999664588, 0.0 ], [ 106.701530000409463, -6.649160000033785, 0.0 ], [ 106.701410000271451, -6.648529999759525, 0.0 ], [ 106.701419999833348, -6.648440000105751, 0.0 ], [ 106.701430000294422, -6.648330000429006, 0.0 ], [ 106.701370000225509, -6.648090000153175, 0.0 ], [ 106.701270000110654, -6.647769999785549, 0.0 ], [ 106.7011099999268, -6.647589999578631, 0.0 ], [ 106.700249999837879, -6.647049999857515, 0.0 ], [ 106.700029999585013, -6.646820000042766, 0.0 ], [ 106.69995000039242, -6.646590000228105, 0.0 ], [ 106.699930000369449, -6.646399999560106, 0.0 ], [ 106.699879999862247, -6.646100000114732, 0.0 ], [ 106.699759999724421, -6.64587000030016, 0.0 ], [ 106.699600000439929, -6.645670000070272, 0.0 ], [ 106.699500000324974, -6.645300000094814, 0.0 ], [ 106.699480000302003, -6.645199999979781, 0.0 ], [ 106.699500000324974, -6.644879999612066, 0.0 ], [ 106.699639999586594, -6.644640000235693, 0.0 ], [ 106.69967000007064, -6.644460000028776, 0.0 ], [ 106.699650000047669, -6.644270000260146, 0.0 ], [ 106.699619999563438, -6.644179999707003, 0.0 ], [ 106.699549999932813, -6.643809999731545, 0.0 ], [ 106.699509999886786, -6.643590000378055, 0.0 ], [ 106.699360000164091, -6.643069999780451, 0.0 ], [ 106.699210000441411, -6.642779999896877, 0.0 ], [ 106.698930000119631, -6.642420000382501, 0.0 ], [ 106.698890000073689, -6.642280000221703, 0.0 ], [ 106.698899999635501, -6.64218000010667, 0.0 ], [ 106.69891000009666, -6.642050000406954, 0.0 ], [ 106.698859999589558, -6.641719999578157, 0.0 ], [ 106.698780000396951, -6.641629999924383, 0.0 ], [ 106.698720000328038, -6.641520000247638, 0.0 ], [ 106.698640000235969, -6.641309999556579, 0.0 ], [ 106.698350000352406, -6.64090000043446, 0.0 ], [ 106.698279999822319, -6.640829999904287, 0.0 ], [ 106.698070000030626, -6.640319999768032, 0.0 ], [ 106.697940000331002, -6.639989999838427, 0.0 ], [ 106.697809999731916, -6.63963999988594, 0.0 ], [ 106.697713668850952, -6.639396340268746, 0.0 ], [ 106.697639999986251, -6.63920999984148, 0.0 ], [ 106.69753999987131, -6.638830000304132, 0.0 ], [ 106.697556479947821, -6.638574559568013, 0.0 ], [ 106.697559999894366, -6.638520000397499, 0.0 ], [ 106.697660000009222, -6.638209999591584, 0.0 ], [ 106.697720000078135, -6.63791000014621, 0.0 ], [ 106.697734050186511, -6.637673954189474, 0.0 ], [ 106.697769999685974, -6.637070000080172, 0.0 ], [ 106.697789999708945, -6.636419999782941, 0.0 ], [ 106.697849999777858, -6.635989999738481, 0.0 ], [ 106.697989999938741, -6.635490000063307, 0.0 ], [ 106.698090000053597, -6.635200000179644, 0.0 ], [ 106.698270000260521, -6.634999999949756, 0.0 ], [ 106.698379766113547, -6.634925516299308, 0.0 ], [ 106.69854999968301, -6.634810000181215, 0.0 ], [ 106.698675248264294, -6.634692580198234, 0.0 ], [ 106.698870000050718, -6.634509999836471, 0.0 ], [ 106.698919999658472, -6.63426999956064, 0.0 ], [ 106.698919999658472, -6.633860000438432, 0.0 ], [ 106.698950000142602, -6.633549999632606, 0.0 ], [ 106.699030000234487, -6.633319999817857, 0.0 ], [ 106.699110000326471, -6.633170000095259, 0.0 ], [ 106.699369999725988, -6.633020000372571, 0.0 ], [ 106.699469999840844, -6.632849999727544, 0.0 ], [ 106.69958999997867, -6.632630000374053, 0.0 ], [ 106.700220000253012, -6.632780000096741, 0.0 ], [ 106.701250000087683, -6.632880000211596, 0.0 ], [ 106.702380000037209, -6.632840000165654, 0.0 ], [ 106.70276746394758, -6.632781037914395, 0.0 ], [ 106.702839999666438, -6.632769999635659, 0.0 ], [ 106.703360000263956, -6.632619999912794, 0.0 ], [ 106.70381999989327, -6.632499999774968, 0.0 ], [ 106.704550000282481, -6.632519999797939, 0.0 ], [ 106.704820000143087, -6.632590000328022, 0.0 ], [ 106.704907604002898, -6.632631897044163, 0.0 ], [ 106.705279999772486, -6.632809999681601, 0.0 ], [ 106.705860000438918, -6.633159999634088, 0.0 ], [ 106.706099999815379, -6.63317999965706, 0.0 ], [ 106.706689288679925, -6.632968910786321, 0.0 ], [ 106.706770000135577, -6.632940000280687, 0.0 ], [ 106.706829224988951, -6.63291038830355, 0.0 ], [ 106.707149999673021, -6.632749999612688, 0.0 ], [ 106.707750000362509, -6.632410000121283, 0.0 ], [ 106.708381505202482, -6.632016454095915, 0.0 ], [ 106.708439999806401, -6.631980000076823, 0.0 ], [ 106.708462134819868, -6.631967878114988, 0.0 ], [ 106.708860000288965, -6.631750000262073, 0.0 ], [ 106.709480000102147, -6.631550000032274, 0.0 ], [ 106.7101199999383, -6.631440000355528, 0.0 ], [ 106.710710753798438, -6.631377911161476, 0.0 ], [ 106.711153034085498, -6.631331427003531, 0.0 ], [ 106.711280226101707, -6.630827590820534, 0.0 ], [ 106.711482319054028, -6.630679557915045, 0.0 ], [ 106.711643464974117, -6.630693009074964, 0.0 ] ] ] ] } },
{ "type": "Feature", "properties": { "PROVNO": "32", "KABKOTNO": "01", "KECNO": "051", "DESANO": "003", "PROVINSI": "JAWA BARAT", "KABKOT": "BOGOR", "KECAMATAN": "TENJOLAYA", "ID2013": "3201051003", "DESA": "TAPOS 2", "DESA_1": "TAPOS 2", "ID2012": "3201051003", "IDKAB2": "3201", "IDKEC_2": "3201051", "WILAYAH": "BARAT" }, "geometry": { "type": "MultiPolygon", "coordinates": [ [ [ [ 106.699079999842326, -6.626740000350608, 0.0 ], [ 106.699059999819355, -6.626870000050324, 0.0 ], [ 106.698939484369902, -6.627210590396295, 0.0 ], [ 106.698930894945008, -6.627234863098277, 0.0 ], [ 106.698830000004691, -6.627520000347644, 0.0 ], [ 106.698660000259025, -6.627799999769959, 0.0 ], [ 106.698569999705882, -6.628049999607679, 0.0 ], [ 106.698629999774795, -6.628389999998276, 0.0 ], [ 106.698560000144084, -6.628949999742542, 0.0 ], [ 106.698600000190027, -6.629069999880457, 0.0 ], [ 106.698740000350909, -6.629470000340056, 0.0 ], [ 106.698999999750356, -6.629909999946406, 0.0 ], [ 106.699349999702918, -6.630330000428977, 0.0 ], [ 106.699690000093611, -6.630600000289668, 0.0 ], [ 106.699930000369449, -6.631019999872958, 0.0 ], [ 106.700109999676897, -6.631659999709107, 0.0 ], [ 106.700160000184013, -6.631969999615652, 0.0 ], [ 106.700060000069158, -6.632280000421567, 0.0 ], [ 106.699759999724421, -6.632499999774968, 0.0 ], [ 106.69958999997867, -6.632630000374053, 0.0 ], [ 106.699469999840844, -6.632849999727544, 0.0 ], [ 106.699369999725988, -6.633020000372571, 0.0 ], [ 106.699110000326471, -6.633170000095259, 0.0 ], [ 106.699030000234487, -6.633319999817857, 0.0 ], [ 106.698950000142602, -6.633549999632606, 0.0 ], [ 106.698919999658472, -6.633860000438432, 0.0 ], [ 106.698919999658472, -6.63426999956064, 0.0 ], [ 106.698870000050718, -6.634509999836471, 0.0 ], [ 106.698675248264294, -6.634692580198234, 0.0 ], [ 106.69854999968301, -6.634810000181215, 0.0 ], [ 106.698379766113547, -6.634925516299308, 0.0 ], [ 106.698270000260521, -6.634999999949756, 0.0 ], [ 106.698090000053597, -6.635200000179644, 0.0 ], [ 106.697989999938741, -6.635490000063307, 0.0 ], [ 106.697849999777858, -6.635989999738481, 0.0 ], [ 106.697789999708945, -6.636419999782941, 0.0 ], [ 106.697769999685974, -6.637070000080172, 0.0 ], [ 106.697734050186511, -6.637673954189474, 0.0 ], [ 106.697720000078135, -6.63791000014621, 0.0 ], [ 106.697660000009222, -6.638209999591584, 0.0 ], [ 106.697559999894366, -6.638520000397499, 0.0 ], [ 106.697556479947821, -6.638574559568013, 0.0 ], [ 106.69753999987131, -6.638830000304132, 0.0 ], [ 106.697639999986251, -6.63920999984148, 0.0 ], [ 106.697713668850952, -6.639396340268746, 0.0 ], [ 106.697809999731916, -6.63963999988594, 0.0 ], [ 106.697940000331002, -6.639989999838427, 0.0 ], [ 106.698070000030626, -6.640319999768032, 0.0 ], [ 106.698279999822319, -6.640829999904287, 0.0 ], [ 106.698350000352406, -6.64090000043446, 0.0 ], [ 106.698640000235969, -6.641309999556579, 0.0 ], [ 106.698720000328038, -6.641520000247638, 0.0 ], [ 106.698780000396951, -6.641629999924383, 0.0 ], [ 106.698859999589558, -6.641719999578157, 0.0 ], [ 106.69891000009666, -6.642050000406954, 0.0 ], [ 106.698899999635501, -6.64218000010667, 0.0 ], [ 106.698890000073689, -6.642280000221703, 0.0 ], [ 106.698930000119631, -6.642420000382501, 0.0 ], [ 106.699210000441411, -6.642779999896877, 0.0 ], [ 106.699360000164091, -6.643069999780451, 0.0 ], [ 106.699509999886786, -6.643590000378055, 0.0 ], [ 106.699549999932813, -6.643809999731545, 0.0 ], [ 106.699619999563438, -6.644179999707003, 0.0 ], [ 106.699650000047669, -6.644270000260146, 0.0 ], [ 106.69967000007064, -6.644460000028776, 0.0 ], [ 106.699639999586594, -6.644640000235693, 0.0 ], [ 106.699500000324974, -6.644879999612066, 0.0 ], [ 106.699480000302003, -6.645199999979781, 0.0 ], [ 106.699500000324974, -6.645300000094814, 0.0 ], [ 106.699139999911239, -6.645369999725617, 0.0 ], [ 106.698890000073604, -6.645360000163727, 0.0 ], [ 106.698680000281996, -6.645309999656615, 0.0 ], [ 106.698410000421319, -6.645240000025812, 0.0 ], [ 106.698190000168537, -6.645179999956898, 0.0 ], [ 106.698029999984684, -6.645130000349067, 0.0 ], [ 106.697849999777858, -6.645090000303124, 0.0 ], [ 106.69782426927479, -6.645084676316539, 0.0 ], [ 106.697559999894281, -6.645030000234122, 0.0 ], [ 106.697299999595486, -6.645070000280064, 0.0 ], [ 106.696940000081099, -6.645139999910867, 0.0 ], [ 106.696699999805361, -6.645179999956898, 0.0 ], [ 106.696360000313959, -6.645170000395098, 0.0 ], [ 106.69618000010712, -6.645130000349067, 0.0 ], [ 106.696030000384354, -6.645050000257093, 0.0 ], [ 106.695850000177529, -6.644870000050265, 0.0 ], [ 106.695710000016632, -6.644640000235693, 0.0 ], [ 106.695589999878806, -6.644430000444004, 0.0 ], [ 106.695460000178997, -6.644000000399544, 0.0 ], [ 106.695369999625953, -6.643599999939944, 0.0 ], [ 106.695270000410375, -6.643129999849453, 0.0 ], [ 106.695230000364432, -6.642969999665596, 0.0 ], [ 106.695079999742376, -6.642360000313587, 0.0 ], [ 106.694939999581493, -6.642100000014786, 0.0 ], [ 106.694829999904741, -6.641930000269127, 0.0 ], [ 106.694689999743858, -6.641779999647071, 0.0 ], [ 106.694569999605946, -6.641680000431496, 0.0 ], [ 106.694295729764264, -6.641478331059982, 0.0 ], [ 106.694230000114629, -6.641429999694584, 0.0 ], [ 106.694020000322936, -6.641239999925954, 0.0 ], [ 106.693880000162054, -6.641099999764979, 0.0 ], [ 106.69380000007007, -6.640979999627152, 0.0 ], [ 106.693690000393332, -6.640720000227631, 0.0 ], [ 106.693630000324418, -6.640540000020891, 0.0 ], [ 106.693599999840274, -6.640179999607145, 0.0 ], [ 106.693630000324418, -6.640049999907429, 0.0 ], [ 106.693559999794331, -6.639989999838427, 0.0 ], [ 106.693340000440841, -6.639960000253655, 0.0 ], [ 106.693160000234016, -6.639960000253655, 0.0 ], [ 106.693160000234016, -6.640210000091287, 0.0 ], [ 106.693160000234016, -6.640290000183171, 0.0 ], [ 106.693140000211045, -6.640869999950407, 0.0 ], [ 106.693129999749871, -6.641210000341093, 0.0 ], [ 106.693140000211045, -6.641500000224667, 0.0 ], [ 106.693100000165018, -6.641850000177243, 0.0 ], [ 106.693089999703844, -6.642039999945872, 0.0 ], [ 106.693060000119075, -6.642209999691531, 0.0 ], [ 106.693069999680873, -6.642340000290616, 0.0 ], [ 106.693089999703844, -6.642510000036363, 0.0 ], [ 106.693160000234016, -6.642889999573622, 0.0 ], [ 106.693229999864826, -6.643310000056282, 0.0 ], [ 106.693300000394814, -6.643550000332112, 0.0 ], [ 106.692533278887907, -6.643625830267688, 0.0 ], [ 106.692389999798777, -6.643639999985886, 0.0 ], [ 106.692220000053126, -6.643869999800458, 0.0 ], [ 106.691999999800345, -6.644059999569176, 0.0 ], [ 106.691749999962724, -6.644159999684032, 0.0 ], [ 106.691379999987177, -6.644279999821947, 0.0 ], [ 106.690980000426862, -6.644350000352031, 0.0 ], [ 106.690559999944284, -6.64433000032906, 0.0 ], [ 106.690258091238064, -6.644366594642506, 0.0 ], [ 106.690230000014679, -6.644370000375002, 0.0 ], [ 106.689610000201498, -6.644440000005805, 0.0 ], [ 106.689089999603993, -6.644520000097778, 0.0 ], [ 106.688549999882781, -6.644600000189751, 0.0 ], [ 106.688409999721898, -6.644319999867978, 0.0 ], [ 106.688409999721898, -6.643969999915402, 0.0 ], [ 106.68848613632629, -6.64385720604507, 0.0 ], [ 106.68867999958249, -6.643570000355083, 0.0 ], [ 106.689089999603993, -6.643189999918366, 0.0 ], [ 106.689069999580923, -6.642819999942908, 0.0 ], [ 106.68889000027346, -6.642070000430014, 0.0 ], [ 106.688770000135548, -6.641250000387036, 0.0 ], [ 106.688719999628432, -6.640250000137229, 0.0 ], [ 106.688645852324413, -6.640118182008372, 0.0 ], [ 106.68844999976784, -6.639769999585656, 0.0 ], [ 106.688026887630954, -6.639405927041722, 0.0 ], [ 106.68801999972338, -6.639399999610109, 0.0 ], [ 106.687820000392861, -6.63898999958862, 0.0 ], [ 106.687963353226365, -6.638638134442179, 0.0 ], [ 106.688039999746351, -6.638449999867415, 0.0 ], [ 106.688090000253553, -6.638079999891957, 0.0 ], [ 106.687989254600581, -6.637806826323835, 0.0 ], [ 106.687569999655949, -6.636669999620572, 0.0 ], [ 106.687513905342655, -6.636557809195356, 0.0 ], [ 106.687270000210475, -6.636069999830454, 0.0 ], [ 106.687310000256517, -6.635519999648167, 0.0 ], [ 106.687609999701891, -6.634629999974386, 0.0 ], [ 106.687509999587036, -6.633930000069324, 0.0 ], [ 106.687339999841285, -6.633569999655577, 0.0 ], [ 106.687139999611489, -6.633110000026345, 0.0 ], [ 106.687063383668388, -6.632960505722654, 0.0 ], [ 106.68672999959, -6.632310000006338, 0.0 ], [ 106.686220000352932, -6.631739999800992, 0.0 ], [ 106.685836399030762, -6.631401529157035, 0.0 ], [ 106.68553999957156, -6.631140000010785, 0.0 ], [ 106.685200000080073, -6.63083000010424, 0.0 ], [ 106.684850000127582, -6.630170000245119, 0.0 ], [ 106.684750000012727, -6.629800000269661, 0.0 ], [ 106.684589999828773, -6.629620000062832, 0.0 ], [ 106.684720000427859, -6.629270000110257, 0.0 ], [ 106.684750000012727, -6.629120000387569, 0.0 ], [ 106.684770000035698, -6.628869999650568, 0.0 ], [ 106.684799999620466, -6.628599999789966, 0.0 ], [ 106.684850000127582, -6.628430000044307, 0.0 ], [ 106.684799999620466, -6.628309999906392, 0.0 ], [ 106.684779999597495, -6.628100000114703, 0.0 ], [ 106.684750000012727, -6.62804000004579, 0.0 ], [ 106.685090000403321, -6.627520000347644, 0.0 ], [ 106.685249999687898, -6.627229999564701, 0.0 ], [ 106.685489999963721, -6.626809999981322, 0.0 ], [ 106.685639999686416, -6.626540000120809, 0.0 ], [ 106.685819999893241, -6.626259999799036, 0.0 ], [ 106.686020000123136, -6.626020000422486, 0.0 ], [ 106.686269999960672, -6.625749999662602, 0.0 ], [ 106.68633000002967, -6.625740000100802, 0.0 ], [ 106.686370000075613, -6.625929999869431, 0.0 ], [ 106.68657999986722, -6.62611000007626, 0.0 ], [ 106.686740000051174, -6.62613999966112, 0.0 ], [ 106.687000000349883, -6.626079999592118, 0.0 ], [ 106.687330000279488, -6.625869999800518, 0.0 ], [ 106.687700000255035, -6.625689999593689, 0.0 ], [ 106.687999999700409, -6.625630000423968, 0.0 ], [ 106.688021353203013, -6.625627865433472, 0.0 ], [ 106.688199999930205, -6.625610000400997, 0.0 ], [ 106.688429999744869, -6.625530000309112, 0.0 ], [ 106.688469804637933, -6.625506584660936, 0.0 ], [ 106.688600000389897, -6.625430000194168, 0.0 ], [ 106.688779999697346, -6.625439999755969, 0.0 ], [ 106.689089999603993, -6.625539999870913, 0.0 ], [ 106.689260000248922, -6.625619999962886, 0.0 ], [ 106.689590000178526, -6.626079999592118, 0.0 ], [ 106.689770000385451, -6.626440000005864, 0.0 ], [ 106.690020000222987, -6.626709999866378, 0.0 ], [ 106.690242836038209, -6.62683478799492, 0.0 ], [ 106.690270000060622, -6.626850000027353, 0.0 ], [ 106.690709999666879, -6.626919999658067, 0.0 ], [ 106.690999999550542, -6.626899999635096, 0.0 ], [ 106.691183454952608, -6.626892943554399, 0.0 ], [ 106.69125999984935, -6.626890000073296, 0.0 ], [ 106.691500000125089, -6.626919999658067, 0.0 ], [ 106.691580000216973, -6.626990000188151, 0.0 ], [ 106.691669999870754, -6.627320000117756, 0.0 ], [ 106.691709999916696, -6.62740999977153, 0.0 ], [ 106.691959999754403, -6.627469999840443, 0.0 ], [ 106.692480000351921, -6.62719000041804, 0.0 ], [ 106.692712584818096, -6.626926403730451, 0.0 ], [ 106.692779999797295, -6.626850000027353, 0.0 ], [ 106.692879999912236, -6.626600000189722, 0.0 ], [ 106.692891557999175, -6.62654336628318, 0.0 ], [ 106.692980000027191, -6.62611000007626, 0.0 ], [ 106.693129999749871, -6.625849999777547, 0.0 ], [ 106.693379999587506, -6.625760000123773, 0.0 ], [ 106.693659999909272, -6.625769999685573, 0.0 ], [ 106.694120000437877, -6.625880000261688, 0.0 ], [ 106.694169235621899, -6.6258820102464, 0.0 ], [ 106.694609999651973, -6.625900000284659, 0.0 ], [ 106.694869999950683, -6.625760000123773, 0.0 ], [ 106.695059999719405, -6.625650000447028, 0.0 ], [ 106.695277285818207, -6.625700143047055, 0.0 ], [ 106.695449999717923, -6.625740000100802, 0.0 ], [ 106.695939999831296, -6.62592000030763, 0.0 ], [ 106.696320000268017, -6.626009999961315, 0.0 ], [ 106.696539999621422, -6.626020000422486, 0.0 ], [ 106.69685999998913, -6.625980000376543, 0.0 ], [ 106.697015413630552, -6.625909356831219, 0.0 ], [ 106.697189999918734, -6.625829999754487, 0.0 ], [ 106.697479999802312, -6.625579999916944, 0.0 ], [ 106.697849999777858, -6.625399999710027, 0.0 ], [ 106.698040000445857, -6.625359999664084, 0.0 ], [ 106.698370000375377, -6.625499999824971, 0.0 ], [ 106.698649999797865, -6.625820000192686, 0.0 ], [ 106.699079999842326, -6.626740000350608, 0.0 ] ] ] ] } },
{ "type": "Feature", "properties": { "PROVNO": "32", "KABKOTNO": "01", "KECNO": "051", "DESANO": "004", "PROVINSI": "JAWA BARAT", "KABKOT": "BOGOR", "KECAMATAN": "TENJOLAYA", "ID2013": "3201051004", "DESA": "SITU DAUN", "DESA_1": "SITU DAUN", "ID2012": "3201051004", "IDKAB2": "3201", "IDKEC_2": "3201051", "WILAYAH": "BARAT" }, "geometry": { "type": "MultiPolygon", "coordinates": [ [ [ [ 106.715533094876633, -6.603623331851107, 0.0 ], [ 106.715579472914484, -6.604611550082797, 0.0 ], [ 106.715176850931087, -6.605355754364464, 0.0 ], [ 106.715042383399492, -6.605528109434502, 0.0 ], [ 106.714674774721232, -6.605822372104644, 0.0 ], [ 106.714564841594367, -6.605910370766779, 0.0 ], [ 106.714430690624027, -6.606174810119239, 0.0 ], [ 106.714339323101427, -6.606383850334243, 0.0 ], [ 106.714266159655722, -6.606531438075294, 0.0 ], [ 106.714249158871738, -6.606942808663554, 0.0 ], [ 106.714206861957322, -6.607139402261488, 0.0 ], [ 106.714012206398365, -6.607661886786467, 0.0 ], [ 106.713897423227664, -6.608202513335151, 0.0 ], [ 106.713791615290944, -6.608280344262276, 0.0 ], [ 106.713633545052261, -6.608234117310499, 0.0 ], [ 106.713449476312462, -6.608265446093267, 0.0 ], [ 106.713223320200214, -6.608554757096243, 0.0 ], [ 106.713107626915672, -6.608831410141338, 0.0 ], [ 106.712875734028103, -6.609085384083038, 0.0 ], [ 106.712759004724461, -6.609213228107826, 0.0 ], [ 106.712403608839651, -6.609410898194259, 0.0 ], [ 106.712244793962313, -6.609644727322141, 0.0 ], [ 106.712085788428595, -6.609823304801523, 0.0 ], [ 106.712057394133595, -6.610492553288552, 0.0 ], [ 106.711890231748953, -6.610819591750641, 0.0 ], [ 106.71144757284732, -6.611685617297205, 0.0 ], [ 106.711403158029455, -6.611790709373579, 0.0 ], [ 106.711252702350521, -6.612146713200087, 0.0 ], [ 106.711149999772786, -6.612310000405976, 0.0 ], [ 106.711122151366368, -6.612354558216129, 0.0 ], [ 106.711100000165047, -6.612389999598669, 0.0 ], [ 106.711060000119105, -6.612469999690553, 0.0 ], [ 106.711020000073162, -6.612549999782527, 0.0 ], [ 106.710989999589017, -6.612640000335581, 0.0 ], [ 106.710950000442352, -6.612720000427554, 0.0 ], [ 106.710919999958207, -6.612799999620069, 0.0 ], [ 106.710879999912265, -6.612890000173213, 0.0 ], [ 106.710870236872125, -6.612916033747798, 0.0 ], [ 106.710850000327412, -6.612970000265097, 0.0 ], [ 106.710810000281469, -6.61305000035707, 0.0 ], [ 106.710799999820296, -6.613130000449043, 0.0 ], [ 106.710770000235442, -6.613200000079758, 0.0 ], [ 106.710750000212471, -6.61326999971056, 0.0 ], [ 106.710719999728411, -6.613340000240644, 0.0 ], [ 106.710690000143558, -6.613440000355588, 0.0 ], [ 106.710659999659413, -6.613550000032333, 0.0 ], [ 106.710630000074644, -6.613639999686107, 0.0 ], [ 106.710599999590499, -6.613710000216191, 0.0 ], [ 106.710560000443834, -6.613790000308075, 0.0 ], [ 106.710520000397892, -6.613850000377077, 0.0 ], [ 106.710460000328894, -6.613949999592652, 0.0 ], [ 106.71040000025998, -6.614029999684625, 0.0 ], [ 106.710340000191067, -6.61410999977651, 0.0 ], [ 106.710280000122069, -6.614209999891454, 0.0 ], [ 106.710229999614953, -6.614280000421537, 0.0 ], [ 106.710200000030184, -6.61435000005234, 0.0 ], [ 106.710170000445316, -6.614399999660083, 0.0 ], [ 106.710130000399374, -6.614470000190167, 0.0 ], [ 106.710099999915229, -6.61453999982097, 0.0 ], [ 106.710050000307405, -6.614610000351053, 0.0 ], [ 106.710010000261462, -6.614679999981856, 0.0 ], [ 106.70997000021552, -6.614760000073741, 0.0 ], [ 106.709939999731375, -6.614829999704543, 0.0 ], [ 106.709899999685433, -6.614900000234716, 0.0 ], [ 106.709886015227582, -6.614932632135098, 0.0 ], [ 106.70987000010058, -6.61496999986543, 0.0 ], [ 106.709819999593464, -6.615049999957403, 0.0 ], [ 106.709769999985639, -6.615150000072259, 0.0 ], [ 106.709729999939697, -6.615239999726032, 0.0 ], [ 106.709690517003921, -6.615309096437496, 0.0 ], [ 106.709689999893754, -6.615310000256116, 0.0 ], [ 106.709680000331858, -6.615379999886919, 0.0 ], [ 106.709669999870783, -6.615450000417002, 0.0 ], [ 106.709680000331858, -6.615520000047805, 0.0 ], [ 106.709689999893754, -6.615580000116807, 0.0 ], [ 106.709709999916726, -6.615640000185721, 0.0 ], [ 106.709729999939697, -6.615720000277605, 0.0 ], [ 106.709760000423827, -6.615780000346607, 0.0 ], [ 106.709790000008695, -6.615870000000292, 0.0 ], [ 106.709839999616435, -6.615930000069294, 0.0 ], [ 106.709890000123636, -6.616019999723068, 0.0 ], [ 106.709930000169578, -6.616099999814953, 0.0 ], [ 106.709990000238491, -6.616159999883866, 0.0 ], [ 106.710039999846316, -6.616219999952868, 0.0 ], [ 106.710130000399374, -6.616309999606642, 0.0 ], [ 106.71018999956901, -6.616369999675644, 0.0 ], [ 106.710260000099098, -6.616429999744557, 0.0 ], [ 106.710320000168096, -6.6164699997905, 0.0 ], [ 106.710369999775835, -6.616509999836442, 0.0 ], [ 106.710440000305923, -6.616549999882384, 0.0 ], [ 106.710500000374921, -6.616600000389585, 0.0 ], [ 106.710599999590499, -6.616659999559129, 0.0 ], [ 106.710690000143558, -6.616719999628131, 0.0 ], [ 106.710739999751382, -6.616759999674073, 0.0 ], [ 106.710799999820296, -6.616810000181186, 0.0 ], [ 106.710859999889209, -6.616850000227128, 0.0 ], [ 106.710919999958207, -6.61689999983496, 0.0 ], [ 106.71098000002722, -6.616939999880902, 0.0 ], [ 106.711040000096133, -6.616990000388014, 0.0 ], [ 106.711100000165047, -6.617030000433957, 0.0 ], [ 106.711149999772786, -6.617069999580707, 0.0 ], [ 106.711229999864756, -6.61712999964962, 0.0 ], [ 106.711241289054428, -6.617135643794771, 0.0 ], [ 106.71130999995674, -6.617169999695562, 0.0 ], [ 106.711379999587535, -6.617209999741505, 0.0 ], [ 106.71145999967942, -6.617269999810507, 0.0 ], [ 106.711559999794275, -6.617320000317619, 0.0 ], [ 106.711619999863274, -6.617369999925451, 0.0 ], [ 106.711699999955243, -6.617450000017335, 0.0 ], [ 106.711769999586053, -6.61753000010922, 0.0 ], [ 106.711829999654967, -6.617610000201193, 0.0 ], [ 106.711869999700909, -6.617659999809025, 0.0 ], [ 106.711909999746851, -6.617719999877938, 0.0 ], [ 106.711949999792793, -6.61777000038505, 0.0 ], [ 106.711989999838821, -6.617840000015764, 0.0 ], [ 106.712040000345937, -6.617900000084767, 0.0 ], [ 106.712109999976647, -6.618000000199711, 0.0 ], [ 106.712179999607457, -6.618060000268624, 0.0 ], [ 106.71223999967637, -6.618109999876456, 0.0 ], [ 106.712310000206543, -6.618149999922398, 0.0 ], [ 106.712359999814367, -6.618180000406539, 0.0 ], [ 106.712430000344369, -6.618209999991311, 0.0 ], [ 106.712479999952194, -6.618239999576172, 0.0 ], [ 106.712540000021107, -6.618279999622114, 0.0 ], [ 106.712609999651917, -6.618299999645085, 0.0 ], [ 106.712669999720916, -6.618330000129227, 0.0 ], [ 106.712740000251003, -6.618370000175258, 0.0 ], [ 106.712800000319916, -6.61839999976003, 0.0 ], [ 106.712880000411886, -6.618439999805972, 0.0 ], [ 106.712950000042696, -6.618490000313084, 0.0 ], [ 106.713019999673406, -6.618539999920916, 0.0 ], [ 106.713059999719434, -6.618590000428028, 0.0 ], [ 106.713099999765376, -6.61864000003586, 0.0 ], [ 106.713103692381637, -6.618658458620832, 0.0 ], [ 106.713119999788347, -6.618740000150716, 0.0 ], [ 106.713130000249436, -6.61884000026566, 0.0 ], [ 106.713119999788347, -6.618929999919345, 0.0 ], [ 106.713099999765376, -6.618989999988347, 0.0 ], [ 106.713070000180522, -6.619079999642121, 0.0 ], [ 106.713039999696377, -6.619170000195176, 0.0 ], [ 106.712990000088638, -6.61925999984895, 0.0 ], [ 106.712950000042696, -6.619350000402093, 0.0 ], [ 106.712919999558466, -6.619429999594697, 0.0 ], [ 106.712889999973683, -6.619509999686581, 0.0 ], [ 106.712869999950712, -6.619569999755495, 0.0 ], [ 106.712849999927741, -6.619640000285667, 0.0 ], [ 106.712849999927741, -6.619740000400522, 0.0 ], [ 106.712880000411886, -6.619839999616186, 0.0 ], [ 106.712881965430526, -6.619844323556592, 0.0 ], [ 106.712930000019625, -6.619950000192212, 0.0 ], [ 106.712979999627464, -6.620050000307156, 0.0 ], [ 106.713010000111609, -6.62013000039904, 0.0 ], [ 106.713039999696377, -6.620200000029755, 0.0 ], [ 106.713070000180522, -6.620289999683528, 0.0 ], [ 106.713099999765376, -6.620400000259643, 0.0 ], [ 106.713110000226465, -6.620480000351527, 0.0 ], [ 106.713110000226465, -6.62054999998233, 0.0 ], [ 106.713090000203493, -6.620619999613133, 0.0 ], [ 106.713079999742405, -6.620690000143217, 0.0 ], [ 106.713059999719434, -6.620790000258161, 0.0 ], [ 106.71303000013458, -6.620899999934906, 0.0 ], [ 106.713010000111609, -6.621009999611651, 0.0 ], [ 106.712990000088638, -6.621100000164706, 0.0 ], [ 106.712970000065667, -6.62118999981848, 0.0 ], [ 106.712939999581437, -6.621300000394594, 0.0 ], [ 106.712930000019625, -6.621410000071339, 0.0 ], [ 106.712922020335157, -6.621505758084059, 0.0 ], [ 106.712919999558466, -6.621530000209166, 0.0 ], [ 106.712919999558466, -6.621639999885911, 0.0 ], [ 106.712930000019625, -6.621719999977884, 0.0 ], [ 106.712950000042696, -6.621789999608598, 0.0 ], [ 106.712979999627464, -6.621860000138682, 0.0 ], [ 106.713010000111609, -6.621929999769485, 0.0 ], [ 106.713050000157551, -6.622000000299657, 0.0 ], [ 106.713099999765376, -6.6220499999074, 0.0 ], [ 106.713159999834289, -6.622120000437484, 0.0 ], [ 106.713210000341405, -6.622170000045315, 0.0 ], [ 106.71325999994923, -6.622210000091258, 0.0 ], [ 106.713309999556969, -6.622259999699089, 0.0 ], [ 106.713360000064171, -6.622310000206202, 0.0 ], [ 106.713429999694895, -6.622390000298175, 0.0 ], [ 106.713520000247939, -6.62247999995186, 0.0 ], [ 106.713569999855778, -6.622569999605634, 0.0 ], [ 106.713620000362894, -6.622649999697519, 0.0 ], [ 106.713649999947748, -6.622720000227691, 0.0 ], [ 106.71368999999369, -6.622800000319575, 0.0 ], [ 106.713719999578473, -6.622869999950378, 0.0 ], [ 106.7137599996245, -6.622959999604152, 0.0 ], [ 106.713799999670442, -6.623039999696037, 0.0 ], [ 106.713850000177558, -6.62313000024918, 0.0 ], [ 106.713899999785298, -6.623210000341064, 0.0 ], [ 106.713959999854296, -6.623279999971867, 0.0 ], [ 106.714050000407354, -6.623349999602581, 0.0 ], [ 106.71412000003815, -6.623420000132754, 0.0 ], [ 106.71418999966896, -6.623480000201667, 0.0 ], [ 106.714260000199033, -6.623529999809499, 0.0 ], [ 106.714340000291017, -6.623589999878412, 0.0 ], [ 106.71440000035993, -6.623640000385524, 0.0 ], [ 106.71444999996767, -6.623689999993356, 0.0 ], [ 106.714499999575509, -6.623730000039298, 0.0 ], [ 106.71455000008261, -6.623770000085329, 0.0 ], [ 106.714590000128553, -6.623819999693072, 0.0 ], [ 106.714650000197565, -6.623879999762075, 0.0 ], [ 106.714710000266479, -6.623959999853959, 0.0 ], [ 106.714759999874303, -6.624030000384042, 0.0 ], [ 106.714779999897274, -6.624120000037816, 0.0 ], [ 106.714810000381334, -6.624220000152761, 0.0 ], [ 106.71483000040439, -6.624329999829417, 0.0 ], [ 106.714850000427361, -6.62442000038256, 0.0 ], [ 106.714859999989159, -6.624539999621106, 0.0 ], [ 106.714869999551041, -6.624650000197132, 0.0 ], [ 106.714889999574012, -6.624799999919908, 0.0 ], [ 106.714889999574012, -6.62483935964854, 0.0 ], [ 106.715028219976517, -6.624856114018343, 0.0 ], [ 106.714936291277027, -6.626308602759625, 0.0 ], [ 106.715533833219979, -6.627301442607383, 0.0 ], [ 106.715744533583532, -6.627588354219007, 0.0 ], [ 106.715956993920315, -6.627752252064614, 0.0 ], [ 106.716039447362789, -6.627733512891112, 0.0 ], [ 106.716379587148467, -6.627853021099863, 0.0 ], [ 106.716489901587821, -6.628220740394699, 0.0 ], [ 106.716168148441483, -6.628579265920234, 0.0 ], [ 106.715579797569802, -6.629415826079335, 0.0 ], [ 106.715110956705459, -6.630031754661605, 0.0 ], [ 106.714982254727403, -6.630206420989406, 0.0 ], [ 106.714835167908859, -6.630215613859338, 0.0 ], [ 106.714665252699405, -6.63021136636134, 0.0 ], [ 106.714659999759363, -6.630219999852951, 0.0 ], [ 106.714469999990641, -6.630279999921953, 0.0 ], [ 106.71412000003815, -6.630259999898893, 0.0 ], [ 106.713959999854296, -6.63019999982998, 0.0 ], [ 106.713719999578473, -6.630099999715036, 0.0 ], [ 106.713648993606341, -6.630077401550718, 0.0 ], [ 106.713456223026483, -6.630344315837391, 0.0 ], [ 106.713244785218777, -6.630528175035035, 0.0 ], [ 106.713070117991691, -6.630629298403203, 0.0 ], [ 106.712882358434285, -6.63057102683128, 0.0 ], [ 106.712777548745095, -6.630619835736731, 0.0 ], [ 106.712415556333042, -6.63068861498747, 0.0 ], [ 106.712176224253554, -6.630720136225179, 0.0 ], [ 106.711906067011554, -6.630714929150496, 0.0 ], [ 106.711643464974117, -6.630693009074964, 0.0 ], [ 106.711482319054028, -6.630679557915045, 0.0 ], [ 106.711280226101707, -6.630827590820534, 0.0 ], [ 106.711153034085498, -6.631331427003531, 0.0 ], [ 106.710710753798438, -6.631377911161476, 0.0 ], [ 106.7101199999383, -6.631440000355528, 0.0 ], [ 106.709480000102147, -6.631550000032274, 0.0 ], [ 106.708860000288965, -6.631750000262073, 0.0 ], [ 106.708462134819868, -6.631967878114988, 0.0 ], [ 106.708439999806401, -6.631980000076823, 0.0 ], [ 106.708381505202482, -6.632016454095915, 0.0 ], [ 106.707750000362509, -6.632410000121283, 0.0 ], [ 106.707149999673021, -6.632749999612688, 0.0 ], [ 106.706829224988951, -6.63291038830355, 0.0 ], [ 106.706770000135577, -6.632940000280687, 0.0 ], [ 106.706689288679925, -6.632968910786321, 0.0 ], [ 106.706099999815379, -6.63317999965706, 0.0 ], [ 106.705860000438918, -6.633159999634088, 0.0 ], [ 106.705279999772486, -6.632809999681601, 0.0 ], [ 106.704907604002898, -6.632631897044163, 0.0 ], [ 106.704820000143087, -6.632590000328022, 0.0 ], [ 106.704550000282481, -6.632519999797939, 0.0 ], [ 106.70381999989327, -6.632499999774968, 0.0 ], [ 106.703360000263956, -6.632619999912794, 0.0 ], [ 106.702839999666438, -6.632769999635659, 0.0 ], [ 106.70276746394758, -6.632781037914395, 0.0 ], [ 106.702380000037209, -6.632840000165654, 0.0 ], [ 106.701250000087683, -6.632880000211596, 0.0 ], [ 106.700220000253012, -6.632780000096741, 0.0 ], [ 106.69958999997867, -6.632630000374053, 0.0 ], [ 106.699759999724421, -6.632499999774968, 0.0 ], [ 106.700060000069158, -6.632280000421567, 0.0 ], [ 106.700160000184013, -6.631969999615652, 0.0 ], [ 106.700109999676897, -6.631659999709107, 0.0 ], [ 106.699930000369449, -6.631019999872958, 0.0 ], [ 106.699690000093611, -6.630600000289668, 0.0 ], [ 106.699349999702918, -6.630330000428977, 0.0 ], [ 106.698999999750356, -6.629909999946406, 0.0 ], [ 106.698740000350909, -6.629470000340056, 0.0 ], [ 106.698600000190027, -6.629069999880457, 0.0 ], [ 106.698560000144084, -6.628949999742542, 0.0 ], [ 106.698629999774795, -6.628389999998276, 0.0 ], [ 106.698569999705882, -6.628049999607679, 0.0 ], [ 106.698660000259025, -6.627799999769959, 0.0 ], [ 106.698830000004691, -6.627520000347644, 0.0 ], [ 106.698930894945008, -6.627234863098277, 0.0 ], [ 106.698939484369902, -6.627210590396295, 0.0 ], [ 106.699059999819355, -6.626870000050324, 0.0 ], [ 106.699079999842326, -6.626740000350608, 0.0 ], [ 106.699099999865297, -6.626580000166751, 0.0 ], [ 106.699139999911239, -6.626219999753005, 0.0 ], [ 106.699199999980152, -6.625789999708545, 0.0 ], [ 106.69915999993421, -6.625610000400997, 0.0 ], [ 106.698999999750356, -6.625319999618142, 0.0 ], [ 106.698800000419823, -6.625000000149708, 0.0 ], [ 106.698760000373881, -6.624949999642595, 0.0 ], [ 106.698669999820837, -6.624830000404049, 0.0 ], [ 106.698609999751824, -6.624730000289105, 0.0 ], [ 106.698569999705882, -6.624659999759022, 0.0 ], [ 106.698540000121028, -6.62461000015119, 0.0 ], [ 106.698509999636968, -6.624559999644166, 0.0 ], [ 106.698489999613997, -6.624490000013363, 0.0 ], [ 106.698460000029144, -6.624440000405531, 0.0 ], [ 106.698449999568055, -6.624369999875448, 0.0 ], [ 106.698419999983201, -6.624300000244645, 0.0 ], [ 106.69839999996023, -6.62420999969159, 0.0 ], [ 106.698379999937259, -6.624089999553675, 0.0 ], [ 106.698350000352406, -6.623999999899901, 0.0 ], [ 106.698279999822319, -6.623890000223156, 0.0 ], [ 106.69821999975332, -6.623810000131272, 0.0 ], [ 106.698159999684407, -6.623739999601099, 0.0 ], [ 106.698090000053597, -6.623649999947325, 0.0 ], [ 106.698050000007655, -6.623600000339582, 0.0 ], [ 106.697989999938741, -6.623529999809499, 0.0 ], [ 106.697940000330902, -6.623429999694554, 0.0 ], [ 106.69790000028496, -6.623349999602581, 0.0 ], [ 106.69786999980083, -6.623290000433038, 0.0 ], [ 106.697829999754887, -6.623190000318093, 0.0 ], [ 106.697809999731916, -6.623090000203238, 0.0 ], [ 106.697809999731916, -6.623019999673065, 0.0 ], [ 106.697820000192991, -6.622959999604152, 0.0 ], [ 106.697829999754887, -6.622889999973349, 0.0 ], [ 106.697849999777858, -6.622809999881465, 0.0 ], [ 106.697889999823801, -6.622740000250662, 0.0 ], [ 106.697920000307931, -6.62266999972049, 0.0 ], [ 106.697960000353973, -6.622560000043833, 0.0 ], [ 106.697989999938741, -6.622450000367088, 0.0 ], [ 106.698029999984684, -6.622370000275115, 0.0 ], [ 106.698059999569551, -6.62227999972206, 0.0 ], [ 106.698099999615494, -6.622210000091258, 0.0 ], [ 106.698159999684407, -6.622139999561174, 0.0 ], [ 106.698210000191509, -6.622080000391541, 0.0 ], [ 106.698270000260521, -6.622029999884429, 0.0 ], [ 106.698359999914288, -6.621969999815427, 0.0 ], [ 106.69843000044429, -6.621900000184713, 0.0 ], [ 106.698500000075086, -6.621829999654629, 0.0 ], [ 106.698560000144084, -6.621760000023826, 0.0 ], [ 106.698600000190027, -6.621710000416083, 0.0 ], [ 106.698660000259025, -6.621639999885911, 0.0 ], [ 106.698700000304967, -6.621590000278079, 0.0 ], [ 106.698740000350909, -6.621530000209166, 0.0 ], [ 106.698789999958748, -6.621490000163224, 0.0 ], [ 106.698830000004691, -6.62143000009431, 0.0 ], [ 106.698890000073604, -6.621379999587109, 0.0 ], [ 106.698939999681443, -6.621340000440536, 0.0 ], [ 106.699010000211516, -6.621289999933335, 0.0 ], [ 106.699099999865297, -6.621229999864422, 0.0 ], [ 106.699179999957181, -6.621169999795509, 0.0 ], [ 106.699260000049151, -6.621120000187677, 0.0 ], [ 106.69930999965689, -6.621080000141735, 0.0 ], [ 106.699354417172785, -6.621048272959253, 0.0 ], [ 106.699380000187062, -6.621029999634622, 0.0 ], [ 106.699449999817872, -6.62098000002679, 0.0 ], [ 106.699500000324889, -6.620930000419047, 0.0 ], [ 106.699549999932728, -6.620879999911935, 0.0 ], [ 106.699564321636373, -6.620859950426219, 0.0 ], [ 106.69960000043983, -6.620810000281132, 0.0 ], [ 106.699659999609466, -6.620730000189248, 0.0 ], [ 106.699690000093611, -6.620639999636104, 0.0 ], [ 106.699719999678379, -6.620560000443501, 0.0 ], [ 106.699730000139553, -6.620480000351527, 0.0 ], [ 106.699759999724421, -6.620389999798473, 0.0 ], [ 106.699770000185495, -6.620320000167759, 0.0 ], [ 106.699790000208466, -6.620249999637586, 0.0 ], [ 106.699819999793334, -6.620180000006783, 0.0 ], [ 106.699870000300436, -6.620090000353098, 0.0 ], [ 106.69991999990819, -6.620010000261125, 0.0 ], [ 106.699970000415391, -6.619959999754013, 0.0 ], [ 106.700049999607984, -6.619879999662128, 0.0 ], [ 106.7001000001151, -6.619830000054296, 0.0 ], [ 106.700149999722925, -6.619790000008354, 0.0 ], [ 106.700200000229955, -6.619749999962412, 0.0 ], [ 106.70024999983778, -6.619709999916381, 0.0 ], [ 106.700320000367952, -6.619669999870439, 0.0 ], [ 106.700380000436866, -6.619620000262607, 0.0 ], [ 106.700439999606502, -6.619569999755495, 0.0 ], [ 106.700499999675415, -6.619529999709552, 0.0 ], [ 106.700559999744328, -6.619480000101721, 0.0 ], [ 106.700650000297472, -6.619420000032807, 0.0 ], [ 106.700730000389356, -6.619359999963894, 0.0 ], [ 106.700800000020166, -6.619299999894892, 0.0 ], [ 106.700860000089079, -6.619239999825979, 0.0 ], [ 106.700900000135022, -6.619179999757066, 0.0 ], [ 106.70096000020402, -6.619110000126263, 0.0 ], [ 106.70100999981176, -6.619019999573119, 0.0 ], [ 106.701029999834816, -6.618929999919345, 0.0 ], [ 106.701049999857787, -6.61884000026566, 0.0 ], [ 106.701069999880758, -6.618769999735576, 0.0 ], [ 106.701080000341932, -6.618689999643603, 0.0 ], [ 106.701089999903729, -6.6186200000128, 0.0 ], [ 106.701089999903729, -6.618539999920916, 0.0 ], [ 106.701100000364903, -6.618439999805972, 0.0 ], [ 106.701089999903729, -6.618359999714087, 0.0 ], [ 106.701089999903729, -6.618299999645085, 0.0 ], [ 106.701089999903729, -6.618263468284304, 0.0 ], [ 106.701089999903729, -6.618200000429511, 0.0 ], [ 106.701100000364903, -6.618120000337537, 0.0 ], [ 106.7011099999268, -6.618049999807543, 0.0 ], [ 106.701140000410845, -6.617969999715569, 0.0 ], [ 106.701169999995713, -6.617909999646567, 0.0 ], [ 106.701230000064626, -6.617819999992793, 0.0 ], [ 106.70129000013354, -6.61775999992388, 0.0 ], [ 106.701370000225509, -6.617710000316137, 0.0 ], [ 106.70145999987929, -6.617650000247224, 0.0 ], [ 106.701539999971175, -6.617599999740023, 0.0 ], [ 106.701600000040088, -6.61755999969408, 0.0 ], [ 106.701669999670884, -6.617510000086249, 0.0 ], [ 106.701749999762853, -6.617470000040306, 0.0 ], [ 106.70182000029294, -6.617420000432475, 0.0 ], [ 106.70190000038491, -6.617369999925451, 0.0 ], [ 106.701970000015621, -6.61732999987942, 0.0 ], [ 106.702039999646431, -6.617280000271677, 0.0 ], [ 106.702099999715429, -6.617240000225646, 0.0 ], [ 106.702150000222545, -6.617209999741505, 0.0 ], [ 106.702210000291458, -6.617160000133762, 0.0 ], [ 106.702319999968211, -6.617080000041788, 0.0 ], [ 106.702380000037124, -6.616999999949904, 0.0 ], [ 106.702420000083151, -6.616930000319101, 0.0 ], [ 106.702448561651991, -6.616887158415476, 0.0 ], [ 106.702460000129093, -6.616870000250188, 0.0 ], [ 106.702500000175036, -6.616779999697044, 0.0 ], [ 106.70254999978286, -6.61669999960516, 0.0 ], [ 106.702589999828803, -6.616629999974357, 0.0 ], [ 106.702620000312947, -6.616569999905444, 0.0 ], [ 106.702669999920687, -6.616500000274641, 0.0 ], [ 106.7026953805875, -6.616474618708548, 0.0 ], [ 106.702720000427888, -6.616449999767529, 0.0 ], [ 106.702770000035628, -6.616389999698615, 0.0 ], [ 106.702839999666438, -6.616320000067812, 0.0 ], [ 106.702939999781293, -6.616239999975839, 0.0 ], [ 106.703010000311465, -6.616159999883866, 0.0 ], [ 106.703070000380379, -6.616110000276123, 0.0 ], [ 106.703119999988218, -6.616059999769011, 0.0 ], [ 106.703180000057131, -6.615999999700097, 0.0 ], [ 106.703229999664956, -6.615930000069294, 0.0 ], [ 106.703280000172072, -6.615870000000292, 0.0 ], [ 106.703340000240985, -6.615789999908408, 0.0 ], [ 106.703369999825753, -6.615729999839495, 0.0 ], [ 106.703400000309983, -6.615669999770493, 0.0 ], [ 106.703400000309983, -6.615600000139779, 0.0 ], [ 106.703409999871781, -6.615529999609606, 0.0 ], [ 106.703409999871781, -6.615459999978803, 0.0 ], [ 106.703400000309983, -6.615390000348089, 0.0 ], [ 106.703400000309983, -6.615299999795035, 0.0 ], [ 106.703400000309983, -6.61519999968009, 0.0 ], [ 106.703380000287012, -6.615099999565146, 0.0 ], [ 106.703360000263956, -6.615020000372542, 0.0 ], [ 106.703329999779811, -6.614949999842459, 0.0 ], [ 106.703289999733869, -6.614889999773546, 0.0 ], [ 106.703240000126044, -6.614820000142743, 0.0 ], [ 106.703189999619013, -6.614720000027798, 0.0 ], [ 106.703119999988218, -6.614639999935914, 0.0 ], [ 106.703079999942176, -6.614579999866912, 0.0 ], [ 106.703030000334437, -6.614510000236198, 0.0 ], [ 106.702999999850292, -6.614439999706025, 0.0 ], [ 106.703030000334437, -6.614379999637112, 0.0 ], [ 106.70309000040335, -6.614330000029369, 0.0 ], [ 106.703149999572986, -6.614280000421537, 0.0 ], [ 106.703220000103073, -6.614240000375595, 0.0 ], [ 106.703289999733869, -6.614200000329653, 0.0 ], [ 106.703340000240985, -6.614149999822452, 0.0 ], [ 106.703420000332954, -6.61410999977651, 0.0 ], [ 106.70352000044781, -6.614029999684625, 0.0 ], [ 106.703599999640502, -6.613989999638594, 0.0 ], [ 106.703659999709416, -6.613949999592652, 0.0 ], [ 106.703750000262474, -6.613910000445991, 0.0 ], [ 106.70381999989327, -6.613850000377077, 0.0 ], [ 106.703890000423357, -6.613819999892936, 0.0 ], [ 106.703949999592993, -6.613790000308075, 0.0 ], [ 106.704040000146051, -6.613750000262133, 0.0 ], [ 106.704109999776847, -6.613710000216191, 0.0 ], [ 106.704200000329905, -6.61367000017016, 0.0 ], [ 106.704289999983672, -6.613630000124218, 0.0 ], [ 106.704390000098613, -6.613579999617105, 0.0 ], [ 106.704391710609116, -6.61357914526123, 0.0 ], [ 106.704450000167526, -6.613550000032333, 0.0 ], [ 106.704510000236539, -6.613509999986391, 0.0 ], [ 106.704570000305452, -6.61348000040153, 0.0 ], [ 106.704630000374365, -6.613449999917389, 0.0 ], [ 106.70467999998219, -6.613409999871447, 0.0 ], [ 106.704760000074174, -6.613369999825505, 0.0 ], [ 106.704840000166058, -6.613300000194702, 0.0 ], [ 106.704909999796854, -6.613240000125788, 0.0 ], [ 106.704980000326941, -6.613189999618587, 0.0 ], [ 106.705060000418911, -6.613110000425984, 0.0 ], [ 106.705130000049621, -6.613059999918871, 0.0 ], [ 106.705210000141591, -6.613019999872929, 0.0 ], [ 106.705270000210504, -6.612979999826987, 0.0 ], [ 106.705350000302488, -6.612939999781045, 0.0 ], [ 106.705419999933198, -6.612910000196184, 0.0 ], [ 106.705500000025168, -6.612870000150242, 0.0 ], [ 106.705560000094081, -6.612830000104299, 0.0 ], [ 106.705649999747862, -6.612790000058268, 0.0 ], [ 106.705749999862803, -6.612720000427554, 0.0 ], [ 106.705809999931716, -6.612660000358552, 0.0 ], [ 106.705849999977744, -6.61260999985144, 0.0 ], [ 106.705854748398067, -6.61259892020384, 0.0 ], [ 106.705879999562512, -6.612540000220726, 0.0 ], [ 106.705910000046657, -6.612460000128753, 0.0 ], [ 106.705930000069628, -6.612369999575698, 0.0 ], [ 106.705939999631426, -6.612290000383005, 0.0 ], [ 106.705950000092599, -6.612199999829951, 0.0 ], [ 106.705950000092599, -6.612099999715007, 0.0 ], [ 106.705950000092599, -6.612039999646093, 0.0 ], [ 106.705950000092599, -6.611949999992319, 0.0 ], [ 106.705959999654496, -6.611889999923406, 0.0 ], [ 106.70597000011557, -6.611809999831433, 0.0 ], [ 106.705979999677467, -6.61174999976252, 0.0 ], [ 106.706019999723409, -6.611680000131717, 0.0 ], [ 106.706079999792323, -6.611620000062803, 0.0 ], [ 106.706139999861321, -6.611589999578662, 0.0 ], [ 106.706194093182972, -6.611569715369949, 0.0 ], [ 106.706219999953206, -6.61155999999389, 0.0 ], [ 106.706280000022119, -6.611539999970919, 0.0 ], [ 106.706360000114088, -6.611530000409029, 0.0 ], [ 106.706469999790841, -6.611499999924888, 0.0 ], [ 106.706529999859754, -6.611479999901917, 0.0 ], [ 106.706609999951723, -6.611450000317145, 0.0 ], [ 106.70669999960549, -6.611390000248143, 0.0 ], [ 106.706759999674404, -6.61133999974103, 0.0 ], [ 106.70681000018152, -6.611299999695088, 0.0 ], [ 106.706850000227547, -6.611239999626086, 0.0 ], [ 106.7068714328705, -6.611197134340099, 0.0 ], [ 106.70687999981233, -6.611179999557173, 0.0 ], [ 106.706919999858272, -6.61110999992637, 0.0 ], [ 106.706950000342403, -6.611049999857457, 0.0 ], [ 106.70697999992727, -6.611000000249625, 0.0 ], [ 106.706999999950241, -6.610920000157741, 0.0 ], [ 106.707039999996184, -6.610860000088827, 0.0 ], [ 106.707049999557981, -6.610779999996854, 0.0 ], [ 106.707069999580952, -6.61069000034308, 0.0 ], [ 106.707100000065097, -6.610630000274078, 0.0 ], [ 106.707140000111124, -6.610539999721023, 0.0 ], [ 106.707169999695907, -6.61047999965211, 0.0 ], [ 106.707220000203009, -6.610419999583108, 0.0 ], [ 106.707289999833819, -6.610349999952305, 0.0 ], [ 106.707380000386877, -6.610280000321591, 0.0 ], [ 106.707450000017673, -6.610220000252678, 0.0 ], [ 106.707519999648383, -6.610180000206736, 0.0 ], [ 106.707590000178556, -6.610129999699534, 0.0 ], [ 106.70767000027044, -6.610080000091791, 0.0 ], [ 106.707730000339438, -6.61004000004576, 0.0 ], [ 106.707799999970163, -6.609979999976847, 0.0 ], [ 106.707860000039162, -6.609910000346044, 0.0 ], [ 106.707929999669972, -6.60981999979299, 0.0 ], [ 106.707969999715914, -6.609759999723988, 0.0 ], [ 106.708000000199959, -6.609699999655074, 0.0 ], [ 106.708029999784827, -6.60961999956319, 0.0 ], [ 106.708060000268958, -6.609549999932387, 0.0 ], [ 106.70808999985374, -6.609449999817443, 0.0 ], [ 106.708109999876712, -6.609369999725558, 0.0 ], [ 106.708120000337971, -6.609309999656645, 0.0 ], [ 106.708140000360942, -6.609220000002871, 0.0 ], [ 106.708160000383913, -6.609119999887927, 0.0 ], [ 106.70816999994571, -6.609039999795954, 0.0 ], [ 106.708189999968681, -6.60897000016524, 0.0 ], [ 106.708189999968681, -6.608899999635156, 0.0 ], [ 106.708209999991652, -6.608820000442464, 0.0 ], [ 106.708230000014709, -6.608740000350579, 0.0 ], [ 106.708239999576506, -6.608669999820407, 0.0 ], [ 106.70825000003768, -6.608600000189693, 0.0 ], [ 106.708257431135735, -6.608573991796121, 0.0 ], [ 106.708270000060651, -6.608529999659609, 0.0 ], [ 106.708279999622448, -6.608460000028806, 0.0 ], [ 106.708299999645419, -6.608390000398092, 0.0 ], [ 106.708310000106593, -6.60831999986792, 0.0 ], [ 106.708330000129564, -6.608239999776035, 0.0 ], [ 106.708370000175506, -6.608139999661091, 0.0 ], [ 106.708390000198477, -6.608070000030288, 0.0 ], [ 106.708419999783331, -6.608000000399574, 0.0 ], [ 106.708470000290447, -6.60790000028463, 0.0 ], [ 106.708510000336474, -6.607820000192746, 0.0 ], [ 106.708550000382417, -6.607749999662573, 0.0 ], [ 106.708590000428359, -6.60768999959366, 0.0 ], [ 106.708612772161842, -6.607662673693273, 0.0 ], [ 106.708640000036198, -6.607630000424027, 0.0 ], [ 106.708720000128082, -6.607559999893944, 0.0 ], [ 106.708789999758793, -6.607490000263141, 0.0 ], [ 106.708849999827805, -6.607439999756028, 0.0 ], [ 106.708900000334907, -6.607390000148197, 0.0 ], [ 106.708980000426791, -6.607319999618113, 0.0 ], [ 106.709039999596513, -6.607270000010281, 0.0 ], [ 106.709090000103544, -6.607220000402538, 0.0 ], [ 106.709150000172542, -6.607160000333536, 0.0 ], [ 106.709199999780367, -6.607089999803453, 0.0 ], [ 106.70925999984928, -6.607020000172739, 0.0 ], [ 106.709310000356396, -6.606940000080765, 0.0 ], [ 106.709350000402338, -6.606850000426991, 0.0 ], [ 106.709400000010177, -6.606750000312136, 0.0 ], [ 106.709449999617917, -6.606659999758993, 0.0 ], [ 106.709480000102062, -6.606559999644137, 0.0 ], [ 106.709500000125118, -6.606469999990363, 0.0 ], [ 106.70954000017106, -6.606369999875419, 0.0 ], [ 106.709560000194031, -6.606300000244616, 0.0 ], [ 106.709569999755828, -6.606229999714532, 0.0 ], [ 106.7095899997788, -6.606160000083818, 0.0 ], [ 106.709600000239973, -6.606079999991845, 0.0 ], [ 106.709620000262944, -6.605999999899872, 0.0 ], [ 106.709627158866425, -6.60594272927332, 0.0 ], [ 106.709629999824841, -6.605919999807988, 0.0 ], [ 106.709640000285916, -6.605839999716103, 0.0 ], [ 106.709660000308887, -6.60575999962413, 0.0 ], [ 106.709660000308887, -6.605669999970356, 0.0 ], [ 106.709660000308887, -6.605660034582819, 0.0 ], [ 106.709660000308887, -6.605589999878383, 0.0 ], [ 106.709660000308887, -6.605509999786499, 0.0 ], [ 106.709669999870783, -6.605420000132725, 0.0 ], [ 106.709669999870783, -6.60534000004084, 0.0 ], [ 106.709669999870783, -6.605259999948867, 0.0 ], [ 106.709680000331858, -6.605179999856983, 0.0 ], [ 106.709680000331858, -6.605099999765009, 0.0 ], [ 106.709680000331858, -6.605030000134295, 0.0 ], [ 106.709680000331858, -6.604950000042322, 0.0 ], [ 106.709680000331858, -6.604869999950349, 0.0 ], [ 106.709689999893754, -6.604809999881436, 0.0 ], [ 106.709689999893754, -6.604709999766492, 0.0 ], [ 106.709700000354914, -6.604600000089746, 0.0 ], [ 106.709709999916726, -6.604510000435972, 0.0 ], [ 106.709720000377885, -6.604430000344088, 0.0 ], [ 106.709740000400856, -6.604339999791033, 0.0 ], [ 106.709769999985639, -6.6042300001142, 0.0 ], [ 106.709790000008695, -6.604159999584205, 0.0 ], [ 106.709830000054637, -6.604100000414483, 0.0 ], [ 106.70987000010058, -6.60404999990746, 0.0 ], [ 106.709910000146607, -6.603989999838458, 0.0 ], [ 106.709959999754346, -6.603929999769456, 0.0 ], [ 106.710019999823345, -6.603869999700542, 0.0 ], [ 106.710070000330376, -6.6038299996546, 0.0 ], [ 106.710077336100412, -6.603822663884653, 0.0 ], [ 106.7101199999382, -6.603780000046768, 0.0 ], [ 106.710170000445316, -6.603740000000826, 0.0 ], [ 106.710229999614953, -6.603679999931913, 0.0 ], [ 106.710280000122069, -6.603630000324081, 0.0 ], [ 106.710340000191067, -6.603579999816969, 0.0 ], [ 106.710389999798807, -6.603519999748055, 0.0 ], [ 106.710429999844749, -6.603470000140224, 0.0 ], [ 106.710489999913761, -6.60339999961014, 0.0 ], [ 106.710540000420863, -6.603329999979337, 0.0 ], [ 106.710547409935202, -6.60331703265479, 0.0 ], [ 106.710579999567528, -6.603260000348623, 0.0 ], [ 106.710619999613471, -6.60318000025665, 0.0 ], [ 106.710639999636442, -6.603109999726566, 0.0 ], [ 106.710659999659413, -6.603029999634593, 0.0 ], [ 106.710690000143558, -6.602910000396047, 0.0 ], [ 106.71069999970544, -6.602810000281103, 0.0 ], [ 106.710710000166529, -6.602710000166248, 0.0 ], [ 106.710719999728411, -6.602599999590133, 0.0 ], [ 106.7107300001895, -6.602520000397529, 0.0 ], [ 106.7107300001895, -6.602440000305556, 0.0 ], [ 106.710739999751382, -6.602360000213672, 0.0 ], [ 106.710739999751382, -6.602280000121787, 0.0 ], [ 106.710750000212471, -6.602180000006843, 0.0 ], [ 106.710759999774353, -6.602090000353069, 0.0 ], [ 106.710759999774353, -6.601990000238214, 0.0 ], [ 106.710770000235442, -6.601890000123269, 0.0 ], [ 106.710779999797325, -6.601790000008325, 0.0 ], [ 106.710790000258498, -6.60168000033158, 0.0 ], [ 106.710930000419381, -6.60168000033158, 0.0 ], [ 106.711080000142076, -6.60168000033158, 0.0 ], [ 106.711410000071595, -6.601749999962383, 0.0 ], [ 106.711710000416332, -6.601850000077238, 0.0 ], [ 106.71196999981585, -6.601970000215243, 0.0 ], [ 106.712150000022589, -6.601979999777043, 0.0 ], [ 106.71231999976834, -6.601979999777043, 0.0 ], [ 106.71268000018209, -6.601970000215243, 0.0 ], [ 106.713170000295463, -6.602019999822986, 0.0 ], [ 106.713389999648953, -6.602070000330098, 0.0 ], [ 106.71354000027101, -6.602119999937841, 0.0 ], [ 106.713699999555502, -6.602240000075756, 0.0 ], [ 106.713870000200529, -6.602409999821504, 0.0 ], [ 106.714180000107064, -6.602759999774079, 0.0 ], [ 106.714440000405872, -6.603120000187648, 0.0 ], [ 106.714559999644422, -6.603280000371594, 0.0 ], [ 106.71473000028945, -6.603390000048339, 0.0 ], [ 106.714940000081128, -6.603490000163195, 0.0 ], [ 106.715229999964706, -6.603559999793998, 0.0 ], [ 106.715533094876633, -6.603623331851107, 0.0 ] ] ] ] } },
{ "type": "Feature", "properties": { "PROVNO": "32", "KABKOTNO": "01", "KECNO": "051", "DESANO": "005", "PROVINSI": "JAWA BARAT", "KABKOT": "BOGOR", "KECAMATAN": "TENJOLAYA", "ID2013": "3201051005", "DESA": "CIBITUNG TENGAH", "DESA_1": "CIBITUNG TENGAH", "ID2012": "3201051005", "IDKAB2": "3201", "IDKEC_2": "3201051", "WILAYAH": "BARAT" }, "geometry": { "type": "MultiPolygon", "coordinates": [ [ [ [ 106.697169999895763, -6.606519999598195, 0.0 ], [ 106.697160000333866, -6.606810000381049, 0.0 ], [ 106.697160000333866, -6.606960000103737, 0.0 ], [ 106.697120000287924, -6.607229999964339, 0.0 ], [ 106.69702999973488, -6.607579999916915, 0.0 ], [ 106.696969999665967, -6.607809999731575, 0.0 ], [ 106.696980000127127, -6.608159999684062, 0.0 ], [ 106.696929999619925, -6.608560000143751, 0.0 ], [ 106.69685999998913, -6.608700000304637, 0.0 ], [ 106.69681000038139, -6.608820000442464, 0.0 ], [ 106.696846414830361, -6.60890193317746, 0.0 ], [ 106.696850000427332, -6.608910000096238, 0.0 ], [ 106.696871800893035, -6.608980247040588, 0.0 ], [ 106.696940000081099, -6.6091999999799, 0.0 ], [ 106.697020000173069, -6.609329999679616, 0.0 ], [ 106.696980000127127, -6.609549999932387, 0.0 ], [ 106.696949999642897, -6.609650000047242, 0.0 ], [ 106.696759999874274, -6.610100000114763, 0.0 ], [ 106.696699999805361, -6.610459999629139, 0.0 ], [ 106.696779999897245, -6.61069000034308, 0.0 ], [ 106.696850000427332, -6.610800000019825, 0.0 ], [ 106.697080000241982, -6.611100000364569, 0.0 ], [ 106.697160000333866, -6.611230000064285, 0.0 ], [ 106.697160000333866, -6.611319999718059, 0.0 ], [ 106.697152974830047, -6.611435908839915, 0.0 ], [ 106.697140000310895, -6.611649999647664, 0.0 ], [ 106.697220000402879, -6.611840000315663, 0.0 ], [ 106.697290000033675, -6.61197000001529, 0.0 ], [ 106.6973599996644, -6.612070000130235, 0.0 ], [ 106.697430000194473, -6.612139999761038, 0.0 ], [ 106.697479999802312, -6.612199999829951, 0.0 ], [ 106.697539999871225, -6.612259999898953, 0.0 ], [ 106.697599999940223, -6.612319999967866, 0.0 ], [ 106.697660000009222, -6.612369999575698, 0.0 ], [ 106.697729999639932, -6.612420000082722, 0.0 ], [ 106.697789999708945, -6.612469999690553, 0.0 ], [ 106.697849999777858, -6.612509999736496, 0.0 ], [ 106.697940000330902, -6.612560000243697, 0.0 ], [ 106.698000000399915, -6.612600000289639, 0.0 ], [ 106.698090000053597, -6.612640000335581, 0.0 ], [ 106.698170000145566, -6.612669999920442, 0.0 ], [ 106.69825000023755, -6.612709999966384, 0.0 ], [ 106.698330000329435, -6.612750000012326, 0.0 ], [ 106.698419999983201, -6.612779999597098, 0.0 ], [ 106.698509999636968, -6.612819999643129, 0.0 ], [ 106.698580000167055, -6.612850000127271, 0.0 ], [ 106.698680000281996, -6.612890000173213, 0.0 ], [ 106.698780000396852, -6.612930000219155, 0.0 ], [ 106.698870000050633, -6.612959999804016, 0.0 ], [ 106.69891438159361, -6.612979724634407, 0.0 ], [ 106.698959999704414, -6.612999999849958, 0.0 ], [ 106.699059999819355, -6.6130399998959, 0.0 ], [ 106.699150000372413, -6.613079999941842, 0.0 ], [ 106.699249999587977, -6.613119999987873, 0.0 ], [ 106.699349999702918, -6.613160000033815, 0.0 ], [ 106.699449999817872, -6.613209999641558, 0.0 ], [ 106.699549999932728, -6.613249999687589, 0.0 ], [ 106.699650000047669, -6.613289999733531, 0.0 ], [ 106.699759999724421, -6.613329999779562, 0.0 ], [ 106.699850000277465, -6.613369999825505, 0.0 ], [ 106.69995000039242, -6.613409999871447, 0.0 ], [ 106.700012370174903, -6.613434947964283, 0.0 ], [ 106.700049999607984, -6.613449999917389, 0.0 ], [ 106.700149999722925, -6.61348000040153, 0.0 ], [ 106.70024999983778, -6.613520000447561, 0.0 ], [ 106.700329999929764, -6.613550000032333, 0.0 ], [ 106.700430000044705, -6.613570000055304, 0.0 ], [ 106.700519999698386, -6.613599999640076, 0.0 ], [ 106.700610000251444, -6.613619999663136, 0.0 ], [ 106.700690000343414, -6.613639999686107, 0.0 ], [ 106.700779999997195, -6.61367000017016, 0.0 ], [ 106.700860000089079, -6.613679999732049, 0.0 ], [ 106.700949999742846, -6.613699999755021, 0.0 ], [ 106.70104000029599, -6.613719999777992, 0.0 ], [ 106.701129999949771, -6.613739999800963, 0.0 ], [ 106.701219999603452, -6.613750000262133, 0.0 ], [ 106.701319999718393, -6.613779999846905, 0.0 ], [ 106.701419999833348, -6.613799999869876, 0.0 ], [ 106.701519999948204, -6.613819999892936, 0.0 ], [ 106.701629999624942, -6.613850000377077, 0.0 ], [ 106.701740000201056, -6.613879999961849, 0.0 ], [ 106.701860000338883, -6.613910000445991, 0.0 ], [ 106.701979999577517, -6.613940000030851, 0.0 ], [ 106.7021199997384, -6.613989999638594, 0.0 ], [ 106.702259999899198, -6.614040000145707, 0.0 ], [ 106.702420000083151, -6.61412000023768, 0.0 ], [ 106.702589999828803, -6.614200000329653, 0.0 ], [ 106.702790000058698, -6.614310000006398, 0.0 ], [ 106.702999999850292, -6.614439999706025, 0.0 ], [ 106.703030000334437, -6.614510000236198, 0.0 ], [ 106.703079999942176, -6.614579999866912, 0.0 ], [ 106.703119999988218, -6.614639999935914, 0.0 ], [ 106.703189999619013, -6.614720000027798, 0.0 ], [ 106.703240000126044, -6.614820000142743, 0.0 ], [ 106.703289999733869, -6.614889999773546, 0.0 ], [ 106.703329999779811, -6.614949999842459, 0.0 ], [ 106.703360000263956, -6.615020000372542, 0.0 ], [ 106.703380000287012, -6.615099999565146, 0.0 ], [ 106.703400000309983, -6.61519999968009, 0.0 ], [ 106.703400000309983, -6.615299999795035, 0.0 ], [ 106.703400000309983, -6.615390000348089, 0.0 ], [ 106.703409999871781, -6.615459999978803, 0.0 ], [ 106.703409999871781, -6.615529999609606, 0.0 ], [ 106.703400000309983, -6.615600000139779, 0.0 ], [ 106.703400000309983, -6.615669999770493, 0.0 ], [ 106.703369999825753, -6.615729999839495, 0.0 ], [ 106.703340000240985, -6.615789999908408, 0.0 ], [ 106.703280000172072, -6.615870000000292, 0.0 ], [ 106.703229999664956, -6.615930000069294, 0.0 ], [ 106.703180000057131, -6.615999999700097, 0.0 ], [ 106.703119999988218, -6.616059999769011, 0.0 ], [ 106.703070000380379, -6.616110000276123, 0.0 ], [ 106.703010000311465, -6.616159999883866, 0.0 ], [ 106.702939999781293, -6.616239999975839, 0.0 ], [ 106.702839999666438, -6.616320000067812, 0.0 ], [ 106.702770000035628, -6.616389999698615, 0.0 ], [ 106.702720000427888, -6.616449999767529, 0.0 ], [ 106.7026953805875, -6.616474618708548, 0.0 ], [ 106.702669999920687, -6.616500000274641, 0.0 ], [ 106.702620000312947, -6.616569999905444, 0.0 ], [ 106.702589999828803, -6.616629999974357, 0.0 ], [ 106.70254999978286, -6.61669999960516, 0.0 ], [ 106.702500000175036, -6.616779999697044, 0.0 ], [ 106.702460000129093, -6.616870000250188, 0.0 ], [ 106.702448561651991, -6.616887158415476, 0.0 ], [ 106.702420000083151, -6.616930000319101, 0.0 ], [ 106.702380000037124, -6.616999999949904, 0.0 ], [ 106.702319999968211, -6.617080000041788, 0.0 ], [ 106.702210000291458, -6.617160000133762, 0.0 ], [ 106.702150000222545, -6.617209999741505, 0.0 ], [ 106.702099999715429, -6.617240000225646, 0.0 ], [ 106.702039999646431, -6.617280000271677, 0.0 ], [ 106.701970000015621, -6.61732999987942, 0.0 ], [ 106.70190000038491, -6.617369999925451, 0.0 ], [ 106.70182000029294, -6.617420000432475, 0.0 ], [ 106.701749999762853, -6.617470000040306, 0.0 ], [ 106.701669999670884, -6.617510000086249, 0.0 ], [ 106.701600000040088, -6.61755999969408, 0.0 ], [ 106.701539999971175, -6.617599999740023, 0.0 ], [ 106.70145999987929, -6.617650000247224, 0.0 ], [ 106.701370000225509, -6.617710000316137, 0.0 ], [ 106.70129000013354, -6.61775999992388, 0.0 ], [ 106.701230000064626, -6.617819999992793, 0.0 ], [ 106.701169999995713, -6.617909999646567, 0.0 ], [ 106.701140000410845, -6.617969999715569, 0.0 ], [ 106.7011099999268, -6.618049999807543, 0.0 ], [ 106.701100000364903, -6.618120000337537, 0.0 ], [ 106.701089999903729, -6.618200000429511, 0.0 ], [ 106.701089999903729, -6.618263468284304, 0.0 ], [ 106.701089999903729, -6.618299999645085, 0.0 ], [ 106.701089999903729, -6.618359999714087, 0.0 ], [ 106.701100000364903, -6.618439999805972, 0.0 ], [ 106.701089999903729, -6.618539999920916, 0.0 ], [ 106.701089999903729, -6.6186200000128, 0.0 ], [ 106.701080000341932, -6.618689999643603, 0.0 ], [ 106.701069999880758, -6.618769999735576, 0.0 ], [ 106.701049999857787, -6.61884000026566, 0.0 ], [ 106.701029999834816, -6.618929999919345, 0.0 ], [ 106.70100999981176, -6.619019999573119, 0.0 ], [ 106.70096000020402, -6.619110000126263, 0.0 ], [ 106.700900000135022, -6.619179999757066, 0.0 ], [ 106.700860000089079, -6.619239999825979, 0.0 ], [ 106.700800000020166, -6.619299999894892, 0.0 ], [ 106.700730000389356, -6.619359999963894, 0.0 ], [ 106.700650000297472, -6.619420000032807, 0.0 ], [ 106.700559999744328, -6.619480000101721, 0.0 ], [ 106.700499999675415, -6.619529999709552, 0.0 ], [ 106.700439999606502, -6.619569999755495, 0.0 ], [ 106.700380000436866, -6.619620000262607, 0.0 ], [ 106.700320000367952, -6.619669999870439, 0.0 ], [ 106.70024999983778, -6.619709999916381, 0.0 ], [ 106.700200000229955, -6.619749999962412, 0.0 ], [ 106.700149999722925, -6.619790000008354, 0.0 ], [ 106.7001000001151, -6.619830000054296, 0.0 ], [ 106.700049999607984, -6.619879999662128, 0.0 ], [ 106.699970000415391, -6.619959999754013, 0.0 ], [ 106.69991999990819, -6.620010000261125, 0.0 ], [ 106.699870000300436, -6.620090000353098, 0.0 ], [ 106.699819999793334, -6.620180000006783, 0.0 ], [ 106.699790000208466, -6.620249999637586, 0.0 ], [ 106.699770000185495, -6.620320000167759, 0.0 ], [ 106.699759999724421, -6.620389999798473, 0.0 ], [ 106.699730000139553, -6.620480000351527, 0.0 ], [ 106.699719999678379, -6.620560000443501, 0.0 ], [ 106.699690000093611, -6.620639999636104, 0.0 ], [ 106.699659999609466, -6.620730000189248, 0.0 ], [ 106.69960000043983, -6.620810000281132, 0.0 ], [ 106.699564321636373, -6.620859950426219, 0.0 ], [ 106.699549999932728, -6.620879999911935, 0.0 ], [ 106.699500000324889, -6.620930000419047, 0.0 ], [ 106.699449999817872, -6.62098000002679, 0.0 ], [ 106.699380000187062, -6.621029999634622, 0.0 ], [ 106.699354417172785, -6.621048272959253, 0.0 ], [ 106.69930999965689, -6.621080000141735, 0.0 ], [ 106.699260000049151, -6.621120000187677, 0.0 ], [ 106.699179999957181, -6.621169999795509, 0.0 ], [ 106.699099999865297, -6.621229999864422, 0.0 ], [ 106.699010000211516, -6.621289999933335, 0.0 ], [ 106.698939999681443, -6.621340000440536, 0.0 ], [ 106.698890000073604, -6.621379999587109, 0.0 ], [ 106.698830000004691, -6.62143000009431, 0.0 ], [ 106.698789999958748, -6.621490000163224, 0.0 ], [ 106.698740000350909, -6.621530000209166, 0.0 ], [ 106.698700000304967, -6.621590000278079, 0.0 ], [ 106.698660000259025, -6.621639999885911, 0.0 ], [ 106.698600000190027, -6.621710000416083, 0.0 ], [ 106.698560000144084, -6.621760000023826, 0.0 ], [ 106.698500000075086, -6.621829999654629, 0.0 ], [ 106.69843000044429, -6.621900000184713, 0.0 ], [ 106.698359999914288, -6.621969999815427, 0.0 ], [ 106.698270000260521, -6.622029999884429, 0.0 ], [ 106.698210000191509, -6.622080000391541, 0.0 ], [ 106.698159999684407, -6.622139999561174, 0.0 ], [ 106.698099999615494, -6.622210000091258, 0.0 ], [ 106.698059999569551, -6.62227999972206, 0.0 ], [ 106.698029999984684, -6.622370000275115, 0.0 ], [ 106.697989999938741, -6.622450000367088, 0.0 ], [ 106.697960000353973, -6.622560000043833, 0.0 ], [ 106.697920000307931, -6.62266999972049, 0.0 ], [ 106.697889999823801, -6.622740000250662, 0.0 ], [ 106.697849999777858, -6.622809999881465, 0.0 ], [ 106.697829999754887, -6.622889999973349, 0.0 ], [ 106.697820000192991, -6.622959999604152, 0.0 ], [ 106.697809999731916, -6.623019999673065, 0.0 ], [ 106.697809999731916, -6.623090000203238, 0.0 ], [ 106.697829999754887, -6.623190000318093, 0.0 ], [ 106.69786999980083, -6.623290000433038, 0.0 ], [ 106.69790000028496, -6.623349999602581, 0.0 ], [ 106.697940000330902, -6.623429999694554, 0.0 ], [ 106.697989999938741, -6.623529999809499, 0.0 ], [ 106.698050000007655, -6.623600000339582, 0.0 ], [ 106.698090000053597, -6.623649999947325, 0.0 ], [ 106.698159999684407, -6.623739999601099, 0.0 ], [ 106.69821999975332, -6.623810000131272, 0.0 ], [ 106.698279999822319, -6.623890000223156, 0.0 ], [ 106.698350000352406, -6.623999999899901, 0.0 ], [ 106.698379999937259, -6.624089999553675, 0.0 ], [ 106.69839999996023, -6.62420999969159, 0.0 ], [ 106.698419999983201, -6.624300000244645, 0.0 ], [ 106.698449999568055, -6.624369999875448, 0.0 ], [ 106.698460000029144, -6.624440000405531, 0.0 ], [ 106.698489999613997, -6.624490000013363, 0.0 ], [ 106.698509999636968, -6.624559999644166, 0.0 ], [ 106.698540000121028, -6.62461000015119, 0.0 ], [ 106.698569999705882, -6.624659999759022, 0.0 ], [ 106.698609999751824, -6.624730000289105, 0.0 ], [ 106.698669999820837, -6.624830000404049, 0.0 ], [ 106.698760000373881, -6.624949999642595, 0.0 ], [ 106.698800000419823, -6.625000000149708, 0.0 ], [ 106.698999999750356, -6.625319999618142, 0.0 ], [ 106.69915999993421, -6.625610000400997, 0.0 ], [ 106.699199999980152, -6.625789999708545, 0.0 ], [ 106.699139999911239, -6.626219999753005, 0.0 ], [ 106.699099999865297, -6.626580000166751, 0.0 ], [ 106.699079999842326, -6.626740000350608, 0.0 ], [ 106.698649999797865, -6.625820000192686, 0.0 ], [ 106.698370000375377, -6.625499999824971, 0.0 ], [ 106.698040000445857, -6.625359999664084, 0.0 ], [ 106.697849999777858, -6.625399999710027, 0.0 ], [ 106.697479999802312, -6.625579999916944, 0.0 ], [ 106.697189999918734, -6.625829999754487, 0.0 ], [ 106.697015413630552, -6.625909356831219, 0.0 ], [ 106.69685999998913, -6.625980000376543, 0.0 ], [ 106.696539999621422, -6.626020000422486, 0.0 ], [ 106.696320000268017, -6.626009999961315, 0.0 ], [ 106.695939999831296, -6.62592000030763, 0.0 ], [ 106.695449999717923, -6.625740000100802, 0.0 ], [ 106.695277285818207, -6.625700143047055, 0.0 ], [ 106.695059999719405, -6.625650000447028, 0.0 ], [ 106.694869999950683, -6.625760000123773, 0.0 ], [ 106.694609999651973, -6.625900000284659, 0.0 ], [ 106.694169235621899, -6.6258820102464, 0.0 ], [ 106.694120000437877, -6.625880000261688, 0.0 ], [ 106.693659999909272, -6.625769999685573, 0.0 ], [ 106.693379999587506, -6.625760000123773, 0.0 ], [ 106.693129999749871, -6.625849999777547, 0.0 ], [ 106.692980000027191, -6.62611000007626, 0.0 ], [ 106.692891557999175, -6.62654336628318, 0.0 ], [ 106.692879999912236, -6.626600000189722, 0.0 ], [ 106.692779999797295, -6.626850000027353, 0.0 ], [ 106.692712584818096, -6.626926403730451, 0.0 ], [ 106.692480000351921, -6.62719000041804, 0.0 ], [ 106.691959999754403, -6.627469999840443, 0.0 ], [ 106.691709999916696, -6.62740999977153, 0.0 ], [ 106.691669999870754, -6.627320000117756, 0.0 ], [ 106.691580000216973, -6.626990000188151, 0.0 ], [ 106.691500000125089, -6.626919999658067, 0.0 ], [ 106.69125999984935, -6.626890000073296, 0.0 ], [ 106.691183454952608, -6.626892943554399, 0.0 ], [ 106.690999999550542, -6.626899999635096, 0.0 ], [ 106.690709999666879, -6.626919999658067, 0.0 ], [ 106.690270000060622, -6.626850000027353, 0.0 ], [ 106.690242836038209, -6.62683478799492, 0.0 ], [ 106.690020000222987, -6.626709999866378, 0.0 ], [ 106.689770000385451, -6.626440000005864, 0.0 ], [ 106.689590000178526, -6.626079999592118, 0.0 ], [ 106.689260000248922, -6.625619999962886, 0.0 ], [ 106.689089999603993, -6.625539999870913, 0.0 ], [ 106.688779999697346, -6.625439999755969, 0.0 ], [ 106.688600000389897, -6.625430000194168, 0.0 ], [ 106.688469804637933, -6.625506584660936, 0.0 ], [ 106.688429999744869, -6.625530000309112, 0.0 ], [ 106.688199999930205, -6.625610000400997, 0.0 ], [ 106.688021353203013, -6.625627865433472, 0.0 ], [ 106.687999999700409, -6.625630000423968, 0.0 ], [ 106.687700000255035, -6.625689999593689, 0.0 ], [ 106.687330000279488, -6.625869999800518, 0.0 ], [ 106.687000000349883, -6.626079999592118, 0.0 ], [ 106.686740000051174, -6.62613999966112, 0.0 ], [ 106.68657999986722, -6.62611000007626, 0.0 ], [ 106.686370000075613, -6.625929999869431, 0.0 ], [ 106.68633000002967, -6.625740000100802, 0.0 ], [ 106.686269999960672, -6.625749999662602, 0.0 ], [ 106.686020000123136, -6.626020000422486, 0.0 ], [ 106.685819999893241, -6.626259999799036, 0.0 ], [ 106.685639999686416, -6.626540000120809, 0.0 ], [ 106.685489999963721, -6.626809999981322, 0.0 ], [ 106.685249999687898, -6.627229999564701, 0.0 ], [ 106.685090000403321, -6.627520000347644, 0.0 ], [ 106.684750000012727, -6.62804000004579, 0.0 ], [ 106.684720000427859, -6.627790000208158, 0.0 ], [ 106.684569999805802, -6.62719000041804, 0.0 ], [ 106.68452999975986, -6.62678000039655, 0.0 ], [ 106.684480000152035, -6.626669999820436, 0.0 ], [ 106.684469999690947, -6.626310000306059, 0.0 ], [ 106.684429999644919, -6.626040000445546, 0.0 ], [ 106.684409999621948, -6.625849999777547, 0.0 ], [ 106.684349999553035, -6.625660000008828, 0.0 ], [ 106.684290000383399, -6.625559999893973, 0.0 ], [ 106.684250000337457, -6.62549000026317, 0.0 ], [ 106.684179999807284, -6.625430000194168, 0.0 ], [ 106.684079999692429, -6.625299999595171, 0.0 ], [ 106.683999999600459, -6.625209999941397, 0.0 ], [ 106.683940000430823, -6.625109999826453, 0.0 ], [ 106.683849999877765, -6.625000000149708, 0.0 ], [ 106.683849999877765, -6.624889999573682, 0.0 ], [ 106.683840000315882, -6.624750000312076, 0.0 ], [ 106.683829999854794, -6.624639999736051, 0.0 ], [ 106.683829999854794, -6.624550000082277, 0.0 ], [ 106.683829999854794, -6.624479999552193, 0.0 ], [ 106.683820000292911, -6.624400000359589, 0.0 ], [ 106.683820000292911, -6.624300000244645, 0.0 ], [ 106.683820000292911, -6.624220000152761, 0.0 ], [ 106.683820000292911, -6.624120000037816, 0.0 ], [ 106.683820000292911, -6.624030000384042, 0.0 ], [ 106.683820000292911, -6.623939999830988, 0.0 ], [ 106.683829999854794, -6.623819999693072, 0.0 ], [ 106.683840000315882, -6.623689999993356, 0.0 ], [ 106.683860000338939, -6.623580000316611, 0.0 ], [ 106.683860000338939, -6.623500000224638, 0.0 ], [ 106.683869999900736, -6.623420000132754, 0.0 ], [ 106.683860000338939, -6.623349999602581, 0.0 ], [ 106.683860000338939, -6.623270000409978, 0.0 ], [ 106.683849999877765, -6.623199999879983, 0.0 ], [ 106.683840000315882, -6.62313000024918, 0.0 ], [ 106.683837856332133, -6.623114995060799, 0.0 ], [ 106.683829999854794, -6.623059999719008, 0.0 ], [ 106.683829999854794, -6.622979999627123, 0.0 ], [ 106.683820000292911, -6.62290999999632, 0.0 ], [ 106.683829999854794, -6.622829999904436, 0.0 ], [ 106.683849999877765, -6.622720000227691, 0.0 ], [ 106.683869999900736, -6.622649999697519, 0.0 ], [ 106.683889999923707, -6.622560000043833, 0.0 ], [ 106.683920000407852, -6.62247999995186, 0.0 ], [ 106.68394999999272, -6.622399999859976, 0.0 ], [ 106.683979999577488, -6.62227999972206, 0.0 ], [ 106.684010000061633, -6.622190000068287, 0.0 ], [ 106.68401999962343, -6.622129999999373, 0.0 ], [ 106.68401999962343, -6.6220499999074, 0.0 ], [ 106.684039999646401, -6.621989999838398, 0.0 ], [ 106.684039999646401, -6.621929999769485, 0.0 ], [ 106.684039999646401, -6.621840000115711, 0.0 ], [ 106.68401999962343, -6.621749999562656, 0.0 ], [ 106.684010000061633, -6.621650000347081, 0.0 ], [ 106.684010000061633, -6.621550000232137, 0.0 ], [ 106.683999999600459, -6.621490000163224, 0.0 ], [ 106.683990000038662, -6.62139999961008, 0.0 ], [ 106.683990000038662, -6.621300000394594, 0.0 ], [ 106.684010000061633, -6.621169999795509, 0.0 ], [ 106.684070000130632, -6.621080000141735, 0.0 ], [ 106.684119999738371, -6.621020000072821, 0.0 ], [ 106.684159999784313, -6.62096999956562, 0.0 ], [ 106.684210000291429, -6.620930000419047, 0.0 ], [ 106.684270000360428, -6.620879999911935, 0.0 ], [ 106.684360000014209, -6.620810000281132, 0.0 ], [ 106.684420000083122, -6.62075999977402, 0.0 ], [ 106.684489999713918, -6.620710000166277, 0.0 ], [ 106.684549999782831, -6.620650000097275, 0.0 ], [ 106.684629999874716, -6.620590000028272, 0.0 ], [ 106.684700000404888, -6.620540000420529, 0.0 ], [ 106.684750000012727, -6.620500000374498, 0.0 ], [ 106.684799999620466, -6.620449999867475, 0.0 ], [ 106.684803889188245, -6.620448056432551, 0.0 ], [ 106.68485999968938, -6.620420000282614, 0.0 ], [ 106.684910000196496, -6.620380000236672, 0.0 ], [ 106.684979999827291, -6.62034000019073, 0.0 ], [ 106.685039999896304, -6.620300000144699, 0.0 ], [ 106.685110000426292, -6.620249999637586, 0.0 ], [ 106.685200000080073, -6.620209999591644, 0.0 ], [ 106.685269999710869, -6.620170000444983, 0.0 ], [ 106.685349999802838, -6.620110000376069, 0.0 ], [ 106.685429999894808, -6.620059999868957, 0.0 ], [ 106.685509999986692, -6.620010000261125, 0.0 ], [ 106.685590000078577, -6.619970000215183, 0.0 ], [ 106.685659999709387, -6.61991999970807, 0.0 ], [ 106.685730000239559, -6.619879999662128, 0.0 ], [ 106.685790000308472, -6.619839999616186, 0.0 ], [ 106.685839999916212, -6.619810000031325, 0.0 ], [ 106.685890000423328, -6.619769999985383, 0.0 ], [ 106.685960000054138, -6.619720000377551, 0.0 ], [ 106.686040000146107, -6.619660000308638, 0.0 ], [ 106.686109999776818, -6.619589999778466, 0.0 ], [ 106.686169999845816, -6.619509999686581, 0.0 ], [ 106.686220000352932, -6.619469999640639, 0.0 ], [ 106.686226381942149, -6.61945883096017, 0.0 ], [ 106.686260000398875, -6.619400000009836, 0.0 ], [ 106.68633000002967, -6.619319999917863, 0.0 ], [ 106.686390000098584, -6.619250000287149, 0.0 ], [ 106.686430000144625, -6.619199999780037, 0.0 ], [ 106.686470000190567, -6.619139999711123, 0.0 ], [ 106.686539999821278, -6.619090000103292, 0.0 ], [ 106.686590000328394, -6.619050000057349, 0.0 ], [ 106.686679999982161, -6.619010000011318, 0.0 ], [ 106.686780000097116, -6.618960000403575, 0.0 ], [ 106.686849999727912, -6.618920000357544, 0.0 ], [ 106.686920000257999, -6.618880000311602, 0.0 ], [ 106.687009999911766, -6.618809999781519, 0.0 ], [ 106.687069999980679, -6.618760000173687, 0.0 ], [ 106.687130000049677, -6.618680000081802, 0.0 ], [ 106.687190000118591, -6.6186200000128, 0.0 ], [ 106.687219999703458, -6.618570000405057, 0.0 ], [ 106.687259999749401, -6.618510000336055, 0.0 ], [ 106.687290000233446, -6.618450000267142, 0.0 ], [ 106.687330000279488, -6.618379999737058, 0.0 ], [ 106.68737000032543, -6.618299999645085, 0.0 ], [ 106.687419999933255, -6.618200000429511, 0.0 ], [ 106.687470000440371, -6.618109999876456, 0.0 ], [ 106.687529999610007, -6.618000000199711, 0.0 ], [ 106.687569999655949, -6.617900000084767, 0.0 ], [ 106.687620000163065, -6.617790000408021, 0.0 ], [ 106.687660000209007, -6.617679999831996, 0.0 ], [ 106.687709999816832, -6.617590000178222, 0.0 ], [ 106.687712086243948, -6.617585305717135, 0.0 ], [ 106.687749999862774, -6.617499999625167, 0.0 ], [ 106.687780000346919, -6.617420000432475, 0.0 ], [ 106.687820000392861, -6.617360000363561, 0.0 ], [ 106.687829999954744, -6.617300000294648, 0.0 ], [ 106.687849999977715, -6.617220000202675, 0.0 ], [ 106.687870000000686, -6.617140000110702, 0.0 ], [ 106.687899999585554, -6.617039999995846, 0.0 ], [ 106.687910000046628, -6.616979999926933, 0.0 ], [ 106.687919999608525, -6.61689999983496, 0.0 ], [ 106.68795000009257, -6.616799999720016, 0.0 ], [ 106.687970000115541, -6.616730000089301, 0.0 ], [ 106.687999999700409, -6.616640000435527, 0.0 ], [ 106.688039999746351, -6.616549999882384, 0.0 ], [ 106.688070000230482, -6.6164699997905, 0.0 ], [ 106.688090000253553, -6.616389999698615, 0.0 ], [ 106.688130000299495, -6.616300000044841, 0.0 ], [ 106.688170000345437, -6.616210000391067, 0.0 ], [ 106.688210000391379, -6.616110000276123, 0.0 ], [ 106.68823000041435, -6.616010000161268, 0.0 ], [ 106.688259999999119, -6.615919999608124, 0.0 ], [ 106.688269999561015, -6.615809999931379, 0.0 ], [ 106.688269999561015, -6.615729999839495, 0.0 ], [ 106.688259999999119, -6.615660000208692, 0.0 ], [ 106.688239999976147, -6.615580000116807, 0.0 ], [ 106.688219999953176, -6.615480000001774, 0.0 ], [ 106.688190000368408, -6.61539999990989, 0.0 ], [ 106.688150000322466, -6.615299999795035, 0.0 ], [ 106.688147877922432, -6.615295048127781, 0.0 ], [ 106.688119999838321, -6.615230000164232, 0.0 ], [ 106.688090000253553, -6.615139999611088, 0.0 ], [ 106.688050000207511, -6.615049999957403, 0.0 ], [ 106.687999999700409, -6.614940000280658, 0.0 ], [ 106.687939999631496, -6.614809999681572, 0.0 ], [ 106.687919999608525, -6.614709999566717, 0.0 ], [ 106.687890000023657, -6.614610000351053, 0.0 ], [ 106.68788493594117, -6.614587213329095, 0.0 ], [ 106.687870000000686, -6.614519999797999, 0.0 ], [ 106.687849999977715, -6.614439999706025, 0.0 ], [ 106.687829999954744, -6.614330000029369, 0.0 ], [ 106.687820000392861, -6.614260000398566, 0.0 ], [ 106.687789999908716, -6.614160000283622, 0.0 ], [ 106.687769999885745, -6.614089999753539, 0.0 ], [ 106.687740000300977, -6.614009999661654, 0.0 ], [ 106.687689999793776, -6.613929999569681, 0.0 ], [ 106.687649999747833, -6.613850000377077, 0.0 ], [ 106.687620000163065, -6.613799999869876, 0.0 ], [ 106.687580000117023, -6.613719999777992, 0.0 ], [ 106.687540000071081, -6.613639999686107, 0.0 ], [ 106.687500000025139, -6.613559999594134, 0.0 ], [ 106.6874500004174, -6.613449999917389, 0.0 ], [ 106.687410000371457, -6.613349999802534, 0.0 ], [ 106.68737000032543, -6.61326000014876, 0.0 ], [ 106.687350000302459, -6.613189999618587, 0.0 ], [ 106.687330000279488, -6.613110000425984, 0.0 ], [ 106.687310000256517, -6.6130399998959, 0.0 ], [ 106.687290000233446, -6.612959999804016, 0.0 ], [ 106.687270000210475, -6.612890000173213, 0.0 ], [ 106.687259999749401, -6.61281000008124, 0.0 ], [ 106.68723999972643, -6.612750000012326, 0.0 ], [ 106.687210000141562, -6.612669999920442, 0.0 ], [ 106.687179999657431, -6.61260999985144, 0.0 ], [ 106.687150000072648, -6.612529999759555, 0.0 ], [ 106.687110000026706, -6.612460000128753, 0.0 ], [ 106.68709000000365, -6.612380000036779, 0.0 ], [ 106.687040000395911, -6.612319999967866, 0.0 ], [ 106.68701222303585, -6.612255186727314, 0.0 ], [ 106.687009999911766, -6.612250000337063, 0.0 ], [ 106.686980000326912, -6.612199999829951, 0.0 ], [ 106.686949999842767, -6.612130000199237, 0.0 ], [ 106.686929999819796, -6.612050000107264, 0.0 ], [ 106.686920000257999, -6.611949999992319, 0.0 ], [ 106.686920000257999, -6.611840000315663, 0.0 ], [ 106.686928015016093, -6.611735807561328, 0.0 ], [ 106.686929999819796, -6.611709999716577, 0.0 ], [ 106.686960000303941, -6.611640000085774, 0.0 ], [ 106.686969999865738, -6.61155999999389, 0.0 ], [ 106.686980000326912, -6.611479999901917, 0.0 ], [ 106.686989999888709, -6.611370000225172, 0.0 ], [ 106.686980000326912, -6.61131000015617, 0.0 ], [ 106.686980000326912, -6.611219999603115, 0.0 ], [ 106.686969999865738, -6.611149999972401, 0.0 ], [ 106.686960000303941, -6.611029999834486, 0.0 ], [ 106.686949999842767, -6.610920000157741, 0.0 ], [ 106.686949999842767, -6.610864177439648, 0.0 ], [ 106.686949999842767, -6.610820000042796, 0.0 ], [ 106.686949999842767, -6.610719999927852, 0.0 ], [ 106.686949999842767, -6.610650000297138, 0.0 ], [ 106.686949999842767, -6.610559999744083, 0.0 ], [ 106.686960000303941, -6.610459999629139, 0.0 ], [ 106.686960000303941, -6.610380000436535, 0.0 ], [ 106.686969999865738, -6.610289999883392, 0.0 ], [ 106.686989999888709, -6.610209999791508, 0.0 ], [ 106.687020000372939, -6.610129999699534, 0.0 ], [ 106.687060000418882, -6.61004999960765, 0.0 ], [ 106.687099999565447, -6.609990000438017, 0.0 ], [ 106.68715999963446, -6.609930000369015, 0.0 ], [ 106.68723999972643, -6.609859999839021, 0.0 ], [ 106.687319999818314, -6.609810000231189, 0.0 ], [ 106.68737000032543, -6.609779999747047, 0.0 ], [ 106.6874500004174, -6.609739999701016, 0.0 ], [ 106.687529999610007, -6.609699999655074, 0.0 ], [ 106.68757714926619, -6.60967642572631, 0.0 ], [ 106.687629999724862, -6.609650000047242, 0.0 ], [ 106.687720000278006, -6.6096100000013, 0.0 ], [ 106.687780000346919, -6.609580000416528, 0.0 ], [ 106.687849999977715, -6.609549999932387, 0.0 ], [ 106.687930000069599, -6.609489999863474, 0.0 ], [ 106.688010000161569, -6.609420000232671, 0.0 ], [ 106.688059999769322, -6.609340000140698, 0.0 ], [ 106.688090000253553, -6.609280000071784, 0.0 ], [ 106.688110000276524, -6.6091999999799, 0.0 ], [ 106.688110000276524, -6.609090000303155, 0.0 ], [ 106.688110000276524, -6.609019999772983, 0.0 ], [ 106.688090000253553, -6.608939999681098, 0.0 ], [ 106.688070000230482, -6.608870000050295, 0.0 ], [ 106.688050000207511, -6.608780000396521, 0.0 ], [ 106.68803000018454, -6.608720000327608, 0.0 ], [ 106.68802484616991, -6.608699384269059, 0.0 ], [ 106.688010000161569, -6.608640000235635, 0.0 ], [ 106.687979999677438, -6.608569999705551, 0.0 ], [ 106.687939999631496, -6.608489999613667, 0.0 ], [ 106.687919999608525, -6.608399999959893, 0.0 ], [ 106.687890000023657, -6.608339999890891, 0.0 ], [ 106.687870000000686, -6.608279999821978, 0.0 ], [ 106.687840000415832, -6.608230000214146, 0.0 ], [ 106.687820000392861, -6.608159999684062, 0.0 ], [ 106.687789999908716, -6.608070000030288, 0.0 ], [ 106.687749999862774, -6.607969999915344, 0.0 ], [ 106.687720000278006, -6.60788999982346, 0.0 ], [ 106.687700000255035, -6.607809999731575, 0.0 ], [ 106.687700000255035, -6.607744682870678, 0.0 ], [ 106.687700000255035, -6.607720000077801, 0.0 ], [ 106.687720000278006, -6.607650000446998, 0.0 ], [ 106.687760000323948, -6.607599999939886, 0.0 ], [ 106.687829999954744, -6.607570000355025, 0.0 ], [ 106.687890000023657, -6.607559999893944, 0.0 ], [ 106.68795000009257, -6.607539999870973, 0.0 ], [ 106.68803000018454, -6.607530000309083, 0.0 ], [ 106.688119999838321, -6.607479999801971, 0.0 ], [ 106.688199999930205, -6.607439999756028, 0.0 ], [ 106.688259999999119, -6.607390000148197, 0.0 ], [ 106.688300000045146, -6.607319999618113, 0.0 ], [ 106.688329999629929, -6.60724999998731, 0.0 ], [ 106.688369999675871, -6.607160000333536, 0.0 ], [ 106.688389999698927, -6.607069999780482, 0.0 ], [ 106.688420000183072, -6.606989999688508, 0.0 ], [ 106.688440000206043, -6.606929999619595, 0.0 ], [ 106.688458733084218, -6.606867556991993, 0.0 ], [ 106.688469999790811, -6.60683000040402, 0.0 ], [ 106.688489999813868, -6.606759999873937, 0.0 ], [ 106.688509999836839, -6.606699999804935, 0.0 ], [ 106.688549999882781, -6.606630000174221, 0.0 ], [ 106.68856000034387, -6.606550000082247, 0.0 ], [ 106.688580000366841, -6.606490000013334, 0.0 ], [ 106.688609999951694, -6.606420000382531, 0.0 ], [ 106.688640000435839, -6.606349999852448, 0.0 ], [ 106.688659999559519, -6.606269999760475, 0.0 ], [ 106.68867999958249, -6.606209999691561, 0.0 ], [ 106.688710000066635, -6.606120000037876, 0.0 ], [ 106.688719999628432, -6.606050000407073, 0.0 ], [ 106.688750000112577, -6.605930000269158, 0.0 ], [ 106.688770000135548, -6.605830000154214, 0.0 ], [ 106.688790000158605, -6.605730000039358, 0.0 ], [ 106.688810000181576, -6.605640000385584, 0.0 ], [ 106.688819999743387, -6.605569999855412, 0.0 ], [ 106.688839999766358, -6.605489999763527, 0.0 ], [ 106.688850000227518, -6.605400000109753, 0.0 ], [ 106.688859999789329, -6.60532999957967, 0.0 ], [ 106.688879999812386, -6.605250000387066, 0.0 ], [ 106.68889000027346, -6.605190000318064, 0.0 ], [ 106.688919999858328, -6.60511000022618, 0.0 ], [ 106.688939999881299, -6.605050000157267, 0.0 ], [ 106.688970000365345, -6.604950000042322, 0.0 ], [ 106.689010000411386, -6.604849999927378, 0.0 ], [ 106.689039999996155, -6.604780000296575, 0.0 ], [ 106.689069999580923, -6.604700000204691, 0.0 ], [ 106.689100000065153, -6.604640000135777, 0.0 ], [ 106.689129999649936, -6.604560000043804, 0.0 ], [ 106.689149999672907, -6.604490000413001, 0.0 ], [ 106.689169999695878, -6.604410000321117, 0.0 ], [ 106.689200000180008, -6.604319999767974, 0.0 ], [ 106.68922000020298, -6.6042300001142, 0.0 ], [ 106.689240000225951, -6.604139999561234, 0.0 ], [ 106.689260000248922, -6.6040299998844, 0.0 ], [ 106.689280000271992, -6.603929999769456, 0.0 ], [ 106.68928999983379, -6.603840000115682, 0.0 ], [ 106.689309999856761, -6.603769999585687, 0.0 ], [ 106.689320000317935, -6.603690000393083, 0.0 ], [ 106.689349999902703, -6.60359999983994, 0.0 ], [ 106.68938999994873, -6.603510000186166, 0.0 ], [ 106.689429999994672, -6.603430000094281, 0.0 ], [ 106.689479999602497, -6.603309999956366, 0.0 ], [ 106.689519999648439, -6.603229999864393, 0.0 ], [ 106.689869999601029, -6.603289999933395, 0.0 ], [ 106.690209999991708, -6.603340000440507, 0.0 ], [ 106.690519999898257, -6.603390000048339, 0.0 ], [ 106.690829999804805, -6.603439999656082, 0.0 ], [ 106.691110000126571, -6.603490000163195, 0.0 ], [ 106.691359999964206, -6.603539999771026, 0.0 ], [ 106.69158999977887, -6.603579999816969, 0.0 ], [ 106.691790000008666, -6.603619999862911, 0.0 ], [ 106.691959999754403, -6.603650000347141, 0.0 ], [ 106.6920999999152, -6.603679999931913, 0.0 ], [ 106.692220000053126, -6.603719999977855, 0.0 ], [ 106.692309999706893, -6.603740000000826, 0.0 ], [ 106.692389999798777, -6.603760000023797, 0.0 ], [ 106.69246000032895, -6.603780000046768, 0.0 ], [ 106.692540000420834, -6.603820000092711, 0.0 ], [ 106.692650000097586, -6.603869999700542, 0.0 ], [ 106.692750000212527, -6.603920000207655, 0.0 ], [ 106.692830000304497, -6.603949999792516, 0.0 ], [ 106.69289000037341, -6.603989999838458, 0.0 ], [ 106.692969999566017, -6.60404999990746, 0.0 ], [ 106.693040000096104, -6.604100000414483, 0.0 ], [ 106.693109999726815, -6.604139999561234, 0.0 ], [ 106.693160000234016, -6.604190000068257, 0.0 ], [ 106.693220000302929, -6.604239999676089, 0.0 ], [ 106.693300000394814, -6.604310000206173, 0.0 ], [ 106.693359999564535, -6.604359999814005, 0.0 ], [ 106.693419999633448, -6.604430000344088, 0.0 ], [ 106.693479999702362, -6.604499999974891, 0.0 ], [ 106.693519999748389, -6.604569999605605, 0.0 ], [ 106.693559999794331, -6.604640000135777, 0.0 ], [ 106.693599999840274, -6.604709999766492, 0.0 ], [ 106.693630000324418, -6.604800000319546, 0.0 ], [ 106.693679999932243, -6.60488999997332, 0.0 ], [ 106.69369004805742, -6.604910095324481, 0.0 ], [ 106.693719999978185, -6.604970000065293, 0.0 ], [ 106.693740000001156, -6.605059999719067, 0.0 ], [ 106.693769999586024, -6.605150000272122, 0.0 ], [ 106.69380000007007, -6.605239999925896, 0.0 ], [ 106.69381382175068, -6.605309111925841, 0.0 ], [ 106.69382000009314, -6.60534000004084, 0.0 ], [ 106.693849999677909, -6.605420000132725, 0.0 ], [ 106.69386999970088, -6.605489999763527, 0.0 ], [ 106.693889999723851, -6.605589999878383, 0.0 ], [ 106.693920000208081, -6.605689999993327, 0.0 ], [ 106.693940000231052, -6.60575999962413, 0.0 ], [ 106.693960000254023, -6.605830000154214, 0.0 ], [ 106.693980000276994, -6.605899999785017, 0.0 ], [ 106.694000000299965, -6.6059700003151, 0.0 ], [ 106.694040000345908, -6.606079999991845, 0.0 ], [ 106.69408000039185, -6.606169999645619, 0.0 ], [ 106.694129999999689, -6.606269999760475, 0.0 ], [ 106.694190000068602, -6.606380000336589, 0.0 ], [ 106.6942500001376, -6.606460000428473, 0.0 ], [ 106.694310000206514, -6.606530000059276, 0.0 ], [ 106.694379999837309, -6.60661000015125, 0.0 ], [ 106.694439999906223, -6.606659999758993, 0.0 ], [ 106.694499999975221, -6.606719999827995, 0.0 ], [ 106.694569999605946, -6.606759999873937, 0.0 ], [ 106.694640000136118, -6.606810000381049, 0.0 ], [ 106.694740000250974, -6.606850000426991, 0.0 ], [ 106.694849999927712, -6.606889999573653, 0.0 ], [ 106.694970000065638, -6.606920000057794, 0.0 ], [ 106.695079999742376, -6.606940000080765, 0.0 ], [ 106.695179999857231, -6.606960000103737, 0.0 ], [ 106.695250000387404, -6.606969999665537, 0.0 ], [ 106.69530999955704, -6.606980000126708, 0.0 ], [ 106.69540999967198, -6.606989999688508, 0.0 ], [ 106.695500000225039, -6.606989999688508, 0.0 ], [ 106.695589999878806, -6.606989999688508, 0.0 ], [ 106.695699999555558, -6.606980000126708, 0.0 ], [ 106.695790000108616, -6.606960000103737, 0.0 ], [ 106.695859999739326, -6.606949999642566, 0.0 ], [ 106.695939999831296, -6.606920000057794, 0.0 ], [ 106.696030000384354, -6.606869999550682, 0.0 ], [ 106.696120000038121, -6.606819999942939, 0.0 ], [ 106.696220000153062, -6.606750000312136, 0.0 ], [ 106.696309999806843, -6.606699999804935, 0.0 ], [ 106.696409999921698, -6.606659999758993, 0.0 ], [ 106.696479999552508, -6.606630000174221, 0.0 ], [ 106.696570000105552, -6.60659000012819, 0.0 ], [ 106.69667999978239, -6.606559999644137, 0.0 ], [ 106.696790000358419, -6.606539999621166, 0.0 ], [ 106.696869999551012, -6.606530000059276, 0.0 ], [ 106.69696000010407, -6.606519999598195, 0.0 ], [ 106.697060000219011, -6.606510000036305, 0.0 ], [ 106.697169999895763, -6.606519999598195, 0.0 ] ] ] ] } },
{ "type": "Feature", "properties": { "PROVNO": "32", "KABKOTNO": "01", "KECNO": "051", "DESANO": "006", "PROVINSI": "JAWA BARAT", "KABKOT": "BOGOR", "KECAMATAN": "TENJOLAYA", "ID2013": "3201051006", "DESA": "CINANGNENG", "DESA_1": "CINANGNENG", "ID2012": "3201051006", "IDKAB2": "3201", "IDKEC_2": "3201051", "WILAYAH": "BARAT" }, "geometry": { "type": "MultiPolygon", "coordinates": [ [ [ [ 106.712179999607457, -6.590150000122232, 0.0 ], [ 106.712720000228032, -6.590179999707093, 0.0 ], [ 106.712959999604493, -6.590259999798977, 0.0 ], [ 106.712970000065667, -6.59052999965958, 0.0 ], [ 106.713010000111609, -6.591220000002842, 0.0 ], [ 106.713099999765376, -6.592009999561679, 0.0 ], [ 106.712970000065667, -6.59267000032008, 0.0 ], [ 106.712919999558466, -6.592929999719601, 0.0 ], [ 106.713119999788347, -6.593250000087227, 0.0 ], [ 106.713110000226465, -6.593310000156229, 0.0 ], [ 106.713079999742405, -6.593390000248203, 0.0 ], [ 106.713039999696377, -6.593490000363058, 0.0 ], [ 106.71303000013458, -6.593580000016832, 0.0 ], [ 106.713010000111609, -6.593680000131688, 0.0 ], [ 106.713010000111609, -6.593780000246721, 0.0 ], [ 106.712990000088638, -6.593869999900406, 0.0 ], [ 106.712979999627464, -6.593940000430489, 0.0 ], [ 106.712970000065667, -6.594019999623093, 0.0 ], [ 106.712950000042696, -6.594119999738037, 0.0 ], [ 106.712930000019625, -6.594179999807039, 0.0 ], [ 106.712900000434857, -6.594239999875953, 0.0 ], [ 106.712849999927741, -6.594319999967837, 0.0 ], [ 106.712789999858742, -6.59440000005981, 0.0 ], [ 106.712729999789829, -6.594429999644582, 0.0 ], [ 106.712649999697859, -6.594469999690524, 0.0 ], [ 106.712560000044164, -6.594509999736555, 0.0 ], [ 106.712490000413368, -6.594529999759526, 0.0 ], [ 106.712430000344369, -6.594580000266639, 0.0 ], [ 106.712350000252485, -6.5946099998515, 0.0 ], [ 106.712290000183572, -6.594649999897442, 0.0 ], [ 106.712230000114573, -6.594689999943384, 0.0 ], [ 106.712159999584486, -6.594720000427525, 0.0 ], [ 106.712069999930705, -6.594779999597158, 0.0 ], [ 106.71196999981585, -6.594850000127241, 0.0 ], [ 106.711900000185054, -6.594899999735073, 0.0 ], [ 106.71182000009307, -6.594959999803987, 0.0 ], [ 106.711760000024157, -6.5950199998729, 0.0 ], [ 106.711679999932272, -6.595079999941902, 0.0 ], [ 106.711639999886245, -6.595130000449014, 0.0 ], [ 106.711599999840303, -6.595180000056846, 0.0 ], [ 106.711539999771304, -6.595240000125759, 0.0 ], [ 106.711499999725362, -6.595309999756562, 0.0 ], [ 106.711470000140594, -6.595360000263675, 0.0 ], [ 106.711430000094566, -6.59544999991736, 0.0 ], [ 106.711410000071595, -6.595530000009333, 0.0 ], [ 106.711393652195468, -6.595603564552679, 0.0 ], [ 106.711390000048624, -6.595619999663107, 0.0 ], [ 106.711379999587535, -6.595690000193191, 0.0 ], [ 106.711379999587535, -6.595759999823994, 0.0 ], [ 106.711370000025653, -6.595839999915878, 0.0 ], [ 106.711370000025653, -6.595920000007851, 0.0 ], [ 106.711359999564479, -6.596009999661625, 0.0 ], [ 106.711359999564479, -6.596089999753509, 0.0 ], [ 106.711350000002682, -6.596169999845483, 0.0 ], [ 106.711350000002682, -6.596240000375566, 0.0 ], [ 106.711350000002682, -6.596310000006369, 0.0 ], [ 106.711340000440785, -6.596370000075282, 0.0 ], [ 106.711329999979711, -6.596459999729056, 0.0 ], [ 106.711320000417814, -6.59651999979797, 0.0 ], [ 106.71130999995674, -6.596599999889943, 0.0 ], [ 106.711289999933769, -6.596659999958856, 0.0 ], [ 106.711280000371872, -6.596740000050829, 0.0 ], [ 106.711269999910797, -6.596800000119742, 0.0 ], [ 106.711249999887727, -6.596860000188745, 0.0 ], [ 106.711249999887727, -6.596929999819459, 0.0 ], [ 106.711249999887727, -6.597000000349542, 0.0 ], [ 106.711269999910797, -6.597069999980345, 0.0 ], [ 106.711289999933769, -6.597139999611148, 0.0 ], [ 106.711350000002682, -6.597230000164203, 0.0 ], [ 106.711390000048624, -6.597290000233116, 0.0 ], [ 106.711439999656449, -6.597370000325089, 0.0 ], [ 106.711490000163565, -6.597439999955892, 0.0 ], [ 106.711519999748333, -6.597500000024805, 0.0 ], [ 106.711559999794275, -6.597580000116778, 0.0 ], [ 106.711610000301476, -6.597669999770552, 0.0 ], [ 106.711650000347419, -6.597760000323607, 0.0 ], [ 106.711699999955243, -6.59784000041558, 0.0 ], [ 106.711719999978214, -6.597910000046294, 0.0 ], [ 106.711730000439303, -6.597970000115296, 0.0 ], [ 106.711717036712059, -6.598000247013616, 0.0 ], [ 106.711699999955243, -6.59803999974601, 0.0 ], [ 106.711659999909216, -6.598119999837895, 0.0 ], [ 106.711619999863274, -6.598190000368067, 0.0 ], [ 106.711590000278505, -6.59825999999887, 0.0 ], [ 106.711539999771304, -6.598309999606613, 0.0 ], [ 106.711499999725362, -6.598380000136697, 0.0 ], [ 106.71145999967942, -6.598429999744528, 0.0 ], [ 106.711410000071595, -6.598480000251641, 0.0 ], [ 106.711329999979711, -6.598540000320643, 0.0 ], [ 106.711249999887727, -6.598569999905415, 0.0 ], [ 106.711180000257016, -6.598589999928386, 0.0 ], [ 106.711089999703873, -6.598620000412527, 0.0 ], [ 106.711047906935491, -6.598629354261067, 0.0 ], [ 106.711000000050191, -6.598640000435498, 0.0 ], [ 106.710890000373439, -6.59869000004333, 0.0 ], [ 106.710799999820296, -6.598739999651073, 0.0 ], [ 106.710750000212471, -6.598779999697015, 0.0 ], [ 106.710690000143558, -6.598830000204217, 0.0 ], [ 106.710650000097615, -6.59887999981196, 0.0 ], [ 106.710610000051673, -6.598939999880962, 0.0 ], [ 106.710599999590499, -6.598999999949875, 0.0 ], [ 106.710599999590499, -6.599080000041759, 0.0 ], [ 106.710619999613471, -6.599169999695533, 0.0 ], [ 106.710639999636442, -6.599269999810478, 0.0 ], [ 106.710659999659413, -6.599360000363532, 0.0 ], [ 106.710690000143558, -6.599429999994335, 0.0 ], [ 106.710719999728411, -6.59953999967108, 0.0 ], [ 106.710750000212471, -6.599619999763053, 0.0 ], [ 106.710779999797325, -6.599710000316108, 0.0 ], [ 106.710799999820296, -6.599799999969882, 0.0 ], [ 106.710830000304441, -6.599860000038795, 0.0 ], [ 106.710839999866238, -6.599929999669598, 0.0 ], [ 106.710859999889209, -6.599989999738511, 0.0 ], [ 106.710859999889209, -6.600060000268595, 0.0 ], [ 106.710870000350383, -6.600140000360568, 0.0 ], [ 106.710870000350383, -6.600239999576143, 0.0 ], [ 106.710870000350383, -6.600319999668116, 0.0 ], [ 106.710870000350383, -6.60039999976, 0.0 ], [ 106.710859999889209, -6.600479999851885, 0.0 ], [ 106.710859999889209, -6.600570000405028, 0.0 ], [ 106.710859999889209, -6.600669999620603, 0.0 ], [ 106.710850000327412, -6.600780000196629, 0.0 ], [ 106.710839999866238, -6.600880000311573, 0.0 ], [ 106.710839999866238, -6.600894574724716, 0.0 ], [ 106.710839999866238, -6.601000000449488, 0.0 ], [ 106.710830000304441, -6.601110000126234, 0.0 ], [ 106.710810000281469, -6.601230000264149, 0.0 ], [ 106.710810000281469, -6.601339999940894, 0.0 ], [ 106.710799999820296, -6.60146000007872, 0.0 ], [ 106.710790000258498, -6.601569999755466, 0.0 ], [ 106.710790000258498, -6.60168000033158, 0.0 ], [ 106.710779999797325, -6.601790000008325, 0.0 ], [ 106.710770000235442, -6.601890000123269, 0.0 ], [ 106.710759999774353, -6.601990000238214, 0.0 ], [ 106.710759999774353, -6.602090000353069, 0.0 ], [ 106.710750000212471, -6.602180000006843, 0.0 ], [ 106.710739999751382, -6.602280000121787, 0.0 ], [ 106.710739999751382, -6.602360000213672, 0.0 ], [ 106.7107300001895, -6.602440000305556, 0.0 ], [ 106.7107300001895, -6.602520000397529, 0.0 ], [ 106.710719999728411, -6.602599999590133, 0.0 ], [ 106.710710000166529, -6.602710000166248, 0.0 ], [ 106.71069999970544, -6.602810000281103, 0.0 ], [ 106.710690000143558, -6.602910000396047, 0.0 ], [ 106.710659999659413, -6.603029999634593, 0.0 ], [ 106.710639999636442, -6.603109999726566, 0.0 ], [ 106.710619999613471, -6.60318000025665, 0.0 ], [ 106.710579999567528, -6.603260000348623, 0.0 ], [ 106.710547409935202, -6.60331703265479, 0.0 ], [ 106.710540000420863, -6.603329999979337, 0.0 ], [ 106.710489999913761, -6.60339999961014, 0.0 ], [ 106.710429999844749, -6.603470000140224, 0.0 ], [ 106.710389999798807, -6.603519999748055, 0.0 ], [ 106.710340000191067, -6.603579999816969, 0.0 ], [ 106.710280000122069, -6.603630000324081, 0.0 ], [ 106.710229999614953, -6.603679999931913, 0.0 ], [ 106.710170000445316, -6.603740000000826, 0.0 ], [ 106.7101199999382, -6.603780000046768, 0.0 ], [ 106.710077336100412, -6.603822663884653, 0.0 ], [ 106.710070000330376, -6.6038299996546, 0.0 ], [ 106.710019999823345, -6.603869999700542, 0.0 ], [ 106.709959999754346, -6.603929999769456, 0.0 ], [ 106.709910000146607, -6.603989999838458, 0.0 ], [ 106.70987000010058, -6.60404999990746, 0.0 ], [ 106.709830000054637, -6.604100000414483, 0.0 ], [ 106.709790000008695, -6.604159999584205, 0.0 ], [ 106.709769999985639, -6.6042300001142, 0.0 ], [ 106.709740000400856, -6.604339999791033, 0.0 ], [ 106.709720000377885, -6.604430000344088, 0.0 ], [ 106.709709999916726, -6.604510000435972, 0.0 ], [ 106.709700000354914, -6.604600000089746, 0.0 ], [ 106.709689999893754, -6.604709999766492, 0.0 ], [ 106.709689999893754, -6.604809999881436, 0.0 ], [ 106.709680000331858, -6.604869999950349, 0.0 ], [ 106.709680000331858, -6.604950000042322, 0.0 ], [ 106.709680000331858, -6.605030000134295, 0.0 ], [ 106.709680000331858, -6.605099999765009, 0.0 ], [ 106.709680000331858, -6.605179999856983, 0.0 ], [ 106.709669999870783, -6.605259999948867, 0.0 ], [ 106.709669999870783, -6.60534000004084, 0.0 ], [ 106.709669999870783, -6.605420000132725, 0.0 ], [ 106.709660000308887, -6.605509999786499, 0.0 ], [ 106.709660000308887, -6.605589999878383, 0.0 ], [ 106.709660000308887, -6.605660034582819, 0.0 ], [ 106.709660000308887, -6.605669999970356, 0.0 ], [ 106.709660000308887, -6.60575999962413, 0.0 ], [ 106.709640000285916, -6.605839999716103, 0.0 ], [ 106.709629999824841, -6.605919999807988, 0.0 ], [ 106.709627158866425, -6.60594272927332, 0.0 ], [ 106.709620000262944, -6.605999999899872, 0.0 ], [ 106.709600000239973, -6.606079999991845, 0.0 ], [ 106.7095899997788, -6.606160000083818, 0.0 ], [ 106.709569999755828, -6.606229999714532, 0.0 ], [ 106.709560000194031, -6.606300000244616, 0.0 ], [ 106.70954000017106, -6.606369999875419, 0.0 ], [ 106.709500000125118, -6.606469999990363, 0.0 ], [ 106.709480000102062, -6.606559999644137, 0.0 ], [ 106.709449999617917, -6.606659999758993, 0.0 ], [ 106.709400000010177, -6.606750000312136, 0.0 ], [ 106.709350000402338, -6.606850000426991, 0.0 ], [ 106.709310000356396, -6.606940000080765, 0.0 ], [ 106.70925999984928, -6.607020000172739, 0.0 ], [ 106.709199999780367, -6.607089999803453, 0.0 ], [ 106.709150000172542, -6.607160000333536, 0.0 ], [ 106.709090000103544, -6.607220000402538, 0.0 ], [ 106.709039999596513, -6.607270000010281, 0.0 ], [ 106.708980000426791, -6.607319999618113, 0.0 ], [ 106.708900000334907, -6.607390000148197, 0.0 ], [ 106.708849999827805, -6.607439999756028, 0.0 ], [ 106.708789999758793, -6.607490000263141, 0.0 ], [ 106.708720000128082, -6.607559999893944, 0.0 ], [ 106.708640000036198, -6.607630000424027, 0.0 ], [ 106.708612772161842, -6.607662673693273, 0.0 ], [ 106.708590000428359, -6.60768999959366, 0.0 ], [ 106.708550000382417, -6.607749999662573, 0.0 ], [ 106.708510000336474, -6.607820000192746, 0.0 ], [ 106.708470000290447, -6.60790000028463, 0.0 ], [ 106.708419999783331, -6.608000000399574, 0.0 ], [ 106.708390000198477, -6.608070000030288, 0.0 ], [ 106.708370000175506, -6.608139999661091, 0.0 ], [ 106.708330000129564, -6.608239999776035, 0.0 ], [ 106.708310000106593, -6.60831999986792, 0.0 ], [ 106.708299999645419, -6.608390000398092, 0.0 ], [ 106.708279999622448, -6.608460000028806, 0.0 ], [ 106.708270000060651, -6.608529999659609, 0.0 ], [ 106.708257431135735, -6.608573991796121, 0.0 ], [ 106.70825000003768, -6.608600000189693, 0.0 ], [ 106.708239999576506, -6.608669999820407, 0.0 ], [ 106.708230000014709, -6.608740000350579, 0.0 ], [ 106.708209999991652, -6.608820000442464, 0.0 ], [ 106.708189999968681, -6.608899999635156, 0.0 ], [ 106.708189999968681, -6.60897000016524, 0.0 ], [ 106.70816999994571, -6.609039999795954, 0.0 ], [ 106.708160000383913, -6.609119999887927, 0.0 ], [ 106.708140000360942, -6.609220000002871, 0.0 ], [ 106.708120000337971, -6.609309999656645, 0.0 ], [ 106.708109999876712, -6.609369999725558, 0.0 ], [ 106.70808999985374, -6.609449999817443, 0.0 ], [ 106.708060000268958, -6.609549999932387, 0.0 ], [ 106.708029999784827, -6.60961999956319, 0.0 ], [ 106.708000000199959, -6.609699999655074, 0.0 ], [ 106.707969999715914, -6.609759999723988, 0.0 ], [ 106.707929999669972, -6.60981999979299, 0.0 ], [ 106.707860000039162, -6.609910000346044, 0.0 ], [ 106.707799999970163, -6.609979999976847, 0.0 ], [ 106.707730000339438, -6.61004000004576, 0.0 ], [ 106.70767000027044, -6.610080000091791, 0.0 ], [ 106.707590000178556, -6.610129999699534, 0.0 ], [ 106.707519999648383, -6.610180000206736, 0.0 ], [ 106.707450000017673, -6.610220000252678, 0.0 ], [ 106.707380000386877, -6.610280000321591, 0.0 ], [ 106.707289999833819, -6.610349999952305, 0.0 ], [ 106.707220000203009, -6.610419999583108, 0.0 ], [ 106.707169999695907, -6.61047999965211, 0.0 ], [ 106.707140000111124, -6.610539999721023, 0.0 ], [ 106.707100000065097, -6.610630000274078, 0.0 ], [ 106.707069999580952, -6.61069000034308, 0.0 ], [ 106.707049999557981, -6.610779999996854, 0.0 ], [ 106.707039999996184, -6.610860000088827, 0.0 ], [ 106.706999999950241, -6.610920000157741, 0.0 ], [ 106.70697999992727, -6.611000000249625, 0.0 ], [ 106.706950000342403, -6.611049999857457, 0.0 ], [ 106.706919999858272, -6.61110999992637, 0.0 ], [ 106.70687999981233, -6.611179999557173, 0.0 ], [ 106.7068714328705, -6.611197134340099, 0.0 ], [ 106.706850000227547, -6.611239999626086, 0.0 ], [ 106.70681000018152, -6.611299999695088, 0.0 ], [ 106.706759999674404, -6.61133999974103, 0.0 ], [ 106.70669999960549, -6.611390000248143, 0.0 ], [ 106.706609999951723, -6.611450000317145, 0.0 ], [ 106.706529999859754, -6.611479999901917, 0.0 ], [ 106.706469999790841, -6.611499999924888, 0.0 ], [ 106.706360000114088, -6.611530000409029, 0.0 ], [ 106.706280000022119, -6.611539999970919, 0.0 ], [ 106.706219999953206, -6.61155999999389, 0.0 ], [ 106.706194093182972, -6.611569715369949, 0.0 ], [ 106.706139999861321, -6.611589999578662, 0.0 ], [ 106.706079999792323, -6.611620000062803, 0.0 ], [ 106.706019999723409, -6.611680000131717, 0.0 ], [ 106.705979999677467, -6.61174999976252, 0.0 ], [ 106.70597000011557, -6.611809999831433, 0.0 ], [ 106.705959999654496, -6.611889999923406, 0.0 ], [ 106.705950000092599, -6.611949999992319, 0.0 ], [ 106.705950000092599, -6.612039999646093, 0.0 ], [ 106.705950000092599, -6.612099999715007, 0.0 ], [ 106.705950000092599, -6.612199999829951, 0.0 ], [ 106.705939999631426, -6.612290000383005, 0.0 ], [ 106.705930000069628, -6.612369999575698, 0.0 ], [ 106.705910000046657, -6.612460000128753, 0.0 ], [ 106.705879999562512, -6.612540000220726, 0.0 ], [ 106.705854748398067, -6.61259892020384, 0.0 ], [ 106.705849999977744, -6.61260999985144, 0.0 ], [ 106.705809999931716, -6.612660000358552, 0.0 ], [ 106.705749999862803, -6.612720000427554, 0.0 ], [ 106.705649999747862, -6.612790000058268, 0.0 ], [ 106.705560000094081, -6.612830000104299, 0.0 ], [ 106.705500000025168, -6.612870000150242, 0.0 ], [ 106.705419999933198, -6.612910000196184, 0.0 ], [ 106.705350000302488, -6.612939999781045, 0.0 ], [ 106.705270000210504, -6.612979999826987, 0.0 ], [ 106.705210000141591, -6.613019999872929, 0.0 ], [ 106.705130000049621, -6.613059999918871, 0.0 ], [ 106.705060000418911, -6.613110000425984, 0.0 ], [ 106.704980000326941, -6.613189999618587, 0.0 ], [ 106.704909999796854, -6.613240000125788, 0.0 ], [ 106.704840000166058, -6.613300000194702, 0.0 ], [ 106.704760000074174, -6.613369999825505, 0.0 ], [ 106.70467999998219, -6.613409999871447, 0.0 ], [ 106.704630000374365, -6.613449999917389, 0.0 ], [ 106.704570000305452, -6.61348000040153, 0.0 ], [ 106.704510000236539, -6.613509999986391, 0.0 ], [ 106.704450000167526, -6.613550000032333, 0.0 ], [ 106.704391710609116, -6.61357914526123, 0.0 ], [ 106.704390000098613, -6.613579999617105, 0.0 ], [ 106.704289999983672, -6.613630000124218, 0.0 ], [ 106.704200000329905, -6.61367000017016, 0.0 ], [ 106.704109999776847, -6.613710000216191, 0.0 ], [ 106.704040000146051, -6.613750000262133, 0.0 ], [ 106.703949999592993, -6.613790000308075, 0.0 ], [ 106.703890000423357, -6.613819999892936, 0.0 ], [ 106.70381999989327, -6.613850000377077, 0.0 ], [ 106.703750000262474, -6.613910000445991, 0.0 ], [ 106.703659999709416, -6.613949999592652, 0.0 ], [ 106.703599999640502, -6.613989999638594, 0.0 ], [ 106.70352000044781, -6.614029999684625, 0.0 ], [ 106.703420000332954, -6.61410999977651, 0.0 ], [ 106.703340000240985, -6.614149999822452, 0.0 ], [ 106.703289999733869, -6.614200000329653, 0.0 ], [ 106.703220000103073, -6.614240000375595, 0.0 ], [ 106.703149999572986, -6.614280000421537, 0.0 ], [ 106.70309000040335, -6.614330000029369, 0.0 ], [ 106.703030000334437, -6.614379999637112, 0.0 ], [ 106.702999999850292, -6.614439999706025, 0.0 ], [ 106.702790000058698, -6.614310000006398, 0.0 ], [ 106.702589999828803, -6.614200000329653, 0.0 ], [ 106.702420000083151, -6.61412000023768, 0.0 ], [ 106.702259999899198, -6.614040000145707, 0.0 ], [ 106.7021199997384, -6.613989999638594, 0.0 ], [ 106.701979999577517, -6.613940000030851, 0.0 ], [ 106.701860000338883, -6.613910000445991, 0.0 ], [ 106.701740000201056, -6.613879999961849, 0.0 ], [ 106.701629999624942, -6.613850000377077, 0.0 ], [ 106.701519999948204, -6.613819999892936, 0.0 ], [ 106.701419999833348, -6.613799999869876, 0.0 ], [ 106.701319999718393, -6.613779999846905, 0.0 ], [ 106.701219999603452, -6.613750000262133, 0.0 ], [ 106.701129999949771, -6.613739999800963, 0.0 ], [ 106.70104000029599, -6.613719999777992, 0.0 ], [ 106.700949999742846, -6.613699999755021, 0.0 ], [ 106.700860000089079, -6.613679999732049, 0.0 ], [ 106.700779999997195, -6.61367000017016, 0.0 ], [ 106.700690000343414, -6.613639999686107, 0.0 ], [ 106.700610000251444, -6.613619999663136, 0.0 ], [ 106.700519999698386, -6.613599999640076, 0.0 ], [ 106.700430000044705, -6.613570000055304, 0.0 ], [ 106.700329999929764, -6.613550000032333, 0.0 ], [ 106.70024999983778, -6.613520000447561, 0.0 ], [ 106.700149999722925, -6.61348000040153, 0.0 ], [ 106.700049999607984, -6.613449999917389, 0.0 ], [ 106.700012370174903, -6.613434947964283, 0.0 ], [ 106.69995000039242, -6.613409999871447, 0.0 ], [ 106.699850000277465, -6.613369999825505, 0.0 ], [ 106.699759999724421, -6.613329999779562, 0.0 ], [ 106.699650000047669, -6.613289999733531, 0.0 ], [ 106.699549999932728, -6.613249999687589, 0.0 ], [ 106.699449999817872, -6.613209999641558, 0.0 ], [ 106.699349999702918, -6.613160000033815, 0.0 ], [ 106.699249999587977, -6.613119999987873, 0.0 ], [ 106.699150000372413, -6.613079999941842, 0.0 ], [ 106.699059999819355, -6.6130399998959, 0.0 ], [ 106.698959999704414, -6.612999999849958, 0.0 ], [ 106.69891438159361, -6.612979724634407, 0.0 ], [ 106.698870000050633, -6.612959999804016, 0.0 ], [ 106.698780000396852, -6.612930000219155, 0.0 ], [ 106.698680000281996, -6.612890000173213, 0.0 ], [ 106.698580000167055, -6.612850000127271, 0.0 ], [ 106.698509999636968, -6.612819999643129, 0.0 ], [ 106.698419999983201, -6.612779999597098, 0.0 ], [ 106.698330000329435, -6.612750000012326, 0.0 ], [ 106.69825000023755, -6.612709999966384, 0.0 ], [ 106.698170000145566, -6.612669999920442, 0.0 ], [ 106.698090000053597, -6.612640000335581, 0.0 ], [ 106.698000000399915, -6.612600000289639, 0.0 ], [ 106.697940000330902, -6.612560000243697, 0.0 ], [ 106.697849999777858, -6.612509999736496, 0.0 ], [ 106.697789999708945, -6.612469999690553, 0.0 ], [ 106.697729999639932, -6.612420000082722, 0.0 ], [ 106.697660000009222, -6.612369999575698, 0.0 ], [ 106.697599999940223, -6.612319999967866, 0.0 ], [ 106.697539999871225, -6.612259999898953, 0.0 ], [ 106.697479999802312, -6.612199999829951, 0.0 ], [ 106.697430000194473, -6.612139999761038, 0.0 ], [ 106.6973599996644, -6.612070000130235, 0.0 ], [ 106.697290000033675, -6.61197000001529, 0.0 ], [ 106.697220000402879, -6.611840000315663, 0.0 ], [ 106.697140000310895, -6.611649999647664, 0.0 ], [ 106.697152974830047, -6.611435908839915, 0.0 ], [ 106.697160000333866, -6.611319999718059, 0.0 ], [ 106.697160000333866, -6.611230000064285, 0.0 ], [ 106.697080000241982, -6.611100000364569, 0.0 ], [ 106.696850000427332, -6.610800000019825, 0.0 ], [ 106.696779999897245, -6.61069000034308, 0.0 ], [ 106.696699999805361, -6.610459999629139, 0.0 ], [ 106.696759999874274, -6.610100000114763, 0.0 ], [ 106.696949999642897, -6.609650000047242, 0.0 ], [ 106.696980000127127, -6.609549999932387, 0.0 ], [ 106.697020000173069, -6.609329999679616, 0.0 ], [ 106.696940000081099, -6.6091999999799, 0.0 ], [ 106.696871800893035, -6.608980247040588, 0.0 ], [ 106.696850000427332, -6.608910000096238, 0.0 ], [ 106.696846414830361, -6.60890193317746, 0.0 ], [ 106.69681000038139, -6.608820000442464, 0.0 ], [ 106.69685999998913, -6.608700000304637, 0.0 ], [ 106.696929999619925, -6.608560000143751, 0.0 ], [ 106.696980000127127, -6.608159999684062, 0.0 ], [ 106.696969999665967, -6.607809999731575, 0.0 ], [ 106.69702999973488, -6.607579999916915, 0.0 ], [ 106.697120000287924, -6.607229999964339, 0.0 ], [ 106.697160000333866, -6.606960000103737, 0.0 ], [ 106.697160000333866, -6.606810000381049, 0.0 ], [ 106.697169999895763, -6.606519999598195, 0.0 ], [ 106.697180000356937, -6.606340000290647, 0.0 ], [ 106.697160000333866, -6.606169999645619, 0.0 ], [ 106.697339999641429, -6.605290000433008, 0.0 ], [ 106.697350000102588, -6.605199999879954, 0.0 ], [ 106.697180000356937, -6.604979999627094, 0.0 ], [ 106.697140000310895, -6.60488999997332, 0.0 ], [ 106.697080000241982, -6.60447999995192, 0.0 ], [ 106.697237869032648, -6.604243195866601, 0.0 ], [ 106.69724000042585, -6.604239999676089, 0.0 ], [ 106.697290000033675, -6.60404000034557, 0.0 ], [ 106.697365755325492, -6.604007862172914, 0.0 ], [ 106.697619999963194, -6.603900000184684, 0.0 ], [ 106.69790000028496, -6.603869999700542, 0.0 ], [ 106.699349999702918, -6.604139999561234, 0.0 ], [ 106.699549999932728, -6.604159999584205, 0.0 ], [ 106.699850000277465, -6.604129999999344, 0.0 ], [ 106.700209999791838, -6.603849999677571, 0.0 ], [ 106.700940000181049, -6.602830000304074, 0.0 ], [ 106.70139000024848, -6.601810000031296, 0.0 ], [ 106.701395181242788, -6.601788238236441, 0.0 ], [ 106.70142058978854, -6.601681521085236, 0.0 ], [ 106.701490000363336, -6.601390000448006, 0.0 ], [ 106.70139000024848, -6.599459999579196, 0.0 ], [ 106.701430000294422, -6.599189999718504, 0.0 ], [ 106.701410000271451, -6.598859999788989, 0.0 ], [ 106.70142685896252, -6.598674555985831, 0.0 ], [ 106.701439999856319, -6.598529999859473, 0.0 ], [ 106.701660000109086, -6.59825000043698, 0.0 ], [ 106.701840000315912, -6.597970000115296, 0.0 ], [ 106.70190000038491, -6.59782000039252, 0.0 ], [ 106.701979999577517, -6.597459999978863, 0.0 ], [ 106.701999999600488, -6.597339999840948, 0.0 ], [ 106.701959999554546, -6.597239999726092, 0.0 ], [ 106.701931033290762, -6.59719172142065, 0.0 ], [ 106.70190000038491, -6.597139999611148, 0.0 ], [ 106.701929999969678, -6.597020000372513, 0.0 ], [ 106.7021199997384, -6.596900000234687, 0.0 ], [ 106.702219999853256, -6.596789999658572, 0.0 ], [ 106.702339999991182, -6.596510000236169, 0.0 ], [ 106.702389999598921, -6.596390000098253, 0.0 ], [ 106.702489999713862, -6.59610000021468, 0.0 ], [ 106.702509999736918, -6.596029999684596, 0.0 ], [ 106.702541491296955, -6.596012505172801, 0.0 ], [ 106.702600000289976, -6.595980000076764, 0.0 ], [ 106.702617889604099, -6.595986261156863, 0.0 ], [ 106.702799999620495, -6.596049999707567, 0.0 ], [ 106.702970000265438, -6.596120000237651, 0.0 ], [ 106.703079999942176, -6.596129999799452, 0.0 ], [ 106.703240000126044, -6.596049999707567, 0.0 ], [ 106.703320000218014, -6.595929999569652, 0.0 ], [ 106.703343191035628, -6.595843032429851, 0.0 ], [ 106.703400000309983, -6.595630000124189, 0.0 ], [ 106.703530000009692, -6.59546999994042, 0.0 ], [ 106.703960000054067, -6.595110000426043, 0.0 ], [ 106.70410000021505, -6.594999999849929, 0.0 ], [ 106.704229999914759, -6.594729999989326, 0.0 ], [ 106.704220000352876, -6.594460000128723, 0.0 ], [ 106.704240000375847, -6.594380000036839, 0.0 ], [ 106.704399999660424, -6.594210000291092, 0.0 ], [ 106.705029245403495, -6.593856049616811, 0.0 ], [ 106.705040000395854, -6.593849999877435, 0.0 ], [ 106.705231080250286, -6.593719717790538, 0.0 ], [ 106.70525999974943, -6.593700000154747, 0.0 ], [ 106.70543999995617, -6.593530000409, 0.0 ], [ 106.705500000025168, -6.593430000294145, 0.0 ], [ 106.705620000162995, -6.593270000110198, 0.0 ], [ 106.705636428078918, -6.593246589858062, 0.0 ], [ 106.70600043587163, -6.592727877989049, 0.0 ], [ 106.706019999723409, -6.592699999904941, 0.0 ], [ 106.706070000230511, -6.592599999789996, 0.0 ], [ 106.706329999629958, -6.59222999981445, 0.0 ], [ 106.706400273553967, -6.592167533804485, 0.0 ], [ 106.706420000183002, -6.592149999722565, 0.0 ], [ 106.706489999813812, -6.592049999607621, 0.0 ], [ 106.706990000388345, -6.591449999817502, 0.0 ], [ 106.707109999626894, -6.5913800001867, 0.0 ], [ 106.707260000248951, -6.591320000117786, 0.0 ], [ 106.707510000086586, -6.590979999727011, 0.0 ], [ 106.707590000178556, -6.590910000096208, 0.0 ], [ 106.707642701349727, -6.590864617607863, 0.0 ], [ 106.707949999692943, -6.590600000189664, 0.0 ], [ 106.708080000291929, -6.590469999590667, 0.0 ], [ 106.708120000337971, -6.590370000375092, 0.0 ], [ 106.7081000003149, -6.590230000214206, 0.0 ], [ 106.708069999830769, -6.590130000099261, 0.0 ], [ 106.708149999922739, -6.590029999984317, 0.0 ], [ 106.708350000152535, -6.589889999823431, 0.0 ], [ 106.708459999829273, -6.589860000238659, 0.0 ], [ 106.708660000059169, -6.589949999892433, 0.0 ], [ 106.708816527960565, -6.589963044558758, 0.0 ], [ 106.708826178585483, -6.589963848552607, 0.0 ], [ 106.708867211053132, -6.589967267775023, 0.0 ], [ 106.708900000334907, -6.589969999915404, 0.0 ], [ 106.709210000241541, -6.590009999961346, 0.0 ], [ 106.709549999732857, -6.590050000007377, 0.0 ], [ 106.711100000165047, -6.590090000053319, 0.0 ], [ 106.712119343932756, -6.590146630362561, 0.0 ], [ 106.712179999607457, -6.590150000122232, 0.0 ] ] ] ] } },
{ "type": "Feature", "properties": { "PROVNO": "32", "KABKOTNO": "01", "KECNO": "051", "DESANO": "002", "PROVINSI": "JAWA BARAT", "KABKOT": "BOGOR", "KECAMATAN": "TENJOLAYA", "ID2013": "3201051002", "DESA": "GUNUNG MALANG", "DESA_1": "GUNUNG MALANG", "ID2012": "3201051002", "IDKAB2": "3201", "IDKEC_2": "3201051", "WILAYAH": "BARAT" }, "geometry": { "type": "MultiPolygon", "coordinates": [ [ [ [ 106.726592622253634, -6.674450483581609, 0.0 ], [ 106.72672486995701, -6.674700773121991, 0.0 ], [ 106.72692032771117, -6.674920695133792, 0.0 ], [ 106.726947740845858, -6.675335858163081, 0.0 ], [ 106.727080397142828, -6.676152935409476, 0.0 ], [ 106.727223009834262, -6.676336129108886, 0.0 ], [ 106.727302905604802, -6.67668420631097, 0.0 ], [ 106.727563396034114, -6.676942829747681, 0.0 ], [ 106.727588392690421, -6.676972608099199, 0.0 ], [ 106.727824069025843, -6.677253360254145, 0.0 ], [ 106.728149546264689, -6.677537708798056, 0.0 ], [ 106.728462090353517, -6.677835080424401, 0.0 ], [ 106.728518955385667, -6.677998606849957, 0.0 ], [ 106.728606317327802, -6.678249833362973, 0.0 ], [ 106.728555859065864, -6.678665268886821, 0.0 ], [ 106.728440869051113, -6.679184746079017, 0.0 ], [ 106.728790000258527, -6.679576077074092, 0.0 ], [ 106.728790000258527, -6.679619999962796, 0.0 ], [ 106.728779999797354, -6.67970999961657, 0.0 ], [ 106.728799999820325, -6.679880000261598, 0.0 ], [ 106.728899999935265, -6.680070000030227, 0.0 ], [ 106.728989999589047, -6.680210000191114, 0.0 ], [ 106.729029999634989, -6.680350000352089, 0.0 ], [ 106.729129999749844, -6.680669999820434, 0.0 ], [ 106.729140000211103, -6.680850000027263, 0.0 ], [ 106.728989999589047, -6.681549999932415, 0.0 ], [ 106.728899999935265, -6.682040000045699, 0.0 ], [ 106.728879999912294, -6.682530000159161, 0.0 ], [ 106.728875506899229, -6.682618370241347, 0.0 ], [ 106.728850000327526, -6.683120000387568, 0.0 ], [ 106.728839999866352, -6.683609999601661, 0.0 ], [ 106.728830000304555, -6.683860000338573, 0.0 ], [ 106.728790000258527, -6.684170000245118, 0.0 ], [ 106.728750000212585, -6.684369999575637, 0.0 ], [ 106.72871999972844, -6.684489999713463, 0.0 ], [ 106.728879999912294, -6.68464999989741, 0.0 ], [ 106.729009999612018, -6.684700000404433, 0.0 ], [ 106.729109999726873, -6.684750000012265, 0.0 ], [ 106.729100000165076, -6.684819999643068, 0.0 ], [ 106.729060000119134, -6.684939999780983, 0.0 ], [ 106.729089999703902, -6.685039999895839, 0.0 ], [ 106.729160000234074, -6.685160000033843, 0.0 ], [ 106.729180000257045, -6.685229999664646, 0.0 ], [ 106.729189999818757, -6.685559999594073, 0.0 ], [ 106.729280000371901, -6.685619999663075, 0.0 ], [ 106.729439999656478, -6.685650000147216, 0.0 ], [ 106.729559999794304, -6.685679999731988, 0.0 ], [ 106.729670000370419, -6.685839999915846, 0.0 ], [ 106.729679999932216, -6.685910000445929, 0.0 ], [ 106.729650000347448, -6.686089999753477, 0.0 ], [ 106.729579999817275, -6.686310000006337, 0.0 ], [ 106.729550000232507, -6.686610000351081, 0.0 ], [ 106.729550000232507, -6.68678000009665, 0.0 ], [ 106.729559999794304, -6.686860000188712, 0.0 ], [ 106.729570000255478, -6.686949999842486, 0.0 ], [ 106.72961000030142, -6.687020000372481, 0.0 ], [ 106.729639999886274, -6.687069999980313, 0.0 ], [ 106.729659999909245, -6.687130000049226, 0.0 ], [ 106.72969000039339, -6.687259999748942, 0.0 ], [ 106.729679999932216, -6.687330000279115, 0.0 ], [ 106.729639999886274, -6.687500000024773, 0.0 ], [ 106.729559999794304, -6.687629999724578, 0.0 ], [ 106.729450000117566, -6.687820000392577, 0.0 ], [ 106.729450000117566, -6.687990000138235, 0.0 ], [ 106.72947999970242, -6.688329999629641, 0.0 ], [ 106.729530000209536, -6.688659999559068, 0.0 ], [ 106.729590000278449, -6.689010000411013, 0.0 ], [ 106.729719999978343, -6.689189999718472, 0.0 ], [ 106.729780000047256, -6.689269999810534, 0.0 ], [ 106.729940000231025, -6.689519999648077, 0.0 ], [ 106.729940000231025, -6.689679999832023, 0.0 ], [ 106.729949999792908, -6.689759999923908, 0.0 ], [ 106.729929999769936, -6.689889999623535, 0.0 ], [ 106.729949999792908, -6.690089999853424, 0.0 ], [ 106.730009999861821, -6.690259999599082, 0.0 ], [ 106.730049999907763, -6.690499999874913, 0.0 ], [ 106.730129999999747, -6.69066000005877, 0.0 ], [ 106.730250000137659, -6.690760000173626, 0.0 ], [ 106.730250000137659, -6.6908499998274, 0.0 ], [ 106.73019000006866, -6.690960000403514, 0.0 ], [ 106.730089999953705, -6.691070000080259, 0.0 ], [ 106.730129999999747, -6.691159999734033, 0.0 ], [ 106.730199999630457, -6.691319999917802, 0.0 ], [ 106.730259999699456, -6.691640000285606, 0.0 ], [ 106.730319999768454, -6.691790000008293, 0.0 ], [ 106.730350000252514, -6.69191000014612, 0.0 ], [ 106.730310000206572, -6.692019999822865, 0.0 ], [ 106.73019000006866, -6.692139999960869, 0.0 ], [ 106.730120000437935, -6.692229999614554, 0.0 ], [ 106.730049999907763, -6.692329999729498, 0.0 ], [ 106.730009999861821, -6.692409999821383, 0.0 ], [ 106.729969999815879, -6.692500000374437, 0.0 ], [ 106.729920000208054, -6.692630000074331, 0.0 ], [ 106.72984000011617, -6.692779999797018, 0.0 ], [ 106.729760000024285, -6.692939999980787, 0.0 ], [ 106.72961000030142, -6.693120000187704, 0.0 ], [ 106.729499999725391, -6.693200000279589, 0.0 ], [ 106.729410000071624, -6.693269999910303, 0.0 ], [ 106.729368429809455, -6.693301177607083, 0.0 ], [ 106.72932999997974, -6.693329999979394, 0.0 ], [ 106.729289999933798, -6.693439999656139, 0.0 ], [ 106.72926000034893, -6.693519999748023, 0.0 ], [ 106.729229999864884, -6.693610000301167, 0.0 ], [ 106.729180000257045, -6.693740000000883, 0.0 ], [ 106.729120000188047, -6.693849999677539, 0.0 ], [ 106.729069999680931, -6.69406999993031, 0.0 ], [ 106.729100000165076, -6.694179999607144, 0.0 ], [ 106.729100000165076, -6.694319999767941, 0.0 ], [ 106.729100000165076, -6.694479999951888, 0.0 ], [ 106.729089999703902, -6.694660000158628, 0.0 ], [ 106.729100000165076, -6.694829999904375, 0.0 ], [ 106.729100000165076, -6.69493999958112, 0.0 ], [ 106.729100000165076, -6.695019999673004, 0.0 ], [ 106.729120000188047, -6.695110000226148, 0.0 ], [ 106.729129999749844, -6.695199999879922, 0.0 ], [ 106.729129999749844, -6.695309999556667, 0.0 ], [ 106.729140000211103, -6.695449999717464, 0.0 ], [ 106.729140000211103, -6.695549999832409, 0.0 ], [ 106.729149999772815, -6.695629999924293, 0.0 ], [ 106.729200000280017, -6.695730000039237, 0.0 ], [ 106.729229999864884, -6.695830000154182, 0.0 ], [ 106.72926000034893, -6.695919999807955, 0.0 ], [ 106.729289999933798, -6.695979999876869, 0.0 ], [ 106.72932999997974, -6.696089999553614, 0.0 ], [ 106.729379999587479, -6.696209999691618, 0.0 ], [ 106.729419999633507, -6.696289999783502, 0.0 ], [ 106.729450000117566, -6.696400000359617, 0.0 ], [ 106.72947999970242, -6.696479999552221, 0.0 ], [ 106.729490000163509, -6.696539999621134, 0.0 ], [ 106.729499999725391, -6.696619999713018, 0.0 ], [ 106.729499999725391, -6.696739999850845, 0.0 ], [ 106.729490000163509, -6.696839999965878, 0.0 ], [ 106.729490000163509, -6.696960000103704, 0.0 ], [ 106.72947999970242, -6.697069999780449, 0.0 ], [ 106.72947999970242, -6.697209999941336, 0.0 ], [ 106.729470000140537, -6.69729999959511, 0.0 ], [ 106.729450000117566, -6.697410000171136, 0.0 ], [ 106.729450000117566, -6.69751999984797, 0.0 ], [ 106.729430000094595, -6.697610000400935, 0.0 ], [ 106.72939999961045, -6.69772000007768, 0.0 ], [ 106.729209631119787, -6.698399889343278, 0.0 ], [ 106.72904999965796, -6.698970000165119, 0.0 ], [ 106.72832000016804, -6.700779999996733, 0.0 ], [ 106.72815904940083, -6.701042603832921, 0.0 ], [ 106.727939999731404, -6.701399999809912, 0.0 ], [ 106.727930000169522, -6.701490000362966, 0.0 ], [ 106.729009999612018, -6.701689999693574, 0.0 ], [ 106.730230000114688, -6.701909999946434, 0.0 ], [ 106.731170000295407, -6.702199999829919, 0.0 ], [ 106.731970000315499, -6.702750000012294, 0.0 ], [ 106.732072247836172, -6.702899282975263, 0.0 ], [ 106.73246999999067, -6.703480000401587, 0.0 ], [ 106.73308000024214, -6.704920000257655, 0.0 ], [ 106.733370000125618, -6.706150000322033, 0.0 ], [ 106.733470000240573, -6.707960000153648, 0.0 ], [ 106.733470000240573, -6.709790000008322, 0.0 ], [ 106.733539999871283, -6.710890000372984, 0.0 ], [ 106.733540572739429, -6.710958764335331, 0.0 ], [ 106.733550000332457, -6.71208999995331, 0.0 ], [ 106.733610000401455, -6.713039999696004, 0.0 ], [ 106.73370999961702, -6.714109999576614, 0.0 ], [ 106.733650213586685, -6.715544868800496, 0.0 ], [ 106.733650000447398, -6.715550000332051, 0.0 ], [ 106.73365245289861, -6.715553948355915, 0.0 ], [ 106.733411720574679, -6.715584717760272, 0.0 ], [ 106.732634751292863, -6.715714540293618, 0.0 ], [ 106.731506532001021, -6.716170287028902, 0.0 ], [ 106.731430245209822, -6.716209385054963, 0.0 ], [ 106.73083173739505, -6.716537368704358, 0.0 ], [ 106.730828519620729, -6.716539132274981, 0.0 ], [ 106.730827622996628, -6.716538606171554, 0.0 ], [ 106.729789999608968, -6.715929999869488, 0.0 ], [ 106.728349999752893, -6.714980000126705, 0.0 ], [ 106.727370000425424, -6.714160000083815, 0.0 ], [ 106.725895960330561, -6.713186405727836, 0.0 ], [ 106.725750000362439, -6.713090000203206, 0.0 ], [ 106.724500000275015, -6.711960000253594, 0.0 ], [ 106.723700000255093, -6.710930000418927, 0.0 ], [ 106.722499999775394, -6.70974999996238, 0.0 ], [ 106.721870000400415, -6.709039999596147, 0.0 ], [ 106.722017473927579, -6.708373420296923, 0.0 ], [ 106.72212000023805, -6.707909999646535, 0.0 ], [ 106.722260000398933, -6.70675999967413, 0.0 ], [ 106.722300000444875, -6.705090000003313, 0.0 ], [ 106.722140000261021, -6.703699999754988, 0.0 ], [ 106.722095186144159, -6.703304817862801, 0.0 ], [ 106.721920000008154, -6.701760000223569, 0.0 ], [ 106.721796086020817, -6.701042603832921, 0.0 ], [ 106.721730000239532, -6.700659999858907, 0.0 ], [ 106.721500000424868, -6.699679999632071, 0.0 ], [ 106.721240000126073, -6.698689999843435, 0.0 ], [ 106.720952350171018, -6.697731167858958, 0.0 ], [ 106.720700000404946, -6.69688999957371, 0.0 ], [ 106.720480000152094, -6.696109999576585, 0.0 ], [ 106.719940000430796, -6.69451999999783, 0.0 ], [ 106.719620000063088, -6.693710000416022, 0.0 ], [ 106.719310000156625, -6.692930000419075, 0.0 ], [ 106.719080000341961, -6.691850000077206, 0.0 ], [ 106.71906000031899, -6.691649999847495, 0.0 ], [ 106.718980000227106, -6.691609999801376, 0.0 ], [ 106.718909999696933, -6.691529999709491, 0.0 ], [ 106.71884999962802, -6.691440000055806, 0.0 ], [ 106.718789999559107, -6.691330000379061, 0.0 ], [ 106.718739999951282, -6.691259999848889, 0.0 ], [ 106.718690000343443, -6.691150000172144, 0.0 ], [ 106.71863000027453, -6.691039999596207, 0.0 ], [ 106.718610000251559, -6.690920000357483, 0.0 ], [ 106.718579999767428, -6.690840000265599, 0.0 ], [ 106.718570000205617, -6.690749999712544, 0.0 ], [ 106.718559999744357, -6.6906499995976, 0.0 ], [ 106.718550000182645, -6.690559999943826, 0.0 ], [ 106.718550000182645, -6.690419999783028, 0.0 ], [ 106.718559999744357, -6.690299999645024, 0.0 ], [ 106.718570000205617, -6.69020999999125, 0.0 ], [ 106.718599999790399, -6.690049999807481, 0.0 ], [ 106.718610000251559, -6.689889999623535, 0.0 ], [ 106.718479999652473, -6.68961000020122, 0.0 ], [ 106.718399999560589, -6.689450000017274, 0.0 ], [ 106.718300000344925, -6.689289999833505, 0.0 ], [ 106.71826999986088, -6.689240000225585, 0.0 ], [ 106.718249999837909, -6.68914999967253, 0.0 ], [ 106.718200000229984, -6.689049999557586, 0.0 ], [ 106.71816999974584, -6.6889500003421, 0.0 ], [ 106.718149999722868, -6.688850000227067, 0.0 ], [ 106.7181200001381, -6.68873999965113, 0.0 ], [ 106.718089999653955, -6.688679999582217, 0.0 ], [ 106.718080000092158, -6.688580000366553, 0.0 ], [ 106.718049999607928, -6.688429999744496, 0.0 ], [ 106.717990000438391, -6.688329999629641, 0.0 ], [ 106.717910000346507, -6.688219999952807, 0.0 ], [ 106.717859999839305, -6.688119999837951, 0.0 ], [ 106.717799999770392, -6.688030000184177, 0.0 ], [ 106.717739999701479, -6.68789000002338, 0.0 ], [ 106.717679999632381, -6.687769999885376, 0.0 ], [ 106.717619999563468, -6.687629999724578, 0.0 ], [ 106.717596968825262, -6.687572423328483, 0.0 ], [ 106.717580000416987, -6.687529999609545, 0.0 ], [ 106.717529999909786, -6.687370000325057, 0.0 ], [ 106.717469999840873, -6.687219999703, 0.0 ], [ 106.717440000256005, -6.687090000003284, 0.0 ], [ 106.717389999748988, -6.686980000326539, 0.0 ], [ 106.717329999679976, -6.686889999773395, 0.0 ], [ 106.717240000026209, -6.686769999635569, 0.0 ], [ 106.717059999819384, -6.686579999866851, 0.0 ], [ 106.71689999963553, -6.686359999614169, 0.0 ], [ 106.716769999935721, -6.686229999914453, 0.0 ], [ 106.716600000190056, -6.686009999661593, 0.0 ], [ 106.716480000052144, -6.685850000377016, 0.0 ], [ 106.716359999914232, -6.685679999731988, 0.0 ], [ 106.716230000214608, -6.685599999640015, 0.0 ], [ 106.716110000076597, -6.6855200004475, 0.0 ], [ 106.715980000376973, -6.685420000332645, 0.0 ], [ 106.71588999982383, -6.685329999779501, 0.0 ], [ 106.715849999777888, -6.685269999710588, 0.0 ], [ 106.715749999663032, -6.685050000357009, 0.0 ], [ 106.715669999571048, -6.684830000104327, 0.0 ], [ 106.715579999917281, -6.684689999943352, 0.0 ], [ 106.715499999825312, -6.684549999782554, 0.0 ], [ 106.715490000263515, -6.684440000105809, 0.0 ], [ 106.715530000309542, -6.684250000337002, 0.0 ], [ 106.715499999825312, -6.684179999806918, 0.0 ], [ 106.715339999641543, -6.684059999669003, 0.0 ], [ 106.715290000033704, -6.683959999554148, 0.0 ], [ 106.715290000033704, -6.683849999877491, 0.0 ], [ 106.715410000171531, -6.683660000108684, 0.0 ], [ 106.715410000171531, -6.683569999555719, 0.0 ], [ 106.715200000379937, -6.68335000020214, 0.0 ], [ 106.715029999734909, -6.683190000018371, 0.0 ], [ 106.714980000127071, -6.683140000410539, 0.0 ], [ 106.714779999897274, -6.682929999719569, 0.0 ], [ 106.714739999851332, -6.682849999627507, 0.0 ], [ 106.714770000335392, -6.682690000343019, 0.0 ], [ 106.714779999897274, -6.682599999789964, 0.0 ], [ 106.71473000028945, -6.682490000113219, 0.0 ], [ 106.714539999621451, -6.682369999975304, 0.0 ], [ 106.714479999552537, -6.682329999929362, 0.0 ], [ 106.714461927675998, -6.682320964440738, 0.0 ], [ 106.714320000268046, -6.682249999837477, 0.0 ], [ 106.71420000013012, -6.682149999722444, 0.0 ], [ 106.714158152232528, -6.682066304464698, 0.0 ], [ 106.716662056553488, -6.682780979130101, 0.0 ], [ 106.715444171092741, -6.680000973735414, 0.0 ], [ 106.714759338559219, -6.678014294249603, 0.0 ], [ 106.715468053152804, -6.678424335553625, 0.0 ], [ 106.715846132075995, -6.676979238632477, 0.0 ], [ 106.715748999658246, -6.674475060005438, 0.0 ], [ 106.717283065464272, -6.674941155707739, 0.0 ], [ 106.717557093055206, -6.673922592566974, 0.0 ], [ 106.718699665483513, -6.675525514995897, 0.0 ], [ 106.719114503290726, -6.67617229485419, 0.0 ], [ 106.720381485287731, -6.677484081601772, 0.0 ], [ 106.720830129317577, -6.677993125844708, 0.0 ], [ 106.722135869555103, -6.680581465808846, 0.0 ], [ 106.722307947647863, -6.679225483173337, 0.0 ], [ 106.721714017392927, -6.677931107930348, 0.0 ], [ 106.721710515281259, -6.676929316543792, 0.0 ], [ 106.722061679780523, -6.676220933939394, 0.0 ], [ 106.721526283172935, -6.674808493452336, 0.0 ], [ 106.721403669786383, -6.673453539954757, 0.0 ], [ 106.722813449877179, -6.675456948434757, 0.0 ], [ 106.72377360168511, -6.676981032687515, 0.0 ], [ 106.7247801116944, -6.678273960034211, 0.0 ], [ 106.726592622253634, -6.674450483581609, 0.0 ] ] ] ] } }
]
}
